test_index,row_id,original_id,y_true,y_pred,probability_class_1,selected_k,metric,weights
0,1,2,1,0,0.28208672355804459,25,euclidean,distance
1,11,12,0,0,0.20038848020703456,25,euclidean,distance
2,14,15,0,0,0,25,euclidean,distance
3,17,18,0,0,0.12300625343386604,25,euclidean,distance
4,20,21,0,0,0.20100761075492643,25,euclidean,distance
5,21,22,1,0,0.29858680284781219,25,euclidean,distance
6,26,27,1,0,0.25829360000710017,25,euclidean,distance
7,33,34,0,0,0.12063738132314393,25,euclidean,distance
8,34,35,0,0,0.24078730261154743,25,euclidean,distance
9,45,46,1,0,0.26479980465714026,25,euclidean,distance
10,54,55,0,1,0.86325780585631307,25,euclidean,distance
11,63,64,1,0,0.25704909587794356,25,euclidean,distance
12,65,66,1,0,0.12266708990928513,25,euclidean,distance
13,66,67,1,0,0.4393999626618913,25,euclidean,distance
14,73,74,0,0,0.1448983972674158,25,euclidean,distance
15,75,76,0,0,0.20233552141564154,25,euclidean,distance
16,82,83,1,0,0.11434491578860113,25,euclidean,distance
17,83,84,0,0,0.079053313078136719,25,euclidean,distance
18,90,91,1,1,0.6168141079534879,25,euclidean,distance
19,92,93,0,0,0.1761041669447336,25,euclidean,distance
20,104,105,0,1,0.71766500703275227,25,euclidean,distance
21,109,110,0,0,0.38071582966323159,25,euclidean,distance
22,113,114,0,0,0.11991966928928575,25,euclidean,distance
23,118,119,0,0,0.033078691189382642,25,euclidean,distance
24,131,132,0,0,0.2374104940369573,25,euclidean,distance
25,141,142,0,0,0.12820948373995003,25,euclidean,distance
26,149,150,0,0,0.31142994190659662,25,euclidean,distance
27,154,155,0,0,0.13147565691035512,25,euclidean,distance
28,158,159,1,1,0.57931550639891205,25,euclidean,distance
29,163,164,0,0,0.11590921777143021,25,euclidean,distance
30,164,165,0,0,0.11783740883652444,25,euclidean,distance
31,176,177,0,0,0.036916093775582255,25,euclidean,distance
32,178,179,0,0,0.13560815639178855,25,euclidean,distance
33,181,182,0,0,0.076263017453800375,25,euclidean,distance
34,188,189,0,0,0.11709195508091477,25,euclidean,distance
35,192,193,0,0,0.12110759182633093,25,euclidean,distance
36,197,198,0,0,0.082749151414280506,25,euclidean,distance
37,198,199,0,0,0.075082445249454621,25,euclidean,distance
38,201,202,0,0,0.20126083718198157,25,euclidean,distance
39,205,206,0,0,0.10957106641776281,25,euclidean,distance
40,209,210,0,0,0.16057715271979336,25,euclidean,distance
41,210,211,0,0,0.11451384173228026,25,euclidean,distance
42,212,213,0,0,0.19924391174576539,25,euclidean,distance
43,214,215,0,0,0.41181519468474515,25,euclidean,distance
44,215,216,0,0,0.27289847548885943,25,euclidean,distance
45,220,221,1,1,0.56808537783072743,25,euclidean,distance
46,226,227,0,0,0.14319245771809735,25,euclidean,distance
47,238,239,1,0,0.15647803080325104,25,euclidean,distance
48,239,240,1,0,0.084089102642237387,25,euclidean,distance
49,243,244,0,0,0.36733494166328245,25,euclidean,distance
50,244,245,0,0,0.48526038452923465,25,euclidean,distance
51,246,247,0,0,0.22589686399120465,25,euclidean,distance
52,247,248,0,0,0.11734465791990978,25,euclidean,distance
53,248,249,0,0,0.042261699251093236,25,euclidean,distance
54,249,250,0,0,0.21702213519797478,25,euclidean,distance
55,250,251,0,1,0.58161959623873227,25,euclidean,distance
56,253,254,0,0,0.12147654559511745,25,euclidean,distance
57,255,256,0,0,0.1092555933443897,25,euclidean,distance
58,260,261,0,0,0.036810340901216695,25,euclidean,distance
59,261,262,0,0,0.16965562966813452,25,euclidean,distance
60,262,263,0,0,0.080235048722781852,25,euclidean,distance
61,263,264,0,0,0.0768574829161041,25,euclidean,distance
62,265,266,0,0,0.24837955521593727,25,euclidean,distance
63,266,267,0,0,0.35311565995746563,25,euclidean,distance
64,277,278,0,0,0.19547964549479346,25,euclidean,distance
65,279,280,0,0,0.1343306763091778,25,euclidean,distance
66,294,295,0,0,0.41321854748838738,25,euclidean,distance
67,304,305,0,0,0.11516301631093787,25,euclidean,distance
68,305,306,0,0,0.071532464776531648,25,euclidean,distance
69,306,307,0,0,0.062252278154374494,25,euclidean,distance
70,309,310,0,0,0.075552220685870808,25,euclidean,distance
71,313,314,1,0,0.26770927639210657,25,euclidean,distance
72,315,316,1,0,0.094959504343321413,25,euclidean,distance
73,326,327,1,0,0.36332280833378899,25,euclidean,distance
74,337,338,0,0,0.12024522000856563,25,euclidean,distance
75,338,339,1,0,0.17314503428946235,25,euclidean,distance
76,351,352,0,0,0.1941516637492241,25,euclidean,distance
77,354,355,0,1,0.50134108739105843,25,euclidean,distance
78,361,362,0,0,0,25,euclidean,distance
79,367,368,0,1,0.51346938478849768,25,euclidean,distance
80,368,369,0,0,0.39626917210502716,25,euclidean,distance
81,379,380,1,0,0.32126386050973965,25,euclidean,distance
82,385,386,0,0,0.11488777519366669,25,euclidean,distance
83,387,388,1,0,0.33288383094531721,25,euclidean,distance
84,391,392,1,0,0.076602010336146997,25,euclidean,distance
85,395,396,0,0,0.13221501846573663,25,euclidean,distance
86,396,397,0,0,0.17876748995394348,25,euclidean,distance
87,411,412,0,0,0.1542598037339257,25,euclidean,distance
88,431,432,1,0,0.1614312703519499,25,euclidean,distance
89,435,436,1,1,0.613785184696927,25,euclidean,distance
90,441,442,0,0,0.25705949016107754,25,euclidean,distance
91,443,444,0,0,0.032368729312408216,25,euclidean,distance
92,446,447,0,0,0.03968576824392641,25,euclidean,distance
93,448,449,0,0,0.038502223690499243,25,euclidean,distance
94,461,462,0,0,0.2291515380725041,25,euclidean,distance
95,469,470,0,0,0.17135515663574899,25,euclidean,distance
96,474,475,0,0,0.30777363769229815,25,euclidean,distance
97,476,477,0,0,0.11966679147943933,25,euclidean,distance
98,477,478,0,0,0.19693696250377254,25,euclidean,distance
99,487,488,0,0,0.063456321821607375,25,euclidean,distance
100,499,500,0,0,0.3903157295080501,25,euclidean,distance
101,501,502,0,1,0.65826890590675002,25,euclidean,distance
102,505,506,0,0,0.31912558760309845,25,euclidean,distance
103,507,508,0,0,0.22785171794944326,25,euclidean,distance
104,508,509,0,0,0.2877072995168532,25,euclidean,distance
105,523,524,1,0,0.10434514682642407,25,euclidean,distance
106,524,525,0,0,0.034019196190883089,25,euclidean,distance
107,526,527,0,1,0.509300559730685,25,euclidean,distance
108,533,534,1,1,0.91367164577666993,25,euclidean,distance
109,535,536,0,0,0.22916333890188162,25,euclidean,distance
110,540,541,0,0,0.22148543667027623,25,euclidean,distance
111,543,544,0,0,0.037670294153990695,25,euclidean,distance
112,564,565,0,1,0.71727770892791787,25,euclidean,distance
113,570,571,0,0,0.11667806882954332,25,euclidean,distance
114,571,572,0,0,0.21272886105887939,25,euclidean,distance
115,577,578,0,0,0.27594590470343394,25,euclidean,distance
116,580,581,1,0,0.35349898923150447,25,euclidean,distance
117,587,588,1,0,0.26688754734699782,25,euclidean,distance
118,592,593,0,0,0.1138470693639335,25,euclidean,distance
119,599,600,1,0,0.12543291535888734,25,euclidean,distance
120,612,613,0,0,0.2344533747441499,25,euclidean,distance
121,618,619,0,0,0.077847704532506501,25,euclidean,distance
122,625,626,0,0,0.10138367858155511,25,euclidean,distance
123,626,627,0,0,0,25,euclidean,distance
124,629,630,0,0,0.042951908893423492,25,euclidean,distance
125,639,640,0,0,0.25670970917794594,25,euclidean,distance
126,641,642,0,0,0.12363743380958717,25,euclidean,distance
127,645,646,0,0,0.23925080133618268,25,euclidean,distance
128,653,654,1,0,0.23737496989242843,25,euclidean,distance
129,654,655,0,0,0.16939974788433546,25,euclidean,distance
130,655,656,1,0,0.17792051217601307,25,euclidean,distance
131,665,666,0,0,0.067068570793913665,25,euclidean,distance
132,668,669,0,1,0.63954194327112279,25,euclidean,distance
133,669,670,1,1,0.75330929658010704,25,euclidean,distance
134,670,671,0,0,0.40110658120477094,25,euclidean,distance
135,673,674,1,1,0.88500190888039909,25,euclidean,distance
136,678,679,0,0,0.22147863301012963,25,euclidean,distance
137,689,690,0,0,0.044960304616529251,25,euclidean,distance
138,691,692,0,0,0.42744039303259301,25,euclidean,distance
139,696,697,0,0,0.078580178659327329,25,euclidean,distance
140,702,703,1,0,0.30938381928417941,25,euclidean,distance
141,705,706,1,0,0,25,euclidean,distance
142,706,707,0,0,0.48981141806189837,25,euclidean,distance
143,711,712,0,0,0.16311147075063842,25,euclidean,distance
144,714,715,0,0,0.19660665764167842,25,euclidean,distance
145,726,727,0,0,0.12243593839568734,25,euclidean,distance
146,727,728,0,0,0.072945714122966326,25,euclidean,distance
147,728,729,0,0,0.085230193260911177,25,euclidean,distance
148,730,731,0,0,0.1499818789794759,25,euclidean,distance
149,746,747,0,0,0.1399366125842193,25,euclidean,distance
150,749,750,1,0,0.42596778451380529,25,euclidean,distance
151,756,757,0,0,0.047588209540198302,25,euclidean,distance
152,760,761,1,0,0.36264377733507991,25,euclidean,distance
153,762,763,0,0,0.079758750859863989,25,euclidean,distance
154,777,778,0,0,0.13086665582655702,25,euclidean,distance
155,780,781,0,0,0.47585792302188401,25,euclidean,distance
156,784,785,1,0,0.11193777792694981,25,euclidean,distance
157,788,789,0,0,0.34713702657421647,25,euclidean,distance
158,797,798,0,0,0.28441597993120821,25,euclidean,distance
159,798,799,0,1,0.74857998695974293,25,euclidean,distance
160,799,800,0,0,0,25,euclidean,distance
161,802,803,0,0,0.20840566013586478,25,euclidean,distance
162,804,805,0,0,0.10084393365810433,25,euclidean,distance
163,818,819,0,0,0.17532433937618491,25,euclidean,distance
164,824,825,1,0,0.077245087995554698,25,euclidean,distance
165,825,826,0,0,0.14509139255547709,25,euclidean,distance
166,838,839,0,0,0.038814133266835603,25,euclidean,distance
167,841,842,0,0,0.03508110537428076,25,euclidean,distance
168,845,846,0,0,0.079848980513055792,25,euclidean,distance
169,846,847,0,0,0.077745400809671253,25,euclidean,distance
170,851,852,0,1,0.55810355144996127,25,euclidean,distance
171,852,853,0,0,0.036355397070064487,25,euclidean,distance
172,856,857,1,0,0.45898680316770135,25,euclidean,distance
173,864,865,0,0,0.028941950019662894,25,euclidean,distance
174,869,870,0,0,0.14020488961913755,25,euclidean,distance
175,871,872,0,0,0.10011253706825399,25,euclidean,distance
176,873,874,0,0,0.14351911777360721,25,euclidean,distance
177,874,875,0,0,0.14770737670145903,25,euclidean,distance
178,883,884,0,0,0.20064110441642696,25,euclidean,distance
179,885,886,0,0,0.24402051106842207,25,euclidean,distance
180,897,898,1,1,0.61630633045699468,25,euclidean,distance
181,908,909,0,0,0.090813162767642036,25,euclidean,distance
182,910,911,0,1,0.68114345573817636,25,euclidean,distance
183,912,913,0,0,0.045615120775324008,25,euclidean,distance
184,918,919,0,0,0.19864955119390815,25,euclidean,distance
185,920,921,0,0,0.31575090723155658,25,euclidean,distance
186,931,932,1,0,0.17209622969837071,25,euclidean,distance
187,932,933,1,1,0.50469121226227565,25,euclidean,distance
188,943,944,1,1,0.58010993951671252,25,euclidean,distance
189,960,961,1,0,0.27928768917460761,25,euclidean,distance
190,969,970,0,0,0.036070365110828374,25,euclidean,distance
191,970,971,1,0,0.037602996001855002,25,euclidean,distance
192,971,972,0,0,0.035672273670176585,25,euclidean,distance
193,973,974,0,0,0.079370351226704661,25,euclidean,distance
194,977,978,0,0,0.073525413980511004,25,euclidean,distance
195,982,983,1,0,0.040184733255214926,25,euclidean,distance
196,985,986,1,0,0.20159638294233753,25,euclidean,distance
197,987,988,0,0,0.13251129273919138,25,euclidean,distance
198,989,990,0,0,0.40394601807305514,25,euclidean,distance
199,990,991,0,0,0.15543417297300788,25,euclidean,distance
200,996,997,0,0,0.37454992152759903,25,euclidean,distance
201,999,1000,0,0,0.48460181491686066,25,euclidean,distance
202,1004,1005,1,0,0.14482698572205771,25,euclidean,distance
203,1009,1010,0,0,0.06946122377991519,25,euclidean,distance
204,1022,1023,0,0,0.13263143072022762,25,euclidean,distance
205,1024,1025,0,0,0.082097872665594526,25,euclidean,distance
206,1034,1035,0,0,0.32209277609392917,25,euclidean,distance
207,1035,1036,1,1,0.57523077630198871,25,euclidean,distance
208,1037,1038,1,0,0.15894528318315812,25,euclidean,distance
209,1038,1039,0,0,0.16369122847046219,25,euclidean,distance
210,1046,1047,1,0,0.16977597486896817,25,euclidean,distance
211,1048,1049,0,0,0.11506154676555146,25,euclidean,distance
212,1049,1050,0,0,0.20262555572181523,25,euclidean,distance
213,1053,1054,0,0,0.070123423305561997,25,euclidean,distance
214,1056,1057,0,0,0.34443745364789496,25,euclidean,distance
215,1060,1061,1,0,0.30645346329916767,25,euclidean,distance
216,1071,1072,1,0,0.11467025511234739,25,euclidean,distance
217,1077,1078,0,0,0,25,euclidean,distance
218,1078,1079,0,0,0.082604421036722012,25,euclidean,distance
219,1084,1085,0,0,0.22949439577663536,25,euclidean,distance
220,1087,1088,0,0,0.20765240210189509,25,euclidean,distance
221,1088,1089,0,0,0.37011839640833777,25,euclidean,distance
222,1089,1090,0,0,0,25,euclidean,distance
223,1091,1092,0,0,0.069947075329865327,25,euclidean,distance
224,1093,1094,1,1,0.52946809059889366,25,euclidean,distance
225,1094,1095,0,0,0.46996646988865776,25,euclidean,distance
226,1095,1096,0,0,0.11167880551077856,25,euclidean,distance
227,1096,1097,0,0,0.033606412157754742,25,euclidean,distance
228,1101,1102,1,0,0.41625680169434287,25,euclidean,distance
229,1107,1108,0,0,0.30276543370769426,25,euclidean,distance
230,1109,1110,0,0,0.34481395216404365,25,euclidean,distance
231,1115,1116,0,0,0.19655422407218692,25,euclidean,distance
232,1125,1126,0,0,0.13654143923187662,25,euclidean,distance
233,1132,1133,0,1,0.60641245690425205,25,euclidean,distance
234,1137,1138,0,0,0.21589851210885178,25,euclidean,distance
235,1139,1140,0,0,0,25,euclidean,distance
236,1142,1143,0,0,0.081353216311494336,25,euclidean,distance
237,1147,1148,0,0,0.1609414751344391,25,euclidean,distance
238,1159,1160,0,0,0.44665207352316616,25,euclidean,distance
239,1166,1167,0,0,0.10739527416090006,25,euclidean,distance
240,1168,1169,0,0,0.15435776145015481,25,euclidean,distance
241,1172,1173,0,0,0.0761843979082409,25,euclidean,distance
242,1173,1174,0,0,0.37243124261189103,25,euclidean,distance
243,1181,1182,0,0,0.27087849840558037,25,euclidean,distance
244,1189,1190,0,0,0.033312116436342333,25,euclidean,distance
245,1192,1193,1,0,0.23212380953692793,25,euclidean,distance
246,1205,1206,1,0,0.038147499893383507,25,euclidean,distance
247,1209,1210,1,0,0.31821960295109986,25,euclidean,distance
248,1211,1212,0,0,0.026042296044445988,25,euclidean,distance
249,1215,1216,0,0,0.084900874855331127,25,euclidean,distance
250,1216,1217,0,0,0.11592498023449678,25,euclidean,distance
251,1217,1218,0,0,0,25,euclidean,distance
252,1225,1226,1,0,0.27398018670240082,25,euclidean,distance
253,1233,1234,0,0,0.23773040366854414,25,euclidean,distance
254,1235,1236,1,0,0.20435393505474153,25,euclidean,distance
255,1242,1243,0,0,0.17262380699214575,25,euclidean,distance
256,1246,1247,1,1,0.71584785981090127,25,euclidean,distance
257,1259,1260,0,1,0.62866814335286592,25,euclidean,distance
258,1260,1261,0,0,0.12877705459973424,25,euclidean,distance
259,1270,1271,0,0,0.12885426982242959,25,euclidean,distance
260,1274,1275,0,0,0.10737504071888114,25,euclidean,distance
261,1275,1276,1,0,0.092476174427478686,25,euclidean,distance
262,1276,1277,0,0,0.12970272777421832,25,euclidean,distance
263,1283,1284,0,0,0.18081008607760712,25,euclidean,distance
264,1290,1291,0,0,0.16148572765770378,25,euclidean,distance
265,1291,1292,0,0,0.096490294825998343,25,euclidean,distance
266,1292,1293,0,0,0.095365943211677628,25,euclidean,distance
267,1294,1295,0,0,0.080615082001404131,25,euclidean,distance
268,1297,1298,0,0,0.11216758881812597,25,euclidean,distance
269,1302,1303,0,0,0.17789447178539783,25,euclidean,distance
270,1348,1349,0,0,0.12787653411909974,25,euclidean,distance
271,1350,1351,0,0,0.40296236338279318,25,euclidean,distance
272,1352,1353,0,0,0.044277725672020457,25,euclidean,distance
273,1354,1355,0,0,0.081753026659401859,25,euclidean,distance
274,1357,1358,1,1,0.62578778820570014,25,euclidean,distance
275,1366,1367,0,0,0.15691705777631018,25,euclidean,distance
276,1375,1376,0,0,0.15346295312034766,25,euclidean,distance
277,1376,1377,0,0,0.15383944237448102,25,euclidean,distance
278,1383,1384,0,0,0.036233931972459638,25,euclidean,distance
279,1384,1385,0,0,0.1583116513890393,25,euclidean,distance
280,1388,1389,0,0,0.050784933499340712,25,euclidean,distance
281,1394,1395,0,0,0.11656207992659459,25,euclidean,distance
282,1396,1397,1,0,0.4740619770046538,25,euclidean,distance
283,1399,1400,0,0,0.075731511373576893,25,euclidean,distance
284,1401,1402,0,1,0.6212492044898289,25,euclidean,distance
285,1402,1403,1,0,0.17414901345895056,25,euclidean,distance
286,1403,1404,0,0,0.10376833335990242,25,euclidean,distance
287,1416,1417,0,0,0.034446910636649911,25,euclidean,distance
288,1417,1418,0,0,0.38821891970996447,25,euclidean,distance
289,1420,1421,0,0,0.11362565766261852,25,euclidean,distance
290,1425,1426,0,0,0.1470499000638463,25,euclidean,distance
291,1437,1438,0,0,0.19063002043319047,25,euclidean,distance
292,1439,1440,0,0,0.035854398777458024,25,euclidean,distance
293,1441,1442,0,0,0.097547059874445868,25,euclidean,distance
294,1442,1443,1,0,0.21103820318411667,25,euclidean,distance
295,1443,1444,0,0,0.11942730864274932,25,euclidean,distance
296,1446,1447,1,0,0.31682785800190111,25,euclidean,distance
297,1448,1449,0,0,0.090044839862182938,25,euclidean,distance
298,1450,1451,0,0,0.18754560276620685,25,euclidean,distance
299,1458,1459,1,0,0.032507567621436632,25,euclidean,distance
300,1463,1464,0,0,0.036055925101330939,25,euclidean,distance
301,1464,1465,0,0,0.14261631607239816,25,euclidean,distance
302,1468,1469,0,0,0.088350142339207141,25,euclidean,distance
303,1474,1475,1,0,0.15509859826269429,25,euclidean,distance
304,1483,1484,0,0,0.18028259656116222,25,euclidean,distance
305,1486,1487,0,0,0,25,euclidean,distance
306,1490,1491,0,0,0.077392356293344219,25,euclidean,distance
307,1492,1493,0,1,0.58183894884414999,25,euclidean,distance
308,1496,1497,1,0,0.37882976161501997,25,euclidean,distance
309,1499,1500,0,0,0.31864033620653592,25,euclidean,distance
310,1521,1522,0,1,0.68239293883901808,25,euclidean,distance
311,1526,1527,1,0,0.075780391410772058,25,euclidean,distance
312,1527,1528,0,0,0.029480666955685859,25,euclidean,distance
313,1534,1535,0,0,0.10257652155398539,25,euclidean,distance
314,1538,1539,1,0,0.16055290406526235,25,euclidean,distance
315,1543,1544,0,0,0.25813003238866539,25,euclidean,distance
316,1551,1552,0,0,0,25,euclidean,distance
317,1559,1560,1,0,0.18518936687025389,25,euclidean,distance
318,1565,1566,0,0,0.087195106807671161,25,euclidean,distance
319,1566,1567,0,0,0,25,euclidean,distance
320,1567,1568,0,0,0.031460677036392715,25,euclidean,distance
321,1578,1579,0,0,0.28621211448884848,25,euclidean,distance
322,1579,1580,0,0,0.27734417506302983,25,euclidean,distance
323,1587,1588,0,0,0.033621586082484022,25,euclidean,distance
324,1591,1592,0,1,0.53877811110555807,25,euclidean,distance
325,1602,1603,0,0,0.078977450062133941,25,euclidean,distance
326,1609,1610,0,0,0.12566950453687725,25,euclidean,distance
327,1614,1615,0,0,0.042752990874204873,25,euclidean,distance
328,1626,1627,0,0,0.034723706943826663,25,euclidean,distance
329,1631,1632,0,0,0.043239290397072208,25,euclidean,distance
330,1634,1635,0,0,0.20301338209408282,25,euclidean,distance
331,1637,1638,0,0,0.49160660793412242,25,euclidean,distance
332,1649,1650,0,0,0.09445628950294635,25,euclidean,distance
333,1654,1655,0,0,0.30308760317103112,25,euclidean,distance
334,1659,1660,0,0,0.19588980182417415,25,euclidean,distance
335,1662,1663,0,0,0.33672638047270498,25,euclidean,distance
336,1664,1665,0,0,0.18875656210438646,25,euclidean,distance
337,1670,1671,0,0,0.23646024586649381,25,euclidean,distance
338,1674,1675,0,0,0.07119782773737536,25,euclidean,distance
339,1675,1676,1,0,0.11639418883609354,25,euclidean,distance
340,1678,1679,0,0,0.29039414210767667,25,euclidean,distance
341,1684,1685,0,0,0.083636879891535065,25,euclidean,distance
342,1689,1690,1,0,0.4373275290767073,25,euclidean,distance
343,1702,1703,1,0,0.23354492883664352,25,euclidean,distance
344,1705,1706,1,0,0.33758631086966684,25,euclidean,distance
345,1706,1707,0,1,0.5718356649437023,25,euclidean,distance
346,1707,1708,0,0,0.035332318866165953,25,euclidean,distance
347,1723,1724,0,0,0,25,euclidean,distance
348,1734,1735,0,0,0.064037037123068755,25,euclidean,distance
349,1737,1738,0,0,0.11951758567460115,25,euclidean,distance
350,1743,1744,0,0,0.19889722341077426,25,euclidean,distance
351,1753,1754,0,0,0.13955499692322615,25,euclidean,distance
352,1755,1756,0,0,0.10917450602381509,25,euclidean,distance
353,1757,1758,0,0,0.38394605121221131,25,euclidean,distance
354,1758,1759,0,0,0,25,euclidean,distance
355,1759,1760,0,0,9.9902078523606279e-07,25,euclidean,distance
356,1768,1769,0,0,0.1152475599804326,25,euclidean,distance
357,1773,1774,1,1,0.72222402847073852,25,euclidean,distance
358,1784,1785,0,0,0.11762512878379985,25,euclidean,distance
359,1788,1789,0,0,0.14114279118920606,25,euclidean,distance
360,1794,1795,1,0,0.089104213434656715,25,euclidean,distance
361,1795,1796,0,0,0.41384186538756002,25,euclidean,distance
362,1813,1814,0,0,0.49907345636767786,25,euclidean,distance
363,1817,1818,0,0,0.232638064228853,25,euclidean,distance
364,1821,1822,0,0,0.083316630066054984,25,euclidean,distance
365,1825,1826,0,0,0,25,euclidean,distance
366,1830,1831,1,0,0.23275483859172144,25,euclidean,distance
367,1835,1836,1,0,0.42716707137037463,25,euclidean,distance
368,1837,1838,1,0,0.1259061513616305,25,euclidean,distance
369,1840,1841,0,0,0.17681920299779463,25,euclidean,distance
370,1843,1844,1,0,0.035839784435980161,25,euclidean,distance
371,1844,1845,0,0,0.29976722164685682,25,euclidean,distance
372,1860,1861,0,0,0.42127409327426513,25,euclidean,distance
373,1888,1889,0,1,0.54135802010873679,25,euclidean,distance
374,1894,1895,1,1,0.83835626038770805,25,euclidean,distance
375,1902,1903,0,0,0.10702113377977195,25,euclidean,distance
376,1911,1912,0,0,0.072903473817548484,25,euclidean,distance
377,1932,1933,0,0,0.10426803043733664,25,euclidean,distance
378,1933,1934,0,0,0.39095601097008476,25,euclidean,distance
379,1935,1936,0,0,0.25763695959593819,25,euclidean,distance
380,1942,1943,0,0,0.042807830378766488,25,euclidean,distance
381,1949,1950,0,0,0,25,euclidean,distance
382,1951,1952,0,0,0.044415994076743112,25,euclidean,distance
383,1956,1957,1,1,0.96359967462034657,25,euclidean,distance
384,1960,1961,1,1,0.72045077206970654,25,euclidean,distance
385,1961,1962,0,0,0.041451438812094496,25,euclidean,distance
386,1966,1967,0,0,0.204508442854717,25,euclidean,distance
387,1972,1973,0,0,0.071032755448728946,25,euclidean,distance
388,1976,1977,0,0,0.23409950455380937,25,euclidean,distance
389,1978,1979,0,0,0.22999460439150374,25,euclidean,distance
390,1981,1982,1,1,0.77392688591237502,25,euclidean,distance
391,1988,1989,0,1,0.55421835726591695,25,euclidean,distance
392,1989,1990,1,0,0.14207937160817766,25,euclidean,distance
393,1994,1995,0,0,0.3157830043547048,25,euclidean,distance
394,2003,2004,1,1,0.71593589080431186,25,euclidean,distance
395,2008,2009,1,0,0.16276260242419682,25,euclidean,distance
396,2015,2016,1,0,0.090994277220459899,25,euclidean,distance
397,2023,2024,0,0,0,25,euclidean,distance
398,2030,2031,0,0,0.19621472238841922,25,euclidean,distance
399,2034,2035,0,0,0.19292491245064911,25,euclidean,distance
400,2036,2037,0,0,0.076143365907636998,25,euclidean,distance
401,2045,2046,1,1,0.79057573677181314,25,euclidean,distance
402,2052,2053,0,0,0.16273308551149829,25,euclidean,distance
403,2054,2055,0,0,0.19387412282963548,25,euclidean,distance
404,2070,2071,0,0,0.11600620237196319,25,euclidean,distance
405,2073,2074,0,0,0.1252960101000066,25,euclidean,distance
406,2076,2077,0,0,0.19154068424234091,25,euclidean,distance
407,2079,2080,0,1,0.6310485456504078,25,euclidean,distance
408,2080,2081,0,0,0,25,euclidean,distance
409,2081,2082,0,0,0.18760779974324507,25,euclidean,distance
410,2082,2083,0,0,0.24751582642485745,25,euclidean,distance
411,2085,2086,0,1,0.52460471366134354,25,euclidean,distance
412,2090,2091,0,0,0.29490444498353929,25,euclidean,distance
413,2091,2092,0,0,0.39010488451439918,25,euclidean,distance
414,2092,2093,0,0,0.21127496098334123,25,euclidean,distance
415,2101,2102,0,1,0.71288469634081986,25,euclidean,distance
416,2103,2104,0,0,0.082405156697853532,25,euclidean,distance
417,2109,2110,0,0,0.076512974836285982,25,euclidean,distance
418,2113,2114,1,0,0.12384595465123191,25,euclidean,distance
419,2116,2117,1,0,0.077527155428308694,25,euclidean,distance
420,2133,2134,0,0,0.18521242307755639,25,euclidean,distance
421,2139,2140,1,0,0.23402621305246243,25,euclidean,distance
422,2141,2142,0,0,0.20125422335319784,25,euclidean,distance
423,2150,2151,0,0,0.088148939556885214,25,euclidean,distance
424,2151,2152,0,0,0.090324615375352274,25,euclidean,distance
425,2154,2155,0,0,0.30947634894877635,25,euclidean,distance
426,2155,2156,1,1,0.6532070519967369,25,euclidean,distance
427,2156,2157,1,0,0.103370749985973,25,euclidean,distance
428,2159,2160,0,0,0.24601975088412287,25,euclidean,distance
429,2170,2171,0,0,0.035055219331833851,25,euclidean,distance
430,2171,2172,0,0,0.072065470161524203,25,euclidean,distance
431,2175,2176,0,0,0.11859025876742703,25,euclidean,distance
432,2183,2184,0,0,0.12239574763847386,25,euclidean,distance
433,2187,2188,1,0,0.26137803771502865,25,euclidean,distance
434,2194,2195,0,0,0.16096355820456495,25,euclidean,distance
435,2200,2201,1,0,0.18282864755870473,25,euclidean,distance
436,2203,2204,0,0,0.13607569396654587,25,euclidean,distance
437,2206,2207,0,0,0.074866262842712722,25,euclidean,distance
438,2213,2214,0,0,0.11168761477968778,25,euclidean,distance
439,2214,2215,0,0,0.32100236741300092,25,euclidean,distance
440,2215,2216,0,0,0.37483522267601443,25,euclidean,distance
441,2219,2220,1,0,0.24032404953613354,25,euclidean,distance
442,2225,2226,1,0,0.037147785169113351,25,euclidean,distance
443,2228,2229,0,0,0.16988843122851438,25,euclidean,distance
444,2237,2238,0,0,0,25,euclidean,distance
445,2240,2241,0,0,0.15973465939889669,25,euclidean,distance
446,2243,2244,1,1,0.72792541436560909,25,euclidean,distance
447,2245,2246,0,0,0.11548461506769195,25,euclidean,distance
448,2246,2247,0,0,0.12735665866881865,25,euclidean,distance
449,2247,2248,1,1,0.62967427779649987,25,euclidean,distance
450,2251,2252,0,1,0.6348331822305896,25,euclidean,distance
451,2253,2254,0,0,0.28568492310863447,25,euclidean,distance
452,2254,2255,0,0,0.15721216434610247,25,euclidean,distance
453,2255,2256,0,0,0.37587539788752067,25,euclidean,distance
454,2261,2262,1,0,0.12673245069450376,25,euclidean,distance
455,2267,2268,0,0,0.042434966004774373,25,euclidean,distance
456,2268,2269,1,1,0.57114376705628755,25,euclidean,distance
457,2270,2271,0,0,0.13937316093144836,25,euclidean,distance
458,2274,2275,0,0,0.10932015237524809,25,euclidean,distance
459,2284,2285,1,0,0.31157637682086448,25,euclidean,distance
460,2291,2292,0,0,0.44231427976742166,25,euclidean,distance
461,2300,2301,0,0,0.42498236185402083,25,euclidean,distance
462,2306,2307,0,0,0.17742845706299784,25,euclidean,distance
463,2310,2311,0,0,0.29159614764540248,25,euclidean,distance
464,2314,2315,0,0,0.12118252313733073,25,euclidean,distance
465,2317,2318,0,0,0.084550129282386338,25,euclidean,distance
466,2321,2322,0,1,0.60470751999808803,25,euclidean,distance
467,2325,2326,0,0,0.16156511017071773,25,euclidean,distance
468,2329,2330,0,0,0.14797188070748529,25,euclidean,distance
469,2333,2334,0,0,0.46198291680066644,25,euclidean,distance
470,2335,2336,0,0,0.14979695759258016,25,euclidean,distance
471,2353,2354,0,0,0.045652798702924602,25,euclidean,distance
472,2360,2361,0,0,0.31565681993802347,25,euclidean,distance
473,2366,2367,0,0,0.11888391839736964,25,euclidean,distance
474,2368,2369,0,0,0,25,euclidean,distance
475,2369,2370,0,0,0.28212662246383452,25,euclidean,distance
476,2370,2371,0,0,0.10124727901355592,25,euclidean,distance
477,2374,2375,1,1,0.73416602186795377,25,euclidean,distance
478,2381,2382,0,0,0.035484112453618474,25,euclidean,distance
479,2386,2387,0,0,0.081019717328426916,25,euclidean,distance
480,2390,2391,1,1,0.6292137998900732,25,euclidean,distance
481,2395,2396,0,0,0.15743794170161235,25,euclidean,distance
482,2401,2402,0,0,0.23595915914987495,25,euclidean,distance
483,2403,2404,1,0,0.29744241531758392,25,euclidean,distance
484,2417,2418,1,1,0.70548001974577512,25,euclidean,distance
485,2418,2419,0,0,0.41204187255337132,25,euclidean,distance
486,2421,2422,1,1,0.74536795308101556,25,euclidean,distance
487,2422,2423,0,0,0.081933624922913686,25,euclidean,distance
488,2425,2426,0,0,0.49746040905169348,25,euclidean,distance
489,2426,2427,0,0,0.29491049853103479,25,euclidean,distance
490,2430,2431,1,0,0.25996255276897001,25,euclidean,distance
491,2432,2433,1,1,0.51766258009822697,25,euclidean,distance
492,2442,2443,0,0,0.03135985806691164,25,euclidean,distance
493,2443,2444,0,0,0.30326625412429614,25,euclidean,distance
494,2444,2445,0,0,0.2349269098296547,25,euclidean,distance
495,2453,2454,0,0,0.31906110720658293,25,euclidean,distance
496,2454,2455,0,0,0,25,euclidean,distance
497,2457,2458,0,1,0.54696227056332258,25,euclidean,distance
498,2460,2461,0,0,0,25,euclidean,distance
499,2465,2466,1,0,0.24420568983524166,25,euclidean,distance
500,2470,2471,1,1,0.61044962898018906,25,euclidean,distance
501,2471,2472,1,1,0.73827585867240464,25,euclidean,distance
502,2473,2474,0,0,0.1372178974791228,25,euclidean,distance
503,2478,2479,0,0,0.23165278676241563,25,euclidean,distance
504,2479,2480,0,0,0.1752739416949958,25,euclidean,distance
505,2481,2482,0,0,0.16009658884480304,25,euclidean,distance
506,2484,2485,0,0,0.44850347060866019,25,euclidean,distance
507,2489,2490,0,0,0.23662615193382766,25,euclidean,distance
508,2493,2494,0,0,0.10427598001589516,25,euclidean,distance
509,2494,2495,1,0,0.42246169362840674,25,euclidean,distance
510,2497,2498,0,0,0.12252364832504602,25,euclidean,distance
511,2503,2504,1,0,0.32961842274212794,25,euclidean,distance
512,2508,2509,0,0,0.030062140438656439,25,euclidean,distance
513,2522,2523,0,0,0.080345125972009782,25,euclidean,distance
514,2524,2525,0,0,0.15615325127766166,25,euclidean,distance
515,2535,2536,0,0,0.18227193043514703,25,euclidean,distance
516,2538,2539,0,0,0.072494331890526009,25,euclidean,distance
517,2543,2544,0,0,0.16028090880770915,25,euclidean,distance
518,2544,2545,1,0,0.3392677273871792,25,euclidean,distance
519,2551,2552,0,0,0.1105054120202365,25,euclidean,distance
520,2552,2553,1,0,0.20540965314002141,25,euclidean,distance
521,2559,2560,0,0,0.15564335300166124,25,euclidean,distance
522,2562,2563,1,1,0.56295592545471052,25,euclidean,distance
523,2563,2564,0,0,0.25207720739266309,25,euclidean,distance
524,2565,2566,0,0,0.28009463587466565,25,euclidean,distance
525,2568,2569,0,0,0.40098004550889021,25,euclidean,distance
526,2573,2574,0,0,0.18321639788284069,25,euclidean,distance
527,2581,2582,0,0,0.22023121932186052,25,euclidean,distance
528,2584,2585,0,0,0.2523406150479458,25,euclidean,distance
529,2590,2591,0,0,0.10813334704000795,25,euclidean,distance
530,2593,2594,0,0,0.11826613694224127,25,euclidean,distance
531,2604,2605,0,0,0.20556231821009566,25,euclidean,distance
532,2607,2608,1,0,0.10733271269742152,25,euclidean,distance
533,2610,2611,0,0,0,25,euclidean,distance
534,2615,2616,0,0,0.039284708806606713,25,euclidean,distance
535,2618,2619,0,0,0.091956140680356138,25,euclidean,distance
536,2631,2632,0,0,0.13876162185162147,25,euclidean,distance
537,2634,2635,1,0,0.037283866107462059,25,euclidean,distance
538,2638,2639,0,0,0.078034616139416674,25,euclidean,distance
539,2639,2640,0,0,0.11053648536156606,25,euclidean,distance
540,2642,2643,0,0,0.28684047431695464,25,euclidean,distance
541,2644,2645,1,0,0.41310565740669125,25,euclidean,distance
542,2655,2656,1,0,0.23998514667425846,25,euclidean,distance
543,2656,2657,1,0,0.43523228418005683,25,euclidean,distance
544,2660,2661,1,0,0.18732724867388698,25,euclidean,distance
545,2665,2666,0,0,0.14096118120633866,25,euclidean,distance
546,2669,2670,1,0,0.20835339701642816,25,euclidean,distance
547,2671,2672,1,0,0.33630028875553797,25,euclidean,distance
548,2674,2675,0,0,0.15620541234428859,25,euclidean,distance
549,2682,2683,0,0,0.13113443913321884,25,euclidean,distance
550,2686,2687,0,0,0.084594864509193485,25,euclidean,distance
551,2688,2689,1,0,0.13860766170461308,25,euclidean,distance
552,2697,2698,0,0,0.15632397224818292,25,euclidean,distance
553,2698,2699,0,0,0.10763090369409278,25,euclidean,distance
554,2701,2702,0,0,0.15343944908914095,25,euclidean,distance
555,2702,2703,0,0,0.12403143608958692,25,euclidean,distance
556,2705,2706,0,0,0.12099966368220481,25,euclidean,distance
557,2706,2707,1,1,0.55609753439409859,25,euclidean,distance
558,2709,2710,0,0,0.076064915915865686,25,euclidean,distance
559,2710,2711,0,0,0.037516807049121463,25,euclidean,distance
560,2711,2712,0,0,0.17415967666201579,25,euclidean,distance
561,2712,2713,0,0,0.10541111265066377,25,euclidean,distance
562,2719,2720,0,0,0.20110687846438305,25,euclidean,distance
563,2723,2724,0,0,0.13161291329437283,25,euclidean,distance
564,2727,2728,0,0,0.15158011818895836,25,euclidean,distance
565,2731,2732,1,0,0.13998736338767026,25,euclidean,distance
566,2733,2734,0,0,0.3439072226641629,25,euclidean,distance
567,2746,2747,1,0,0.46598282865746599,25,euclidean,distance
568,2747,2748,0,0,0.037078865391028649,25,euclidean,distance
569,2751,2752,0,0,0.21999956616244529,25,euclidean,distance
570,2758,2759,0,0,0.18079805101255539,25,euclidean,distance
571,2766,2767,0,0,0.058331001094625259,25,euclidean,distance
572,2775,2776,0,0,0.25005395717892748,25,euclidean,distance
573,2776,2777,1,1,0.66331853525877027,25,euclidean,distance
574,2777,2778,0,0,0.18950450674926306,25,euclidean,distance
575,2780,2781,1,0,0.097991440049452816,25,euclidean,distance
576,2793,2794,0,0,0.077999248933676449,25,euclidean,distance
577,2804,2805,0,0,0.25411201728490629,25,euclidean,distance
578,2807,2808,0,0,0.2984692447937437,25,euclidean,distance
579,2816,2817,0,0,0.17155182500213223,25,euclidean,distance
580,2820,2821,0,0,0.47990795567700717,25,euclidean,distance
581,2826,2827,0,0,0,25,euclidean,distance
582,2827,2828,0,0,0.19277067026196404,25,euclidean,distance
583,2831,2832,0,0,0.11166966767630428,25,euclidean,distance
584,2833,2834,0,0,0.101583642238832,25,euclidean,distance
585,2835,2836,1,1,0.61042703058413694,25,euclidean,distance
586,2836,2837,0,0,0,25,euclidean,distance
587,2840,2841,0,0,0.086897199348516974,25,euclidean,distance
588,2854,2855,1,1,0.73164111043582569,25,euclidean,distance
589,2856,2857,0,0,0.23384114850287466,25,euclidean,distance
590,2859,2860,0,0,0.34601273785226061,25,euclidean,distance
591,2866,2867,0,0,0.092514629656965816,25,euclidean,distance
592,2872,2873,0,0,0.25985275701644839,25,euclidean,distance
593,2884,2885,0,0,0.20260320930688866,25,euclidean,distance
594,2885,2886,0,0,0.2417187881336012,25,euclidean,distance
595,2901,2902,0,0,0.28913069613534692,25,euclidean,distance
596,2907,2908,1,0,0.14033686433682682,25,euclidean,distance
597,2908,2909,1,0,0.20210658836944573,25,euclidean,distance
598,2909,2910,0,0,0.11477541827678199,25,euclidean,distance
599,2918,2919,1,0,0.10257679011531252,25,euclidean,distance
600,2931,2932,0,0,0.34266361905949583,25,euclidean,distance
601,2936,2937,0,0,0.065831296346289064,25,euclidean,distance
602,2939,2940,0,0,0,25,euclidean,distance
603,2945,2946,0,0,0.24185832514168606,25,euclidean,distance
604,2949,2950,0,0,0.035966484258078447,25,euclidean,distance
605,2951,2952,0,0,0.20402674752216254,25,euclidean,distance
606,2952,2953,0,0,0.3659777618386022,25,euclidean,distance
607,2966,2967,0,0,0.17311288535073971,25,euclidean,distance
608,2976,2977,1,0,0.31816681620542281,25,euclidean,distance
609,2989,2990,0,0,0.23774340243728481,25,euclidean,distance
610,2997,2998,0,0,0.28110775388075387,25,euclidean,distance
611,3003,3004,1,1,0.78879350154648253,25,euclidean,distance
612,3006,3007,0,0,0.083044505358423448,25,euclidean,distance
613,3009,3010,1,1,0.71404573165274776,25,euclidean,distance
614,3014,3015,0,0,0,25,euclidean,distance
615,3030,3031,0,0,0.043785807602422865,25,euclidean,distance
616,3031,3032,0,0,0.3169167018532193,25,euclidean,distance
617,3034,3035,0,0,0.086255849194990145,25,euclidean,distance
618,3045,3046,0,0,0.25365777604155287,25,euclidean,distance
619,3048,3049,0,0,0.11661991765555367,25,euclidean,distance
620,3054,3055,1,0,0.31219604719713856,25,euclidean,distance
621,3057,3058,0,0,0.23640736283198804,25,euclidean,distance
622,3059,3060,0,0,0.16595083518301984,25,euclidean,distance
623,3060,3061,1,0,0.16105734702384425,25,euclidean,distance
624,3064,3065,0,0,0.09291786316411782,25,euclidean,distance
625,3068,3069,0,0,0.15937614619211507,25,euclidean,distance
626,3069,3070,0,0,0.49696854623113224,25,euclidean,distance
627,3073,3074,1,0,0.042263658005446014,25,euclidean,distance
628,3076,3077,1,0,0.12545428798966346,25,euclidean,distance
629,3084,3085,0,0,0.03168130762878632,25,euclidean,distance
630,3101,3102,0,0,0.15154368170858287,25,euclidean,distance
631,3112,3113,0,0,0,25,euclidean,distance
632,3115,3116,0,0,0.38177211977154174,25,euclidean,distance
633,3117,3118,0,0,0.29182127090755544,25,euclidean,distance
634,3118,3119,0,0,0.032617039686134115,25,euclidean,distance
635,3119,3120,0,0,0,25,euclidean,distance
636,3121,3122,0,0,0.072288802183084908,25,euclidean,distance
637,3124,3125,0,0,0.12821894369131764,25,euclidean,distance
638,3128,3129,0,0,0.35032353665269289,25,euclidean,distance
639,3131,3132,0,0,0.087393853341447308,25,euclidean,distance
640,3136,3137,0,0,0,25,euclidean,distance
641,3140,3141,1,0,0.48547995115988135,25,euclidean,distance
642,3146,3147,0,0,0.12442413471394612,25,euclidean,distance
643,3151,3152,0,0,0.33091543053493677,25,euclidean,distance
644,3160,3161,0,0,0.17067532419104278,25,euclidean,distance
645,3169,3170,0,0,0.22467351987202117,25,euclidean,distance
646,3172,3173,0,0,0.12466119621473523,25,euclidean,distance
647,3175,3176,0,0,0.10974030770585153,25,euclidean,distance
648,3179,3180,0,0,0,25,euclidean,distance
649,3183,3184,0,0,0.12681607097885211,25,euclidean,distance
650,3188,3189,0,0,0.12437287836608066,25,euclidean,distance
651,3197,3198,0,0,0.032211791633250039,25,euclidean,distance
652,3198,3199,0,0,0.23117208261834893,25,euclidean,distance
653,3202,3203,0,0,0.03246408107797856,25,euclidean,distance
654,3206,3207,0,0,0.037044686226441643,25,euclidean,distance
655,3214,3215,0,0,0.18430549575898511,25,euclidean,distance
656,3236,3237,0,0,0.097523746201831907,25,euclidean,distance
657,3240,3241,0,0,0.17652062157707318,25,euclidean,distance
658,3241,3242,1,1,0.56171144775260984,25,euclidean,distance
659,3250,3251,0,0,0,25,euclidean,distance
660,3253,3254,1,0,0.32464899102878975,25,euclidean,distance
661,3256,3257,1,1,0.50743765972677324,25,euclidean,distance
662,3258,3259,0,0,0.046248076749368303,25,euclidean,distance
663,3262,3263,0,0,0.19935563109055385,25,euclidean,distance
664,3264,3265,1,1,0.52950677959515857,25,euclidean,distance
665,3279,3280,0,0,0.12407552258256833,25,euclidean,distance
666,3283,3284,0,0,0.056297397078134033,25,euclidean,distance
667,3285,3286,0,0,0,25,euclidean,distance
668,3294,3295,0,0,0,25,euclidean,distance
669,3298,3299,1,0,0.39000387082576654,25,euclidean,distance
670,3302,3303,1,1,0.61185850032861921,25,euclidean,distance
671,3303,3304,0,0,0.066739598347744553,25,euclidean,distance
672,3309,3310,0,0,0.25227661135654356,25,euclidean,distance
673,3319,3320,0,0,0.28476976709762691,25,euclidean,distance
674,3330,3331,0,0,0.30564981098750083,25,euclidean,distance
675,3331,3332,0,0,0.1020950189342107,25,euclidean,distance
676,3332,3333,1,0,0.30516858275766218,25,euclidean,distance
677,3339,3340,1,0,0.11363006962968809,25,euclidean,distance
678,3341,3342,0,0,0.18839752891399703,25,euclidean,distance
679,3343,3344,1,0,0.28236786672463882,25,euclidean,distance
680,3347,3348,0,0,0.071639507844024453,25,euclidean,distance
681,3348,3349,0,1,0.65966904582820451,25,euclidean,distance
682,3350,3351,1,1,0.69462609559894795,25,euclidean,distance
683,3361,3362,0,0,0.2254476175259619,25,euclidean,distance
684,3366,3367,0,0,0.19623262270802108,25,euclidean,distance
685,3370,3371,1,0,0.12265331469140475,25,euclidean,distance
686,3374,3375,0,0,0.038805259595242718,25,euclidean,distance
687,3383,3384,1,0,0.4253551771718303,25,euclidean,distance
688,3391,3392,0,0,0.034207093470422799,25,euclidean,distance
689,3397,3398,1,0,0.31913141985660326,25,euclidean,distance
690,3404,3405,0,0,0.16864209748948084,25,euclidean,distance
691,3405,3406,0,0,0.11955940139700308,25,euclidean,distance
692,3413,3414,1,0,0.47724298534283466,25,euclidean,distance
693,3422,3423,0,0,0.033574991782720172,25,euclidean,distance
694,3423,3424,1,0,0.073842875236727654,25,euclidean,distance
695,3424,3425,0,0,0.12340291403780566,25,euclidean,distance
696,3425,3426,0,0,0.078943323232842685,25,euclidean,distance
697,3431,3432,0,0,0.20908481339601737,25,euclidean,distance
698,3433,3434,0,0,0,25,euclidean,distance
699,3435,3436,0,0,0.2512382764732225,25,euclidean,distance
700,3441,3442,0,0,0.44540490383514764,25,euclidean,distance
701,3459,3460,1,0,0.037382695862104597,25,euclidean,distance
702,3463,3464,0,0,0.22276299369069641,25,euclidean,distance
703,3466,3467,0,0,0.20327242924859795,25,euclidean,distance
704,3468,3469,0,1,0.99999907855846648,25,euclidean,distance
705,3469,3470,0,0,0.035075292308478251,25,euclidean,distance
706,3475,3476,0,0,0.26646822634589173,25,euclidean,distance
707,3487,3488,0,0,0.097050023663154045,25,euclidean,distance
708,3491,3492,0,0,0,25,euclidean,distance
709,3497,3498,0,0,0.073995344829637627,25,euclidean,distance
710,3501,3502,0,0,0,25,euclidean,distance
711,3502,3503,0,0,0.031883071797474356,25,euclidean,distance
712,3512,3513,1,1,0.80530244039394594,25,euclidean,distance
713,3520,3521,0,0,0.46816392925229894,25,euclidean,distance
714,3523,3524,0,0,0.1915553410484703,25,euclidean,distance
715,3530,3531,0,0,0.16101368759816342,25,euclidean,distance
716,3532,3533,0,0,0.031475713222014243,25,euclidean,distance
717,3536,3537,0,1,0.53061976220702134,25,euclidean,distance
718,3537,3538,1,1,0.75400232184971017,25,euclidean,distance
719,3538,3539,1,0,0.043851380898683547,25,euclidean,distance
720,3551,3552,0,0,0.11683473301616111,25,euclidean,distance
721,3555,3556,0,0,0.072530831747185345,25,euclidean,distance
722,3557,3558,0,0,0.16795700483132064,25,euclidean,distance
723,3560,3561,1,1,0.76946477298100713,25,euclidean,distance
724,3576,3577,0,0,0,25,euclidean,distance
725,3582,3583,0,0,0.11148420947690899,25,euclidean,distance
726,3583,3584,1,1,0.77643334476689463,25,euclidean,distance
727,3584,3585,0,0,0,25,euclidean,distance
728,3589,3590,1,1,0.73484311750141551,25,euclidean,distance
729,3591,3592,0,0,0.17425776295421397,25,euclidean,distance
730,3593,3594,0,1,0.58429708372415368,25,euclidean,distance
731,3594,3595,1,0,0.18763772277963411,25,euclidean,distance
732,3610,3611,0,0,0,25,euclidean,distance
733,3621,3622,0,0,0,25,euclidean,distance
734,3626,3627,0,0,0.20144987109643114,25,euclidean,distance
735,3632,3633,0,0,0.19249763460266367,25,euclidean,distance
736,3633,3634,1,0,0.03749119276502369,25,euclidean,distance
737,3645,3646,0,0,0.12955627175339285,25,euclidean,distance
738,3646,3647,0,0,0.15849404593017236,25,euclidean,distance
739,3650,3651,0,0,0.039177386043598439,25,euclidean,distance
740,3657,3658,0,0,0.078626720402536002,25,euclidean,distance
741,3662,3663,0,0,0.14330012789303381,25,euclidean,distance
742,3663,3664,1,1,0.72115248384676056,25,euclidean,distance
743,3668,3669,0,0,0.40089424055342959,25,euclidean,distance
744,3669,3670,0,0,0.24707740237238537,25,euclidean,distance
745,3671,3672,0,0,0.079566040037757288,25,euclidean,distance
746,3672,3673,1,0,0.1935888486675845,25,euclidean,distance
747,3675,3676,0,0,0.2541898267963249,25,euclidean,distance
748,3685,3686,0,0,0.082323791510739083,25,euclidean,distance
749,3689,3690,0,0,0.40620868743721045,25,euclidean,distance
750,3693,3694,0,0,0.067492176153509359,25,euclidean,distance
751,3696,3697,0,0,0.1206722776644118,25,euclidean,distance
752,3701,3702,0,0,0.074321064334069459,25,euclidean,distance
753,3718,3719,0,0,0.15973233055638653,25,euclidean,distance
754,3719,3720,0,1,0.52168337453405866,25,euclidean,distance
755,3720,3721,1,0,0.42505153612886165,25,euclidean,distance
756,3725,3726,0,0,0.48646372689962764,25,euclidean,distance
757,3728,3729,1,0,0.35120144290051525,25,euclidean,distance
758,3744,3745,0,0,0,25,euclidean,distance
759,3747,3748,0,0,0.19112740979736717,25,euclidean,distance
760,3754,3755,0,0,0.08101455862145765,25,euclidean,distance
761,3757,3758,1,0,0.25350401889944724,25,euclidean,distance
762,3758,3759,1,0,0.2136405161324102,25,euclidean,distance
763,3766,3767,1,1,0.72945324743904028,25,euclidean,distance
764,3776,3777,1,1,0.5715534229335355,25,euclidean,distance
765,3780,3781,0,0,0.035243963139772544,25,euclidean,distance
766,3790,3791,1,0,0.19175205141284432,25,euclidean,distance
767,3791,3792,1,0,0,25,euclidean,distance
768,3793,3794,0,0,0.19405450094099053,25,euclidean,distance
769,3803,3804,0,0,0.31393556303956288,25,euclidean,distance
770,3805,3806,0,0,0.4479852568851892,25,euclidean,distance
771,3807,3808,0,0,0.17017630100317616,25,euclidean,distance
772,3810,3811,0,0,0.1321062002248812,25,euclidean,distance
773,3813,3814,0,0,0.077663064230993839,25,euclidean,distance
774,3818,3819,0,0,0.19756553939503207,25,euclidean,distance
775,3823,3824,0,0,0.18373607528243249,25,euclidean,distance
776,3832,3833,1,0,0.31596601172240424,25,euclidean,distance
777,3833,3834,0,0,0.081355403780214719,25,euclidean,distance
778,3837,3838,0,0,0.20280571207105161,25,euclidean,distance
779,3842,3843,0,0,0.22122970373586956,25,euclidean,distance
780,3847,3848,0,0,0.12233689525868995,25,euclidean,distance
781,3852,3853,1,0,0.21711608212755606,25,euclidean,distance
782,3862,3863,0,0,0.1554354446575324,25,euclidean,distance
783,3864,3865,0,0,0.32552332694170366,25,euclidean,distance
784,3872,3873,0,1,0.7680736952263858,25,euclidean,distance
785,3873,3874,1,0,0.37220010552468463,25,euclidean,distance
786,3886,3887,0,0,0.087368116208659363,25,euclidean,distance
787,3894,3895,0,0,0.1323053133635759,25,euclidean,distance
788,3911,3912,0,0,0.34960221339875325,25,euclidean,distance
789,3912,3913,0,0,0.22003664951163712,25,euclidean,distance
790,3916,3917,1,1,0.68050065289100303,25,euclidean,distance
791,3926,3927,0,0,0.16368897642411145,25,euclidean,distance
792,3928,3929,0,0,0.090920023711741862,25,euclidean,distance
793,3930,3931,0,0,0.23098352039201786,25,euclidean,distance
794,3946,3947,0,0,0.13230186579292041,25,euclidean,distance
795,3951,3952,0,0,0.047259269302730847,25,euclidean,distance
796,3953,3954,0,0,0.15442254430311853,25,euclidean,distance
797,3961,3962,0,0,0.042296155357456532,25,euclidean,distance
798,3965,3966,0,0,0,25,euclidean,distance
799,3968,3969,0,0,0.27389328971429366,25,euclidean,distance
800,3976,3977,0,1,0.72149461502847523,25,euclidean,distance
801,3980,3981,1,0,0.073679322392538812,25,euclidean,distance
802,3988,3989,0,0,0.04956402205726005,25,euclidean,distance
803,4007,4008,0,0,0.29681385921524023,25,euclidean,distance
804,4013,4014,1,1,0.81342441250815911,25,euclidean,distance
805,4018,4019,1,0,0.15516064140048774,25,euclidean,distance
806,4028,4029,0,0,0.15492901343035806,25,euclidean,distance
807,4034,4035,0,0,0.22182317196022727,25,euclidean,distance
808,4035,4036,0,0,0,25,euclidean,distance
809,4038,4039,0,0,0.25978459684700544,25,euclidean,distance
810,4042,4043,0,0,0.15791052704444222,25,euclidean,distance
811,4048,4049,1,0,0.35069759326457833,25,euclidean,distance
812,4057,4058,0,0,0.18343168352892561,25,euclidean,distance
813,4060,4061,0,0,0.039841523793846721,25,euclidean,distance
814,4072,4073,0,0,0.069324457198896267,25,euclidean,distance
815,4078,4079,0,0,0.056793968014499797,25,euclidean,distance
816,4084,4085,0,1,0.63400027028129635,25,euclidean,distance
817,4090,4091,0,0,0.15789582868538801,25,euclidean,distance
818,4094,4095,0,0,0.16365084620791912,25,euclidean,distance
819,4103,4104,0,0,0.03763981856078958,25,euclidean,distance
820,4104,4105,1,0,0.40554691876687615,25,euclidean,distance
821,4110,4111,0,0,0,25,euclidean,distance
822,4141,4142,0,0,0.43656752015477046,25,euclidean,distance
823,4153,4154,0,0,0.089993477865705954,25,euclidean,distance
824,4154,4155,0,0,0.20215646825957637,25,euclidean,distance
825,4157,4158,0,0,0.074319985244826817,25,euclidean,distance
826,4165,4166,1,0,0.48352804710331315,25,euclidean,distance
827,4170,4171,0,0,0.075427482995407663,25,euclidean,distance
828,4186,4187,0,0,0.040177371529659944,25,euclidean,distance
829,4193,4194,0,1,0.56863091741635841,25,euclidean,distance
830,4194,4195,0,0,0.11889710737319005,25,euclidean,distance
831,4197,4198,0,0,0,25,euclidean,distance
832,4201,4202,0,0,0.041096333181386592,25,euclidean,distance
833,4204,4205,0,0,0.15928803499601771,25,euclidean,distance
834,4208,4209,0,1,0.6201559895772758,25,euclidean,distance
835,4209,4210,0,0,0.10813011341585124,25,euclidean,distance
836,4215,4216,0,0,0.13029921509233328,25,euclidean,distance
837,4222,4223,0,0,0.29149411258395741,25,euclidean,distance
838,4226,4227,1,0,0.036582365981625078,25,euclidean,distance
839,4229,4230,1,0,0.32451277772791598,25,euclidean,distance
840,4240,4241,0,0,0.21937409901211324,25,euclidean,distance
841,4241,4242,0,0,0.11536392961030113,25,euclidean,distance
842,4243,4244,0,0,0.17013969761492576,25,euclidean,distance
843,4249,4250,0,0,0.11731871280408662,25,euclidean,distance
844,4252,4253,0,0,0.07596160881880816,25,euclidean,distance
845,4253,4254,0,0,0.14516465228644296,25,euclidean,distance
846,4255,4256,0,0,0.19644281197178479,25,euclidean,distance
847,4259,4260,1,0,0.3172591183461973,25,euclidean,distance
848,4261,4262,0,0,0.32703714787119431,25,euclidean,distance
849,4262,4263,1,1,0.56709544931851963,25,euclidean,distance
850,4265,4266,0,0,0,25,euclidean,distance
851,4269,4270,1,0,0.081973370873642842,25,euclidean,distance
852,4275,4276,1,0,0.35002932827559236,25,euclidean,distance
853,4276,4277,0,0,0.066043864767310265,25,euclidean,distance
854,4277,4278,1,0,0.17782430221163284,25,euclidean,distance
855,4286,4287,0,0,0.18495131468336518,25,euclidean,distance
856,4289,4290,0,0,0.13114616348497254,25,euclidean,distance
857,4304,4305,0,0,0.19185545225919393,25,euclidean,distance
858,4305,4306,0,0,0.023138899729640752,25,euclidean,distance
859,4310,4311,0,0,0.23837776898284996,25,euclidean,distance
860,4318,4319,0,0,0.14025337473373065,25,euclidean,distance
861,4324,4325,0,0,0.43673107882647655,25,euclidean,distance
862,4326,4327,0,0,0.35729793300334162,25,euclidean,distance
863,4331,4332,0,0,0.28154530664708738,25,euclidean,distance
864,4337,4338,0,0,0.079477392667668539,25,euclidean,distance
865,4338,4339,0,1,0.50407383461019195,25,euclidean,distance
866,4344,4345,0,0,0.057470043301156293,25,euclidean,distance
867,4348,4349,0,0,0.40409618036890738,25,euclidean,distance
868,4350,4351,1,0,0.34144198304960044,25,euclidean,distance
869,4351,4352,1,0,0.19475925598849211,25,euclidean,distance
870,4356,4357,0,0,0.076935383508446739,25,euclidean,distance
871,4357,4358,0,0,0.22505433913050424,25,euclidean,distance
872,4359,4360,0,0,0.11101138904657061,25,euclidean,distance
873,4366,4367,1,1,0.71437611825597203,25,euclidean,distance
874,4368,4369,1,0,0.12360603333413248,25,euclidean,distance
875,4372,4373,1,0,0,25,euclidean,distance
876,4382,4383,1,0,0.12534404491683449,25,euclidean,distance
877,4384,4385,0,0,0.039491699436277651,25,euclidean,distance
878,4387,4388,1,0,0.4622229205202813,25,euclidean,distance
879,4392,4393,0,0,0.24758523356343598,25,euclidean,distance
880,4395,4396,0,0,0.15090701090041797,25,euclidean,distance
881,4397,4398,0,0,0.24239297199902662,25,euclidean,distance
882,4398,4399,0,0,0.038328934067073397,25,euclidean,distance
883,4401,4402,0,0,0.11671887001985344,25,euclidean,distance
884,4409,4410,0,0,0.12329731805181972,25,euclidean,distance
885,4414,4415,0,0,0.04054292527460665,25,euclidean,distance
886,4415,4416,0,0,0.33016198239359351,25,euclidean,distance
887,4418,4419,0,0,0.11617769006289951,25,euclidean,distance
888,4419,4420,0,0,0.046276304479658435,25,euclidean,distance
889,4423,4424,0,0,0.22215651693049066,25,euclidean,distance
890,4430,4431,0,0,0,25,euclidean,distance
891,4432,4433,0,1,0.88165137702863872,25,euclidean,distance
892,4433,4434,0,0,0,25,euclidean,distance
893,4436,4437,0,0,1.0843223297797996e-06,25,euclidean,distance
894,4455,4456,0,0,0.49370864951683724,25,euclidean,distance
895,4462,4463,0,0,0.11829228140485644,25,euclidean,distance
896,4477,4478,0,0,0.082292397258182937,25,euclidean,distance
897,4487,4488,0,0,0.11949090071404909,25,euclidean,distance
898,4495,4496,0,0,0,25,euclidean,distance
899,4501,4502,1,0,0.038118530942460059,25,euclidean,distance
900,4502,4503,1,1,0.58250984151266771,25,euclidean,distance
901,4510,4511,0,0,0.21596345098534625,25,euclidean,distance
902,4516,4517,0,0,0.32326797350384678,25,euclidean,distance
903,4527,4528,1,0,0.48909745205436506,25,euclidean,distance
904,4528,4529,0,0,0.44918203675343837,25,euclidean,distance
905,4535,4536,1,0,0.16034162890007073,25,euclidean,distance
906,4536,4537,0,0,0.03926717743259691,25,euclidean,distance
907,4553,4554,0,0,0.15208971404108346,25,euclidean,distance
908,4554,4555,1,0,0.39314021505095714,25,euclidean,distance
909,4556,4557,0,0,0.48887780018932142,25,euclidean,distance
910,4557,4558,0,0,0.071719182454911157,25,euclidean,distance
911,4558,4559,1,0,0.18268820900432464,25,euclidean,distance
912,4559,4560,0,0,0.11886166088920516,25,euclidean,distance
913,4562,4563,0,0,0.19608717871426978,25,euclidean,distance
914,4565,4566,1,0,0.19157688300992179,25,euclidean,distance
915,4568,4569,0,0,0.099832624188581728,25,euclidean,distance
916,4573,4574,0,0,0,25,euclidean,distance
917,4574,4575,1,0,0.22234954315157462,25,euclidean,distance
918,4580,4581,0,0,0.07041567933982662,25,euclidean,distance
919,4590,4591,1,0,0.37820783349280362,25,euclidean,distance
920,4594,4595,1,0,0.11422527170666373,25,euclidean,distance
921,4596,4597,1,0,0.10005113830885105,25,euclidean,distance
922,4603,4604,0,0,0.038693161008605426,25,euclidean,distance
923,4607,4608,0,0,0,25,euclidean,distance
924,4619,4620,0,0,0.19266181228314794,25,euclidean,distance
925,4623,4624,0,0,0.33047110095675575,25,euclidean,distance
926,4631,4632,0,0,0.20417177073569134,25,euclidean,distance
927,4635,4636,0,0,0.19973173693657215,25,euclidean,distance
928,4655,4656,0,0,0.24641737288371368,25,euclidean,distance
929,4657,4658,0,0,0.036293684838966528,25,euclidean,distance
930,4658,4659,0,0,0.14291759459576656,25,euclidean,distance
931,4659,4660,1,1,0.75799047006245013,25,euclidean,distance
932,4660,4661,0,0,0.18997255733947119,25,euclidean,distance
933,4665,4666,0,0,0.077141229821138399,25,euclidean,distance
934,4671,4672,0,0,0.086843338089088867,25,euclidean,distance
935,4675,4676,0,0,0,25,euclidean,distance
936,4677,4678,0,0,0.2512277188384397,25,euclidean,distance
937,4678,4679,0,0,0.266818276394307,25,euclidean,distance
938,4682,4683,0,0,0.04151722562904437,25,euclidean,distance
939,4689,4690,0,1,0.72057094499040197,25,euclidean,distance
940,4703,4704,1,0,0.28645403884322063,25,euclidean,distance
941,4705,4706,0,0,0.24104618794845772,25,euclidean,distance
942,4707,4708,1,1,0.70783844556168796,25,euclidean,distance
943,4709,4710,0,0,0.039343873021145032,25,euclidean,distance
944,4719,4720,0,1,0.52617313559260104,25,euclidean,distance
945,4730,4731,0,0,0.12020558182104922,25,euclidean,distance
946,4734,4735,0,0,0,25,euclidean,distance
947,4745,4746,0,1,0.66508232978683857,25,euclidean,distance
948,4749,4750,0,0,0.31623021210859786,25,euclidean,distance
949,4751,4752,0,0,0,25,euclidean,distance
950,4761,4762,0,0,0.070299865711941592,25,euclidean,distance
951,4762,4763,1,1,0.63824669660303479,25,euclidean,distance
952,4765,4766,0,0,0.036438754266266624,25,euclidean,distance
953,4766,4767,0,0,0.11226674086906442,25,euclidean,distance
954,4769,4770,1,1,0.54016570391479468,25,euclidean,distance
955,4771,4772,0,0,0.12359278049418726,25,euclidean,distance
956,4775,4776,0,0,0.23682158911427792,25,euclidean,distance
957,4783,4784,0,0,0.27596789975012515,25,euclidean,distance
958,4785,4786,0,0,0.038400151460801071,25,euclidean,distance
959,4792,4793,0,0,0.1675517610663515,25,euclidean,distance
960,4799,4800,0,0,0.16313738273275605,25,euclidean,distance
961,4804,4805,0,0,0.039326794674767997,25,euclidean,distance
962,4807,4808,0,0,0.10754464048486084,25,euclidean,distance
963,4813,4814,0,0,0,25,euclidean,distance
964,4815,4816,0,0,0.28125897700507962,25,euclidean,distance
965,4819,4820,0,0,0.077689409827829625,25,euclidean,distance
966,4821,4822,0,0,0.072554597044931904,25,euclidean,distance
967,4825,4826,0,0,0.07780488559098124,25,euclidean,distance
968,4827,4828,0,0,0.19644485907220016,25,euclidean,distance
969,4829,4830,0,0,0.027628993471592461,25,euclidean,distance
970,4830,4831,0,0,0.039868736525267158,25,euclidean,distance
971,4831,4832,1,0,0.14822523340341259,25,euclidean,distance
972,4840,4841,1,1,0.58740326666893972,25,euclidean,distance
973,4860,4861,1,1,0.85325457485612677,25,euclidean,distance
974,4862,4863,1,1,0.78794533477214224,25,euclidean,distance
975,4863,4864,1,0,0.031516986942661897,25,euclidean,distance
976,4871,4872,0,0,0.14592370967861878,25,euclidean,distance
977,4877,4878,0,0,0.064168035663704839,25,euclidean,distance
978,4884,4885,1,0,0.45673959290058741,25,euclidean,distance
979,4886,4887,0,0,0.11883462557010822,25,euclidean,distance
980,4889,4890,0,0,0.22044859964747943,25,euclidean,distance
981,4891,4892,0,0,0.14382874872857199,25,euclidean,distance
982,4892,4893,0,0,0.23824598957618093,25,euclidean,distance
983,4895,4896,0,0,0.078784674513522432,25,euclidean,distance
984,4897,4898,0,0,0.20982741831109064,25,euclidean,distance
985,4900,4901,1,0,0.10244362539384042,25,euclidean,distance
986,4901,4902,0,0,0.14831635077692587,25,euclidean,distance
987,4904,4905,0,0,0.080746138244744345,25,euclidean,distance
988,4906,4907,0,0,0.28229086568268719,25,euclidean,distance
989,4914,4915,0,1,0.71043476377071157,25,euclidean,distance
990,4918,4919,0,0,0.038182803232539295,25,euclidean,distance
991,4920,4921,0,0,0.30714014552115337,25,euclidean,distance
992,4922,4923,0,0,0.25306621490752917,25,euclidean,distance
993,4932,4933,0,0,0.10034904650488193,25,euclidean,distance
994,4934,4935,0,1,0.65175974589193553,25,euclidean,distance
995,4942,4943,0,0,0.17537002385797715,25,euclidean,distance
996,4943,4944,0,0,0.21232613517904253,25,euclidean,distance
997,4955,4956,1,0,0.10451932847456943,25,euclidean,distance
998,4957,4958,1,0,0.35873957373179727,25,euclidean,distance
999,4963,4964,0,0,0.15931146845401492,25,euclidean,distance
1000,4964,4965,0,0,0.038113950531522757,25,euclidean,distance
1001,4966,4967,0,0,0.23447312441457369,25,euclidean,distance
1002,4969,4970,0,0,0.17058317321129704,25,euclidean,distance
1003,4972,4973,0,0,0.23535830612781058,25,euclidean,distance
1004,4992,4993,1,1,0.80428468130958897,25,euclidean,distance
1005,4996,4997,0,0,0.11282209943026136,25,euclidean,distance
1006,4997,4998,1,0,0.035946011349337378,25,euclidean,distance
1007,5000,5001,0,1,0.53736156484697994,25,euclidean,distance
1008,5001,5002,1,0,0,25,euclidean,distance
1009,5008,5009,0,0,0.12325703894734939,25,euclidean,distance
1010,5011,5012,1,0,0.086791737129719992,25,euclidean,distance
1011,5015,5016,0,0,0.20027409828355078,25,euclidean,distance
1012,5020,5021,0,0,0,25,euclidean,distance
1013,5022,5023,0,0,0.23990953304258503,25,euclidean,distance
1014,5024,5025,0,0,0.11175384405779083,25,euclidean,distance
1015,5034,5035,1,0,0.071762975466487203,25,euclidean,distance
1016,5036,5037,0,0,0.36145198354787794,25,euclidean,distance
1017,5043,5044,0,0,0.077685153597740614,25,euclidean,distance
1018,5048,5049,1,1,0.63039234764778684,25,euclidean,distance
1019,5052,5053,0,0,0.037580716834996544,25,euclidean,distance
1020,5056,5057,1,1,0.66985889813931154,25,euclidean,distance
1021,5062,5063,0,0,0.30192301033632746,25,euclidean,distance
1022,5064,5065,1,0,0.33026278919503527,25,euclidean,distance
1023,5088,5089,0,0,0.12332672901962602,25,euclidean,distance
1024,5098,5099,0,0,0,25,euclidean,distance
1025,5100,5101,0,0,0.25806398602144781,25,euclidean,distance
1026,5103,5104,0,0,0.25364511072340951,25,euclidean,distance
1027,5105,5106,0,0,0.24317744351008475,25,euclidean,distance
1028,5113,5114,1,1,0.72473603084936755,25,euclidean,distance
1029,5120,5121,0,0,0.16640624371367996,25,euclidean,distance
1030,5121,5122,1,0,0.36675675615029307,25,euclidean,distance
1031,5127,5128,0,0,0.18485399785027787,25,euclidean,distance
1032,5140,5141,0,0,0.040299486816530998,25,euclidean,distance
1033,5142,5143,0,0,0.077276103193388207,25,euclidean,distance
1034,5147,5148,1,1,0.56750733546562593,25,euclidean,distance
1035,5148,5149,1,0,0.48710020771214202,25,euclidean,distance
1036,5159,5160,0,0,0.086795964062368711,25,euclidean,distance
1037,5166,5167,0,0,0.061700420519460619,25,euclidean,distance
1038,5170,5171,0,0,0.35556919884675259,25,euclidean,distance
1039,5172,5173,0,0,0.1256831525112469,25,euclidean,distance
1040,5174,5175,0,0,0.041721678176670093,25,euclidean,distance
1041,5177,5178,1,1,0.70932375500655898,25,euclidean,distance
1042,5182,5183,0,0,0.11368513124385303,25,euclidean,distance
1043,5192,5193,0,0,0.13641853067980333,25,euclidean,distance
1044,5248,5249,1,0,0.14898422240849366,25,euclidean,distance
1045,5250,5251,0,0,0.1282807261035151,25,euclidean,distance
1046,5253,5254,0,0,0.12868828161749055,25,euclidean,distance
1047,5260,5261,1,1,0.6604837613079142,25,euclidean,distance
1048,5261,5262,0,0,0.22179883518495877,25,euclidean,distance
1049,5263,5264,0,0,0.038506797853627976,25,euclidean,distance
1050,5283,5284,0,0,0.24612984129095988,25,euclidean,distance
1051,5284,5285,1,1,0.81588371514011959,25,euclidean,distance
1052,5285,5286,0,0,0.066528716805188348,25,euclidean,distance
1053,5286,5287,1,0,0.03890456877064831,25,euclidean,distance
1054,5287,5288,0,0,0.077072263054570378,25,euclidean,distance
1055,5292,5293,0,0,0.070551344756189335,25,euclidean,distance
1056,5296,5297,0,0,0.1164575167493139,25,euclidean,distance
1057,5311,5312,0,0,0.25981614214146209,25,euclidean,distance
1058,5313,5314,0,0,0.27763545222848335,25,euclidean,distance
1059,5314,5315,0,0,0.15346201646205967,25,euclidean,distance
1060,5315,5316,0,0,0,25,euclidean,distance
1061,5320,5321,0,0,0.093697198220247635,25,euclidean,distance
1062,5324,5325,0,0,0.24697863875198173,25,euclidean,distance
1063,5327,5328,0,0,0.035156375479847561,25,euclidean,distance
1064,5328,5329,0,0,0.32544448389223324,25,euclidean,distance
1065,5343,5344,0,0,0.30437335925802578,25,euclidean,distance
1066,5349,5350,1,1,0.60206286429269951,25,euclidean,distance
1067,5352,5353,0,0,0.4832493568710845,25,euclidean,distance
1068,5355,5356,0,0,0.16753193248460599,25,euclidean,distance
1069,5359,5360,0,0,0.048076743777082376,25,euclidean,distance
1070,5360,5361,0,0,0.033333915984931094,25,euclidean,distance
1071,5361,5362,0,0,0.080647447063497052,25,euclidean,distance
1072,5366,5367,0,0,0.34544780965500232,25,euclidean,distance
1073,5378,5379,0,0,0.20112587458485318,25,euclidean,distance
1074,5391,5392,0,0,0.1090581664534212,25,euclidean,distance
1075,5404,5405,1,1,0.60750062657399917,25,euclidean,distance
1076,5408,5409,0,0,0.12738919916851624,25,euclidean,distance
1077,5412,5413,0,0,0.24971313105527471,25,euclidean,distance
1078,5413,5414,0,0,0.11882012227482645,25,euclidean,distance
1079,5414,5415,0,0,0.028224075252319882,25,euclidean,distance
1080,5422,5423,1,0,0.12100176519380787,25,euclidean,distance
1081,5437,5438,0,0,0,25,euclidean,distance
1082,5439,5440,0,1,0.79300520434668043,25,euclidean,distance
1083,5441,5442,0,0,0.07033316587900651,25,euclidean,distance
1084,5449,5450,0,0,0.19383225689676431,25,euclidean,distance
1085,5459,5460,0,0,0,25,euclidean,distance
1086,5461,5462,0,0,0.14024731158827472,25,euclidean,distance
1087,5465,5466,0,0,0.37747986654840876,25,euclidean,distance
1088,5477,5478,0,0,0,25,euclidean,distance
1089,5492,5493,0,0,0.37243721088633597,25,euclidean,distance
1090,5499,5500,0,0,0.080155632277061517,25,euclidean,distance
1091,5504,5505,0,0,0.089429508624095488,25,euclidean,distance
1092,5516,5517,0,1,0.76647520565905347,25,euclidean,distance
1093,5519,5520,0,0,0.27074777504454273,25,euclidean,distance
1094,5531,5532,0,0,0.14695212554428658,25,euclidean,distance
1095,5546,5547,0,0,0.11766436048727837,25,euclidean,distance
1096,5552,5553,0,0,0.25651635859991051,25,euclidean,distance
1097,5553,5554,0,0,0.23278576945644547,25,euclidean,distance
1098,5556,5557,0,0,0.23596843847982463,25,euclidean,distance
1099,5564,5565,1,0,0.035053524538461132,25,euclidean,distance
1100,5573,5574,0,0,0.046776107470097007,25,euclidean,distance
1101,5576,5577,1,0,0.14657555960740959,25,euclidean,distance
1102,5588,5589,0,0,0.11774106160017299,25,euclidean,distance
1103,5589,5590,0,0,0.039634778529596584,25,euclidean,distance
1104,5591,5592,0,0,0.24391790510818911,25,euclidean,distance
1105,5592,5593,0,1,0.8855052129591463,25,euclidean,distance
1106,5594,5595,0,0,0.42547494879891351,25,euclidean,distance
1107,5603,5604,0,0,0.041384787674983194,25,euclidean,distance
1108,5613,5614,0,0,0.33202809090931346,25,euclidean,distance
1109,5615,5616,0,0,0,25,euclidean,distance
1110,5624,5625,0,0,0.077613637351324663,25,euclidean,distance
1111,5625,5626,0,0,0.19550404832278195,25,euclidean,distance
1112,5626,5627,1,0,0.45766569224023079,25,euclidean,distance
1113,5633,5634,0,0,0.14850941037611523,25,euclidean,distance
1114,5643,5644,0,0,0.24557754112871899,25,euclidean,distance
1115,5667,5668,0,0,0,25,euclidean,distance
1116,5670,5671,0,0,0.1844004500256074,25,euclidean,distance
1117,5675,5676,0,0,0.1176000740175242,25,euclidean,distance
1118,5676,5677,0,0,0.096147455020369116,25,euclidean,distance
1119,5677,5678,0,0,0.076035270797454771,25,euclidean,distance
1120,5679,5680,0,0,0.075976978979563681,25,euclidean,distance
1121,5684,5685,0,0,0.20446014864090875,25,euclidean,distance
1122,5687,5688,0,0,0.11897688380935059,25,euclidean,distance
1123,5691,5692,0,0,0.11380876974456908,25,euclidean,distance
1124,5693,5694,0,0,0.24126637868530817,25,euclidean,distance
1125,5703,5704,0,0,0.082789723433961682,25,euclidean,distance
1126,5706,5707,0,0,0.077290679647802382,25,euclidean,distance
1127,5713,5714,0,1,0.7409464687748063,25,euclidean,distance
1128,5716,5717,0,0,0.031950962413305369,25,euclidean,distance
1129,5722,5723,0,0,0.12187248420729536,25,euclidean,distance
1130,5729,5730,0,0,0.19872957084946827,25,euclidean,distance
1131,5738,5739,1,1,0.52751352607095592,25,euclidean,distance
1132,5740,5741,0,0,0.15564686389854285,25,euclidean,distance
1133,5744,5745,0,0,0.030959960173978958,25,euclidean,distance
1134,5749,5750,0,0,0.25685771251405515,25,euclidean,distance
1135,5750,5751,1,1,0.75206716703506382,25,euclidean,distance
1136,5760,5761,0,0,0.14552685644494373,25,euclidean,distance
1137,5761,5762,0,0,0.41584522721205397,25,euclidean,distance
1138,5762,5763,0,0,0.28991703399373597,25,euclidean,distance
1139,5763,5764,0,0,0.27367147453280205,25,euclidean,distance
1140,5764,5765,0,0,0.15489735458613621,25,euclidean,distance
1141,5766,5767,0,0,0.14350778866114411,25,euclidean,distance
1142,5768,5769,0,0,0.11765965375995679,25,euclidean,distance
1143,5777,5778,0,0,0.18323309376205768,25,euclidean,distance
1144,5786,5787,1,1,0.59688574107137393,25,euclidean,distance
1145,5789,5790,0,0,0.19615533427532156,25,euclidean,distance
1146,5795,5796,0,0,0,25,euclidean,distance
1147,5802,5803,0,0,0.17247606570998561,25,euclidean,distance
1148,5804,5805,0,0,0.14074311621669067,25,euclidean,distance
1149,5813,5814,0,0,0.35572490355225411,25,euclidean,distance
1150,5822,5823,0,0,0.15113825218733848,25,euclidean,distance
1151,5823,5824,0,0,0.081051538346923982,25,euclidean,distance
1152,5827,5828,1,0,0.04280514985597237,25,euclidean,distance
1153,5839,5840,0,0,0.061792865403514953,25,euclidean,distance
1154,5841,5842,0,0,0.041085540343854407,25,euclidean,distance
1155,5843,5844,0,0,0.095609065132309504,25,euclidean,distance
1156,5851,5852,0,0,0.2408563537323028,25,euclidean,distance
1157,5866,5867,0,0,0.096309760592977911,25,euclidean,distance
1158,5872,5873,0,0,0.10923535456049138,25,euclidean,distance
1159,5875,5876,1,0,0.19748605617209702,25,euclidean,distance
1160,5887,5888,0,0,0,25,euclidean,distance
1161,5893,5894,0,0,0.1850044589886031,25,euclidean,distance
1162,5908,5909,0,0,0.065244336325730748,25,euclidean,distance
1163,5909,5910,0,0,0.10970725310398501,25,euclidean,distance
1164,5913,5914,0,0,0.092846059282514354,25,euclidean,distance
1165,5914,5915,0,0,0.11437060851993942,25,euclidean,distance
1166,5921,5922,0,0,0.26634464727391921,25,euclidean,distance
1167,5929,5930,0,0,0.061252423361083996,25,euclidean,distance
1168,5931,5932,0,0,0,25,euclidean,distance
1169,5935,5936,0,0,0.11161693653432699,25,euclidean,distance
1170,5940,5941,0,0,0.11879786864195956,25,euclidean,distance
1171,5945,5946,0,0,0.15717899765370869,25,euclidean,distance
1172,5946,5947,1,0,0.15928665903275074,25,euclidean,distance
1173,5948,5949,0,0,0.038838324482508554,25,euclidean,distance
1174,5954,5955,0,0,0.069503377787094214,25,euclidean,distance
1175,5956,5957,0,0,0.13393283544310633,25,euclidean,distance
1176,5958,5959,0,0,0.12328488035538689,25,euclidean,distance
1177,5964,5965,0,0,0.085012684873442892,25,euclidean,distance
1178,5968,5969,0,0,0.16118451452192081,25,euclidean,distance
1179,5971,5972,1,0,0.11156283224845324,25,euclidean,distance
1180,5975,5976,0,0,0.075845423917748872,25,euclidean,distance
1181,5978,5979,0,0,0.17245047685118728,25,euclidean,distance
1182,5980,5981,0,0,0.18776848212359118,25,euclidean,distance
1183,5984,5985,0,0,0.11282405162570036,25,euclidean,distance
1184,5986,5987,1,0,0.10944752159683521,25,euclidean,distance
1185,5987,5988,1,0,0.18301451745511027,25,euclidean,distance
1186,5988,5989,0,0,0.1896797962067428,25,euclidean,distance
1187,6012,6013,1,0,0.18597263763851851,25,euclidean,distance
1188,6013,6014,0,0,0.28242066089688422,25,euclidean,distance
1189,6023,6024,0,0,0.036462749516093733,25,euclidean,distance
1190,6025,6026,1,0,0.11844429879901604,25,euclidean,distance
1191,6037,6038,0,0,0.18171183450056325,25,euclidean,distance
1192,6046,6047,0,0,0,25,euclidean,distance
1193,6059,6060,0,0,0.23948054848639508,25,euclidean,distance
1194,6060,6061,0,0,0.22180046690901428,25,euclidean,distance
1195,6061,6062,0,1,0.67524725415847775,25,euclidean,distance
1196,6065,6066,0,1,0.69610017004736668,25,euclidean,distance
1197,6067,6068,0,0,0.062455212146587162,25,euclidean,distance
1198,6068,6069,0,0,0.083607765790189456,25,euclidean,distance
1199,6069,6070,0,0,0.036863881884415854,25,euclidean,distance
1200,6072,6073,1,0,0.44372534452835283,25,euclidean,distance
1201,6076,6077,1,0,0.32105159539784073,25,euclidean,distance
1202,6085,6086,1,0,0.41921581888273635,25,euclidean,distance
1203,6089,6090,0,1,0.6941084255103398,25,euclidean,distance
1204,6094,6095,1,0,0.18390077037544342,25,euclidean,distance
1205,6102,6103,0,0,0.039135293403171213,25,euclidean,distance
1206,6106,6107,0,1,0.80400892845753835,25,euclidean,distance
1207,6109,6110,0,0,0.08676837873266155,25,euclidean,distance
1208,6118,6119,0,0,0.19830818125739913,25,euclidean,distance
1209,6119,6120,1,1,0.76758978783405485,25,euclidean,distance
1210,6129,6130,1,0,0.29426142798736343,25,euclidean,distance
1211,6133,6134,0,0,0.12623352747602043,25,euclidean,distance
1212,6135,6136,0,0,0,25,euclidean,distance
1213,6140,6141,0,0,0.20638690169505663,25,euclidean,distance
1214,6151,6152,0,0,0.11600460445612848,25,euclidean,distance
1215,6155,6156,1,0,0.32442711106478023,25,euclidean,distance
1216,6160,6161,1,0,0,25,euclidean,distance
1217,6161,6162,0,0,0,25,euclidean,distance
1218,6162,6163,0,0,0.22336037880278495,25,euclidean,distance
1219,6165,6166,0,0,0.11609965942176309,25,euclidean,distance
1220,6167,6168,0,0,0.036959171030732395,25,euclidean,distance
1221,6173,6174,0,0,0.20427721734724133,25,euclidean,distance
1222,6175,6176,0,0,0.48356573135948444,25,euclidean,distance
1223,6177,6178,1,0,0.096861508451854816,25,euclidean,distance
1224,6178,6179,0,0,0.04074829971767327,25,euclidean,distance
1225,6185,6186,0,0,0.11625369248407381,25,euclidean,distance
1226,6198,6199,0,0,0.39679869546540508,25,euclidean,distance
1227,6201,6202,1,0,0.23659949625279131,25,euclidean,distance
1228,6211,6212,0,0,0.25328295028046111,25,euclidean,distance
1229,6215,6216,0,0,0.47492275948693691,25,euclidean,distance
1230,6217,6218,0,0,0.44097253572242001,25,euclidean,distance
1231,6222,6223,0,0,0.20176624396172829,25,euclidean,distance
1232,6227,6228,0,0,0.23489578829784416,25,euclidean,distance
1233,6228,6229,1,0,0.16357487772462884,25,euclidean,distance
1234,6236,6237,0,0,0.075507425658536659,25,euclidean,distance
1235,6237,6238,1,0,0.039396873262337782,25,euclidean,distance
1236,6239,6240,0,0,0,25,euclidean,distance
1237,6241,6242,0,0,0.076411982386900404,25,euclidean,distance
1238,6243,6244,0,0,0.18910388413762691,25,euclidean,distance
1239,6244,6245,0,0,0,25,euclidean,distance
1240,6251,6252,1,0,0.19466900794157624,25,euclidean,distance
1241,6261,6262,0,0,0.038961705265401936,25,euclidean,distance
1242,6263,6264,0,0,0.1314240096296386,25,euclidean,distance
1243,6271,6272,1,1,0.83756964453653449,25,euclidean,distance
1244,6272,6273,0,0,0.20086090133751719,25,euclidean,distance
1245,6276,6277,0,0,0.27701100718408744,25,euclidean,distance
1246,6284,6285,0,0,0.036814298850539703,25,euclidean,distance
1247,6287,6288,0,0,0.04287450338359812,25,euclidean,distance
1248,6304,6305,1,0,0.16136831969644283,25,euclidean,distance
1249,6306,6307,0,0,0.036326276423179052,25,euclidean,distance
1250,6308,6309,0,0,0.15557234049001728,25,euclidean,distance
1251,6314,6315,0,0,0.11947720315152192,25,euclidean,distance
1252,6315,6316,1,0,0.35324100079615978,25,euclidean,distance
1253,6319,6320,0,0,0.31248238210188567,25,euclidean,distance
1254,6328,6329,0,0,0,25,euclidean,distance
1255,6334,6335,1,1,0.69271793768983059,25,euclidean,distance
1256,6335,6336,0,0,0,25,euclidean,distance
1257,6337,6338,0,0,0.47917641625957558,25,euclidean,distance
1258,6341,6342,0,1,0.79660909725263984,25,euclidean,distance
1259,6347,6348,0,0,0.23463975585008215,25,euclidean,distance
1260,6351,6352,1,0,0.3530030558487503,25,euclidean,distance
1261,6352,6353,0,1,0.51843461313734218,25,euclidean,distance
1262,6353,6354,0,0,0.33568180624694643,25,euclidean,distance
1263,6354,6355,0,0,0.33653992182471598,25,euclidean,distance
1264,6355,6356,0,0,0.067502530781636275,25,euclidean,distance
1265,6366,6367,1,0,0.36675137653305984,25,euclidean,distance
1266,6370,6371,0,1,0.63139527186276845,25,euclidean,distance
1267,6373,6374,1,1,0.56407308230886122,25,euclidean,distance
1268,6374,6375,0,0,0.036924201577629198,25,euclidean,distance
1269,6382,6383,0,1,0.59604704344037607,25,euclidean,distance
1270,6385,6386,0,0,0.081770362017125148,25,euclidean,distance
1271,6386,6387,1,1,0.69927214499345458,25,euclidean,distance
1272,6390,6391,0,0,0.037341585801773158,25,euclidean,distance
1273,6395,6396,1,0,0.30714281895101908,25,euclidean,distance
1274,6397,6398,0,0,0.07734839441046705,25,euclidean,distance
1275,6403,6404,1,0,0,25,euclidean,distance
1276,6411,6412,0,0,0.35733121273710139,25,euclidean,distance
1277,6414,6415,0,0,0.36334225340070386,25,euclidean,distance
1278,6423,6424,0,0,0,25,euclidean,distance
1279,6425,6426,0,0,0.11291779427839933,25,euclidean,distance
1280,6427,6428,0,0,0.064724022766479358,25,euclidean,distance
1281,6430,6431,0,0,0.15385869524190415,25,euclidean,distance
1282,6436,6437,0,0,0.20099250056612875,25,euclidean,distance
1283,6442,6443,0,0,0.29780841104952044,25,euclidean,distance
1284,6450,6451,0,0,0.20583761127223874,25,euclidean,distance
1285,6451,6452,0,0,0.037081060298326911,25,euclidean,distance
1286,6455,6456,0,1,0.66658448425743744,25,euclidean,distance
1287,6463,6464,0,0,0.19606493983349862,25,euclidean,distance
1288,6470,6471,0,0,0.3189885193613286,25,euclidean,distance
1289,6473,6474,0,0,0.16408154991324059,25,euclidean,distance
1290,6486,6487,1,1,0.84384220467533388,25,euclidean,distance
1291,6489,6490,1,0,0.08486879966485511,25,euclidean,distance
1292,6491,6492,0,0,0.32258350654799195,25,euclidean,distance
1293,6493,6494,0,0,0.4079539423450228,25,euclidean,distance
1294,6495,6496,0,0,0.15684530710883163,25,euclidean,distance
1295,6496,6497,0,0,0.18303651472911109,25,euclidean,distance
1296,6497,6498,0,0,0.1377367947176095,25,euclidean,distance
1297,6498,6499,0,0,0.03720867468098922,25,euclidean,distance
1298,6514,6515,1,0,0.15822402866912891,25,euclidean,distance
1299,6515,6516,1,0,0.031602029529074822,25,euclidean,distance
1300,6523,6524,0,0,0.24856059132764549,25,euclidean,distance
1301,6524,6525,0,0,0.24624924055753888,25,euclidean,distance
1302,6525,6526,0,0,0.040112926063281956,25,euclidean,distance
1303,6529,6530,0,0,0.21590039199077907,25,euclidean,distance
1304,6536,6537,0,0,0.26832157368987442,25,euclidean,distance
1305,6537,6538,0,0,0.11855711569073046,25,euclidean,distance
1306,6547,6548,0,0,0.038469738661275329,25,euclidean,distance
1307,6554,6555,0,0,0.076437204044674745,25,euclidean,distance
1308,6559,6560,1,0,0,25,euclidean,distance
1309,6563,6564,0,0,0.036353804377160633,25,euclidean,distance
1310,6564,6565,0,0,0.11511829410540621,25,euclidean,distance
1311,6565,6566,0,0,0.090014587587897377,25,euclidean,distance
1312,6569,6570,1,1,0.6318054001650717,25,euclidean,distance
1313,6571,6572,0,0,0.10821443430237422,25,euclidean,distance
1314,6572,6573,0,0,0.066574721718243496,25,euclidean,distance
1315,6582,6583,1,1,0.817574612693592,25,euclidean,distance
1316,6586,6587,0,0,0.081115854842210677,25,euclidean,distance
1317,6589,6590,0,0,0.082327236706228268,25,euclidean,distance
1318,6591,6592,0,1,0.5188838885582262,25,euclidean,distance
1319,6593,6594,0,0,0.25008307512721573,25,euclidean,distance
1320,6599,6600,0,0,0.075116901229964173,25,euclidean,distance
1321,6603,6604,0,0,0.06739894618688555,25,euclidean,distance
1322,6608,6609,0,0,0.14346639174193296,25,euclidean,distance
1323,6621,6622,1,1,0.59653219899446019,25,euclidean,distance
1324,6633,6634,0,0,0.036969586041242723,25,euclidean,distance
1325,6653,6654,1,0,0.14199345318995549,25,euclidean,distance
1326,6654,6655,1,0,0.37676909674146453,25,euclidean,distance
1327,6655,6656,0,0,0.079099091926734047,25,euclidean,distance
1328,6656,6657,0,0,0.21783855668531532,25,euclidean,distance
1329,6657,6658,0,0,0.39394827499687207,25,euclidean,distance
1330,6665,6666,0,0,0.37286289982583287,25,euclidean,distance
1331,6670,6671,0,0,0.11492537227233837,25,euclidean,distance
1332,6678,6679,1,0,0.12666123657991299,25,euclidean,distance
1333,6694,6695,0,0,0.23952243059209508,25,euclidean,distance
1334,6699,6700,0,0,0.34676860348527072,25,euclidean,distance
1335,6711,6712,0,0,0.074289234648869357,25,euclidean,distance
1336,6717,6718,1,0,0.1687353829135253,25,euclidean,distance
1337,6722,6723,0,0,0,25,euclidean,distance
1338,6724,6725,0,0,0.19459168406410912,25,euclidean,distance
1339,6729,6730,1,1,0.50585374957082618,25,euclidean,distance
1340,6731,6732,0,0,0.15856918557043842,25,euclidean,distance
1341,6732,6733,0,0,0.033630516739075904,25,euclidean,distance
1342,6734,6735,0,0,0.081253747388629824,25,euclidean,distance
1343,6736,6737,0,0,0.033306772042646718,25,euclidean,distance
1344,6737,6738,0,0,0.15458392698685908,25,euclidean,distance
1345,6738,6739,1,0,0.45786502430352366,25,euclidean,distance
1346,6744,6745,1,1,0.53100896284521815,25,euclidean,distance
1347,6745,6746,0,0,0,25,euclidean,distance
1348,6747,6748,0,0,0.21460871885923308,25,euclidean,distance
1349,6750,6751,1,1,0.66420593959437846,25,euclidean,distance
1350,6751,6752,1,0,0.11655467490932747,25,euclidean,distance
1351,6752,6753,1,1,0.77184190969760502,25,euclidean,distance
1352,6759,6760,0,0,0.19531122961992273,25,euclidean,distance
1353,6761,6762,0,0,0.16045359564798045,25,euclidean,distance
1354,6781,6782,0,0,0.11786280414958696,25,euclidean,distance
1355,6789,6790,0,0,0.15309520856076358,25,euclidean,distance
1356,6791,6792,0,0,0.07493377738131049,25,euclidean,distance
1357,6793,6794,0,0,0.038786855520536227,25,euclidean,distance
1358,6803,6804,0,0,0.074760656514200788,25,euclidean,distance
1359,6808,6809,0,0,0.071572842855295901,25,euclidean,distance
1360,6810,6811,0,0,0.040333963745078631,25,euclidean,distance
1361,6816,6817,0,0,0,25,euclidean,distance
1362,6819,6820,0,0,0.026900093254209688,25,euclidean,distance
1363,6821,6822,0,0,0.25148406939783713,25,euclidean,distance
1364,6834,6835,0,0,0,25,euclidean,distance
1365,6835,6836,0,0,0.44281976335734369,25,euclidean,distance
1366,6849,6850,0,0,0.051641751524073659,25,euclidean,distance
1367,6853,6854,1,0,0.050682586986902999,25,euclidean,distance
1368,6857,6858,1,0,0.16175593308751404,25,euclidean,distance
1369,6858,6859,0,0,0.10621481665924294,25,euclidean,distance
1370,6867,6868,0,0,0.30145696380768972,25,euclidean,distance
1371,6872,6873,0,0,0.20017728948354552,25,euclidean,distance
1372,6875,6876,1,1,0.7132861109959634,25,euclidean,distance
1373,6882,6883,0,0,0.074769238687604545,25,euclidean,distance
1374,6894,6895,1,1,0.90459285346647988,25,euclidean,distance
1375,6898,6899,0,0,0.15617682178525277,25,euclidean,distance
1376,6902,6903,0,0,0.19335764920693216,25,euclidean,distance
1377,6907,6908,0,0,0.15601242699443349,25,euclidean,distance
1378,6908,6909,0,0,0.31834085814449281,25,euclidean,distance
1379,6920,6921,1,0,0.12075457643851717,25,euclidean,distance
1380,6928,6929,0,0,0.081463839996241239,25,euclidean,distance
1381,6933,6934,0,0,0.18326320343719552,25,euclidean,distance
1382,6938,6939,0,0,0.48509967211821298,25,euclidean,distance
1383,6942,6943,1,0,0.2759609686342841,25,euclidean,distance
1384,6946,6947,1,0,0.19637832394124971,25,euclidean,distance
1385,6951,6952,1,1,0.5914970857937154,25,euclidean,distance
1386,6959,6960,0,0,0.033775962180306353,25,euclidean,distance
1387,6961,6962,0,1,0.67078676536342474,25,euclidean,distance
1388,6969,6970,0,0,0.27712174594575262,25,euclidean,distance
1389,6977,6978,0,0,0.042765965839783246,25,euclidean,distance
1390,6985,6986,0,0,0.088717736102594494,25,euclidean,distance
1391,6988,6989,1,0,0.39907980983739938,25,euclidean,distance
1392,6989,6990,0,0,0.41143762124469785,25,euclidean,distance
1393,6990,6991,0,0,0.42795146449942145,25,euclidean,distance
1394,6992,6993,0,0,0.31303817954806468,25,euclidean,distance
1395,6995,6996,1,0,0.32140937562124117,25,euclidean,distance
1396,6997,6998,0,0,0.22162638007973351,25,euclidean,distance
1397,7001,7002,0,0,0.2331391035589464,25,euclidean,distance
1398,7002,7003,0,1,0.83850472507888008,25,euclidean,distance
1399,7004,7005,0,0,0.25174786289502565,25,euclidean,distance
1400,7006,7007,0,0,0.13023331062478652,25,euclidean,distance
1401,7007,7008,0,0,0,25,euclidean,distance
1402,7009,7010,0,0,0.16948260480209157,25,euclidean,distance
1403,7010,7011,0,0,0.21727748248461451,25,euclidean,distance
1404,7017,7018,0,0,0.26837723200635982,25,euclidean,distance
1405,7023,7024,0,0,0.14833703369427542,25,euclidean,distance
1406,7024,7025,0,0,0.056871333765378569,25,euclidean,distance
1407,7032,7033,0,0,0.1551654561917665,25,euclidean,distance
1408,7038,7039,0,0,0.44979251033031825,25,euclidean,distance
1409,7039,7040,0,0,0.11578855735428402,25,euclidean,distance
1410,7045,7046,0,0,0,25,euclidean,distance
1411,7048,7049,1,0,0.47873057412299197,25,euclidean,distance
1412,7054,7055,0,0,0,25,euclidean,distance
1413,7058,7059,0,0,0.20608394368441257,25,euclidean,distance
1414,7060,7061,0,0,0.2970197683032777,25,euclidean,distance
1415,7067,7068,0,1,0.68866448358933341,25,euclidean,distance
1416,7070,7071,1,0,0.34395111411474161,25,euclidean,distance
1417,7072,7073,0,0,0.18795791956401126,25,euclidean,distance
1418,7088,7089,0,0,0.048109059703831718,25,euclidean,distance
1419,7090,7091,0,0,0.10146120121610987,25,euclidean,distance
1420,7091,7092,1,0,0.040772925642241678,25,euclidean,distance
1421,7092,7093,1,0,0.046816552823032147,25,euclidean,distance
1422,7094,7095,1,0,0.10107103390718056,25,euclidean,distance
1423,7103,7104,0,0,0.039522905633961748,25,euclidean,distance
1424,7114,7115,0,0,0.035746108361972548,25,euclidean,distance
1425,7121,7122,0,0,0.035164827466462448,25,euclidean,distance
1426,7122,7123,1,0,0.45487351786702207,25,euclidean,distance
1427,7126,7127,0,0,0.13499732386423918,25,euclidean,distance
1428,7131,7132,0,0,0.19384972640206449,25,euclidean,distance
1429,7132,7133,1,0,0.2853320388211118,25,euclidean,distance
1430,7138,7139,0,0,0.13796363999377348,25,euclidean,distance
1431,7143,7144,1,0,0.16391870048119053,25,euclidean,distance
1432,7146,7147,0,0,0.12251522501182616,25,euclidean,distance
1433,7153,7154,0,0,0.21172811615945777,25,euclidean,distance
1434,7154,7155,1,1,0.62803353187500255,25,euclidean,distance
1435,7156,7157,0,0,0.27638840629030997,25,euclidean,distance
1436,7161,7162,1,0,0.18354055056125074,25,euclidean,distance
1437,7162,7163,0,1,0.74344749294717538,25,euclidean,distance
1438,7167,7168,0,0,0.22946774203370937,25,euclidean,distance
1439,7169,7170,1,0,0.18831365712071477,25,euclidean,distance
1440,7171,7172,0,0,0.12345005339895007,25,euclidean,distance
1441,7174,7175,0,1,0.66909202638044196,25,euclidean,distance
1442,7187,7188,0,1,0.51240639863134851,25,euclidean,distance
1443,7190,7191,0,0,0.12117183187714764,25,euclidean,distance
1444,7194,7195,0,0,0.11638079651583394,25,euclidean,distance
1445,7195,7196,1,0,0.10814696824101901,25,euclidean,distance
1446,7197,7198,0,0,0.032698637232480836,25,euclidean,distance
1447,7206,7207,0,0,0.27558603662346381,25,euclidean,distance
1448,7231,7232,0,0,0.10271160881970309,25,euclidean,distance
1449,7232,7233,0,0,0.29768841164580512,25,euclidean,distance
1450,7235,7236,0,0,0.2414455880468587,25,euclidean,distance
1451,7240,7241,0,0,0,25,euclidean,distance
1452,7242,7243,0,0,0.1161146404605299,25,euclidean,distance
1453,7246,7247,0,0,0.18903309864304738,25,euclidean,distance
1454,7254,7255,0,0,0.27593653780062494,25,euclidean,distance
1455,7255,7256,0,0,0.041226209442889135,25,euclidean,distance
1456,7257,7258,1,0,0.20810122263064249,25,euclidean,distance
1457,7259,7260,0,0,0.084431872141995531,25,euclidean,distance
1458,7265,7266,1,0,0.43812054062378814,25,euclidean,distance
1459,7268,7269,0,1,0.62879346308766904,25,euclidean,distance
1460,7269,7270,0,0,0.15587541441571706,25,euclidean,distance
1461,7282,7283,0,0,0.092006382253913041,25,euclidean,distance
1462,7284,7285,0,0,0.28916689975527154,25,euclidean,distance
1463,7288,7289,0,0,0.099426576452187707,25,euclidean,distance
1464,7289,7290,0,0,0.18918816035189046,25,euclidean,distance
1465,7297,7298,0,0,0.18138845640215848,25,euclidean,distance
1466,7298,7299,0,0,0,25,euclidean,distance
1467,7304,7305,0,0,0.033144797664352854,25,euclidean,distance
1468,7313,7314,1,0,0.085614831571586308,25,euclidean,distance
1469,7314,7315,1,0,0.16246518096686427,25,euclidean,distance
1470,7316,7317,1,0,0.089254990896732805,25,euclidean,distance
1471,7319,7320,1,1,1,25,euclidean,distance
1472,7321,7322,0,0,0.03807931588755898,25,euclidean,distance
1473,7326,7327,0,0,0.16434625242542669,25,euclidean,distance
1474,7332,7333,0,0,0.11356430263878936,25,euclidean,distance
1475,7333,7334,0,0,0.19349655656693096,25,euclidean,distance
1476,7341,7342,0,0,0.11239769873673777,25,euclidean,distance
1477,7346,7347,0,0,0.21583892754917094,25,euclidean,distance
1478,7353,7354,0,0,0.23576422588576024,25,euclidean,distance
1479,7358,7359,0,0,0.085161138134098868,25,euclidean,distance
1480,7369,7370,0,0,0.33416942485560641,25,euclidean,distance
1481,7372,7373,0,0,0.1160965084794009,25,euclidean,distance
1482,7374,7375,1,0,0.11713009878838293,25,euclidean,distance
1483,7376,7377,0,0,0.43574913078089911,25,euclidean,distance
1484,7390,7391,0,0,0.23969357983768746,25,euclidean,distance
1485,7393,7394,0,0,0.10799451559116906,25,euclidean,distance
1486,7400,7401,0,0,0.10451756308120719,25,euclidean,distance
1487,7401,7402,0,0,0.13976027322645657,25,euclidean,distance
1488,7402,7403,1,0,0.19855700779710792,25,euclidean,distance
1489,7404,7405,1,0,0.063236052242340801,25,euclidean,distance
1490,7410,7411,0,0,0.11492351330111157,25,euclidean,distance
1491,7412,7413,0,0,0.37977135940883683,25,euclidean,distance
1492,7416,7417,0,1,0.57968525259505987,25,euclidean,distance
1493,7418,7419,0,0,0.19425725831831284,25,euclidean,distance
1494,7420,7421,0,0,0.31394935192059731,25,euclidean,distance
1495,7433,7434,1,0,0.10986233534897595,25,euclidean,distance
1496,7436,7437,1,1,0.81052951357590153,25,euclidean,distance
1497,7438,7439,0,0,0.15051198000027979,25,euclidean,distance
1498,7441,7442,0,0,0.18523665938740544,25,euclidean,distance
1499,7444,7445,0,0,0.18611147148677018,25,euclidean,distance
1500,7448,7449,0,0,0.079935105737442863,25,euclidean,distance
1501,7453,7454,0,0,0.22008955220526966,25,euclidean,distance
1502,7460,7461,0,0,0.078216574038771358,25,euclidean,distance
1503,7463,7464,0,0,0.058628009276792493,25,euclidean,distance
1504,7466,7467,0,0,0.074245987882151809,25,euclidean,distance
1505,7471,7472,0,0,0.043982514557493579,25,euclidean,distance
1506,7476,7477,1,0,0.19858775120163241,25,euclidean,distance
1507,7477,7478,0,0,0.16470416387930803,25,euclidean,distance
1508,7487,7488,0,0,0.074804707312042334,25,euclidean,distance
1509,7489,7490,0,0,0.2683456797459644,25,euclidean,distance
1510,7498,7499,0,0,0.083413754014095134,25,euclidean,distance
1511,7505,7506,1,0,0.45060256538432036,25,euclidean,distance
1512,7511,7512,0,0,0.22887181798706044,25,euclidean,distance
1513,7516,7517,0,0,0.35708209324084483,25,euclidean,distance
1514,7517,7518,0,0,0.17060167963942,25,euclidean,distance
1515,7527,7528,0,0,0.4520901432971704,25,euclidean,distance
1516,7530,7531,1,1,0.72439496654788216,25,euclidean,distance
1517,7533,7534,0,0,0.33039337482623554,25,euclidean,distance
1518,7536,7537,1,0,0,25,euclidean,distance
1519,7540,7541,0,0,0.075795229696422231,25,euclidean,distance
1520,7542,7543,1,0,0.31788906131581063,25,euclidean,distance
1521,7547,7548,0,0,0.07598037978677738,25,euclidean,distance
1522,7562,7563,0,0,0.21579332761240966,25,euclidean,distance
1523,7566,7567,0,0,0.15899587623230452,25,euclidean,distance
1524,7575,7576,0,0,0,25,euclidean,distance
1525,7580,7581,0,0,0,25,euclidean,distance
1526,7589,7590,0,1,0.78065080625977423,25,euclidean,distance
1527,7592,7593,0,0,0.23852844239373183,25,euclidean,distance
1528,7593,7594,0,0,0.037809677608174996,25,euclidean,distance
1529,7596,7597,0,0,0,25,euclidean,distance
1530,7602,7603,1,0,0.11838224826711383,25,euclidean,distance
1531,7604,7605,0,0,0.11385023762147553,25,euclidean,distance
1532,7606,7607,1,0,0,25,euclidean,distance
1533,7611,7612,0,0,0.037080706662171864,25,euclidean,distance
1534,7612,7613,0,0,0,25,euclidean,distance
1535,7617,7618,1,0,0.19983235277228131,25,euclidean,distance
1536,7636,7637,0,0,0,25,euclidean,distance
1537,7652,7653,0,0,0.24970691303239845,25,euclidean,distance
1538,7654,7655,0,0,0.09190531343986981,25,euclidean,distance
1539,7657,7658,0,0,0.13601713824510245,25,euclidean,distance
1540,7659,7660,0,1,0.79643919288335474,25,euclidean,distance
1541,7660,7661,1,0,0.3644501281837077,25,euclidean,distance
1542,7665,7666,0,0,0.084160694155192006,25,euclidean,distance
1543,7668,7669,0,0,0.16491125119614108,25,euclidean,distance
1544,7678,7679,0,0,0.11040271319737932,25,euclidean,distance
1545,7681,7682,1,1,0.50303370483507459,25,euclidean,distance
1546,7696,7697,1,0,0.2184557490987428,25,euclidean,distance
1547,7704,7705,0,0,0.46577254588911426,25,euclidean,distance
1548,7711,7712,0,0,0.43271641751764206,25,euclidean,distance
1549,7713,7714,0,0,0.068873078068847446,25,euclidean,distance
1550,7715,7716,0,0,0.13513155576479549,25,euclidean,distance
1551,7716,7717,0,0,0.072261823788578455,25,euclidean,distance
1552,7719,7720,0,0,0.033501089783198316,25,euclidean,distance
1553,7728,7729,0,0,0.046524997227943336,25,euclidean,distance
1554,7749,7750,1,0,0.044775256933003216,25,euclidean,distance
1555,7750,7751,0,0,0.27135608238871961,25,euclidean,distance
1556,7759,7760,0,0,0.46758475021795826,25,euclidean,distance
1557,7773,7774,0,0,0.30783253758631701,25,euclidean,distance
1558,7776,7777,1,0,0.36829034702808894,25,euclidean,distance
1559,7777,7778,1,0,0.069169466634187771,25,euclidean,distance
1560,7778,7779,0,0,0,25,euclidean,distance
1561,7784,7785,1,0,0.16814614731728153,25,euclidean,distance
1562,7785,7786,1,0,0.48081406679002631,25,euclidean,distance
1563,7794,7795,0,0,0.092542620805669384,25,euclidean,distance
1564,7795,7796,0,0,0.15053634435155486,25,euclidean,distance
1565,7798,7799,0,0,0.20138904138887409,25,euclidean,distance
1566,7802,7803,1,1,0.79703526694458604,25,euclidean,distance
1567,7814,7815,0,0,0.16623901680447317,25,euclidean,distance
1568,7837,7838,0,0,0,25,euclidean,distance
1569,7840,7841,0,0,0.083476077824907763,25,euclidean,distance
1570,7851,7852,0,0,0.19139277261867124,25,euclidean,distance
1571,7855,7856,0,0,0.20487836448367927,25,euclidean,distance
1572,7857,7858,0,0,0.39539722404364186,25,euclidean,distance
1573,7863,7864,0,0,0.12411426176423336,25,euclidean,distance
1574,7866,7867,0,0,0.084882648855530846,25,euclidean,distance
1575,7884,7885,0,0,0.085701716441931183,25,euclidean,distance
1576,7890,7891,0,0,0.12155447329954099,25,euclidean,distance
1577,7891,7892,0,0,0.15705486011825004,25,euclidean,distance
1578,7903,7904,0,0,0.24158880227203172,25,euclidean,distance
1579,7914,7915,0,0,0.037314983635346459,25,euclidean,distance
1580,7915,7916,0,0,0,25,euclidean,distance
1581,7917,7918,0,0,0.059394930931276277,25,euclidean,distance
1582,7921,7922,1,0,0.14755916233479621,25,euclidean,distance
1583,7928,7929,1,0,0.21717260373698,25,euclidean,distance
1584,7931,7932,0,0,0.085554953869579606,25,euclidean,distance
1585,7934,7935,1,0,0.40066941588774485,25,euclidean,distance
1586,7937,7938,0,0,0.12011567344334222,25,euclidean,distance
1587,7938,7939,0,0,0,25,euclidean,distance
1588,7945,7946,1,0,0.32368275896257576,25,euclidean,distance
1589,7947,7948,0,0,0.27193182643342595,25,euclidean,distance
1590,7955,7956,0,0,0.37294932647958634,25,euclidean,distance
1591,7958,7959,0,0,0.20389619681345861,25,euclidean,distance
1592,7959,7960,0,1,0.72102578442174792,25,euclidean,distance
1593,7973,7974,0,0,0.39667000821966147,25,euclidean,distance
1594,7974,7975,0,0,0.038741579451241376,25,euclidean,distance
1595,7982,7983,0,1,0.55196941597134341,25,euclidean,distance
1596,8003,8004,0,0,0.1585849817440072,25,euclidean,distance
1597,8004,8005,1,0,0.11470291629430295,25,euclidean,distance
1598,8020,8021,1,0,0.099526995152669606,25,euclidean,distance
1599,8022,8023,0,0,0.19162192395213065,25,euclidean,distance
1600,8033,8034,0,0,0.074723551735397048,25,euclidean,distance
1601,8037,8038,0,0,0.15956078357828582,25,euclidean,distance
1602,8043,8044,1,0,0.11630679207926409,25,euclidean,distance
1603,8044,8045,0,0,0.28431713223944366,25,euclidean,distance
1604,8046,8047,0,1,0.65062416340963869,25,euclidean,distance
1605,8048,8049,1,1,0.76003121413090058,25,euclidean,distance
1606,8055,8056,1,0,0.094029376926880612,25,euclidean,distance
1607,8061,8062,0,0,0.23835455450153017,25,euclidean,distance
1608,8064,8065,0,0,0.19235890573618625,25,euclidean,distance
1609,8066,8067,0,0,0.046296314739529887,25,euclidean,distance
1610,8071,8072,0,0,0.22801481437529608,25,euclidean,distance
1611,8072,8073,0,0,0.19396424116120364,25,euclidean,distance
1612,8075,8076,0,0,0.36276140399275225,25,euclidean,distance
1613,8080,8081,0,0,0.06905413102437459,25,euclidean,distance
1614,8085,8086,0,0,0.16223474438639821,25,euclidean,distance
1615,8090,8091,1,1,0.59468956971611753,25,euclidean,distance
1616,8091,8092,0,0,0.23940434936967844,25,euclidean,distance
1617,8100,8101,0,0,0.079731846002291829,25,euclidean,distance
1618,8107,8108,0,0,0.23611517174621452,25,euclidean,distance
1619,8116,8117,0,0,0.10212922757854605,25,euclidean,distance
1620,8117,8118,1,1,0.64694513978844137,25,euclidean,distance
1621,8118,8119,1,0,0.034605116413554987,25,euclidean,distance
1622,8119,8120,0,0,0.076313984952428526,25,euclidean,distance
1623,8120,8121,0,0,0.079543509142802699,25,euclidean,distance
1624,8121,8122,0,0,0.066879781911965613,25,euclidean,distance
1625,8128,8129,0,0,0.2135083221350508,25,euclidean,distance
1626,8129,8130,0,1,0.68705108089063927,25,euclidean,distance
1627,8141,8142,0,0,0.25468747452491824,25,euclidean,distance
1628,8143,8144,0,0,0.27295624468320911,25,euclidean,distance
1629,8146,8147,0,0,0.1564511513769738,25,euclidean,distance
1630,8147,8148,1,0,0.029414379134692647,25,euclidean,distance
1631,8148,8149,1,0,0.3052564377887535,25,euclidean,distance
1632,8149,8150,0,0,0.074583766052137554,25,euclidean,distance
1633,8164,8165,0,0,0.20123358984354628,25,euclidean,distance
1634,8169,8170,0,0,0.26004525575579995,25,euclidean,distance
1635,8170,8171,0,0,0.063757722092333408,25,euclidean,distance
1636,8171,8172,1,0,0.39701207245802456,25,euclidean,distance
1637,8175,8176,1,0,0.039312027148715158,25,euclidean,distance
1638,8178,8179,1,1,0.78984732117013023,25,euclidean,distance
1639,8180,8181,1,0,0.11299132487796376,25,euclidean,distance
1640,8183,8184,0,0,0.16640470695770204,25,euclidean,distance
1641,8186,8187,0,0,0.034250958838541803,25,euclidean,distance
1642,8187,8188,1,0,0.035361717226230306,25,euclidean,distance
1643,8198,8199,0,0,0.063930820631614288,25,euclidean,distance
1644,8204,8205,0,0,0.19803206583697044,25,euclidean,distance
1645,8206,8207,0,0,0.18258975194317953,25,euclidean,distance
1646,8214,8215,0,0,0.071404022736891851,25,euclidean,distance
1647,8218,8219,0,0,0.11935219783435685,25,euclidean,distance
1648,8220,8221,0,0,0.037599308192639076,25,euclidean,distance
1649,8224,8225,0,1,0.64901463797964609,25,euclidean,distance
1650,8226,8227,0,0,0.19442133017826807,25,euclidean,distance
1651,8227,8228,1,0,0.13831372178702264,25,euclidean,distance
1652,8253,8254,0,0,0.11502034686175437,25,euclidean,distance
1653,8254,8255,0,0,0.24343980476360794,25,euclidean,distance
1654,8259,8260,1,0,0.30113584285480666,25,euclidean,distance
1655,8266,8267,0,0,0.079410424154561024,25,euclidean,distance
1656,8272,8273,0,0,0.11844832900490462,25,euclidean,distance
1657,8273,8274,0,0,0.052387030147932501,25,euclidean,distance
1658,8279,8280,0,0,0.059810846587799324,25,euclidean,distance
1659,8283,8284,0,0,0.20321607523804733,25,euclidean,distance
1660,8288,8289,1,0,0.03453235024108782,25,euclidean,distance
1661,8290,8291,0,0,0,25,euclidean,distance
1662,8292,8293,1,0,0.20278226295114604,25,euclidean,distance
1663,8295,8296,1,1,0.80114287512751359,25,euclidean,distance
1664,8299,8300,0,0,0.16677852855860159,25,euclidean,distance
1665,8301,8302,0,0,0.038416578215174552,25,euclidean,distance
1666,8310,8311,0,0,0.04964089213379283,25,euclidean,distance
1667,8312,8313,0,0,0.10841296552538535,25,euclidean,distance
1668,8316,8317,0,0,0.20833249452886463,25,euclidean,distance
1669,8317,8318,0,0,0.093642378478641958,25,euclidean,distance
1670,8320,8321,1,1,0.52946809059889366,25,euclidean,distance
1671,8324,8325,0,0,0.15805380317615039,25,euclidean,distance
1672,8331,8332,0,0,0.11374122391974981,25,euclidean,distance
1673,8343,8344,0,0,0.21046469620019667,25,euclidean,distance
1674,8349,8350,0,0,0.14163518386686635,25,euclidean,distance
1675,8351,8352,0,0,0,25,euclidean,distance
1676,8354,8355,0,0,0.029838307985774457,25,euclidean,distance
1677,8356,8357,0,0,0.36924511627210088,25,euclidean,distance
1678,8372,8373,0,0,0.095111229517189116,25,euclidean,distance
1679,8378,8379,0,0,0.12981518067492295,25,euclidean,distance
1680,8388,8389,1,0,0.078366103881755425,25,euclidean,distance
1681,8400,8401,0,1,0.63655976137751524,25,euclidean,distance
1682,8403,8404,0,0,0.23011937545007222,25,euclidean,distance
1683,8409,8410,0,0,0.081201050209691913,25,euclidean,distance
1684,8422,8423,0,0,0.088911767459861832,25,euclidean,distance
1685,8431,8432,0,0,0.19430618127622945,25,euclidean,distance
1686,8432,8433,0,0,0.28673424350537596,25,euclidean,distance
1687,8434,8435,0,0,0.14907185892580738,25,euclidean,distance
1688,8438,8439,0,0,0.083602884755219598,25,euclidean,distance
1689,8441,8442,0,0,0.34071679174152575,25,euclidean,distance
1690,8446,8447,1,0,0.33876560697590857,25,euclidean,distance
1691,8450,8451,0,0,0.041244006119300881,25,euclidean,distance
1692,8453,8454,1,0,0.17104351899087342,25,euclidean,distance
1693,8463,8464,0,0,0.087207265910028073,25,euclidean,distance
1694,8464,8465,0,0,0.039163142521597145,25,euclidean,distance
1695,8465,8466,0,0,0.038952569356135315,25,euclidean,distance
1696,8468,8469,1,1,0.66528027615735141,25,euclidean,distance
1697,8470,8471,1,1,0.76403941932234698,25,euclidean,distance
1698,8477,8478,0,0,0,25,euclidean,distance
1699,8480,8481,0,0,0.15210314351517934,25,euclidean,distance
1700,8488,8489,0,0,0.045563577805431937,25,euclidean,distance
1701,8489,8490,0,0,0.27319067633352895,25,euclidean,distance
1702,8494,8495,0,0,0.42035973509416769,25,euclidean,distance
1703,8496,8497,0,0,0.2789254243337686,25,euclidean,distance
1704,8497,8498,0,0,0.17399887996758051,25,euclidean,distance
1705,8500,8501,0,0,0.084322489629644892,25,euclidean,distance
1706,8513,8514,1,0,0.18107250851955564,25,euclidean,distance
1707,8520,8521,1,1,0.78807117210234634,25,euclidean,distance
1708,8522,8523,0,0,0.36803983902236714,25,euclidean,distance
1709,8527,8528,0,0,0.096631113761927123,25,euclidean,distance
1710,8529,8530,0,0,0.041259850824116699,25,euclidean,distance
1711,8536,8537,0,0,0.039302751244088815,25,euclidean,distance
1712,8539,8540,0,0,0.15736505357543762,25,euclidean,distance
1713,8541,8542,1,0,0.11353124685496824,25,euclidean,distance
1714,8549,8550,0,0,0.19101954884327407,25,euclidean,distance
1715,8559,8560,0,0,0.1456678481692095,25,euclidean,distance
1716,8561,8562,0,0,0.14686169811998243,25,euclidean,distance
1717,8565,8566,0,0,0.053873611174238091,25,euclidean,distance
1718,8566,8567,0,0,0.067147794245584258,25,euclidean,distance
1719,8568,8569,0,0,0.13870871070466634,25,euclidean,distance
1720,8569,8570,0,0,0.10794171055799735,25,euclidean,distance
1721,8573,8574,1,1,0.69816786667701247,25,euclidean,distance
1722,8574,8575,1,0,0,25,euclidean,distance
1723,8579,8580,0,0,0.11395681622691961,25,euclidean,distance
1724,8583,8584,0,0,0.17138617936173989,25,euclidean,distance
1725,8599,8600,1,1,0.52363548660194648,25,euclidean,distance
1726,8608,8609,0,1,0.68173696035053066,25,euclidean,distance
1727,8616,8617,1,0,0.15871276280474048,25,euclidean,distance
1728,8632,8633,0,0,0.4341149758564844,25,euclidean,distance
1729,8638,8639,0,0,0.074941254538899021,25,euclidean,distance
1730,8642,8643,0,0,0,25,euclidean,distance
1731,8648,8649,0,0,0.11342736202056904,25,euclidean,distance
1732,8656,8657,0,1,0.58764504747373858,25,euclidean,distance
1733,8657,8658,1,0,0.038070034472843739,25,euclidean,distance
1734,8659,8660,0,0,0.39699113980809891,25,euclidean,distance
1735,8662,8663,0,0,0.15124706877629121,25,euclidean,distance
1736,8663,8664,0,0,0,25,euclidean,distance
1737,8667,8668,1,0,0.12654843583872835,25,euclidean,distance
1738,8675,8676,0,0,0.11477876590996751,25,euclidean,distance
1739,8681,8682,0,0,0.19619247446705781,25,euclidean,distance
1740,8683,8684,0,0,0.031377096914527558,25,euclidean,distance
1741,8684,8685,0,0,0.18622471981359418,25,euclidean,distance
1742,8689,8690,1,0,0.13783237541164997,25,euclidean,distance
1743,8698,8699,0,0,0.046066265360071024,25,euclidean,distance
1744,8715,8716,0,0,0.077476959564033318,25,euclidean,distance
1745,8719,8720,0,0,0.064717688361624365,25,euclidean,distance
1746,8723,8724,0,1,0.54663123789847412,25,euclidean,distance
1747,8725,8726,1,0,0.039850795787059003,25,euclidean,distance
1748,8726,8727,0,0,0.28417207695504082,25,euclidean,distance
1749,8728,8729,0,0,0.24689961796046586,25,euclidean,distance
1750,8730,8731,0,0,0.11767722542241697,25,euclidean,distance
1751,8738,8739,0,0,0.18657406127484952,25,euclidean,distance
1752,8753,8754,0,0,0.11148628308089673,25,euclidean,distance
1753,8755,8756,1,0,0.49687914973514513,25,euclidean,distance
1754,8757,8758,0,0,0,25,euclidean,distance
1755,8760,8761,0,0,0.038483323133320937,25,euclidean,distance
1756,8767,8768,0,0,0.31347434966357007,25,euclidean,distance
1757,8770,8771,0,0,0.26423735883303062,25,euclidean,distance
1758,8774,8775,0,0,0.092160181378340339,25,euclidean,distance
1759,8779,8780,0,0,0.083311934937935955,25,euclidean,distance
1760,8783,8784,0,0,0.12683711899225344,25,euclidean,distance
1761,8787,8788,0,0,0.040964584683857899,25,euclidean,distance
1762,8788,8789,1,1,0.51053662334725547,25,euclidean,distance
1763,8803,8804,0,0,0.41136080711800954,25,euclidean,distance
1764,8808,8809,1,1,0.57727652723754364,25,euclidean,distance
1765,8809,8810,0,0,0.12835094838021185,25,euclidean,distance
1766,8811,8812,1,0,0.26094599638860477,25,euclidean,distance
1767,8813,8814,0,0,0.10903158979776487,25,euclidean,distance
1768,8817,8818,1,0,0.19663626945508511,25,euclidean,distance
1769,8821,8822,1,1,0.76501004576747156,25,euclidean,distance
1770,8833,8834,0,0,0.13228397460942881,25,euclidean,distance
1771,8836,8837,0,0,0.084754289129490012,25,euclidean,distance
1772,8840,8841,0,0,0.14564448723963558,25,euclidean,distance
1773,8855,8856,1,0,0.1483420840579556,25,euclidean,distance
1774,8856,8857,1,1,0.8455555719106419,25,euclidean,distance
1775,8860,8861,0,0,0.15568092015532564,25,euclidean,distance
1776,8865,8866,1,0,0.3126843223970231,25,euclidean,distance
1777,8872,8873,0,0,0,25,euclidean,distance
1778,8873,8874,0,0,0.07697767662945687,25,euclidean,distance
1779,8887,8888,0,0,0.1626185531117196,25,euclidean,distance
1780,8889,8890,0,0,0.083680918487725076,25,euclidean,distance
1781,8894,8895,0,0,0.081332261824173149,25,euclidean,distance
1782,8897,8898,0,0,0.15527385518876871,25,euclidean,distance
1783,8902,8903,0,0,0.20212959097411309,25,euclidean,distance
1784,8907,8908,0,0,0.22115067527813642,25,euclidean,distance
1785,8914,8915,0,0,0.086224664950009189,25,euclidean,distance
1786,8924,8925,0,0,0,25,euclidean,distance
1787,8932,8933,1,1,0.56896385163848517,25,euclidean,distance
1788,8942,8943,0,0,0.078824201059298937,25,euclidean,distance
1789,8946,8947,0,0,0.20681463461077873,25,euclidean,distance
1790,8947,8948,1,0,0.22936333830663058,25,euclidean,distance
1791,8950,8951,0,0,0,25,euclidean,distance
1792,8957,8958,0,0,0.12247526744800047,25,euclidean,distance
1793,8958,8959,1,0,0.10764948641959085,25,euclidean,distance
1794,8962,8963,0,0,0.20399256386102477,25,euclidean,distance
1795,8973,8974,0,1,0.64514664525068177,25,euclidean,distance
1796,8980,8981,0,0,0.035297792594629535,25,euclidean,distance
1797,8982,8983,0,0,0.16350003476378838,25,euclidean,distance
1798,8986,8987,0,0,0.080644907465128798,25,euclidean,distance
1799,8989,8990,0,0,0.12631517968887182,25,euclidean,distance
1800,8990,8991,0,0,0.07190157603870892,25,euclidean,distance
1801,8998,8999,1,0,0.45052200740115322,25,euclidean,distance
1802,8999,9000,0,0,0.11880119389095233,25,euclidean,distance
1803,9000,9001,0,0,0.26310417011649484,25,euclidean,distance
1804,9001,9002,0,0,0.15505329454110447,25,euclidean,distance
1805,9002,9003,1,0,0.28371508643334925,25,euclidean,distance
1806,9003,9004,0,1,0.70661423761750808,25,euclidean,distance
1807,9006,9007,1,1,0.64901773582131217,25,euclidean,distance
1808,9010,9011,0,0,0.28306158856387603,25,euclidean,distance
1809,9011,9012,1,0,0.32643206473000108,25,euclidean,distance
1810,9012,9013,0,1,0.62754457800181784,25,euclidean,distance
1811,9013,9014,0,0,0.33743542392957931,25,euclidean,distance
1812,9015,9016,0,0,0.070007336283868737,25,euclidean,distance
1813,9020,9021,0,0,0,25,euclidean,distance
1814,9030,9031,0,0,0.10789178388623399,25,euclidean,distance
1815,9031,9032,1,1,0.56732585419180592,25,euclidean,distance
1816,9032,9033,0,0,0.12116066818424352,25,euclidean,distance
1817,9035,9036,0,0,0.15495390087905586,25,euclidean,distance
1818,9036,9037,0,0,0.18517355359430868,25,euclidean,distance
1819,9037,9038,0,0,0.49784822579944277,25,euclidean,distance
1820,9043,9044,1,0,0.27804066630424012,25,euclidean,distance
1821,9044,9045,0,0,0.15414314706505186,25,euclidean,distance
1822,9050,9051,0,0,0.42762528817660955,25,euclidean,distance
1823,9061,9062,0,0,0.40532335305674116,25,euclidean,distance
1824,9062,9063,1,1,0.78090988726821053,25,euclidean,distance
1825,9073,9074,0,0,0.44251203746900647,25,euclidean,distance
1826,9079,9080,0,1,0.88152988809452326,25,euclidean,distance
1827,9089,9090,1,1,0.56519882677699929,25,euclidean,distance
1828,9091,9092,0,0,0.1673264527895339,25,euclidean,distance
1829,9093,9094,1,0,0.43363735610809778,25,euclidean,distance
1830,9095,9096,1,0,0.24972079892259286,25,euclidean,distance
1831,9097,9098,0,0,0.33251202490448672,25,euclidean,distance
1832,9099,9100,0,0,0.15760247293229734,25,euclidean,distance
1833,9103,9104,0,0,0.15664872922006259,25,euclidean,distance
1834,9105,9106,1,0,0.067285871576539466,25,euclidean,distance
1835,9110,9111,1,1,0.7713043168401259,25,euclidean,distance
1836,9112,9113,0,0,0.28850763729775236,25,euclidean,distance
1837,9117,9118,0,0,0.097441814900060875,25,euclidean,distance
1838,9130,9131,1,1,0.67986499910349962,25,euclidean,distance
1839,9132,9133,0,0,0.11379481957927538,25,euclidean,distance
1840,9134,9135,0,0,0.036382221364022617,25,euclidean,distance
1841,9135,9136,0,0,0.16525634193935107,25,euclidean,distance
1842,9136,9137,0,0,0.1698532058753762,25,euclidean,distance
1843,9137,9138,0,0,0.11425570022009272,25,euclidean,distance
1844,9142,9143,1,1,0.61822576400752938,25,euclidean,distance
1845,9146,9147,1,1,0.60267613210957827,25,euclidean,distance
1846,9154,9155,0,0,0.045806827869632222,25,euclidean,distance
1847,9157,9158,0,0,0.035626444175754016,25,euclidean,distance
1848,9165,9166,0,0,0.19552165985716008,25,euclidean,distance
1849,9177,9178,0,0,0.17629422997517555,25,euclidean,distance
1850,9182,9183,0,0,0.080733155319622399,25,euclidean,distance
1851,9184,9185,1,0,0.073812571033185087,25,euclidean,distance
1852,9186,9187,0,0,0.12779021756466527,25,euclidean,distance
1853,9188,9189,0,0,0.38877799955316106,25,euclidean,distance
1854,9190,9191,1,1,0.76872924325860903,25,euclidean,distance
1855,9191,9192,0,0,0.1426823296283978,25,euclidean,distance
1856,9200,9201,0,0,0.163513356420562,25,euclidean,distance
1857,9205,9206,0,0,0.21668026590476971,25,euclidean,distance
1858,9209,9210,0,0,0.039507761160964883,25,euclidean,distance
1859,9210,9211,1,0,0.28183209314926799,25,euclidean,distance
1860,9215,9216,1,0,0.088962214076415899,25,euclidean,distance
1861,9218,9219,1,0,0.1192572969187623,25,euclidean,distance
1862,9229,9230,0,0,0.13014232833886197,25,euclidean,distance
1863,9233,9234,0,1,0.62382850615725238,25,euclidean,distance
1864,9236,9237,0,0,0.26520489667733527,25,euclidean,distance
1865,9238,9239,0,0,0,25,euclidean,distance
1866,9240,9241,0,0,0.11671767582963496,25,euclidean,distance
1867,9245,9246,0,0,0.074973643925370786,25,euclidean,distance
1868,9246,9247,1,0,0.29972301793783646,25,euclidean,distance
1869,9250,9251,0,0,0.11952715429714211,25,euclidean,distance
1870,9251,9252,0,0,0.36113554640662093,25,euclidean,distance
1871,9267,9268,0,0,0.035373489007898044,25,euclidean,distance
1872,9273,9274,0,0,0.049706295397885771,25,euclidean,distance
1873,9274,9275,0,0,0.20763998890993721,25,euclidean,distance
1874,9276,9277,0,0,0.076271290915170611,25,euclidean,distance
1875,9281,9282,0,0,0.19374032268189953,25,euclidean,distance
1876,9284,9285,0,0,0.077125486225022286,25,euclidean,distance
1877,9286,9287,1,1,0.93954625333804453,25,euclidean,distance
1878,9291,9292,0,0,0.15255094902035185,25,euclidean,distance
1879,9306,9307,0,0,0.23790584937497689,25,euclidean,distance
1880,9309,9310,0,0,0.038651851848062926,25,euclidean,distance
1881,9314,9315,1,0,0.074348779090397707,25,euclidean,distance
1882,9319,9320,0,0,0,25,euclidean,distance
1883,9324,9325,0,0,0.1164946943104834,25,euclidean,distance
1884,9333,9334,0,0,0.072104235153426635,25,euclidean,distance
1885,9335,9336,0,0,0.16868740106633393,25,euclidean,distance
1886,9342,9343,0,0,0.15861298568817686,25,euclidean,distance
1887,9353,9354,0,0,0.16501570639621063,25,euclidean,distance
1888,9356,9357,1,0,0.1484154064314499,25,euclidean,distance
1889,9358,9359,0,0,0.04015326787623285,25,euclidean,distance
1890,9371,9372,0,0,0.19651316864940557,25,euclidean,distance
1891,9385,9386,1,1,0.80068951416556167,25,euclidean,distance
1892,9386,9387,0,0,0.28808165800114399,25,euclidean,distance
1893,9389,9390,0,1,0.66208245982891634,25,euclidean,distance
1894,9393,9394,0,0,0.076802381836439546,25,euclidean,distance
1895,9401,9402,0,0,0.12890971350169889,25,euclidean,distance
1896,9416,9417,0,0,0.071511950813554881,25,euclidean,distance
1897,9420,9421,0,0,0.25412096817996987,25,euclidean,distance
1898,9425,9426,0,0,0.34614161014981015,25,euclidean,distance
1899,9426,9427,0,0,0.27184225862068828,25,euclidean,distance
1900,9446,9447,0,0,0.26701269956191942,25,euclidean,distance
1901,9447,9448,0,0,0.23978985729951965,25,euclidean,distance
1902,9449,9450,1,0,0.10519109564232436,25,euclidean,distance
1903,9450,9451,0,0,0.042594551956885225,25,euclidean,distance
1904,9464,9465,0,0,0.15458248109971334,25,euclidean,distance
1905,9475,9476,1,1,0.53711203158293452,25,euclidean,distance
1906,9479,9480,1,0,0.46516329207108931,25,euclidean,distance
1907,9489,9490,0,0,0.036285475965927752,25,euclidean,distance
1908,9492,9493,1,1,0.63469354187838689,25,euclidean,distance
1909,9495,9496,0,0,0.10344357157476654,25,euclidean,distance
1910,9497,9498,0,0,0,25,euclidean,distance
1911,9502,9503,0,0,0.074944496130764593,25,euclidean,distance
1912,9504,9505,0,0,0.069946902532684638,25,euclidean,distance
1913,9507,9508,0,0,0.34099043420634811,25,euclidean,distance
1914,9509,9510,0,0,0.11400654087166019,25,euclidean,distance
1915,9517,9518,1,1,0.68977944664776192,25,euclidean,distance
1916,9521,9522,0,0,0.35909535313490365,25,euclidean,distance
1917,9526,9527,0,0,0.11908130785247989,25,euclidean,distance
1918,9528,9529,0,0,0.39026507997267562,25,euclidean,distance
1919,9531,9532,1,0,0.10655668634835072,25,euclidean,distance
1920,9541,9542,0,0,0.12221163416510845,25,euclidean,distance
1921,9550,9551,0,1,0.8207476763380851,25,euclidean,distance
1922,9552,9553,0,0,0.11588135005943404,25,euclidean,distance
1923,9554,9555,0,0,0.031360794870958733,25,euclidean,distance
1924,9563,9564,0,0,0.12278733369211289,25,euclidean,distance
1925,9566,9567,1,0,0.29981421599666974,25,euclidean,distance
1926,9569,9570,0,0,0.040048091742487302,25,euclidean,distance
1927,9581,9582,0,0,0.21875192101348415,25,euclidean,distance
1928,9588,9589,0,0,0.15616005483452089,25,euclidean,distance
1929,9592,9593,0,0,0.032950880524936138,25,euclidean,distance
1930,9596,9597,0,0,0.28964188974172433,25,euclidean,distance
1931,9598,9599,0,0,0.041844852993686787,25,euclidean,distance
1932,9601,9602,0,0,0.1514251272221783,25,euclidean,distance
1933,9609,9610,1,0,0.49119901410911648,25,euclidean,distance
1934,9622,9623,0,0,0.15074846294284364,25,euclidean,distance
1935,9625,9626,1,0,0.19000199380514646,25,euclidean,distance
1936,9634,9635,0,0,0.20788971279082255,25,euclidean,distance
1937,9641,9642,0,0,0.10020702165928853,25,euclidean,distance
1938,9663,9664,0,0,0.07554114784557428,25,euclidean,distance
1939,9669,9670,0,0,0.18980175077429295,25,euclidean,distance
1940,9671,9672,0,1,0.82664557148709361,25,euclidean,distance
1941,9678,9679,0,0,0.14991706193844601,25,euclidean,distance
1942,9681,9682,0,0,0.03784879951246678,25,euclidean,distance
1943,9713,9714,0,0,0.20117056695996277,25,euclidean,distance
1944,9715,9716,0,0,0.35854641557973654,25,euclidean,distance
1945,9718,9719,1,0,0.318148393130048,25,euclidean,distance
1946,9721,9722,1,0,0.11766554991104512,25,euclidean,distance
1947,9722,9723,0,0,0.079806224161707004,25,euclidean,distance
1948,9726,9727,1,0,0.10750468123772437,25,euclidean,distance
1949,9728,9729,0,0,0.24348681820026577,25,euclidean,distance
1950,9742,9743,0,0,0.11468524869644114,25,euclidean,distance
1951,9743,9744,0,0,0.1234145308041827,25,euclidean,distance
1952,9759,9760,1,0,0,25,euclidean,distance
1953,9760,9761,0,0,0.11506872924702448,25,euclidean,distance
1954,9761,9762,0,1,0.59166005811010969,25,euclidean,distance
1955,9762,9763,1,0,0.1603915062284357,25,euclidean,distance
1956,9766,9767,0,0,0.21037675274614112,25,euclidean,distance
1957,9779,9780,0,0,0.34987929473250429,25,euclidean,distance
1958,9783,9784,0,0,0.11534376973967309,25,euclidean,distance
1959,9795,9796,1,0,0.075690965067832142,25,euclidean,distance
1960,9797,9798,0,0,0,25,euclidean,distance
1961,9801,9802,1,0,0.10365485216340144,25,euclidean,distance
1962,9808,9809,0,0,0.083058751834757361,25,euclidean,distance
1963,9810,9811,0,0,0.17781007334867413,25,euclidean,distance
1964,9818,9819,0,0,0.07831337126382687,25,euclidean,distance
1965,9825,9826,0,0,0.15925440514147701,25,euclidean,distance
1966,9827,9828,0,0,0.18809667870612873,25,euclidean,distance
1967,9835,9836,0,0,0.17373468454905217,25,euclidean,distance
1968,9836,9837,0,0,0.084020299198689238,25,euclidean,distance
1969,9837,9838,0,0,0.15446430749408119,25,euclidean,distance
1970,9844,9845,0,0,0.039700403832984288,25,euclidean,distance
1971,9853,9854,0,0,0.066456689392239685,25,euclidean,distance
1972,9856,9857,1,1,0.68998037286607761,25,euclidean,distance
1973,9857,9858,1,1,0.65811677858360218,25,euclidean,distance
1974,9873,9874,0,0,0.20325657707022796,25,euclidean,distance
1975,9882,9883,0,0,0.27273438726231353,25,euclidean,distance
1976,9888,9889,0,0,0.25644227619445281,25,euclidean,distance
1977,9890,9891,0,0,0.071068672031183416,25,euclidean,distance
1978,9897,9898,1,0,0,25,euclidean,distance
1979,9910,9911,0,0,0.16435905581099611,25,euclidean,distance
1980,9911,9912,0,0,0.11607284724611133,25,euclidean,distance
1981,9917,9918,0,0,0.35886932560450752,25,euclidean,distance
1982,9923,9924,0,0,0.13779234078437949,25,euclidean,distance
1983,9933,9934,1,0,0.078351396364822273,25,euclidean,distance
1984,9935,9936,0,0,0.096414107440824015,25,euclidean,distance
1985,9936,9937,0,0,0.23716305152734329,25,euclidean,distance
1986,9941,9942,0,0,0.024082107327587424,25,euclidean,distance
1987,9960,9961,0,0,0.060159949964900379,25,euclidean,distance
1988,9966,9967,0,0,0,25,euclidean,distance
1989,9969,9970,0,0,0.05992598174857719,25,euclidean,distance
1990,9972,9973,1,0,0.13068210236366143,25,euclidean,distance
1991,9990,9991,0,0,0.032587607145180442,25,euclidean,distance
1992,9995,9996,0,0,0.17493847827080966,25,euclidean,distance
1993,10001,10002,0,0,0.29998948121508445,25,euclidean,distance
1994,10019,10020,1,0,0.071040410466492149,25,euclidean,distance
1995,10020,10021,0,0,0.22993483665866157,25,euclidean,distance
1996,10023,10024,0,0,0.38908066182524353,25,euclidean,distance
1997,10032,10033,1,0,0.16243757698138411,25,euclidean,distance
1998,10044,10045,0,0,0.30682960170948193,25,euclidean,distance
1999,10045,10046,0,0,0.074229013894044904,25,euclidean,distance
2000,10046,10047,1,0,0.28787053216988823,25,euclidean,distance
2001,10051,10052,0,0,0.12502849260908097,25,euclidean,distance
2002,10057,10058,0,0,0.038807470859911687,25,euclidean,distance
2003,10064,10065,1,0,0.15227108109562781,25,euclidean,distance
2004,10075,10076,1,0,0.10144963324421707,25,euclidean,distance
2005,10077,10078,0,0,0.12970192224647314,25,euclidean,distance
2006,10078,10079,0,0,0.036865375497304412,25,euclidean,distance
2007,10087,10088,0,0,0.058435184866399793,25,euclidean,distance
2008,10089,10090,0,0,0,25,euclidean,distance
2009,10092,10093,0,0,0,25,euclidean,distance
2010,10094,10095,0,0,0.040157417747617268,25,euclidean,distance
2011,10095,10096,0,0,0.38629629882689687,25,euclidean,distance
2012,10102,10103,1,1,0.68086355293378442,25,euclidean,distance
2013,10103,10104,0,0,0.22307392725737299,25,euclidean,distance
2014,10110,10111,0,0,0.30510444351248289,25,euclidean,distance
2015,10114,10115,0,0,0.31224506365351973,25,euclidean,distance
2016,10119,10120,0,0,0.23047449306811232,25,euclidean,distance
2017,10130,10131,0,0,0.11377840942032391,25,euclidean,distance
2018,10133,10134,0,0,0.32770996033037558,25,euclidean,distance
2019,10135,10136,1,0,0.47584649400020906,25,euclidean,distance
2020,10136,10137,0,0,0.17745573641457743,25,euclidean,distance
2021,10138,10139,1,1,0.61387413526916701,25,euclidean,distance
2022,10140,10141,1,0,0.16452560197132149,25,euclidean,distance
2023,10142,10143,0,1,0.77394797273046345,25,euclidean,distance
2024,10160,10161,0,0,0.071033513267915085,25,euclidean,distance
2025,10163,10164,0,0,0,25,euclidean,distance
2026,10164,10165,1,0,0.076687847113697014,25,euclidean,distance
2027,10167,10168,1,0,0.31255955304141936,25,euclidean,distance
2028,10185,10186,1,0,0,25,euclidean,distance
2029,10186,10187,1,1,0.7946458515283974,25,euclidean,distance
2030,10194,10195,1,1,0.60493999885259386,25,euclidean,distance
2031,10203,10204,0,0,0.27818213223017613,25,euclidean,distance
2032,10214,10215,0,0,0.079022468715758104,25,euclidean,distance
2033,10218,10219,0,0,0.16583526098360712,25,euclidean,distance
2034,10237,10238,0,0,0.3764178805832471,25,euclidean,distance
2035,10239,10240,0,0,0.20213769388319724,25,euclidean,distance
2036,10246,10247,0,0,0.071920507886743146,25,euclidean,distance
2037,10254,10255,1,0,0.077554815086049986,25,euclidean,distance
2038,10255,10256,0,0,0.1853389959529996,25,euclidean,distance
2039,10257,10258,0,0,0.038170512606453572,25,euclidean,distance
2040,10264,10265,0,0,0.40603732981418195,25,euclidean,distance
2041,10271,10272,0,0,0.20458058552328268,25,euclidean,distance
2042,10282,10283,0,0,0.03764974184204898,25,euclidean,distance
2043,10285,10286,0,0,0,25,euclidean,distance
2044,10287,10288,1,0,0.18945173832851397,25,euclidean,distance
2045,10289,10290,0,0,0.085160315073627535,25,euclidean,distance
2046,10295,10296,0,0,0.16107275918475195,25,euclidean,distance
2047,10300,10301,0,0,0.13731286195937092,25,euclidean,distance
2048,10303,10304,0,0,0.12170418869815798,25,euclidean,distance
2049,10305,10306,0,0,0.084687539369229847,25,euclidean,distance
2050,10308,10309,0,0,0.19305198981128741,25,euclidean,distance
2051,10310,10311,0,0,0.038999359549639408,25,euclidean,distance
2052,10311,10312,0,0,0.033954704095485275,25,euclidean,distance
2053,10313,10314,0,0,0.27217588602602921,25,euclidean,distance
2054,10316,10317,1,0,0.4855360925939512,25,euclidean,distance
2055,10319,10320,0,0,0.085563888859632287,25,euclidean,distance
2056,10322,10323,0,0,0.35493665136096447,25,euclidean,distance
2057,10323,10324,0,1,0.62375842114984725,25,euclidean,distance
2058,10324,10325,0,0,0.11352544883355623,25,euclidean,distance
2059,10328,10329,0,0,0.16445164805390797,25,euclidean,distance
2060,10329,10330,0,1,0.56199100761391474,25,euclidean,distance
2061,10337,10338,1,1,0.85909068575267211,25,euclidean,distance
2062,10342,10343,0,0,0.28454615138067751,25,euclidean,distance
2063,10343,10344,0,0,0.18790020507085528,25,euclidean,distance
2064,10349,10350,1,0,0.17748896771053899,25,euclidean,distance
2065,10355,10356,0,0,0.067499908969659433,25,euclidean,distance
2066,10357,10358,0,0,0.15905114257109423,25,euclidean,distance
2067,10367,10368,1,0,0,25,euclidean,distance
2068,10370,10371,0,0,0.12762593725281757,25,euclidean,distance
2069,10372,10373,0,0,0.18232341977442001,25,euclidean,distance
2070,10375,10376,0,0,0.069308970895484101,25,euclidean,distance
2071,10385,10386,0,0,0.11175129311719124,25,euclidean,distance
2072,10388,10389,1,0,0.34210310359083551,25,euclidean,distance
2073,10389,10390,1,1,0.63438359020715585,25,euclidean,distance
2074,10393,10394,0,0,0.10853699084989929,25,euclidean,distance
2075,10414,10415,0,0,0.24681079529010724,25,euclidean,distance
2076,10416,10417,0,0,0,25,euclidean,distance
2077,10420,10421,0,0,0.11311149158829385,25,euclidean,distance
2078,10426,10427,0,0,0.21990828606389926,25,euclidean,distance
2079,10428,10429,0,0,0.097484782309081794,25,euclidean,distance
2080,10432,10433,1,0,0.081619897929658902,25,euclidean,distance
2081,10439,10440,1,0,0.21787629149384535,25,euclidean,distance
2082,10449,10450,0,0,0.23246475144458853,25,euclidean,distance
2083,10465,10466,0,0,0.035691128612422469,25,euclidean,distance
2084,10467,10468,0,1,0.60339250115948495,25,euclidean,distance
2085,10475,10476,0,0,0.24663935877917315,25,euclidean,distance
2086,10483,10484,0,0,0.09317632889485146,25,euclidean,distance
2087,10487,10488,1,0,0.086616885420034873,25,euclidean,distance
2088,10490,10491,0,1,0.73064802922086602,25,euclidean,distance
2089,10493,10494,0,0,0.11158715582342629,25,euclidean,distance
2090,10507,10508,1,0,0.15512732818776528,25,euclidean,distance
2091,10516,10517,0,0,0.077349021093944079,25,euclidean,distance
2092,10518,10519,0,0,0.18537351883773814,25,euclidean,distance
2093,10521,10522,1,1,0.8366406538272354,25,euclidean,distance
2094,10522,10523,0,0,0.1309291968706926,25,euclidean,distance
2095,10530,10531,0,0,0.11417863088207605,25,euclidean,distance
2096,10532,10533,0,0,0.1793072324519861,25,euclidean,distance
2097,10544,10545,0,0,0.077037683153667172,25,euclidean,distance
2098,10545,10546,0,0,0.21921193731863128,25,euclidean,distance
2099,10550,10551,0,0,0.037888640561477498,25,euclidean,distance
2100,10555,10556,0,0,0.12515641096828972,25,euclidean,distance
2101,10565,10566,0,0,0.14012939117297457,25,euclidean,distance
2102,10571,10572,1,0,0.19368416155125406,25,euclidean,distance
2103,10575,10576,1,1,0.80563384802022586,25,euclidean,distance
2104,10579,10580,0,0,0.19259439388793156,25,euclidean,distance
2105,10582,10583,0,0,0.19485293310082907,25,euclidean,distance
2106,10590,10591,0,0,0.28212767035962977,25,euclidean,distance
2107,10592,10593,0,0,0.090831753146442928,25,euclidean,distance
2108,10610,10611,0,0,0.19858705379055019,25,euclidean,distance
2109,10612,10613,0,0,0.15520356756300366,25,euclidean,distance
2110,10614,10615,0,0,0.096531276669609339,25,euclidean,distance
2111,10616,10617,0,0,0.035656882138692045,25,euclidean,distance
2112,10620,10621,0,0,0.052931563536635876,25,euclidean,distance
2113,10621,10622,0,0,0.096065912400893905,25,euclidean,distance
2114,10622,10623,1,0,0.22099637914856241,25,euclidean,distance
2115,10634,10635,0,0,0.10607250087015903,25,euclidean,distance
2116,10635,10636,0,0,0.13558090231262782,25,euclidean,distance
2117,10643,10644,0,0,0.27634577496662449,25,euclidean,distance
2118,10649,10650,1,0,0.23459495878943909,25,euclidean,distance
2119,10651,10652,0,0,0.15018591461456843,25,euclidean,distance
2120,10652,10653,0,0,0.16414211850849561,25,euclidean,distance
2121,10657,10658,0,0,0.10625957829291706,25,euclidean,distance
2122,10658,10659,0,0,0.23329669537598674,25,euclidean,distance
2123,10663,10664,1,1,0.86723460106328898,25,euclidean,distance
2124,10670,10671,1,0,0.035915321653177033,25,euclidean,distance
2125,10673,10674,0,0,0.069713190078585285,25,euclidean,distance
2126,10676,10677,0,0,0.042034889746902664,25,euclidean,distance
2127,10686,10687,0,0,0.44424645741954555,25,euclidean,distance
2128,10695,10696,1,1,0.55301018048773454,25,euclidean,distance
2129,10714,10715,0,0,0.1375825434097952,25,euclidean,distance
2130,10717,10718,0,0,0.23737105444434467,25,euclidean,distance
2131,10718,10719,0,0,0.1191413755851818,25,euclidean,distance
2132,10721,10722,0,0,0.090221578489818002,25,euclidean,distance
2133,10723,10724,0,0,0,25,euclidean,distance
2134,10726,10727,0,0,0.15575164802087202,25,euclidean,distance
2135,10732,10733,1,0,0,25,euclidean,distance
2136,10734,10735,0,0,0.067519324212202789,25,euclidean,distance
2137,10735,10736,0,0,0.070596038887713208,25,euclidean,distance
2138,10738,10739,0,0,0.29220559692355608,25,euclidean,distance
2139,10739,10740,1,1,0.68430634320166117,25,euclidean,distance
2140,10742,10743,0,0,0.16830836041464353,25,euclidean,distance
2141,10745,10746,0,0,0.11028658848514399,25,euclidean,distance
2142,10746,10747,0,0,0.10926256315681693,25,euclidean,distance
2143,10753,10754,1,0,0,25,euclidean,distance
2144,10754,10755,0,0,0.18135875309565389,25,euclidean,distance
2145,10757,10758,0,0,0.10825722616678023,25,euclidean,distance
2146,10760,10761,0,1,0.52508357244239867,25,euclidean,distance
2147,10761,10762,1,0,0.18901426686183564,25,euclidean,distance
2148,10772,10773,0,0,0.45107507817558845,25,euclidean,distance
2149,10782,10783,0,0,0.20033908809884407,25,euclidean,distance
2150,10783,10784,0,0,0.062128371082203863,25,euclidean,distance
2151,10789,10790,0,0,0.23223839856749359,25,euclidean,distance
2152,10795,10796,0,0,0.1160967764878774,25,euclidean,distance
2153,10814,10815,1,0,0.094216279838725492,25,euclidean,distance
2154,10815,10816,1,1,0.65765071205878745,25,euclidean,distance
2155,10819,10820,0,0,0.30844938900504965,25,euclidean,distance
2156,10822,10823,1,1,0.63173004883917139,25,euclidean,distance
2157,10824,10825,0,0,0.24652384943997951,25,euclidean,distance
2158,10827,10828,0,0,0.31745653837319437,25,euclidean,distance
2159,10830,10831,1,0,0.32551399585785312,25,euclidean,distance
2160,10833,10834,1,0,0.38419110297702752,25,euclidean,distance
2161,10834,10835,0,0,0.15473712605708839,25,euclidean,distance
2162,10836,10837,0,0,0.29071208814562022,25,euclidean,distance
2163,10858,10859,0,0,0.18250813133041921,25,euclidean,distance
2164,10861,10862,1,1,0.71123382369322607,25,euclidean,distance
2165,10862,10863,0,0,0.27754376389527713,25,euclidean,distance
2166,10870,10871,1,1,0.80198607060519578,25,euclidean,distance
2167,10874,10875,1,0,0.068921286111778376,25,euclidean,distance
2168,10875,10876,1,0,0.040993345223012817,25,euclidean,distance
2169,10878,10879,0,1,0.57488440715359912,25,euclidean,distance
2170,10879,10880,0,0,0.17050246060251137,25,euclidean,distance
2171,10880,10881,0,0,0.039033629498009745,25,euclidean,distance
2172,10884,10885,0,0,0.17030272471795038,25,euclidean,distance
2173,10887,10888,0,0,0.19629889180431345,25,euclidean,distance
2174,10889,10890,0,0,0.035402080139122043,25,euclidean,distance
2175,10890,10891,1,1,0.51008597914638909,25,euclidean,distance
2176,10901,10902,0,0,0.1147981427105535,25,euclidean,distance
2177,10907,10908,1,1,0.75973181233339848,25,euclidean,distance
2178,10918,10919,0,0,0.033635010160357033,25,euclidean,distance
2179,10926,10927,0,0,0.12340019859033749,25,euclidean,distance
2180,10932,10933,0,0,0.49539336347238755,25,euclidean,distance
2181,10935,10936,0,0,0.16536440344453793,25,euclidean,distance
2182,10942,10943,1,0,0.18250317105060265,25,euclidean,distance
2183,10955,10956,0,0,0.073460560103502742,25,euclidean,distance
2184,10956,10957,0,0,0.16816460035685976,25,euclidean,distance
2185,10962,10963,1,0,0.44263061185541197,25,euclidean,distance
2186,10972,10973,0,0,0.15944710227229025,25,euclidean,distance
2187,10984,10985,0,0,0.24758939425579932,25,euclidean,distance
2188,10992,10993,0,0,0.29921395244582216,25,euclidean,distance
2189,11004,11005,0,0,0.13726252329136557,25,euclidean,distance
2190,11009,11010,0,0,0.031853518668478756,25,euclidean,distance
2191,11012,11013,0,0,0.11702366489286295,25,euclidean,distance
2192,11025,11026,0,0,0,25,euclidean,distance
2193,11027,11028,0,0,0.092095299090036484,25,euclidean,distance
2194,11029,11030,0,0,0.07786270646003092,25,euclidean,distance
2195,11034,11035,1,1,0.71494696950714576,25,euclidean,distance
2196,11039,11040,0,0,0.36504254361806521,25,euclidean,distance
2197,11042,11043,0,0,0.10097908132235692,25,euclidean,distance
2198,11045,11046,0,0,0.099613936996344896,25,euclidean,distance
2199,11049,11050,0,1,0.74056636477803595,25,euclidean,distance
2200,11058,11059,0,0,0.14717253404913475,25,euclidean,distance
2201,11059,11060,0,0,0.41772883834645325,25,euclidean,distance
2202,11067,11068,0,0,0.18295978617366632,25,euclidean,distance
2203,11075,11076,0,0,0.11931632515773399,25,euclidean,distance
2204,11076,11077,0,0,0,25,euclidean,distance
2205,11079,11080,0,0,0.2095211713115348,25,euclidean,distance
2206,11083,11084,1,0,0,25,euclidean,distance
2207,11094,11095,0,0,0.04323061673436613,25,euclidean,distance
2208,11098,11099,0,1,0.57100723951389409,25,euclidean,distance
2209,11100,11101,0,0,0.14981581861751667,25,euclidean,distance
2210,11104,11105,0,1,0.84779607859401085,25,euclidean,distance
2211,11109,11110,0,0,0.19572209857717957,25,euclidean,distance
2212,11141,11142,0,0,0.11104681616903837,25,euclidean,distance
2213,11144,11145,0,0,0.15822339741825367,25,euclidean,distance
2214,11149,11150,0,0,0.31017371040140729,25,euclidean,distance
2215,11151,11152,1,1,0.78737414852386911,25,euclidean,distance
2216,11156,11157,0,0,0.19167676073814224,25,euclidean,distance
2217,11162,11163,0,0,0.034974274636066373,25,euclidean,distance
2218,11166,11167,0,1,0.73971374301105486,25,euclidean,distance
2219,11169,11170,0,0,0,25,euclidean,distance
2220,11171,11172,1,0,0.46715643437838672,25,euclidean,distance
2221,11174,11175,0,0,0.13872506370181512,25,euclidean,distance
2222,11178,11179,0,0,0.085289615656840581,25,euclidean,distance
2223,11194,11195,0,0,0.30853920139483343,25,euclidean,distance
2224,11196,11197,0,0,0.037577833708718998,25,euclidean,distance
2225,11204,11205,0,1,0.68135211069090496,25,euclidean,distance
2226,11207,11208,0,0,0.039319243319503122,25,euclidean,distance
2227,11211,11212,1,0,0.43765774634091331,25,euclidean,distance
2228,11221,11222,0,0,0.14972334334105114,25,euclidean,distance
2229,11225,11226,0,1,0.52884026904787584,25,euclidean,distance
2230,11226,11227,0,0,0.16587032568962723,25,euclidean,distance
2231,11227,11228,0,0,0.080743255983388065,25,euclidean,distance
2232,11230,11231,1,0,0.27876891337147497,25,euclidean,distance
2233,11233,11234,0,0,0.33282824965350544,25,euclidean,distance
2234,11235,11236,0,0,0.083217884248626375,25,euclidean,distance
2235,11239,11240,0,1,0.76521419207184094,25,euclidean,distance
2236,11240,11241,0,1,0.59858214518183894,25,euclidean,distance
2237,11245,11246,1,0,0.37809462300631957,25,euclidean,distance
2238,11262,11263,0,0,0.31698488018037374,25,euclidean,distance
2239,11266,11267,1,1,0.73944882131647416,25,euclidean,distance
2240,11286,11287,0,0,0.15680495992126586,25,euclidean,distance
2241,11288,11289,0,0,0.045216398585106281,25,euclidean,distance
2242,11289,11290,0,0,0.15996281919484787,25,euclidean,distance
2243,11310,11311,0,0,0.2795132085800825,25,euclidean,distance
2244,11313,11314,0,0,0.079036343067298662,25,euclidean,distance
2245,11314,11315,1,1,0.7564412433619625,25,euclidean,distance
2246,11328,11329,0,0,0,25,euclidean,distance
2247,11329,11330,0,0,0.040088540834248218,25,euclidean,distance
2248,11333,11334,1,1,0.68931867430960825,25,euclidean,distance
2249,11335,11336,0,0,0.16838496300751821,25,euclidean,distance
2250,11342,11343,1,1,0.74151805222370837,25,euclidean,distance
2251,11344,11345,0,0,0.23708866512800544,25,euclidean,distance
2252,11348,11349,0,0,0.15575357021956407,25,euclidean,distance
2253,11353,11354,0,0,0.036878815285557906,25,euclidean,distance
2254,11364,11365,0,0,0.20871905443633082,25,euclidean,distance
2255,11368,11369,1,0,0.19008852774939994,25,euclidean,distance
2256,11369,11370,0,0,0.24386348814955103,25,euclidean,distance
2257,11378,11379,0,0,0.12040071209893735,25,euclidean,distance
2258,11381,11382,1,0,0.1989012588869595,25,euclidean,distance
2259,11397,11398,1,0,0,25,euclidean,distance
2260,11401,11402,0,0,0.080554940950847004,25,euclidean,distance
2261,11402,11403,0,0,0.25974683127838011,25,euclidean,distance
2262,11405,11406,0,0,0.034963239265335268,25,euclidean,distance
2263,11418,11419,0,0,0.34461429809500782,25,euclidean,distance
2264,11426,11427,0,0,0.12578173529983225,25,euclidean,distance
2265,11432,11433,1,0,0.12760266992322652,25,euclidean,distance
2266,11463,11464,0,0,0.053779212939453459,25,euclidean,distance
2267,11479,11480,0,0,0.035246936712319599,25,euclidean,distance
2268,11491,11492,0,0,0.12549421435890484,25,euclidean,distance
2269,11492,11493,0,0,0.12423354545883041,25,euclidean,distance
2270,11499,11500,0,0,0.16212509534278244,25,euclidean,distance
2271,11508,11509,0,0,0.041995311105862847,25,euclidean,distance
2272,11509,11510,0,0,0.1324580402040125,25,euclidean,distance
2273,11512,11513,0,0,0.19159292131897424,25,euclidean,distance
2274,11515,11516,0,0,0,25,euclidean,distance
2275,11519,11520,1,0,0.11693688692134697,25,euclidean,distance
2276,11523,11524,0,0,0.063781084417838058,25,euclidean,distance
2277,11532,11533,0,0,0.16433074406418474,25,euclidean,distance
2278,11536,11537,0,0,0,25,euclidean,distance
2279,11549,11550,1,0,0.084531673370026247,25,euclidean,distance
2280,11562,11563,0,0,0.079840593379178662,25,euclidean,distance
2281,11588,11589,0,0,0.12399935818242372,25,euclidean,distance
2282,11592,11593,0,0,0.11614523225613539,25,euclidean,distance
2283,11602,11603,0,0,0.1928377955608393,25,euclidean,distance
2284,11611,11612,0,0,0.044340832537055112,25,euclidean,distance
2285,11613,11614,0,0,0.1742205950720476,25,euclidean,distance
2286,11620,11621,0,0,0.033622411114803095,25,euclidean,distance
2287,11624,11625,0,0,0.041510455734438727,25,euclidean,distance
2288,11629,11630,0,0,0.094142497080509757,25,euclidean,distance
2289,11630,11631,0,0,0,25,euclidean,distance
2290,11644,11645,0,0,0.11338080464647929,25,euclidean,distance
2291,11647,11648,0,0,0.078792857906071073,25,euclidean,distance
2292,11648,11649,0,0,0.19024297616039249,25,euclidean,distance
2293,11658,11659,1,1,0.54992346450564111,25,euclidean,distance
2294,11670,11671,0,0,0.28342335055650875,25,euclidean,distance
2295,11692,11693,0,0,0.21167496958993148,25,euclidean,distance
2296,11693,11694,0,0,0.17812268693997113,25,euclidean,distance
2297,11695,11696,0,0,0.38887203617397065,25,euclidean,distance
2298,11707,11708,0,0,0.31665855094244744,25,euclidean,distance
2299,11709,11710,0,0,0.15267193454115083,25,euclidean,distance
2300,11710,11711,0,0,0.28070788478307496,25,euclidean,distance
2301,11711,11712,0,0,0.12985482674851714,25,euclidean,distance
2302,11722,11723,0,0,0.075353681182979318,25,euclidean,distance
2303,11725,11726,1,0,0.072724856580352909,25,euclidean,distance
2304,11727,11728,1,0,0.13485511121037697,25,euclidean,distance
2305,11728,11729,0,0,0.047300327855981358,25,euclidean,distance
2306,11735,11736,0,0,0.19144189578804902,25,euclidean,distance
2307,11738,11739,1,1,0.72747175445256285,25,euclidean,distance
2308,11748,11749,0,1,0.70843587225515248,25,euclidean,distance
2309,11753,11754,0,0,0.037452712896595575,25,euclidean,distance
2310,11754,11755,0,0,0.24080712779767477,25,euclidean,distance
2311,11755,11756,0,0,0.083978392817022865,25,euclidean,distance
2312,11757,11758,0,0,0.22787957140617485,25,euclidean,distance
2313,11759,11760,0,0,0.060381537597287475,25,euclidean,distance
2314,11760,11761,0,0,0.39971588225836602,25,euclidean,distance
2315,11774,11775,0,0,0.067576887667004398,25,euclidean,distance
2316,11781,11782,0,0,0.20071722692566607,25,euclidean,distance
2317,11784,11785,0,1,0.58909841785699857,25,euclidean,distance
2318,11785,11786,0,0,0.075077867406973878,25,euclidean,distance
2319,11790,11791,0,0,0.060913660235097318,25,euclidean,distance
2320,11794,11795,1,0,0.44647382864242335,25,euclidean,distance
2321,11806,11807,0,0,0.038900123390333601,25,euclidean,distance
2322,11812,11813,0,0,0.10324462903859656,25,euclidean,distance
2323,11813,11814,1,1,0.58272750777337523,25,euclidean,distance
2324,11817,11818,0,1,0.68671593287107868,25,euclidean,distance
2325,11822,11823,0,0,0.068971723702247759,25,euclidean,distance
2326,11825,11826,1,0,0.46813730342140991,25,euclidean,distance
2327,11834,11835,0,1,0.69117704616581288,25,euclidean,distance
2328,11838,11839,0,0,0.079049237932621474,25,euclidean,distance
2329,11844,11845,0,1,0.67445788154802588,25,euclidean,distance
2330,11848,11849,0,0,0.12154321581485439,25,euclidean,distance
2331,11850,11851,1,0,0.097798189599122357,25,euclidean,distance
2332,11852,11853,0,0,0.26642074103063246,25,euclidean,distance
2333,11871,11872,0,0,0.09548582938087613,25,euclidean,distance
2334,11874,11875,0,1,0.69971328663099852,25,euclidean,distance
2335,11875,11876,0,0,0.080604172655642306,25,euclidean,distance
2336,11877,11878,0,0,0.17384127807917257,25,euclidean,distance
2337,11878,11879,0,0,0.039392400862907587,25,euclidean,distance
2338,11879,11880,0,0,0.075945384327426632,25,euclidean,distance
2339,11889,11890,0,0,0.017709540176690849,25,euclidean,distance
2340,11894,11895,0,0,0.25998833651768716,25,euclidean,distance
2341,11898,11899,0,0,0.15960268738782588,25,euclidean,distance
2342,11906,11907,1,0,0.12324503177994585,25,euclidean,distance
2343,11907,11908,1,1,0.83497888371105633,25,euclidean,distance
2344,11909,11910,0,0,0.15710360114749466,25,euclidean,distance
2345,11913,11914,1,0,0.34778892311411341,25,euclidean,distance
2346,11931,11932,0,0,0.036565322391662165,25,euclidean,distance
2347,11934,11935,0,0,0.15906441038167302,25,euclidean,distance
2348,11937,11938,1,0,0.16964242342628369,25,euclidean,distance
2349,11945,11946,0,0,0.11610907843329106,25,euclidean,distance
2350,11946,11947,1,0,0.3152358718674787,25,euclidean,distance
2351,11955,11956,0,0,0.11090254728032309,25,euclidean,distance
2352,11957,11958,0,0,0.080237828924109481,25,euclidean,distance
2353,11961,11962,0,0,0.032884868079191359,25,euclidean,distance
2354,11967,11968,0,0,0.20500371127681918,25,euclidean,distance
2355,11971,11972,1,0,0.34924293418622038,25,euclidean,distance
2356,11975,11976,0,0,0.36152464515036414,25,euclidean,distance
2357,11993,11994,0,1,0.73634203892808392,25,euclidean,distance
2358,11998,11999,0,0,0.27549978039502637,25,euclidean,distance
2359,12004,12005,0,0,0.18359070922651208,25,euclidean,distance
2360,12008,12009,0,0,0.075127371445644062,25,euclidean,distance
2361,12021,12022,1,1,0.71297992237646268,25,euclidean,distance
2362,12024,12025,1,1,0.76753680350939324,25,euclidean,distance
2363,12025,12026,0,0,0.087811897467084246,25,euclidean,distance
2364,12027,12028,0,0,0.079539478263782312,25,euclidean,distance
2365,12038,12039,0,0,0.10904727556253507,25,euclidean,distance
2366,12039,12040,1,1,0.69430733974767433,25,euclidean,distance
2367,12043,12044,0,0,0.15447170715210246,25,euclidean,distance
2368,12045,12046,0,0,0.073200545721361143,25,euclidean,distance
2369,12048,12049,0,1,0.54046380943354655,25,euclidean,distance
2370,12052,12053,0,0,0.17476431266953232,25,euclidean,distance
2371,12054,12055,1,0,0.19871189417245799,25,euclidean,distance
2372,12056,12057,0,0,0.26998093103900039,25,euclidean,distance
2373,12066,12067,1,1,0.89142617788950052,25,euclidean,distance
2374,12071,12072,0,0,0.21639340450371211,25,euclidean,distance
2375,12082,12083,0,0,0.2376014238471309,25,euclidean,distance
2376,12086,12087,0,0,0.084947174279493345,25,euclidean,distance
2377,12090,12091,0,0,0.25142217548020973,25,euclidean,distance
2378,12104,12105,0,0,0.200291658943932,25,euclidean,distance
2379,12128,12129,1,0,0.33929254804967113,25,euclidean,distance
2380,12131,12132,1,1,0.69637932838136662,25,euclidean,distance
2381,12138,12139,1,0,0.039635657309645016,25,euclidean,distance
2382,12153,12154,0,0,0.13622306911665055,25,euclidean,distance
2383,12154,12155,0,1,0.61036967428441047,25,euclidean,distance
2384,12163,12164,0,1,0.62501715454859141,25,euclidean,distance
2385,12167,12168,0,0,0,25,euclidean,distance
2386,12169,12170,1,0,0.33123217247030495,25,euclidean,distance
2387,12178,12179,0,0,0,25,euclidean,distance
2388,12179,12180,0,0,0.074267711329475739,25,euclidean,distance
2389,12194,12195,1,0,0.15600186176457012,25,euclidean,distance
2390,12198,12199,0,0,0.057134608417515054,25,euclidean,distance
2391,12210,12211,0,0,0.1062030002564207,25,euclidean,distance
2392,12212,12213,0,0,0.16298158258071138,25,euclidean,distance
2393,12214,12215,0,0,0.23717048459860762,25,euclidean,distance
2394,12216,12217,1,1,0.69782385148277071,25,euclidean,distance
2395,12222,12223,1,1,0.54297207601706032,25,euclidean,distance
2396,12230,12231,0,1,0.57074694114355895,25,euclidean,distance
2397,12239,12240,1,0,0.071817596680139692,25,euclidean,distance
2398,12242,12243,0,0,0.10350788513355182,25,euclidean,distance
2399,12246,12247,0,0,0.22982128522685288,25,euclidean,distance
2400,12250,12251,0,0,0.08376235047559133,25,euclidean,distance
2401,12254,12255,0,0,0.30192556526706055,25,euclidean,distance
2402,12255,12256,1,0,0.35312567972081693,25,euclidean,distance
2403,12262,12263,0,0,0.3361767657564671,25,euclidean,distance
2404,12269,12270,0,0,0.23947783867530173,25,euclidean,distance
2405,12271,12272,0,0,0.037246936638413199,25,euclidean,distance
2406,12272,12273,0,0,0.088058184576103218,25,euclidean,distance
2407,12274,12275,1,1,0.60775134687643917,25,euclidean,distance
2408,12275,12276,0,0,0.19804977876826269,25,euclidean,distance
2409,12277,12278,0,0,0.075978843260714218,25,euclidean,distance
2410,12279,12280,0,0,0.18295268305844251,25,euclidean,distance
2411,12281,12282,1,1,0.73594946041354414,25,euclidean,distance
2412,12285,12286,0,0,0,25,euclidean,distance
2413,12296,12297,1,0,0.029634058184712625,25,euclidean,distance
2414,12300,12301,0,0,0.10904602553191139,25,euclidean,distance
2415,12313,12314,0,0,0.1767986457962927,25,euclidean,distance
2416,12318,12319,1,1,0.7990337653740347,25,euclidean,distance
2417,12320,12321,0,0,0.19656619000785783,25,euclidean,distance
2418,12321,12322,0,0,0.14984492523721238,25,euclidean,distance
2419,12329,12330,1,0,0.36911381768224449,25,euclidean,distance
2420,12336,12337,0,0,0.036115548265296567,25,euclidean,distance
2421,12343,12344,0,0,0,25,euclidean,distance
2422,12346,12347,1,1,0.65439503181249148,25,euclidean,distance
2423,12350,12351,0,0,0.067015341507399809,25,euclidean,distance
2424,12354,12355,0,0,0.17717233513258435,25,euclidean,distance
2425,12358,12359,0,0,0.16196441111759535,25,euclidean,distance
2426,12359,12360,0,0,0.078538352173221027,25,euclidean,distance
2427,12363,12364,0,0,0.11942496316741637,25,euclidean,distance
2428,12370,12371,0,0,0.11532865060809926,25,euclidean,distance
2429,12371,12372,1,1,0.72970084860520179,25,euclidean,distance
2430,12377,12378,0,0,0.12312701878116879,25,euclidean,distance
2431,12386,12387,1,0,0.37047968185197938,25,euclidean,distance
2432,12402,12403,1,0,0,25,euclidean,distance
2433,12426,12427,0,0,0.42407895276755136,25,euclidean,distance
2434,12431,12432,0,0,0.080132401857268207,25,euclidean,distance
2435,12435,12436,1,0,0.15642823589930915,25,euclidean,distance
2436,12440,12441,0,0,0.19311762002011093,25,euclidean,distance
2437,12441,12442,0,0,0.11827087132602465,25,euclidean,distance
2438,12446,12447,0,0,0.14822424312491086,25,euclidean,distance
2439,12458,12459,0,0,0.29601795665206382,25,euclidean,distance
2440,12463,12464,0,0,0.076228086059297109,25,euclidean,distance
2441,12484,12485,0,0,0.21478712433187197,25,euclidean,distance
2442,12487,12488,0,0,0.026895261945254906,25,euclidean,distance
2443,12492,12493,0,0,0.30000754008511521,25,euclidean,distance
2444,12503,12504,1,0,0.11381997538211379,25,euclidean,distance
2445,12505,12506,0,0,0.033626849020586762,25,euclidean,distance
2446,12525,12526,1,0,0.28032022778342092,25,euclidean,distance
2447,12527,12528,0,0,0.21131167521220365,25,euclidean,distance
2448,12528,12529,0,0,0.062936526234629572,25,euclidean,distance
2449,12539,12540,1,0,0.12205303632362884,25,euclidean,distance
2450,12548,12549,0,0,0.18115317008589241,25,euclidean,distance
2451,12552,12553,1,0,0.036448363930972158,25,euclidean,distance
2452,12559,12560,0,0,0.051185856283095896,25,euclidean,distance
2453,12563,12564,0,0,0.068658526227471664,25,euclidean,distance
2454,12567,12568,0,0,0.089914189609313494,25,euclidean,distance
2455,12568,12569,1,0,0.32779741317617672,25,euclidean,distance
2456,12578,12579,0,0,0,25,euclidean,distance
2457,12590,12591,0,0,0.18283470766347412,25,euclidean,distance
2458,12594,12595,0,0,0.11629974756654658,25,euclidean,distance
2459,12595,12596,0,0,0.19961868437460839,25,euclidean,distance
2460,12596,12597,0,0,0.1061643204045483,25,euclidean,distance
2461,12597,12598,1,0,0.22503093304394597,25,euclidean,distance
2462,12599,12600,0,0,0.072704336519990281,25,euclidean,distance
2463,12609,12610,1,1,0.54733229539443273,25,euclidean,distance
2464,12620,12621,0,0,0.07687660295382244,25,euclidean,distance
2465,12621,12622,0,0,0.17480971612718341,25,euclidean,distance
2466,12626,12627,0,0,0.074567662179598218,25,euclidean,distance
2467,12627,12628,1,0,0.21804784740093566,25,euclidean,distance
2468,12628,12629,0,0,0.20602933995943234,25,euclidean,distance
2469,12633,12634,0,0,0.14636781937171262,25,euclidean,distance
2470,12634,12635,0,0,0,25,euclidean,distance
2471,12636,12637,0,0,0.12690653012147332,25,euclidean,distance
2472,12643,12644,0,0,0.16934282882986079,25,euclidean,distance
2473,12656,12657,0,0,0.042784871804670659,25,euclidean,distance
2474,12660,12661,0,0,0.25914792603000819,25,euclidean,distance
2475,12665,12666,0,0,0.24469452903883518,25,euclidean,distance
2476,12669,12670,0,0,0.14265229160187318,25,euclidean,distance
2477,12680,12681,0,0,0.14642466640343671,25,euclidean,distance
2478,12682,12683,0,0,0.12254472993722312,25,euclidean,distance
2479,12685,12686,0,0,0.24703987266323973,25,euclidean,distance
2480,12696,12697,0,0,0.20524301498518016,25,euclidean,distance
2481,12701,12702,0,0,0.13235782536844273,25,euclidean,distance
2482,12705,12706,1,0,0.45850992857925127,25,euclidean,distance
2483,12711,12712,0,0,0.028191397624197725,25,euclidean,distance
2484,12716,12717,0,0,0.2229014527275528,25,euclidean,distance
2485,12719,12720,0,0,0.049690922610942496,25,euclidean,distance
2486,12720,12721,0,0,0.29934796224194321,25,euclidean,distance
2487,12726,12727,0,0,0.076252732861944492,25,euclidean,distance
2488,12727,12728,0,0,0.044199230287595509,25,euclidean,distance
2489,12734,12735,1,0,0.4960683398221139,25,euclidean,distance
2490,12735,12736,0,0,0.32314049863021904,25,euclidean,distance
2491,12738,12739,0,0,0.16793473631603067,25,euclidean,distance
2492,12740,12741,0,0,0.2165228093427497,25,euclidean,distance
2493,12741,12742,0,0,0.11719685163946363,25,euclidean,distance
2494,12750,12751,1,1,0.53862801236407909,25,euclidean,distance
2495,12759,12760,0,0,0.079503468350510309,25,euclidean,distance
2496,12761,12762,1,0,0.11780262458271541,25,euclidean,distance
2497,12763,12764,0,0,0.23986245513096682,25,euclidean,distance
2498,12769,12770,0,0,0.096203484544323564,25,euclidean,distance
2499,12770,12771,0,0,0.12228549691465647,25,euclidean,distance
2500,12772,12773,1,0,0.35421508420426101,25,euclidean,distance
2501,12773,12774,1,0,0.21611876316139525,25,euclidean,distance
2502,12774,12775,1,1,0.72684129513174767,25,euclidean,distance
2503,12776,12777,0,0,0.029971066488232889,25,euclidean,distance
2504,12782,12783,0,0,0.12766245076894064,25,euclidean,distance
2505,12783,12784,0,0,0.1407968614345104,25,euclidean,distance
2506,12785,12786,0,0,0.1119348834998449,25,euclidean,distance
2507,12786,12787,0,0,0,25,euclidean,distance
2508,12794,12795,1,0,0.11152887977904297,25,euclidean,distance
2509,12796,12797,1,0,0.36657253775146276,25,euclidean,distance
2510,12800,12801,1,0,0.1798364528746558,25,euclidean,distance
2511,12810,12811,1,1,0.66695681863482814,25,euclidean,distance
2512,12818,12819,0,0,0.34726847860930821,25,euclidean,distance
2513,12819,12820,0,1,0.73298304477573306,25,euclidean,distance
2514,12822,12823,0,1,0.5206809657069984,25,euclidean,distance
2515,12828,12829,0,0,0.038381235868611217,25,euclidean,distance
2516,12832,12833,0,0,0.16646309650370228,25,euclidean,distance
2517,12835,12836,1,1,0.76886487999893205,25,euclidean,distance
2518,12839,12840,0,0,0,25,euclidean,distance
2519,12843,12844,0,0,0.21050572164722556,25,euclidean,distance
2520,12852,12853,0,0,0.036083291288489978,25,euclidean,distance
2521,12870,12871,1,0,0.1660736010965532,25,euclidean,distance
2522,12871,12872,0,0,0.087196439665827116,25,euclidean,distance
2523,12873,12874,1,0,0.27969078811201237,25,euclidean,distance
2524,12881,12882,0,0,0.20665387345653052,25,euclidean,distance
2525,12889,12890,0,0,0.067679018735879018,25,euclidean,distance
2526,12903,12904,0,0,0.10826852549214169,25,euclidean,distance
2527,12915,12916,0,0,0.040772659091661341,25,euclidean,distance
2528,12916,12917,0,0,0.078608850526432628,25,euclidean,distance
2529,12925,12926,0,0,0,25,euclidean,distance
2530,12934,12935,0,0,0.10917541583231619,25,euclidean,distance
2531,12948,12949,1,0,0.40389925881019317,25,euclidean,distance
2532,12950,12951,0,0,0.30078757653278743,25,euclidean,distance
2533,12955,12956,1,1,1,25,euclidean,distance
2534,12958,12959,1,1,0.66747617490900157,25,euclidean,distance
2535,12960,12961,0,0,0.11154706968832986,25,euclidean,distance
2536,12969,12970,0,0,0.19686644008097398,25,euclidean,distance
2537,12971,12972,1,0,0.21149350061183497,25,euclidean,distance
2538,12973,12974,0,0,0.24579074594539835,25,euclidean,distance
2539,12976,12977,0,0,0.37579695317309564,25,euclidean,distance
2540,12978,12979,0,0,0.3869076460094148,25,euclidean,distance
2541,12984,12985,0,0,0.19186030040718752,25,euclidean,distance
2542,12989,12990,0,0,0.097295760814451751,25,euclidean,distance
2543,12990,12991,1,0,0.38672309803265154,25,euclidean,distance
2544,12996,12997,1,1,0.55722642000008293,25,euclidean,distance
2545,12997,12998,1,0,0.48456009614130341,25,euclidean,distance
2546,13002,13003,0,0,0.039103583252457538,25,euclidean,distance
2547,13006,13007,0,0,0.16985877947915831,25,euclidean,distance
2548,13013,13014,0,0,0.22677843863316818,25,euclidean,distance
2549,13018,13019,0,0,0.1111481330052826,25,euclidean,distance
2550,13025,13026,0,0,0.14498466321849127,25,euclidean,distance
2551,13029,13030,1,0,0.22175110825309596,25,euclidean,distance
2552,13033,13034,0,0,0.035747864097235175,25,euclidean,distance
2553,13034,13035,0,0,0.1052360670640875,25,euclidean,distance
2554,13039,13040,0,0,0,25,euclidean,distance
2555,13047,13048,0,0,0,25,euclidean,distance
2556,13050,13051,1,1,0.76639991643039973,25,euclidean,distance
2557,13062,13063,0,0,0.16393925756344421,25,euclidean,distance
2558,13063,13064,1,0,0.033829217537229478,25,euclidean,distance
2559,13078,13079,0,0,0.232732036089699,25,euclidean,distance
2560,13080,13081,0,0,0.074025745389494899,25,euclidean,distance
2561,13082,13083,1,0,0.28052791734440852,25,euclidean,distance
2562,13083,13084,1,1,0.72727547930326875,25,euclidean,distance
2563,13090,13091,0,0,0,25,euclidean,distance
2564,13092,13093,1,1,0.71815495814839614,25,euclidean,distance
2565,13094,13095,0,0,0.28102850582271921,25,euclidean,distance
2566,13096,13097,0,1,0.56330831221938271,25,euclidean,distance
2567,13099,13100,0,0,0.12741060830471826,25,euclidean,distance
2568,13112,13113,0,0,0.080022282951834237,25,euclidean,distance
2569,13113,13114,0,0,0.18998393029039368,25,euclidean,distance
2570,13117,13118,0,0,0.039895635437875124,25,euclidean,distance
2571,13119,13120,0,0,0,25,euclidean,distance
2572,13125,13126,0,0,0.24857270218739588,25,euclidean,distance
2573,13129,13130,0,0,0.18349316373103056,25,euclidean,distance
2574,13130,13131,0,0,0.24515296967401218,25,euclidean,distance
2575,13131,13132,0,0,0.29287518018301678,25,euclidean,distance
2576,13132,13133,0,0,0.22948163128435706,25,euclidean,distance
2577,13136,13137,0,0,0.12217160777128191,25,euclidean,distance
2578,13138,13139,0,0,0.11773545575325937,25,euclidean,distance
2579,13145,13146,0,0,0.19065064705816459,25,euclidean,distance
2580,13155,13156,0,0,0.066504431478553172,25,euclidean,distance
2581,13157,13158,0,0,0.076450340690955812,25,euclidean,distance
2582,13169,13170,0,0,0,25,euclidean,distance
2583,13171,13172,0,0,0.037402744178661032,25,euclidean,distance
2584,13174,13175,0,0,0.095130321961582887,25,euclidean,distance
2585,13176,13177,0,0,0.11149035955987184,25,euclidean,distance
2586,13177,13178,1,1,0.55054868699552217,25,euclidean,distance
2587,13185,13186,1,0,0,25,euclidean,distance
2588,13189,13190,0,0,0.062121815990667198,25,euclidean,distance
2589,13192,13193,0,0,0,25,euclidean,distance
2590,13195,13196,1,0,0.21514533465949126,25,euclidean,distance
2591,13200,13201,0,0,0.14761994736997816,25,euclidean,distance
2592,13203,13204,0,0,0.068002750661513969,25,euclidean,distance
2593,13208,13209,0,0,0.15036810058163999,25,euclidean,distance
2594,13209,13210,1,0,0.17161443163473986,25,euclidean,distance
2595,13220,13221,0,0,0.16048261909118161,25,euclidean,distance
2596,13225,13226,0,0,0.085308125971033155,25,euclidean,distance
2597,13233,13234,0,0,0.084238087194662165,25,euclidean,distance
2598,13234,13235,1,0,0.1996242809222788,25,euclidean,distance
2599,13238,13239,1,1,0.55905318990515096,25,euclidean,distance
2600,13239,13240,1,0,0.36390071215247838,25,euclidean,distance
2601,13246,13247,0,0,0,25,euclidean,distance
2602,13250,13251,0,0,0.31344987429930921,25,euclidean,distance
2603,13260,13261,0,0,0.22736326918613867,25,euclidean,distance
2604,13266,13267,1,0,0.12692204471232685,25,euclidean,distance
2605,13272,13273,0,0,0.44053385495362585,25,euclidean,distance
2606,13278,13279,0,0,0.038836683210456351,25,euclidean,distance
2607,13281,13282,1,0,0.14091169487209826,25,euclidean,distance
2608,13282,13283,0,1,0.70396255119557172,25,euclidean,distance
2609,13291,13292,1,1,0.89731234544870242,25,euclidean,distance
2610,13304,13305,0,0,0.072848119106440803,25,euclidean,distance
2611,13305,13306,1,0,0.27454475803167194,25,euclidean,distance
2612,13311,13312,0,0,0.15885659881862918,25,euclidean,distance
2613,13319,13320,0,0,0.031544219819408428,25,euclidean,distance
2614,13326,13327,1,0,0.35175043418893093,25,euclidean,distance
2615,13332,13333,0,0,0.12726324801619132,25,euclidean,distance
2616,13336,13337,0,0,0.25020914230482577,25,euclidean,distance
2617,13342,13343,0,0,0.11885111329917117,25,euclidean,distance
2618,13344,13345,1,0,0.11292175514845937,25,euclidean,distance
2619,13347,13348,0,0,0.12519672622314965,25,euclidean,distance
2620,13349,13350,0,0,0.063857590864084171,25,euclidean,distance
2621,13350,13351,0,0,0.15878581333597883,25,euclidean,distance
2622,13355,13356,0,0,0.025186370994779599,25,euclidean,distance
2623,13362,13363,0,0,0.24313021918711811,25,euclidean,distance
2624,13366,13367,0,0,0.16409186073339119,25,euclidean,distance
2625,13389,13390,0,0,0.16472037370654782,25,euclidean,distance
2626,13390,13391,1,1,0.52684519156375398,25,euclidean,distance
2627,13392,13393,0,0,0,25,euclidean,distance
2628,13399,13400,1,0,0.48396600572500137,25,euclidean,distance
2629,13401,13402,1,0,0.038124325597258611,25,euclidean,distance
2630,13411,13412,0,0,0.075376029815317949,25,euclidean,distance
2631,13412,13413,1,0,0.3240794183469225,25,euclidean,distance
2632,13414,13415,0,0,0.27111836371119202,25,euclidean,distance
2633,13423,13424,1,0,0.29020547706241345,25,euclidean,distance
2634,13425,13426,0,0,0.2452500031436575,25,euclidean,distance
2635,13433,13434,0,0,0.076953419802126208,25,euclidean,distance
2636,13434,13435,0,0,0.034546059800979516,25,euclidean,distance
2637,13436,13437,0,0,0.14128078410331013,25,euclidean,distance
2638,13453,13454,0,0,0.27917745678506167,25,euclidean,distance
2639,13461,13462,0,0,0.12970417000777759,25,euclidean,distance
2640,13473,13474,0,0,0.16286352796786333,25,euclidean,distance
2641,13478,13479,1,1,0.72529017939882201,25,euclidean,distance
2642,13479,13480,1,1,0.75571871793113532,25,euclidean,distance
2643,13483,13484,0,0,0.040513680166107582,25,euclidean,distance
2644,13485,13486,0,0,0.069321368737901776,25,euclidean,distance
2645,13487,13488,0,0,0.08604249268835891,25,euclidean,distance
2646,13492,13493,0,0,0.035220001168649109,25,euclidean,distance
2647,13497,13498,1,0,0.21075354973361199,25,euclidean,distance
2648,13503,13504,1,0,0.18153185660961721,25,euclidean,distance
2649,13504,13505,1,1,0.52145595625804442,25,euclidean,distance
2650,13517,13518,0,0,0.046230203185602323,25,euclidean,distance
2651,13522,13523,0,0,0.23510826012389632,25,euclidean,distance
2652,13530,13531,0,0,0.29918862874041002,25,euclidean,distance
2653,13533,13534,0,0,0.25354348554234246,25,euclidean,distance
2654,13534,13535,0,0,0.081017290479315343,25,euclidean,distance
2655,13538,13539,0,0,0.080428009908205922,25,euclidean,distance
2656,13553,13554,0,0,0.044857182284021337,25,euclidean,distance
2657,13573,13574,0,0,0.07548731639538081,25,euclidean,distance
2658,13574,13575,0,0,0.14984483132330215,25,euclidean,distance
2659,13576,13577,0,0,0.13841009071735744,25,euclidean,distance
2660,13581,13582,0,0,0.23893458072991025,25,euclidean,distance
2661,13586,13587,0,0,0.2466189419410916,25,euclidean,distance
2662,13591,13592,0,0,0.052783541092318878,25,euclidean,distance
2663,13595,13596,0,0,0.14318523068778879,25,euclidean,distance
2664,13600,13601,0,0,0.15644387790324929,25,euclidean,distance
2665,13602,13603,0,0,0,25,euclidean,distance
2666,13603,13604,1,0,0.12015219746444603,25,euclidean,distance
2667,13617,13618,0,0,0.10937284182326784,25,euclidean,distance
2668,13619,13620,1,0,0.19146137565634147,25,euclidean,distance
2669,13620,13621,0,0,0.11388970865897249,25,euclidean,distance
2670,13621,13622,0,0,0.11624019854892491,25,euclidean,distance
2671,13625,13626,0,0,0.11836218298231757,25,euclidean,distance
2672,13628,13629,0,0,0.1253815133050051,25,euclidean,distance
2673,13638,13639,0,0,0.04873408960181097,25,euclidean,distance
2674,13647,13648,1,1,0.58660212502850151,25,euclidean,distance
2675,13649,13650,0,0,0,25,euclidean,distance
2676,13651,13652,0,0,0.30519493029593298,25,euclidean,distance
2677,13656,13657,0,0,0.1123285040454803,25,euclidean,distance
2678,13661,13662,0,0,0.070042244652542066,25,euclidean,distance
2679,13664,13665,0,0,0.27840737183655984,25,euclidean,distance
2680,13667,13668,0,0,0.093965967178307741,25,euclidean,distance
2681,13668,13669,0,0,0.074347771743148036,25,euclidean,distance
2682,13670,13671,0,0,0.17829468342743443,25,euclidean,distance
2683,13678,13679,0,0,0.12670635251316278,25,euclidean,distance
2684,13680,13681,0,1,0.59851900555710524,25,euclidean,distance
2685,13695,13696,0,1,0.71168715602225285,25,euclidean,distance
2686,13696,13697,0,1,0.90466750348492431,25,euclidean,distance
2687,13702,13703,0,0,0.26071543774610628,25,euclidean,distance
2688,13704,13705,0,0,0,25,euclidean,distance
2689,13705,13706,0,0,0.12498497902291164,25,euclidean,distance
2690,13706,13707,0,0,0.065141120341433004,25,euclidean,distance
2691,13716,13717,0,0,0.44946765710869169,25,euclidean,distance
2692,13717,13718,1,1,0.79932677229886162,25,euclidean,distance
2693,13719,13720,0,1,0.75871208819225233,25,euclidean,distance
2694,13720,13721,1,0,0.21537397423122284,25,euclidean,distance
2695,13724,13725,0,0,0.28056913839497571,25,euclidean,distance
2696,13726,13727,0,0,0.20336112557764705,25,euclidean,distance
2697,13730,13731,1,0,0.39905157008558012,25,euclidean,distance
2698,13732,13733,0,0,0.27895890700629972,25,euclidean,distance
2699,13737,13738,0,0,0.16931536227375268,25,euclidean,distance
2700,13739,13740,1,1,0.86437411303009615,25,euclidean,distance
2701,13741,13742,1,0,0.12012432202262925,25,euclidean,distance
2702,13745,13746,0,0,0.44430888855002693,25,euclidean,distance
2703,13749,13750,0,0,0.27760736491721122,25,euclidean,distance
2704,13767,13768,0,0,0.13523526881977091,25,euclidean,distance
2705,13770,13771,0,0,0.11622529604919822,25,euclidean,distance
2706,13779,13780,0,0,0.15329383426299301,25,euclidean,distance
2707,13786,13787,0,0,0.086725688007705387,25,euclidean,distance
2708,13793,13794,0,0,0.080488241451928677,25,euclidean,distance
2709,13794,13795,0,0,0.074647352627417382,25,euclidean,distance
2710,13797,13798,0,0,0.35620903738019061,25,euclidean,distance
2711,13800,13801,0,1,0.58378719891570219,25,euclidean,distance
2712,13801,13802,0,0,0.29385930411339306,25,euclidean,distance
2713,13805,13806,0,0,0.099753953086436073,25,euclidean,distance
2714,13809,13810,0,0,0.43066817708615623,25,euclidean,distance
2715,13811,13812,0,0,0.095131129115592863,25,euclidean,distance
2716,13823,13824,0,0,0.15617520229738216,25,euclidean,distance
2717,13825,13826,0,0,0,25,euclidean,distance
2718,13828,13829,0,0,0.14670626178444696,25,euclidean,distance
2719,13833,13834,0,0,0.081488631086694976,25,euclidean,distance
2720,13837,13838,0,0,0.17222096630833267,25,euclidean,distance
2721,13841,13842,0,0,0.03254370558772407,25,euclidean,distance
2722,13849,13850,0,0,0.15938826496618264,25,euclidean,distance
2723,13852,13853,0,0,0.20942417189820905,25,euclidean,distance
2724,13860,13861,0,0,0.14656733485890089,25,euclidean,distance
2725,13861,13862,1,0,0.25663078736454598,25,euclidean,distance
2726,13862,13863,0,0,0.11700080583455395,25,euclidean,distance
2727,13866,13867,0,0,0.1718238992230062,25,euclidean,distance
2728,13867,13868,0,0,0.038014647137493515,25,euclidean,distance
2729,13869,13870,0,0,0.16180219876814136,25,euclidean,distance
2730,13872,13873,0,1,0.53265333474859267,25,euclidean,distance
2731,13874,13875,0,0,0.041131058416859302,25,euclidean,distance
2732,13876,13877,0,1,0.63740053342309844,25,euclidean,distance
2733,13877,13878,0,0,0.34894115053996572,25,euclidean,distance
2734,13879,13880,0,0,0.15727895814593165,25,euclidean,distance
2735,13881,13882,1,0,0.43796267060232652,25,euclidean,distance
2736,13900,13901,0,0,0.26323408299159901,25,euclidean,distance
2737,13903,13904,0,0,0.36803480560829244,25,euclidean,distance
2738,13905,13906,0,0,0.03904252670838039,25,euclidean,distance
2739,13915,13916,0,0,0.20784129998483808,25,euclidean,distance
2740,13918,13919,0,0,0.13249285581470346,25,euclidean,distance
2741,13920,13921,0,0,0.043335181969109099,25,euclidean,distance
2742,13922,13923,1,0,0.23190540384836222,25,euclidean,distance
2743,13926,13927,0,0,0.22374486863984269,25,euclidean,distance
2744,13932,13933,0,1,0.52415548346674745,25,euclidean,distance
2745,13933,13934,0,0,0.15558364406423789,25,euclidean,distance
2746,13938,13939,0,0,0.13388694287571989,25,euclidean,distance
2747,13941,13942,1,0,0.28495716110768005,25,euclidean,distance
2748,13942,13943,0,0,0.12221590808092211,25,euclidean,distance
2749,13943,13944,1,0,0.29969747754626547,25,euclidean,distance
2750,13953,13954,0,0,0.03924200992982959,25,euclidean,distance
2751,13954,13955,0,0,0.13146140219582464,25,euclidean,distance
2752,13956,13957,1,0,0.32449935057011264,25,euclidean,distance
2753,13960,13961,0,1,0.80608578862515712,25,euclidean,distance
2754,13964,13965,0,0,0.46026036731223746,25,euclidean,distance
2755,13966,13967,1,1,0.87625455937822505,25,euclidean,distance
2756,13968,13969,1,0,0.37446648817283218,25,euclidean,distance
2757,13969,13970,0,0,0.11837532554967042,25,euclidean,distance
2758,13973,13974,0,0,0.47891338693232716,25,euclidean,distance
2759,13979,13980,1,0,0.079492032784626049,25,euclidean,distance
2760,13980,13981,0,0,0.18875608426786061,25,euclidean,distance
2761,13990,13991,0,0,0.11620084435103351,25,euclidean,distance
2762,13995,13996,0,0,0.14919777779109283,25,euclidean,distance
2763,13997,13998,1,1,0.6802468467113344,25,euclidean,distance
2764,13998,13999,0,0,0.11597679633369642,25,euclidean,distance
2765,14005,14006,0,0,0.038306044171829347,25,euclidean,distance
2766,14007,14008,1,0,0.11249253853659041,25,euclidean,distance
2767,14008,14009,0,0,0.27864009127557055,25,euclidean,distance
2768,14026,14027,0,0,0,25,euclidean,distance
2769,14030,14031,1,0,0.27122475171923738,25,euclidean,distance
2770,14031,14032,0,0,0.16410792880771283,25,euclidean,distance
2771,14041,14042,0,0,0.022056331828310172,25,euclidean,distance
2772,14049,14050,1,0,0.3602576763918644,25,euclidean,distance
2773,14051,14052,0,0,0.15277410179788126,25,euclidean,distance
2774,14054,14055,0,0,0.10066972492234905,25,euclidean,distance
2775,14058,14059,0,0,0.15087260382429679,25,euclidean,distance
2776,14071,14072,1,0,0.24217586162636412,25,euclidean,distance
2777,14074,14075,1,1,0.58326454344975187,25,euclidean,distance
2778,14077,14078,0,0,0.17465744263383065,25,euclidean,distance
2779,14080,14081,0,0,0.39214426474771813,25,euclidean,distance
2780,14088,14089,0,0,0.084201448214621194,25,euclidean,distance
2781,14089,14090,0,0,0.069318673722308238,25,euclidean,distance
2782,14107,14108,0,0,0.039261901711265444,25,euclidean,distance
2783,14125,14126,0,0,0.039721863887442456,25,euclidean,distance
2784,14137,14138,0,0,0.088029535124525507,25,euclidean,distance
2785,14138,14139,0,0,0.15134369447243828,25,euclidean,distance
2786,14140,14141,0,0,0.33881487028397034,25,euclidean,distance
2787,14151,14152,0,0,0.23629307100819566,25,euclidean,distance
2788,14153,14154,0,0,0.15517240902130683,25,euclidean,distance
2789,14159,14160,1,0,0.21171645596214203,25,euclidean,distance
2790,14161,14162,1,1,0.5156655836341193,25,euclidean,distance
2791,14165,14166,0,0,0.090064584379731735,25,euclidean,distance
2792,14167,14168,1,0,0.18585397507990059,25,euclidean,distance
2793,14168,14169,0,0,0.08720069549354538,25,euclidean,distance
2794,14176,14177,1,1,0.7345432339387612,25,euclidean,distance
2795,14185,14186,0,0,0.080684380430250821,25,euclidean,distance
2796,14187,14188,0,0,0.078010007451589689,25,euclidean,distance
2797,14188,14189,0,0,0.19856335391874363,25,euclidean,distance
2798,14192,14193,0,0,0.075366527712024803,25,euclidean,distance
2799,14193,14194,0,0,0.091570996335502836,25,euclidean,distance
2800,14196,14197,0,0,0,25,euclidean,distance
2801,14198,14199,0,0,0.077574759461352838,25,euclidean,distance
2802,14204,14205,1,0,0.35427214971439636,25,euclidean,distance
2803,14213,14214,0,0,0.2027534321358713,25,euclidean,distance
2804,14214,14215,1,0,0.30489656409129151,25,euclidean,distance
2805,14220,14221,1,1,0.85366296232968775,25,euclidean,distance
2806,14223,14224,0,0,0.20833446575622927,25,euclidean,distance
2807,14224,14225,0,0,0.079029839071573516,25,euclidean,distance
2808,14225,14226,1,1,0.76818902108986353,25,euclidean,distance
2809,14234,14235,0,0,0,25,euclidean,distance
2810,14238,14239,0,0,0.071628283197292683,25,euclidean,distance
2811,14240,14241,0,0,0.17452284607426591,25,euclidean,distance
2812,14251,14252,1,1,0.623969496137188,25,euclidean,distance
2813,14254,14255,0,0,0.36751051297908965,25,euclidean,distance
2814,14261,14262,1,0,0.11885127287669736,25,euclidean,distance
2815,14263,14264,0,0,0.077716726441765874,25,euclidean,distance
2816,14277,14278,0,0,0.45024597287557494,25,euclidean,distance
2817,14279,14280,1,0,0.25621095176109238,25,euclidean,distance
2818,14281,14282,0,0,0.15874809625099426,25,euclidean,distance
2819,14285,14286,0,0,0,25,euclidean,distance
2820,14303,14304,0,0,0.4267332451365769,25,euclidean,distance
2821,14304,14305,0,0,0.1222401609134473,25,euclidean,distance
2822,14307,14308,0,0,0.081239067413097096,25,euclidean,distance
2823,14308,14309,0,0,0.12388582044928641,25,euclidean,distance
2824,14318,14319,0,0,0.049598450204728667,25,euclidean,distance
2825,14319,14320,0,0,0.16326508397077807,25,euclidean,distance
2826,14326,14327,0,0,0.19420204259848264,25,euclidean,distance
2827,14330,14331,1,1,0.68042744001955346,25,euclidean,distance
2828,14331,14332,0,0,0.081560672209651283,25,euclidean,distance
2829,14336,14337,0,0,0,25,euclidean,distance
2830,14340,14341,0,1,0.66279386455805545,25,euclidean,distance
2831,14346,14347,0,0,0.087369199994472499,25,euclidean,distance
2832,14353,14354,0,0,0.076035882495523427,25,euclidean,distance
2833,14354,14355,1,0,0.44286773613853903,25,euclidean,distance
2834,14356,14357,0,0,0.22131859322849856,25,euclidean,distance
2835,14364,14365,0,0,0.23367537417375836,25,euclidean,distance
2836,14369,14370,0,0,0.15931280306570311,25,euclidean,distance
2837,14373,14374,1,0,0.12830941730221368,25,euclidean,distance
2838,14379,14380,0,0,0.080441303742387588,25,euclidean,distance
2839,14394,14395,0,0,0,25,euclidean,distance
2840,14398,14399,0,0,0,25,euclidean,distance
2841,14400,14401,0,0,0.031129433585037392,25,euclidean,distance
2842,14401,14402,0,0,0.46958147091854929,25,euclidean,distance
2843,14412,14413,0,0,0.075111637749287918,25,euclidean,distance
2844,14415,14416,0,0,0.065458431247564161,25,euclidean,distance
2845,14417,14418,0,0,0.15646841092447347,25,euclidean,distance
2846,14418,14419,0,1,0.841888908486641,25,euclidean,distance
2847,14421,14422,0,0,0.15601478264904334,25,euclidean,distance
2848,14422,14423,0,0,0.10601182852067603,25,euclidean,distance
2849,14423,14424,0,0,0.040880308525613002,25,euclidean,distance
2850,14424,14425,0,0,0.19815457563927369,25,euclidean,distance
2851,14432,14433,0,0,0.043479738598676369,25,euclidean,distance
2852,14433,14434,0,0,0.041278996581882985,25,euclidean,distance
2853,14434,14435,1,0,0.31712394079310513,25,euclidean,distance
2854,14438,14439,0,0,0.097866971374751227,25,euclidean,distance
2855,14439,14440,1,1,0.71290818674301848,25,euclidean,distance
2856,14440,14441,0,0,0.20938135175855846,25,euclidean,distance
2857,14444,14445,0,0,0.21434966124377852,25,euclidean,distance
2858,14446,14447,1,1,0.68618053980094351,25,euclidean,distance
2859,14464,14465,0,0,0.080708593262649439,25,euclidean,distance
2860,14466,14467,0,0,0.12536256688230582,25,euclidean,distance
2861,14470,14471,1,0,0.42689957448150673,25,euclidean,distance
2862,14471,14472,1,1,0.51008190909398154,25,euclidean,distance
2863,14480,14481,1,0,0.20440335713912627,25,euclidean,distance
2864,14496,14497,1,0,0.20258554055852232,25,euclidean,distance
2865,14499,14500,0,1,0.59795766137464756,25,euclidean,distance
2866,14507,14508,0,0,0,25,euclidean,distance
2867,14513,14514,0,0,0.16252608843362362,25,euclidean,distance
2868,14522,14523,0,0,0.1554323844750396,25,euclidean,distance
2869,14524,14525,0,0,0.1697329625708956,25,euclidean,distance
2870,14531,14532,0,0,0.11743736964252596,25,euclidean,distance
2871,14532,14533,0,0,0.20884799996581643,25,euclidean,distance
2872,14537,14538,1,0,0.11063298549183535,25,euclidean,distance
2873,14541,14542,1,1,0.65084696900934635,25,euclidean,distance
2874,14542,14543,1,1,0.82214194137928387,25,euclidean,distance
2875,14548,14549,0,0,0.12173939554607213,25,euclidean,distance
2876,14559,14560,0,0,0.078038119929967079,25,euclidean,distance
2877,14561,14562,0,0,0.21970639399514258,25,euclidean,distance
2878,14562,14563,1,1,0.75996518493495735,25,euclidean,distance
2879,14567,14568,0,0,0.0345470804886822,25,euclidean,distance
2880,14583,14584,1,0,0.46433387202684118,25,euclidean,distance
2881,14584,14585,0,0,0.1989359942568473,25,euclidean,distance
2882,14592,14593,0,0,0.06478070742254971,25,euclidean,distance
2883,14593,14594,0,0,0.22876007459390635,25,euclidean,distance
2884,14599,14600,0,0,0.039187120979387813,25,euclidean,distance
2885,14601,14602,0,0,0.20487356962298395,25,euclidean,distance
2886,14603,14604,0,0,0.11672844727886089,25,euclidean,distance
2887,14605,14606,0,0,0.15780063688205589,25,euclidean,distance
2888,14621,14622,0,0,0.043239098182289881,25,euclidean,distance
2889,14622,14623,0,0,0.097523123423252089,25,euclidean,distance
2890,14632,14633,0,0,0.14565425794236658,25,euclidean,distance
2891,14634,14635,0,0,0,25,euclidean,distance
2892,14641,14642,0,0,0.1915967117503391,25,euclidean,distance
2893,14646,14647,0,1,0.66637148605690733,25,euclidean,distance
2894,14661,14662,0,0,0.13922305122830372,25,euclidean,distance
2895,14662,14663,0,0,0.036501292759287103,25,euclidean,distance
2896,14672,14673,0,0,0.11243164383190647,25,euclidean,distance
2897,14673,14674,0,0,0.23873207783175771,25,euclidean,distance
2898,14682,14683,0,0,0.38554034476251592,25,euclidean,distance
2899,14683,14684,0,0,0.16464201777166595,25,euclidean,distance
2900,14684,14685,0,0,0.21826245439232869,25,euclidean,distance
2901,14690,14691,1,0,0.17468701530643352,25,euclidean,distance
2902,14691,14692,1,1,0.66340392224256395,25,euclidean,distance
2903,14696,14697,0,0,0.038573141799411265,25,euclidean,distance
2904,14701,14702,0,0,0.25861648533380333,25,euclidean,distance
2905,14704,14705,0,0,0.089463767278264786,25,euclidean,distance
2906,14707,14708,1,1,0.51088838314117957,25,euclidean,distance
2907,14717,14718,0,1,0.71937449804679499,25,euclidean,distance
2908,14722,14723,1,1,0.78677763170673365,25,euclidean,distance
2909,14723,14724,0,0,0.078995025345448333,25,euclidean,distance
2910,14725,14726,0,0,0.1582678874975417,25,euclidean,distance
2911,14727,14728,1,0,0.089189147744228384,25,euclidean,distance
2912,14736,14737,0,0,0.042209973685230114,25,euclidean,distance
2913,14740,14741,0,0,0.4140816854045109,25,euclidean,distance
2914,14748,14749,0,0,0.19270056582832135,25,euclidean,distance
2915,14752,14753,0,0,0.033268225531325211,25,euclidean,distance
2916,14757,14758,0,1,0.61751508852713666,25,euclidean,distance
2917,14761,14762,0,0,0.32788670195959202,25,euclidean,distance
2918,14763,14764,1,1,0.64956588153362504,25,euclidean,distance
2919,14766,14767,1,0,0.10932548311991309,25,euclidean,distance
2920,14768,14769,0,0,0.12957154910750904,25,euclidean,distance
2921,14786,14787,1,0,0.034028405163387183,25,euclidean,distance
2922,14793,14794,1,1,0.8413733306703719,25,euclidean,distance
2923,14800,14801,1,0,0.2922273269635125,25,euclidean,distance
2924,14801,14802,0,0,0.25949028878854435,25,euclidean,distance
2925,14805,14806,0,1,0.64075572457383223,25,euclidean,distance
2926,14807,14808,0,1,0.52531578589044114,25,euclidean,distance
2927,14811,14812,0,0,0.095071478765850537,25,euclidean,distance
2928,14814,14815,0,0,0.28168357818505202,25,euclidean,distance
2929,14818,14819,0,0,0.10850289541802687,25,euclidean,distance
2930,14821,14822,0,0,0.045365583338578534,25,euclidean,distance
2931,14822,14823,1,0,0.17644852496681274,25,euclidean,distance
2932,14823,14824,0,0,0.25836108617427506,25,euclidean,distance
2933,14834,14835,0,0,0.080900985528572222,25,euclidean,distance
2934,14835,14836,0,0,0.1087690647410382,25,euclidean,distance
2935,14855,14856,0,0,0.196166780658593,25,euclidean,distance
2936,14860,14861,0,1,0.76660301503720152,25,euclidean,distance
2937,14862,14863,0,0,0.18247801063690705,25,euclidean,distance
2938,14864,14865,1,0,0.34111035796644529,25,euclidean,distance
2939,14873,14874,1,0,0.43581922261843048,25,euclidean,distance
2940,14879,14880,0,0,0.033033290382506748,25,euclidean,distance
2941,14881,14882,0,0,0.43924058797963084,25,euclidean,distance
2942,14882,14883,0,0,0.038273072367983225,25,euclidean,distance
2943,14883,14884,1,1,0.54410195281627338,25,euclidean,distance
2944,14884,14885,1,0,0.17661082373068862,25,euclidean,distance
2945,14888,14889,0,0,0.24974123380374225,25,euclidean,distance
2946,14890,14891,0,0,0.23493057923411836,25,euclidean,distance
2947,14899,14900,0,0,0.077951246911211261,25,euclidean,distance
2948,14902,14903,0,0,0.072388447920349749,25,euclidean,distance
2949,14911,14912,0,0,0.12683601616569068,25,euclidean,distance
2950,14914,14915,1,1,0.5834594647238428,25,euclidean,distance
2951,14915,14916,0,0,0.083020270354840095,25,euclidean,distance
2952,14919,14920,0,0,0.080087995682651,25,euclidean,distance
2953,14922,14923,0,1,0.5837827444774456,25,euclidean,distance
2954,14924,14925,0,0,0.11711198497682214,25,euclidean,distance
2955,14926,14927,0,0,0.084159537746854349,25,euclidean,distance
2956,14927,14928,1,0,0.45381266928794706,25,euclidean,distance
2957,14936,14937,1,0,0.084238766108428356,25,euclidean,distance
2958,14940,14941,0,0,0.19241435749783348,25,euclidean,distance
2959,14944,14945,0,0,0.16428832151815817,25,euclidean,distance
2960,14945,14946,1,0,0.22882469296511326,25,euclidean,distance
2961,14955,14956,0,0,0.11076645382937514,25,euclidean,distance
2962,14956,14957,0,0,0.10668943847321262,25,euclidean,distance
2963,14959,14960,0,0,0.31548742075591241,25,euclidean,distance
2964,14961,14962,0,0,0.36967946567263882,25,euclidean,distance
2965,14965,14966,0,0,0.12684606555581895,25,euclidean,distance
2966,14967,14968,0,0,0.16336724293215221,25,euclidean,distance
2967,14969,14970,1,0,0.13530190871593581,25,euclidean,distance
2968,14971,14972,1,0,0.45062400922846529,25,euclidean,distance
2969,14973,14974,1,1,0.88395265830756808,25,euclidean,distance
2970,14975,14976,1,0,0.1561420482641683,25,euclidean,distance
2971,14980,14981,1,1,0.74533035435870509,25,euclidean,distance
2972,14989,14990,0,0,0.16278801648705435,25,euclidean,distance
2973,14995,14996,0,0,0.18195278592120431,25,euclidean,distance
2974,15016,15017,0,1,0.58889107589157486,25,euclidean,distance
2975,15018,15019,0,1,0.55898799523585119,25,euclidean,distance
2976,15020,15021,0,0,0.4903937284076193,25,euclidean,distance
2977,15024,15025,0,0,0.46856159413034026,25,euclidean,distance
2978,15028,15029,0,0,0.12028614814433038,25,euclidean,distance
2979,15030,15031,1,0,0.37066215893206561,25,euclidean,distance
2980,15033,15034,1,1,0.64109903844522831,25,euclidean,distance
2981,15037,15038,0,0,0.36966034484136695,25,euclidean,distance
2982,15041,15042,0,0,0.13323544263216297,25,euclidean,distance
2983,15048,15049,0,0,0.1146926610580656,25,euclidean,distance
2984,15051,15052,0,0,0,25,euclidean,distance
2985,15056,15057,0,1,0.61172959522182013,25,euclidean,distance
2986,15066,15067,0,0,0.13904557253570582,25,euclidean,distance
2987,15074,15075,0,0,0.19728116971226287,25,euclidean,distance
2988,15075,15076,0,0,0,25,euclidean,distance
2989,15083,15084,0,0,0.038354321685418413,25,euclidean,distance
2990,15084,15085,1,0,0.15446054600240228,25,euclidean,distance
2991,15085,15086,0,0,0.035249984802042493,25,euclidean,distance
2992,15088,15089,0,1,0.56336192028512544,25,euclidean,distance
2993,15089,15090,0,0,0.185148327224535,25,euclidean,distance
2994,15096,15097,0,0,0,25,euclidean,distance
2995,15101,15102,0,0,0.054386601509700976,25,euclidean,distance
2996,15102,15103,0,0,0.42936248168543434,25,euclidean,distance
2997,15104,15105,0,0,0.038122538556675439,25,euclidean,distance
2998,15110,15111,0,1,0.61219856178210608,25,euclidean,distance
2999,15112,15113,0,0,0.10878228115578206,25,euclidean,distance
3000,15117,15118,0,1,0.78549538111223671,25,euclidean,distance
3001,15119,15120,1,1,0.63175579782559554,25,euclidean,distance
3002,15122,15123,0,0,0.2015914370199792,25,euclidean,distance
3003,15139,15140,1,0,0.14827058341567267,25,euclidean,distance
3004,15142,15143,0,0,0.11426714333360126,25,euclidean,distance
3005,15143,15144,0,0,0.10418015502589396,25,euclidean,distance
3006,15144,15145,0,0,0.070374485958428712,25,euclidean,distance
3007,15151,15152,1,1,0.63758434927503294,25,euclidean,distance
3008,15156,15157,0,0,0.15517690907957318,25,euclidean,distance
3009,15159,15160,0,1,0.60942664200218366,25,euclidean,distance
3010,15160,15161,1,1,0.74694879435265216,25,euclidean,distance
3011,15161,15162,0,0,0.25618477181403992,25,euclidean,distance
3012,15166,15167,0,0,0.15162419862172133,25,euclidean,distance
3013,15167,15168,0,0,0.16747355869860911,25,euclidean,distance
3014,15170,15171,0,0,0.12918948868307209,25,euclidean,distance
3015,15177,15178,0,0,0.096888079345157849,25,euclidean,distance
3016,15180,15181,1,1,0.75410119101442197,25,euclidean,distance
3017,15183,15184,0,0,0.078171501569514204,25,euclidean,distance
3018,15191,15192,0,0,0.068336094376984,25,euclidean,distance
3019,15195,15196,0,0,0.15841833604241873,25,euclidean,distance
3020,15197,15198,0,0,0.036881495426531123,25,euclidean,distance
3021,15200,15201,1,1,0.66034805821217624,25,euclidean,distance
3022,15201,15202,1,1,0.8241642179775609,25,euclidean,distance
3023,15208,15209,0,0,0.19159340952935666,25,euclidean,distance
3024,15212,15213,1,0,0,25,euclidean,distance
3025,15223,15224,1,0,0.21308266584282426,25,euclidean,distance
3026,15224,15225,0,0,0.13352334108002462,25,euclidean,distance
3027,15225,15226,1,1,0.7040872774553022,25,euclidean,distance
3028,15228,15229,0,1,0.60793449558076351,25,euclidean,distance
3029,15242,15243,0,0,0.19219813492555665,25,euclidean,distance
3030,15249,15250,0,0,0.04176730067305208,25,euclidean,distance
3031,15253,15254,0,0,0,25,euclidean,distance
3032,15255,15256,0,0,0.14935580893452186,25,euclidean,distance
3033,15258,15259,0,0,0.15296310381736913,25,euclidean,distance
3034,15263,15264,0,0,0.073701354960752086,25,euclidean,distance
3035,15265,15266,0,0,0.039271166506726685,25,euclidean,distance
3036,15267,15268,0,1,0.52243667354903067,25,euclidean,distance
3037,15270,15271,1,0,0.31009113442847053,25,euclidean,distance
3038,15279,15280,1,0,0.37480419266578235,25,euclidean,distance
3039,15282,15283,0,0,0.066131913387820873,25,euclidean,distance
3040,15284,15285,0,0,0.08217381816639871,25,euclidean,distance
3041,15288,15289,0,0,0,25,euclidean,distance
3042,15296,15297,0,0,0.27354823619084506,25,euclidean,distance
3043,15300,15301,0,0,0.040235236909642792,25,euclidean,distance
3044,15303,15304,1,0,0.13510317638885547,25,euclidean,distance
3045,15304,15305,0,0,0.038762475455446303,25,euclidean,distance
3046,15308,15309,0,1,0.53793795667064304,25,euclidean,distance
3047,15309,15310,0,0,0.24784265451926624,25,euclidean,distance
3048,15311,15312,0,0,0.36202060668028996,25,euclidean,distance
3049,15312,15313,0,0,0.087265088729587631,25,euclidean,distance
3050,15316,15317,1,0,0.26849630889554854,25,euclidean,distance
3051,15330,15331,0,0,0.08181276872864543,25,euclidean,distance
3052,15336,15337,0,0,0.24337404635067483,25,euclidean,distance
3053,15348,15349,0,0,0,25,euclidean,distance
3054,15352,15353,0,0,0.35327757661727716,25,euclidean,distance
3055,15360,15361,0,0,0.12647817543009943,25,euclidean,distance
3056,15362,15363,0,0,0.061149991007612051,25,euclidean,distance
3057,15367,15368,0,0,0.42337855592976392,25,euclidean,distance
3058,15373,15374,0,0,0,25,euclidean,distance
3059,15375,15376,0,0,0.14804795931223189,25,euclidean,distance
3060,15385,15386,1,0,0.32966610761588427,25,euclidean,distance
3061,15386,15387,0,0,0.1720799977793234,25,euclidean,distance
3062,15387,15388,0,0,0.10823147380817924,25,euclidean,distance
3063,15393,15394,0,0,0.30165232448306012,25,euclidean,distance
3064,15397,15398,0,0,0.046417775639413753,25,euclidean,distance
3065,15399,15400,0,0,0.25855781006032819,25,euclidean,distance
3066,15400,15401,0,1,0.63201723633668982,25,euclidean,distance
3067,15402,15403,0,0,0.11048630207351166,25,euclidean,distance
3068,15405,15406,0,0,0.17646674279271954,25,euclidean,distance
3069,15407,15408,0,0,0.042981059876526881,25,euclidean,distance
3070,15416,15417,0,0,0.31208540240160604,25,euclidean,distance
3071,15421,15422,1,0,0.40322283642229528,25,euclidean,distance
3072,15422,15423,0,0,0,25,euclidean,distance
3073,15423,15424,0,0,0.30183998084615804,25,euclidean,distance
3074,15424,15425,1,1,0.62334842231112797,25,euclidean,distance
3075,15425,15426,0,0,0.035811220295104119,25,euclidean,distance
3076,15449,15450,0,0,0,25,euclidean,distance
3077,15452,15453,0,0,0.23208201456459443,25,euclidean,distance
3078,15454,15455,1,1,0.66396316049144843,25,euclidean,distance
3079,15457,15458,0,0,0.29537914544033761,25,euclidean,distance
3080,15460,15461,0,0,0.1237093458298332,25,euclidean,distance
3081,15462,15463,0,0,0.15240149326744068,25,euclidean,distance
3082,15464,15465,0,0,0.078031829395550811,25,euclidean,distance
3083,15468,15469,1,0,0.28089877719467377,25,euclidean,distance
3084,15469,15470,1,1,0.84530876956873624,25,euclidean,distance
3085,15478,15479,0,0,0.036108569960582121,25,euclidean,distance
3086,15482,15483,0,0,0.073063706360234543,25,euclidean,distance
3087,15491,15492,0,0,0.045325667921802558,25,euclidean,distance
3088,15497,15498,1,1,0.80537452837275325,25,euclidean,distance
3089,15506,15507,0,0,0.19536235195211332,25,euclidean,distance
3090,15513,15514,1,0,0.033516051158107865,25,euclidean,distance
3091,15519,15520,0,0,0.10944018877905679,25,euclidean,distance
3092,15520,15521,0,0,0.035744495054594261,25,euclidean,distance
3093,15523,15524,0,0,0,25,euclidean,distance
3094,15525,15526,0,0,0.16720812115182832,25,euclidean,distance
3095,15527,15528,0,0,0.10217082146674221,25,euclidean,distance
3096,15529,15530,0,0,0.03957228715726141,25,euclidean,distance
3097,15531,15532,1,0,0.43455768147414059,25,euclidean,distance
3098,15541,15542,0,0,0.14578237338562539,25,euclidean,distance
3099,15545,15546,1,0,0.42054537284979771,25,euclidean,distance
3100,15548,15549,1,0,0.071299111280954661,25,euclidean,distance
3101,15557,15558,0,0,0.033118413092101284,25,euclidean,distance
3102,15568,15569,0,0,0.070201047946359063,25,euclidean,distance
3103,15573,15574,0,0,0.2838253941026716,25,euclidean,distance
3104,15586,15587,0,0,0.083255759688283207,25,euclidean,distance
3105,15588,15589,0,0,0,25,euclidean,distance
3106,15590,15591,0,0,0.10677604942656346,25,euclidean,distance
3107,15593,15594,1,0,0.42836562784883231,25,euclidean,distance
3108,15596,15597,0,0,0.2314880124158939,25,euclidean,distance
3109,15599,15600,1,1,0.56645716597187956,25,euclidean,distance
3110,15603,15604,0,0,0.079947933859517165,25,euclidean,distance
3111,15613,15614,0,0,0.093709504843317568,25,euclidean,distance
3112,15615,15616,1,1,0.52490964243875604,25,euclidean,distance
3113,15617,15618,0,0,6.7405778043126173e-07,25,euclidean,distance
3114,15618,15619,1,0,0.043063624960067534,25,euclidean,distance
3115,15621,15622,0,0,0,25,euclidean,distance
3116,15635,15636,0,0,0.071784862127033361,25,euclidean,distance
3117,15639,15640,0,0,0.093356108741280933,25,euclidean,distance
3118,15641,15642,0,0,0.078713241480731805,25,euclidean,distance
3119,15653,15654,0,0,0.15886655923269322,25,euclidean,distance
3120,15654,15655,0,0,0.15816409154127722,25,euclidean,distance
3121,15659,15660,0,0,0,25,euclidean,distance
3122,15660,15661,0,0,0.28016817846200071,25,euclidean,distance
3123,15666,15667,0,0,0.17572267025010485,25,euclidean,distance
3124,15669,15670,0,0,0.16145101290832606,25,euclidean,distance
3125,15674,15675,0,0,0.19557019050308516,25,euclidean,distance
3126,15681,15682,1,0,0.32389599906038463,25,euclidean,distance
3127,15683,15684,0,0,0.4070213520833294,25,euclidean,distance
3128,15690,15691,0,0,0.33916237930865117,25,euclidean,distance
3129,15692,15693,0,0,0.19123005164911655,25,euclidean,distance
3130,15693,15694,0,0,0.08296406110995859,25,euclidean,distance
3131,15697,15698,0,0,0.11740833776502488,25,euclidean,distance
3132,15699,15700,0,0,0.40116945858086805,25,euclidean,distance
3133,15702,15703,0,0,0,25,euclidean,distance
3134,15703,15704,0,0,0.31421684492277863,25,euclidean,distance
3135,15705,15706,0,0,0.2185318289200463,25,euclidean,distance
3136,15712,15713,0,0,0.066744835612828318,25,euclidean,distance
3137,15717,15718,0,0,0.13654519173262414,25,euclidean,distance
3138,15720,15721,0,0,0.16173910570859396,25,euclidean,distance
3139,15722,15723,0,0,0.16880151666729451,25,euclidean,distance
3140,15728,15729,0,0,0.086870734627818427,25,euclidean,distance
3141,15730,15731,0,0,0.24811611995906188,25,euclidean,distance
3142,15731,15732,0,0,0.27653084978389481,25,euclidean,distance
3143,15743,15744,0,0,0.15734612697917938,25,euclidean,distance
3144,15752,15753,0,1,0.66957723128323909,25,euclidean,distance
3145,15757,15758,1,1,0.75725013536373575,25,euclidean,distance
3146,15761,15762,0,0,0,25,euclidean,distance
3147,15764,15765,0,0,0.15348609843373021,25,euclidean,distance
3148,15767,15768,0,0,0.17429619345334871,25,euclidean,distance
3149,15769,15770,0,0,0.039534353174043274,25,euclidean,distance
3150,15774,15775,1,1,0.62521533427191134,25,euclidean,distance
3151,15777,15778,1,0,0.37633668229309336,25,euclidean,distance
3152,15784,15785,1,1,0.65529025450498191,25,euclidean,distance
3153,15787,15788,0,0,0.032909126471645969,25,euclidean,distance
3154,15790,15791,0,0,0.090455732484282875,25,euclidean,distance
3155,15793,15794,0,0,0.16714564889860087,25,euclidean,distance
3156,15794,15795,0,0,0.21356485150497545,25,euclidean,distance
3157,15799,15800,0,0,0.10193859030647341,25,euclidean,distance
3158,15801,15802,0,0,0.11447426552893608,25,euclidean,distance
3159,15806,15807,0,0,0.033960437907064371,25,euclidean,distance
3160,15810,15811,1,1,0.5773832457834478,25,euclidean,distance
3161,15818,15819,0,0,0,25,euclidean,distance
3162,15821,15822,0,0,0.16351272058339011,25,euclidean,distance
3163,15836,15837,0,0,0.15852521879094567,25,euclidean,distance
3164,15847,15848,0,0,0.083575438526926449,25,euclidean,distance
3165,15848,15849,0,0,0,25,euclidean,distance
3166,15859,15860,0,0,0.12058704922480888,25,euclidean,distance
3167,15861,15862,1,1,0.67123684158837693,25,euclidean,distance
3168,15868,15869,0,0,0.034721722913978334,25,euclidean,distance
3169,15872,15873,0,0,0,25,euclidean,distance
3170,15877,15878,1,0,0.23922536939289929,25,euclidean,distance
3171,15882,15883,0,0,0.12348800078943817,25,euclidean,distance
3172,15886,15887,0,0,0.28668340426858191,25,euclidean,distance
3173,15887,15888,0,0,0.032336194163701808,25,euclidean,distance
3174,15888,15889,0,0,0.44707841736442855,25,euclidean,distance
3175,15889,15890,0,0,0.087137584901846477,25,euclidean,distance
3176,15890,15891,1,1,0.56939748874633778,25,euclidean,distance
3177,15897,15898,0,0,0.3637473788840912,25,euclidean,distance
3178,15899,15900,0,0,0.21731641566630422,25,euclidean,distance
3179,15900,15901,0,0,0.12504379384973494,25,euclidean,distance
3180,15906,15907,0,0,0.030094608513036934,25,euclidean,distance
3181,15909,15910,0,1,0.77083509638479297,25,euclidean,distance
3182,15923,15924,0,0,0.08321904088889745,25,euclidean,distance
3183,15925,15926,0,0,0.128547246384559,25,euclidean,distance
3184,15930,15931,0,0,0.075357675149162417,25,euclidean,distance
3185,15935,15936,1,1,0.7373927546310608,25,euclidean,distance
3186,15945,15946,0,0,0,25,euclidean,distance
3187,15950,15951,1,1,0.52569090513581063,25,euclidean,distance
3188,15955,15956,0,0,0.065965119060480248,25,euclidean,distance
3189,15960,15961,0,0,0.033181607602918183,25,euclidean,distance
3190,15964,15965,1,1,0.68009157142324761,25,euclidean,distance
3191,15972,15973,1,1,0.54263253920606602,25,euclidean,distance
3192,15974,15975,0,0,0.036716678436973071,25,euclidean,distance
3193,15976,15977,1,0,0.33741614413481019,25,euclidean,distance
3194,15980,15981,0,0,0.39891560626919548,25,euclidean,distance
3195,15988,15989,1,0,0.04593346325653333,25,euclidean,distance
3196,15996,15997,1,0,0.051743343443095655,25,euclidean,distance
3197,16005,16006,0,0,0.081057459949430921,25,euclidean,distance
3198,16007,16008,0,1,0.5689439527595036,25,euclidean,distance
3199,16009,16010,0,0,0.3043234142146487,25,euclidean,distance
3200,16012,16013,0,0,0.11974445335750351,25,euclidean,distance
3201,16018,16019,0,0,0.03586418378144049,25,euclidean,distance
3202,16050,16051,0,0,0.038879965213843154,25,euclidean,distance
3203,16051,16052,0,0,0.1546644773278544,25,euclidean,distance
3204,16055,16056,0,0,0.12540375832670778,25,euclidean,distance
3205,16056,16057,0,0,0.19699849955834484,25,euclidean,distance
3206,16069,16070,0,0,0.22969629408759915,25,euclidean,distance
3207,16071,16072,0,0,0.03568905699895028,25,euclidean,distance
3208,16073,16074,0,0,0.12350992216417259,25,euclidean,distance
3209,16080,16081,0,0,0.030517777777122113,25,euclidean,distance
3210,16081,16082,0,0,0,25,euclidean,distance
3211,16087,16088,1,0,0.17268922335548922,25,euclidean,distance
3212,16088,16089,1,0,0.10065518843202244,25,euclidean,distance
3213,16099,16100,1,0,0.099323111170612058,25,euclidean,distance
3214,16100,16101,1,0,0.29403185619339239,25,euclidean,distance
3215,16103,16104,0,0,0.49448190384335294,25,euclidean,distance
3216,16104,16105,1,0,0.047261702769174928,25,euclidean,distance
3217,16121,16122,1,0,0.35243606739489441,25,euclidean,distance
3218,16123,16124,0,0,0.11580208214242679,25,euclidean,distance
3219,16125,16126,1,1,0.5326638744475819,25,euclidean,distance
3220,16128,16129,1,0,0.030370805938151568,25,euclidean,distance
3221,16129,16130,0,0,0.11698446607944039,25,euclidean,distance
3222,16131,16132,0,0,0.30222331869509206,25,euclidean,distance
3223,16132,16133,1,1,0.75916971967491798,25,euclidean,distance
3224,16139,16140,0,0,0.036882068903881467,25,euclidean,distance
3225,16143,16144,0,0,0.036753079546130309,25,euclidean,distance
3226,16147,16148,0,0,0.12106187504997241,25,euclidean,distance
3227,16176,16177,0,0,0.1487244184010624,25,euclidean,distance
3228,16192,16193,0,0,0,25,euclidean,distance
3229,16195,16196,1,0,0.11699962367013959,25,euclidean,distance
3230,16219,16220,1,0,0.23694377821310822,25,euclidean,distance
3231,16240,16241,0,0,0.092733656721654484,25,euclidean,distance
3232,16249,16250,0,0,0.26990486835779709,25,euclidean,distance
3233,16250,16251,0,0,0.33693445564321961,25,euclidean,distance
3234,16254,16255,1,0,0.17561102053989402,25,euclidean,distance
3235,16256,16257,0,0,0.11271239577315578,25,euclidean,distance
3236,16262,16263,0,0,0.086201904106231048,25,euclidean,distance
3237,16266,16267,0,0,0.066027157191352895,25,euclidean,distance
3238,16271,16272,0,0,0.11669268979160638,25,euclidean,distance
3239,16273,16274,0,0,0.27093182974586433,25,euclidean,distance
3240,16276,16277,1,0,0,25,euclidean,distance
3241,16277,16278,0,0,0.04264522335516354,25,euclidean,distance
3242,16279,16280,0,0,0.095006853563651072,25,euclidean,distance
3243,16283,16284,0,0,0.037619262092168336,25,euclidean,distance
3244,16294,16295,1,0,0.43174479005364391,25,euclidean,distance
3245,16308,16309,0,0,0.11553000106362157,25,euclidean,distance
3246,16312,16313,0,0,0,25,euclidean,distance
3247,16321,16322,0,0,0,25,euclidean,distance
3248,16325,16326,0,0,0.39859823707407188,25,euclidean,distance
3249,16327,16328,0,0,0.097071178894968718,25,euclidean,distance
3250,16335,16336,0,0,0.29555974088877823,25,euclidean,distance
3251,16342,16343,0,0,0.1006824969894887,25,euclidean,distance
3252,16344,16345,0,0,0.2776754798817615,25,euclidean,distance
3253,16362,16363,0,0,0.41180434189893933,25,euclidean,distance
3254,16367,16368,1,0,0.14969530158726588,25,euclidean,distance
3255,16373,16374,0,0,0,25,euclidean,distance
3256,16377,16378,0,0,0.037981180787001294,25,euclidean,distance
3257,16380,16381,1,0,0.19546089297587133,25,euclidean,distance
3258,16387,16388,0,0,0.11707920062631415,25,euclidean,distance
3259,16392,16393,0,0,0.15551418307676862,25,euclidean,distance
3260,16393,16394,0,0,0.16172117602658942,25,euclidean,distance
3261,16395,16396,0,0,0.034384685760378217,25,euclidean,distance
3262,16401,16402,0,0,0.29942572060362183,25,euclidean,distance
3263,16406,16407,1,0,0.23733892159376879,25,euclidean,distance
3264,16417,16418,0,0,0.16668776938470967,25,euclidean,distance
3265,16424,16425,0,0,0.10389763932750538,25,euclidean,distance
3266,16429,16430,0,0,0.28802441568993264,25,euclidean,distance
3267,16435,16436,0,0,0.13570267720985235,25,euclidean,distance
3268,16436,16437,0,0,0.28724014545664966,25,euclidean,distance
3269,16445,16446,0,0,0.11632103659216324,25,euclidean,distance
3270,16446,16447,1,1,0.6074298486821097,25,euclidean,distance
3271,16452,16453,0,0,0.11910413057837015,25,euclidean,distance
3272,16456,16457,1,0,0.035429940054705941,25,euclidean,distance
3273,16459,16460,1,1,0.56909416181906203,25,euclidean,distance
3274,16460,16461,0,0,0.14345583803334186,25,euclidean,distance
3275,16463,16464,1,1,0.56165163849746214,25,euclidean,distance
3276,16468,16469,0,0,0.067175037801207357,25,euclidean,distance
3277,16470,16471,0,0,0.22207517391948481,25,euclidean,distance
3278,16490,16491,1,0,0.44798773949691512,25,euclidean,distance
3279,16494,16495,0,0,0.039324163940358904,25,euclidean,distance
3280,16503,16504,0,0,0.28285506902443958,25,euclidean,distance
3281,16508,16509,0,0,0.23752881138241469,25,euclidean,distance
3282,16516,16517,0,0,0.15433830361907866,25,euclidean,distance
3283,16519,16520,1,0,0.32074925124765269,25,euclidean,distance
3284,16522,16523,0,0,0.42486621672433894,25,euclidean,distance
3285,16523,16524,0,0,0.13086060989378059,25,euclidean,distance
3286,16524,16525,0,1,0.5051756692742897,25,euclidean,distance
3287,16526,16527,0,1,0.64129029570506013,25,euclidean,distance
3288,16533,16534,0,0,0.083463896590763434,25,euclidean,distance
3289,16542,16543,1,1,0.83675665956029377,25,euclidean,distance
3290,16545,16546,0,0,0.31023097908210528,25,euclidean,distance
3291,16554,16555,1,1,0.80216374168840954,25,euclidean,distance
3292,16564,16565,0,0,0.074828405138972334,25,euclidean,distance
3293,16571,16572,0,1,0.61054643415951904,25,euclidean,distance
3294,16575,16576,0,0,0.16481383030044794,25,euclidean,distance
3295,16580,16581,0,0,0.15313800285952253,25,euclidean,distance
3296,16582,16583,1,0,0.07902193983988029,25,euclidean,distance
3297,16585,16586,0,0,0.03511154610845086,25,euclidean,distance
3298,16586,16587,0,0,0.035517813834300138,25,euclidean,distance
3299,16594,16595,1,0,0.44909241416655105,25,euclidean,distance
3300,16597,16598,0,0,0.040312048966736333,25,euclidean,distance
3301,16606,16607,0,0,0.094720889152220211,25,euclidean,distance
3302,16611,16612,0,0,0.35092219204044689,25,euclidean,distance
3303,16612,16613,1,1,0.6162365959236854,25,euclidean,distance
3304,16622,16623,1,1,0.56366995939918307,25,euclidean,distance
3305,16625,16626,1,1,0.73778981444031821,25,euclidean,distance
3306,16629,16630,0,0,0.1516155659259808,25,euclidean,distance
3307,16630,16631,0,0,0.28290674109143421,25,euclidean,distance
3308,16638,16639,0,0,0.16091795651371368,25,euclidean,distance
3309,16642,16643,0,1,0.54778858658027596,25,euclidean,distance
3310,16655,16656,0,0,0.038039797776199681,25,euclidean,distance
3311,16656,16657,0,0,0.21515869094176859,25,euclidean,distance
3312,16658,16659,0,0,0.15291102326797718,25,euclidean,distance
3313,16660,16661,0,0,0.24963118607048412,25,euclidean,distance
3314,16664,16665,0,0,0.13327412177593331,25,euclidean,distance
3315,16665,16666,0,0,0.037981562517809909,25,euclidean,distance
3316,16672,16673,0,1,0.55669555945632543,25,euclidean,distance
3317,16682,16683,0,0,0.12169623529861166,25,euclidean,distance
3318,16685,16686,0,0,0.31758728467811309,25,euclidean,distance
3319,16686,16687,1,1,0.59199432433785082,25,euclidean,distance
3320,16689,16690,1,1,0.81427352510259288,25,euclidean,distance
3321,16702,16703,0,0,0.17341314351001053,25,euclidean,distance
3322,16704,16705,0,1,0.62364569619401233,25,euclidean,distance
3323,16706,16707,0,0,0.14492250522203065,25,euclidean,distance
3324,16712,16713,0,0,0.11578875486480388,25,euclidean,distance
3325,16716,16717,0,0,0.14619807020516393,25,euclidean,distance
3326,16729,16730,1,0,0.44778391831409775,25,euclidean,distance
3327,16734,16735,0,0,0.10808023437813501,25,euclidean,distance
3328,16748,16749,0,1,0.79959306605084735,25,euclidean,distance
3329,16756,16757,0,0,0.080139213145337729,25,euclidean,distance
3330,16760,16761,0,0,0.11468321936038074,25,euclidean,distance
3331,16761,16762,0,0,0.19517625236660707,25,euclidean,distance
3332,16768,16769,0,1,0.55328757468141165,25,euclidean,distance
3333,16782,16783,1,0,0.3557066398468447,25,euclidean,distance
3334,16785,16786,1,1,0.5922242804735276,25,euclidean,distance
3335,16788,16789,1,1,0.89535615856379391,25,euclidean,distance
3336,16795,16796,0,0,0,25,euclidean,distance
3337,16803,16804,0,0,0.037010048011784355,25,euclidean,distance
3338,16808,16809,0,0,0.13586834063869965,25,euclidean,distance
3339,16810,16811,0,0,0.072859495280774067,25,euclidean,distance
3340,16818,16819,0,0,0.19986174627313114,25,euclidean,distance
3341,16820,16821,0,0,0.30520837231118642,25,euclidean,distance
3342,16823,16824,0,0,0.12017273460675186,25,euclidean,distance
3343,16830,16831,0,0,0.13117413440955147,25,euclidean,distance
3344,16833,16834,0,0,0.39360439340727965,25,euclidean,distance
3345,16841,16842,0,0,0.16109126763795867,25,euclidean,distance
3346,16842,16843,0,0,0.11734226617651404,25,euclidean,distance
3347,16846,16847,0,0,0.1048303737637354,25,euclidean,distance
3348,16853,16854,1,1,0.75369485150324966,25,euclidean,distance
3349,16856,16857,0,1,0.71186414154329292,25,euclidean,distance
3350,16866,16867,0,0,0.20018429196115672,25,euclidean,distance
3351,16882,16883,0,0,0.055552622978159036,25,euclidean,distance
3352,16884,16885,1,0,0.25945018450159413,25,euclidean,distance
3353,16890,16891,0,0,0.076637082281235211,25,euclidean,distance
3354,16891,16892,0,0,0.32232750534850535,25,euclidean,distance
3355,16906,16907,0,0,0.081064059800559932,25,euclidean,distance
3356,16909,16910,0,0,0.11406176724348935,25,euclidean,distance
3357,16913,16914,0,0,0.23348155293023676,25,euclidean,distance
3358,16915,16916,0,0,0.033550322087473251,25,euclidean,distance
3359,16921,16922,0,0,0.1811799380089327,25,euclidean,distance
3360,16931,16932,0,0,0.27058204422894894,25,euclidean,distance
3361,16934,16935,0,0,0.22199763389800933,25,euclidean,distance
3362,16938,16939,0,0,0.069960374780412671,25,euclidean,distance
3363,16940,16941,1,0,0.11566236514036152,25,euclidean,distance
3364,16945,16946,0,0,0.35973216672256952,25,euclidean,distance
3365,16947,16948,0,0,0.037139493428033639,25,euclidean,distance
3366,16954,16955,0,0,0.26915705207000451,25,euclidean,distance
3367,16964,16965,0,0,0,25,euclidean,distance
3368,16969,16970,1,0,0.14516973834842431,25,euclidean,distance
3369,16991,16992,1,1,0.70706089059853883,25,euclidean,distance
3370,16994,16995,1,1,0.75205310128410763,25,euclidean,distance
3371,16996,16997,0,0,0.16378178736108717,25,euclidean,distance
3372,17004,17005,0,1,0.75778919346431917,25,euclidean,distance
3373,17005,17006,0,0,0.17115160989626893,25,euclidean,distance
3374,17011,17012,0,0,0.19523668662886501,25,euclidean,distance
3375,17016,17017,0,0,0,25,euclidean,distance
3376,17021,17022,0,0,0.40928519605603486,25,euclidean,distance
3377,17023,17024,1,0,0.031713688202505079,25,euclidean,distance
3378,17029,17030,0,0,0.1983340119852128,25,euclidean,distance
3379,17042,17043,0,0,0.045270022134111979,25,euclidean,distance
3380,17043,17044,1,1,0.63797789023815776,25,euclidean,distance
3381,17056,17057,0,0,0.11633343839929536,25,euclidean,distance
3382,17060,17061,1,0,0.17761615524145086,25,euclidean,distance
3383,17061,17062,0,1,0.76822872101286122,25,euclidean,distance
3384,17065,17066,0,0,0.29308212193352834,25,euclidean,distance
3385,17074,17075,0,0,0.1154683737563153,25,euclidean,distance
3386,17076,17077,1,1,0.65708182499778267,25,euclidean,distance
3387,17085,17086,1,0,0.47172068004150586,25,euclidean,distance
3388,17089,17090,0,1,0.58880029489546104,25,euclidean,distance
3389,17093,17094,0,0,0.053785323364886908,25,euclidean,distance
3390,17102,17103,0,0,0.026652670696956975,25,euclidean,distance
3391,17110,17111,0,0,0.1595836255330233,25,euclidean,distance
3392,17111,17112,0,0,0.43168083527665546,25,euclidean,distance
3393,17119,17120,0,0,0.12967398042708123,25,euclidean,distance
3394,17120,17121,0,0,0.47477942142269386,25,euclidean,distance
3395,17121,17122,1,1,0.80215159560108529,25,euclidean,distance
3396,17128,17129,0,0,0.32338787508421862,25,euclidean,distance
3397,17133,17134,1,1,0.59507297403747572,25,euclidean,distance
3398,17137,17138,1,0,0.20581731468250189,25,euclidean,distance
3399,17142,17143,1,1,0.53133714872649551,25,euclidean,distance
3400,17157,17158,0,0,0.19048818088830388,25,euclidean,distance
3401,17163,17164,0,0,0.12407909076995224,25,euclidean,distance
3402,17165,17166,0,0,0.29016755171883934,25,euclidean,distance
3403,17166,17167,0,0,0.05830422133085704,25,euclidean,distance
3404,17168,17169,0,0,0.11159405145822482,25,euclidean,distance
3405,17172,17173,0,0,0.032860324196108875,25,euclidean,distance
3406,17174,17175,1,1,0.57724774640496013,25,euclidean,distance
3407,17175,17176,0,0,0.11713754991841485,25,euclidean,distance
3408,17176,17177,0,0,0.033144590025991488,25,euclidean,distance
3409,17177,17178,0,0,0.15044155357813904,25,euclidean,distance
3410,17182,17183,0,0,0.036861112139815237,25,euclidean,distance
3411,17184,17185,0,0,0.15587075439542858,25,euclidean,distance
3412,17192,17193,0,0,0.041172816627638796,25,euclidean,distance
3413,17207,17208,1,1,0.83314254145343647,25,euclidean,distance
3414,17209,17210,0,0,0.11405733758693747,25,euclidean,distance
3415,17212,17213,0,0,0.17882069697202987,25,euclidean,distance
3416,17213,17214,1,1,0.56245221520056554,25,euclidean,distance
3417,17222,17223,0,0,0.12166335440758087,25,euclidean,distance
3418,17230,17231,1,1,0.79008231506418702,25,euclidean,distance
3419,17237,17238,0,0,0.033731655644018053,25,euclidean,distance
3420,17240,17241,0,1,0.53378774304897425,25,euclidean,distance
3421,17242,17243,0,0,0.26579335117484604,25,euclidean,distance
3422,17243,17244,0,0,0.049662341809672002,25,euclidean,distance
3423,17248,17249,1,1,0.81167681761613231,25,euclidean,distance
3424,17252,17253,0,1,0.70575708501492984,25,euclidean,distance
3425,17257,17258,1,0,0.073884386420754594,25,euclidean,distance
3426,17266,17267,0,0,0.063213502412905562,25,euclidean,distance
3427,17269,17270,0,0,0,25,euclidean,distance
3428,17275,17276,0,0,0.11940215333140047,25,euclidean,distance
3429,17282,17283,1,0,0,25,euclidean,distance
3430,17294,17295,0,1,0.74521477027177685,25,euclidean,distance
3431,17295,17296,0,0,0.032866118885477504,25,euclidean,distance
3432,17300,17301,0,0,0.032236181533047012,25,euclidean,distance
3433,17301,17302,0,0,0,25,euclidean,distance
3434,17304,17305,1,0,0.38105961322408038,25,euclidean,distance
3435,17314,17315,0,1,0.51495663525770141,25,euclidean,distance
3436,17318,17319,0,1,0.61368289831261169,25,euclidean,distance
3437,17319,17320,1,1,0.52600131765156877,25,euclidean,distance
3438,17323,17324,1,1,0.51461136661470597,25,euclidean,distance
3439,17328,17329,0,0,0.21034594579760882,25,euclidean,distance
3440,17338,17339,0,0,0.41558542506532709,25,euclidean,distance
3441,17349,17350,1,1,0.6234038570303696,25,euclidean,distance
3442,17354,17355,0,0,0.14908896499597801,25,euclidean,distance
3443,17361,17362,0,0,0.33632192585024206,25,euclidean,distance
3444,17375,17376,0,0,0.21175750700702017,25,euclidean,distance
3445,17376,17377,0,0,0.090911881850319787,25,euclidean,distance
3446,17379,17380,0,0,0.32424206377450343,25,euclidean,distance
3447,17382,17383,0,0,0.092883808319696573,25,euclidean,distance
3448,17391,17392,0,0,0.026053079037682593,25,euclidean,distance
3449,17393,17394,1,1,0.87721275739840066,25,euclidean,distance
3450,17395,17396,0,1,0.66464423239535786,25,euclidean,distance
3451,17399,17400,0,0,0.20463687580353018,25,euclidean,distance
3452,17401,17402,0,0,0.22074920749264193,25,euclidean,distance
3453,17404,17405,0,0,0.11661832674400741,25,euclidean,distance
3454,17405,17406,0,0,0.17277048766834552,25,euclidean,distance
3455,17408,17409,0,0,0.078784588387354582,25,euclidean,distance
3456,17410,17411,0,0,0.15569145901273868,25,euclidean,distance
3457,17412,17413,0,0,0.19660938150053728,25,euclidean,distance
3458,17413,17414,1,1,0.94608472284898792,25,euclidean,distance
3459,17417,17418,0,0,0.20142503036003076,25,euclidean,distance
3460,17420,17421,0,1,0.63467294831364596,25,euclidean,distance
3461,17423,17424,1,0,0.15111162350617172,25,euclidean,distance
3462,17426,17427,0,0,0.26972516810343666,25,euclidean,distance
3463,17434,17435,0,0,0.085874822275305823,25,euclidean,distance
3464,17435,17436,0,0,0.18971251338777201,25,euclidean,distance
3465,17448,17449,1,0,0.12332308508261061,25,euclidean,distance
3466,17454,17455,0,0,0.10553482884718432,25,euclidean,distance
3467,17461,17462,1,0,0.30412685742701834,25,euclidean,distance
3468,17462,17463,0,0,0.071854829074121107,25,euclidean,distance
3469,17467,17468,0,0,0.033757848055986014,25,euclidean,distance
3470,17469,17470,0,0,0.24405618554773958,25,euclidean,distance
3471,17472,17473,0,0,0.19296134477132218,25,euclidean,distance
3472,17474,17475,0,0,0.035205388253804183,25,euclidean,distance
3473,17482,17483,1,0,0.43802562426546821,25,euclidean,distance
3474,17485,17486,1,1,0.84615589125264978,25,euclidean,distance
3475,17490,17491,0,0,0.1550018034621182,25,euclidean,distance
3476,17495,17496,0,0,0.15494108233580889,25,euclidean,distance
3477,17503,17504,0,0,0.093244377161754696,25,euclidean,distance
3478,17505,17506,0,0,0,25,euclidean,distance
3479,17508,17509,1,0,0.16595846162838915,25,euclidean,distance
3480,17510,17511,1,0,0.27080160008511361,25,euclidean,distance
3481,17518,17519,0,0,0.048063734596408343,25,euclidean,distance
3482,17519,17520,0,1,0.51379694905970419,25,euclidean,distance
3483,17522,17523,0,0,0.25711542429925938,25,euclidean,distance
3484,17531,17532,0,0,0.10961281918664821,25,euclidean,distance
3485,17535,17536,0,0,0,25,euclidean,distance
3486,17539,17540,0,0,0.49091624854083804,25,euclidean,distance
3487,17541,17542,1,0,0.40162468975716298,25,euclidean,distance
3488,17547,17548,1,1,0.51612538971430033,25,euclidean,distance
3489,17555,17556,0,0,0.12651602472453391,25,euclidean,distance
3490,17557,17558,0,0,0.071457183525307902,25,euclidean,distance
3491,17558,17559,0,1,0.82887825426009232,25,euclidean,distance
3492,17564,17565,0,0,0.19701415807011957,25,euclidean,distance
3493,17569,17570,1,1,0.75641823225480886,25,euclidean,distance
3494,17571,17572,0,0,0.15467684788006683,25,euclidean,distance
3495,17575,17576,1,0,0.34816250963020245,25,euclidean,distance
3496,17583,17584,1,0,0.10943101172568717,25,euclidean,distance
3497,17585,17586,1,1,0.68904856541288129,25,euclidean,distance
3498,17588,17589,0,0,0.20474549656667543,25,euclidean,distance
3499,17597,17598,0,0,0.1840301107518581,25,euclidean,distance
3500,17598,17599,1,0,0.19193407973240148,25,euclidean,distance
3501,17600,17601,0,0,0.28115890773274371,25,euclidean,distance
3502,17603,17604,0,0,0.029863635924646775,25,euclidean,distance
3503,17618,17619,1,0,0.47830937214194363,25,euclidean,distance
3504,17619,17620,1,1,0.66413800640471032,25,euclidean,distance
3505,17620,17621,0,0,0.25177334453230305,25,euclidean,distance
3506,17621,17622,0,0,0.140119067488506,25,euclidean,distance
3507,17626,17627,0,0,0.21585084037294075,25,euclidean,distance
3508,17635,17636,0,0,0.043385229518676856,25,euclidean,distance
3509,17646,17647,0,0,0.070535998685939377,25,euclidean,distance
3510,17647,17648,1,0,0.41811000139981952,25,euclidean,distance
3511,17649,17650,1,1,0.58909402486807505,25,euclidean,distance
3512,17662,17663,0,0,0.24066895410604203,25,euclidean,distance
3513,17664,17665,0,0,0.082085203533302689,25,euclidean,distance
3514,17672,17673,0,0,0.10352917075476525,25,euclidean,distance
3515,17679,17680,0,0,0.10530323407007179,25,euclidean,distance
3516,17681,17682,1,0,0.32050627356482514,25,euclidean,distance
3517,17683,17684,0,0,0,25,euclidean,distance
3518,17685,17686,1,1,0.60539622380152791,25,euclidean,distance
3519,17691,17692,0,0,0.36310449559565267,25,euclidean,distance
3520,17693,17694,0,0,0.44245946927249086,25,euclidean,distance
3521,17694,17695,0,0,0.066123448028157616,25,euclidean,distance
3522,17701,17702,0,0,0.20071467367799789,25,euclidean,distance
3523,17707,17708,0,0,0.20593950684826087,25,euclidean,distance
3524,17720,17721,0,0,0.1892309229700597,25,euclidean,distance
3525,17728,17729,0,0,0.47938968210495247,25,euclidean,distance
3526,17730,17731,0,0,0.10270564197866887,25,euclidean,distance
3527,17735,17736,1,0,0.14617770846229017,25,euclidean,distance
3528,17737,17738,1,0,0.45655521019667294,25,euclidean,distance
3529,17738,17739,1,1,0.6240188216567969,25,euclidean,distance
3530,17739,17740,0,0,0.36355628462336498,25,euclidean,distance
3531,17753,17754,0,0,0.078259238095263389,25,euclidean,distance
3532,17758,17759,1,1,0.66689193188502927,25,euclidean,distance
3533,17759,17760,0,0,0.1044306470283386,25,euclidean,distance
3534,17762,17763,0,0,0.36453145473982829,25,euclidean,distance
3535,17767,17768,0,0,0.13314093062147334,25,euclidean,distance
3536,17769,17770,0,0,0.11586946965157705,25,euclidean,distance
3537,17773,17774,0,0,0.076362241105582165,25,euclidean,distance
3538,17774,17775,1,1,0.75213417933618565,25,euclidean,distance
3539,17778,17779,0,1,0.64415092343332758,25,euclidean,distance
3540,17795,17796,0,0,0.20238247251057398,25,euclidean,distance
3541,17799,17800,0,0,0.045373371310700406,25,euclidean,distance
3542,17806,17807,1,1,0.79502733383026603,25,euclidean,distance
3543,17807,17808,0,0,0.12002944093908666,25,euclidean,distance
3544,17809,17810,1,0,0.1288926608966241,25,euclidean,distance
3545,17815,17816,0,0,0.23287774446761331,25,euclidean,distance
3546,17818,17819,0,0,0.11900949345964675,25,euclidean,distance
3547,17823,17824,1,1,0.54951759205858153,25,euclidean,distance
3548,17836,17837,1,1,0.66696072043624399,25,euclidean,distance
3549,17846,17847,1,1,0.66152604945133286,25,euclidean,distance
3550,17848,17849,0,0,0.12751408012171589,25,euclidean,distance
3551,17857,17858,0,0,0.10253661765856364,25,euclidean,distance
3552,17861,17862,0,0,0.3006099264935036,25,euclidean,distance
3553,17867,17868,0,0,0.077671701198363002,25,euclidean,distance
3554,17875,17876,0,0,0.041363397745749771,25,euclidean,distance
3555,17878,17879,0,0,0.1540692291948226,25,euclidean,distance
3556,17886,17887,0,0,0,25,euclidean,distance
3557,17891,17892,1,0,0.44531598861162919,25,euclidean,distance
3558,17892,17893,0,0,0.33433483990040996,25,euclidean,distance
3559,17893,17894,0,0,0.14951241158338691,25,euclidean,distance
3560,17895,17896,0,0,0.19337400359234205,25,euclidean,distance
3561,17900,17901,0,0,0.45090112808193772,25,euclidean,distance
3562,17911,17912,1,0,0.093667782968900465,25,euclidean,distance
3563,17923,17924,1,1,0.72051035875886471,25,euclidean,distance
3564,17927,17928,0,0,0.32301591637915844,25,euclidean,distance
3565,17931,17932,1,0,0.3657031884452514,25,euclidean,distance
3566,17932,17933,0,0,0.087853339136641742,25,euclidean,distance
3567,17942,17943,0,0,0.039206214390921645,25,euclidean,distance
3568,17947,17948,0,0,0.18490230173958108,25,euclidean,distance
3569,17948,17949,0,0,0.15291356871694031,25,euclidean,distance
3570,17975,17976,0,0,0.20333849538137186,25,euclidean,distance
3571,17979,17980,0,0,0.20326968949628266,25,euclidean,distance
3572,17987,17988,0,0,0.070415322620528811,25,euclidean,distance
3573,17992,17993,0,0,0.045360505039945001,25,euclidean,distance
3574,17998,17999,0,0,0.11764975755032063,25,euclidean,distance
3575,18003,18004,0,1,0.8533411323502319,25,euclidean,distance
3576,18005,18006,1,1,0.7745790926806172,25,euclidean,distance
3577,18016,18017,0,0,0.32582234290084655,25,euclidean,distance
3578,18017,18018,0,0,0.14108516367059154,25,euclidean,distance
3579,18022,18023,1,0,0.24927734101541027,25,euclidean,distance
3580,18025,18026,0,0,0.2162481505608515,25,euclidean,distance
3581,18030,18031,0,0,0.26418740382462624,25,euclidean,distance
3582,18040,18041,0,0,0.19274455281376709,25,euclidean,distance
3583,18041,18042,0,0,0.23805534790903693,25,euclidean,distance
3584,18056,18057,0,0,0.22996385778261932,25,euclidean,distance
3585,18059,18060,0,0,0.091470242159112022,25,euclidean,distance
3586,18069,18070,0,0,0.11049271799055804,25,euclidean,distance
3587,18071,18072,1,1,0.84265370366155645,25,euclidean,distance
3588,18081,18082,0,0,0.42504526239619272,25,euclidean,distance
3589,18084,18085,0,0,0.39312458077880996,25,euclidean,distance
3590,18086,18087,1,0,0.2031133487439078,25,euclidean,distance
3591,18088,18089,0,0,0.21583164143383124,25,euclidean,distance
3592,18092,18093,1,0,0.2738087008204752,25,euclidean,distance
3593,18093,18094,0,0,0.180976912787676,25,euclidean,distance
3594,18094,18095,1,1,0.84866466713590349,25,euclidean,distance
3595,18095,18096,0,0,0.035254593248966307,25,euclidean,distance
3596,18098,18099,0,0,0.35637114341068826,25,euclidean,distance
3597,18105,18106,0,0,0.19129924739419424,25,euclidean,distance
3598,18108,18109,0,0,0.10783914163463287,25,euclidean,distance
3599,18115,18116,0,0,0.23280152942849067,25,euclidean,distance
3600,18117,18118,0,0,0.10777449825794488,25,euclidean,distance
3601,18123,18124,0,0,0.2653339183337004,25,euclidean,distance
3602,18131,18132,0,0,0.043416524656521856,25,euclidean,distance
3603,18133,18134,1,0,0.16140387834089148,25,euclidean,distance
3604,18134,18135,0,0,0.23072753572944416,25,euclidean,distance
3605,18136,18137,0,0,0.036002307591510387,25,euclidean,distance
3606,18139,18140,0,0,0.036746125948588886,25,euclidean,distance
3607,18156,18157,0,0,0.25512355604918163,25,euclidean,distance
3608,18159,18160,0,0,0,25,euclidean,distance
3609,18163,18164,0,0,0,25,euclidean,distance
3610,18164,18165,1,0,0.15662585375842075,25,euclidean,distance
3611,18165,18166,0,0,0.33877228266431691,25,euclidean,distance
3612,18171,18172,0,0,0.076117316454331826,25,euclidean,distance
3613,18175,18176,0,0,0.18791009763280542,25,euclidean,distance
3614,18182,18183,0,0,0.11262994855601123,25,euclidean,distance
3615,18188,18189,1,0,0.12931344178130735,25,euclidean,distance
3616,18191,18192,0,0,0.17367132795675722,25,euclidean,distance
3617,18194,18195,0,0,0.16490700615957612,25,euclidean,distance
3618,18197,18198,0,0,0.16384874583933454,25,euclidean,distance
3619,18199,18200,0,0,0.083741018381154733,25,euclidean,distance
3620,18206,18207,0,0,0.073824914932539287,25,euclidean,distance
3621,18211,18212,0,0,0,25,euclidean,distance
3622,18213,18214,1,0,0.038717953669653124,25,euclidean,distance
3623,18233,18234,0,0,0.037137003465112971,25,euclidean,distance
3624,18234,18235,0,0,0.44961218625708127,25,euclidean,distance
3625,18235,18236,0,0,0.052325281996977877,25,euclidean,distance
3626,18239,18240,0,0,0.036995520437875754,25,euclidean,distance
3627,18245,18246,0,0,0.18786175412187919,25,euclidean,distance
3628,18248,18249,0,0,0.11355586609130472,25,euclidean,distance
3629,18252,18253,1,0,0.44360571874378252,25,euclidean,distance
3630,18254,18255,0,0,0.18584551427487012,25,euclidean,distance
3631,18255,18256,0,0,0.15396142402626714,25,euclidean,distance
3632,18256,18257,1,1,0.75716983058457521,25,euclidean,distance
3633,18263,18264,1,0,0.18025757318514829,25,euclidean,distance
3634,18268,18269,0,0,0.081660961829295914,25,euclidean,distance
3635,18269,18270,0,0,0.11578886730078172,25,euclidean,distance
3636,18274,18275,0,0,0.26394300574083401,25,euclidean,distance
3637,18277,18278,1,1,0.73446341513927071,25,euclidean,distance
3638,18280,18281,0,0,0.37433326855757643,25,euclidean,distance
3639,18283,18284,0,0,0.16424924027964072,25,euclidean,distance
3640,18290,18291,0,0,0.29020961371324155,25,euclidean,distance
3641,18291,18292,1,0,0.36945334855543266,25,euclidean,distance
3642,18295,18296,1,0,0.23695572135964033,25,euclidean,distance
3643,18296,18297,1,0,0.4116739850423074,25,euclidean,distance
3644,18297,18298,0,0,0.094018312380818397,25,euclidean,distance
3645,18300,18301,0,0,0.12283000308977231,25,euclidean,distance
3646,18305,18306,0,0,0.03851947363795831,25,euclidean,distance
3647,18308,18309,0,0,0.27755589662119423,25,euclidean,distance
3648,18309,18310,0,0,0.15250230800275233,25,euclidean,distance
3649,18315,18316,0,0,0.12471092658024709,25,euclidean,distance
3650,18319,18320,0,0,0,25,euclidean,distance
3651,18330,18331,0,0,0.08115646587757383,25,euclidean,distance
3652,18344,18345,0,0,0.11406267155047033,25,euclidean,distance
3653,18348,18349,0,0,0.045178672469460675,25,euclidean,distance
3654,18352,18353,0,0,0.063876568452535365,25,euclidean,distance
3655,18357,18358,0,0,0.45147072168734231,25,euclidean,distance
3656,18362,18363,1,0,0.34639816069489693,25,euclidean,distance
3657,18363,18364,0,0,0.03979606399535885,25,euclidean,distance
3658,18365,18366,0,0,0.18601204250918021,25,euclidean,distance
3659,18366,18367,0,0,0.2277623545941167,25,euclidean,distance
3660,18384,18385,0,0,0.19441857030645701,25,euclidean,distance
3661,18388,18389,0,0,0.049110722096537114,25,euclidean,distance
3662,18389,18390,0,0,0,25,euclidean,distance
3663,18391,18392,0,0,0.077492469639860159,25,euclidean,distance
3664,18393,18394,1,1,0.60289301143955021,25,euclidean,distance
3665,18408,18409,0,0,0.11031374725197712,25,euclidean,distance
3666,18409,18410,1,1,0.5340549359474196,25,euclidean,distance
3667,18410,18411,0,0,0.46154110689864281,25,euclidean,distance
3668,18418,18419,0,0,0.15111569174133416,25,euclidean,distance
3669,18421,18422,1,0,0.078612549576557902,25,euclidean,distance
3670,18423,18424,1,0,0.087339078621577082,25,euclidean,distance
3671,18434,18435,0,0,0.037083554801807285,25,euclidean,distance
3672,18445,18446,0,0,0.11244282756403487,25,euclidean,distance
3673,18454,18455,1,0,0.40527722401365046,25,euclidean,distance
3674,18459,18460,0,0,0.027607599634824856,25,euclidean,distance
3675,18462,18463,0,0,0.35840513551453518,25,euclidean,distance
3676,18471,18472,0,0,0.11089680139291951,25,euclidean,distance
3677,18476,18477,0,0,0.14916314809715517,25,euclidean,distance
3678,18480,18481,0,0,0.038968231850403323,25,euclidean,distance
3679,18482,18483,0,0,0.046180401482403495,25,euclidean,distance
3680,18484,18485,0,0,0.18809619469513722,25,euclidean,distance
3681,18485,18486,0,0,0.33213508765386712,25,euclidean,distance
3682,18486,18487,0,0,0.19299987239679045,25,euclidean,distance
3683,18489,18490,1,1,0.72518980735934691,25,euclidean,distance
3684,18491,18492,0,0,0.033888373657827667,25,euclidean,distance
3685,18502,18503,0,0,0.075606681067032291,25,euclidean,distance
3686,18509,18510,0,0,0.12150608026225929,25,euclidean,distance
3687,18510,18511,0,0,0.15822266542304358,25,euclidean,distance
3688,18511,18512,1,0,0.14384582401904705,25,euclidean,distance
3689,18518,18519,1,1,0.76404804251933989,25,euclidean,distance
3690,18527,18528,0,0,0.11667894033336916,25,euclidean,distance
3691,18539,18540,1,1,0.57303065273557563,25,euclidean,distance
3692,18541,18542,0,0,0.036622597328563954,25,euclidean,distance
3693,18542,18543,0,0,0.071610410375258032,25,euclidean,distance
3694,18547,18548,0,0,0.19888970611979861,25,euclidean,distance
3695,18558,18559,0,0,0.08223898652745032,25,euclidean,distance
3696,18559,18560,0,0,0.25940531546626183,25,euclidean,distance
3697,18566,18567,0,0,0.075673086965075534,25,euclidean,distance
3698,18571,18572,0,0,0.1307203663833271,25,euclidean,distance
3699,18573,18574,1,0,0.13629447185331106,25,euclidean,distance
3700,18576,18577,0,0,0,25,euclidean,distance
3701,18577,18578,0,0,0.076163577023329182,25,euclidean,distance
3702,18578,18579,0,0,0.34889239628949448,25,euclidean,distance
3703,18579,18580,0,0,0.42294249070217937,25,euclidean,distance
3704,18581,18582,0,0,0.31416909059056541,25,euclidean,distance
3705,18585,18586,0,0,0.10907690083526708,25,euclidean,distance
3706,18586,18587,0,0,0.12335418072800416,25,euclidean,distance
3707,18590,18591,0,0,0.071485832609835293,25,euclidean,distance
3708,18599,18600,0,0,0,25,euclidean,distance
3709,18600,18601,0,0,0.20748237176803347,25,euclidean,distance
3710,18606,18607,1,0,0.27823016133897793,25,euclidean,distance
3711,18610,18611,1,0,0.081815159839527918,25,euclidean,distance
3712,18612,18613,0,0,0,25,euclidean,distance
3713,18614,18615,1,1,0.83200027020111589,25,euclidean,distance
3714,18621,18622,0,0,0.32730217266762479,25,euclidean,distance
3715,18633,18634,0,0,0.18422476439318705,25,euclidean,distance
3716,18651,18652,0,0,0.091346947255856667,25,euclidean,distance
3717,18659,18660,0,0,0.11706007448673848,25,euclidean,distance
3718,18671,18672,0,0,0.12619122196908561,25,euclidean,distance
3719,18674,18675,0,0,0.14897540551216443,25,euclidean,distance
3720,18678,18679,0,0,0.16937720623134356,25,euclidean,distance
3721,18682,18683,1,0,0.040559397780995578,25,euclidean,distance
3722,18683,18684,0,0,0.35878798872189943,25,euclidean,distance
3723,18688,18689,1,0,0.30813213315260846,25,euclidean,distance
3724,18690,18691,0,0,0.037600338158634443,25,euclidean,distance
3725,18696,18697,0,0,0.12297288454410032,25,euclidean,distance
3726,18698,18699,0,0,0.35447400673454565,25,euclidean,distance
3727,18699,18700,0,0,0.0455169743086586,25,euclidean,distance
3728,18707,18708,0,0,0.39841153369615823,25,euclidean,distance
3729,18709,18710,1,0,0.18805004314993443,25,euclidean,distance
3730,18711,18712,0,0,0.075755804274954014,25,euclidean,distance
3731,18730,18731,1,0,0.10607595675955606,25,euclidean,distance
3732,18733,18734,0,0,0.215017773780879,25,euclidean,distance
3733,18744,18745,0,0,0,25,euclidean,distance
3734,18745,18746,0,0,0.038660462384670712,25,euclidean,distance
3735,18746,18747,0,0,0.14338706913637383,25,euclidean,distance
3736,18750,18751,0,0,0,25,euclidean,distance
3737,18753,18754,0,0,0,25,euclidean,distance
3738,18757,18758,0,1,0.70307538445083118,25,euclidean,distance
3739,18761,18762,0,0,0.048493653365306963,25,euclidean,distance
3740,18770,18771,1,0,0.24708864703323755,25,euclidean,distance
3741,18773,18774,1,1,0.63844534676560893,25,euclidean,distance
3742,18779,18780,0,0,0.036998590273897715,25,euclidean,distance
3743,18781,18782,0,0,0.124075803700804,25,euclidean,distance
3744,18802,18803,0,0,0.071559016504796888,25,euclidean,distance
3745,18803,18804,0,0,0.041173952220708791,25,euclidean,distance
3746,18808,18809,0,0,0.039345066490789692,25,euclidean,distance
3747,18813,18814,0,0,0.20266410187127681,25,euclidean,distance
3748,18816,18817,0,0,0.088380109190744363,25,euclidean,distance
3749,18819,18820,0,0,0.041436708568423554,25,euclidean,distance
3750,18824,18825,0,0,0.03344801673857678,25,euclidean,distance
3751,18838,18839,0,0,0.077635266316160897,25,euclidean,distance
3752,18839,18840,0,0,0.038958221412522351,25,euclidean,distance
3753,18853,18854,0,0,0.19868575220620302,25,euclidean,distance
3754,18863,18864,0,0,0.074047729696489373,25,euclidean,distance
3755,18866,18867,0,0,0.033404068706447715,25,euclidean,distance
3756,18872,18873,0,0,0.026880023356528972,25,euclidean,distance
3757,18877,18878,0,0,0.11919846902436405,25,euclidean,distance
3758,18880,18881,0,0,0.041214595785754427,25,euclidean,distance
3759,18882,18883,0,0,0.25347527440507472,25,euclidean,distance
3760,18883,18884,0,0,0.34041131182229234,25,euclidean,distance
3761,18887,18888,0,0,0.13111251495923931,25,euclidean,distance
3762,18898,18899,1,0,0,25,euclidean,distance
3763,18901,18902,0,0,0.18902594064152878,25,euclidean,distance
3764,18902,18903,0,0,0.2473672898666946,25,euclidean,distance
3765,18905,18906,0,0,0.18300839449101622,25,euclidean,distance
3766,18909,18910,0,0,0.1438370728875327,25,euclidean,distance
3767,18912,18913,0,0,0.14590057307079654,25,euclidean,distance
3768,18915,18916,0,0,0.11417620294807644,25,euclidean,distance
3769,18918,18919,1,1,0.64375489243118134,25,euclidean,distance
3770,18921,18922,0,0,0.072397100917004964,25,euclidean,distance
3771,18922,18923,0,0,0.085190584973158387,25,euclidean,distance
3772,18923,18924,0,0,0.12363976786444807,25,euclidean,distance
3773,18929,18930,0,0,0.15323633052501362,25,euclidean,distance
3774,18949,18950,0,0,0.10727883840270465,25,euclidean,distance
3775,18950,18951,1,0,0.39834896713198786,25,euclidean,distance
3776,18955,18956,1,0,0.18301493173836184,25,euclidean,distance
3777,18958,18959,0,0,0.18909720516897494,25,euclidean,distance
3778,18960,18961,1,0,0.15600514905094229,25,euclidean,distance
3779,18961,18962,0,1,0.7085192010518544,25,euclidean,distance
3780,18963,18964,1,0,0.26210166879407432,25,euclidean,distance
3781,18965,18966,0,0,0.039042550238692054,25,euclidean,distance
3782,18974,18975,0,0,0,25,euclidean,distance
3783,18976,18977,0,0,0.077842824734998955,25,euclidean,distance
3784,19001,19002,0,0,0.23577583486280179,25,euclidean,distance
3785,19008,19009,0,0,0.03876353042956053,25,euclidean,distance
3786,19013,19014,1,0,0.029866936061333824,25,euclidean,distance
3787,19018,19019,0,0,0.11532930047830942,25,euclidean,distance
3788,19026,19027,1,0,0.15583687852242814,25,euclidean,distance
3789,19029,19030,1,1,0.76476795970216171,25,euclidean,distance
3790,19044,19045,0,0,0.073003943843630181,25,euclidean,distance
3791,19046,19047,0,0,0,25,euclidean,distance
3792,19058,19059,0,0,0.18706966456073762,25,euclidean,distance
3793,19060,19061,1,0,0.28601486282860361,25,euclidean,distance
3794,19071,19072,0,0,0.17709568396004902,25,euclidean,distance
3795,19074,19075,0,0,0.077906908596185112,25,euclidean,distance
3796,19077,19078,0,1,0.71179461222078688,25,euclidean,distance
3797,19079,19080,0,0,0.073580875872620841,25,euclidean,distance
3798,19090,19091,0,0,0.15113612617282621,25,euclidean,distance
3799,19101,19102,1,1,0.72940318245900249,25,euclidean,distance
3800,19118,19119,0,0,0.18613422768083504,25,euclidean,distance
3801,19119,19120,0,0,0.12413289084608853,25,euclidean,distance
3802,19124,19125,0,0,0.14713396599010556,25,euclidean,distance
3803,19135,19136,0,0,0.03333023141838478,25,euclidean,distance
3804,19150,19151,0,0,0.13077204116028776,25,euclidean,distance
3805,19156,19157,0,0,0.30581937264781639,25,euclidean,distance
3806,19162,19163,0,0,0.11411625702456998,25,euclidean,distance
3807,19189,19190,1,0,0.28159054625352631,25,euclidean,distance
3808,19202,19203,0,0,0.071198454095981606,25,euclidean,distance
3809,19209,19210,0,0,0.064064783890021668,25,euclidean,distance
3810,19220,19221,1,1,0.67550909120436187,25,euclidean,distance
3811,19224,19225,0,0,0.075005318395783588,25,euclidean,distance
3812,19238,19239,0,0,0,25,euclidean,distance
3813,19240,19241,0,0,0.045978289903283294,25,euclidean,distance
3814,19242,19243,0,0,0.21699234819675287,25,euclidean,distance
3815,19245,19246,0,0,0.19991623130427169,25,euclidean,distance
3816,19246,19247,0,1,0.63697625314448814,25,euclidean,distance
3817,19250,19251,1,0,0.15370248324025948,25,euclidean,distance
3818,19253,19254,0,0,0.051072493755849414,25,euclidean,distance
3819,19258,19259,1,1,0.8061338791189262,25,euclidean,distance
3820,19266,19267,0,0,0.2046390770727699,25,euclidean,distance
3821,19268,19269,0,0,0.041461242694299121,25,euclidean,distance
3822,19277,19278,0,0,0.074565328635169806,25,euclidean,distance
3823,19280,19281,0,0,0.22624560187513826,25,euclidean,distance
3824,19284,19285,1,1,0.81931091264496092,25,euclidean,distance
3825,19285,19286,1,0,0.077251062996860076,25,euclidean,distance
3826,19286,19287,0,0,0.084475217771091765,25,euclidean,distance
3827,19294,19295,0,0,0.10548276592012613,25,euclidean,distance
3828,19297,19298,1,0,0.082787832330605673,25,euclidean,distance
3829,19304,19305,0,0,0.16384343630042456,25,euclidean,distance
3830,19306,19307,0,0,0,25,euclidean,distance
3831,19307,19308,0,0,0.15094200154466245,25,euclidean,distance
3832,19330,19331,0,0,0.037028260429382544,25,euclidean,distance
3833,19331,19332,0,0,0.12686596656843138,25,euclidean,distance
3834,19338,19339,0,0,0.079025026446440771,25,euclidean,distance
3835,19341,19342,0,0,0.061031789615823562,25,euclidean,distance
3836,19343,19344,0,0,0.43443667025724209,25,euclidean,distance
3837,19344,19345,1,1,0.74368147351899094,25,euclidean,distance
3838,19350,19351,1,0,0.47438757311402097,25,euclidean,distance
3839,19354,19355,1,0,0.36835395226436352,25,euclidean,distance
3840,19355,19356,0,0,0.036946179920898055,25,euclidean,distance
3841,19364,19365,0,0,0.034965207932615254,25,euclidean,distance
3842,19372,19373,0,0,0,25,euclidean,distance
3843,19382,19383,0,0,0.30773788117685835,25,euclidean,distance
3844,19390,19391,0,0,0.038614371488232116,25,euclidean,distance
3845,19399,19400,0,0,0.07754038320826398,25,euclidean,distance
3846,19400,19401,0,0,0.41750045436511685,25,euclidean,distance
3847,19406,19407,0,0,0.039617780563365824,25,euclidean,distance
3848,19415,19416,1,0,0.034533638612031015,25,euclidean,distance
3849,19416,19417,1,0,0.034729546350932089,25,euclidean,distance
3850,19421,19422,1,0,0.12589686478607989,25,euclidean,distance
3851,19428,19429,0,0,0.27807331093262383,25,euclidean,distance
3852,19433,19434,1,0,0.31438030940105643,25,euclidean,distance
3853,19453,19454,1,0,0.23859649556894638,25,euclidean,distance
3854,19454,19455,0,0,0,25,euclidean,distance
3855,19455,19456,0,0,0.075612438584384253,25,euclidean,distance
3856,19462,19463,1,0,0.17620805050932487,25,euclidean,distance
3857,19468,19469,0,0,0.037751589473166938,25,euclidean,distance
3858,19483,19484,0,0,0,25,euclidean,distance
3859,19485,19486,1,0,0.20411797422057099,25,euclidean,distance
3860,19487,19488,0,0,0,25,euclidean,distance
3861,19501,19502,0,0,0.037008719155665643,25,euclidean,distance
3862,19503,19504,0,0,0.10490325084280333,25,euclidean,distance
3863,19504,19505,0,0,0.37282042150530531,25,euclidean,distance
3864,19505,19506,0,0,0.068839192923174281,25,euclidean,distance
3865,19509,19510,0,0,0,25,euclidean,distance
3866,19516,19517,0,0,0.081222912215405882,25,euclidean,distance
3867,19522,19523,1,1,0.60322253097894507,25,euclidean,distance
3868,19527,19528,1,0,0.034998888028176446,25,euclidean,distance
3869,19537,19538,0,0,0.080726301198330963,25,euclidean,distance
3870,19540,19541,0,0,0.10998994713302768,25,euclidean,distance
3871,19545,19546,0,1,0.81226846143758424,25,euclidean,distance
3872,19546,19547,0,0,0.21533866448647654,25,euclidean,distance
3873,19551,19552,0,1,0.6959369265054548,25,euclidean,distance
3874,19552,19553,1,0,0.27197297785774349,25,euclidean,distance
3875,19559,19560,0,0,0.13528824707039946,25,euclidean,distance
3876,19564,19565,1,0,0.43846656642801157,25,euclidean,distance
3877,19566,19567,0,0,0.11405557829498827,25,euclidean,distance
3878,19569,19570,1,0,0.17136104043944628,25,euclidean,distance
3879,19571,19572,0,0,0.24908053072365663,25,euclidean,distance
3880,19573,19574,0,0,0.10531859957535024,25,euclidean,distance
3881,19574,19575,0,0,0.07142369678563705,25,euclidean,distance
3882,19579,19580,0,0,0.19987227624844253,25,euclidean,distance
3883,19582,19583,0,0,0.075232571686319541,25,euclidean,distance
3884,19594,19595,0,0,0.061009521301216035,25,euclidean,distance
3885,19595,19596,1,1,0.56826794107339929,25,euclidean,distance
3886,19603,19604,1,0,0.21170285692931923,25,euclidean,distance
3887,19604,19605,0,0,0,25,euclidean,distance
3888,19615,19616,0,0,0.21806040056547007,25,euclidean,distance
3889,19620,19621,0,0,0.072777345567662438,25,euclidean,distance
3890,19634,19635,0,0,0.03677013164672438,25,euclidean,distance
3891,19643,19644,0,0,0.042422159480595689,25,euclidean,distance
3892,19645,19646,0,0,0.14682959996362374,25,euclidean,distance
3893,19647,19648,0,0,0.037368932203792296,25,euclidean,distance
3894,19650,19651,0,0,0,25,euclidean,distance
3895,19655,19656,0,0,0.21003807469234714,25,euclidean,distance
3896,19657,19658,0,0,0.44505793234443969,25,euclidean,distance
3897,19661,19662,0,0,0.37876442337933613,25,euclidean,distance
3898,19667,19668,0,0,0.19874932667811465,25,euclidean,distance
3899,19670,19671,0,0,0.36326100667695288,25,euclidean,distance
3900,19679,19680,0,0,0.14500044695011227,25,euclidean,distance
3901,19686,19687,1,0,0.4722445414709141,25,euclidean,distance
3902,19688,19689,0,0,0.036495978975813761,25,euclidean,distance
3903,19697,19698,1,1,0.69638323955852754,25,euclidean,distance
3904,19701,19702,0,0,0.072755030442961888,25,euclidean,distance
3905,19703,19704,0,0,0.19798291697990941,25,euclidean,distance
3906,19708,19709,0,0,0.085135953780008239,25,euclidean,distance
3907,19710,19711,0,0,0,25,euclidean,distance
3908,19713,19714,0,0,0.12312800109695804,25,euclidean,distance
3909,19717,19718,0,0,0.071580533024154541,25,euclidean,distance
3910,19727,19728,1,0,0.15129654492861269,25,euclidean,distance
3911,19734,19735,0,0,0.15406885481359986,25,euclidean,distance
3912,19735,19736,0,0,0.09392941171996666,25,euclidean,distance
3913,19738,19739,0,0,0.12221096014488417,25,euclidean,distance
3914,19741,19742,0,0,0.074242318535388832,25,euclidean,distance
3915,19743,19744,0,0,0.19334245635352795,25,euclidean,distance
3916,19747,19748,0,0,0.18050336216003579,25,euclidean,distance
3917,19757,19758,0,0,0.27534102671728122,25,euclidean,distance
3918,19764,19765,0,0,0.08013616513000954,25,euclidean,distance
3919,19771,19772,0,0,0,25,euclidean,distance
3920,19773,19774,0,0,0.11144419264075736,25,euclidean,distance
3921,19774,19775,0,0,0.041199589053440164,25,euclidean,distance
3922,19781,19782,0,0,0.090551147888902617,25,euclidean,distance
3923,19787,19788,0,0,0.27895298060419332,25,euclidean,distance
3924,19794,19795,0,0,0.18964458710667859,25,euclidean,distance
3925,19799,19800,0,0,0,25,euclidean,distance
3926,19808,19809,0,0,0.093660429800781722,25,euclidean,distance
3927,19814,19815,1,1,0.60438558179644875,25,euclidean,distance
3928,19817,19818,1,1,0.66143496931400003,25,euclidean,distance
3929,19824,19825,1,1,0.61302656730236982,25,euclidean,distance
3930,19837,19838,0,0,0.033885006337224952,25,euclidean,distance
3931,19841,19842,0,0,0.09417802072214701,25,euclidean,distance
3932,19847,19848,0,0,0.15079542232197934,25,euclidean,distance
3933,19851,19852,0,0,0.039797279952502547,25,euclidean,distance
3934,19866,19867,0,0,0.15088084690034093,25,euclidean,distance
3935,19877,19878,0,0,0.066511929632458999,25,euclidean,distance
3936,19883,19884,0,0,0.15735888951809562,25,euclidean,distance
3937,19886,19887,0,0,0.10635900362321665,25,euclidean,distance
3938,19890,19891,0,0,0.25610504141427143,25,euclidean,distance
3939,19893,19894,0,0,0.03997736241029437,25,euclidean,distance
3940,19898,19899,1,1,0.50265316380879976,25,euclidean,distance
3941,19899,19900,1,0,0.26131703323019745,25,euclidean,distance
3942,19902,19903,0,0,0.19320139754819207,25,euclidean,distance
3943,19904,19905,0,0,0.095469066517828272,25,euclidean,distance
3944,19915,19916,0,0,0,25,euclidean,distance
3945,19916,19917,0,0,0.11550992040697931,25,euclidean,distance
3946,19920,19921,0,0,0.15982271265165438,25,euclidean,distance
3947,19921,19922,0,0,0.12300080673871146,25,euclidean,distance
3948,19923,19924,0,0,0.10975402061111793,25,euclidean,distance
3949,19925,19926,1,0,0.43999573126757008,25,euclidean,distance
3950,19926,19927,1,0,0.20433545005292497,25,euclidean,distance
3951,19930,19931,0,0,0,25,euclidean,distance
3952,19931,19932,1,0,0.26658103261773874,25,euclidean,distance
3953,19936,19937,0,0,0.19464594144595604,25,euclidean,distance
3954,19938,19939,0,0,0.042617118794085349,25,euclidean,distance
3955,19951,19952,0,0,0,25,euclidean,distance
3956,19961,19962,0,0,0.26483804465531069,25,euclidean,distance
3957,19962,19963,0,0,0.16500763643324795,25,euclidean,distance
3958,19971,19972,0,0,0.10521269987096071,25,euclidean,distance
3959,19976,19977,0,0,0.11531815008885991,25,euclidean,distance
3960,19989,19990,0,0,0.12059806677437947,25,euclidean,distance
3961,19990,19991,0,0,0.23190585123188487,25,euclidean,distance
3962,19991,19992,0,0,0.35818392362679591,25,euclidean,distance
3963,19995,19996,0,0,0.056304188658610109,25,euclidean,distance
3964,19996,19997,1,0,0.11118766765653967,25,euclidean,distance
3965,19999,20000,0,0,0.35396052087319918,25,euclidean,distance
3966,20003,20004,0,0,0.12387478215989298,25,euclidean,distance
3967,20009,20010,0,0,0.037747704841787286,25,euclidean,distance
3968,20010,20011,1,0,0.085981468146755502,25,euclidean,distance
3969,20018,20019,0,0,0.20838061933485713,25,euclidean,distance
3970,20024,20025,0,0,0.14194253251092398,25,euclidean,distance
3971,20040,20041,0,0,0.039477850035614021,25,euclidean,distance
3972,20050,20051,0,0,0.19257698324628653,25,euclidean,distance
3973,20059,20060,0,0,0,25,euclidean,distance
3974,20072,20073,0,0,0.075344377681898222,25,euclidean,distance
3975,20075,20076,0,0,0.085201924019204872,25,euclidean,distance
3976,20081,20082,0,0,0.11734123858995603,25,euclidean,distance
3977,20083,20084,0,0,0.49201566517978995,25,euclidean,distance
3978,20084,20085,0,0,0.1593562860336061,25,euclidean,distance
3979,20086,20087,0,0,0.11440542452855719,25,euclidean,distance
3980,20089,20090,0,0,0.24251080557300719,25,euclidean,distance
3981,20092,20093,0,0,0.14708022897827716,25,euclidean,distance
3982,20093,20094,0,0,0.31158793024789788,25,euclidean,distance
3983,20095,20096,0,0,0.080260689915567215,25,euclidean,distance
3984,20096,20097,0,0,0.15606058412576709,25,euclidean,distance
3985,20107,20108,0,0,0.14515179405096057,25,euclidean,distance
3986,20120,20121,1,0,0.070494422471504392,25,euclidean,distance
3987,20126,20127,0,0,0.24059189193702291,25,euclidean,distance
3988,20129,20130,1,1,0.69040356005391634,25,euclidean,distance
3989,20131,20132,0,0,0.19573441902090771,25,euclidean,distance
3990,20143,20144,0,0,0,25,euclidean,distance
3991,20144,20145,0,0,0.039683211635749623,25,euclidean,distance
3992,20165,20166,0,0,0.041241916371772727,25,euclidean,distance
3993,20170,20171,1,0,0.11082149974821524,25,euclidean,distance
3994,20175,20176,0,0,0.15503739227347846,25,euclidean,distance
3995,20176,20177,0,0,0.27041410721363807,25,euclidean,distance
3996,20177,20178,0,0,0.035221115958268705,25,euclidean,distance
3997,20178,20179,0,0,0.41479373777872142,25,euclidean,distance
3998,20182,20183,0,0,0.13596858542991294,25,euclidean,distance
3999,20186,20187,0,0,0.079123789148127718,25,euclidean,distance
4000,20189,20190,0,0,0.15009747488635294,25,euclidean,distance
4001,20190,20191,0,0,0.035936973165698577,25,euclidean,distance
4002,20219,20220,0,0,0.14291081503655159,25,euclidean,distance
4003,20224,20225,0,1,0.55404730424920312,25,euclidean,distance
4004,20230,20231,0,0,0.3206423246344402,25,euclidean,distance
4005,20234,20235,0,0,0.039241424399271398,25,euclidean,distance
4006,20235,20236,0,0,0.2684565377307731,25,euclidean,distance
4007,20237,20238,0,0,0.20780348509954069,25,euclidean,distance
4008,20238,20239,0,0,0.35684560795312287,25,euclidean,distance
4009,20240,20241,0,0,0.14766719425987687,25,euclidean,distance
4010,20245,20246,0,1,0.53093846049254856,25,euclidean,distance
4011,20248,20249,1,1,0.53622572281436487,25,euclidean,distance
4012,20249,20250,0,0,0.16395556340285558,25,euclidean,distance
4013,20254,20255,1,1,0.79603462191899721,25,euclidean,distance
4014,20272,20273,1,1,0.66700412946399756,25,euclidean,distance
4015,20277,20278,0,0,0.11179004325034558,25,euclidean,distance
4016,20278,20279,1,0,0.19950535236639177,25,euclidean,distance
4017,20284,20285,0,1,0.80310482076155565,25,euclidean,distance
4018,20290,20291,0,0,0.31149657319071195,25,euclidean,distance
4019,20299,20300,0,0,0.086424728848253293,25,euclidean,distance
4020,20301,20302,0,0,0.072979967855672623,25,euclidean,distance
4021,20306,20307,1,0,0.14041290101025719,25,euclidean,distance
4022,20325,20326,0,0,0.23700991138761268,25,euclidean,distance
4023,20326,20327,0,0,0.23185188673561538,25,euclidean,distance
4024,20328,20329,0,0,0.14986046046791895,25,euclidean,distance
4025,20329,20330,0,0,0.12340671036818553,25,euclidean,distance
4026,20333,20334,0,0,0.057139454142356341,25,euclidean,distance
4027,20335,20336,1,1,0.72378001136080095,25,euclidean,distance
4028,20338,20339,0,1,0.75601318297735032,25,euclidean,distance
4029,20339,20340,1,0,0.17873719959147411,25,euclidean,distance
4030,20344,20345,0,0,0.11137986158047412,25,euclidean,distance
4031,20351,20352,0,0,0.096268103705920594,25,euclidean,distance
4032,20357,20358,1,0,0.18067118784176572,25,euclidean,distance
4033,20365,20366,0,0,0.083994825889608188,25,euclidean,distance
4034,20376,20377,0,0,0.1562264396409597,25,euclidean,distance
4035,20380,20381,1,0,0.25785927778005457,25,euclidean,distance
4036,20382,20383,0,0,0.11885839927323119,25,euclidean,distance
4037,20385,20386,0,0,0.30535459819077077,25,euclidean,distance
4038,20389,20390,0,0,0.49394470800663082,25,euclidean,distance
4039,20390,20391,0,0,0.14909991626259203,25,euclidean,distance
4040,20393,20394,0,0,0.078637624093035402,25,euclidean,distance
4041,20404,20405,0,0,0.039629580605559968,25,euclidean,distance
4042,20412,20413,0,0,0.0917679917365153,25,euclidean,distance
4043,20414,20415,0,0,0.1138282156137931,25,euclidean,distance
4044,20419,20420,0,0,0.076449878811615676,25,euclidean,distance
4045,20426,20427,0,0,0.077590968015129477,25,euclidean,distance
4046,20429,20430,1,1,0.6112964265631915,25,euclidean,distance
4047,20435,20436,0,0,0.12766463319429083,25,euclidean,distance
4048,20439,20440,1,0,0.48221436690942149,25,euclidean,distance
4049,20447,20448,0,0,0.15767387589871734,25,euclidean,distance
4050,20448,20449,0,0,0.078805554637417688,25,euclidean,distance
4051,20452,20453,1,0,0.079394498384026305,25,euclidean,distance
4052,20464,20465,1,1,0.68155064985976987,25,euclidean,distance
4053,20465,20466,0,0,0.28203425947890892,25,euclidean,distance
4054,20467,20468,0,0,0.36469217349132338,25,euclidean,distance
4055,20472,20473,1,1,0.62669238602605648,25,euclidean,distance
4056,20481,20482,0,0,0.1332429811794458,25,euclidean,distance
4057,20486,20487,0,0,0.047744659775576445,25,euclidean,distance
4058,20490,20491,0,0,0.31983321367526651,25,euclidean,distance
4059,20501,20502,0,0,0.11279890982942993,25,euclidean,distance
4060,20513,20514,0,0,0.21772240406853227,25,euclidean,distance
4061,20516,20517,0,0,0.036551266274576111,25,euclidean,distance
4062,20519,20520,0,0,0.070983305919910561,25,euclidean,distance
4063,20551,20552,0,0,0.070039250799689173,25,euclidean,distance
4064,20558,20559,0,0,0.19062663063796065,25,euclidean,distance
4065,20563,20564,0,0,0.11797920562721652,25,euclidean,distance
4066,20570,20571,0,0,0.12059964522641982,25,euclidean,distance
4067,20572,20573,1,0,0.148887625090455,25,euclidean,distance
4068,20575,20576,0,0,0,25,euclidean,distance
4069,20578,20579,0,0,0.15695242614508359,25,euclidean,distance
4070,20580,20581,0,0,0.11754779995307393,25,euclidean,distance
4071,20585,20586,0,0,0,25,euclidean,distance
4072,20592,20593,0,0,0.16415083252365545,25,euclidean,distance
4073,20597,20598,1,0,0.16292556526940277,25,euclidean,distance
4074,20598,20599,0,0,0.14115401618066931,25,euclidean,distance
4075,20604,20605,0,0,0.072236334721799036,25,euclidean,distance
4076,20606,20607,0,0,0.27126952965125678,25,euclidean,distance
4077,20609,20610,0,1,0.62137098183241768,25,euclidean,distance
4078,20611,20612,1,0,0.2294457280312498,25,euclidean,distance
4079,20613,20614,0,0,0.19534535955409119,25,euclidean,distance
4080,20623,20624,0,0,0.083064119828514568,25,euclidean,distance
4081,20624,20625,0,0,0.12410395593468104,25,euclidean,distance
4082,20631,20632,0,0,0.12459754439683809,25,euclidean,distance
4083,20635,20636,0,0,0.12508963893375777,25,euclidean,distance
4084,20639,20640,1,1,0.60563770985317078,25,euclidean,distance
4085,20641,20642,0,0,0.1532160067849305,25,euclidean,distance
4086,20644,20645,1,0,0.41714070098119671,25,euclidean,distance
4087,20647,20648,0,0,0.046971275870029687,25,euclidean,distance
4088,20656,20657,1,0,0.079068630210222868,25,euclidean,distance
4089,20660,20661,1,0,0.21188963480776282,25,euclidean,distance
4090,20664,20665,1,0,0.16928497591609662,25,euclidean,distance
4091,20673,20674,1,1,0.59297523139053043,25,euclidean,distance
4092,20692,20693,0,0,0.2962573003149741,25,euclidean,distance
4093,20698,20699,1,0,0.12047307513556239,25,euclidean,distance
4094,20705,20706,0,0,0.13557363427409802,25,euclidean,distance
4095,20708,20709,0,0,0.20396299895195669,25,euclidean,distance
4096,20715,20716,0,0,0,25,euclidean,distance
4097,20716,20717,0,0,0.038282641147522604,25,euclidean,distance
4098,20717,20718,0,0,0.29823204137834392,25,euclidean,distance
4099,20720,20721,0,0,0.077573314041392435,25,euclidean,distance
4100,20721,20722,1,1,0.90466981771004917,25,euclidean,distance
4101,20722,20723,0,0,0.35223538113814162,25,euclidean,distance
4102,20724,20725,1,1,0.6163190900936919,25,euclidean,distance
4103,20731,20732,0,0,0.1599110991822377,25,euclidean,distance
4104,20736,20737,0,0,0.42208298543082262,25,euclidean,distance
4105,20737,20738,0,1,0.65203111076584386,25,euclidean,distance
4106,20745,20746,0,0,0.16622548132942228,25,euclidean,distance
4107,20746,20747,0,0,0.29263646664576204,25,euclidean,distance
4108,20748,20749,0,0,0.037399056682951612,25,euclidean,distance
4109,20750,20751,0,0,0.24595514238124369,25,euclidean,distance
4110,20756,20757,1,1,0.8190763453285016,25,euclidean,distance
4111,20760,20761,0,0,0.12280679396173681,25,euclidean,distance
4112,20762,20763,0,0,0.073950023094349976,25,euclidean,distance
4113,20766,20767,0,0,0.079308908647972132,25,euclidean,distance
4114,20767,20768,1,0,0.095972102140993679,25,euclidean,distance
4115,20769,20770,0,0,0,25,euclidean,distance
4116,20771,20772,0,0,0.32318422013329073,25,euclidean,distance
4117,20783,20784,0,0,0.082246946372606072,25,euclidean,distance
4118,20787,20788,0,0,0,25,euclidean,distance
4119,20792,20793,0,0,0.23596310754715036,25,euclidean,distance
4120,20797,20798,1,1,0.54173909624691607,25,euclidean,distance
4121,20805,20806,1,0,0.06272589854742433,25,euclidean,distance
4122,20811,20812,0,0,0.037503619614202954,25,euclidean,distance
4123,20814,20815,0,0,0.23444396431452927,25,euclidean,distance
4124,20823,20824,1,0,0.1534002423628921,25,euclidean,distance
4125,20831,20832,0,0,0.05377656714466772,25,euclidean,distance
4126,20833,20834,1,0,0.46743542612021766,25,euclidean,distance
4127,20837,20838,0,0,0.041220375163000159,25,euclidean,distance
4128,20842,20843,1,0,0.13909124581559343,25,euclidean,distance
4129,20844,20845,0,0,0.25517077715031861,25,euclidean,distance
4130,20845,20846,0,0,0.17707163394577724,25,euclidean,distance
4131,20853,20854,0,0,0.099469617705195162,25,euclidean,distance
4132,20854,20855,1,1,0.62049379348600708,25,euclidean,distance
4133,20863,20864,0,0,0.24519982484557282,25,euclidean,distance
4134,20866,20867,0,1,0.81205211277125422,25,euclidean,distance
4135,20869,20870,0,0,0.035090213713196199,25,euclidean,distance
4136,20895,20896,0,0,0.24383800479118906,25,euclidean,distance
4137,20901,20902,0,0,0.064659716859158237,25,euclidean,distance
4138,20912,20913,0,0,0.34183211715047795,25,euclidean,distance
4139,20917,20918,1,0,0.3218516953641184,25,euclidean,distance
4140,20919,20920,1,1,0.55560365409277435,25,euclidean,distance
4141,20922,20923,1,0,0.19827701729601996,25,euclidean,distance
4142,20931,20932,0,0,0.2007997483835367,25,euclidean,distance
4143,20934,20935,0,0,0.12118727984763787,25,euclidean,distance
4144,20938,20939,0,0,0.068676039429511657,25,euclidean,distance
4145,20943,20944,1,0,0.20882500827729844,25,euclidean,distance
4146,20945,20946,0,0,0.12015091938304778,25,euclidean,distance
4147,20947,20948,0,0,0.085266792631365662,25,euclidean,distance
4148,20953,20954,0,0,0.090836803371213401,25,euclidean,distance
4149,20957,20958,0,0,0.46464997477537523,25,euclidean,distance
4150,20962,20963,1,0,0.15522869245095955,25,euclidean,distance
4151,20967,20968,1,1,0.67842714581543739,25,euclidean,distance
4152,20970,20971,0,0,0.14560840491139174,25,euclidean,distance
4153,20977,20978,1,1,0.73252993266274569,25,euclidean,distance
4154,20984,20985,0,0,0.03721673108945274,25,euclidean,distance
4155,20985,20986,0,0,0,25,euclidean,distance
4156,20990,20991,0,1,0.68927701094191385,25,euclidean,distance
4157,20992,20993,1,1,0.59346978239241421,25,euclidean,distance
4158,20994,20995,0,0,0.31517735969790472,25,euclidean,distance
4159,21001,21002,1,0,0.25887366048376825,25,euclidean,distance
4160,21009,21010,0,0,0.25846598261924186,25,euclidean,distance
4161,21011,21012,0,0,0.25239147090411396,25,euclidean,distance
4162,21018,21019,0,0,0.23901669549081031,25,euclidean,distance
4163,21022,21023,0,0,0.11667105235811072,25,euclidean,distance
4164,21023,21024,1,0,0.13846031479388177,25,euclidean,distance
4165,21028,21029,0,0,0.10946472652916442,25,euclidean,distance
4166,21041,21042,0,0,0.33482686199820549,25,euclidean,distance
4167,21043,21044,0,0,0.35273590619122769,25,euclidean,distance
4168,21046,21047,1,0,0.44878842745361885,25,euclidean,distance
4169,21051,21052,0,0,0.18052400459216283,25,euclidean,distance
4170,21052,21053,1,1,0.85301675884410777,25,euclidean,distance
4171,21057,21058,1,1,0.72788239801611698,25,euclidean,distance
4172,21058,21059,0,0,0.078838331035440232,25,euclidean,distance
4173,21062,21063,0,0,0.43221563568079135,25,euclidean,distance
4174,21101,21102,0,1,0.51472085307288329,25,euclidean,distance
4175,21103,21104,0,0,0.078922737058446879,25,euclidean,distance
4176,21104,21105,0,0,0.14992142186615998,25,euclidean,distance
4177,21106,21107,0,0,0.14155656035800634,25,euclidean,distance
4178,21108,21109,1,0,0.12145871112618467,25,euclidean,distance
4179,21113,21114,0,0,0.16318721500503253,25,euclidean,distance
4180,21116,21117,0,0,0.3831089311729825,25,euclidean,distance
4181,21124,21125,0,0,0.06510996046947419,25,euclidean,distance
4182,21129,21130,0,0,0.11312570485272794,25,euclidean,distance
4183,21132,21133,0,0,0.10679905871474277,25,euclidean,distance
4184,21143,21144,1,0,0.12286063450340201,25,euclidean,distance
4185,21145,21146,0,0,0.11207135417281197,25,euclidean,distance
4186,21147,21148,1,0,0.20858225792877574,25,euclidean,distance
4187,21149,21150,0,0,0.11563211802216125,25,euclidean,distance
4188,21150,21151,0,0,0.10280120417945361,25,euclidean,distance
4189,21152,21153,0,0,0.11497358580697652,25,euclidean,distance
4190,21160,21161,0,0,0.15379872344206436,25,euclidean,distance
4191,21165,21166,1,1,0.50075138235705396,25,euclidean,distance
4192,21166,21167,1,1,0.55965497151426213,25,euclidean,distance
4193,21176,21177,0,0,0.097945044873995066,25,euclidean,distance
4194,21177,21178,0,0,0,25,euclidean,distance
4195,21188,21189,1,0,0.068951862822493257,25,euclidean,distance
4196,21190,21191,0,0,0.073380075728262828,25,euclidean,distance
4197,21191,21192,0,0,0,25,euclidean,distance
4198,21196,21197,0,0,0.10426159119561842,25,euclidean,distance
4199,21199,21200,0,0,0.11370835341527198,25,euclidean,distance
4200,21203,21204,1,0,0.20535245046548825,25,euclidean,distance
4201,21211,21212,0,0,0.11388014290617043,25,euclidean,distance
4202,21212,21213,0,1,0.7331364436911475,25,euclidean,distance
4203,21219,21220,0,0,0.27358560200837478,25,euclidean,distance
4204,21220,21221,0,1,0.72242340366590874,25,euclidean,distance
4205,21222,21223,0,0,0.098358746484375786,25,euclidean,distance
4206,21227,21228,0,0,0.18846016863640583,25,euclidean,distance
4207,21228,21229,0,0,0.1899891446681484,25,euclidean,distance
4208,21229,21230,0,0,0.23584390417499532,25,euclidean,distance
4209,21231,21232,0,0,0.20679353170868589,25,euclidean,distance
4210,21238,21239,0,0,0.094170168683923014,25,euclidean,distance
4211,21240,21241,0,0,0.37780987665833521,25,euclidean,distance
4212,21243,21244,0,0,0.11232396004288155,25,euclidean,distance
4213,21244,21245,0,0,0.080284304135765025,25,euclidean,distance
4214,21245,21246,0,0,0.15763354642239877,25,euclidean,distance
4215,21247,21248,0,0,0.24543757775844291,25,euclidean,distance
4216,21249,21250,0,0,0.16738421014346336,25,euclidean,distance
4217,21258,21259,0,0,0.080895087090008366,25,euclidean,distance
4218,21261,21262,0,0,0.25599050404434642,25,euclidean,distance
4219,21263,21264,0,0,0.14090372975272827,25,euclidean,distance
4220,21273,21274,1,1,0.68682699782877898,25,euclidean,distance
4221,21286,21287,0,0,0.22145025264617896,25,euclidean,distance
4222,21302,21303,0,0,0.20979041301167958,25,euclidean,distance
4223,21306,21307,0,0,0.096711894333959325,25,euclidean,distance
4224,21310,21311,1,0,0.33345428545798811,25,euclidean,distance
4225,21311,21312,1,0,0.46032186009867004,25,euclidean,distance
4226,21313,21314,0,0,0.21708231299536065,25,euclidean,distance
4227,21314,21315,1,0,0.19913280496248212,25,euclidean,distance
4228,21324,21325,0,0,0.26943834422885987,25,euclidean,distance
4229,21326,21327,1,0,0.15911128896304452,25,euclidean,distance
4230,21328,21329,0,0,0.18833618809282762,25,euclidean,distance
4231,21337,21338,0,0,0.099707126406907889,25,euclidean,distance
4232,21340,21341,0,0,0.21105610207450551,25,euclidean,distance
4233,21345,21346,0,0,0.23476650102375346,25,euclidean,distance
4234,21362,21363,0,1,0.52354727829060788,25,euclidean,distance
4235,21366,21367,0,0,0.13371189380373055,25,euclidean,distance
4236,21374,21375,0,0,0.31969592966016602,25,euclidean,distance
4237,21380,21381,1,1,0.96795699311034722,25,euclidean,distance
4238,21386,21387,0,0,0.16251290283775241,25,euclidean,distance
4239,21387,21388,0,0,0.40825404190943471,25,euclidean,distance
4240,21392,21393,1,1,0.6511682407602768,25,euclidean,distance
4241,21393,21394,1,0,0.20546930268299116,25,euclidean,distance
4242,21398,21399,1,0,0.18382663492894119,25,euclidean,distance
4243,21399,21400,0,0,0.15546024587493962,25,euclidean,distance
4244,21407,21408,0,0,0.16379412838499841,25,euclidean,distance
4245,21410,21411,0,1,0.53835982204470423,25,euclidean,distance
4246,21414,21415,0,0,0.30634796907967388,25,euclidean,distance
4247,21416,21417,0,0,0.28927258943113404,25,euclidean,distance
4248,21417,21418,0,0,0.10333353034913767,25,euclidean,distance
4249,21421,21422,0,0,0.039927628942208152,25,euclidean,distance
4250,21426,21427,0,0,0.11726901625172083,25,euclidean,distance
4251,21428,21429,0,0,0.29768472131361284,25,euclidean,distance
4252,21436,21437,0,0,0.039254257483549361,25,euclidean,distance
4253,21439,21440,1,0,0.20755423409280918,25,euclidean,distance
4254,21442,21443,0,0,0,25,euclidean,distance
4255,21444,21445,0,0,0.07267196657419861,25,euclidean,distance
4256,21475,21476,0,0,0.066080277423005318,25,euclidean,distance
4257,21480,21481,1,0,0.48679112120934948,25,euclidean,distance
4258,21486,21487,0,0,0.44293632315106235,25,euclidean,distance
4259,21493,21494,1,0,0.10660012713845891,25,euclidean,distance
4260,21498,21499,0,0,0.13775902800828083,25,euclidean,distance
4261,21503,21504,0,0,0,25,euclidean,distance
4262,21504,21505,0,0,0.11030304081064242,25,euclidean,distance
4263,21511,21512,1,0,0.42364625230697711,25,euclidean,distance
4264,21528,21529,0,0,0.06720951207328231,25,euclidean,distance
4265,21529,21530,0,0,0.086577172840600944,25,euclidean,distance
4266,21531,21532,0,0,0.18772696034806077,25,euclidean,distance
4267,21542,21543,0,0,0.07819992763457928,25,euclidean,distance
4268,21552,21553,0,0,0.30804536294404494,25,euclidean,distance
4269,21561,21562,0,1,0.67500208373165038,25,euclidean,distance
4270,21567,21568,0,0,0.04395212570822405,25,euclidean,distance
4271,21574,21575,0,0,0.087508954728370975,25,euclidean,distance
4272,21576,21577,0,0,0.11370981366569372,25,euclidean,distance
4273,21578,21579,0,0,0.15382722804994786,25,euclidean,distance
4274,21587,21588,0,0,0.025658599415419439,25,euclidean,distance
4275,21588,21589,0,0,0.35828381356814387,25,euclidean,distance
4276,21595,21596,0,0,0.076288343529714267,25,euclidean,distance
4277,21596,21597,0,0,0.19328022113609597,25,euclidean,distance
4278,21600,21601,1,0,0.21256118247207684,25,euclidean,distance
4279,21606,21607,0,0,0.20762685127025635,25,euclidean,distance
4280,21611,21612,0,1,0.54951598333749141,25,euclidean,distance
4281,21618,21619,0,0,0.31958661459808557,25,euclidean,distance
4282,21630,21631,0,0,0.038600653538784294,25,euclidean,distance
4283,21631,21632,0,0,0.10374244918149257,25,euclidean,distance
4284,21634,21635,1,1,0.72752810017676284,25,euclidean,distance
4285,21648,21649,0,0,0.094185673428672012,25,euclidean,distance
4286,21661,21662,0,0,0.14183513194091504,25,euclidean,distance
4287,21663,21664,0,0,0.06444787540693471,25,euclidean,distance
4288,21672,21673,1,1,0.69376694650953907,25,euclidean,distance
4289,21675,21676,0,0,0.2817195872484089,25,euclidean,distance
4290,21676,21677,0,0,0.18721703728623926,25,euclidean,distance
4291,21680,21681,0,0,0.043566788868307262,25,euclidean,distance
4292,21683,21684,0,0,0.16338690362191188,25,euclidean,distance
4293,21695,21696,0,0,0.017881834571655104,25,euclidean,distance
4294,21700,21701,0,0,0.037144189459653448,25,euclidean,distance
4295,21701,21702,1,1,0.75758514753760386,25,euclidean,distance
4296,21702,21703,0,1,0.71784512614703033,25,euclidean,distance
4297,21706,21707,0,0,0.11801516420621218,25,euclidean,distance
4298,21708,21709,0,1,0.55748321852623151,25,euclidean,distance
4299,21715,21716,1,1,0.5755039795605954,25,euclidean,distance
4300,21721,21722,0,0,0,25,euclidean,distance
4301,21722,21723,0,0,0.11439687804602706,25,euclidean,distance
4302,21731,21732,0,0,0.16049817226054455,25,euclidean,distance
4303,21737,21738,0,0,0.1274838888746109,25,euclidean,distance
4304,21750,21751,0,0,0.11514785692501957,25,euclidean,distance
4305,21771,21772,0,1,0.68888870164560168,25,euclidean,distance
4306,21802,21803,0,0,0.41425807162373157,25,euclidean,distance
4307,21806,21807,0,0,0.1055613926019071,25,euclidean,distance
4308,21809,21810,1,1,0.60399096433943,25,euclidean,distance
4309,21811,21812,1,1,0.75959280029417442,25,euclidean,distance
4310,21812,21813,0,0,0.10256856353265432,25,euclidean,distance
4311,21819,21820,0,0,0.28733853817811666,25,euclidean,distance
4312,21824,21825,0,0,0.046391150001688364,25,euclidean,distance
4313,21826,21827,0,0,0,25,euclidean,distance
4314,21839,21840,0,0,0,25,euclidean,distance
4315,21849,21850,0,0,0.072617121620165773,25,euclidean,distance
4316,21857,21858,0,0,0.12337685622969854,25,euclidean,distance
4317,21866,21867,0,0,0.11753673228265402,25,euclidean,distance
4318,21881,21882,0,0,0.026042296044445988,25,euclidean,distance
4319,21883,21884,0,0,0.15734826088085227,25,euclidean,distance
4320,21887,21888,0,0,0,25,euclidean,distance
4321,21894,21895,0,0,0.15256399409031191,25,euclidean,distance
4322,21896,21897,0,0,0.074466681966029388,25,euclidean,distance
4323,21900,21901,1,1,0.5178428977716335,25,euclidean,distance
4324,21901,21902,0,0,0.11381433226133078,25,euclidean,distance
4325,21904,21905,0,0,0.041680123161531808,25,euclidean,distance
4326,21906,21907,0,0,0.073397681634218948,25,euclidean,distance
4327,21911,21912,0,0,0.38779048814483624,25,euclidean,distance
4328,21912,21913,0,0,0.26826183370563966,25,euclidean,distance
4329,21915,21916,0,0,0.26444963142536021,25,euclidean,distance
4330,21920,21921,1,0,0.13853185689114408,25,euclidean,distance
4331,21935,21936,0,0,0.031751677307602005,25,euclidean,distance
4332,21940,21941,0,0,0.17155078562167733,25,euclidean,distance
4333,21957,21958,0,0,0.13356909208738771,25,euclidean,distance
4334,21962,21963,0,0,0,25,euclidean,distance
4335,21963,21964,0,0,0,25,euclidean,distance
4336,21968,21969,0,0,0.18640435053631646,25,euclidean,distance
4337,21969,21970,0,0,0.032743395069277356,25,euclidean,distance
4338,21971,21972,0,0,0.30165163649308208,25,euclidean,distance
4339,21984,21985,0,0,0.19149939066098878,25,euclidean,distance
4340,21988,21989,0,0,0.16719807175835955,25,euclidean,distance
4341,21992,21993,0,0,0.15870922113642275,25,euclidean,distance
4342,21994,21995,0,0,0.073391763349481443,25,euclidean,distance
4343,21998,21999,0,0,0.12241924672589724,25,euclidean,distance
4344,22002,22003,0,0,0.19510723867061441,25,euclidean,distance
4345,22007,22008,0,0,0.18263069898276668,25,euclidean,distance
4346,22008,22009,0,0,0.03768829888553471,25,euclidean,distance
4347,22027,22028,0,0,0.18101635189712975,25,euclidean,distance
4348,22028,22029,0,0,0,25,euclidean,distance
4349,22031,22032,0,0,0.036601041519022333,25,euclidean,distance
4350,22032,22033,0,0,0.19123176566227193,25,euclidean,distance
4351,22035,22036,0,0,0.19804519521907318,25,euclidean,distance
4352,22041,22042,0,0,0.13007184239956107,25,euclidean,distance
4353,22042,22043,0,0,0.26023065089879499,25,euclidean,distance
4354,22043,22044,0,0,0.037595218469955997,25,euclidean,distance
4355,22046,22047,0,0,0.032510279045555396,25,euclidean,distance
4356,22056,22057,0,0,0.31720880397864271,25,euclidean,distance
4357,22057,22058,0,0,0.090645645358525928,25,euclidean,distance
4358,22058,22059,0,0,0.30340803046015297,25,euclidean,distance
4359,22061,22062,0,0,0.035801153966018941,25,euclidean,distance
4360,22070,22071,0,0,0.04323569219061215,25,euclidean,distance
4361,22072,22073,0,0,0.17504739469663147,25,euclidean,distance
4362,22075,22076,0,0,0.30064674099913585,25,euclidean,distance
4363,22080,22081,1,1,0.80529455531674821,25,euclidean,distance
4364,22081,22082,0,0,0.16169822867173761,25,euclidean,distance
4365,22088,22089,0,0,0.205459660747002,25,euclidean,distance
4366,22089,22090,0,0,0.21358766611897331,25,euclidean,distance
4367,22090,22091,1,0,0.11496428674039638,25,euclidean,distance
4368,22091,22092,0,0,0,25,euclidean,distance
4369,22092,22093,0,0,0.043517983170283478,25,euclidean,distance
4370,22095,22096,0,0,0.38760007224139248,25,euclidean,distance
4371,22098,22099,0,0,0,25,euclidean,distance
4372,22101,22102,1,0,0.11774556853033799,25,euclidean,distance
4373,22102,22103,0,0,0.034212450566317928,25,euclidean,distance
4374,22104,22105,0,0,0.077447584913510878,25,euclidean,distance
4375,22105,22106,0,0,0.19565324356635222,25,euclidean,distance
4376,22111,22112,1,1,0.73752242838177073,25,euclidean,distance
4377,22112,22113,0,0,0.16563839456699184,25,euclidean,distance
4378,22116,22117,0,0,0.037896582281691585,25,euclidean,distance
4379,22128,22129,0,0,0.13293204346089235,25,euclidean,distance
4380,22129,22130,0,0,0.093221942151291454,25,euclidean,distance
4381,22139,22140,0,0,0.17537898706651808,25,euclidean,distance
4382,22168,22169,1,1,0.62164654128668051,25,euclidean,distance
4383,22176,22177,1,1,0.76268779858808733,25,euclidean,distance
4384,22179,22180,0,0,0.079974685408556567,25,euclidean,distance
4385,22188,22189,0,0,0.11410621767734962,25,euclidean,distance
4386,22189,22190,0,0,0.18896728849951261,25,euclidean,distance
4387,22195,22196,0,0,0.034631393559940445,25,euclidean,distance
4388,22196,22197,0,0,0,25,euclidean,distance
4389,22198,22199,0,0,0.16289812367671097,25,euclidean,distance
4390,22214,22215,0,0,0.14696285004607421,25,euclidean,distance
4391,22226,22227,0,0,0.1458863193601713,25,euclidean,distance
4392,22241,22242,0,0,0.12658109750542026,25,euclidean,distance
4393,22250,22251,1,0,0.19175240509740546,25,euclidean,distance
4394,22252,22253,0,0,0.10988648405752253,25,euclidean,distance
4395,22254,22255,0,0,0.15343637575429325,25,euclidean,distance
4396,22256,22257,1,0,0.11765917254966497,25,euclidean,distance
4397,22261,22262,0,0,0.14034321611956199,25,euclidean,distance
4398,22262,22263,1,0,0.20779857844739202,25,euclidean,distance
4399,22264,22265,0,0,0.10254266950926337,25,euclidean,distance
4400,22266,22267,1,0,0.032921063277075911,25,euclidean,distance
4401,22281,22282,0,0,0.20071338455076507,25,euclidean,distance
4402,22285,22286,1,1,0.62631864650286795,25,euclidean,distance
4403,22286,22287,1,0,0.44297453048675167,25,euclidean,distance
4404,22290,22291,1,1,0.79725570581549732,25,euclidean,distance
4405,22306,22307,1,0,0.11512583457623755,25,euclidean,distance
4406,22307,22308,0,0,0.36671141912914157,25,euclidean,distance
4407,22311,22312,0,0,0.038147655778771043,25,euclidean,distance
4408,22319,22320,0,0,0.25091397565428902,25,euclidean,distance
4409,22321,22322,0,0,0.1858050682110311,25,euclidean,distance
4410,22323,22324,0,0,0,25,euclidean,distance
4411,22328,22329,0,0,0.07608951617661458,25,euclidean,distance
4412,22333,22334,0,0,0.039400305372764205,25,euclidean,distance
4413,22338,22339,0,0,0.18645260819373169,25,euclidean,distance
4414,22352,22353,0,0,0.20313802575509052,25,euclidean,distance
4415,22357,22358,0,0,0.22951334565278092,25,euclidean,distance
4416,22360,22361,0,0,0.082769305423274209,25,euclidean,distance
4417,22364,22365,0,0,0.069636846779573797,25,euclidean,distance
4418,22366,22367,0,0,0.26900440943443799,25,euclidean,distance
4419,22368,22369,0,0,0.078744538583886428,25,euclidean,distance
4420,22372,22373,0,0,0,25,euclidean,distance
4421,22377,22378,0,0,0.034623983700233285,25,euclidean,distance
4422,22378,22379,0,0,0,25,euclidean,distance
4423,22382,22383,0,0,0.065928582642013553,25,euclidean,distance
4424,22385,22386,1,0,0.15219805724591962,25,euclidean,distance
4425,22387,22388,0,0,0.10148700740111155,25,euclidean,distance
4426,22396,22397,0,0,0.19189321228178657,25,euclidean,distance
4427,22399,22400,0,0,0.134545111780799,25,euclidean,distance
4428,22402,22403,0,0,0.23042528711215809,25,euclidean,distance
4429,22404,22405,0,0,0,25,euclidean,distance
4430,22407,22408,0,0,0.039796049982905313,25,euclidean,distance
4431,22408,22409,0,0,0.14637597189163468,25,euclidean,distance
4432,22412,22413,0,0,0,25,euclidean,distance
4433,22416,22417,0,1,0.68277683549933299,25,euclidean,distance
4434,22420,22421,0,0,0.11669061874906439,25,euclidean,distance
4435,22424,22425,0,0,0.34020782956125634,25,euclidean,distance
4436,22430,22431,0,0,0.27260701133151349,25,euclidean,distance
4437,22434,22435,0,0,0.15962765164889456,25,euclidean,distance
4438,22439,22440,0,0,0.07393149685828887,25,euclidean,distance
4439,22442,22443,1,0,0.08150512157302621,25,euclidean,distance
4440,22445,22446,0,0,0.038103009757131885,25,euclidean,distance
4441,22447,22448,0,0,0.19600351815204181,25,euclidean,distance
4442,22448,22449,0,0,0.077316091125135766,25,euclidean,distance
4443,22450,22451,0,0,0.10012202336796731,25,euclidean,distance
4444,22451,22452,0,0,0.19779778719065327,25,euclidean,distance
4445,22452,22453,0,0,0.078957082039064208,25,euclidean,distance
4446,22453,22454,0,0,0.047238204527618129,25,euclidean,distance
4447,22468,22469,1,0,0.12891015620709184,25,euclidean,distance
4448,22472,22473,1,1,0.85003077650164083,25,euclidean,distance
4449,22481,22482,0,0,0.067355691096000828,25,euclidean,distance
4450,22496,22497,1,0,0.074228587369180601,25,euclidean,distance
4451,22500,22501,0,0,0.21989389058777734,25,euclidean,distance
4452,22501,22502,0,0,0.084338600540048228,25,euclidean,distance
4453,22502,22503,1,0,0.40319895356214308,25,euclidean,distance
4454,22505,22506,1,1,0.51804708457315829,25,euclidean,distance
4455,22513,22514,0,0,0,25,euclidean,distance
4456,22514,22515,0,0,0.15468078524893403,25,euclidean,distance
4457,22517,22518,0,0,0.20762672943876817,25,euclidean,distance
4458,22524,22525,0,0,0.11080527057264723,25,euclidean,distance
4459,22527,22528,0,0,0.21128563946630585,25,euclidean,distance
4460,22529,22530,0,0,0.46364925122702783,25,euclidean,distance
4461,22533,22534,0,0,0.09573446355076573,25,euclidean,distance
4462,22543,22544,1,0,0.29216747540558058,25,euclidean,distance
4463,22547,22548,1,0,0.10135365163068699,25,euclidean,distance
4464,22549,22550,0,0,0.34967317727798958,25,euclidean,distance
4465,22552,22553,0,0,0.085679357347441087,25,euclidean,distance
4466,22553,22554,0,0,0.32745227203765004,25,euclidean,distance
4467,22557,22558,0,0,0.32460905446563149,25,euclidean,distance
4468,22561,22562,0,0,0.20867016405513314,25,euclidean,distance
4469,22566,22567,0,1,0.80594927276477979,25,euclidean,distance
4470,22585,22586,0,0,0.10927203392392672,25,euclidean,distance
4471,22589,22590,0,0,0.16337481070358528,25,euclidean,distance
4472,22592,22593,0,0,0.097156258031846229,25,euclidean,distance
4473,22616,22617,0,0,0.038969728494479827,25,euclidean,distance
4474,22619,22620,0,0,0.28783789267369758,25,euclidean,distance
4475,22626,22627,0,0,0,25,euclidean,distance
4476,22627,22628,1,0,0.30292456305713861,25,euclidean,distance
4477,22632,22633,0,0,0.34305357948285436,25,euclidean,distance
4478,22634,22635,0,0,0.040781445939211951,25,euclidean,distance
4479,22636,22637,0,0,0.14688979265781918,25,euclidean,distance
4480,22649,22650,0,0,0.13750018392851179,25,euclidean,distance
4481,22656,22657,1,1,0.52126359339129003,25,euclidean,distance
4482,22661,22662,0,0,0,25,euclidean,distance
4483,22682,22683,0,0,0.17661544167047885,25,euclidean,distance
4484,22688,22689,1,1,0.76393526681394408,25,euclidean,distance
4485,22689,22690,0,0,0.037539178616084655,25,euclidean,distance
4486,22690,22691,0,1,0.7271728958448993,25,euclidean,distance
4487,22697,22698,0,0,0.1998039363740565,25,euclidean,distance
4488,22705,22706,0,0,0.42588990635541352,25,euclidean,distance
4489,22710,22711,1,0,0.41738469801444444,25,euclidean,distance
4490,22711,22712,1,0,0.14276496870417912,25,euclidean,distance
4491,22712,22713,0,0,0.2877812105091373,25,euclidean,distance
4492,22715,22716,0,0,0.25663141117367466,25,euclidean,distance
4493,22729,22730,0,0,0.2573226333788215,25,euclidean,distance
4494,22738,22739,0,0,0.046708449083264388,25,euclidean,distance
4495,22747,22748,0,0,0.18516686461042431,25,euclidean,distance
4496,22752,22753,0,0,0.082006156016304066,25,euclidean,distance
4497,22753,22754,1,1,0.62863950887170383,25,euclidean,distance
4498,22755,22756,1,0,0,25,euclidean,distance
4499,22757,22758,0,0,0.1172783189212418,25,euclidean,distance
4500,22759,22760,1,1,0.8918514708569798,25,euclidean,distance
4501,22763,22764,0,0,0.088111108457994414,25,euclidean,distance
4502,22767,22768,0,0,0.075850347513096175,25,euclidean,distance
4503,22768,22769,1,0,0.078307430260837335,25,euclidean,distance
4504,22776,22777,1,0,0.042649676748398278,25,euclidean,distance
4505,22778,22779,0,0,0,25,euclidean,distance
4506,22779,22780,0,0,0.037399249109991102,25,euclidean,distance
4507,22780,22781,0,0,0.15952028828928011,25,euclidean,distance
4508,22789,22790,1,0,0.24137769447119284,25,euclidean,distance
4509,22790,22791,0,0,0.098476852881127785,25,euclidean,distance
4510,22792,22793,0,0,0.077190930324069817,25,euclidean,distance
4511,22801,22802,0,0,0.075183506028383529,25,euclidean,distance
4512,22803,22804,0,0,0.079220668979451569,25,euclidean,distance
4513,22819,22820,0,0,0.10385178535230462,25,euclidean,distance
4514,22820,22821,0,0,0.083174081691449547,25,euclidean,distance
4515,22822,22823,0,0,0.05104689400368919,25,euclidean,distance
4516,22826,22827,0,0,0.19902254826134225,25,euclidean,distance
4517,22833,22834,0,0,0.04172974144960899,25,euclidean,distance
4518,22841,22842,0,0,0.072914955003003309,25,euclidean,distance
4519,22851,22852,1,0,0.40795928905068235,25,euclidean,distance
4520,22862,22863,1,1,0.71676878634033148,25,euclidean,distance
4521,22866,22867,0,0,0.20871985738119775,25,euclidean,distance
4522,22873,22874,0,0,0.073426136744604811,25,euclidean,distance
4523,22875,22876,0,0,0.074758963967238717,25,euclidean,distance
4524,22880,22881,0,1,0.64773510058741468,25,euclidean,distance
4525,22881,22882,1,0,0.098169905058740001,25,euclidean,distance
4526,22882,22883,0,0,0.1452920749793877,25,euclidean,distance
4527,22888,22889,0,0,0,25,euclidean,distance
4528,22893,22894,1,0,0.1153464656030444,25,euclidean,distance
4529,22894,22895,0,0,0.19782680079352399,25,euclidean,distance
4530,22897,22898,1,1,0.69909204965757854,25,euclidean,distance
4531,22900,22901,1,1,0.75411509906984797,25,euclidean,distance
4532,22904,22905,0,0,0.26122669725103931,25,euclidean,distance
4533,22913,22914,0,0,0.091606291283139421,25,euclidean,distance
4534,22914,22915,0,0,0.17551354979173836,25,euclidean,distance
4535,22927,22928,0,0,0.16434871357175548,25,euclidean,distance
4536,22930,22931,0,0,0.11926744449347702,25,euclidean,distance
4537,22936,22937,0,0,0.16021844648087979,25,euclidean,distance
4538,22937,22938,0,0,0.23706142330937835,25,euclidean,distance
4539,22938,22939,0,0,0.15769956786114336,25,euclidean,distance
4540,22939,22940,0,0,0,25,euclidean,distance
4541,22940,22941,0,0,0.14313362114783804,25,euclidean,distance
4542,22944,22945,0,0,0,25,euclidean,distance
4543,22979,22980,0,0,0.24964523680262427,25,euclidean,distance
4544,22988,22989,0,0,0.040994188988722556,25,euclidean,distance
4545,22996,22997,0,0,0.14412641459873668,25,euclidean,distance
4546,22997,22998,0,0,0,25,euclidean,distance
4547,22999,23000,0,0,0.049821970197850896,25,euclidean,distance
4548,23005,23006,1,0,0.11176976329755371,25,euclidean,distance
4549,23007,23008,0,0,0.18487795825534384,25,euclidean,distance
4550,23009,23010,0,0,0.27961246117856137,25,euclidean,distance
4551,23016,23017,0,0,0.20193801736560935,25,euclidean,distance
4552,23022,23023,0,0,0.17227781329019323,25,euclidean,distance
4553,23024,23025,0,0,0.28832653664503949,25,euclidean,distance
4554,23029,23030,0,0,0.03817133683443024,25,euclidean,distance
4555,23038,23039,0,0,0.040501638112059153,25,euclidean,distance
4556,23039,23040,1,1,0.67463222947653123,25,euclidean,distance
4557,23041,23042,0,0,0.031574295141340185,25,euclidean,distance
4558,23043,23044,1,0,0.15628437429112974,25,euclidean,distance
4559,23044,23045,0,0,0.038628276854880746,25,euclidean,distance
4560,23051,23052,0,0,0.2555372517646799,25,euclidean,distance
4561,23067,23068,0,0,0.039398083343421562,25,euclidean,distance
4562,23069,23070,0,0,0.47639731133832752,25,euclidean,distance
4563,23070,23071,1,0,0.18434689043401117,25,euclidean,distance
4564,23078,23079,0,0,0,25,euclidean,distance
4565,23079,23080,0,0,0.090144377952743257,25,euclidean,distance
4566,23092,23093,1,0,0.25836665907889167,25,euclidean,distance
4567,23098,23099,0,0,0,25,euclidean,distance
4568,23104,23105,0,0,0.085276407040559582,25,euclidean,distance
4569,23107,23108,0,0,0.033636008514416581,25,euclidean,distance
4570,23108,23109,0,0,0.13646636104807003,25,euclidean,distance
4571,23109,23110,0,0,0.46010399838572991,25,euclidean,distance
4572,23112,23113,0,0,0.1181575522799886,25,euclidean,distance
4573,23115,23116,0,0,0.15792059272852124,25,euclidean,distance
4574,23122,23123,0,0,0,25,euclidean,distance
4575,23125,23126,1,0,0.14927425226111724,25,euclidean,distance
4576,23127,23128,0,0,0,25,euclidean,distance
4577,23133,23134,1,0,0.21561729410854702,25,euclidean,distance
4578,23136,23137,0,0,0.0819531500623982,25,euclidean,distance
4579,23145,23146,0,0,0.1777777111427494,25,euclidean,distance
4580,23159,23160,0,0,0.17523247461310379,25,euclidean,distance
4581,23163,23164,0,0,0.1162634157473097,25,euclidean,distance
4582,23164,23165,1,0,0.36006624723044983,25,euclidean,distance
4583,23169,23170,0,0,0.36517541571732742,25,euclidean,distance
4584,23172,23173,0,0,0.22692555195270811,25,euclidean,distance
4585,23183,23184,0,0,0.16356629987615201,25,euclidean,distance
4586,23186,23187,1,0,0.17063053016626339,25,euclidean,distance
4587,23201,23202,0,0,0.036370971241340887,25,euclidean,distance
4588,23205,23206,1,1,0.53338883437887752,25,euclidean,distance
4589,23213,23214,1,0,0.1546599494893228,25,euclidean,distance
4590,23232,23233,1,0,0.023937023650523907,25,euclidean,distance
4591,23236,23237,0,0,0.4837439503180756,25,euclidean,distance
4592,23238,23239,0,0,0.12051074499423298,25,euclidean,distance
4593,23240,23241,0,0,0.082007398321080505,25,euclidean,distance
4594,23243,23244,0,0,0.12653054442192227,25,euclidean,distance
4595,23244,23245,0,0,0.23647710841290773,25,euclidean,distance
4596,23250,23251,0,0,0.09831941788905528,25,euclidean,distance
4597,23251,23252,0,0,0.11289695311362094,25,euclidean,distance
4598,23254,23255,0,0,0.19543884962613045,25,euclidean,distance
4599,23259,23260,0,0,0.18407587511418325,25,euclidean,distance
4600,23270,23271,0,0,0.098428844505638824,25,euclidean,distance
4601,23272,23273,0,0,0.31120531777518268,25,euclidean,distance
4602,23273,23274,0,0,0.12235177957725882,25,euclidean,distance
4603,23276,23277,0,0,0.072384492161878186,25,euclidean,distance
4604,23278,23279,0,0,0.15725492134570646,25,euclidean,distance
4605,23284,23285,0,0,0.078683005749134047,25,euclidean,distance
4606,23286,23287,0,0,0.43167649123938884,25,euclidean,distance
4607,23289,23290,0,0,0.047152359641386893,25,euclidean,distance
4608,23300,23301,0,0,0.11935807073920227,25,euclidean,distance
4609,23301,23302,0,1,0.56287416792447376,25,euclidean,distance
4610,23303,23304,0,0,0.27831302055738466,25,euclidean,distance
4611,23304,23305,0,0,0.15797402531136806,25,euclidean,distance
4612,23307,23308,1,0,0.036527974881796904,25,euclidean,distance
4613,23308,23309,0,0,0.12162635462365445,25,euclidean,distance
4614,23318,23319,1,0,0.081059377065513916,25,euclidean,distance
4615,23322,23323,1,0,0.28041580329067456,25,euclidean,distance
4616,23324,23325,0,0,0.18815928004439977,25,euclidean,distance
4617,23327,23328,0,0,0.067207921609794025,25,euclidean,distance
4618,23329,23330,0,0,0.038383721195244164,25,euclidean,distance
4619,23333,23334,0,0,0,25,euclidean,distance
4620,23337,23338,0,0,0.041709502731598021,25,euclidean,distance
4621,23339,23340,1,1,0.60635466589300435,25,euclidean,distance
4622,23341,23342,1,0,0.17268959153805249,25,euclidean,distance
4623,23350,23351,1,0,0.038617401147337659,25,euclidean,distance
4624,23351,23352,0,0,0.15912312642071391,25,euclidean,distance
4625,23352,23353,1,0,0.2142904074811616,25,euclidean,distance
4626,23355,23356,1,1,0.53131537209057667,25,euclidean,distance
4627,23365,23366,0,0,0.12983316523537816,25,euclidean,distance
4628,23383,23384,0,0,0.2667546727540186,25,euclidean,distance
4629,23387,23388,1,0,0.037938955178925711,25,euclidean,distance
4630,23388,23389,0,0,0,25,euclidean,distance
4631,23395,23396,0,0,0.15587138466320247,25,euclidean,distance
4632,23399,23400,1,0,0.19615155242299098,25,euclidean,distance
4633,23402,23403,0,0,0.1257297624153085,25,euclidean,distance
4634,23411,23412,0,0,0.067206076986339069,25,euclidean,distance
4635,23412,23413,0,0,0,25,euclidean,distance
4636,23415,23416,1,1,0.79650495582983205,25,euclidean,distance
4637,23421,23422,0,0,0.040957448297561316,25,euclidean,distance
4638,23424,23425,0,0,0,25,euclidean,distance
4639,23431,23432,1,0,0.14715128431908586,25,euclidean,distance
4640,23433,23434,0,0,0.068646906949004008,25,euclidean,distance
4641,23434,23435,0,0,0,25,euclidean,distance
4642,23442,23443,0,0,0.12596449535757165,25,euclidean,distance
4643,23447,23448,0,0,0.20780656737663683,25,euclidean,distance
4644,23451,23452,0,0,0.47334035839128519,25,euclidean,distance
4645,23457,23458,0,0,0.073195428014057901,25,euclidean,distance
4646,23461,23462,0,0,0,25,euclidean,distance
4647,23463,23464,1,0,0.072585176458381376,25,euclidean,distance
4648,23465,23466,1,0,0.42369549911194043,25,euclidean,distance
4649,23467,23468,0,0,0.11032858714447283,25,euclidean,distance
4650,23468,23469,1,1,0.7259894838031975,25,euclidean,distance
4651,23471,23472,0,0,0.39952254585130381,25,euclidean,distance
4652,23476,23477,0,0,0,25,euclidean,distance
4653,23483,23484,0,0,0.20197519598122873,25,euclidean,distance
4654,23485,23486,0,0,0.11780737665169198,25,euclidean,distance
4655,23494,23495,0,0,0.11118243996538653,25,euclidean,distance
4656,23495,23496,1,0,0.2644367517889038,25,euclidean,distance
4657,23496,23497,0,0,0,25,euclidean,distance
4658,23499,23500,0,0,0.21291250056575953,25,euclidean,distance
4659,23501,23502,0,0,0.47688639536066607,25,euclidean,distance
4660,23504,23505,0,0,0.088539170764946551,25,euclidean,distance
4661,23505,23506,1,0,0.43126077284203596,25,euclidean,distance
4662,23509,23510,0,1,0.65008928809639388,25,euclidean,distance
4663,23513,23514,0,0,0,25,euclidean,distance
4664,23518,23519,0,0,0.14700497846985938,25,euclidean,distance
4665,23528,23529,0,0,0.15506501673070755,25,euclidean,distance
4666,23532,23533,1,1,0.5422427669731984,25,euclidean,distance
4667,23538,23539,0,0,0.088461999730030896,25,euclidean,distance
4668,23540,23541,0,0,0.40357980991563552,25,euclidean,distance
4669,23544,23545,0,0,0.085303148745853971,25,euclidean,distance
4670,23549,23550,0,0,0.19568296831133167,25,euclidean,distance
4671,23553,23554,0,0,0.16564197255800536,25,euclidean,distance
4672,23562,23563,1,0,0.13261565663831812,25,euclidean,distance
4673,23563,23564,0,0,0.10140257765675049,25,euclidean,distance
4674,23569,23570,0,0,0.4030371248515664,25,euclidean,distance
4675,23572,23573,0,0,0,25,euclidean,distance
4676,23575,23576,0,0,0.036171050460864683,25,euclidean,distance
4677,23583,23584,0,0,0.030955778208806212,25,euclidean,distance
4678,23597,23598,0,0,0.079440565499177274,25,euclidean,distance
4679,23599,23600,0,0,0,25,euclidean,distance
4680,23601,23602,0,0,0.14482022483841869,25,euclidean,distance
4681,23602,23603,1,0,0.2041257506677627,25,euclidean,distance
4682,23607,23608,1,1,0.68506613660692961,25,euclidean,distance
4683,23612,23613,0,0,0.11308341832383953,25,euclidean,distance
4684,23626,23627,0,0,0.07188279255960886,25,euclidean,distance
4685,23629,23630,0,0,0,25,euclidean,distance
4686,23635,23636,1,0,0.15756492139536074,25,euclidean,distance
4687,23642,23643,0,0,0.077040852857668568,25,euclidean,distance
4688,23643,23644,0,0,0.21923176866894348,25,euclidean,distance
4689,23653,23654,0,0,0.037572501376133098,25,euclidean,distance
4690,23656,23657,0,0,0.41068187362442593,25,euclidean,distance
4691,23658,23659,0,0,0.28367396016797808,25,euclidean,distance
4692,23663,23664,1,0,0.12072888365834809,25,euclidean,distance
4693,23667,23668,0,0,0.15601698770053476,25,euclidean,distance
4694,23683,23684,0,0,0.036940776987451233,25,euclidean,distance
4695,23686,23687,0,0,0.081280103261800088,25,euclidean,distance
4696,23690,23691,0,0,0.089513395188909772,25,euclidean,distance
4697,23692,23693,0,0,0.26766857751328199,25,euclidean,distance
4698,23694,23695,0,0,0.43991471224419304,25,euclidean,distance
4699,23695,23696,0,0,0.10692398882885494,25,euclidean,distance
4700,23704,23705,1,1,0.85498283265508535,25,euclidean,distance
4701,23707,23708,0,0,0.16006643793327197,25,euclidean,distance
4702,23714,23715,0,0,0.080924137824207112,25,euclidean,distance
4703,23727,23728,0,0,0.11410378428206443,25,euclidean,distance
4704,23735,23736,0,0,0.14377577107662004,25,euclidean,distance
4705,23736,23737,1,0,0.12656081646049411,25,euclidean,distance
4706,23748,23749,0,0,0.19059274015302982,25,euclidean,distance
4707,23750,23751,0,0,0.06750407255564779,25,euclidean,distance
4708,23753,23754,0,0,0.12750072201321389,25,euclidean,distance
4709,23756,23757,0,0,0.036510619688172007,25,euclidean,distance
4710,23759,23760,1,0,0.35605159321963098,25,euclidean,distance
4711,23762,23763,0,0,0.2321652966670246,25,euclidean,distance
4712,23767,23768,0,0,0.33784956845275921,25,euclidean,distance
4713,23771,23772,0,0,0.11500245305660799,25,euclidean,distance
4714,23773,23774,0,0,0.12321191998863075,25,euclidean,distance
4715,23776,23777,0,0,0.029288247804396896,25,euclidean,distance
4716,23779,23780,0,0,0.12339280606381132,25,euclidean,distance
4717,23782,23783,0,0,0.2205620399790926,25,euclidean,distance
4718,23784,23785,0,0,0.18800541322512959,25,euclidean,distance
4719,23789,23790,0,0,0.3336277149673858,25,euclidean,distance
4720,23808,23809,0,0,0.20796078140800267,25,euclidean,distance
4721,23817,23818,1,0,0.036624543803512634,25,euclidean,distance
4722,23822,23823,1,0,0.43466773401892217,25,euclidean,distance
4723,23824,23825,0,0,0.095934105516275958,25,euclidean,distance
4724,23827,23828,1,1,0.74292473607791354,25,euclidean,distance
4725,23829,23830,0,0,0.24468401901675879,25,euclidean,distance
4726,23846,23847,0,0,0.36220820119531405,25,euclidean,distance
4727,23851,23852,0,0,0.15983633623716056,25,euclidean,distance
4728,23858,23859,0,0,0.07981435113267113,25,euclidean,distance
4729,23866,23867,0,0,0.11887070497607063,25,euclidean,distance
4730,23871,23872,0,1,0.99999577342577473,25,euclidean,distance
4731,23879,23880,0,0,0.15985653049844559,25,euclidean,distance
4732,23886,23887,0,0,0,25,euclidean,distance
4733,23889,23890,0,0,0.13317175870331438,25,euclidean,distance
4734,23893,23894,0,0,0.34005327251053979,25,euclidean,distance
4735,23894,23895,0,0,0.15925952731826315,25,euclidean,distance
4736,23895,23896,1,1,0.60621399002146759,25,euclidean,distance
4737,23896,23897,0,0,0.15329904954010523,25,euclidean,distance
4738,23907,23908,1,0,0.053840809238332801,25,euclidean,distance
4739,23909,23910,0,0,0.42483752375307515,25,euclidean,distance
4740,23911,23912,0,0,0.073973233967414898,25,euclidean,distance
4741,23921,23922,0,0,0.069360088973422773,25,euclidean,distance
4742,23931,23932,0,0,0.43706973817781308,25,euclidean,distance
4743,23937,23938,0,0,0.19796227081121323,25,euclidean,distance
4744,23939,23940,1,0,0.27733979874092884,25,euclidean,distance
4745,23947,23948,0,0,0.04536868282248311,25,euclidean,distance
4746,23948,23949,0,0,0.053287088306741066,25,euclidean,distance
4747,23950,23951,0,0,0.43760529669155568,25,euclidean,distance
4748,23954,23955,0,0,0.28920066427955088,25,euclidean,distance
4749,23967,23968,0,0,0,25,euclidean,distance
4750,23973,23974,0,0,0.030099248376373001,25,euclidean,distance
4751,23985,23986,1,0,0.26557492457428089,25,euclidean,distance
4752,23988,23989,0,0,0.10361626092981224,25,euclidean,distance
4753,23993,23994,0,0,0.12910327243240663,25,euclidean,distance
4754,23995,23996,0,0,0.40988488819288177,25,euclidean,distance
4755,24002,24003,0,0,0.037562461525397939,25,euclidean,distance
4756,24010,24011,0,0,0.10546336653215346,25,euclidean,distance
4757,24012,24013,1,1,0.68825245788794698,25,euclidean,distance
4758,24016,24017,0,0,0.15144460705925161,25,euclidean,distance
4759,24017,24018,0,0,0.22593147852899859,25,euclidean,distance
4760,24026,24027,0,0,0.16329093740304723,25,euclidean,distance
4761,24032,24033,1,0,0.41090269662196588,25,euclidean,distance
4762,24040,24041,0,0,0.036851720586525596,25,euclidean,distance
4763,24046,24047,0,0,0.15924798190566952,25,euclidean,distance
4764,24061,24062,0,0,0.10295183686955482,25,euclidean,distance
4765,24062,24063,0,0,0.19132927786496021,25,euclidean,distance
4766,24065,24066,0,0,0.19723971844212673,25,euclidean,distance
4767,24073,24074,0,0,0.14698353642358716,25,euclidean,distance
4768,24075,24076,0,1,0.67811533336520669,25,euclidean,distance
4769,24077,24078,0,0,0.035704975457372043,25,euclidean,distance
4770,24090,24091,0,0,0.2005915498408665,25,euclidean,distance
4771,24092,24093,0,1,0.66949188465372345,25,euclidean,distance
4772,24095,24096,0,0,0.12808168489789717,25,euclidean,distance
4773,24096,24097,0,0,0.27451996975416548,25,euclidean,distance
4774,24098,24099,0,0,0.12040934971938594,25,euclidean,distance
4775,24118,24119,0,0,0.086262967328426657,25,euclidean,distance
4776,24121,24122,0,0,0.16451833600240617,25,euclidean,distance
4777,24126,24127,1,0,0.49104403462525864,25,euclidean,distance
4778,24128,24129,0,0,0.10685609692920428,25,euclidean,distance
4779,24133,24134,0,0,0.17803595350272367,25,euclidean,distance
4780,24136,24137,0,0,0.15310218057813257,25,euclidean,distance
4781,24139,24140,1,0,0.13414934330729686,25,euclidean,distance
4782,24144,24145,0,0,0.10697809381569419,25,euclidean,distance
4783,24145,24146,0,0,0.17419925287026883,25,euclidean,distance
4784,24147,24148,1,0,0.31324750610956159,25,euclidean,distance
4785,24148,24149,0,0,0.11188336540042434,25,euclidean,distance
4786,24154,24155,1,1,0.59980034017419426,25,euclidean,distance
4787,24162,24163,0,0,0.032332205005491228,25,euclidean,distance
4788,24169,24170,0,0,0.094542741679886716,25,euclidean,distance
4789,24176,24177,0,0,0.17284112119984413,25,euclidean,distance
4790,24177,24178,0,0,0.076591045933703347,25,euclidean,distance
4791,24187,24188,0,0,0.099001650580775383,25,euclidean,distance
4792,24192,24193,1,1,0.56220533729774957,25,euclidean,distance
4793,24196,24197,0,0,0.071106720154436046,25,euclidean,distance
4794,24197,24198,1,1,0.85570856274781615,25,euclidean,distance
4795,24198,24199,0,0,0.21554001641142756,25,euclidean,distance
4796,24207,24208,0,0,0.051618192496257709,25,euclidean,distance
4797,24210,24211,0,0,0.072766906630166009,25,euclidean,distance
4798,24219,24220,0,0,0.2813649146907109,25,euclidean,distance
4799,24223,24224,0,0,0.043682020902936332,25,euclidean,distance
4800,24235,24236,0,0,0.27904216049727171,25,euclidean,distance
4801,24265,24266,0,0,0,25,euclidean,distance
4802,24266,24267,0,0,0.15028916876991422,25,euclidean,distance
4803,24274,24275,0,0,0.0385242711539154,25,euclidean,distance
4804,24276,24277,0,0,0.19078411865805506,25,euclidean,distance
4805,24288,24289,0,0,0.080085193702157415,25,euclidean,distance
4806,24303,24304,1,1,0.60311776782608273,25,euclidean,distance
4807,24305,24306,0,0,0.10180688029671955,25,euclidean,distance
4808,24308,24309,0,0,0.21798797600981185,25,euclidean,distance
4809,24309,24310,0,0,0.17876647985262423,25,euclidean,distance
4810,24318,24319,0,0,0.19139025136508217,25,euclidean,distance
4811,24320,24321,0,0,0.11472664658326429,25,euclidean,distance
4812,24328,24329,0,0,0.22130296046865716,25,euclidean,distance
4813,24332,24333,1,0,0.44632334943066226,25,euclidean,distance
4814,24341,24342,1,1,0.6433262876789948,25,euclidean,distance
4815,24348,24349,0,0,0.15505691301283417,25,euclidean,distance
4816,24355,24356,0,0,0.1881838790950951,25,euclidean,distance
4817,24359,24360,1,1,0.60359725413230236,25,euclidean,distance
4818,24362,24363,0,0,0.2791749282270784,25,euclidean,distance
4819,24365,24366,0,0,0.17218997521276322,25,euclidean,distance
4820,24368,24369,0,0,0.2006135989219644,25,euclidean,distance
4821,24375,24376,0,0,0.03623445357518789,25,euclidean,distance
4822,24379,24380,0,0,0.2046116288863504,25,euclidean,distance
4823,24384,24385,0,0,0.082487426694734897,25,euclidean,distance
4824,24387,24388,0,0,0.14984716393178163,25,euclidean,distance
4825,24389,24390,0,0,0.12818308513493801,25,euclidean,distance
4826,24391,24392,0,0,0.20071563499790132,25,euclidean,distance
4827,24392,24393,1,0,0.19297881474012341,25,euclidean,distance
4828,24397,24398,1,1,0.73969890685193396,25,euclidean,distance
4829,24399,24400,0,0,0.037924919194119874,25,euclidean,distance
4830,24400,24401,1,1,0.83943733146049337,25,euclidean,distance
4831,24401,24402,0,0,0.23296455596093626,25,euclidean,distance
4832,24402,24403,0,0,0.03899223808526691,25,euclidean,distance
4833,24407,24408,1,0,0.13432322284738626,25,euclidean,distance
4834,24412,24413,1,0,0.37901018321805435,25,euclidean,distance
4835,24414,24415,0,0,0.036843841391053483,25,euclidean,distance
4836,24418,24419,0,0,0.27577843053597495,25,euclidean,distance
4837,24420,24421,0,0,0.12350549404684445,25,euclidean,distance
4838,24421,24422,0,0,0.071550846965240944,25,euclidean,distance
4839,24426,24427,0,0,0.11008429546673566,25,euclidean,distance
4840,24429,24430,1,0,0.12712992642845639,25,euclidean,distance
4841,24433,24434,0,0,0.19773778906142586,25,euclidean,distance
4842,24436,24437,0,0,0.28426076095377062,25,euclidean,distance
4843,24437,24438,0,0,0.029069921095468815,25,euclidean,distance
4844,24448,24449,1,0,0.38108728548149673,25,euclidean,distance
4845,24449,24450,0,0,0.46555757451039098,25,euclidean,distance
4846,24453,24454,0,0,0.15105664911723637,25,euclidean,distance
4847,24454,24455,0,0,0.18270452735968948,25,euclidean,distance
4848,24459,24460,0,0,0.43986806040047333,25,euclidean,distance
4849,24477,24478,0,0,0,25,euclidean,distance
4850,24488,24489,0,0,0.058030550149083204,25,euclidean,distance
4851,24491,24492,0,0,0,25,euclidean,distance
4852,24492,24493,0,0,0.080554154308891318,25,euclidean,distance
4853,24503,24504,0,0,0.40768424447025853,25,euclidean,distance
4854,24508,24509,0,0,0.25652788498037871,25,euclidean,distance
4855,24520,24521,0,0,0.12365010711123166,25,euclidean,distance
4856,24525,24526,1,0,0.09996120805595321,25,euclidean,distance
4857,24531,24532,1,0,0.21386271632521456,25,euclidean,distance
4858,24537,24538,0,0,0.23101640266220719,25,euclidean,distance
4859,24540,24541,0,0,0.070799574515774968,25,euclidean,distance
4860,24546,24547,0,0,0.19217343630923261,25,euclidean,distance
4861,24548,24549,0,0,0.24524124583976012,25,euclidean,distance
4862,24551,24552,1,0,0.15655921298154604,25,euclidean,distance
4863,24555,24556,0,0,0.2420941148404194,25,euclidean,distance
4864,24574,24575,0,0,0.14172765683457114,25,euclidean,distance
4865,24575,24576,0,0,0.19186609605619545,25,euclidean,distance
4866,24581,24582,0,0,0.20695764586720886,25,euclidean,distance
4867,24586,24587,0,0,0.18636620249064564,25,euclidean,distance
4868,24587,24588,0,0,0,25,euclidean,distance
4869,24594,24595,1,1,0.5806530138824737,25,euclidean,distance
4870,24597,24598,0,0,0.10607665075276398,25,euclidean,distance
4871,24601,24602,1,0,0.33079011427409316,25,euclidean,distance
4872,24605,24606,0,0,0.036750092709203867,25,euclidean,distance
4873,24611,24612,0,0,0.12704041057613574,25,euclidean,distance
4874,24613,24614,0,0,0.047176673028861763,25,euclidean,distance
4875,24615,24616,0,0,0.13007630811686388,25,euclidean,distance
4876,24617,24618,1,1,0.57544103005625924,25,euclidean,distance
4877,24618,24619,0,0,0.23903337418717399,25,euclidean,distance
4878,24620,24621,0,0,0.24739042168898726,25,euclidean,distance
4879,24622,24623,0,0,0.061678380746003507,25,euclidean,distance
4880,24623,24624,0,0,0.10968364850423069,25,euclidean,distance
4881,24625,24626,0,0,0.069175299893175529,25,euclidean,distance
4882,24630,24631,0,0,0.15483275134759519,25,euclidean,distance
4883,24631,24632,0,0,0.2196641230195587,25,euclidean,distance
4884,24632,24633,0,0,0.14535788036354388,25,euclidean,distance
4885,24641,24642,0,0,0.038377410238273457,25,euclidean,distance
4886,24643,24644,1,0,0.078751639474161153,25,euclidean,distance
4887,24652,24653,0,0,0.060425107689819763,25,euclidean,distance
4888,24655,24656,1,0,0.13510225945587279,25,euclidean,distance
4889,24657,24658,0,0,0.24765650607326511,25,euclidean,distance
4890,24659,24660,0,0,0.19347147194935899,25,euclidean,distance
4891,24660,24661,0,0,0.29717180188208214,25,euclidean,distance
4892,24666,24667,0,1,0.68858543093295899,25,euclidean,distance
4893,24667,24668,0,0,0.1435350208009466,25,euclidean,distance
4894,24674,24675,1,1,0.60015215751513173,25,euclidean,distance
4895,24678,24679,0,0,0.079353460214983032,25,euclidean,distance
4896,24681,24682,0,0,0,25,euclidean,distance
4897,24682,24683,0,0,0,25,euclidean,distance
4898,24684,24685,1,1,0.69961743080084471,25,euclidean,distance
4899,24686,24687,0,0,0.13650881308991872,25,euclidean,distance
4900,24688,24689,0,0,0.19632412108426744,25,euclidean,distance
4901,24692,24693,0,0,0.35733413755692217,25,euclidean,distance
4902,24694,24695,0,0,0.23492332710012856,25,euclidean,distance
4903,24700,24701,0,0,0.075161884944680984,25,euclidean,distance
4904,24707,24708,0,0,0.10612021911430219,25,euclidean,distance
4905,24708,24709,0,1,0.72604117838137927,25,euclidean,distance
4906,24711,24712,0,1,0.52179809254051146,25,euclidean,distance
4907,24717,24718,0,0,0.12430194719250667,25,euclidean,distance
4908,24721,24722,0,0,0.038865423539384908,25,euclidean,distance
4909,24725,24726,0,0,0.11742212643904874,25,euclidean,distance
4910,24728,24729,0,0,0.039298053333841315,25,euclidean,distance
4911,24731,24732,0,0,0.086929936021770821,25,euclidean,distance
4912,24733,24734,0,0,0.099045328571993441,25,euclidean,distance
4913,24742,24743,0,0,0.11840151352826875,25,euclidean,distance
4914,24744,24745,0,0,0.068473157311484484,25,euclidean,distance
4915,24749,24750,0,0,0.3279770516280161,25,euclidean,distance
4916,24751,24752,0,0,0.15783206935538865,25,euclidean,distance
4917,24755,24756,0,0,0.28386535998130136,25,euclidean,distance
4918,24759,24760,1,1,0.58205924512040175,25,euclidean,distance
4919,24766,24767,0,0,0.078734965726007064,25,euclidean,distance
4920,24767,24768,1,1,0.54261352579292121,25,euclidean,distance
4921,24771,24772,0,0,0.23852566968300307,25,euclidean,distance
4922,24773,24774,0,0,0.14774341282932077,25,euclidean,distance
4923,24788,24789,0,0,0.17339050042470242,25,euclidean,distance
4924,24795,24796,0,0,0.15701291338880455,25,euclidean,distance
4925,24796,24797,0,0,0.37583874619619162,25,euclidean,distance
4926,24802,24803,0,0,0.073255208024647966,25,euclidean,distance
4927,24823,24824,0,0,0.15543983577064105,25,euclidean,distance
4928,24825,24826,0,0,0.038774548881723735,25,euclidean,distance
4929,24841,24842,0,0,0.079298407288417888,25,euclidean,distance
4930,24848,24849,0,0,0.035115890195161328,25,euclidean,distance
4931,24853,24854,0,0,0,25,euclidean,distance
4932,24856,24857,1,0,0,25,euclidean,distance
4933,24860,24861,0,0,0.26096041984478335,25,euclidean,distance
4934,24866,24867,0,0,0.34263995749743448,25,euclidean,distance
4935,24885,24886,0,0,0.14818108650276704,25,euclidean,distance
4936,24889,24890,0,0,0.38335043572588628,25,euclidean,distance
4937,24890,24891,0,0,0.47761509104667327,25,euclidean,distance
4938,24893,24894,0,0,0.10787534191457669,25,euclidean,distance
4939,24898,24899,0,0,0.11753298970755323,25,euclidean,distance
4940,24907,24908,1,0,0,25,euclidean,distance
4941,24909,24910,0,0,0.033688291559194478,25,euclidean,distance
4942,24913,24914,1,0,0.47531719877648926,25,euclidean,distance
4943,24919,24920,0,0,0.41590265925327202,25,euclidean,distance
4944,24922,24923,0,0,0.1133074503609329,25,euclidean,distance
4945,24923,24924,0,0,0,25,euclidean,distance
4946,24925,24926,0,0,0.19925950812131205,25,euclidean,distance
4947,24927,24928,0,0,0.30002768090829052,25,euclidean,distance
4948,24936,24937,0,0,0.11887159966532675,25,euclidean,distance
4949,24937,24938,1,0,0.28480319663355486,25,euclidean,distance
4950,24940,24941,0,0,0.22724818136771435,25,euclidean,distance
4951,24961,24962,0,0,0.1211195990631594,25,euclidean,distance
4952,24963,24964,0,0,0.081874990393105501,25,euclidean,distance
4953,24975,24976,0,0,0.19125803254435694,25,euclidean,distance
4954,24987,24988,0,0,0.12348289105330455,25,euclidean,distance
4955,24988,24989,1,1,0.56130061571890988,25,euclidean,distance
4956,24997,24998,0,0,0.11235336318471635,25,euclidean,distance
4957,25005,25006,0,0,0.27483386560137274,25,euclidean,distance
4958,25025,25026,0,0,0,25,euclidean,distance
4959,25031,25032,0,0,0.15925235116026473,25,euclidean,distance
4960,25038,25039,0,0,0.050586560715518918,25,euclidean,distance
4961,25045,25046,0,0,0.090193427609865942,25,euclidean,distance
4962,25046,25047,0,0,0.12022967926331819,25,euclidean,distance
4963,25051,25052,0,0,0.080766589574489428,25,euclidean,distance
4964,25054,25055,1,0,0.19000863401433751,25,euclidean,distance
4965,25059,25060,1,0,0.34067849859222182,25,euclidean,distance
4966,25060,25061,0,0,0.087234540706790403,25,euclidean,distance
4967,25071,25072,0,1,0.6963944877807271,25,euclidean,distance
4968,25075,25076,0,0,0,25,euclidean,distance
4969,25079,25080,0,0,0.32855422073396379,25,euclidean,distance
4970,25082,25083,0,0,0.043689781446838487,25,euclidean,distance
4971,25088,25089,0,0,0.036326749086682736,25,euclidean,distance
4972,25093,25094,0,0,0.15596535550869503,25,euclidean,distance
4973,25094,25095,0,0,0.25354546075470308,25,euclidean,distance
4974,25097,25098,1,0,0.1857681336038545,25,euclidean,distance
4975,25105,25106,0,0,0.11487707941540909,25,euclidean,distance
4976,25106,25107,0,0,0.18258086424348524,25,euclidean,distance
4977,25107,25108,0,0,0.1174803334439045,25,euclidean,distance
4978,25113,25114,0,0,0.095728389312253026,25,euclidean,distance
4979,25116,25117,1,0,0.1666081645807731,25,euclidean,distance
4980,25124,25125,0,0,0.1033829254831419,25,euclidean,distance
4981,25128,25129,0,0,0.074576198296270879,25,euclidean,distance
4982,25130,25131,0,0,0.14806153149582507,25,euclidean,distance
4983,25137,25138,0,0,0.40320611503810494,25,euclidean,distance
4984,25140,25141,0,0,0.059551304092739364,25,euclidean,distance
4985,25142,25143,0,0,0.086360240957027809,25,euclidean,distance
4986,25151,25152,0,0,0,25,euclidean,distance
4987,25152,25153,0,0,0.13618435024852596,25,euclidean,distance
4988,25153,25154,1,1,0.59709692267629622,25,euclidean,distance
4989,25154,25155,1,1,0.55942477937806878,25,euclidean,distance
4990,25155,25156,0,1,0.60538351562243109,25,euclidean,distance
4991,25163,25164,0,0,0.19134207896298633,25,euclidean,distance
4992,25171,25172,0,0,0.03256429018298998,25,euclidean,distance
4993,25175,25176,0,1,0.6453861737295068,25,euclidean,distance
4994,25176,25177,0,1,0.56492803616270693,25,euclidean,distance
4995,25177,25178,0,1,0.52840353631361092,25,euclidean,distance
4996,25179,25180,0,0,0.038331480396842123,25,euclidean,distance
4997,25181,25182,0,0,0.15544951510781027,25,euclidean,distance
4998,25182,25183,1,1,0.63901763827392988,25,euclidean,distance
4999,25193,25194,1,1,0.67731024943553919,25,euclidean,distance
5000,25196,25197,1,1,0.71716323980393015,25,euclidean,distance
5001,25199,25200,0,0,0.36527162954620562,25,euclidean,distance
5002,25206,25207,0,0,0.074316668100358627,25,euclidean,distance
5003,25208,25209,0,0,0.19769545015310663,25,euclidean,distance
5004,25220,25221,0,1,0.62430848409829176,25,euclidean,distance
5005,25222,25223,0,0,0.13265468268617764,25,euclidean,distance
5006,25226,25227,0,1,0.53962885748647416,25,euclidean,distance
5007,25230,25231,0,0,0.042940043114845936,25,euclidean,distance
5008,25236,25237,0,0,0.12168678758165867,25,euclidean,distance
5009,25240,25241,0,0,0.036571637349891162,25,euclidean,distance
5010,25244,25245,0,0,0.076664843425073487,25,euclidean,distance
5011,25251,25252,0,0,0,25,euclidean,distance
5012,25256,25257,0,0,0.32873451717969948,25,euclidean,distance
5013,25260,25261,0,1,0.52939033166044369,25,euclidean,distance
5014,25263,25264,0,0,0.21111072928574062,25,euclidean,distance
5015,25264,25265,0,0,0.094042076782365133,25,euclidean,distance
5016,25268,25269,0,0,0.18912840438787362,25,euclidean,distance
5017,25278,25279,1,0,0.10233170012008222,25,euclidean,distance
5018,25282,25283,0,0,0.085705661469793887,25,euclidean,distance
5019,25296,25297,0,0,0.21358034905412196,25,euclidean,distance
5020,25298,25299,1,1,0.76754035223116479,25,euclidean,distance
5021,25299,25300,0,0,0.18259399854119995,25,euclidean,distance
5022,25302,25303,0,0,0.22270151661540089,25,euclidean,distance
5023,25323,25324,0,0,0.090785563370205921,25,euclidean,distance
5024,25335,25336,0,0,0.075552939233556216,25,euclidean,distance
5025,25344,25345,0,0,0.13981252529475696,25,euclidean,distance
5026,25360,25361,0,0,0.12211540006053506,25,euclidean,distance
5027,25363,25364,0,1,0.62134401440054365,25,euclidean,distance
5028,25367,25368,0,0,0.11836620255458685,25,euclidean,distance
5029,25371,25372,0,0,0.034480631270615431,25,euclidean,distance
5030,25385,25386,0,0,0.13810820080636929,25,euclidean,distance
5031,25395,25396,0,0,0.077279102243949155,25,euclidean,distance
5032,25413,25414,1,0,0.16000487357884516,25,euclidean,distance
5033,25420,25421,1,1,0.50315121137757257,25,euclidean,distance
5034,25423,25424,0,0,0.043607540038799526,25,euclidean,distance
5035,25424,25425,0,0,0.06428341955298382,25,euclidean,distance
5036,25425,25426,0,0,0.12611958952940738,25,euclidean,distance
5037,25431,25432,0,0,0.12304902809524844,25,euclidean,distance
5038,25436,25437,0,0,0.11184136148703405,25,euclidean,distance
5039,25447,25448,0,0,0.14184724115291039,25,euclidean,distance
5040,25450,25451,0,0,0.054115142148613828,25,euclidean,distance
5041,25476,25477,0,0,0.14688247229431772,25,euclidean,distance
5042,25481,25482,0,0,0.12346367147906946,25,euclidean,distance
5043,25490,25491,0,0,0.4725423543078448,25,euclidean,distance
5044,25491,25492,0,0,0.10654441534031642,25,euclidean,distance
5045,25496,25497,0,0,0,25,euclidean,distance
5046,25507,25508,0,0,0.078727357994571853,25,euclidean,distance
5047,25510,25511,1,1,0.66180473128276907,25,euclidean,distance
5048,25513,25514,0,0,0.034992968686633319,25,euclidean,distance
5049,25519,25520,0,0,0.079230760441827308,25,euclidean,distance
5050,25524,25525,0,0,0.29457358099238656,25,euclidean,distance
5051,25528,25529,0,0,0.27343671947657588,25,euclidean,distance
5052,25531,25532,0,0,0.067999028157317065,25,euclidean,distance
5053,25536,25537,0,0,0.42465607501064478,25,euclidean,distance
5054,25544,25545,0,0,0,25,euclidean,distance
5055,25559,25560,0,0,0.072685148076658906,25,euclidean,distance
5056,25560,25561,0,0,0.072996780761926783,25,euclidean,distance
5057,25563,25564,0,0,0.073822343706742469,25,euclidean,distance
5058,25567,25568,0,0,0.075418113795109723,25,euclidean,distance
5059,25569,25570,1,1,0.73219242989707833,25,euclidean,distance
5060,25571,25572,0,0,0.043145666645402724,25,euclidean,distance
5061,25588,25589,0,0,0.10156199354306594,25,euclidean,distance
5062,25592,25593,0,0,0.15104124300685762,25,euclidean,distance
5063,25593,25594,0,0,0.10890464905549239,25,euclidean,distance
5064,25598,25599,0,0,0.072756428657918912,25,euclidean,distance
5065,25599,25600,0,0,0.31988415367293926,25,euclidean,distance
5066,25601,25602,0,0,0.11892686819550016,25,euclidean,distance
5067,25603,25604,0,0,0.11306639811216436,25,euclidean,distance
5068,25609,25610,0,0,0.12497762946146687,25,euclidean,distance
5069,25614,25615,0,0,0.13064782771626168,25,euclidean,distance
5070,25615,25616,0,0,0,25,euclidean,distance
5071,25619,25620,1,0,0.37668059306056456,25,euclidean,distance
5072,25620,25621,0,0,0.070411115281250589,25,euclidean,distance
5073,25621,25622,0,0,0,25,euclidean,distance
5074,25622,25623,0,0,0.30547854017468579,25,euclidean,distance
5075,25625,25626,0,0,0.078695128005813367,25,euclidean,distance
5076,25630,25631,0,0,0.078165280779194782,25,euclidean,distance
5077,25637,25638,0,0,0.079824095190178676,25,euclidean,distance
5078,25642,25643,0,0,0.23929008341844762,25,euclidean,distance
5079,25645,25646,1,1,0.85975973332687805,25,euclidean,distance
5080,25651,25652,0,0,0.082434923309618588,25,euclidean,distance
5081,25663,25664,0,0,0.15454581472448631,25,euclidean,distance
5082,25665,25666,0,0,0.11739923239083809,25,euclidean,distance
5083,25671,25672,0,0,0.036219369646790123,25,euclidean,distance
5084,25673,25674,0,0,0.037824080716752168,25,euclidean,distance
5085,25676,25677,0,0,0.26416516549865615,25,euclidean,distance
5086,25684,25685,0,0,0.043882717460534605,25,euclidean,distance
5087,25687,25688,0,0,0.066354228400607049,25,euclidean,distance
5088,25692,25693,0,0,0,25,euclidean,distance
5089,25697,25698,0,0,0.29282880376379727,25,euclidean,distance
5090,25698,25699,0,0,0.1027523825308264,25,euclidean,distance
5091,25704,25705,1,0,0.43396331612102645,25,euclidean,distance
5092,25705,25706,0,0,0,25,euclidean,distance
5093,25711,25712,0,0,0.15088969340692249,25,euclidean,distance
5094,25713,25714,1,0,0.088486227816470558,25,euclidean,distance
5095,25720,25721,1,0,0.0687432863384346,25,euclidean,distance
5096,25729,25730,0,0,0.043425383502694925,25,euclidean,distance
5097,25730,25731,0,0,0.24278358275562814,25,euclidean,distance
5098,25734,25735,0,0,0.2174194199092947,25,euclidean,distance
5099,25737,25738,0,0,0.22792107403393463,25,euclidean,distance
5100,25740,25741,0,0,0.036422719373991878,25,euclidean,distance
5101,25742,25743,1,0,0.073642820166797449,25,euclidean,distance
5102,25744,25745,0,0,0.18871130556105592,25,euclidean,distance
5103,25745,25746,0,0,0.075863770565785416,25,euclidean,distance
5104,25750,25751,1,0,0.30605750159512485,25,euclidean,distance
5105,25753,25754,0,0,0.31576565446144789,25,euclidean,distance
5106,25778,25779,0,0,0.14886226189950036,25,euclidean,distance
5107,25783,25784,0,0,0.15583676284605799,25,euclidean,distance
5108,25785,25786,0,0,0.068692022814571804,25,euclidean,distance
5109,25788,25789,0,0,0.039791632267349338,25,euclidean,distance
5110,25789,25790,0,0,0.11560227795528662,25,euclidean,distance
5111,25793,25794,0,0,0.041066309818247021,25,euclidean,distance
5112,25794,25795,0,0,0.037833041187577111,25,euclidean,distance
5113,25805,25806,0,0,0.1731979373036181,25,euclidean,distance
5114,25806,25807,0,0,0,25,euclidean,distance
5115,25811,25812,0,0,0,25,euclidean,distance
5116,25812,25813,0,0,0.2431475483585851,25,euclidean,distance
5117,25816,25817,0,0,0.18597128259056903,25,euclidean,distance
5118,25819,25820,0,0,0.13874930426339901,25,euclidean,distance
5119,25826,25827,0,0,0,25,euclidean,distance
5120,25832,25833,0,0,0.18116969921471779,25,euclidean,distance
5121,25836,25837,0,0,0.10323476227065187,25,euclidean,distance
5122,25843,25844,0,0,0.077910343516961897,25,euclidean,distance
5123,25846,25847,0,0,0.21247477293459821,25,euclidean,distance
5124,25850,25851,1,0,0.16553627008351585,25,euclidean,distance
5125,25851,25852,1,1,0.71013649812430735,25,euclidean,distance
5126,25854,25855,0,0,0.10767315431546363,25,euclidean,distance
5127,25860,25861,0,0,0.076227190358508445,25,euclidean,distance
5128,25863,25864,0,0,0,25,euclidean,distance
5129,25865,25866,0,0,0,25,euclidean,distance
5130,25866,25867,0,0,0.32782881312219536,25,euclidean,distance
5131,25871,25872,0,0,0.23745933422436152,25,euclidean,distance
5132,25872,25873,0,0,0.17202923267231204,25,euclidean,distance
5133,25879,25880,0,0,0.12832878950399318,25,euclidean,distance
5134,25882,25883,0,0,0.20127114701310111,25,euclidean,distance
5135,25886,25887,1,0,0.49091373191810028,25,euclidean,distance
5136,25898,25899,0,0,0.034664299774429919,25,euclidean,distance
5137,25900,25901,0,0,0.034180557763190129,25,euclidean,distance
5138,25901,25902,0,0,0.13279793805279766,25,euclidean,distance
5139,25905,25906,0,0,0.028774662382806696,25,euclidean,distance
5140,25908,25909,0,0,0.17741340774943032,25,euclidean,distance
5141,25912,25913,0,1,0.52329737214851946,25,euclidean,distance
5142,25914,25915,0,0,0.16777374913149629,25,euclidean,distance
5143,25917,25918,0,0,0.043152620952759513,25,euclidean,distance
5144,25928,25929,1,0,0.28905609619327582,25,euclidean,distance
5145,25930,25931,0,0,0.11189397410835179,25,euclidean,distance
5146,25939,25940,0,0,0.11617993808659442,25,euclidean,distance
5147,25940,25941,0,0,0,25,euclidean,distance
5148,25942,25943,0,0,0.33610127113090965,25,euclidean,distance
5149,25973,25974,0,0,0.10173530460331383,25,euclidean,distance
5150,25974,25975,0,1,0.51644080869324649,25,euclidean,distance
5151,25979,25980,0,0,0.077866189824225301,25,euclidean,distance
5152,25982,25983,0,1,0.63166194409931109,25,euclidean,distance
5153,25988,25989,0,0,0.079467769275706132,25,euclidean,distance
5154,25989,25990,0,0,0,25,euclidean,distance
5155,25992,25993,0,0,0.12035837928524097,25,euclidean,distance
5156,25993,25994,0,0,0.078391610083739849,25,euclidean,distance
5157,25994,25995,0,0,0.27582221763196224,25,euclidean,distance
5158,25995,25996,1,0,0.49168735628632815,25,euclidean,distance
5159,26000,26001,0,0,0.17909476751911668,25,euclidean,distance
5160,26008,26009,0,0,0.074770724185261137,25,euclidean,distance
5161,26010,26011,0,0,0.036306339986258242,25,euclidean,distance
5162,26022,26023,0,1,0.56781660043297566,25,euclidean,distance
5163,26028,26029,0,0,0.055085951245508462,25,euclidean,distance
5164,26031,26032,0,0,0,25,euclidean,distance
5165,26033,26034,0,0,0.033826821500253179,25,euclidean,distance
5166,26043,26044,1,1,0.60621800917505841,25,euclidean,distance
5167,26056,26057,0,0,0.12088532740832332,25,euclidean,distance
5168,26057,26058,1,1,0.67527851267859151,25,euclidean,distance
5169,26059,26060,0,0,0.042799187656859652,25,euclidean,distance
5170,26073,26074,0,0,0.26794196593422609,25,euclidean,distance
5171,26082,26083,0,1,0.61767957002720197,25,euclidean,distance
5172,26083,26084,1,0,0.19658139072152428,25,euclidean,distance
5173,26089,26090,0,0,0.12918685749061554,25,euclidean,distance
5174,26090,26091,0,0,0.097625581938875258,25,euclidean,distance
5175,26095,26096,0,0,0.19576561261696748,25,euclidean,distance
5176,26105,26106,0,0,0.20813877106616221,25,euclidean,distance
5177,26116,26117,0,0,0.12171178451938743,25,euclidean,distance
5178,26118,26119,0,0,0.13376484316133924,25,euclidean,distance
5179,26120,26121,0,0,0.18759196920736665,25,euclidean,distance
5180,26141,26142,0,0,0.07920856646834902,25,euclidean,distance
5181,26145,26146,0,0,0.11889255946856599,25,euclidean,distance
5182,26151,26152,0,0,0.081871035777877091,25,euclidean,distance
5183,26156,26157,0,0,0,25,euclidean,distance
5184,26162,26163,0,0,0,25,euclidean,distance
5185,26171,26172,0,0,0.031470260870606767,25,euclidean,distance
5186,26179,26180,0,0,0.086763647343691519,25,euclidean,distance
5187,26200,26201,0,0,0.1121660006304739,25,euclidean,distance
5188,26203,26204,0,0,0.11791265427039221,25,euclidean,distance
5189,26205,26206,0,0,0.2103120185724896,25,euclidean,distance
5190,26215,26216,0,0,0.40108005090193244,25,euclidean,distance
5191,26219,26220,0,0,0.074520341938712986,25,euclidean,distance
5192,26220,26221,0,0,0.12631786459079511,25,euclidean,distance
5193,26221,26222,0,0,0.076156019180671539,25,euclidean,distance
5194,26224,26225,0,0,0.052656127375647822,25,euclidean,distance
5195,26246,26247,1,0,0.49725986812744066,25,euclidean,distance
5196,26248,26249,0,0,0.14517965598523699,25,euclidean,distance
5197,26250,26251,0,0,0,25,euclidean,distance
5198,26253,26254,0,0,0.23564222106203236,25,euclidean,distance
5199,26259,26260,0,1,0.62268351233648278,25,euclidean,distance
5200,26269,26270,0,0,0.1095118333147448,25,euclidean,distance
5201,26270,26271,1,0,0.20400625650637697,25,euclidean,distance
5202,26281,26282,0,0,0.032099291526101775,25,euclidean,distance
5203,26296,26297,0,0,0.074973993883543963,25,euclidean,distance
5204,26304,26305,0,0,0.038989428323738466,25,euclidean,distance
5205,26318,26319,1,0,0.18747089300378564,25,euclidean,distance
5206,26319,26320,0,0,0.035052507057651547,25,euclidean,distance
5207,26324,26325,1,0,0.12043512119469885,25,euclidean,distance
5208,26329,26330,0,0,0.038236337728926671,25,euclidean,distance
5209,26331,26332,0,0,0.076503911089846485,25,euclidean,distance
5210,26344,26345,0,0,0.23908566876235229,25,euclidean,distance
5211,26353,26354,0,0,0.083651876870171088,25,euclidean,distance
5212,26354,26355,0,0,0.16648586007340788,25,euclidean,distance
5213,26357,26358,0,0,0.1915833299173838,25,euclidean,distance
5214,26361,26362,0,0,0.20431872912385871,25,euclidean,distance
5215,26367,26368,1,0,0.3554342515749257,25,euclidean,distance
5216,26377,26378,0,0,0.072330955373404615,25,euclidean,distance
5217,26379,26380,0,0,0.42993678806536573,25,euclidean,distance
5218,26383,26384,0,0,0.14828257498879374,25,euclidean,distance
5219,26386,26387,0,0,0.19451037304161978,25,euclidean,distance
5220,26392,26393,0,0,0.075923401207020097,25,euclidean,distance
5221,26394,26395,0,0,0.43702614605117712,25,euclidean,distance
5222,26395,26396,0,0,0.11681787719782563,25,euclidean,distance
5223,26396,26397,0,0,0,25,euclidean,distance
5224,26400,26401,0,0,0.038042735300436101,25,euclidean,distance
5225,26403,26404,0,0,0.15682568967048516,25,euclidean,distance
5226,26406,26407,0,0,0.075231753323856926,25,euclidean,distance
5227,26407,26408,0,0,0.15310662771657918,25,euclidean,distance
5228,26408,26409,1,0,0.13081933074121321,25,euclidean,distance
5229,26416,26417,0,0,0.08003900140107921,25,euclidean,distance
5230,26418,26419,0,0,0.037937823131003724,25,euclidean,distance
5231,26419,26420,0,0,0.069483811192631056,25,euclidean,distance
5232,26420,26421,1,0,0.094562411557708864,25,euclidean,distance
5233,26423,26424,0,0,0.16374361657926889,25,euclidean,distance
5234,26425,26426,0,0,0,25,euclidean,distance
5235,26427,26428,0,0,0.038739378266505808,25,euclidean,distance
5236,26431,26432,0,0,0.14223088515000085,25,euclidean,distance
5237,26432,26433,0,0,0.22779918458259221,25,euclidean,distance
5238,26435,26436,0,0,0.13770863001708203,25,euclidean,distance
5239,26439,26440,0,0,0.11917572385141734,25,euclidean,distance
5240,26441,26442,1,0,0.39608104382530163,25,euclidean,distance
5241,26443,26444,0,0,0.12193652819683032,25,euclidean,distance
5242,26447,26448,0,0,0.10902044267466651,25,euclidean,distance
5243,26449,26450,0,0,0.19946928646196269,25,euclidean,distance
5244,26451,26452,0,0,0.1902692668553147,25,euclidean,distance
5245,26454,26455,1,1,0.51905945398501507,25,euclidean,distance
5246,26455,26456,0,0,0.33462273270386561,25,euclidean,distance
5247,26456,26457,1,0,0.14465612155758512,25,euclidean,distance
5248,26459,26460,1,0,0.097373254164649356,25,euclidean,distance
5249,26462,26463,0,0,0.34922476484146897,25,euclidean,distance
5250,26466,26467,1,0,0.04010752773718633,25,euclidean,distance
5251,26467,26468,0,0,0.045496299453431741,25,euclidean,distance
5252,26472,26473,1,0,0.11068937221011982,25,euclidean,distance
5253,26475,26476,1,1,0.53508539382507447,25,euclidean,distance
5254,26477,26478,0,0,0.074034960185856383,25,euclidean,distance
5255,26487,26488,0,0,0.27986634921259057,25,euclidean,distance
5256,26489,26490,0,0,0.037542632315734722,25,euclidean,distance
5257,26490,26491,0,0,0.39905665226441234,25,euclidean,distance
5258,26492,26493,1,0,0.18533278318435484,25,euclidean,distance
5259,26499,26500,0,0,0.27761092761859246,25,euclidean,distance
5260,26503,26504,0,0,0.23437138947328842,25,euclidean,distance
5261,26504,26505,0,0,0.23946043964264008,25,euclidean,distance
5262,26512,26513,0,0,0.12024165759727035,25,euclidean,distance
5263,26517,26518,1,0,0.27501324941579508,25,euclidean,distance
5264,26526,26527,0,0,0.085132276106961835,25,euclidean,distance
5265,26532,26533,0,0,0.13744286308299958,25,euclidean,distance
5266,26538,26539,0,0,0.20475550392709144,25,euclidean,distance
5267,26539,26540,0,0,0.33727003883165302,25,euclidean,distance
5268,26543,26544,0,0,0.29758115935278584,25,euclidean,distance
5269,26547,26548,0,0,0.26924151328449852,25,euclidean,distance
5270,26548,26549,0,0,0.12021021811797931,25,euclidean,distance
5271,26550,26551,1,0,0.22321069946684971,25,euclidean,distance
5272,26551,26552,1,0,0.037974227397718434,25,euclidean,distance
5273,26558,26559,1,0,0.10054586156284476,25,euclidean,distance
5274,26567,26568,0,0,0.12880711417493679,25,euclidean,distance
5275,26570,26571,0,0,0.22362339118551017,25,euclidean,distance
5276,26572,26573,0,0,0.074664131562966918,25,euclidean,distance
5277,26582,26583,1,0,0.11701046751281732,25,euclidean,distance
5278,26590,26591,0,0,0.086897806897205651,25,euclidean,distance
5279,26593,26594,0,0,0.08327053489418787,25,euclidean,distance
5280,26595,26596,0,0,0.35096736656653643,25,euclidean,distance
5281,26596,26597,0,0,0.12379195174196431,25,euclidean,distance
5282,26609,26610,1,0,0.42567597835288468,25,euclidean,distance
5283,26621,26622,0,0,0,25,euclidean,distance
5284,26625,26626,0,0,0.074297352221244339,25,euclidean,distance
5285,26631,26632,0,0,0.35457190722141335,25,euclidean,distance
5286,26647,26648,1,1,0.75504177910002068,25,euclidean,distance
5287,26650,26651,0,1,0.55431230068950599,25,euclidean,distance
5288,26655,26656,0,0,0.2560555223995683,25,euclidean,distance
5289,26659,26660,0,0,0.1176438860890716,25,euclidean,distance
5290,26667,26668,0,0,0.080249510946443683,25,euclidean,distance
5291,26675,26676,0,0,0.17966724170151407,25,euclidean,distance
5292,26679,26680,0,0,0.34041963010467252,25,euclidean,distance
5293,26681,26682,0,0,0.084325417874556316,25,euclidean,distance
5294,26690,26691,0,0,0.038315594201591197,25,euclidean,distance
5295,26706,26707,1,1,0.60867982850300995,25,euclidean,distance
5296,26708,26709,0,0,0.038130926671607362,25,euclidean,distance
5297,26712,26713,0,1,0.57349866547078177,25,euclidean,distance
5298,26719,26720,1,1,0.63159473434802516,25,euclidean,distance
5299,26720,26721,0,0,0.26373930093012105,25,euclidean,distance
5300,26722,26723,0,0,0.040416234428980832,25,euclidean,distance
5301,26725,26726,0,0,0,25,euclidean,distance
5302,26727,26728,0,0,0.081364205096735309,25,euclidean,distance
5303,26731,26732,0,0,0.095104445316458272,25,euclidean,distance
5304,26732,26733,0,0,0.12340760207126851,25,euclidean,distance
5305,26735,26736,0,0,0.24845364254133384,25,euclidean,distance
5306,26749,26750,1,1,0.79680448931306957,25,euclidean,distance
5307,26752,26753,0,0,0.08623468033754747,25,euclidean,distance
5308,26762,26763,0,0,0.40009518880012396,25,euclidean,distance
5309,26765,26766,1,0,0.15647731242389504,25,euclidean,distance
5310,26766,26767,0,0,0.073025246667106969,25,euclidean,distance
5311,26773,26774,1,0,0.40094809837192913,25,euclidean,distance
5312,26774,26775,0,1,0.50306223008894346,25,euclidean,distance
5313,26782,26783,0,0,0.034577485878436925,25,euclidean,distance
5314,26783,26784,0,0,0.040917694447791954,25,euclidean,distance
5315,26786,26787,0,0,0.11680680257109867,25,euclidean,distance
5316,26789,26790,0,0,0.22016178503761311,25,euclidean,distance
5317,26806,26807,0,0,0,25,euclidean,distance
5318,26810,26811,0,0,0.18170654859797544,25,euclidean,distance
5319,26811,26812,0,0,0.12963688067015708,25,euclidean,distance
5320,26812,26813,0,0,0.14706197686340969,25,euclidean,distance
5321,26816,26817,0,0,0.20614339018741171,25,euclidean,distance
5322,26829,26830,1,0,0.094436044179410691,25,euclidean,distance
5323,26838,26839,0,0,0.17239191660641734,25,euclidean,distance
5324,26849,26850,1,1,0.67274739488970214,25,euclidean,distance
5325,26851,26852,0,0,0.43565403779006323,25,euclidean,distance
5326,26856,26857,1,0,0.26870845486200223,25,euclidean,distance
5327,26860,26861,0,0,0.18570728954614069,25,euclidean,distance
5328,26861,26862,0,0,0,25,euclidean,distance
5329,26865,26866,1,1,0.64379442376073048,25,euclidean,distance
5330,26866,26867,1,0,0.21543631088984463,25,euclidean,distance
5331,26872,26873,0,0,0.090492906617649707,25,euclidean,distance
5332,26874,26875,0,0,0.03813661206482518,25,euclidean,distance
5333,26878,26879,0,0,0.049904144068304346,25,euclidean,distance
5334,26880,26881,0,1,0.59890223692194622,25,euclidean,distance
5335,26881,26882,0,0,0.072231458772291438,25,euclidean,distance
5336,26892,26893,0,0,0.48901704646091393,25,euclidean,distance
5337,26893,26894,0,0,0.15417081146993869,25,euclidean,distance
5338,26908,26909,0,0,0.17827928080376143,25,euclidean,distance
5339,26911,26912,0,0,0.19418938000523328,25,euclidean,distance
5340,26916,26917,0,1,0.55717184008308285,25,euclidean,distance
5341,26917,26918,0,0,0.037532240284295311,25,euclidean,distance
5342,26930,26931,1,0,0.23725638832146337,25,euclidean,distance
5343,26931,26932,0,0,0.14076145020668576,25,euclidean,distance
5344,26938,26939,1,0,0.13469583576880756,25,euclidean,distance
5345,26944,26945,0,0,0.16138196843676553,25,euclidean,distance
5346,26953,26954,0,0,0.037836646256548617,25,euclidean,distance
5347,26966,26967,0,0,0.21100413310446395,25,euclidean,distance
5348,26967,26968,0,0,0,25,euclidean,distance
5349,26974,26975,1,0,0.065317396603534236,25,euclidean,distance
5350,26979,26980,0,0,0.038178194873187209,25,euclidean,distance
5351,26992,26993,0,0,0.079711321096649246,25,euclidean,distance
5352,27004,27005,0,0,0.031827696003206188,25,euclidean,distance
5353,27017,27018,0,0,0.14748581729869631,25,euclidean,distance
5354,27020,27021,1,0,0.49665199238347174,25,euclidean,distance
5355,27023,27024,0,0,0.25559608230698383,25,euclidean,distance
5356,27024,27025,0,1,0.66952075590517679,25,euclidean,distance
5357,27042,27043,0,0,0.29341935959514315,25,euclidean,distance
5358,27053,27054,1,1,0.68447023474513879,25,euclidean,distance
5359,27058,27059,0,0,0.27372733749202904,25,euclidean,distance
5360,27088,27089,1,0,0.26899064750079893,25,euclidean,distance
5361,27090,27091,0,0,0.17601855753066406,25,euclidean,distance
5362,27092,27093,0,0,0.30600627336529296,25,euclidean,distance
5363,27095,27096,0,0,0.16259212061228495,25,euclidean,distance
5364,27097,27098,0,0,0.081075026156369107,25,euclidean,distance
5365,27106,27107,0,0,0.20753241439272588,25,euclidean,distance
5366,27113,27114,0,0,0.33574076212507176,25,euclidean,distance
5367,27115,27116,0,0,0.28557809287637281,25,euclidean,distance
5368,27120,27121,0,0,0.11825056629747409,25,euclidean,distance
5369,27133,27134,0,0,0.20903382896668787,25,euclidean,distance
5370,27135,27136,0,0,0.077319324142726367,25,euclidean,distance
5371,27142,27143,0,0,0.14571632341280188,25,euclidean,distance
5372,27143,27144,0,0,0.12437632471767818,25,euclidean,distance
5373,27144,27145,0,0,0.078609434859486071,25,euclidean,distance
5374,27160,27161,1,1,0.66214757304982907,25,euclidean,distance
5375,27161,27162,0,0,0.035648662515627969,25,euclidean,distance
5376,27165,27166,0,0,0.23990534185952961,25,euclidean,distance
5377,27168,27169,0,0,0.087986746930328152,25,euclidean,distance
5378,27171,27172,0,0,0.14275155977400159,25,euclidean,distance
5379,27173,27174,0,0,0.26680367247067427,25,euclidean,distance
5380,27180,27181,0,0,0.11850951875790952,25,euclidean,distance
5381,27181,27182,0,0,0.024516327333553689,25,euclidean,distance
5382,27183,27184,0,0,0.07797555606516543,25,euclidean,distance
5383,27184,27185,1,0,0.35579145565152537,25,euclidean,distance
5384,27185,27186,0,0,0.16640918266252211,25,euclidean,distance
5385,27189,27190,1,0,0.17831403296755952,25,euclidean,distance
5386,27190,27191,0,0,0.30821890220426162,25,euclidean,distance
5387,27198,27199,1,0,0.36808266011938717,25,euclidean,distance
5388,27201,27202,0,0,0.16856804736999437,25,euclidean,distance
5389,27202,27203,0,0,0.064988124138473422,25,euclidean,distance
5390,27221,27222,1,1,0.60433812395585429,25,euclidean,distance
5391,27226,27227,0,0,0.039728035396439793,25,euclidean,distance
5392,27228,27229,1,1,0.60245507506007911,25,euclidean,distance
5393,27230,27231,1,1,0.66714456850083748,25,euclidean,distance
5394,27232,27233,0,0,0.20228594646885245,25,euclidean,distance
5395,27235,27236,0,1,0.647833472022041,25,euclidean,distance
5396,27238,27239,0,0,0.32103243179018276,25,euclidean,distance
5397,27243,27244,1,0,0.1343240101641415,25,euclidean,distance
5398,27250,27251,0,0,0.12323179701702629,25,euclidean,distance
5399,27257,27258,0,0,0.17872843983808909,25,euclidean,distance
5400,27264,27265,0,0,0.26746998495483948,25,euclidean,distance
5401,27269,27270,0,0,0.19718738049970627,25,euclidean,distance
5402,27275,27276,0,0,0.1143492193940482,25,euclidean,distance
5403,27277,27278,0,1,0.57490779195071073,25,euclidean,distance
5404,27278,27279,1,0,0.17507931789221579,25,euclidean,distance
5405,27289,27290,0,0,0.12630156290121011,25,euclidean,distance
5406,27290,27291,0,0,0.04000718366957088,25,euclidean,distance
5407,27296,27297,0,0,0.26803886719733128,25,euclidean,distance
5408,27302,27303,0,0,0.040701547693670855,25,euclidean,distance
5409,27309,27310,0,0,0.073777867887434387,25,euclidean,distance
5410,27314,27315,1,0,0.1374158414267205,25,euclidean,distance
5411,27320,27321,1,1,0.80918219542491154,25,euclidean,distance
5412,27323,27324,0,0,0.22480389871287096,25,euclidean,distance
5413,27330,27331,0,0,0.083877524066743592,25,euclidean,distance
5414,27342,27343,0,0,0.065581166829616747,25,euclidean,distance
5415,27343,27344,0,0,0.087264051737232284,25,euclidean,distance
5416,27348,27349,0,0,0.12727811349071477,25,euclidean,distance
5417,27349,27350,0,0,0.25049323137297008,25,euclidean,distance
5418,27351,27352,0,0,0,25,euclidean,distance
5419,27352,27353,0,0,0.26490315247132473,25,euclidean,distance
5420,27356,27357,0,0,0.13581017414361904,25,euclidean,distance
5421,27362,27363,0,0,0.055215999374423536,25,euclidean,distance
5422,27364,27365,0,0,0.13996258373366285,25,euclidean,distance
5423,27368,27369,0,0,0.34772136628364897,25,euclidean,distance
5424,27370,27371,0,0,0.15203373047927418,25,euclidean,distance
5425,27387,27388,0,0,0.20121502354138143,25,euclidean,distance
5426,27397,27398,0,0,0.27999273809421349,25,euclidean,distance
5427,27402,27403,0,0,0.32701282993167136,25,euclidean,distance
5428,27419,27420,1,0,0.28789967885399714,25,euclidean,distance
5429,27422,27423,0,0,0.080311893516799154,25,euclidean,distance
5430,27424,27425,1,0,0.06626153521344269,25,euclidean,distance
5431,27428,27429,1,0,0.20227009831292894,25,euclidean,distance
5432,27433,27434,0,0,0.12530751640243151,25,euclidean,distance
5433,27443,27444,0,0,0.16254681902310267,25,euclidean,distance
5434,27447,27448,0,0,0.17943738800050385,25,euclidean,distance
5435,27449,27450,0,0,0.11733184094963316,25,euclidean,distance
5436,27450,27451,0,0,0.14245499672753129,25,euclidean,distance
5437,27454,27455,0,0,0.41733784103508675,25,euclidean,distance
5438,27460,27461,0,0,0.28099922258170162,25,euclidean,distance
5439,27464,27465,0,0,0.19687508650134725,25,euclidean,distance
5440,27472,27473,0,0,0.24793714777428252,25,euclidean,distance
5441,27475,27476,0,0,0.062904122854781308,25,euclidean,distance
5442,27481,27482,1,0,0.15537552320424339,25,euclidean,distance
5443,27486,27487,1,0,0.19081662527018145,25,euclidean,distance
5444,27489,27490,0,0,0.1482528893997769,25,euclidean,distance
5445,27493,27494,1,0,0.12135837085691382,25,euclidean,distance
5446,27495,27496,1,0,0.14942230638826998,25,euclidean,distance
5447,27498,27499,1,0,0.17169875784180311,25,euclidean,distance
5448,27506,27507,1,0,0.1564106064713412,25,euclidean,distance
5449,27513,27514,0,0,0.20645420501123962,25,euclidean,distance
5450,27514,27515,0,0,0.16832037536705682,25,euclidean,distance
5451,27516,27517,0,0,0.23891249670851719,25,euclidean,distance
5452,27527,27528,1,0,0.16372727519011429,25,euclidean,distance
5453,27528,27529,0,0,0.038461416156681576,25,euclidean,distance
5454,27531,27532,0,0,0.036743099296328387,25,euclidean,distance
5455,27532,27533,0,0,0.039224514519558433,25,euclidean,distance
5456,27536,27537,1,1,0.9001827756379861,25,euclidean,distance
5457,27539,27540,1,0,0.12824793520478173,25,euclidean,distance
5458,27554,27555,1,1,0.55122809611341084,25,euclidean,distance
5459,27561,27562,0,0,0.036170433960401427,25,euclidean,distance
5460,27563,27564,0,0,0.17359787543819361,25,euclidean,distance
5461,27566,27567,0,1,0.78499036569395153,25,euclidean,distance
5462,27572,27573,0,0,0.23348628682821143,25,euclidean,distance
5463,27580,27581,1,1,0.57010063429340874,25,euclidean,distance
5464,27585,27586,1,1,0.62017817927538244,25,euclidean,distance
5465,27595,27596,1,0,0.22342319260729729,25,euclidean,distance
5466,27596,27597,0,0,0.15520397208649062,25,euclidean,distance
5467,27598,27599,0,0,0.20000116698957307,25,euclidean,distance
5468,27602,27603,0,0,0.037647715708741161,25,euclidean,distance
5469,27605,27606,0,0,0.24519881492459697,25,euclidean,distance
5470,27607,27608,0,0,0.11019274275196568,25,euclidean,distance
5471,27611,27612,0,0,0.1447237582210214,25,euclidean,distance
5472,27613,27614,1,1,0.67464367450757323,25,euclidean,distance
5473,27616,27617,0,0,0.075454406187680678,25,euclidean,distance
5474,27623,27624,1,1,0.63980021228592998,25,euclidean,distance
5475,27625,27626,0,0,0.15956852953675835,25,euclidean,distance
5476,27627,27628,1,0,0.35857395707243367,25,euclidean,distance
5477,27631,27632,1,1,0.52213148398566911,25,euclidean,distance
5478,27633,27634,0,0,0.16644827620992872,25,euclidean,distance
5479,27635,27636,1,0,0.30565908581444928,25,euclidean,distance
5480,27636,27637,0,0,0.39976988196413449,25,euclidean,distance
5481,27640,27641,0,0,0.041569258208784099,25,euclidean,distance
5482,27641,27642,0,0,0.27361845016952702,25,euclidean,distance
5483,27643,27644,1,0,0.38792034450749091,25,euclidean,distance
5484,27649,27650,0,0,0.31329343745010224,25,euclidean,distance
5485,27650,27651,0,1,0.73098156447616613,25,euclidean,distance
5486,27652,27653,0,0,0.29889442637746516,25,euclidean,distance
5487,27662,27663,0,0,0.33744072917542151,25,euclidean,distance
5488,27668,27669,1,0,0.18773951063999719,25,euclidean,distance
5489,27669,27670,0,1,0.56776191030599132,25,euclidean,distance
5490,27672,27673,0,0,0.32732311945645054,25,euclidean,distance
5491,27675,27676,0,1,0.68651378708317357,25,euclidean,distance
5492,27676,27677,0,0,0,25,euclidean,distance
5493,27679,27680,0,0,0.042203241165159312,25,euclidean,distance
5494,27683,27684,1,1,0.69914868736084534,25,euclidean,distance
5495,27685,27686,0,0,0.29379890849297879,25,euclidean,distance
5496,27689,27690,0,0,0.32948921645201235,25,euclidean,distance
5497,27690,27691,0,0,0.12456246772780864,25,euclidean,distance
5498,27696,27697,1,1,0.53275828622902788,25,euclidean,distance
5499,27701,27702,1,1,0.75632389079263185,25,euclidean,distance
5500,27703,27704,1,1,0.67831120142480195,25,euclidean,distance
5501,27704,27705,0,1,0.59749279487988327,25,euclidean,distance
5502,27705,27706,0,0,0.036443917785380232,25,euclidean,distance
5503,27708,27709,1,0,0.37674854080103831,25,euclidean,distance
5504,27717,27718,0,0,0.039385961272711392,25,euclidean,distance
5505,27721,27722,1,0,0.15820274809107918,25,euclidean,distance
5506,27728,27729,0,0,0,25,euclidean,distance
5507,27730,27731,1,1,0.78694043105505085,25,euclidean,distance
5508,27732,27733,0,0,0.17071249698142135,25,euclidean,distance
5509,27733,27734,0,0,0.38691201531214187,25,euclidean,distance
5510,27740,27741,0,0,0,25,euclidean,distance
5511,27743,27744,0,0,0.065336922512271606,25,euclidean,distance
5512,27744,27745,0,0,0.18995854316648481,25,euclidean,distance
5513,27745,27746,0,0,0.2049987750593826,25,euclidean,distance
5514,27748,27749,1,1,0.62581041301216234,25,euclidean,distance
5515,27760,27761,0,0,0.076561797593101708,25,euclidean,distance
5516,27764,27765,0,0,0.077216549431674816,25,euclidean,distance
5517,27766,27767,1,0,0.36204886087818028,25,euclidean,distance
5518,27776,27777,0,0,0.07800606650148946,25,euclidean,distance
5519,27782,27783,0,0,0.10754540204975194,25,euclidean,distance
5520,27784,27785,0,0,0.096540363924369918,25,euclidean,distance
5521,27785,27786,0,0,0.082648362683835519,25,euclidean,distance
5522,27793,27794,0,0,0.47280851116184586,25,euclidean,distance
5523,27796,27797,0,0,0.068890513692955679,25,euclidean,distance
5524,27815,27816,0,0,0.083970306275833392,25,euclidean,distance
5525,27822,27823,0,0,0.080791853116393947,25,euclidean,distance
5526,27834,27835,0,0,0,25,euclidean,distance
5527,27836,27837,0,0,0.095858899089312471,25,euclidean,distance
5528,27843,27844,0,0,0.33106213936041823,25,euclidean,distance
5529,27849,27850,0,1,0.72088571396931378,25,euclidean,distance
5530,27851,27852,0,1,0.61428855788943737,25,euclidean,distance
5531,27854,27855,0,0,0.14037021850502202,25,euclidean,distance
5532,27864,27865,0,0,0.16088834850186962,25,euclidean,distance
5533,27866,27867,0,0,0.094691711385864796,25,euclidean,distance
5534,27868,27869,1,0,0.1108045892263487,25,euclidean,distance
5535,27870,27871,0,0,0.19985120311589621,25,euclidean,distance
5536,27873,27874,0,0,0.037488932807419051,25,euclidean,distance
5537,27883,27884,0,0,0.42761571834739648,25,euclidean,distance
5538,27885,27886,1,0,0.07706630866739908,25,euclidean,distance
5539,27893,27894,0,0,0.12363022617709013,25,euclidean,distance
5540,27894,27895,0,0,0.035451853342358529,25,euclidean,distance
5541,27900,27901,0,0,0.085446235481754187,25,euclidean,distance
5542,27902,27903,0,0,0,25,euclidean,distance
5543,27915,27916,1,1,0.8189601107507879,25,euclidean,distance
5544,27916,27917,0,0,0.035008582452519504,25,euclidean,distance
5545,27922,27923,1,0,0.48574042940640183,25,euclidean,distance
5546,27925,27926,0,1,0.7503543015435935,25,euclidean,distance
5547,27927,27928,0,0,0.12353783584858827,25,euclidean,distance
5548,27934,27935,0,0,0.14394289440648969,25,euclidean,distance
5549,27935,27936,0,0,0.047692751423801145,25,euclidean,distance
5550,27939,27940,0,0,0.08644576672215766,25,euclidean,distance
5551,27943,27944,0,0,0.14678691852375389,25,euclidean,distance
5552,27945,27946,0,0,0.18036527477379088,25,euclidean,distance
5553,27948,27949,0,0,0.15686193768331635,25,euclidean,distance
5554,27953,27954,0,0,0,25,euclidean,distance
5555,27956,27957,0,0,0.070623308142625504,25,euclidean,distance
5556,27960,27961,0,0,0.13511826226937204,25,euclidean,distance
5557,27962,27963,0,1,0.60009422942310942,25,euclidean,distance
5558,27979,27980,0,0,0.14595749255103724,25,euclidean,distance
5559,27981,27982,0,0,0.11208384386483904,25,euclidean,distance
5560,27982,27983,0,0,0,25,euclidean,distance
5561,27985,27986,0,0,0.097330079561199032,25,euclidean,distance
5562,27986,27987,0,0,0,25,euclidean,distance
5563,27991,27992,0,0,0.31805606185742358,25,euclidean,distance
5564,27993,27994,0,0,0.36565974946340851,25,euclidean,distance
5565,27995,27996,0,0,0.24569554362575247,25,euclidean,distance
5566,28003,28004,0,0,0.15538380132361473,25,euclidean,distance
5567,28011,28012,0,0,0.043751811448378267,25,euclidean,distance
5568,28014,28015,0,0,0.048834957230447305,25,euclidean,distance
5569,28032,28033,0,1,0.696080446770867,25,euclidean,distance
5570,28038,28039,1,0,0.12180097150368335,25,euclidean,distance
5571,28040,28041,0,0,0.19752741340105076,25,euclidean,distance
5572,28043,28044,0,1,0.59405246264477118,25,euclidean,distance
5573,28054,28055,1,1,0.91077483336538689,25,euclidean,distance
5574,28056,28057,0,0,0.46900513680946188,25,euclidean,distance
5575,28058,28059,0,0,0.16018917801229057,25,euclidean,distance
5576,28064,28065,0,0,0.13998792416240585,25,euclidean,distance
5577,28068,28069,0,0,0.030890078591329789,25,euclidean,distance
5578,28069,28070,0,0,0.24374599096371496,25,euclidean,distance
5579,28070,28071,0,0,0.10057383629334819,25,euclidean,distance
5580,28075,28076,0,0,0.14005338650245985,25,euclidean,distance
5581,28077,28078,0,0,0.11515299339478127,25,euclidean,distance
5582,28079,28080,0,0,0.072759375407024277,25,euclidean,distance
5583,28081,28082,1,1,0.72146715069899392,25,euclidean,distance
5584,28083,28084,0,0,0.1196166338259181,25,euclidean,distance
5585,28089,28090,0,0,0.034836579335382749,25,euclidean,distance
5586,28095,28096,0,0,0.23168464198261488,25,euclidean,distance
5587,28096,28097,1,0,0.40943988137104054,25,euclidean,distance
5588,28104,28105,0,0,0.39901471026395507,25,euclidean,distance
5589,28106,28107,0,0,0.18955086043462163,25,euclidean,distance
5590,28109,28110,1,0,0.21453058003372888,25,euclidean,distance
5591,28112,28113,0,0,0.037353881406582627,25,euclidean,distance
5592,28114,28115,0,0,0.068050949057996538,25,euclidean,distance
5593,28116,28117,0,0,0.060885600466877118,25,euclidean,distance
5594,28123,28124,1,0,0.20044433794430641,25,euclidean,distance
5595,28129,28130,0,0,0.13585304698661635,25,euclidean,distance
5596,28140,28141,0,0,0.25508843867886832,25,euclidean,distance
5597,28162,28163,0,0,0.18490726229571081,25,euclidean,distance
5598,28163,28164,0,0,0.38494660432691269,25,euclidean,distance
5599,28166,28167,1,0,0.099309846931541462,25,euclidean,distance
5600,28171,28172,0,0,0.099683785350920998,25,euclidean,distance
5601,28173,28174,1,0,0.15844688731814927,25,euclidean,distance
5602,28184,28185,0,0,0,25,euclidean,distance
5603,28187,28188,1,0,0.11902123854615843,25,euclidean,distance
5604,28195,28196,0,0,0,25,euclidean,distance
5605,28201,28202,1,0,0.40305309505889675,25,euclidean,distance
5606,28202,28203,0,0,0.24052014322203949,25,euclidean,distance
5607,28203,28204,0,0,0,25,euclidean,distance
5608,28204,28205,1,0,0.10936610737530582,25,euclidean,distance
5609,28206,28207,1,0,0.38149509108025997,25,euclidean,distance
5610,28207,28208,0,0,0.27159853000674378,25,euclidean,distance
5611,28215,28216,0,0,0.3179005698067856,25,euclidean,distance
5612,28218,28219,0,0,0.10164097774971352,25,euclidean,distance
5613,28219,28220,0,0,0.11487990597493908,25,euclidean,distance
5614,28224,28225,0,0,0.26121466393330084,25,euclidean,distance
5615,28226,28227,0,0,0,25,euclidean,distance
5616,28230,28231,0,0,0.091075192951386233,25,euclidean,distance
5617,28231,28232,1,0,0.46671459744268123,25,euclidean,distance
5618,28232,28233,0,0,0.086849538430868858,25,euclidean,distance
5619,28234,28235,0,0,0.17602039215565668,25,euclidean,distance
5620,28236,28237,0,0,0.038488162404105179,25,euclidean,distance
5621,28237,28238,0,0,0.039165258526167347,25,euclidean,distance
5622,28241,28242,0,0,0.25391320971425396,25,euclidean,distance
5623,28242,28243,1,1,0.75830168653353192,25,euclidean,distance
5624,28247,28248,0,0,0.21868606710679639,25,euclidean,distance
5625,28253,28254,0,0,0.11842937801419874,25,euclidean,distance
5626,28258,28259,0,0,0.21884731439746519,25,euclidean,distance
5627,28266,28267,0,0,0.15016337164998275,25,euclidean,distance
5628,28267,28268,0,0,0,25,euclidean,distance
5629,28268,28269,0,0,0.21350194618154825,25,euclidean,distance
5630,28271,28272,0,0,0.042248954541744564,25,euclidean,distance
5631,28274,28275,0,0,0.09308346731518434,25,euclidean,distance
5632,28278,28279,0,0,0.20435794710068364,25,euclidean,distance
5633,28279,28280,0,0,0.23371797254200061,25,euclidean,distance
5634,28282,28283,1,0,0.038077997186179442,25,euclidean,distance
5635,28284,28285,0,0,0.033789061273066648,25,euclidean,distance
5636,28298,28299,0,0,0.27441775553087988,25,euclidean,distance
5637,28313,28314,0,0,0,25,euclidean,distance
5638,28316,28317,0,0,0.081445582423785884,25,euclidean,distance
5639,28321,28322,1,0,0.080594341825520333,25,euclidean,distance
5640,28351,28352,0,0,0.4994396427082311,25,euclidean,distance
5641,28357,28358,0,0,0.19304108105006665,25,euclidean,distance
5642,28361,28362,0,0,0.17752501586994801,25,euclidean,distance
5643,28363,28364,0,0,0.3078955430448761,25,euclidean,distance
5644,28367,28368,0,0,0.14777906732194693,25,euclidean,distance
5645,28369,28370,0,0,0.16862988157795039,25,euclidean,distance
5646,28400,28401,0,0,0.23338962660609444,25,euclidean,distance
5647,28406,28407,0,1,1,25,euclidean,distance
5648,28408,28409,0,0,0.044362956462601209,25,euclidean,distance
5649,28412,28413,0,0,0.038581183391950151,25,euclidean,distance
5650,28413,28414,0,0,0.12010737906885273,25,euclidean,distance
5651,28416,28417,0,0,0,25,euclidean,distance
5652,28419,28420,1,0,0.097596715339197393,25,euclidean,distance
5653,28423,28424,0,0,0.0762129564433041,25,euclidean,distance
5654,28424,28425,0,0,0,25,euclidean,distance
5655,28426,28427,0,1,0.63260655336533334,25,euclidean,distance
5656,28429,28430,0,0,0.11770168094284203,25,euclidean,distance
5657,28440,28441,0,0,0.087538284156715218,25,euclidean,distance
5658,28442,28443,0,1,0.56287893385167187,25,euclidean,distance
5659,28443,28444,0,0,0.1585007784397153,25,euclidean,distance
5660,28445,28446,0,0,0.10360023327733517,25,euclidean,distance
5661,28450,28451,0,0,0.11583104179578067,25,euclidean,distance
5662,28452,28453,0,0,0.155125515044749,25,euclidean,distance
5663,28453,28454,1,1,0.70196138409188702,25,euclidean,distance
5664,28457,28458,0,0,0.039620422862788003,25,euclidean,distance
5665,28473,28474,0,0,0.16664679207760111,25,euclidean,distance
5666,28483,28484,0,0,0.1408424049918188,25,euclidean,distance
5667,28484,28485,0,0,0.16486114863499837,25,euclidean,distance
5668,28487,28488,0,0,0.26872626548822431,25,euclidean,distance
5669,28489,28490,0,0,0.033329265092175715,25,euclidean,distance
5670,28494,28495,0,0,0.1155562085947706,25,euclidean,distance
5671,28499,28500,0,0,0.03854518809704726,25,euclidean,distance
5672,28501,28502,0,1,0.61341733521221042,25,euclidean,distance
5673,28504,28505,0,0,0.33132752498337242,25,euclidean,distance
5674,28519,28520,0,0,0.073845163102570111,25,euclidean,distance
5675,28520,28521,0,0,0.42575097016329866,25,euclidean,distance
5676,28528,28529,0,0,0.086611140399755718,25,euclidean,distance
5677,28531,28532,1,1,0.77431385506865602,25,euclidean,distance
5678,28532,28533,1,1,0.5540976792109884,25,euclidean,distance
5679,28538,28539,0,0,0,25,euclidean,distance
5680,28539,28540,0,0,0.089302265562723776,25,euclidean,distance
5681,28541,28542,0,0,0.034392421505460694,25,euclidean,distance
5682,28550,28551,0,0,0.17207010400209088,25,euclidean,distance
5683,28551,28552,0,0,0.20402910405123037,25,euclidean,distance
5684,28553,28554,0,0,0.13237903246524496,25,euclidean,distance
5685,28559,28560,1,0,0.037071867217083859,25,euclidean,distance
5686,28561,28562,0,0,0,25,euclidean,distance
5687,28565,28566,0,0,0.082719820833591834,25,euclidean,distance
5688,28567,28568,0,0,0.12954194427480334,25,euclidean,distance
5689,28571,28572,0,0,0.11465473362098555,25,euclidean,distance
5690,28574,28575,0,0,0.1525176392953275,25,euclidean,distance
5691,28578,28579,0,0,0,25,euclidean,distance
5692,28581,28582,0,1,0.76456808241342678,25,euclidean,distance
5693,28589,28590,0,0,0.082835563567655882,25,euclidean,distance
5694,28590,28591,1,1,0.5629648746816831,25,euclidean,distance
5695,28592,28593,0,0,0.035599915855826128,25,euclidean,distance
5696,28601,28602,0,0,0.066762630148644489,25,euclidean,distance
5697,28608,28609,0,0,0.17613515307952868,25,euclidean,distance
5698,28617,28618,0,0,0.067792250847612173,25,euclidean,distance
5699,28618,28619,0,0,0.15737243114916588,25,euclidean,distance
5700,28622,28623,0,0,0.075881697296365375,25,euclidean,distance
5701,28623,28624,0,0,0.27888948531542934,25,euclidean,distance
5702,28626,28627,0,0,0.038731895860330365,25,euclidean,distance
5703,28627,28628,0,0,0.30933370956815853,25,euclidean,distance
5704,28628,28629,0,0,0,25,euclidean,distance
5705,28629,28630,0,0,0.23307368149538549,25,euclidean,distance
5706,28630,28631,0,0,0.074135459960217726,25,euclidean,distance
5707,28633,28634,1,1,0.83418519372014766,25,euclidean,distance
5708,28634,28635,0,0,0.10914134919670568,25,euclidean,distance
5709,28635,28636,1,1,0.65907729430925577,25,euclidean,distance
5710,28641,28642,1,1,0.54871299409274044,25,euclidean,distance
5711,28642,28643,0,0,0.077987233934903033,25,euclidean,distance
5712,28643,28644,0,0,0.033872869944185716,25,euclidean,distance
5713,28649,28650,0,0,0.21320873288297051,25,euclidean,distance
5714,28653,28654,0,0,0,25,euclidean,distance
5715,28661,28662,0,0,0.46134017225576052,25,euclidean,distance
5716,28666,28667,1,0,0.171315855242092,25,euclidean,distance
5717,28668,28669,0,0,0.077260586268588644,25,euclidean,distance
5718,28677,28678,0,0,0,25,euclidean,distance
5719,28685,28686,1,0,0.12889462489373826,25,euclidean,distance
5720,28689,28690,0,0,0.15209218776547076,25,euclidean,distance
5721,28690,28691,0,0,0.18976586719209446,25,euclidean,distance
5722,28691,28692,0,0,0,25,euclidean,distance
5723,28697,28698,0,0,0.080275485264569318,25,euclidean,distance
5724,28704,28705,0,0,0.10850632212492589,25,euclidean,distance
5725,28710,28711,0,0,0.089580157341117642,25,euclidean,distance
5726,28713,28714,0,0,0.19108577903783064,25,euclidean,distance
5727,28720,28721,0,0,0.25927046826632888,25,euclidean,distance
5728,28721,28722,0,0,0,25,euclidean,distance
5729,28725,28726,0,0,0.077395855814518799,25,euclidean,distance
5730,28729,28730,0,0,0.12105569158639419,25,euclidean,distance
5731,28733,28734,0,0,0.085314858862912096,25,euclidean,distance
5732,28738,28739,0,0,0.15441205796146074,25,euclidean,distance
5733,28739,28740,0,0,0.069198436642908201,25,euclidean,distance
5734,28746,28747,0,0,0.3259470735943017,25,euclidean,distance
5735,28747,28748,0,1,0.87035953893751661,25,euclidean,distance
5736,28749,28750,0,0,0.15223456037226704,25,euclidean,distance
5737,28754,28755,0,0,0.11503004823625528,25,euclidean,distance
5738,28755,28756,0,0,0.16532790301858066,25,euclidean,distance
5739,28759,28760,0,0,0.044793689522678121,25,euclidean,distance
5740,28760,28761,0,0,0.21168688152726708,25,euclidean,distance
5741,28763,28764,1,0,0.22807747204399387,25,euclidean,distance
5742,28765,28766,0,0,0.034744526411560478,25,euclidean,distance
5743,28767,28768,0,0,0.072613443529999294,25,euclidean,distance
5744,28768,28769,0,0,0,25,euclidean,distance
5745,28770,28771,1,0,0.30312444927188797,25,euclidean,distance
5746,28780,28781,0,0,0.079429135614893134,25,euclidean,distance
5747,28796,28797,1,0,0.17343581294822075,25,euclidean,distance
5748,28799,28800,0,0,0.041677613957606711,25,euclidean,distance
5749,28802,28803,0,0,0.081372350710974817,25,euclidean,distance
5750,28806,28807,1,0,0.37391862641429457,25,euclidean,distance
5751,28812,28813,0,0,0,25,euclidean,distance
5752,28813,28814,0,0,0.10464314892186544,25,euclidean,distance
5753,28814,28815,0,0,0.27036699392042596,25,euclidean,distance
5754,28816,28817,0,0,0.07988439252973642,25,euclidean,distance
5755,28832,28833,0,0,0.077748363588882194,25,euclidean,distance
5756,28834,28835,1,0,0.072501292798138786,25,euclidean,distance
5757,28850,28851,0,0,0.037808500946714355,25,euclidean,distance
5758,28866,28867,0,0,0.074226862720115999,25,euclidean,distance
5759,28867,28868,0,0,0.03602829298664046,25,euclidean,distance
5760,28884,28885,0,0,0.076417563054917814,25,euclidean,distance
5761,28885,28886,0,0,0.048043381926392001,25,euclidean,distance
5762,28886,28887,0,0,0.030880678089125597,25,euclidean,distance
5763,28893,28894,0,1,0.61491040585787238,25,euclidean,distance
5764,28901,28902,0,0,0.07743368547259355,25,euclidean,distance
5765,28902,28903,0,0,0.19333376125397442,25,euclidean,distance
5766,28903,28904,0,0,0,25,euclidean,distance
5767,28906,28907,0,0,0.26988201443141768,25,euclidean,distance
5768,28907,28908,0,0,0.071152318851581908,25,euclidean,distance
5769,28908,28909,1,0,0.12914986946425,25,euclidean,distance
5770,28914,28915,0,0,0.2130767957895901,25,euclidean,distance
5771,28920,28921,1,0,0.14983932950547507,25,euclidean,distance
5772,28926,28927,1,0,0.2091501862371882,25,euclidean,distance
5773,28932,28933,1,0,0.45677825218058926,25,euclidean,distance
5774,28934,28935,0,0,0.11925291524095544,25,euclidean,distance
5775,28937,28938,0,0,0.1253158474396901,25,euclidean,distance
5776,28945,28946,0,0,0.028947752079835548,25,euclidean,distance
5777,28948,28949,0,0,0.066801307961775441,25,euclidean,distance
5778,28950,28951,1,0,0.18320098256907932,25,euclidean,distance
5779,28956,28957,0,0,0.12330196705709924,25,euclidean,distance
5780,28962,28963,0,0,0.16441369507320164,25,euclidean,distance
5781,28969,28970,0,0,0.12176941521563375,25,euclidean,distance
5782,28972,28973,0,0,0.080257809938668129,25,euclidean,distance
5783,28987,28988,0,0,0.08279546764995957,25,euclidean,distance
5784,28988,28989,1,0,0.35065872755114885,25,euclidean,distance
5785,28990,28991,0,0,0.15659881796887018,25,euclidean,distance
5786,28992,28993,0,0,0.15475440522963266,25,euclidean,distance
5787,28993,28994,1,0,0.1087037469790392,25,euclidean,distance
5788,29007,29008,0,0,0.041018357383496365,25,euclidean,distance
5789,29008,29009,0,0,0.040708807234746888,25,euclidean,distance
5790,29013,29014,0,0,0.17221401197630096,25,euclidean,distance
5791,29015,29016,1,1,0.68133406785207862,25,euclidean,distance
5792,29018,29019,0,0,0.070359289407521911,25,euclidean,distance
5793,29027,29028,1,0,0.23009412022368061,25,euclidean,distance
5794,29029,29030,0,0,0,25,euclidean,distance
5795,29041,29042,1,0,0.17830150039629253,25,euclidean,distance
5796,29059,29060,0,0,0.077552228783469263,25,euclidean,distance
5797,29060,29061,0,0,0.15987277183644794,25,euclidean,distance
5798,29066,29067,0,0,0.10070938480250247,25,euclidean,distance
5799,29072,29073,0,0,0.17053770320687481,25,euclidean,distance
5800,29074,29075,1,0,0.31045807141076737,25,euclidean,distance
5801,29080,29081,1,0,0.41144323402783767,25,euclidean,distance
5802,29081,29082,1,0,0.41353692912462087,25,euclidean,distance
5803,29084,29085,1,0,0.22650850272632508,25,euclidean,distance
5804,29085,29086,0,0,0.23937083311162896,25,euclidean,distance
5805,29086,29087,0,0,0.064376788786699821,25,euclidean,distance
5806,29087,29088,0,0,0.41352735403082908,25,euclidean,distance
5807,29092,29093,0,0,0.11251165032056501,25,euclidean,distance
5808,29094,29095,0,0,0.369234738469222,25,euclidean,distance
5809,29099,29100,0,0,0.094797155246134052,25,euclidean,distance
5810,29100,29101,0,0,0.28291876171384944,25,euclidean,distance
5811,29103,29104,0,0,0.18672381799227378,25,euclidean,distance
5812,29116,29117,0,0,0.24258563369784533,25,euclidean,distance
5813,29118,29119,1,0,0.36489443632389834,25,euclidean,distance
5814,29120,29121,0,0,0.16713353925195612,25,euclidean,distance
5815,29123,29124,0,0,0.2442912349836861,25,euclidean,distance
5816,29129,29130,0,0,0.19302982276644048,25,euclidean,distance
5817,29134,29135,0,0,0.15644577953122701,25,euclidean,distance
5818,29139,29140,0,0,0.031855012770107723,25,euclidean,distance
5819,29141,29142,0,0,0.040079333024833595,25,euclidean,distance
5820,29142,29143,0,0,0.041623316143050107,25,euclidean,distance
5821,29144,29145,0,0,0.097916130056065781,25,euclidean,distance
5822,29145,29146,1,0,0.035591835835891046,25,euclidean,distance
5823,29146,29147,0,0,0.15358997908063204,25,euclidean,distance
5824,29150,29151,1,0,0.24674441287128474,25,euclidean,distance
5825,29151,29152,1,1,0.88463217864693711,25,euclidean,distance
5826,29156,29157,0,0,0.16668801766908861,25,euclidean,distance
5827,29159,29160,0,0,0.16558395793263719,25,euclidean,distance
5828,29170,29171,1,0,0.33095111253682696,25,euclidean,distance
5829,29171,29172,0,0,0.038897875097105815,25,euclidean,distance
5830,29173,29174,0,0,0.24492111917890344,25,euclidean,distance
5831,29176,29177,1,0,0.44922631030102528,25,euclidean,distance
5832,29184,29185,1,0,0.32890950286349213,25,euclidean,distance
5833,29186,29187,0,0,0.1254437686868575,25,euclidean,distance
5834,29187,29188,0,0,0.032374379365662669,25,euclidean,distance
5835,29190,29191,0,0,0.10946229067255141,25,euclidean,distance
5836,29191,29192,0,0,0,25,euclidean,distance
5837,29203,29204,0,0,0.14109147926476046,25,euclidean,distance
5838,29206,29207,0,0,0.072738703460767634,25,euclidean,distance
5839,29211,29212,0,0,0.12319315219633001,25,euclidean,distance
5840,29214,29215,1,1,0.56335989918814955,25,euclidean,distance
5841,29221,29222,0,0,0.18306521255360975,25,euclidean,distance
5842,29226,29227,0,0,0.27684106081418647,25,euclidean,distance
5843,29242,29243,1,0,0.15967149927696359,25,euclidean,distance
5844,29245,29246,0,0,0.19854434848577757,25,euclidean,distance
5845,29246,29247,0,0,0.27179682981463177,25,euclidean,distance
5846,29248,29249,1,0,0.34893667736487655,25,euclidean,distance
5847,29253,29254,0,0,0.16672009475723323,25,euclidean,distance
5848,29255,29256,1,0,0.15048402536104116,25,euclidean,distance
5849,29259,29260,0,0,0,25,euclidean,distance
5850,29260,29261,0,0,0.26031754228027937,25,euclidean,distance
5851,29262,29263,0,0,0.15699363596702645,25,euclidean,distance
5852,29276,29277,0,0,0.052150288818100653,25,euclidean,distance
5853,29287,29288,0,0,0.32592541004324949,25,euclidean,distance
5854,29289,29290,0,0,0.080002787285584201,25,euclidean,distance
5855,29291,29292,0,0,0.077727789194403638,25,euclidean,distance
5856,29295,29296,0,1,0.51945954426898922,25,euclidean,distance
5857,29300,29301,1,1,0.56357606291500484,25,euclidean,distance
5858,29303,29304,0,0,0.23816711245004737,25,euclidean,distance
5859,29309,29310,1,1,0.52427324493383565,25,euclidean,distance
5860,29315,29316,0,0,0.038637382392685188,25,euclidean,distance
5861,29316,29317,0,1,1,25,euclidean,distance
5862,29318,29319,0,0,0.2547126096369266,25,euclidean,distance
5863,29319,29320,0,0,0.15348678949039046,25,euclidean,distance
5864,29327,29328,0,0,0.03959551750951993,25,euclidean,distance
5865,29331,29332,0,0,0.1828085202978797,25,euclidean,distance
5866,29346,29347,0,0,0.074354644513841925,25,euclidean,distance
5867,29363,29364,0,0,0.076824580932720127,25,euclidean,distance
5868,29364,29365,0,0,0.15117215456428115,25,euclidean,distance
5869,29371,29372,0,0,0.085528569721233183,25,euclidean,distance
5870,29377,29378,0,0,0.079534853952751894,25,euclidean,distance
5871,29382,29383,0,0,0.036182653503668956,25,euclidean,distance
5872,29383,29384,0,0,0.035746637528177305,25,euclidean,distance
5873,29390,29391,0,0,0.11874316273814434,25,euclidean,distance
5874,29391,29392,1,0,0.20802944305600077,25,euclidean,distance
5875,29399,29400,0,0,0.13401679318784263,25,euclidean,distance
5876,29413,29414,1,1,0.59822896914302259,25,euclidean,distance
5877,29428,29429,0,0,0.040156625899180357,25,euclidean,distance
5878,29429,29430,0,0,0.24393667551886669,25,euclidean,distance
5879,29434,29435,0,0,0.15890812772124127,25,euclidean,distance
5880,29437,29438,0,0,0.20054639266266075,25,euclidean,distance
5881,29441,29442,0,0,0.20590861764493312,25,euclidean,distance
5882,29448,29449,0,0,0.45978146996778624,25,euclidean,distance
5883,29450,29451,0,0,0.17341696236667431,25,euclidean,distance
5884,29454,29455,1,0,0.088884957095422365,25,euclidean,distance
5885,29455,29456,0,0,0.3238206561209227,25,euclidean,distance
5886,29466,29467,0,1,0.68041427923555786,25,euclidean,distance
5887,29467,29468,0,0,0,25,euclidean,distance
5888,29468,29469,0,0,0.11797519691351548,25,euclidean,distance
5889,29480,29481,0,0,0.23098889288730884,25,euclidean,distance
5890,29483,29484,1,0,0.12102142417296952,25,euclidean,distance
5891,29489,29490,0,0,0.23651221858318069,25,euclidean,distance
5892,29491,29492,1,0,0.40769275251576881,25,euclidean,distance
5893,29495,29496,0,0,0.044503095893984497,25,euclidean,distance
5894,29512,29513,1,0,0.088441944997705246,25,euclidean,distance
5895,29513,29514,0,0,0.37039319019704081,25,euclidean,distance
5896,29514,29515,0,0,0.10502096614193053,25,euclidean,distance
5897,29520,29521,1,0,0.21075659593235743,25,euclidean,distance
5898,29524,29525,1,1,0.59554888172598652,25,euclidean,distance
5899,29526,29527,0,0,0.11314764248547238,25,euclidean,distance
5900,29527,29528,0,0,0.15696644281222633,25,euclidean,distance
5901,29530,29531,0,0,0.13456935464779302,25,euclidean,distance
5902,29532,29533,0,0,0.09110495625254747,25,euclidean,distance
5903,29540,29541,1,0,0.30433726681357404,25,euclidean,distance
5904,29545,29546,1,0,0.18874587279766247,25,euclidean,distance
5905,29546,29547,0,0,0.081660676309812302,25,euclidean,distance
5906,29549,29550,0,0,0.050168737108423261,25,euclidean,distance
5907,29562,29563,0,0,0.044551016001543001,25,euclidean,distance
5908,29568,29569,0,0,0.3943913478008243,25,euclidean,distance
5909,29570,29571,1,1,0.86798840234662078,25,euclidean,distance
5910,29576,29577,1,1,0.84211399758031191,25,euclidean,distance
5911,29577,29578,1,0,0.10263760308655349,25,euclidean,distance
5912,29580,29581,0,0,0.084636933372476728,25,euclidean,distance
5913,29581,29582,0,0,0.078416819296910356,25,euclidean,distance
5914,29583,29584,0,0,0.11604855371271376,25,euclidean,distance
5915,29596,29597,0,0,0.11043793839318435,25,euclidean,distance
5916,29597,29598,0,0,0.17923636320803274,25,euclidean,distance
5917,29598,29599,1,0,0.34439664982212387,25,euclidean,distance
5918,29599,29600,0,0,0.105260219682292,25,euclidean,distance
5919,29615,29616,1,0,0.34393791446458699,25,euclidean,distance
5920,29616,29617,0,0,0.1553062173642763,25,euclidean,distance
5921,29618,29619,0,0,0.11430612409049282,25,euclidean,distance
5922,29628,29629,0,0,0.13576148916430966,25,euclidean,distance
5923,29631,29632,0,0,0.2899474664788052,25,euclidean,distance
5924,29634,29635,0,0,0,25,euclidean,distance
5925,29635,29636,0,0,0.14932096087911093,25,euclidean,distance
5926,29641,29642,0,0,0.072089524922685319,25,euclidean,distance
5927,29649,29650,0,0,0.14631848044795848,25,euclidean,distance
5928,29651,29652,1,0,0.49745080998182456,25,euclidean,distance
5929,29652,29653,0,0,0.081568060373911122,25,euclidean,distance
5930,29664,29665,0,0,0.12058093567168453,25,euclidean,distance
5931,29669,29670,0,0,0.11007952666036266,25,euclidean,distance
5932,29670,29671,0,0,0.36959274022206273,25,euclidean,distance
5933,29675,29676,0,0,0.12442563528209914,25,euclidean,distance
5934,29680,29681,0,0,0.35010047268197558,25,euclidean,distance
5935,29681,29682,1,0,0.32318047706667152,25,euclidean,distance
5936,29689,29690,0,0,0.32926235719858848,25,euclidean,distance
5937,29690,29691,0,0,0.18475036038995254,25,euclidean,distance
5938,29695,29696,0,0,0.1173705377795386,25,euclidean,distance
5939,29704,29705,0,0,0.28295587271469042,25,euclidean,distance
5940,29717,29718,1,0,0.12164992078384618,25,euclidean,distance
5941,29718,29719,0,0,0.042276872648955424,25,euclidean,distance
5942,29720,29721,0,0,0.11937684976599314,25,euclidean,distance
5943,29726,29727,1,1,0.83044965954898087,25,euclidean,distance
5944,29736,29737,0,0,0.19336042258407957,25,euclidean,distance
5945,29737,29738,1,0,0.41915927537012759,25,euclidean,distance
5946,29754,29755,0,0,0.49106404987507141,25,euclidean,distance
5947,29756,29757,0,1,0.69670204216411835,25,euclidean,distance
5948,29757,29758,0,0,0.11952836811953786,25,euclidean,distance
5949,29766,29767,0,0,0.37793361679562121,25,euclidean,distance
5950,29770,29771,1,1,0.80115413875809394,25,euclidean,distance
5951,29772,29773,0,0,0.13441238543386255,25,euclidean,distance
5952,29780,29781,0,0,0.20419033259025587,25,euclidean,distance
5953,29788,29789,0,0,0.18560028116377472,25,euclidean,distance
5954,29790,29791,0,0,0.12181887374042834,25,euclidean,distance
5955,29813,29814,0,0,0.082004712760810491,25,euclidean,distance
5956,29815,29816,0,0,0.27543245306966013,25,euclidean,distance
5957,29822,29823,0,0,0.2401026667603062,25,euclidean,distance
5958,29837,29838,0,0,0.3197532305785033,25,euclidean,distance
5959,29838,29839,1,0,0.18696908537099427,25,euclidean,distance
5960,29840,29841,1,1,0.74526866276564285,25,euclidean,distance
5961,29841,29842,0,0,0.078560196121542622,25,euclidean,distance
5962,29842,29843,0,0,0.2000718929867821,25,euclidean,distance
5963,29844,29845,0,0,0.042643215105398077,25,euclidean,distance
5964,29850,29851,0,0,0.14354610955160527,25,euclidean,distance
5965,29858,29859,0,0,0.38017908245482646,25,euclidean,distance
5966,29867,29868,0,0,0.12589423652823456,25,euclidean,distance
5967,29879,29880,0,0,0.069747279596412359,25,euclidean,distance
5968,29895,29896,0,0,0.15944408820981645,25,euclidean,distance
5969,29899,29900,1,0,0.21075041001875217,25,euclidean,distance
5970,29900,29901,1,0,0.12510954548878039,25,euclidean,distance
5971,29903,29904,0,0,0.085854153796842581,25,euclidean,distance
5972,29905,29906,1,0,0.48622584115522993,25,euclidean,distance
5973,29912,29913,0,0,0.12278283605966261,25,euclidean,distance
5974,29915,29916,0,0,0.42297498126436089,25,euclidean,distance
5975,29916,29917,0,0,0.04559063449770355,25,euclidean,distance
5976,29918,29919,0,0,0.079633294890040784,25,euclidean,distance
5977,29931,29932,0,0,0.24191305718724254,25,euclidean,distance
5978,29933,29934,0,0,0.37115184645008564,25,euclidean,distance
5979,29935,29936,1,0,0.078095452891789194,25,euclidean,distance
5980,29939,29940,0,0,0.11526985120902504,25,euclidean,distance
5981,29944,29945,1,0,0.40766319561388142,25,euclidean,distance
5982,29945,29946,0,0,0.23509450789013978,25,euclidean,distance
5983,29946,29947,0,0,0.25217422656739324,25,euclidean,distance
5984,29958,29959,0,0,0.25214789009946698,25,euclidean,distance
5985,29959,29960,0,0,0.041852635456558866,25,euclidean,distance
5986,29963,29964,0,0,0.081958280755894508,25,euclidean,distance
5987,29967,29968,0,0,0.3049010471074674,25,euclidean,distance
5988,29968,29969,0,0,0.23425504705088587,25,euclidean,distance
5989,29969,29970,0,0,0.034373025758409226,25,euclidean,distance
5990,29970,29971,0,0,0,25,euclidean,distance
5991,29972,29973,0,0,0.12792293611470154,25,euclidean,distance
5992,29976,29977,1,1,0.88665639192514678,25,euclidean,distance
5993,29977,29978,0,0,0,25,euclidean,distance
5994,29982,29983,1,0,0.076493020209956991,25,euclidean,distance
5995,29985,29986,0,0,0.10375873780219959,25,euclidean,distance
5996,29988,29989,0,0,0.23224132691202107,25,euclidean,distance
5997,29993,29994,0,0,0,25,euclidean,distance
5998,29994,29995,1,1,0.8698009051002239,25,euclidean,distance
5999,29996,29997,0,0,0.20565612945803502,25,euclidean,distance
