run_id,implementation_id,model_group,config_hash,phase,trial,sequence,order_in_trial,is_warmup,timestamp,seconds,checksum,n_train,n_query,n_features,k,batch_size,process_id,process_mode,build_mode,implementation_source_sha256,compiled_source_id,artifact_sha256,artifact_kind,compiler_or_runtime,build_flags_or_options,library_versions,thread_environment,threadpool_info,knn_compute_threads,thread_scope,affinity,affinity_scope,temperature_celsius,cpu_frequency_mhz
20260916T205945.220601_0000_b410e8a7,final_python,final,2652117a4ee78ff9ca3af25e0b14630333dee5e7f037dd51297219109b837111,prediction,0,0,0,True,2026-09-16T21:01:33.871582+00:00,35.550716400030069,sha256:94c23c2f74e4663dfaa013a12610290f8fec481adcb2e0a5e515cfb92942eb90,24000,6000,60,101,1,9208,resident Python,not_applicable,71efcc2c822e4a6a086a65826a36132e40db462a171e31c4d064454e0740c59e,,5a0a13c8f43064ac41b900731046ff663fc37c87a7c7f84866d90a571b5626f4,python_interpreter,3.10.14,Python binary64,"{""matplotlib"":""3.7.0"",""numpy"":""1.26.0"",""pandas"":""1.5.3"",""scikit-learn"":""1.2.1"",""scipy"":""1.13.1"",""threadpoolctl"":""3.5.0""}","{""MKL_NUM_THREADS"":""1"",""NUMEXPR_NUM_THREADS"":""1"",""OMP_NUM_THREADS"":""1"",""OPENBLAS_NUM_THREADS"":""1"",""VECLIB_MAXIMUM_THREADS"":""1""}","[{""architecture"":""Prescott"",""internal_api"":""openblas"",""num_threads"":1,""prefix"":""libopenblas"",""threading_layer"":""pthreads"",""user_api"":""blas"",""version"":""0.3.23.dev""},{""architecture"":""Haswell"",""internal_api"":""openblas"",""num_threads"":1,""prefix"":""libopenblas"",""threading_layer"":""pthreads"",""user_api"":""blas"",""version"":""0.3.27""},{""internal_api"":""openmp"",""num_threads"":1,""prefix"":""vcomp"",""user_api"":""openmp"",""version"":null}]",1,one KNN compute thread; process thread total not claimed,"{""cpus"":[0,1,2,3,4,5,6,7,8,9,10,11,12,13,14,15,16,17,18,19],""scope"":""process primary Windows processor group"",""status"":""observed""}",resident process observed before warmups; no affinity changes requested,,
20260916T205945.220601_0000_b410e8a7,final_sklearn,final,2652117a4ee78ff9ca3af25e0b14630333dee5e7f037dd51297219109b837111,prediction,0,1,1,True,2026-09-16T21:01:35.279562+00:00,1.4052291000261903,sha256:0643c68fa542526a824dd16f18e69950584874cb821f56683d0db64ca273c6be,24000,6000,60,101,,9208,resident Python,not_applicable,71efcc2c822e4a6a086a65826a36132e40db462a171e31c4d064454e0740c59e,,5a0a13c8f43064ac41b900731046ff663fc37c87a7c7f84866d90a571b5626f4,python_interpreter,3.10.14,n_jobs=1; brute; distance,"{""matplotlib"":""3.7.0"",""numpy"":""1.26.0"",""pandas"":""1.5.3"",""scikit-learn"":""1.2.1"",""scipy"":""1.13.1"",""threadpoolctl"":""3.5.0""}","{""MKL_NUM_THREADS"":""1"",""NUMEXPR_NUM_THREADS"":""1"",""OMP_NUM_THREADS"":""1"",""OPENBLAS_NUM_THREADS"":""1"",""VECLIB_MAXIMUM_THREADS"":""1""}","[{""architecture"":""Prescott"",""internal_api"":""openblas"",""num_threads"":1,""prefix"":""libopenblas"",""threading_layer"":""pthreads"",""user_api"":""blas"",""version"":""0.3.23.dev""},{""architecture"":""Haswell"",""internal_api"":""openblas"",""num_threads"":1,""prefix"":""libopenblas"",""threading_layer"":""pthreads"",""user_api"":""blas"",""version"":""0.3.27""},{""internal_api"":""openmp"",""num_threads"":1,""prefix"":""vcomp"",""user_api"":""openmp"",""version"":null}]",1,one KNN compute thread; process thread total not claimed,"{""cpus"":[0,1,2,3,4,5,6,7,8,9,10,11,12,13,14,15,16,17,18,19],""scope"":""process primary Windows processor group"",""status"":""observed""}",resident process observed before warmups; no affinity changes requested,,
20260916T205945.220601_0000_b410e8a7,final_cpp,final,2652117a4ee78ff9ca3af25e0b14630333dee5e7f037dd51297219109b837111,prediction,0,2,2,True,2026-09-16T21:01:38.992504+00:00,3.7096805000000002,fnv1a64:f72460ae0302ef26,24000,6000,60,101,32,34704,persistent C++ process,portable,455fc90809696ecd5ee9177adf239a5498a089854297571ec3b37cc72d30d8ea,95e0113d16a7665f0e54632f986b5d010750307958af872f851adbc05a385a2b,802634e4969d1f91e152cb4aaf4f08c36570119c33ebd3f7c4602d4d21c02779,executable,MSVC 193532216,/DWIN32 /D_WINDOWS /EHsc /O2 /Ob2 /DNDEBUG /W4 /permissive- /fp:precise,{},"{""MKL_NUM_THREADS"":""1"",""NUMEXPR_NUM_THREADS"":""1"",""OMP_NUM_THREADS"":""1"",""OPENBLAS_NUM_THREADS"":""1"",""VECLIB_MAXIMUM_THREADS"":""1""}",[],1,one KNN compute thread; process thread total not claimed,"{""cpus"":[0,1,2,3,4,5,6,7,8,9,10,11,12,13,14,15,16,17,18,19],""scope"":""process primary Windows processor group"",""status"":""observed""}",resident process observed before warmups; no affinity changes requested,,
20260916T205945.220601_0000_b410e8a7,final_weka,final,2652117a4ee78ff9ca3af25e0b14630333dee5e7f037dd51297219109b837111,prediction,0,3,3,True,2026-09-16T21:01:52.457300+00:00,13.456512500000001,45e7db603c7c8a42e6f5ebd17dd4105d54cf79bcf902df5f90866ec2beee6aa4,24000,6000,60,101,,19772,persistent JVM,not_applicable,1f9d0cf314e161635aafef3f3ea4d89f6ee03e030fabb3974d959023de367242,,2e231e0dffe7dcf2c840c982f30e8b6177566b3df9d7844322e4da390c22047e,weka_jar,11.0.16.1,"-K 101 -W 0 -I -A ""weka.core.neighboursearch.LinearNNSearch -A \""weka.core.EuclideanDistance -D -R first-last\""""","{""weka"":""3.8.6""}","{""MKL_NUM_THREADS"":""1"",""NUMEXPR_NUM_THREADS"":""1"",""OMP_NUM_THREADS"":""1"",""OPENBLAS_NUM_THREADS"":""1"",""VECLIB_MAXIMUM_THREADS"":""1""}",[],1,sequential KNN; JVM service/JIT/GC threads may exist,"{""cpus"":[0,1,2,3,4,5,6,7,8,9,10,11,12,13,14,15,16,17,18,19],""scope"":""process primary Windows processor group"",""status"":""observed""}",resident process observed before warmups; no affinity changes requested,,
20260916T205945.220601_0000_b410e8a7,baseline_python_v5_1,baseline,78751a8c046a2fad278243868fba0102baeebb97c77bfcbd51bdb4113d0d8e42,prediction,0,4,4,True,2026-09-16T21:01:53.714281+00:00,1.2541286000050604,sha256:f7c61d2d72c51337d167c87debc737b91c755d1c6f434887760024617b9788e9,24000,6000,33,19,64,9208,resident Python,not_applicable,3c704c1c136520c4fb98b9d67a2d6d64637b21c08f639ca090d92c3ce65cdf0d,,5a0a13c8f43064ac41b900731046ff663fc37c87a7c7f84866d90a571b5626f4,python_interpreter,3.10.14,Python binary64,"{""matplotlib"":""3.7.0"",""numpy"":""1.26.0"",""pandas"":""1.5.3"",""scikit-learn"":""1.2.1"",""scipy"":""1.13.1"",""threadpoolctl"":""3.5.0""}","{""MKL_NUM_THREADS"":""1"",""NUMEXPR_NUM_THREADS"":""1"",""OMP_NUM_THREADS"":""1"",""OPENBLAS_NUM_THREADS"":""1"",""VECLIB_MAXIMUM_THREADS"":""1""}","[{""architecture"":""Prescott"",""internal_api"":""openblas"",""num_threads"":1,""prefix"":""libopenblas"",""threading_layer"":""pthreads"",""user_api"":""blas"",""version"":""0.3.23.dev""},{""architecture"":""Haswell"",""internal_api"":""openblas"",""num_threads"":1,""prefix"":""libopenblas"",""threading_layer"":""pthreads"",""user_api"":""blas"",""version"":""0.3.27""},{""internal_api"":""openmp"",""num_threads"":1,""prefix"":""vcomp"",""user_api"":""openmp"",""version"":null}]",1,one KNN compute thread; process thread total not claimed,"{""cpus"":[0,1,2,3,4,5,6,7,8,9,10,11,12,13,14,15,16,17,18,19],""scope"":""process primary Windows processor group"",""status"":""observed""}",resident process observed before warmups; no affinity changes requested,,
20260916T205945.220601_0000_b410e8a7,final_sklearn,final,2652117a4ee78ff9ca3af25e0b14630333dee5e7f037dd51297219109b837111,prediction,1,5,0,True,2026-09-16T21:01:55.118759+00:00,1.4015201000147499,sha256:0643c68fa542526a824dd16f18e69950584874cb821f56683d0db64ca273c6be,24000,6000,60,101,,9208,resident Python,not_applicable,71efcc2c822e4a6a086a65826a36132e40db462a171e31c4d064454e0740c59e,,5a0a13c8f43064ac41b900731046ff663fc37c87a7c7f84866d90a571b5626f4,python_interpreter,3.10.14,n_jobs=1; brute; distance,"{""matplotlib"":""3.7.0"",""numpy"":""1.26.0"",""pandas"":""1.5.3"",""scikit-learn"":""1.2.1"",""scipy"":""1.13.1"",""threadpoolctl"":""3.5.0""}","{""MKL_NUM_THREADS"":""1"",""NUMEXPR_NUM_THREADS"":""1"",""OMP_NUM_THREADS"":""1"",""OPENBLAS_NUM_THREADS"":""1"",""VECLIB_MAXIMUM_THREADS"":""1""}","[{""architecture"":""Prescott"",""internal_api"":""openblas"",""num_threads"":1,""prefix"":""libopenblas"",""threading_layer"":""pthreads"",""user_api"":""blas"",""version"":""0.3.23.dev""},{""architecture"":""Haswell"",""internal_api"":""openblas"",""num_threads"":1,""prefix"":""libopenblas"",""threading_layer"":""pthreads"",""user_api"":""blas"",""version"":""0.3.27""},{""internal_api"":""openmp"",""num_threads"":1,""prefix"":""vcomp"",""user_api"":""openmp"",""version"":null}]",1,one KNN compute thread; process thread total not claimed,"{""cpus"":[0,1,2,3,4,5,6,7,8,9,10,11,12,13,14,15,16,17,18,19],""scope"":""process primary Windows processor group"",""status"":""observed""}",resident process observed before warmups; no affinity changes requested,,
20260916T205945.220601_0000_b410e8a7,baseline_python_v5_1,baseline,78751a8c046a2fad278243868fba0102baeebb97c77bfcbd51bdb4113d0d8e42,prediction,1,6,1,True,2026-09-16T21:01:56.378740+00:00,1.256976000033319,sha256:f7c61d2d72c51337d167c87debc737b91c755d1c6f434887760024617b9788e9,24000,6000,33,19,64,9208,resident Python,not_applicable,3c704c1c136520c4fb98b9d67a2d6d64637b21c08f639ca090d92c3ce65cdf0d,,5a0a13c8f43064ac41b900731046ff663fc37c87a7c7f84866d90a571b5626f4,python_interpreter,3.10.14,Python binary64,"{""matplotlib"":""3.7.0"",""numpy"":""1.26.0"",""pandas"":""1.5.3"",""scikit-learn"":""1.2.1"",""scipy"":""1.13.1"",""threadpoolctl"":""3.5.0""}","{""MKL_NUM_THREADS"":""1"",""NUMEXPR_NUM_THREADS"":""1"",""OMP_NUM_THREADS"":""1"",""OPENBLAS_NUM_THREADS"":""1"",""VECLIB_MAXIMUM_THREADS"":""1""}","[{""architecture"":""Prescott"",""internal_api"":""openblas"",""num_threads"":1,""prefix"":""libopenblas"",""threading_layer"":""pthreads"",""user_api"":""blas"",""version"":""0.3.23.dev""},{""architecture"":""Haswell"",""internal_api"":""openblas"",""num_threads"":1,""prefix"":""libopenblas"",""threading_layer"":""pthreads"",""user_api"":""blas"",""version"":""0.3.27""},{""internal_api"":""openmp"",""num_threads"":1,""prefix"":""vcomp"",""user_api"":""openmp"",""version"":null}]",1,one KNN compute thread; process thread total not claimed,"{""cpus"":[0,1,2,3,4,5,6,7,8,9,10,11,12,13,14,15,16,17,18,19],""scope"":""process primary Windows processor group"",""status"":""observed""}",resident process observed before warmups; no affinity changes requested,,
20260916T205945.220601_0000_b410e8a7,final_python,final,2652117a4ee78ff9ca3af25e0b14630333dee5e7f037dd51297219109b837111,prediction,1,7,2,True,2026-09-16T21:02:32.518191+00:00,36.136961699987296,sha256:94c23c2f74e4663dfaa013a12610290f8fec481adcb2e0a5e515cfb92942eb90,24000,6000,60,101,1,9208,resident Python,not_applicable,71efcc2c822e4a6a086a65826a36132e40db462a171e31c4d064454e0740c59e,,5a0a13c8f43064ac41b900731046ff663fc37c87a7c7f84866d90a571b5626f4,python_interpreter,3.10.14,Python binary64,"{""matplotlib"":""3.7.0"",""numpy"":""1.26.0"",""pandas"":""1.5.3"",""scikit-learn"":""1.2.1"",""scipy"":""1.13.1"",""threadpoolctl"":""3.5.0""}","{""MKL_NUM_THREADS"":""1"",""NUMEXPR_NUM_THREADS"":""1"",""OMP_NUM_THREADS"":""1"",""OPENBLAS_NUM_THREADS"":""1"",""VECLIB_MAXIMUM_THREADS"":""1""}","[{""architecture"":""Prescott"",""internal_api"":""openblas"",""num_threads"":1,""prefix"":""libopenblas"",""threading_layer"":""pthreads"",""user_api"":""blas"",""version"":""0.3.23.dev""},{""architecture"":""Haswell"",""internal_api"":""openblas"",""num_threads"":1,""prefix"":""libopenblas"",""threading_layer"":""pthreads"",""user_api"":""blas"",""version"":""0.3.27""},{""internal_api"":""openmp"",""num_threads"":1,""prefix"":""vcomp"",""user_api"":""openmp"",""version"":null}]",1,one KNN compute thread; process thread total not claimed,"{""cpus"":[0,1,2,3,4,5,6,7,8,9,10,11,12,13,14,15,16,17,18,19],""scope"":""process primary Windows processor group"",""status"":""observed""}",resident process observed before warmups; no affinity changes requested,,
20260916T205945.220601_0000_b410e8a7,final_weka,final,2652117a4ee78ff9ca3af25e0b14630333dee5e7f037dd51297219109b837111,prediction,1,8,3,True,2026-09-16T21:02:45.951487+00:00,13.4272545,45e7db603c7c8a42e6f5ebd17dd4105d54cf79bcf902df5f90866ec2beee6aa4,24000,6000,60,101,,19772,persistent JVM,not_applicable,1f9d0cf314e161635aafef3f3ea4d89f6ee03e030fabb3974d959023de367242,,2e231e0dffe7dcf2c840c982f30e8b6177566b3df9d7844322e4da390c22047e,weka_jar,11.0.16.1,"-K 101 -W 0 -I -A ""weka.core.neighboursearch.LinearNNSearch -A \""weka.core.EuclideanDistance -D -R first-last\""""","{""weka"":""3.8.6""}","{""MKL_NUM_THREADS"":""1"",""NUMEXPR_NUM_THREADS"":""1"",""OMP_NUM_THREADS"":""1"",""OPENBLAS_NUM_THREADS"":""1"",""VECLIB_MAXIMUM_THREADS"":""1""}",[],1,sequential KNN; JVM service/JIT/GC threads may exist,"{""cpus"":[0,1,2,3,4,5,6,7,8,9,10,11,12,13,14,15,16,17,18,19],""scope"":""process primary Windows processor group"",""status"":""observed""}",resident process observed before warmups; no affinity changes requested,,
20260916T205945.220601_0000_b410e8a7,final_cpp,final,2652117a4ee78ff9ca3af25e0b14630333dee5e7f037dd51297219109b837111,prediction,1,9,4,True,2026-09-16T21:02:49.667930+00:00,3.7130455000000002,fnv1a64:f72460ae0302ef26,24000,6000,60,101,32,34704,persistent C++ process,portable,455fc90809696ecd5ee9177adf239a5498a089854297571ec3b37cc72d30d8ea,95e0113d16a7665f0e54632f986b5d010750307958af872f851adbc05a385a2b,802634e4969d1f91e152cb4aaf4f08c36570119c33ebd3f7c4602d4d21c02779,executable,MSVC 193532216,/DWIN32 /D_WINDOWS /EHsc /O2 /Ob2 /DNDEBUG /W4 /permissive- /fp:precise,{},"{""MKL_NUM_THREADS"":""1"",""NUMEXPR_NUM_THREADS"":""1"",""OMP_NUM_THREADS"":""1"",""OPENBLAS_NUM_THREADS"":""1"",""VECLIB_MAXIMUM_THREADS"":""1""}",[],1,one KNN compute thread; process thread total not claimed,"{""cpus"":[0,1,2,3,4,5,6,7,8,9,10,11,12,13,14,15,16,17,18,19],""scope"":""process primary Windows processor group"",""status"":""observed""}",resident process observed before warmups; no affinity changes requested,,
20260916T205945.220601_0000_b410e8a7,final_sklearn,final,2652117a4ee78ff9ca3af25e0b14630333dee5e7f037dd51297219109b837111,prediction,2,10,0,True,2026-09-16T21:02:51.072909+00:00,1.4018486999557354,sha256:0643c68fa542526a824dd16f18e69950584874cb821f56683d0db64ca273c6be,24000,6000,60,101,,9208,resident Python,not_applicable,71efcc2c822e4a6a086a65826a36132e40db462a171e31c4d064454e0740c59e,,5a0a13c8f43064ac41b900731046ff663fc37c87a7c7f84866d90a571b5626f4,python_interpreter,3.10.14,n_jobs=1; brute; distance,"{""matplotlib"":""3.7.0"",""numpy"":""1.26.0"",""pandas"":""1.5.3"",""scikit-learn"":""1.2.1"",""scipy"":""1.13.1"",""threadpoolctl"":""3.5.0""}","{""MKL_NUM_THREADS"":""1"",""NUMEXPR_NUM_THREADS"":""1"",""OMP_NUM_THREADS"":""1"",""OPENBLAS_NUM_THREADS"":""1"",""VECLIB_MAXIMUM_THREADS"":""1""}","[{""architecture"":""Prescott"",""internal_api"":""openblas"",""num_threads"":1,""prefix"":""libopenblas"",""threading_layer"":""pthreads"",""user_api"":""blas"",""version"":""0.3.23.dev""},{""architecture"":""Haswell"",""internal_api"":""openblas"",""num_threads"":1,""prefix"":""libopenblas"",""threading_layer"":""pthreads"",""user_api"":""blas"",""version"":""0.3.27""},{""internal_api"":""openmp"",""num_threads"":1,""prefix"":""vcomp"",""user_api"":""openmp"",""version"":null}]",1,one KNN compute thread; process thread total not claimed,"{""cpus"":[0,1,2,3,4,5,6,7,8,9,10,11,12,13,14,15,16,17,18,19],""scope"":""process primary Windows processor group"",""status"":""observed""}",resident process observed before warmups; no affinity changes requested,,
20260916T205945.220601_0000_b410e8a7,final_weka,final,2652117a4ee78ff9ca3af25e0b14630333dee5e7f037dd51297219109b837111,prediction,2,11,1,True,2026-09-16T21:03:04.416707+00:00,13.3389509,45e7db603c7c8a42e6f5ebd17dd4105d54cf79bcf902df5f90866ec2beee6aa4,24000,6000,60,101,,19772,persistent JVM,not_applicable,1f9d0cf314e161635aafef3f3ea4d89f6ee03e030fabb3974d959023de367242,,2e231e0dffe7dcf2c840c982f30e8b6177566b3df9d7844322e4da390c22047e,weka_jar,11.0.16.1,"-K 101 -W 0 -I -A ""weka.core.neighboursearch.LinearNNSearch -A \""weka.core.EuclideanDistance -D -R first-last\""""","{""weka"":""3.8.6""}","{""MKL_NUM_THREADS"":""1"",""NUMEXPR_NUM_THREADS"":""1"",""OMP_NUM_THREADS"":""1"",""OPENBLAS_NUM_THREADS"":""1"",""VECLIB_MAXIMUM_THREADS"":""1""}",[],1,sequential KNN; JVM service/JIT/GC threads may exist,"{""cpus"":[0,1,2,3,4,5,6,7,8,9,10,11,12,13,14,15,16,17,18,19],""scope"":""process primary Windows processor group"",""status"":""observed""}",resident process observed before warmups; no affinity changes requested,,
20260916T205945.220601_0000_b410e8a7,final_python,final,2652117a4ee78ff9ca3af25e0b14630333dee5e7f037dd51297219109b837111,prediction,2,12,2,True,2026-09-16T21:03:40.301661+00:00,35.882020700024441,sha256:94c23c2f74e4663dfaa013a12610290f8fec481adcb2e0a5e515cfb92942eb90,24000,6000,60,101,1,9208,resident Python,not_applicable,71efcc2c822e4a6a086a65826a36132e40db462a171e31c4d064454e0740c59e,,5a0a13c8f43064ac41b900731046ff663fc37c87a7c7f84866d90a571b5626f4,python_interpreter,3.10.14,Python binary64,"{""matplotlib"":""3.7.0"",""numpy"":""1.26.0"",""pandas"":""1.5.3"",""scikit-learn"":""1.2.1"",""scipy"":""1.13.1"",""threadpoolctl"":""3.5.0""}","{""MKL_NUM_THREADS"":""1"",""NUMEXPR_NUM_THREADS"":""1"",""OMP_NUM_THREADS"":""1"",""OPENBLAS_NUM_THREADS"":""1"",""VECLIB_MAXIMUM_THREADS"":""1""}","[{""architecture"":""Prescott"",""internal_api"":""openblas"",""num_threads"":1,""prefix"":""libopenblas"",""threading_layer"":""pthreads"",""user_api"":""blas"",""version"":""0.3.23.dev""},{""architecture"":""Haswell"",""internal_api"":""openblas"",""num_threads"":1,""prefix"":""libopenblas"",""threading_layer"":""pthreads"",""user_api"":""blas"",""version"":""0.3.27""},{""internal_api"":""openmp"",""num_threads"":1,""prefix"":""vcomp"",""user_api"":""openmp"",""version"":null}]",1,one KNN compute thread; process thread total not claimed,"{""cpus"":[0,1,2,3,4,5,6,7,8,9,10,11,12,13,14,15,16,17,18,19],""scope"":""process primary Windows processor group"",""status"":""observed""}",resident process observed before warmups; no affinity changes requested,,
20260916T205945.220601_0000_b410e8a7,final_cpp,final,2652117a4ee78ff9ca3af25e0b14630333dee5e7f037dd51297219109b837111,prediction,2,13,3,True,2026-09-16T21:03:44.016105+00:00,3.711274,fnv1a64:f72460ae0302ef26,24000,6000,60,101,32,34704,persistent C++ process,portable,455fc90809696ecd5ee9177adf239a5498a089854297571ec3b37cc72d30d8ea,95e0113d16a7665f0e54632f986b5d010750307958af872f851adbc05a385a2b,802634e4969d1f91e152cb4aaf4f08c36570119c33ebd3f7c4602d4d21c02779,executable,MSVC 193532216,/DWIN32 /D_WINDOWS /EHsc /O2 /Ob2 /DNDEBUG /W4 /permissive- /fp:precise,{},"{""MKL_NUM_THREADS"":""1"",""NUMEXPR_NUM_THREADS"":""1"",""OMP_NUM_THREADS"":""1"",""OPENBLAS_NUM_THREADS"":""1"",""VECLIB_MAXIMUM_THREADS"":""1""}",[],1,one KNN compute thread; process thread total not claimed,"{""cpus"":[0,1,2,3,4,5,6,7,8,9,10,11,12,13,14,15,16,17,18,19],""scope"":""process primary Windows processor group"",""status"":""observed""}",resident process observed before warmups; no affinity changes requested,,
20260916T205945.220601_0000_b410e8a7,baseline_python_v5_1,baseline,78751a8c046a2fad278243868fba0102baeebb97c77bfcbd51bdb4113d0d8e42,prediction,2,14,4,True,2026-09-16T21:03:45.275086+00:00,1.255459800013341,sha256:f7c61d2d72c51337d167c87debc737b91c755d1c6f434887760024617b9788e9,24000,6000,33,19,64,9208,resident Python,not_applicable,3c704c1c136520c4fb98b9d67a2d6d64637b21c08f639ca090d92c3ce65cdf0d,,5a0a13c8f43064ac41b900731046ff663fc37c87a7c7f84866d90a571b5626f4,python_interpreter,3.10.14,Python binary64,"{""matplotlib"":""3.7.0"",""numpy"":""1.26.0"",""pandas"":""1.5.3"",""scikit-learn"":""1.2.1"",""scipy"":""1.13.1"",""threadpoolctl"":""3.5.0""}","{""MKL_NUM_THREADS"":""1"",""NUMEXPR_NUM_THREADS"":""1"",""OMP_NUM_THREADS"":""1"",""OPENBLAS_NUM_THREADS"":""1"",""VECLIB_MAXIMUM_THREADS"":""1""}","[{""architecture"":""Prescott"",""internal_api"":""openblas"",""num_threads"":1,""prefix"":""libopenblas"",""threading_layer"":""pthreads"",""user_api"":""blas"",""version"":""0.3.23.dev""},{""architecture"":""Haswell"",""internal_api"":""openblas"",""num_threads"":1,""prefix"":""libopenblas"",""threading_layer"":""pthreads"",""user_api"":""blas"",""version"":""0.3.27""},{""internal_api"":""openmp"",""num_threads"":1,""prefix"":""vcomp"",""user_api"":""openmp"",""version"":null}]",1,one KNN compute thread; process thread total not claimed,"{""cpus"":[0,1,2,3,4,5,6,7,8,9,10,11,12,13,14,15,16,17,18,19],""scope"":""process primary Windows processor group"",""status"":""observed""}",resident process observed before warmups; no affinity changes requested,,
20260916T205945.220601_0000_b410e8a7,final_weka,final,2652117a4ee78ff9ca3af25e0b14630333dee5e7f037dd51297219109b837111,prediction,0,15,0,False,2026-09-16T21:03:58.676881+00:00,13.396894899999999,45e7db603c7c8a42e6f5ebd17dd4105d54cf79bcf902df5f90866ec2beee6aa4,24000,6000,60,101,,19772,persistent JVM,not_applicable,1f9d0cf314e161635aafef3f3ea4d89f6ee03e030fabb3974d959023de367242,,2e231e0dffe7dcf2c840c982f30e8b6177566b3df9d7844322e4da390c22047e,weka_jar,11.0.16.1,"-K 101 -W 0 -I -A ""weka.core.neighboursearch.LinearNNSearch -A \""weka.core.EuclideanDistance -D -R first-last\""""","{""weka"":""3.8.6""}","{""MKL_NUM_THREADS"":""1"",""NUMEXPR_NUM_THREADS"":""1"",""OMP_NUM_THREADS"":""1"",""OPENBLAS_NUM_THREADS"":""1"",""VECLIB_MAXIMUM_THREADS"":""1""}",[],1,sequential KNN; JVM service/JIT/GC threads may exist,"{""cpus"":[0,1,2,3,4,5,6,7,8,9,10,11,12,13,14,15,16,17,18,19],""scope"":""process primary Windows processor group"",""status"":""observed""}",resident process observed before warmups; no affinity changes requested,,
20260916T205945.220601_0000_b410e8a7,baseline_python_v5_1,baseline,78751a8c046a2fad278243868fba0102baeebb97c77bfcbd51bdb4113d0d8e42,prediction,0,16,1,False,2026-09-16T21:03:59.943362+00:00,1.2631600999739021,sha256:f7c61d2d72c51337d167c87debc737b91c755d1c6f434887760024617b9788e9,24000,6000,33,19,64,9208,resident Python,not_applicable,3c704c1c136520c4fb98b9d67a2d6d64637b21c08f639ca090d92c3ce65cdf0d,,5a0a13c8f43064ac41b900731046ff663fc37c87a7c7f84866d90a571b5626f4,python_interpreter,3.10.14,Python binary64,"{""matplotlib"":""3.7.0"",""numpy"":""1.26.0"",""pandas"":""1.5.3"",""scikit-learn"":""1.2.1"",""scipy"":""1.13.1"",""threadpoolctl"":""3.5.0""}","{""MKL_NUM_THREADS"":""1"",""NUMEXPR_NUM_THREADS"":""1"",""OMP_NUM_THREADS"":""1"",""OPENBLAS_NUM_THREADS"":""1"",""VECLIB_MAXIMUM_THREADS"":""1""}","[{""architecture"":""Prescott"",""internal_api"":""openblas"",""num_threads"":1,""prefix"":""libopenblas"",""threading_layer"":""pthreads"",""user_api"":""blas"",""version"":""0.3.23.dev""},{""architecture"":""Haswell"",""internal_api"":""openblas"",""num_threads"":1,""prefix"":""libopenblas"",""threading_layer"":""pthreads"",""user_api"":""blas"",""version"":""0.3.27""},{""internal_api"":""openmp"",""num_threads"":1,""prefix"":""vcomp"",""user_api"":""openmp"",""version"":null}]",1,one KNN compute thread; process thread total not claimed,"{""cpus"":[0,1,2,3,4,5,6,7,8,9,10,11,12,13,14,15,16,17,18,19],""scope"":""process primary Windows processor group"",""status"":""observed""}",resident process observed before warmups; no affinity changes requested,,
20260916T205945.220601_0000_b410e8a7,final_cpp,final,2652117a4ee78ff9ca3af25e0b14630333dee5e7f037dd51297219109b837111,prediction,0,17,2,False,2026-09-16T21:04:03.657806+00:00,3.7111711000000001,fnv1a64:f72460ae0302ef26,24000,6000,60,101,32,34704,persistent C++ process,portable,455fc90809696ecd5ee9177adf239a5498a089854297571ec3b37cc72d30d8ea,95e0113d16a7665f0e54632f986b5d010750307958af872f851adbc05a385a2b,802634e4969d1f91e152cb4aaf4f08c36570119c33ebd3f7c4602d4d21c02779,executable,MSVC 193532216,/DWIN32 /D_WINDOWS /EHsc /O2 /Ob2 /DNDEBUG /W4 /permissive- /fp:precise,{},"{""MKL_NUM_THREADS"":""1"",""NUMEXPR_NUM_THREADS"":""1"",""OMP_NUM_THREADS"":""1"",""OPENBLAS_NUM_THREADS"":""1"",""VECLIB_MAXIMUM_THREADS"":""1""}",[],1,one KNN compute thread; process thread total not claimed,"{""cpus"":[0,1,2,3,4,5,6,7,8,9,10,11,12,13,14,15,16,17,18,19],""scope"":""process primary Windows processor group"",""status"":""observed""}",resident process observed before warmups; no affinity changes requested,,
20260916T205945.220601_0000_b410e8a7,final_sklearn,final,2652117a4ee78ff9ca3af25e0b14630333dee5e7f037dd51297219109b837111,prediction,0,18,3,False,2026-09-16T21:04:05.061284+00:00,1.3998691000160761,sha256:0643c68fa542526a824dd16f18e69950584874cb821f56683d0db64ca273c6be,24000,6000,60,101,,9208,resident Python,not_applicable,71efcc2c822e4a6a086a65826a36132e40db462a171e31c4d064454e0740c59e,,5a0a13c8f43064ac41b900731046ff663fc37c87a7c7f84866d90a571b5626f4,python_interpreter,3.10.14,n_jobs=1; brute; distance,"{""matplotlib"":""3.7.0"",""numpy"":""1.26.0"",""pandas"":""1.5.3"",""scikit-learn"":""1.2.1"",""scipy"":""1.13.1"",""threadpoolctl"":""3.5.0""}","{""MKL_NUM_THREADS"":""1"",""NUMEXPR_NUM_THREADS"":""1"",""OMP_NUM_THREADS"":""1"",""OPENBLAS_NUM_THREADS"":""1"",""VECLIB_MAXIMUM_THREADS"":""1""}","[{""architecture"":""Prescott"",""internal_api"":""openblas"",""num_threads"":1,""prefix"":""libopenblas"",""threading_layer"":""pthreads"",""user_api"":""blas"",""version"":""0.3.23.dev""},{""architecture"":""Haswell"",""internal_api"":""openblas"",""num_threads"":1,""prefix"":""libopenblas"",""threading_layer"":""pthreads"",""user_api"":""blas"",""version"":""0.3.27""},{""internal_api"":""openmp"",""num_threads"":1,""prefix"":""vcomp"",""user_api"":""openmp"",""version"":null}]",1,one KNN compute thread; process thread total not claimed,"{""cpus"":[0,1,2,3,4,5,6,7,8,9,10,11,12,13,14,15,16,17,18,19],""scope"":""process primary Windows processor group"",""status"":""observed""}",resident process observed before warmups; no affinity changes requested,,
20260916T205945.220601_0000_b410e8a7,final_python,final,2652117a4ee78ff9ca3af25e0b14630333dee5e7f037dd51297219109b837111,prediction,0,19,4,False,2026-09-16T21:04:41.408232+00:00,36.344341899966821,sha256:94c23c2f74e4663dfaa013a12610290f8fec481adcb2e0a5e515cfb92942eb90,24000,6000,60,101,1,9208,resident Python,not_applicable,71efcc2c822e4a6a086a65826a36132e40db462a171e31c4d064454e0740c59e,,5a0a13c8f43064ac41b900731046ff663fc37c87a7c7f84866d90a571b5626f4,python_interpreter,3.10.14,Python binary64,"{""matplotlib"":""3.7.0"",""numpy"":""1.26.0"",""pandas"":""1.5.3"",""scikit-learn"":""1.2.1"",""scipy"":""1.13.1"",""threadpoolctl"":""3.5.0""}","{""MKL_NUM_THREADS"":""1"",""NUMEXPR_NUM_THREADS"":""1"",""OMP_NUM_THREADS"":""1"",""OPENBLAS_NUM_THREADS"":""1"",""VECLIB_MAXIMUM_THREADS"":""1""}","[{""architecture"":""Prescott"",""internal_api"":""openblas"",""num_threads"":1,""prefix"":""libopenblas"",""threading_layer"":""pthreads"",""user_api"":""blas"",""version"":""0.3.23.dev""},{""architecture"":""Haswell"",""internal_api"":""openblas"",""num_threads"":1,""prefix"":""libopenblas"",""threading_layer"":""pthreads"",""user_api"":""blas"",""version"":""0.3.27""},{""internal_api"":""openmp"",""num_threads"":1,""prefix"":""vcomp"",""user_api"":""openmp"",""version"":null}]",1,one KNN compute thread; process thread total not claimed,"{""cpus"":[0,1,2,3,4,5,6,7,8,9,10,11,12,13,14,15,16,17,18,19],""scope"":""process primary Windows processor group"",""status"":""observed""}",resident process observed before warmups; no affinity changes requested,,
20260916T205945.220601_0000_b410e8a7,baseline_python_v5_1,baseline,78751a8c046a2fad278243868fba0102baeebb97c77bfcbd51bdb4113d0d8e42,prediction,1,20,0,False,2026-09-16T21:04:42.671213+00:00,1.2592211999581195,sha256:f7c61d2d72c51337d167c87debc737b91c755d1c6f434887760024617b9788e9,24000,6000,33,19,64,9208,resident Python,not_applicable,3c704c1c136520c4fb98b9d67a2d6d64637b21c08f639ca090d92c3ce65cdf0d,,5a0a13c8f43064ac41b900731046ff663fc37c87a7c7f84866d90a571b5626f4,python_interpreter,3.10.14,Python binary64,"{""matplotlib"":""3.7.0"",""numpy"":""1.26.0"",""pandas"":""1.5.3"",""scikit-learn"":""1.2.1"",""scipy"":""1.13.1"",""threadpoolctl"":""3.5.0""}","{""MKL_NUM_THREADS"":""1"",""NUMEXPR_NUM_THREADS"":""1"",""OMP_NUM_THREADS"":""1"",""OPENBLAS_NUM_THREADS"":""1"",""VECLIB_MAXIMUM_THREADS"":""1""}","[{""architecture"":""Prescott"",""internal_api"":""openblas"",""num_threads"":1,""prefix"":""libopenblas"",""threading_layer"":""pthreads"",""user_api"":""blas"",""version"":""0.3.23.dev""},{""architecture"":""Haswell"",""internal_api"":""openblas"",""num_threads"":1,""prefix"":""libopenblas"",""threading_layer"":""pthreads"",""user_api"":""blas"",""version"":""0.3.27""},{""internal_api"":""openmp"",""num_threads"":1,""prefix"":""vcomp"",""user_api"":""openmp"",""version"":null}]",1,one KNN compute thread; process thread total not claimed,"{""cpus"":[0,1,2,3,4,5,6,7,8,9,10,11,12,13,14,15,16,17,18,19],""scope"":""process primary Windows processor group"",""status"":""observed""}",resident process observed before warmups; no affinity changes requested,,
20260916T205945.220601_0000_b410e8a7,final_sklearn,final,2652117a4ee78ff9ca3af25e0b14630333dee5e7f037dd51297219109b837111,prediction,1,21,1,False,2026-09-16T21:04:44.076691+00:00,1.402312999998685,sha256:0643c68fa542526a824dd16f18e69950584874cb821f56683d0db64ca273c6be,24000,6000,60,101,,9208,resident Python,not_applicable,71efcc2c822e4a6a086a65826a36132e40db462a171e31c4d064454e0740c59e,,5a0a13c8f43064ac41b900731046ff663fc37c87a7c7f84866d90a571b5626f4,python_interpreter,3.10.14,n_jobs=1; brute; distance,"{""matplotlib"":""3.7.0"",""numpy"":""1.26.0"",""pandas"":""1.5.3"",""scikit-learn"":""1.2.1"",""scipy"":""1.13.1"",""threadpoolctl"":""3.5.0""}","{""MKL_NUM_THREADS"":""1"",""NUMEXPR_NUM_THREADS"":""1"",""OMP_NUM_THREADS"":""1"",""OPENBLAS_NUM_THREADS"":""1"",""VECLIB_MAXIMUM_THREADS"":""1""}","[{""architecture"":""Prescott"",""internal_api"":""openblas"",""num_threads"":1,""prefix"":""libopenblas"",""threading_layer"":""pthreads"",""user_api"":""blas"",""version"":""0.3.23.dev""},{""architecture"":""Haswell"",""internal_api"":""openblas"",""num_threads"":1,""prefix"":""libopenblas"",""threading_layer"":""pthreads"",""user_api"":""blas"",""version"":""0.3.27""},{""internal_api"":""openmp"",""num_threads"":1,""prefix"":""vcomp"",""user_api"":""openmp"",""version"":null}]",1,one KNN compute thread; process thread total not claimed,"{""cpus"":[0,1,2,3,4,5,6,7,8,9,10,11,12,13,14,15,16,17,18,19],""scope"":""process primary Windows processor group"",""status"":""observed""}",resident process observed before warmups; no affinity changes requested,,
20260916T205945.220601_0000_b410e8a7,final_weka,final,2652117a4ee78ff9ca3af25e0b14630333dee5e7f037dd51297219109b837111,prediction,1,22,2,False,2026-09-16T21:04:57.466988+00:00,13.3847653,45e7db603c7c8a42e6f5ebd17dd4105d54cf79bcf902df5f90866ec2beee6aa4,24000,6000,60,101,,19772,persistent JVM,not_applicable,1f9d0cf314e161635aafef3f3ea4d89f6ee03e030fabb3974d959023de367242,,2e231e0dffe7dcf2c840c982f30e8b6177566b3df9d7844322e4da390c22047e,weka_jar,11.0.16.1,"-K 101 -W 0 -I -A ""weka.core.neighboursearch.LinearNNSearch -A \""weka.core.EuclideanDistance -D -R first-last\""""","{""weka"":""3.8.6""}","{""MKL_NUM_THREADS"":""1"",""NUMEXPR_NUM_THREADS"":""1"",""OMP_NUM_THREADS"":""1"",""OPENBLAS_NUM_THREADS"":""1"",""VECLIB_MAXIMUM_THREADS"":""1""}",[],1,sequential KNN; JVM service/JIT/GC threads may exist,"{""cpus"":[0,1,2,3,4,5,6,7,8,9,10,11,12,13,14,15,16,17,18,19],""scope"":""process primary Windows processor group"",""status"":""observed""}",resident process observed before warmups; no affinity changes requested,,
20260916T205945.220601_0000_b410e8a7,final_cpp,final,2652117a4ee78ff9ca3af25e0b14630333dee5e7f037dd51297219109b837111,prediction,1,23,3,False,2026-09-16T21:05:01.180931+00:00,3.710442,fnv1a64:f72460ae0302ef26,24000,6000,60,101,32,34704,persistent C++ process,portable,455fc90809696ecd5ee9177adf239a5498a089854297571ec3b37cc72d30d8ea,95e0113d16a7665f0e54632f986b5d010750307958af872f851adbc05a385a2b,802634e4969d1f91e152cb4aaf4f08c36570119c33ebd3f7c4602d4d21c02779,executable,MSVC 193532216,/DWIN32 /D_WINDOWS /EHsc /O2 /Ob2 /DNDEBUG /W4 /permissive- /fp:precise,{},"{""MKL_NUM_THREADS"":""1"",""NUMEXPR_NUM_THREADS"":""1"",""OMP_NUM_THREADS"":""1"",""OPENBLAS_NUM_THREADS"":""1"",""VECLIB_MAXIMUM_THREADS"":""1""}",[],1,one KNN compute thread; process thread total not claimed,"{""cpus"":[0,1,2,3,4,5,6,7,8,9,10,11,12,13,14,15,16,17,18,19],""scope"":""process primary Windows processor group"",""status"":""observed""}",resident process observed before warmups; no affinity changes requested,,
20260916T205945.220601_0000_b410e8a7,final_python,final,2652117a4ee78ff9ca3af25e0b14630333dee5e7f037dd51297219109b837111,prediction,1,24,4,False,2026-09-16T21:05:36.896889+00:00,35.713210700021591,sha256:94c23c2f74e4663dfaa013a12610290f8fec481adcb2e0a5e515cfb92942eb90,24000,6000,60,101,1,9208,resident Python,not_applicable,71efcc2c822e4a6a086a65826a36132e40db462a171e31c4d064454e0740c59e,,5a0a13c8f43064ac41b900731046ff663fc37c87a7c7f84866d90a571b5626f4,python_interpreter,3.10.14,Python binary64,"{""matplotlib"":""3.7.0"",""numpy"":""1.26.0"",""pandas"":""1.5.3"",""scikit-learn"":""1.2.1"",""scipy"":""1.13.1"",""threadpoolctl"":""3.5.0""}","{""MKL_NUM_THREADS"":""1"",""NUMEXPR_NUM_THREADS"":""1"",""OMP_NUM_THREADS"":""1"",""OPENBLAS_NUM_THREADS"":""1"",""VECLIB_MAXIMUM_THREADS"":""1""}","[{""architecture"":""Prescott"",""internal_api"":""openblas"",""num_threads"":1,""prefix"":""libopenblas"",""threading_layer"":""pthreads"",""user_api"":""blas"",""version"":""0.3.23.dev""},{""architecture"":""Haswell"",""internal_api"":""openblas"",""num_threads"":1,""prefix"":""libopenblas"",""threading_layer"":""pthreads"",""user_api"":""blas"",""version"":""0.3.27""},{""internal_api"":""openmp"",""num_threads"":1,""prefix"":""vcomp"",""user_api"":""openmp"",""version"":null}]",1,one KNN compute thread; process thread total not claimed,"{""cpus"":[0,1,2,3,4,5,6,7,8,9,10,11,12,13,14,15,16,17,18,19],""scope"":""process primary Windows processor group"",""status"":""observed""}",resident process observed before warmups; no affinity changes requested,,
20260916T205945.220601_0000_b410e8a7,baseline_python_v5_1,baseline,78751a8c046a2fad278243868fba0102baeebb97c77bfcbd51bdb4113d0d8e42,prediction,2,25,0,False,2026-09-16T21:05:38.155370+00:00,1.2546216999762692,sha256:f7c61d2d72c51337d167c87debc737b91c755d1c6f434887760024617b9788e9,24000,6000,33,19,64,9208,resident Python,not_applicable,3c704c1c136520c4fb98b9d67a2d6d64637b21c08f639ca090d92c3ce65cdf0d,,5a0a13c8f43064ac41b900731046ff663fc37c87a7c7f84866d90a571b5626f4,python_interpreter,3.10.14,Python binary64,"{""matplotlib"":""3.7.0"",""numpy"":""1.26.0"",""pandas"":""1.5.3"",""scikit-learn"":""1.2.1"",""scipy"":""1.13.1"",""threadpoolctl"":""3.5.0""}","{""MKL_NUM_THREADS"":""1"",""NUMEXPR_NUM_THREADS"":""1"",""OMP_NUM_THREADS"":""1"",""OPENBLAS_NUM_THREADS"":""1"",""VECLIB_MAXIMUM_THREADS"":""1""}","[{""architecture"":""Prescott"",""internal_api"":""openblas"",""num_threads"":1,""prefix"":""libopenblas"",""threading_layer"":""pthreads"",""user_api"":""blas"",""version"":""0.3.23.dev""},{""architecture"":""Haswell"",""internal_api"":""openblas"",""num_threads"":1,""prefix"":""libopenblas"",""threading_layer"":""pthreads"",""user_api"":""blas"",""version"":""0.3.27""},{""internal_api"":""openmp"",""num_threads"":1,""prefix"":""vcomp"",""user_api"":""openmp"",""version"":null}]",1,one KNN compute thread; process thread total not claimed,"{""cpus"":[0,1,2,3,4,5,6,7,8,9,10,11,12,13,14,15,16,17,18,19],""scope"":""process primary Windows processor group"",""status"":""observed""}",resident process observed before warmups; no affinity changes requested,,
20260916T205945.220601_0000_b410e8a7,final_sklearn,final,2652117a4ee78ff9ca3af25e0b14630333dee5e7f037dd51297219109b837111,prediction,2,26,1,False,2026-09-16T21:05:39.562848+00:00,1.4032702000113204,sha256:0643c68fa542526a824dd16f18e69950584874cb821f56683d0db64ca273c6be,24000,6000,60,101,,9208,resident Python,not_applicable,71efcc2c822e4a6a086a65826a36132e40db462a171e31c4d064454e0740c59e,,5a0a13c8f43064ac41b900731046ff663fc37c87a7c7f84866d90a571b5626f4,python_interpreter,3.10.14,n_jobs=1; brute; distance,"{""matplotlib"":""3.7.0"",""numpy"":""1.26.0"",""pandas"":""1.5.3"",""scikit-learn"":""1.2.1"",""scipy"":""1.13.1"",""threadpoolctl"":""3.5.0""}","{""MKL_NUM_THREADS"":""1"",""NUMEXPR_NUM_THREADS"":""1"",""OMP_NUM_THREADS"":""1"",""OPENBLAS_NUM_THREADS"":""1"",""VECLIB_MAXIMUM_THREADS"":""1""}","[{""architecture"":""Prescott"",""internal_api"":""openblas"",""num_threads"":1,""prefix"":""libopenblas"",""threading_layer"":""pthreads"",""user_api"":""blas"",""version"":""0.3.23.dev""},{""architecture"":""Haswell"",""internal_api"":""openblas"",""num_threads"":1,""prefix"":""libopenblas"",""threading_layer"":""pthreads"",""user_api"":""blas"",""version"":""0.3.27""},{""internal_api"":""openmp"",""num_threads"":1,""prefix"":""vcomp"",""user_api"":""openmp"",""version"":null}]",1,one KNN compute thread; process thread total not claimed,"{""cpus"":[0,1,2,3,4,5,6,7,8,9,10,11,12,13,14,15,16,17,18,19],""scope"":""process primary Windows processor group"",""status"":""observed""}",resident process observed before warmups; no affinity changes requested,,
20260916T205945.220601_0000_b410e8a7,final_python,final,2652117a4ee78ff9ca3af25e0b14630333dee5e7f037dd51297219109b837111,prediction,2,27,2,False,2026-09-16T21:06:15.220306+00:00,35.654327100026421,sha256:94c23c2f74e4663dfaa013a12610290f8fec481adcb2e0a5e515cfb92942eb90,24000,6000,60,101,1,9208,resident Python,not_applicable,71efcc2c822e4a6a086a65826a36132e40db462a171e31c4d064454e0740c59e,,5a0a13c8f43064ac41b900731046ff663fc37c87a7c7f84866d90a571b5626f4,python_interpreter,3.10.14,Python binary64,"{""matplotlib"":""3.7.0"",""numpy"":""1.26.0"",""pandas"":""1.5.3"",""scikit-learn"":""1.2.1"",""scipy"":""1.13.1"",""threadpoolctl"":""3.5.0""}","{""MKL_NUM_THREADS"":""1"",""NUMEXPR_NUM_THREADS"":""1"",""OMP_NUM_THREADS"":""1"",""OPENBLAS_NUM_THREADS"":""1"",""VECLIB_MAXIMUM_THREADS"":""1""}","[{""architecture"":""Prescott"",""internal_api"":""openblas"",""num_threads"":1,""prefix"":""libopenblas"",""threading_layer"":""pthreads"",""user_api"":""blas"",""version"":""0.3.23.dev""},{""architecture"":""Haswell"",""internal_api"":""openblas"",""num_threads"":1,""prefix"":""libopenblas"",""threading_layer"":""pthreads"",""user_api"":""blas"",""version"":""0.3.27""},{""internal_api"":""openmp"",""num_threads"":1,""prefix"":""vcomp"",""user_api"":""openmp"",""version"":null}]",1,one KNN compute thread; process thread total not claimed,"{""cpus"":[0,1,2,3,4,5,6,7,8,9,10,11,12,13,14,15,16,17,18,19],""scope"":""process primary Windows processor group"",""status"":""observed""}",resident process observed before warmups; no affinity changes requested,,
20260916T205945.220601_0000_b410e8a7,final_cpp,final,2652117a4ee78ff9ca3af25e0b14630333dee5e7f037dd51297219109b837111,prediction,2,28,3,False,2026-09-16T21:06:18.934749+00:00,3.7103928000000002,fnv1a64:f72460ae0302ef26,24000,6000,60,101,32,34704,persistent C++ process,portable,455fc90809696ecd5ee9177adf239a5498a089854297571ec3b37cc72d30d8ea,95e0113d16a7665f0e54632f986b5d010750307958af872f851adbc05a385a2b,802634e4969d1f91e152cb4aaf4f08c36570119c33ebd3f7c4602d4d21c02779,executable,MSVC 193532216,/DWIN32 /D_WINDOWS /EHsc /O2 /Ob2 /DNDEBUG /W4 /permissive- /fp:precise,{},"{""MKL_NUM_THREADS"":""1"",""NUMEXPR_NUM_THREADS"":""1"",""OMP_NUM_THREADS"":""1"",""OPENBLAS_NUM_THREADS"":""1"",""VECLIB_MAXIMUM_THREADS"":""1""}",[],1,one KNN compute thread; process thread total not claimed,"{""cpus"":[0,1,2,3,4,5,6,7,8,9,10,11,12,13,14,15,16,17,18,19],""scope"":""process primary Windows processor group"",""status"":""observed""}",resident process observed before warmups; no affinity changes requested,,
20260916T205945.220601_0000_b410e8a7,final_weka,final,2652117a4ee78ff9ca3af25e0b14630333dee5e7f037dd51297219109b837111,prediction,2,29,4,False,2026-09-16T21:06:32.395545+00:00,13.455734700000001,45e7db603c7c8a42e6f5ebd17dd4105d54cf79bcf902df5f90866ec2beee6aa4,24000,6000,60,101,,19772,persistent JVM,not_applicable,1f9d0cf314e161635aafef3f3ea4d89f6ee03e030fabb3974d959023de367242,,2e231e0dffe7dcf2c840c982f30e8b6177566b3df9d7844322e4da390c22047e,weka_jar,11.0.16.1,"-K 101 -W 0 -I -A ""weka.core.neighboursearch.LinearNNSearch -A \""weka.core.EuclideanDistance -D -R first-last\""""","{""weka"":""3.8.6""}","{""MKL_NUM_THREADS"":""1"",""NUMEXPR_NUM_THREADS"":""1"",""OMP_NUM_THREADS"":""1"",""OPENBLAS_NUM_THREADS"":""1"",""VECLIB_MAXIMUM_THREADS"":""1""}",[],1,sequential KNN; JVM service/JIT/GC threads may exist,"{""cpus"":[0,1,2,3,4,5,6,7,8,9,10,11,12,13,14,15,16,17,18,19],""scope"":""process primary Windows processor group"",""status"":""observed""}",resident process observed before warmups; no affinity changes requested,,
20260916T205945.220601_0000_b410e8a7,final_weka,final,2652117a4ee78ff9ca3af25e0b14630333dee5e7f037dd51297219109b837111,prediction,3,30,0,False,2026-09-16T21:06:45.780916+00:00,13.3800168,45e7db603c7c8a42e6f5ebd17dd4105d54cf79bcf902df5f90866ec2beee6aa4,24000,6000,60,101,,19772,persistent JVM,not_applicable,1f9d0cf314e161635aafef3f3ea4d89f6ee03e030fabb3974d959023de367242,,2e231e0dffe7dcf2c840c982f30e8b6177566b3df9d7844322e4da390c22047e,weka_jar,11.0.16.1,"-K 101 -W 0 -I -A ""weka.core.neighboursearch.LinearNNSearch -A \""weka.core.EuclideanDistance -D -R first-last\""""","{""weka"":""3.8.6""}","{""MKL_NUM_THREADS"":""1"",""NUMEXPR_NUM_THREADS"":""1"",""OMP_NUM_THREADS"":""1"",""OPENBLAS_NUM_THREADS"":""1"",""VECLIB_MAXIMUM_THREADS"":""1""}",[],1,sequential KNN; JVM service/JIT/GC threads may exist,"{""cpus"":[0,1,2,3,4,5,6,7,8,9,10,11,12,13,14,15,16,17,18,19],""scope"":""process primary Windows processor group"",""status"":""observed""}",resident process observed before warmups; no affinity changes requested,,
20260916T205945.220601_0000_b410e8a7,final_python,final,2652117a4ee78ff9ca3af25e0b14630333dee5e7f037dd51297219109b837111,prediction,3,31,1,False,2026-09-16T21:07:21.841367+00:00,36.057160199969076,sha256:94c23c2f74e4663dfaa013a12610290f8fec481adcb2e0a5e515cfb92942eb90,24000,6000,60,101,1,9208,resident Python,not_applicable,71efcc2c822e4a6a086a65826a36132e40db462a171e31c4d064454e0740c59e,,5a0a13c8f43064ac41b900731046ff663fc37c87a7c7f84866d90a571b5626f4,python_interpreter,3.10.14,Python binary64,"{""matplotlib"":""3.7.0"",""numpy"":""1.26.0"",""pandas"":""1.5.3"",""scikit-learn"":""1.2.1"",""scipy"":""1.13.1"",""threadpoolctl"":""3.5.0""}","{""MKL_NUM_THREADS"":""1"",""NUMEXPR_NUM_THREADS"":""1"",""OMP_NUM_THREADS"":""1"",""OPENBLAS_NUM_THREADS"":""1"",""VECLIB_MAXIMUM_THREADS"":""1""}","[{""architecture"":""Prescott"",""internal_api"":""openblas"",""num_threads"":1,""prefix"":""libopenblas"",""threading_layer"":""pthreads"",""user_api"":""blas"",""version"":""0.3.23.dev""},{""architecture"":""Haswell"",""internal_api"":""openblas"",""num_threads"":1,""prefix"":""libopenblas"",""threading_layer"":""pthreads"",""user_api"":""blas"",""version"":""0.3.27""},{""internal_api"":""openmp"",""num_threads"":1,""prefix"":""vcomp"",""user_api"":""openmp"",""version"":null}]",1,one KNN compute thread; process thread total not claimed,"{""cpus"":[0,1,2,3,4,5,6,7,8,9,10,11,12,13,14,15,16,17,18,19],""scope"":""process primary Windows processor group"",""status"":""observed""}",resident process observed before warmups; no affinity changes requested,,
20260916T205945.220601_0000_b410e8a7,final_cpp,final,2652117a4ee78ff9ca3af25e0b14630333dee5e7f037dd51297219109b837111,prediction,3,32,2,False,2026-09-16T21:07:25.522812+00:00,3.6769457999999999,fnv1a64:f72460ae0302ef26,24000,6000,60,101,32,34704,persistent C++ process,portable,455fc90809696ecd5ee9177adf239a5498a089854297571ec3b37cc72d30d8ea,95e0113d16a7665f0e54632f986b5d010750307958af872f851adbc05a385a2b,802634e4969d1f91e152cb4aaf4f08c36570119c33ebd3f7c4602d4d21c02779,executable,MSVC 193532216,/DWIN32 /D_WINDOWS /EHsc /O2 /Ob2 /DNDEBUG /W4 /permissive- /fp:precise,{},"{""MKL_NUM_THREADS"":""1"",""NUMEXPR_NUM_THREADS"":""1"",""OMP_NUM_THREADS"":""1"",""OPENBLAS_NUM_THREADS"":""1"",""VECLIB_MAXIMUM_THREADS"":""1""}",[],1,one KNN compute thread; process thread total not claimed,"{""cpus"":[0,1,2,3,4,5,6,7,8,9,10,11,12,13,14,15,16,17,18,19],""scope"":""process primary Windows processor group"",""status"":""observed""}",resident process observed before warmups; no affinity changes requested,,
20260916T205945.220601_0000_b410e8a7,final_sklearn,final,2652117a4ee78ff9ca3af25e0b14630333dee5e7f037dd51297219109b837111,prediction,3,33,3,False,2026-09-16T21:07:26.929290+00:00,1.4029178999480791,sha256:0643c68fa542526a824dd16f18e69950584874cb821f56683d0db64ca273c6be,24000,6000,60,101,,9208,resident Python,not_applicable,71efcc2c822e4a6a086a65826a36132e40db462a171e31c4d064454e0740c59e,,5a0a13c8f43064ac41b900731046ff663fc37c87a7c7f84866d90a571b5626f4,python_interpreter,3.10.14,n_jobs=1; brute; distance,"{""matplotlib"":""3.7.0"",""numpy"":""1.26.0"",""pandas"":""1.5.3"",""scikit-learn"":""1.2.1"",""scipy"":""1.13.1"",""threadpoolctl"":""3.5.0""}","{""MKL_NUM_THREADS"":""1"",""NUMEXPR_NUM_THREADS"":""1"",""OMP_NUM_THREADS"":""1"",""OPENBLAS_NUM_THREADS"":""1"",""VECLIB_MAXIMUM_THREADS"":""1""}","[{""architecture"":""Prescott"",""internal_api"":""openblas"",""num_threads"":1,""prefix"":""libopenblas"",""threading_layer"":""pthreads"",""user_api"":""blas"",""version"":""0.3.23.dev""},{""architecture"":""Haswell"",""internal_api"":""openblas"",""num_threads"":1,""prefix"":""libopenblas"",""threading_layer"":""pthreads"",""user_api"":""blas"",""version"":""0.3.27""},{""internal_api"":""openmp"",""num_threads"":1,""prefix"":""vcomp"",""user_api"":""openmp"",""version"":null}]",1,one KNN compute thread; process thread total not claimed,"{""cpus"":[0,1,2,3,4,5,6,7,8,9,10,11,12,13,14,15,16,17,18,19],""scope"":""process primary Windows processor group"",""status"":""observed""}",resident process observed before warmups; no affinity changes requested,,
20260916T205945.220601_0000_b410e8a7,baseline_python_v5_1,baseline,78751a8c046a2fad278243868fba0102baeebb97c77bfcbd51bdb4113d0d8e42,prediction,3,34,4,False,2026-09-16T21:07:28.209271+00:00,1.2759826999972574,sha256:f7c61d2d72c51337d167c87debc737b91c755d1c6f434887760024617b9788e9,24000,6000,33,19,64,9208,resident Python,not_applicable,3c704c1c136520c4fb98b9d67a2d6d64637b21c08f639ca090d92c3ce65cdf0d,,5a0a13c8f43064ac41b900731046ff663fc37c87a7c7f84866d90a571b5626f4,python_interpreter,3.10.14,Python binary64,"{""matplotlib"":""3.7.0"",""numpy"":""1.26.0"",""pandas"":""1.5.3"",""scikit-learn"":""1.2.1"",""scipy"":""1.13.1"",""threadpoolctl"":""3.5.0""}","{""MKL_NUM_THREADS"":""1"",""NUMEXPR_NUM_THREADS"":""1"",""OMP_NUM_THREADS"":""1"",""OPENBLAS_NUM_THREADS"":""1"",""VECLIB_MAXIMUM_THREADS"":""1""}","[{""architecture"":""Prescott"",""internal_api"":""openblas"",""num_threads"":1,""prefix"":""libopenblas"",""threading_layer"":""pthreads"",""user_api"":""blas"",""version"":""0.3.23.dev""},{""architecture"":""Haswell"",""internal_api"":""openblas"",""num_threads"":1,""prefix"":""libopenblas"",""threading_layer"":""pthreads"",""user_api"":""blas"",""version"":""0.3.27""},{""internal_api"":""openmp"",""num_threads"":1,""prefix"":""vcomp"",""user_api"":""openmp"",""version"":null}]",1,one KNN compute thread; process thread total not claimed,"{""cpus"":[0,1,2,3,4,5,6,7,8,9,10,11,12,13,14,15,16,17,18,19],""scope"":""process primary Windows processor group"",""status"":""observed""}",resident process observed before warmups; no affinity changes requested,,
20260916T205945.220601_0000_b410e8a7,baseline_python_v5_1,baseline,78751a8c046a2fad278243868fba0102baeebb97c77bfcbd51bdb4113d0d8e42,prediction,4,35,0,False,2026-09-16T21:07:29.505252+00:00,1.2921021999791265,sha256:f7c61d2d72c51337d167c87debc737b91c755d1c6f434887760024617b9788e9,24000,6000,33,19,64,9208,resident Python,not_applicable,3c704c1c136520c4fb98b9d67a2d6d64637b21c08f639ca090d92c3ce65cdf0d,,5a0a13c8f43064ac41b900731046ff663fc37c87a7c7f84866d90a571b5626f4,python_interpreter,3.10.14,Python binary64,"{""matplotlib"":""3.7.0"",""numpy"":""1.26.0"",""pandas"":""1.5.3"",""scikit-learn"":""1.2.1"",""scipy"":""1.13.1"",""threadpoolctl"":""3.5.0""}","{""MKL_NUM_THREADS"":""1"",""NUMEXPR_NUM_THREADS"":""1"",""OMP_NUM_THREADS"":""1"",""OPENBLAS_NUM_THREADS"":""1"",""VECLIB_MAXIMUM_THREADS"":""1""}","[{""architecture"":""Prescott"",""internal_api"":""openblas"",""num_threads"":1,""prefix"":""libopenblas"",""threading_layer"":""pthreads"",""user_api"":""blas"",""version"":""0.3.23.dev""},{""architecture"":""Haswell"",""internal_api"":""openblas"",""num_threads"":1,""prefix"":""libopenblas"",""threading_layer"":""pthreads"",""user_api"":""blas"",""version"":""0.3.27""},{""internal_api"":""openmp"",""num_threads"":1,""prefix"":""vcomp"",""user_api"":""openmp"",""version"":null}]",1,one KNN compute thread; process thread total not claimed,"{""cpus"":[0,1,2,3,4,5,6,7,8,9,10,11,12,13,14,15,16,17,18,19],""scope"":""process primary Windows processor group"",""status"":""observed""}",resident process observed before warmups; no affinity changes requested,,
20260916T205945.220601_0000_b410e8a7,final_cpp,final,2652117a4ee78ff9ca3af25e0b14630333dee5e7f037dd51297219109b837111,prediction,4,36,1,False,2026-09-16T21:07:33.186695+00:00,3.6772089000000001,fnv1a64:f72460ae0302ef26,24000,6000,60,101,32,34704,persistent C++ process,portable,455fc90809696ecd5ee9177adf239a5498a089854297571ec3b37cc72d30d8ea,95e0113d16a7665f0e54632f986b5d010750307958af872f851adbc05a385a2b,802634e4969d1f91e152cb4aaf4f08c36570119c33ebd3f7c4602d4d21c02779,executable,MSVC 193532216,/DWIN32 /D_WINDOWS /EHsc /O2 /Ob2 /DNDEBUG /W4 /permissive- /fp:precise,{},"{""MKL_NUM_THREADS"":""1"",""NUMEXPR_NUM_THREADS"":""1"",""OMP_NUM_THREADS"":""1"",""OPENBLAS_NUM_THREADS"":""1"",""VECLIB_MAXIMUM_THREADS"":""1""}",[],1,one KNN compute thread; process thread total not claimed,"{""cpus"":[0,1,2,3,4,5,6,7,8,9,10,11,12,13,14,15,16,17,18,19],""scope"":""process primary Windows processor group"",""status"":""observed""}",resident process observed before warmups; no affinity changes requested,,
20260916T205945.220601_0000_b410e8a7,final_weka,final,2652117a4ee78ff9ca3af25e0b14630333dee5e7f037dd51297219109b837111,prediction,4,37,2,False,2026-09-16T21:07:46.549992+00:00,13.357905000000001,45e7db603c7c8a42e6f5ebd17dd4105d54cf79bcf902df5f90866ec2beee6aa4,24000,6000,60,101,,19772,persistent JVM,not_applicable,1f9d0cf314e161635aafef3f3ea4d89f6ee03e030fabb3974d959023de367242,,2e231e0dffe7dcf2c840c982f30e8b6177566b3df9d7844322e4da390c22047e,weka_jar,11.0.16.1,"-K 101 -W 0 -I -A ""weka.core.neighboursearch.LinearNNSearch -A \""weka.core.EuclideanDistance -D -R first-last\""""","{""weka"":""3.8.6""}","{""MKL_NUM_THREADS"":""1"",""NUMEXPR_NUM_THREADS"":""1"",""OMP_NUM_THREADS"":""1"",""OPENBLAS_NUM_THREADS"":""1"",""VECLIB_MAXIMUM_THREADS"":""1""}",[],1,sequential KNN; JVM service/JIT/GC threads may exist,"{""cpus"":[0,1,2,3,4,5,6,7,8,9,10,11,12,13,14,15,16,17,18,19],""scope"":""process primary Windows processor group"",""status"":""observed""}",resident process observed before warmups; no affinity changes requested,,
20260916T205945.220601_0000_b410e8a7,final_python,final,2652117a4ee78ff9ca3af25e0b14630333dee5e7f037dd51297219109b837111,prediction,4,38,3,False,2026-09-16T21:08:22.680943+00:00,36.127101499994751,sha256:94c23c2f74e4663dfaa013a12610290f8fec481adcb2e0a5e515cfb92942eb90,24000,6000,60,101,1,9208,resident Python,not_applicable,71efcc2c822e4a6a086a65826a36132e40db462a171e31c4d064454e0740c59e,,5a0a13c8f43064ac41b900731046ff663fc37c87a7c7f84866d90a571b5626f4,python_interpreter,3.10.14,Python binary64,"{""matplotlib"":""3.7.0"",""numpy"":""1.26.0"",""pandas"":""1.5.3"",""scikit-learn"":""1.2.1"",""scipy"":""1.13.1"",""threadpoolctl"":""3.5.0""}","{""MKL_NUM_THREADS"":""1"",""NUMEXPR_NUM_THREADS"":""1"",""OMP_NUM_THREADS"":""1"",""OPENBLAS_NUM_THREADS"":""1"",""VECLIB_MAXIMUM_THREADS"":""1""}","[{""architecture"":""Prescott"",""internal_api"":""openblas"",""num_threads"":1,""prefix"":""libopenblas"",""threading_layer"":""pthreads"",""user_api"":""blas"",""version"":""0.3.23.dev""},{""architecture"":""Haswell"",""internal_api"":""openblas"",""num_threads"":1,""prefix"":""libopenblas"",""threading_layer"":""pthreads"",""user_api"":""blas"",""version"":""0.3.27""},{""internal_api"":""openmp"",""num_threads"":1,""prefix"":""vcomp"",""user_api"":""openmp"",""version"":null}]",1,one KNN compute thread; process thread total not claimed,"{""cpus"":[0,1,2,3,4,5,6,7,8,9,10,11,12,13,14,15,16,17,18,19],""scope"":""process primary Windows processor group"",""status"":""observed""}",resident process observed before warmups; no affinity changes requested,,
20260916T205945.220601_0000_b410e8a7,final_sklearn,final,2652117a4ee78ff9ca3af25e0b14630333dee5e7f037dd51297219109b837111,prediction,4,39,4,False,2026-09-16T21:08:24.088422+00:00,1.4035407000337727,sha256:0643c68fa542526a824dd16f18e69950584874cb821f56683d0db64ca273c6be,24000,6000,60,101,,9208,resident Python,not_applicable,71efcc2c822e4a6a086a65826a36132e40db462a171e31c4d064454e0740c59e,,5a0a13c8f43064ac41b900731046ff663fc37c87a7c7f84866d90a571b5626f4,python_interpreter,3.10.14,n_jobs=1; brute; distance,"{""matplotlib"":""3.7.0"",""numpy"":""1.26.0"",""pandas"":""1.5.3"",""scikit-learn"":""1.2.1"",""scipy"":""1.13.1"",""threadpoolctl"":""3.5.0""}","{""MKL_NUM_THREADS"":""1"",""NUMEXPR_NUM_THREADS"":""1"",""OMP_NUM_THREADS"":""1"",""OPENBLAS_NUM_THREADS"":""1"",""VECLIB_MAXIMUM_THREADS"":""1""}","[{""architecture"":""Prescott"",""internal_api"":""openblas"",""num_threads"":1,""prefix"":""libopenblas"",""threading_layer"":""pthreads"",""user_api"":""blas"",""version"":""0.3.23.dev""},{""architecture"":""Haswell"",""internal_api"":""openblas"",""num_threads"":1,""prefix"":""libopenblas"",""threading_layer"":""pthreads"",""user_api"":""blas"",""version"":""0.3.27""},{""internal_api"":""openmp"",""num_threads"":1,""prefix"":""vcomp"",""user_api"":""openmp"",""version"":null}]",1,one KNN compute thread; process thread total not claimed,"{""cpus"":[0,1,2,3,4,5,6,7,8,9,10,11,12,13,14,15,16,17,18,19],""scope"":""process primary Windows processor group"",""status"":""observed""}",resident process observed before warmups; no affinity changes requested,,
20260916T205945.220601_0000_b410e8a7,final_cpp,final,2652117a4ee78ff9ca3af25e0b14630333dee5e7f037dd51297219109b837111,prediction,5,40,0,False,2026-09-16T21:08:27.771865+00:00,3.679046,fnv1a64:f72460ae0302ef26,24000,6000,60,101,32,34704,persistent C++ process,portable,455fc90809696ecd5ee9177adf239a5498a089854297571ec3b37cc72d30d8ea,95e0113d16a7665f0e54632f986b5d010750307958af872f851adbc05a385a2b,802634e4969d1f91e152cb4aaf4f08c36570119c33ebd3f7c4602d4d21c02779,executable,MSVC 193532216,/DWIN32 /D_WINDOWS /EHsc /O2 /Ob2 /DNDEBUG /W4 /permissive- /fp:precise,{},"{""MKL_NUM_THREADS"":""1"",""NUMEXPR_NUM_THREADS"":""1"",""OMP_NUM_THREADS"":""1"",""OPENBLAS_NUM_THREADS"":""1"",""VECLIB_MAXIMUM_THREADS"":""1""}",[],1,one KNN compute thread; process thread total not claimed,"{""cpus"":[0,1,2,3,4,5,6,7,8,9,10,11,12,13,14,15,16,17,18,19],""scope"":""process primary Windows processor group"",""status"":""observed""}",resident process observed before warmups; no affinity changes requested,,
20260916T205945.220601_0000_b410e8a7,final_weka,final,2652117a4ee78ff9ca3af25e0b14630333dee5e7f037dd51297219109b837111,prediction,5,41,1,False,2026-09-16T21:08:41.176162+00:00,13.3987537,45e7db603c7c8a42e6f5ebd17dd4105d54cf79bcf902df5f90866ec2beee6aa4,24000,6000,60,101,,19772,persistent JVM,not_applicable,1f9d0cf314e161635aafef3f3ea4d89f6ee03e030fabb3974d959023de367242,,2e231e0dffe7dcf2c840c982f30e8b6177566b3df9d7844322e4da390c22047e,weka_jar,11.0.16.1,"-K 101 -W 0 -I -A ""weka.core.neighboursearch.LinearNNSearch -A \""weka.core.EuclideanDistance -D -R first-last\""""","{""weka"":""3.8.6""}","{""MKL_NUM_THREADS"":""1"",""NUMEXPR_NUM_THREADS"":""1"",""OMP_NUM_THREADS"":""1"",""OPENBLAS_NUM_THREADS"":""1"",""VECLIB_MAXIMUM_THREADS"":""1""}",[],1,sequential KNN; JVM service/JIT/GC threads may exist,"{""cpus"":[0,1,2,3,4,5,6,7,8,9,10,11,12,13,14,15,16,17,18,19],""scope"":""process primary Windows processor group"",""status"":""observed""}",resident process observed before warmups; no affinity changes requested,,
20260916T205945.220601_0000_b410e8a7,final_sklearn,final,2652117a4ee78ff9ca3af25e0b14630333dee5e7f037dd51297219109b837111,prediction,5,42,2,False,2026-09-16T21:08:42.585641+00:00,1.4050982000189833,sha256:0643c68fa542526a824dd16f18e69950584874cb821f56683d0db64ca273c6be,24000,6000,60,101,,9208,resident Python,not_applicable,71efcc2c822e4a6a086a65826a36132e40db462a171e31c4d064454e0740c59e,,5a0a13c8f43064ac41b900731046ff663fc37c87a7c7f84866d90a571b5626f4,python_interpreter,3.10.14,n_jobs=1; brute; distance,"{""matplotlib"":""3.7.0"",""numpy"":""1.26.0"",""pandas"":""1.5.3"",""scikit-learn"":""1.2.1"",""scipy"":""1.13.1"",""threadpoolctl"":""3.5.0""}","{""MKL_NUM_THREADS"":""1"",""NUMEXPR_NUM_THREADS"":""1"",""OMP_NUM_THREADS"":""1"",""OPENBLAS_NUM_THREADS"":""1"",""VECLIB_MAXIMUM_THREADS"":""1""}","[{""architecture"":""Prescott"",""internal_api"":""openblas"",""num_threads"":1,""prefix"":""libopenblas"",""threading_layer"":""pthreads"",""user_api"":""blas"",""version"":""0.3.23.dev""},{""architecture"":""Haswell"",""internal_api"":""openblas"",""num_threads"":1,""prefix"":""libopenblas"",""threading_layer"":""pthreads"",""user_api"":""blas"",""version"":""0.3.27""},{""internal_api"":""openmp"",""num_threads"":1,""prefix"":""vcomp"",""user_api"":""openmp"",""version"":null}]",1,one KNN compute thread; process thread total not claimed,"{""cpus"":[0,1,2,3,4,5,6,7,8,9,10,11,12,13,14,15,16,17,18,19],""scope"":""process primary Windows processor group"",""status"":""observed""}",resident process observed before warmups; no affinity changes requested,,
20260916T205945.220601_0000_b410e8a7,baseline_python_v5_1,baseline,78751a8c046a2fad278243868fba0102baeebb97c77bfcbd51bdb4113d0d8e42,prediction,5,43,3,False,2026-09-16T21:08:43.844621+00:00,1.2551489000325091,sha256:f7c61d2d72c51337d167c87debc737b91c755d1c6f434887760024617b9788e9,24000,6000,33,19,64,9208,resident Python,not_applicable,3c704c1c136520c4fb98b9d67a2d6d64637b21c08f639ca090d92c3ce65cdf0d,,5a0a13c8f43064ac41b900731046ff663fc37c87a7c7f84866d90a571b5626f4,python_interpreter,3.10.14,Python binary64,"{""matplotlib"":""3.7.0"",""numpy"":""1.26.0"",""pandas"":""1.5.3"",""scikit-learn"":""1.2.1"",""scipy"":""1.13.1"",""threadpoolctl"":""3.5.0""}","{""MKL_NUM_THREADS"":""1"",""NUMEXPR_NUM_THREADS"":""1"",""OMP_NUM_THREADS"":""1"",""OPENBLAS_NUM_THREADS"":""1"",""VECLIB_MAXIMUM_THREADS"":""1""}","[{""architecture"":""Prescott"",""internal_api"":""openblas"",""num_threads"":1,""prefix"":""libopenblas"",""threading_layer"":""pthreads"",""user_api"":""blas"",""version"":""0.3.23.dev""},{""architecture"":""Haswell"",""internal_api"":""openblas"",""num_threads"":1,""prefix"":""libopenblas"",""threading_layer"":""pthreads"",""user_api"":""blas"",""version"":""0.3.27""},{""internal_api"":""openmp"",""num_threads"":1,""prefix"":""vcomp"",""user_api"":""openmp"",""version"":null}]",1,one KNN compute thread; process thread total not claimed,"{""cpus"":[0,1,2,3,4,5,6,7,8,9,10,11,12,13,14,15,16,17,18,19],""scope"":""process primary Windows processor group"",""status"":""observed""}",resident process observed before warmups; no affinity changes requested,,
20260916T205945.220601_0000_b410e8a7,final_python,final,2652117a4ee78ff9ca3af25e0b14630333dee5e7f037dd51297219109b837111,prediction,5,44,4,False,2026-09-16T21:09:19.505081+00:00,35.656563900003675,sha256:94c23c2f74e4663dfaa013a12610290f8fec481adcb2e0a5e515cfb92942eb90,24000,6000,60,101,1,9208,resident Python,not_applicable,71efcc2c822e4a6a086a65826a36132e40db462a171e31c4d064454e0740c59e,,5a0a13c8f43064ac41b900731046ff663fc37c87a7c7f84866d90a571b5626f4,python_interpreter,3.10.14,Python binary64,"{""matplotlib"":""3.7.0"",""numpy"":""1.26.0"",""pandas"":""1.5.3"",""scikit-learn"":""1.2.1"",""scipy"":""1.13.1"",""threadpoolctl"":""3.5.0""}","{""MKL_NUM_THREADS"":""1"",""NUMEXPR_NUM_THREADS"":""1"",""OMP_NUM_THREADS"":""1"",""OPENBLAS_NUM_THREADS"":""1"",""VECLIB_MAXIMUM_THREADS"":""1""}","[{""architecture"":""Prescott"",""internal_api"":""openblas"",""num_threads"":1,""prefix"":""libopenblas"",""threading_layer"":""pthreads"",""user_api"":""blas"",""version"":""0.3.23.dev""},{""architecture"":""Haswell"",""internal_api"":""openblas"",""num_threads"":1,""prefix"":""libopenblas"",""threading_layer"":""pthreads"",""user_api"":""blas"",""version"":""0.3.27""},{""internal_api"":""openmp"",""num_threads"":1,""prefix"":""vcomp"",""user_api"":""openmp"",""version"":null}]",1,one KNN compute thread; process thread total not claimed,"{""cpus"":[0,1,2,3,4,5,6,7,8,9,10,11,12,13,14,15,16,17,18,19],""scope"":""process primary Windows processor group"",""status"":""observed""}",resident process observed before warmups; no affinity changes requested,,
20260916T205945.220601_0000_b410e8a7,final_python,final,2652117a4ee78ff9ca3af25e0b14630333dee5e7f037dd51297219109b837111,prediction,6,45,0,False,2026-09-16T21:09:55.410033+00:00,35.901067200000398,sha256:94c23c2f74e4663dfaa013a12610290f8fec481adcb2e0a5e515cfb92942eb90,24000,6000,60,101,1,9208,resident Python,not_applicable,71efcc2c822e4a6a086a65826a36132e40db462a171e31c4d064454e0740c59e,,5a0a13c8f43064ac41b900731046ff663fc37c87a7c7f84866d90a571b5626f4,python_interpreter,3.10.14,Python binary64,"{""matplotlib"":""3.7.0"",""numpy"":""1.26.0"",""pandas"":""1.5.3"",""scikit-learn"":""1.2.1"",""scipy"":""1.13.1"",""threadpoolctl"":""3.5.0""}","{""MKL_NUM_THREADS"":""1"",""NUMEXPR_NUM_THREADS"":""1"",""OMP_NUM_THREADS"":""1"",""OPENBLAS_NUM_THREADS"":""1"",""VECLIB_MAXIMUM_THREADS"":""1""}","[{""architecture"":""Prescott"",""internal_api"":""openblas"",""num_threads"":1,""prefix"":""libopenblas"",""threading_layer"":""pthreads"",""user_api"":""blas"",""version"":""0.3.23.dev""},{""architecture"":""Haswell"",""internal_api"":""openblas"",""num_threads"":1,""prefix"":""libopenblas"",""threading_layer"":""pthreads"",""user_api"":""blas"",""version"":""0.3.27""},{""internal_api"":""openmp"",""num_threads"":1,""prefix"":""vcomp"",""user_api"":""openmp"",""version"":null}]",1,one KNN compute thread; process thread total not claimed,"{""cpus"":[0,1,2,3,4,5,6,7,8,9,10,11,12,13,14,15,16,17,18,19],""scope"":""process primary Windows processor group"",""status"":""observed""}",resident process observed before warmups; no affinity changes requested,,
20260916T205945.220601_0000_b410e8a7,final_weka,final,2652117a4ee78ff9ca3af25e0b14630333dee5e7f037dd51297219109b837111,prediction,6,46,1,False,2026-09-16T21:10:08.808830+00:00,13.392832500000001,45e7db603c7c8a42e6f5ebd17dd4105d54cf79bcf902df5f90866ec2beee6aa4,24000,6000,60,101,,19772,persistent JVM,not_applicable,1f9d0cf314e161635aafef3f3ea4d89f6ee03e030fabb3974d959023de367242,,2e231e0dffe7dcf2c840c982f30e8b6177566b3df9d7844322e4da390c22047e,weka_jar,11.0.16.1,"-K 101 -W 0 -I -A ""weka.core.neighboursearch.LinearNNSearch -A \""weka.core.EuclideanDistance -D -R first-last\""""","{""weka"":""3.8.6""}","{""MKL_NUM_THREADS"":""1"",""NUMEXPR_NUM_THREADS"":""1"",""OMP_NUM_THREADS"":""1"",""OPENBLAS_NUM_THREADS"":""1"",""VECLIB_MAXIMUM_THREADS"":""1""}",[],1,sequential KNN; JVM service/JIT/GC threads may exist,"{""cpus"":[0,1,2,3,4,5,6,7,8,9,10,11,12,13,14,15,16,17,18,19],""scope"":""process primary Windows processor group"",""status"":""observed""}",resident process observed before warmups; no affinity changes requested,,
20260916T205945.220601_0000_b410e8a7,final_cpp,final,2652117a4ee78ff9ca3af25e0b14630333dee5e7f037dd51297219109b837111,prediction,6,47,2,False,2026-09-16T21:10:12.492274+00:00,3.6791551999999998,fnv1a64:f72460ae0302ef26,24000,6000,60,101,32,34704,persistent C++ process,portable,455fc90809696ecd5ee9177adf239a5498a089854297571ec3b37cc72d30d8ea,95e0113d16a7665f0e54632f986b5d010750307958af872f851adbc05a385a2b,802634e4969d1f91e152cb4aaf4f08c36570119c33ebd3f7c4602d4d21c02779,executable,MSVC 193532216,/DWIN32 /D_WINDOWS /EHsc /O2 /Ob2 /DNDEBUG /W4 /permissive- /fp:precise,{},"{""MKL_NUM_THREADS"":""1"",""NUMEXPR_NUM_THREADS"":""1"",""OMP_NUM_THREADS"":""1"",""OPENBLAS_NUM_THREADS"":""1"",""VECLIB_MAXIMUM_THREADS"":""1""}",[],1,one KNN compute thread; process thread total not claimed,"{""cpus"":[0,1,2,3,4,5,6,7,8,9,10,11,12,13,14,15,16,17,18,19],""scope"":""process primary Windows processor group"",""status"":""observed""}",resident process observed before warmups; no affinity changes requested,,
20260916T205945.220601_0000_b410e8a7,baseline_python_v5_1,baseline,78751a8c046a2fad278243868fba0102baeebb97c77bfcbd51bdb4113d0d8e42,prediction,6,48,3,False,2026-09-16T21:10:13.756255+00:00,1.2594993999809958,sha256:f7c61d2d72c51337d167c87debc737b91c755d1c6f434887760024617b9788e9,24000,6000,33,19,64,9208,resident Python,not_applicable,3c704c1c136520c4fb98b9d67a2d6d64637b21c08f639ca090d92c3ce65cdf0d,,5a0a13c8f43064ac41b900731046ff663fc37c87a7c7f84866d90a571b5626f4,python_interpreter,3.10.14,Python binary64,"{""matplotlib"":""3.7.0"",""numpy"":""1.26.0"",""pandas"":""1.5.3"",""scikit-learn"":""1.2.1"",""scipy"":""1.13.1"",""threadpoolctl"":""3.5.0""}","{""MKL_NUM_THREADS"":""1"",""NUMEXPR_NUM_THREADS"":""1"",""OMP_NUM_THREADS"":""1"",""OPENBLAS_NUM_THREADS"":""1"",""VECLIB_MAXIMUM_THREADS"":""1""}","[{""architecture"":""Prescott"",""internal_api"":""openblas"",""num_threads"":1,""prefix"":""libopenblas"",""threading_layer"":""pthreads"",""user_api"":""blas"",""version"":""0.3.23.dev""},{""architecture"":""Haswell"",""internal_api"":""openblas"",""num_threads"":1,""prefix"":""libopenblas"",""threading_layer"":""pthreads"",""user_api"":""blas"",""version"":""0.3.27""},{""internal_api"":""openmp"",""num_threads"":1,""prefix"":""vcomp"",""user_api"":""openmp"",""version"":null}]",1,one KNN compute thread; process thread total not claimed,"{""cpus"":[0,1,2,3,4,5,6,7,8,9,10,11,12,13,14,15,16,17,18,19],""scope"":""process primary Windows processor group"",""status"":""observed""}",resident process observed before warmups; no affinity changes requested,,
20260916T205945.220601_0000_b410e8a7,final_sklearn,final,2652117a4ee78ff9ca3af25e0b14630333dee5e7f037dd51297219109b837111,prediction,6,49,4,False,2026-09-16T21:10:15.162233+00:00,1.4019165000063367,sha256:0643c68fa542526a824dd16f18e69950584874cb821f56683d0db64ca273c6be,24000,6000,60,101,,9208,resident Python,not_applicable,71efcc2c822e4a6a086a65826a36132e40db462a171e31c4d064454e0740c59e,,5a0a13c8f43064ac41b900731046ff663fc37c87a7c7f84866d90a571b5626f4,python_interpreter,3.10.14,n_jobs=1; brute; distance,"{""matplotlib"":""3.7.0"",""numpy"":""1.26.0"",""pandas"":""1.5.3"",""scikit-learn"":""1.2.1"",""scipy"":""1.13.1"",""threadpoolctl"":""3.5.0""}","{""MKL_NUM_THREADS"":""1"",""NUMEXPR_NUM_THREADS"":""1"",""OMP_NUM_THREADS"":""1"",""OPENBLAS_NUM_THREADS"":""1"",""VECLIB_MAXIMUM_THREADS"":""1""}","[{""architecture"":""Prescott"",""internal_api"":""openblas"",""num_threads"":1,""prefix"":""libopenblas"",""threading_layer"":""pthreads"",""user_api"":""blas"",""version"":""0.3.23.dev""},{""architecture"":""Haswell"",""internal_api"":""openblas"",""num_threads"":1,""prefix"":""libopenblas"",""threading_layer"":""pthreads"",""user_api"":""blas"",""version"":""0.3.27""},{""internal_api"":""openmp"",""num_threads"":1,""prefix"":""vcomp"",""user_api"":""openmp"",""version"":null}]",1,one KNN compute thread; process thread total not claimed,"{""cpus"":[0,1,2,3,4,5,6,7,8,9,10,11,12,13,14,15,16,17,18,19],""scope"":""process primary Windows processor group"",""status"":""observed""}",resident process observed before warmups; no affinity changes requested,,
20260916T205945.220601_0000_b410e8a7,baseline_python_v5_1,baseline,78751a8c046a2fad278243868fba0102baeebb97c77bfcbd51bdb4113d0d8e42,prediction,7,50,0,False,2026-09-16T21:10:16.425714+00:00,1.2587830000557005,sha256:f7c61d2d72c51337d167c87debc737b91c755d1c6f434887760024617b9788e9,24000,6000,33,19,64,9208,resident Python,not_applicable,3c704c1c136520c4fb98b9d67a2d6d64637b21c08f639ca090d92c3ce65cdf0d,,5a0a13c8f43064ac41b900731046ff663fc37c87a7c7f84866d90a571b5626f4,python_interpreter,3.10.14,Python binary64,"{""matplotlib"":""3.7.0"",""numpy"":""1.26.0"",""pandas"":""1.5.3"",""scikit-learn"":""1.2.1"",""scipy"":""1.13.1"",""threadpoolctl"":""3.5.0""}","{""MKL_NUM_THREADS"":""1"",""NUMEXPR_NUM_THREADS"":""1"",""OMP_NUM_THREADS"":""1"",""OPENBLAS_NUM_THREADS"":""1"",""VECLIB_MAXIMUM_THREADS"":""1""}","[{""architecture"":""Prescott"",""internal_api"":""openblas"",""num_threads"":1,""prefix"":""libopenblas"",""threading_layer"":""pthreads"",""user_api"":""blas"",""version"":""0.3.23.dev""},{""architecture"":""Haswell"",""internal_api"":""openblas"",""num_threads"":1,""prefix"":""libopenblas"",""threading_layer"":""pthreads"",""user_api"":""blas"",""version"":""0.3.27""},{""internal_api"":""openmp"",""num_threads"":1,""prefix"":""vcomp"",""user_api"":""openmp"",""version"":null}]",1,one KNN compute thread; process thread total not claimed,"{""cpus"":[0,1,2,3,4,5,6,7,8,9,10,11,12,13,14,15,16,17,18,19],""scope"":""process primary Windows processor group"",""status"":""observed""}",resident process observed before warmups; no affinity changes requested,,
20260916T205945.220601_0000_b410e8a7,final_cpp,final,2652117a4ee78ff9ca3af25e0b14630333dee5e7f037dd51297219109b837111,prediction,7,51,1,False,2026-09-16T21:10:20.106658+00:00,3.6765498999999999,fnv1a64:f72460ae0302ef26,24000,6000,60,101,32,34704,persistent C++ process,portable,455fc90809696ecd5ee9177adf239a5498a089854297571ec3b37cc72d30d8ea,95e0113d16a7665f0e54632f986b5d010750307958af872f851adbc05a385a2b,802634e4969d1f91e152cb4aaf4f08c36570119c33ebd3f7c4602d4d21c02779,executable,MSVC 193532216,/DWIN32 /D_WINDOWS /EHsc /O2 /Ob2 /DNDEBUG /W4 /permissive- /fp:precise,{},"{""MKL_NUM_THREADS"":""1"",""NUMEXPR_NUM_THREADS"":""1"",""OMP_NUM_THREADS"":""1"",""OPENBLAS_NUM_THREADS"":""1"",""VECLIB_MAXIMUM_THREADS"":""1""}",[],1,one KNN compute thread; process thread total not claimed,"{""cpus"":[0,1,2,3,4,5,6,7,8,9,10,11,12,13,14,15,16,17,18,19],""scope"":""process primary Windows processor group"",""status"":""observed""}",resident process observed before warmups; no affinity changes requested,,
20260916T205945.220601_0000_b410e8a7,final_python,final,2652117a4ee78ff9ca3af25e0b14630333dee5e7f037dd51297219109b837111,prediction,7,52,2,False,2026-09-16T21:10:55.777116+00:00,35.666576499992516,sha256:94c23c2f74e4663dfaa013a12610290f8fec481adcb2e0a5e515cfb92942eb90,24000,6000,60,101,1,9208,resident Python,not_applicable,71efcc2c822e4a6a086a65826a36132e40db462a171e31c4d064454e0740c59e,,5a0a13c8f43064ac41b900731046ff663fc37c87a7c7f84866d90a571b5626f4,python_interpreter,3.10.14,Python binary64,"{""matplotlib"":""3.7.0"",""numpy"":""1.26.0"",""pandas"":""1.5.3"",""scikit-learn"":""1.2.1"",""scipy"":""1.13.1"",""threadpoolctl"":""3.5.0""}","{""MKL_NUM_THREADS"":""1"",""NUMEXPR_NUM_THREADS"":""1"",""OMP_NUM_THREADS"":""1"",""OPENBLAS_NUM_THREADS"":""1"",""VECLIB_MAXIMUM_THREADS"":""1""}","[{""architecture"":""Prescott"",""internal_api"":""openblas"",""num_threads"":1,""prefix"":""libopenblas"",""threading_layer"":""pthreads"",""user_api"":""blas"",""version"":""0.3.23.dev""},{""architecture"":""Haswell"",""internal_api"":""openblas"",""num_threads"":1,""prefix"":""libopenblas"",""threading_layer"":""pthreads"",""user_api"":""blas"",""version"":""0.3.27""},{""internal_api"":""openmp"",""num_threads"":1,""prefix"":""vcomp"",""user_api"":""openmp"",""version"":null}]",1,one KNN compute thread; process thread total not claimed,"{""cpus"":[0,1,2,3,4,5,6,7,8,9,10,11,12,13,14,15,16,17,18,19],""scope"":""process primary Windows processor group"",""status"":""observed""}",resident process observed before warmups; no affinity changes requested,,
20260916T205945.220601_0000_b410e8a7,final_sklearn,final,2652117a4ee78ff9ca3af25e0b14630333dee5e7f037dd51297219109b837111,prediction,7,53,3,False,2026-09-16T21:10:57.184595+00:00,1.4029898999724537,sha256:0643c68fa542526a824dd16f18e69950584874cb821f56683d0db64ca273c6be,24000,6000,60,101,,9208,resident Python,not_applicable,71efcc2c822e4a6a086a65826a36132e40db462a171e31c4d064454e0740c59e,,5a0a13c8f43064ac41b900731046ff663fc37c87a7c7f84866d90a571b5626f4,python_interpreter,3.10.14,n_jobs=1; brute; distance,"{""matplotlib"":""3.7.0"",""numpy"":""1.26.0"",""pandas"":""1.5.3"",""scikit-learn"":""1.2.1"",""scipy"":""1.13.1"",""threadpoolctl"":""3.5.0""}","{""MKL_NUM_THREADS"":""1"",""NUMEXPR_NUM_THREADS"":""1"",""OMP_NUM_THREADS"":""1"",""OPENBLAS_NUM_THREADS"":""1"",""VECLIB_MAXIMUM_THREADS"":""1""}","[{""architecture"":""Prescott"",""internal_api"":""openblas"",""num_threads"":1,""prefix"":""libopenblas"",""threading_layer"":""pthreads"",""user_api"":""blas"",""version"":""0.3.23.dev""},{""architecture"":""Haswell"",""internal_api"":""openblas"",""num_threads"":1,""prefix"":""libopenblas"",""threading_layer"":""pthreads"",""user_api"":""blas"",""version"":""0.3.27""},{""internal_api"":""openmp"",""num_threads"":1,""prefix"":""vcomp"",""user_api"":""openmp"",""version"":null}]",1,one KNN compute thread; process thread total not claimed,"{""cpus"":[0,1,2,3,4,5,6,7,8,9,10,11,12,13,14,15,16,17,18,19],""scope"":""process primary Windows processor group"",""status"":""observed""}",resident process observed before warmups; no affinity changes requested,,
20260916T205945.220601_0000_b410e8a7,final_weka,final,2652117a4ee78ff9ca3af25e0b14630333dee5e7f037dd51297219109b837111,prediction,7,54,4,False,2026-09-16T21:11:10.555391+00:00,13.3645488,45e7db603c7c8a42e6f5ebd17dd4105d54cf79bcf902df5f90866ec2beee6aa4,24000,6000,60,101,,19772,persistent JVM,not_applicable,1f9d0cf314e161635aafef3f3ea4d89f6ee03e030fabb3974d959023de367242,,2e231e0dffe7dcf2c840c982f30e8b6177566b3df9d7844322e4da390c22047e,weka_jar,11.0.16.1,"-K 101 -W 0 -I -A ""weka.core.neighboursearch.LinearNNSearch -A \""weka.core.EuclideanDistance -D -R first-last\""""","{""weka"":""3.8.6""}","{""MKL_NUM_THREADS"":""1"",""NUMEXPR_NUM_THREADS"":""1"",""OMP_NUM_THREADS"":""1"",""OPENBLAS_NUM_THREADS"":""1"",""VECLIB_MAXIMUM_THREADS"":""1""}",[],1,sequential KNN; JVM service/JIT/GC threads may exist,"{""cpus"":[0,1,2,3,4,5,6,7,8,9,10,11,12,13,14,15,16,17,18,19],""scope"":""process primary Windows processor group"",""status"":""observed""}",resident process observed before warmups; no affinity changes requested,,
20260916T205945.220601_0000_b410e8a7,baseline_python_v5_1,baseline,78751a8c046a2fad278243868fba0102baeebb97c77bfcbd51bdb4113d0d8e42,prediction,8,55,0,False,2026-09-16T21:11:11.813872+00:00,1.2533609999809414,sha256:f7c61d2d72c51337d167c87debc737b91c755d1c6f434887760024617b9788e9,24000,6000,33,19,64,9208,resident Python,not_applicable,3c704c1c136520c4fb98b9d67a2d6d64637b21c08f639ca090d92c3ce65cdf0d,,5a0a13c8f43064ac41b900731046ff663fc37c87a7c7f84866d90a571b5626f4,python_interpreter,3.10.14,Python binary64,"{""matplotlib"":""3.7.0"",""numpy"":""1.26.0"",""pandas"":""1.5.3"",""scikit-learn"":""1.2.1"",""scipy"":""1.13.1"",""threadpoolctl"":""3.5.0""}","{""MKL_NUM_THREADS"":""1"",""NUMEXPR_NUM_THREADS"":""1"",""OMP_NUM_THREADS"":""1"",""OPENBLAS_NUM_THREADS"":""1"",""VECLIB_MAXIMUM_THREADS"":""1""}","[{""architecture"":""Prescott"",""internal_api"":""openblas"",""num_threads"":1,""prefix"":""libopenblas"",""threading_layer"":""pthreads"",""user_api"":""blas"",""version"":""0.3.23.dev""},{""architecture"":""Haswell"",""internal_api"":""openblas"",""num_threads"":1,""prefix"":""libopenblas"",""threading_layer"":""pthreads"",""user_api"":""blas"",""version"":""0.3.27""},{""internal_api"":""openmp"",""num_threads"":1,""prefix"":""vcomp"",""user_api"":""openmp"",""version"":null}]",1,one KNN compute thread; process thread total not claimed,"{""cpus"":[0,1,2,3,4,5,6,7,8,9,10,11,12,13,14,15,16,17,18,19],""scope"":""process primary Windows processor group"",""status"":""observed""}",resident process observed before warmups; no affinity changes requested,,
20260916T205945.220601_0000_b410e8a7,final_cpp,final,2652117a4ee78ff9ca3af25e0b14630333dee5e7f037dd51297219109b837111,prediction,8,56,1,False,2026-09-16T21:11:15.502816+00:00,3.683983,fnv1a64:f72460ae0302ef26,24000,6000,60,101,32,34704,persistent C++ process,portable,455fc90809696ecd5ee9177adf239a5498a089854297571ec3b37cc72d30d8ea,95e0113d16a7665f0e54632f986b5d010750307958af872f851adbc05a385a2b,802634e4969d1f91e152cb4aaf4f08c36570119c33ebd3f7c4602d4d21c02779,executable,MSVC 193532216,/DWIN32 /D_WINDOWS /EHsc /O2 /Ob2 /DNDEBUG /W4 /permissive- /fp:precise,{},"{""MKL_NUM_THREADS"":""1"",""NUMEXPR_NUM_THREADS"":""1"",""OMP_NUM_THREADS"":""1"",""OPENBLAS_NUM_THREADS"":""1"",""VECLIB_MAXIMUM_THREADS"":""1""}",[],1,one KNN compute thread; process thread total not claimed,"{""cpus"":[0,1,2,3,4,5,6,7,8,9,10,11,12,13,14,15,16,17,18,19],""scope"":""process primary Windows processor group"",""status"":""observed""}",resident process observed before warmups; no affinity changes requested,,
20260916T205945.220601_0000_b410e8a7,final_sklearn,final,2652117a4ee78ff9ca3af25e0b14630333dee5e7f037dd51297219109b837111,prediction,8,57,2,False,2026-09-16T21:11:16.909295+00:00,1.4020366999902762,sha256:0643c68fa542526a824dd16f18e69950584874cb821f56683d0db64ca273c6be,24000,6000,60,101,,9208,resident Python,not_applicable,71efcc2c822e4a6a086a65826a36132e40db462a171e31c4d064454e0740c59e,,5a0a13c8f43064ac41b900731046ff663fc37c87a7c7f84866d90a571b5626f4,python_interpreter,3.10.14,n_jobs=1; brute; distance,"{""matplotlib"":""3.7.0"",""numpy"":""1.26.0"",""pandas"":""1.5.3"",""scikit-learn"":""1.2.1"",""scipy"":""1.13.1"",""threadpoolctl"":""3.5.0""}","{""MKL_NUM_THREADS"":""1"",""NUMEXPR_NUM_THREADS"":""1"",""OMP_NUM_THREADS"":""1"",""OPENBLAS_NUM_THREADS"":""1"",""VECLIB_MAXIMUM_THREADS"":""1""}","[{""architecture"":""Prescott"",""internal_api"":""openblas"",""num_threads"":1,""prefix"":""libopenblas"",""threading_layer"":""pthreads"",""user_api"":""blas"",""version"":""0.3.23.dev""},{""architecture"":""Haswell"",""internal_api"":""openblas"",""num_threads"":1,""prefix"":""libopenblas"",""threading_layer"":""pthreads"",""user_api"":""blas"",""version"":""0.3.27""},{""internal_api"":""openmp"",""num_threads"":1,""prefix"":""vcomp"",""user_api"":""openmp"",""version"":null}]",1,one KNN compute thread; process thread total not claimed,"{""cpus"":[0,1,2,3,4,5,6,7,8,9,10,11,12,13,14,15,16,17,18,19],""scope"":""process primary Windows processor group"",""status"":""observed""}",resident process observed before warmups; no affinity changes requested,,
20260916T205945.220601_0000_b410e8a7,final_weka,final,2652117a4ee78ff9ca3af25e0b14630333dee5e7f037dd51297219109b837111,prediction,8,58,3,False,2026-09-16T21:11:30.331591+00:00,13.4161096,45e7db603c7c8a42e6f5ebd17dd4105d54cf79bcf902df5f90866ec2beee6aa4,24000,6000,60,101,,19772,persistent JVM,not_applicable,1f9d0cf314e161635aafef3f3ea4d89f6ee03e030fabb3974d959023de367242,,2e231e0dffe7dcf2c840c982f30e8b6177566b3df9d7844322e4da390c22047e,weka_jar,11.0.16.1,"-K 101 -W 0 -I -A ""weka.core.neighboursearch.LinearNNSearch -A \""weka.core.EuclideanDistance -D -R first-last\""""","{""weka"":""3.8.6""}","{""MKL_NUM_THREADS"":""1"",""NUMEXPR_NUM_THREADS"":""1"",""OMP_NUM_THREADS"":""1"",""OPENBLAS_NUM_THREADS"":""1"",""VECLIB_MAXIMUM_THREADS"":""1""}",[],1,sequential KNN; JVM service/JIT/GC threads may exist,"{""cpus"":[0,1,2,3,4,5,6,7,8,9,10,11,12,13,14,15,16,17,18,19],""scope"":""process primary Windows processor group"",""status"":""observed""}",resident process observed before warmups; no affinity changes requested,,
20260916T205945.220601_0000_b410e8a7,final_python,final,2652117a4ee78ff9ca3af25e0b14630333dee5e7f037dd51297219109b837111,prediction,8,59,4,False,2026-09-16T21:12:06.102054+00:00,35.766307000012603,sha256:94c23c2f74e4663dfaa013a12610290f8fec481adcb2e0a5e515cfb92942eb90,24000,6000,60,101,1,9208,resident Python,not_applicable,71efcc2c822e4a6a086a65826a36132e40db462a171e31c4d064454e0740c59e,,5a0a13c8f43064ac41b900731046ff663fc37c87a7c7f84866d90a571b5626f4,python_interpreter,3.10.14,Python binary64,"{""matplotlib"":""3.7.0"",""numpy"":""1.26.0"",""pandas"":""1.5.3"",""scikit-learn"":""1.2.1"",""scipy"":""1.13.1"",""threadpoolctl"":""3.5.0""}","{""MKL_NUM_THREADS"":""1"",""NUMEXPR_NUM_THREADS"":""1"",""OMP_NUM_THREADS"":""1"",""OPENBLAS_NUM_THREADS"":""1"",""VECLIB_MAXIMUM_THREADS"":""1""}","[{""architecture"":""Prescott"",""internal_api"":""openblas"",""num_threads"":1,""prefix"":""libopenblas"",""threading_layer"":""pthreads"",""user_api"":""blas"",""version"":""0.3.23.dev""},{""architecture"":""Haswell"",""internal_api"":""openblas"",""num_threads"":1,""prefix"":""libopenblas"",""threading_layer"":""pthreads"",""user_api"":""blas"",""version"":""0.3.27""},{""internal_api"":""openmp"",""num_threads"":1,""prefix"":""vcomp"",""user_api"":""openmp"",""version"":null}]",1,one KNN compute thread; process thread total not claimed,"{""cpus"":[0,1,2,3,4,5,6,7,8,9,10,11,12,13,14,15,16,17,18,19],""scope"":""process primary Windows processor group"",""status"":""observed""}",resident process observed before warmups; no affinity changes requested,,
20260916T205945.220601_0000_b410e8a7,final_python,final,2652117a4ee78ff9ca3af25e0b14630333dee5e7f037dd51297219109b837111,prediction,9,60,0,False,2026-09-16T21:12:41.833504+00:00,35.727281700004824,sha256:94c23c2f74e4663dfaa013a12610290f8fec481adcb2e0a5e515cfb92942eb90,24000,6000,60,101,1,9208,resident Python,not_applicable,71efcc2c822e4a6a086a65826a36132e40db462a171e31c4d064454e0740c59e,,5a0a13c8f43064ac41b900731046ff663fc37c87a7c7f84866d90a571b5626f4,python_interpreter,3.10.14,Python binary64,"{""matplotlib"":""3.7.0"",""numpy"":""1.26.0"",""pandas"":""1.5.3"",""scikit-learn"":""1.2.1"",""scipy"":""1.13.1"",""threadpoolctl"":""3.5.0""}","{""MKL_NUM_THREADS"":""1"",""NUMEXPR_NUM_THREADS"":""1"",""OMP_NUM_THREADS"":""1"",""OPENBLAS_NUM_THREADS"":""1"",""VECLIB_MAXIMUM_THREADS"":""1""}","[{""architecture"":""Prescott"",""internal_api"":""openblas"",""num_threads"":1,""prefix"":""libopenblas"",""threading_layer"":""pthreads"",""user_api"":""blas"",""version"":""0.3.23.dev""},{""architecture"":""Haswell"",""internal_api"":""openblas"",""num_threads"":1,""prefix"":""libopenblas"",""threading_layer"":""pthreads"",""user_api"":""blas"",""version"":""0.3.27""},{""internal_api"":""openmp"",""num_threads"":1,""prefix"":""vcomp"",""user_api"":""openmp"",""version"":null}]",1,one KNN compute thread; process thread total not claimed,"{""cpus"":[0,1,2,3,4,5,6,7,8,9,10,11,12,13,14,15,16,17,18,19],""scope"":""process primary Windows processor group"",""status"":""observed""}",resident process observed before warmups; no affinity changes requested,,
20260916T205945.220601_0000_b410e8a7,final_sklearn,final,2652117a4ee78ff9ca3af25e0b14630333dee5e7f037dd51297219109b837111,prediction,9,61,1,False,2026-09-16T21:12:43.245482+00:00,1.4073109999881126,sha256:0643c68fa542526a824dd16f18e69950584874cb821f56683d0db64ca273c6be,24000,6000,60,101,,9208,resident Python,not_applicable,71efcc2c822e4a6a086a65826a36132e40db462a171e31c4d064454e0740c59e,,5a0a13c8f43064ac41b900731046ff663fc37c87a7c7f84866d90a571b5626f4,python_interpreter,3.10.14,n_jobs=1; brute; distance,"{""matplotlib"":""3.7.0"",""numpy"":""1.26.0"",""pandas"":""1.5.3"",""scikit-learn"":""1.2.1"",""scipy"":""1.13.1"",""threadpoolctl"":""3.5.0""}","{""MKL_NUM_THREADS"":""1"",""NUMEXPR_NUM_THREADS"":""1"",""OMP_NUM_THREADS"":""1"",""OPENBLAS_NUM_THREADS"":""1"",""VECLIB_MAXIMUM_THREADS"":""1""}","[{""architecture"":""Prescott"",""internal_api"":""openblas"",""num_threads"":1,""prefix"":""libopenblas"",""threading_layer"":""pthreads"",""user_api"":""blas"",""version"":""0.3.23.dev""},{""architecture"":""Haswell"",""internal_api"":""openblas"",""num_threads"":1,""prefix"":""libopenblas"",""threading_layer"":""pthreads"",""user_api"":""blas"",""version"":""0.3.27""},{""internal_api"":""openmp"",""num_threads"":1,""prefix"":""vcomp"",""user_api"":""openmp"",""version"":null}]",1,one KNN compute thread; process thread total not claimed,"{""cpus"":[0,1,2,3,4,5,6,7,8,9,10,11,12,13,14,15,16,17,18,19],""scope"":""process primary Windows processor group"",""status"":""observed""}",resident process observed before warmups; no affinity changes requested,,
20260916T205945.220601_0000_b410e8a7,final_cpp,final,2652117a4ee78ff9ca3af25e0b14630333dee5e7f037dd51297219109b837111,prediction,9,62,2,False,2026-09-16T21:12:46.925926+00:00,3.6752519000000001,fnv1a64:f72460ae0302ef26,24000,6000,60,101,32,34704,persistent C++ process,portable,455fc90809696ecd5ee9177adf239a5498a089854297571ec3b37cc72d30d8ea,95e0113d16a7665f0e54632f986b5d010750307958af872f851adbc05a385a2b,802634e4969d1f91e152cb4aaf4f08c36570119c33ebd3f7c4602d4d21c02779,executable,MSVC 193532216,/DWIN32 /D_WINDOWS /EHsc /O2 /Ob2 /DNDEBUG /W4 /permissive- /fp:precise,{},"{""MKL_NUM_THREADS"":""1"",""NUMEXPR_NUM_THREADS"":""1"",""OMP_NUM_THREADS"":""1"",""OPENBLAS_NUM_THREADS"":""1"",""VECLIB_MAXIMUM_THREADS"":""1""}",[],1,one KNN compute thread; process thread total not claimed,"{""cpus"":[0,1,2,3,4,5,6,7,8,9,10,11,12,13,14,15,16,17,18,19],""scope"":""process primary Windows processor group"",""status"":""observed""}",resident process observed before warmups; no affinity changes requested,,
20260916T205945.220601_0000_b410e8a7,final_weka,final,2652117a4ee78ff9ca3af25e0b14630333dee5e7f037dd51297219109b837111,prediction,9,63,3,False,2026-09-16T21:13:00.294223+00:00,13.3624534,45e7db603c7c8a42e6f5ebd17dd4105d54cf79bcf902df5f90866ec2beee6aa4,24000,6000,60,101,,19772,persistent JVM,not_applicable,1f9d0cf314e161635aafef3f3ea4d89f6ee03e030fabb3974d959023de367242,,2e231e0dffe7dcf2c840c982f30e8b6177566b3df9d7844322e4da390c22047e,weka_jar,11.0.16.1,"-K 101 -W 0 -I -A ""weka.core.neighboursearch.LinearNNSearch -A \""weka.core.EuclideanDistance -D -R first-last\""""","{""weka"":""3.8.6""}","{""MKL_NUM_THREADS"":""1"",""NUMEXPR_NUM_THREADS"":""1"",""OMP_NUM_THREADS"":""1"",""OPENBLAS_NUM_THREADS"":""1"",""VECLIB_MAXIMUM_THREADS"":""1""}",[],1,sequential KNN; JVM service/JIT/GC threads may exist,"{""cpus"":[0,1,2,3,4,5,6,7,8,9,10,11,12,13,14,15,16,17,18,19],""scope"":""process primary Windows processor group"",""status"":""observed""}",resident process observed before warmups; no affinity changes requested,,
20260916T205945.220601_0000_b410e8a7,baseline_python_v5_1,baseline,78751a8c046a2fad278243868fba0102baeebb97c77bfcbd51bdb4113d0d8e42,prediction,9,64,4,False,2026-09-16T21:13:01.554705+00:00,1.2551634999690577,sha256:f7c61d2d72c51337d167c87debc737b91c755d1c6f434887760024617b9788e9,24000,6000,33,19,64,9208,resident Python,not_applicable,3c704c1c136520c4fb98b9d67a2d6d64637b21c08f639ca090d92c3ce65cdf0d,,5a0a13c8f43064ac41b900731046ff663fc37c87a7c7f84866d90a571b5626f4,python_interpreter,3.10.14,Python binary64,"{""matplotlib"":""3.7.0"",""numpy"":""1.26.0"",""pandas"":""1.5.3"",""scikit-learn"":""1.2.1"",""scipy"":""1.13.1"",""threadpoolctl"":""3.5.0""}","{""MKL_NUM_THREADS"":""1"",""NUMEXPR_NUM_THREADS"":""1"",""OMP_NUM_THREADS"":""1"",""OPENBLAS_NUM_THREADS"":""1"",""VECLIB_MAXIMUM_THREADS"":""1""}","[{""architecture"":""Prescott"",""internal_api"":""openblas"",""num_threads"":1,""prefix"":""libopenblas"",""threading_layer"":""pthreads"",""user_api"":""blas"",""version"":""0.3.23.dev""},{""architecture"":""Haswell"",""internal_api"":""openblas"",""num_threads"":1,""prefix"":""libopenblas"",""threading_layer"":""pthreads"",""user_api"":""blas"",""version"":""0.3.27""},{""internal_api"":""openmp"",""num_threads"":1,""prefix"":""vcomp"",""user_api"":""openmp"",""version"":null}]",1,one KNN compute thread; process thread total not claimed,"{""cpus"":[0,1,2,3,4,5,6,7,8,9,10,11,12,13,14,15,16,17,18,19],""scope"":""process primary Windows processor group"",""status"":""observed""}",resident process observed before warmups; no affinity changes requested,,
20260916T205945.220601_0000_b410e8a7,final_sklearn,final,2652117a4ee78ff9ca3af25e0b14630333dee5e7f037dd51297219109b837111,prediction,10,65,0,False,2026-09-16T21:13:02.962183+00:00,1.4022258000331931,sha256:0643c68fa542526a824dd16f18e69950584874cb821f56683d0db64ca273c6be,24000,6000,60,101,,9208,resident Python,not_applicable,71efcc2c822e4a6a086a65826a36132e40db462a171e31c4d064454e0740c59e,,5a0a13c8f43064ac41b900731046ff663fc37c87a7c7f84866d90a571b5626f4,python_interpreter,3.10.14,n_jobs=1; brute; distance,"{""matplotlib"":""3.7.0"",""numpy"":""1.26.0"",""pandas"":""1.5.3"",""scikit-learn"":""1.2.1"",""scipy"":""1.13.1"",""threadpoolctl"":""3.5.0""}","{""MKL_NUM_THREADS"":""1"",""NUMEXPR_NUM_THREADS"":""1"",""OMP_NUM_THREADS"":""1"",""OPENBLAS_NUM_THREADS"":""1"",""VECLIB_MAXIMUM_THREADS"":""1""}","[{""architecture"":""Prescott"",""internal_api"":""openblas"",""num_threads"":1,""prefix"":""libopenblas"",""threading_layer"":""pthreads"",""user_api"":""blas"",""version"":""0.3.23.dev""},{""architecture"":""Haswell"",""internal_api"":""openblas"",""num_threads"":1,""prefix"":""libopenblas"",""threading_layer"":""pthreads"",""user_api"":""blas"",""version"":""0.3.27""},{""internal_api"":""openmp"",""num_threads"":1,""prefix"":""vcomp"",""user_api"":""openmp"",""version"":null}]",1,one KNN compute thread; process thread total not claimed,"{""cpus"":[0,1,2,3,4,5,6,7,8,9,10,11,12,13,14,15,16,17,18,19],""scope"":""process primary Windows processor group"",""status"":""observed""}",resident process observed before warmups; no affinity changes requested,,
20260916T205945.220601_0000_b410e8a7,baseline_python_v5_1,baseline,78751a8c046a2fad278243868fba0102baeebb97c77bfcbd51bdb4113d0d8e42,prediction,10,66,1,False,2026-09-16T21:13:04.228164+00:00,1.260641900007613,sha256:f7c61d2d72c51337d167c87debc737b91c755d1c6f434887760024617b9788e9,24000,6000,33,19,64,9208,resident Python,not_applicable,3c704c1c136520c4fb98b9d67a2d6d64637b21c08f639ca090d92c3ce65cdf0d,,5a0a13c8f43064ac41b900731046ff663fc37c87a7c7f84866d90a571b5626f4,python_interpreter,3.10.14,Python binary64,"{""matplotlib"":""3.7.0"",""numpy"":""1.26.0"",""pandas"":""1.5.3"",""scikit-learn"":""1.2.1"",""scipy"":""1.13.1"",""threadpoolctl"":""3.5.0""}","{""MKL_NUM_THREADS"":""1"",""NUMEXPR_NUM_THREADS"":""1"",""OMP_NUM_THREADS"":""1"",""OPENBLAS_NUM_THREADS"":""1"",""VECLIB_MAXIMUM_THREADS"":""1""}","[{""architecture"":""Prescott"",""internal_api"":""openblas"",""num_threads"":1,""prefix"":""libopenblas"",""threading_layer"":""pthreads"",""user_api"":""blas"",""version"":""0.3.23.dev""},{""architecture"":""Haswell"",""internal_api"":""openblas"",""num_threads"":1,""prefix"":""libopenblas"",""threading_layer"":""pthreads"",""user_api"":""blas"",""version"":""0.3.27""},{""internal_api"":""openmp"",""num_threads"":1,""prefix"":""vcomp"",""user_api"":""openmp"",""version"":null}]",1,one KNN compute thread; process thread total not claimed,"{""cpus"":[0,1,2,3,4,5,6,7,8,9,10,11,12,13,14,15,16,17,18,19],""scope"":""process primary Windows processor group"",""status"":""observed""}",resident process observed before warmups; no affinity changes requested,,
20260916T205945.220601_0000_b410e8a7,final_weka,final,2652117a4ee78ff9ca3af25e0b14630333dee5e7f037dd51297219109b837111,prediction,10,67,2,False,2026-09-16T21:13:17.568460+00:00,13.3328706,45e7db603c7c8a42e6f5ebd17dd4105d54cf79bcf902df5f90866ec2beee6aa4,24000,6000,60,101,,19772,persistent JVM,not_applicable,1f9d0cf314e161635aafef3f3ea4d89f6ee03e030fabb3974d959023de367242,,2e231e0dffe7dcf2c840c982f30e8b6177566b3df9d7844322e4da390c22047e,weka_jar,11.0.16.1,"-K 101 -W 0 -I -A ""weka.core.neighboursearch.LinearNNSearch -A \""weka.core.EuclideanDistance -D -R first-last\""""","{""weka"":""3.8.6""}","{""MKL_NUM_THREADS"":""1"",""NUMEXPR_NUM_THREADS"":""1"",""OMP_NUM_THREADS"":""1"",""OPENBLAS_NUM_THREADS"":""1"",""VECLIB_MAXIMUM_THREADS"":""1""}",[],1,sequential KNN; JVM service/JIT/GC threads may exist,"{""cpus"":[0,1,2,3,4,5,6,7,8,9,10,11,12,13,14,15,16,17,18,19],""scope"":""process primary Windows processor group"",""status"":""observed""}",resident process observed before warmups; no affinity changes requested,,
20260916T205945.220601_0000_b410e8a7,final_python,final,2652117a4ee78ff9ca3af25e0b14630333dee5e7f037dd51297219109b837111,prediction,10,68,3,False,2026-09-16T21:13:53.172531+00:00,35.59928589995252,sha256:94c23c2f74e4663dfaa013a12610290f8fec481adcb2e0a5e515cfb92942eb90,24000,6000,60,101,1,9208,resident Python,not_applicable,71efcc2c822e4a6a086a65826a36132e40db462a171e31c4d064454e0740c59e,,5a0a13c8f43064ac41b900731046ff663fc37c87a7c7f84866d90a571b5626f4,python_interpreter,3.10.14,Python binary64,"{""matplotlib"":""3.7.0"",""numpy"":""1.26.0"",""pandas"":""1.5.3"",""scikit-learn"":""1.2.1"",""scipy"":""1.13.1"",""threadpoolctl"":""3.5.0""}","{""MKL_NUM_THREADS"":""1"",""NUMEXPR_NUM_THREADS"":""1"",""OMP_NUM_THREADS"":""1"",""OPENBLAS_NUM_THREADS"":""1"",""VECLIB_MAXIMUM_THREADS"":""1""}","[{""architecture"":""Prescott"",""internal_api"":""openblas"",""num_threads"":1,""prefix"":""libopenblas"",""threading_layer"":""pthreads"",""user_api"":""blas"",""version"":""0.3.23.dev""},{""architecture"":""Haswell"",""internal_api"":""openblas"",""num_threads"":1,""prefix"":""libopenblas"",""threading_layer"":""pthreads"",""user_api"":""blas"",""version"":""0.3.27""},{""internal_api"":""openmp"",""num_threads"":1,""prefix"":""vcomp"",""user_api"":""openmp"",""version"":null}]",1,one KNN compute thread; process thread total not claimed,"{""cpus"":[0,1,2,3,4,5,6,7,8,9,10,11,12,13,14,15,16,17,18,19],""scope"":""process primary Windows processor group"",""status"":""observed""}",resident process observed before warmups; no affinity changes requested,,
20260916T205945.220601_0000_b410e8a7,final_cpp,final,2652117a4ee78ff9ca3af25e0b14630333dee5e7f037dd51297219109b837111,prediction,10,69,4,False,2026-09-16T21:13:56.854990+00:00,3.6771837000000001,fnv1a64:f72460ae0302ef26,24000,6000,60,101,32,34704,persistent C++ process,portable,455fc90809696ecd5ee9177adf239a5498a089854297571ec3b37cc72d30d8ea,95e0113d16a7665f0e54632f986b5d010750307958af872f851adbc05a385a2b,802634e4969d1f91e152cb4aaf4f08c36570119c33ebd3f7c4602d4d21c02779,executable,MSVC 193532216,/DWIN32 /D_WINDOWS /EHsc /O2 /Ob2 /DNDEBUG /W4 /permissive- /fp:precise,{},"{""MKL_NUM_THREADS"":""1"",""NUMEXPR_NUM_THREADS"":""1"",""OMP_NUM_THREADS"":""1"",""OPENBLAS_NUM_THREADS"":""1"",""VECLIB_MAXIMUM_THREADS"":""1""}",[],1,one KNN compute thread; process thread total not claimed,"{""cpus"":[0,1,2,3,4,5,6,7,8,9,10,11,12,13,14,15,16,17,18,19],""scope"":""process primary Windows processor group"",""status"":""observed""}",resident process observed before warmups; no affinity changes requested,,
20260916T205945.220601_0000_b410e8a7,final_cpp,final,2652117a4ee78ff9ca3af25e0b14630333dee5e7f037dd51297219109b837111,prediction,11,70,0,False,2026-09-16T21:14:00.536445+00:00,3.6761846,fnv1a64:f72460ae0302ef26,24000,6000,60,101,32,34704,persistent C++ process,portable,455fc90809696ecd5ee9177adf239a5498a089854297571ec3b37cc72d30d8ea,95e0113d16a7665f0e54632f986b5d010750307958af872f851adbc05a385a2b,802634e4969d1f91e152cb4aaf4f08c36570119c33ebd3f7c4602d4d21c02779,executable,MSVC 193532216,/DWIN32 /D_WINDOWS /EHsc /O2 /Ob2 /DNDEBUG /W4 /permissive- /fp:precise,{},"{""MKL_NUM_THREADS"":""1"",""NUMEXPR_NUM_THREADS"":""1"",""OMP_NUM_THREADS"":""1"",""OPENBLAS_NUM_THREADS"":""1"",""VECLIB_MAXIMUM_THREADS"":""1""}",[],1,one KNN compute thread; process thread total not claimed,"{""cpus"":[0,1,2,3,4,5,6,7,8,9,10,11,12,13,14,15,16,17,18,19],""scope"":""process primary Windows processor group"",""status"":""observed""}",resident process observed before warmups; no affinity changes requested,,
20260916T205945.220601_0000_b410e8a7,final_python,final,2652117a4ee78ff9ca3af25e0b14630333dee5e7f037dd51297219109b837111,prediction,11,71,1,False,2026-09-16T21:14:36.873019+00:00,36.332169900008012,sha256:94c23c2f74e4663dfaa013a12610290f8fec481adcb2e0a5e515cfb92942eb90,24000,6000,60,101,1,9208,resident Python,not_applicable,71efcc2c822e4a6a086a65826a36132e40db462a171e31c4d064454e0740c59e,,5a0a13c8f43064ac41b900731046ff663fc37c87a7c7f84866d90a571b5626f4,python_interpreter,3.10.14,Python binary64,"{""matplotlib"":""3.7.0"",""numpy"":""1.26.0"",""pandas"":""1.5.3"",""scikit-learn"":""1.2.1"",""scipy"":""1.13.1"",""threadpoolctl"":""3.5.0""}","{""MKL_NUM_THREADS"":""1"",""NUMEXPR_NUM_THREADS"":""1"",""OMP_NUM_THREADS"":""1"",""OPENBLAS_NUM_THREADS"":""1"",""VECLIB_MAXIMUM_THREADS"":""1""}","[{""architecture"":""Prescott"",""internal_api"":""openblas"",""num_threads"":1,""prefix"":""libopenblas"",""threading_layer"":""pthreads"",""user_api"":""blas"",""version"":""0.3.23.dev""},{""architecture"":""Haswell"",""internal_api"":""openblas"",""num_threads"":1,""prefix"":""libopenblas"",""threading_layer"":""pthreads"",""user_api"":""blas"",""version"":""0.3.27""},{""internal_api"":""openmp"",""num_threads"":1,""prefix"":""vcomp"",""user_api"":""openmp"",""version"":null}]",1,one KNN compute thread; process thread total not claimed,"{""cpus"":[0,1,2,3,4,5,6,7,8,9,10,11,12,13,14,15,16,17,18,19],""scope"":""process primary Windows processor group"",""status"":""observed""}",resident process observed before warmups; no affinity changes requested,,
20260916T205945.220601_0000_b410e8a7,baseline_python_v5_1,baseline,78751a8c046a2fad278243868fba0102baeebb97c77bfcbd51bdb4113d0d8e42,prediction,11,72,2,False,2026-09-16T21:14:38.128005+00:00,1.2499163000029512,sha256:f7c61d2d72c51337d167c87debc737b91c755d1c6f434887760024617b9788e9,24000,6000,33,19,64,9208,resident Python,not_applicable,3c704c1c136520c4fb98b9d67a2d6d64637b21c08f639ca090d92c3ce65cdf0d,,5a0a13c8f43064ac41b900731046ff663fc37c87a7c7f84866d90a571b5626f4,python_interpreter,3.10.14,Python binary64,"{""matplotlib"":""3.7.0"",""numpy"":""1.26.0"",""pandas"":""1.5.3"",""scikit-learn"":""1.2.1"",""scipy"":""1.13.1"",""threadpoolctl"":""3.5.0""}","{""MKL_NUM_THREADS"":""1"",""NUMEXPR_NUM_THREADS"":""1"",""OMP_NUM_THREADS"":""1"",""OPENBLAS_NUM_THREADS"":""1"",""VECLIB_MAXIMUM_THREADS"":""1""}","[{""architecture"":""Prescott"",""internal_api"":""openblas"",""num_threads"":1,""prefix"":""libopenblas"",""threading_layer"":""pthreads"",""user_api"":""blas"",""version"":""0.3.23.dev""},{""architecture"":""Haswell"",""internal_api"":""openblas"",""num_threads"":1,""prefix"":""libopenblas"",""threading_layer"":""pthreads"",""user_api"":""blas"",""version"":""0.3.27""},{""internal_api"":""openmp"",""num_threads"":1,""prefix"":""vcomp"",""user_api"":""openmp"",""version"":null}]",1,one KNN compute thread; process thread total not claimed,"{""cpus"":[0,1,2,3,4,5,6,7,8,9,10,11,12,13,14,15,16,17,18,19],""scope"":""process primary Windows processor group"",""status"":""observed""}",resident process observed before warmups; no affinity changes requested,,
20260916T205945.220601_0000_b410e8a7,final_sklearn,final,2652117a4ee78ff9ca3af25e0b14630333dee5e7f037dd51297219109b837111,prediction,11,73,3,False,2026-09-16T21:14:39.539988+00:00,1.4064935999922454,sha256:0643c68fa542526a824dd16f18e69950584874cb821f56683d0db64ca273c6be,24000,6000,60,101,,9208,resident Python,not_applicable,71efcc2c822e4a6a086a65826a36132e40db462a171e31c4d064454e0740c59e,,5a0a13c8f43064ac41b900731046ff663fc37c87a7c7f84866d90a571b5626f4,python_interpreter,3.10.14,n_jobs=1; brute; distance,"{""matplotlib"":""3.7.0"",""numpy"":""1.26.0"",""pandas"":""1.5.3"",""scikit-learn"":""1.2.1"",""scipy"":""1.13.1"",""threadpoolctl"":""3.5.0""}","{""MKL_NUM_THREADS"":""1"",""NUMEXPR_NUM_THREADS"":""1"",""OMP_NUM_THREADS"":""1"",""OPENBLAS_NUM_THREADS"":""1"",""VECLIB_MAXIMUM_THREADS"":""1""}","[{""architecture"":""Prescott"",""internal_api"":""openblas"",""num_threads"":1,""prefix"":""libopenblas"",""threading_layer"":""pthreads"",""user_api"":""blas"",""version"":""0.3.23.dev""},{""architecture"":""Haswell"",""internal_api"":""openblas"",""num_threads"":1,""prefix"":""libopenblas"",""threading_layer"":""pthreads"",""user_api"":""blas"",""version"":""0.3.27""},{""internal_api"":""openmp"",""num_threads"":1,""prefix"":""vcomp"",""user_api"":""openmp"",""version"":null}]",1,one KNN compute thread; process thread total not claimed,"{""cpus"":[0,1,2,3,4,5,6,7,8,9,10,11,12,13,14,15,16,17,18,19],""scope"":""process primary Windows processor group"",""status"":""observed""}",resident process observed before warmups; no affinity changes requested,,
20260916T205945.220601_0000_b410e8a7,final_weka,final,2652117a4ee78ff9ca3af25e0b14630333dee5e7f037dd51297219109b837111,prediction,11,74,4,False,2026-09-16T21:14:52.884333+00:00,13.337673000000001,45e7db603c7c8a42e6f5ebd17dd4105d54cf79bcf902df5f90866ec2beee6aa4,24000,6000,60,101,,19772,persistent JVM,not_applicable,1f9d0cf314e161635aafef3f3ea4d89f6ee03e030fabb3974d959023de367242,,2e231e0dffe7dcf2c840c982f30e8b6177566b3df9d7844322e4da390c22047e,weka_jar,11.0.16.1,"-K 101 -W 0 -I -A ""weka.core.neighboursearch.LinearNNSearch -A \""weka.core.EuclideanDistance -D -R first-last\""""","{""weka"":""3.8.6""}","{""MKL_NUM_THREADS"":""1"",""NUMEXPR_NUM_THREADS"":""1"",""OMP_NUM_THREADS"":""1"",""OPENBLAS_NUM_THREADS"":""1"",""VECLIB_MAXIMUM_THREADS"":""1""}",[],1,sequential KNN; JVM service/JIT/GC threads may exist,"{""cpus"":[0,1,2,3,4,5,6,7,8,9,10,11,12,13,14,15,16,17,18,19],""scope"":""process primary Windows processor group"",""status"":""observed""}",resident process observed before warmups; no affinity changes requested,,
20260916T205945.220601_0000_b410e8a7,final_python,final,2652117a4ee78ff9ca3af25e0b14630333dee5e7f037dd51297219109b837111,prediction,12,75,0,False,2026-09-16T21:15:28.252418+00:00,35.36299399996642,sha256:94c23c2f74e4663dfaa013a12610290f8fec481adcb2e0a5e515cfb92942eb90,24000,6000,60,101,1,9208,resident Python,not_applicable,71efcc2c822e4a6a086a65826a36132e40db462a171e31c4d064454e0740c59e,,5a0a13c8f43064ac41b900731046ff663fc37c87a7c7f84866d90a571b5626f4,python_interpreter,3.10.14,Python binary64,"{""matplotlib"":""3.7.0"",""numpy"":""1.26.0"",""pandas"":""1.5.3"",""scikit-learn"":""1.2.1"",""scipy"":""1.13.1"",""threadpoolctl"":""3.5.0""}","{""MKL_NUM_THREADS"":""1"",""NUMEXPR_NUM_THREADS"":""1"",""OMP_NUM_THREADS"":""1"",""OPENBLAS_NUM_THREADS"":""1"",""VECLIB_MAXIMUM_THREADS"":""1""}","[{""architecture"":""Prescott"",""internal_api"":""openblas"",""num_threads"":1,""prefix"":""libopenblas"",""threading_layer"":""pthreads"",""user_api"":""blas"",""version"":""0.3.23.dev""},{""architecture"":""Haswell"",""internal_api"":""openblas"",""num_threads"":1,""prefix"":""libopenblas"",""threading_layer"":""pthreads"",""user_api"":""blas"",""version"":""0.3.27""},{""internal_api"":""openmp"",""num_threads"":1,""prefix"":""vcomp"",""user_api"":""openmp"",""version"":null}]",1,one KNN compute thread; process thread total not claimed,"{""cpus"":[0,1,2,3,4,5,6,7,8,9,10,11,12,13,14,15,16,17,18,19],""scope"":""process primary Windows processor group"",""status"":""observed""}",resident process observed before warmups; no affinity changes requested,,
20260916T205945.220601_0000_b410e8a7,baseline_python_v5_1,baseline,78751a8c046a2fad278243868fba0102baeebb97c77bfcbd51bdb4113d0d8e42,prediction,12,76,1,False,2026-09-16T21:15:29.512404+00:00,1.2547001999919303,sha256:f7c61d2d72c51337d167c87debc737b91c755d1c6f434887760024617b9788e9,24000,6000,33,19,64,9208,resident Python,not_applicable,3c704c1c136520c4fb98b9d67a2d6d64637b21c08f639ca090d92c3ce65cdf0d,,5a0a13c8f43064ac41b900731046ff663fc37c87a7c7f84866d90a571b5626f4,python_interpreter,3.10.14,Python binary64,"{""matplotlib"":""3.7.0"",""numpy"":""1.26.0"",""pandas"":""1.5.3"",""scikit-learn"":""1.2.1"",""scipy"":""1.13.1"",""threadpoolctl"":""3.5.0""}","{""MKL_NUM_THREADS"":""1"",""NUMEXPR_NUM_THREADS"":""1"",""OMP_NUM_THREADS"":""1"",""OPENBLAS_NUM_THREADS"":""1"",""VECLIB_MAXIMUM_THREADS"":""1""}","[{""architecture"":""Prescott"",""internal_api"":""openblas"",""num_threads"":1,""prefix"":""libopenblas"",""threading_layer"":""pthreads"",""user_api"":""blas"",""version"":""0.3.23.dev""},{""architecture"":""Haswell"",""internal_api"":""openblas"",""num_threads"":1,""prefix"":""libopenblas"",""threading_layer"":""pthreads"",""user_api"":""blas"",""version"":""0.3.27""},{""internal_api"":""openmp"",""num_threads"":1,""prefix"":""vcomp"",""user_api"":""openmp"",""version"":null}]",1,one KNN compute thread; process thread total not claimed,"{""cpus"":[0,1,2,3,4,5,6,7,8,9,10,11,12,13,14,15,16,17,18,19],""scope"":""process primary Windows processor group"",""status"":""observed""}",resident process observed before warmups; no affinity changes requested,,
20260916T205945.220601_0000_b410e8a7,final_weka,final,2652117a4ee78ff9ca3af25e0b14630333dee5e7f037dd51297219109b837111,prediction,12,77,2,False,2026-09-16T21:15:42.840249+00:00,13.3219625,45e7db603c7c8a42e6f5ebd17dd4105d54cf79bcf902df5f90866ec2beee6aa4,24000,6000,60,101,,19772,persistent JVM,not_applicable,1f9d0cf314e161635aafef3f3ea4d89f6ee03e030fabb3974d959023de367242,,2e231e0dffe7dcf2c840c982f30e8b6177566b3df9d7844322e4da390c22047e,weka_jar,11.0.16.1,"-K 101 -W 0 -I -A ""weka.core.neighboursearch.LinearNNSearch -A \""weka.core.EuclideanDistance -D -R first-last\""""","{""weka"":""3.8.6""}","{""MKL_NUM_THREADS"":""1"",""NUMEXPR_NUM_THREADS"":""1"",""OMP_NUM_THREADS"":""1"",""OPENBLAS_NUM_THREADS"":""1"",""VECLIB_MAXIMUM_THREADS"":""1""}",[],1,sequential KNN; JVM service/JIT/GC threads may exist,"{""cpus"":[0,1,2,3,4,5,6,7,8,9,10,11,12,13,14,15,16,17,18,19],""scope"":""process primary Windows processor group"",""status"":""observed""}",resident process observed before warmups; no affinity changes requested,,
20260916T205945.220601_0000_b410e8a7,final_cpp,final,2652117a4ee78ff9ca3af25e0b14630333dee5e7f037dd51297219109b837111,prediction,12,78,3,False,2026-09-16T21:15:46.521704+00:00,3.6758006999999999,fnv1a64:f72460ae0302ef26,24000,6000,60,101,32,34704,persistent C++ process,portable,455fc90809696ecd5ee9177adf239a5498a089854297571ec3b37cc72d30d8ea,95e0113d16a7665f0e54632f986b5d010750307958af872f851adbc05a385a2b,802634e4969d1f91e152cb4aaf4f08c36570119c33ebd3f7c4602d4d21c02779,executable,MSVC 193532216,/DWIN32 /D_WINDOWS /EHsc /O2 /Ob2 /DNDEBUG /W4 /permissive- /fp:precise,{},"{""MKL_NUM_THREADS"":""1"",""NUMEXPR_NUM_THREADS"":""1"",""OMP_NUM_THREADS"":""1"",""OPENBLAS_NUM_THREADS"":""1"",""VECLIB_MAXIMUM_THREADS"":""1""}",[],1,one KNN compute thread; process thread total not claimed,"{""cpus"":[0,1,2,3,4,5,6,7,8,9,10,11,12,13,14,15,16,17,18,19],""scope"":""process primary Windows processor group"",""status"":""observed""}",resident process observed before warmups; no affinity changes requested,,
20260916T205945.220601_0000_b410e8a7,final_sklearn,final,2652117a4ee78ff9ca3af25e0b14630333dee5e7f037dd51297219109b837111,prediction,12,79,4,False,2026-09-16T21:15:47.933188+00:00,1.406387299997732,sha256:0643c68fa542526a824dd16f18e69950584874cb821f56683d0db64ca273c6be,24000,6000,60,101,,9208,resident Python,not_applicable,71efcc2c822e4a6a086a65826a36132e40db462a171e31c4d064454e0740c59e,,5a0a13c8f43064ac41b900731046ff663fc37c87a7c7f84866d90a571b5626f4,python_interpreter,3.10.14,n_jobs=1; brute; distance,"{""matplotlib"":""3.7.0"",""numpy"":""1.26.0"",""pandas"":""1.5.3"",""scikit-learn"":""1.2.1"",""scipy"":""1.13.1"",""threadpoolctl"":""3.5.0""}","{""MKL_NUM_THREADS"":""1"",""NUMEXPR_NUM_THREADS"":""1"",""OMP_NUM_THREADS"":""1"",""OPENBLAS_NUM_THREADS"":""1"",""VECLIB_MAXIMUM_THREADS"":""1""}","[{""architecture"":""Prescott"",""internal_api"":""openblas"",""num_threads"":1,""prefix"":""libopenblas"",""threading_layer"":""pthreads"",""user_api"":""blas"",""version"":""0.3.23.dev""},{""architecture"":""Haswell"",""internal_api"":""openblas"",""num_threads"":1,""prefix"":""libopenblas"",""threading_layer"":""pthreads"",""user_api"":""blas"",""version"":""0.3.27""},{""internal_api"":""openmp"",""num_threads"":1,""prefix"":""vcomp"",""user_api"":""openmp"",""version"":null}]",1,one KNN compute thread; process thread total not claimed,"{""cpus"":[0,1,2,3,4,5,6,7,8,9,10,11,12,13,14,15,16,17,18,19],""scope"":""process primary Windows processor group"",""status"":""observed""}",resident process observed before warmups; no affinity changes requested,,
20260916T205945.220601_0000_b410e8a7,baseline_python_v5_1,baseline,78751a8c046a2fad278243868fba0102baeebb97c77bfcbd51bdb4113d0d8e42,prediction,13,80,0,False,2026-09-16T21:15:49.193674+00:00,1.2547350999666378,sha256:f7c61d2d72c51337d167c87debc737b91c755d1c6f434887760024617b9788e9,24000,6000,33,19,64,9208,resident Python,not_applicable,3c704c1c136520c4fb98b9d67a2d6d64637b21c08f639ca090d92c3ce65cdf0d,,5a0a13c8f43064ac41b900731046ff663fc37c87a7c7f84866d90a571b5626f4,python_interpreter,3.10.14,Python binary64,"{""matplotlib"":""3.7.0"",""numpy"":""1.26.0"",""pandas"":""1.5.3"",""scikit-learn"":""1.2.1"",""scipy"":""1.13.1"",""threadpoolctl"":""3.5.0""}","{""MKL_NUM_THREADS"":""1"",""NUMEXPR_NUM_THREADS"":""1"",""OMP_NUM_THREADS"":""1"",""OPENBLAS_NUM_THREADS"":""1"",""VECLIB_MAXIMUM_THREADS"":""1""}","[{""architecture"":""Prescott"",""internal_api"":""openblas"",""num_threads"":1,""prefix"":""libopenblas"",""threading_layer"":""pthreads"",""user_api"":""blas"",""version"":""0.3.23.dev""},{""architecture"":""Haswell"",""internal_api"":""openblas"",""num_threads"":1,""prefix"":""libopenblas"",""threading_layer"":""pthreads"",""user_api"":""blas"",""version"":""0.3.27""},{""internal_api"":""openmp"",""num_threads"":1,""prefix"":""vcomp"",""user_api"":""openmp"",""version"":null}]",1,one KNN compute thread; process thread total not claimed,"{""cpus"":[0,1,2,3,4,5,6,7,8,9,10,11,12,13,14,15,16,17,18,19],""scope"":""process primary Windows processor group"",""status"":""observed""}",resident process observed before warmups; no affinity changes requested,,
20260916T205945.220601_0000_b410e8a7,final_sklearn,final,2652117a4ee78ff9ca3af25e0b14630333dee5e7f037dd51297219109b837111,prediction,13,81,1,False,2026-09-16T21:15:50.599657+00:00,1.4006258000154048,sha256:0643c68fa542526a824dd16f18e69950584874cb821f56683d0db64ca273c6be,24000,6000,60,101,,9208,resident Python,not_applicable,71efcc2c822e4a6a086a65826a36132e40db462a171e31c4d064454e0740c59e,,5a0a13c8f43064ac41b900731046ff663fc37c87a7c7f84866d90a571b5626f4,python_interpreter,3.10.14,n_jobs=1; brute; distance,"{""matplotlib"":""3.7.0"",""numpy"":""1.26.0"",""pandas"":""1.5.3"",""scikit-learn"":""1.2.1"",""scipy"":""1.13.1"",""threadpoolctl"":""3.5.0""}","{""MKL_NUM_THREADS"":""1"",""NUMEXPR_NUM_THREADS"":""1"",""OMP_NUM_THREADS"":""1"",""OPENBLAS_NUM_THREADS"":""1"",""VECLIB_MAXIMUM_THREADS"":""1""}","[{""architecture"":""Prescott"",""internal_api"":""openblas"",""num_threads"":1,""prefix"":""libopenblas"",""threading_layer"":""pthreads"",""user_api"":""blas"",""version"":""0.3.23.dev""},{""architecture"":""Haswell"",""internal_api"":""openblas"",""num_threads"":1,""prefix"":""libopenblas"",""threading_layer"":""pthreads"",""user_api"":""blas"",""version"":""0.3.27""},{""internal_api"":""openmp"",""num_threads"":1,""prefix"":""vcomp"",""user_api"":""openmp"",""version"":null}]",1,one KNN compute thread; process thread total not claimed,"{""cpus"":[0,1,2,3,4,5,6,7,8,9,10,11,12,13,14,15,16,17,18,19],""scope"":""process primary Windows processor group"",""status"":""observed""}",resident process observed before warmups; no affinity changes requested,,
20260916T205945.220601_0000_b410e8a7,final_cpp,final,2652117a4ee78ff9ca3af25e0b14630333dee5e7f037dd51297219109b837111,prediction,13,82,2,False,2026-09-16T21:15:54.282115+00:00,3.6766545000000002,fnv1a64:f72460ae0302ef26,24000,6000,60,101,32,34704,persistent C++ process,portable,455fc90809696ecd5ee9177adf239a5498a089854297571ec3b37cc72d30d8ea,95e0113d16a7665f0e54632f986b5d010750307958af872f851adbc05a385a2b,802634e4969d1f91e152cb4aaf4f08c36570119c33ebd3f7c4602d4d21c02779,executable,MSVC 193532216,/DWIN32 /D_WINDOWS /EHsc /O2 /Ob2 /DNDEBUG /W4 /permissive- /fp:precise,{},"{""MKL_NUM_THREADS"":""1"",""NUMEXPR_NUM_THREADS"":""1"",""OMP_NUM_THREADS"":""1"",""OPENBLAS_NUM_THREADS"":""1"",""VECLIB_MAXIMUM_THREADS"":""1""}",[],1,one KNN compute thread; process thread total not claimed,"{""cpus"":[0,1,2,3,4,5,6,7,8,9,10,11,12,13,14,15,16,17,18,19],""scope"":""process primary Windows processor group"",""status"":""observed""}",resident process observed before warmups; no affinity changes requested,,
20260916T205945.220601_0000_b410e8a7,final_weka,final,2652117a4ee78ff9ca3af25e0b14630333dee5e7f037dd51297219109b837111,prediction,13,83,3,False,2026-09-16T21:16:07.634958+00:00,13.346603200000001,45e7db603c7c8a42e6f5ebd17dd4105d54cf79bcf902df5f90866ec2beee6aa4,24000,6000,60,101,,19772,persistent JVM,not_applicable,1f9d0cf314e161635aafef3f3ea4d89f6ee03e030fabb3974d959023de367242,,2e231e0dffe7dcf2c840c982f30e8b6177566b3df9d7844322e4da390c22047e,weka_jar,11.0.16.1,"-K 101 -W 0 -I -A ""weka.core.neighboursearch.LinearNNSearch -A \""weka.core.EuclideanDistance -D -R first-last\""""","{""weka"":""3.8.6""}","{""MKL_NUM_THREADS"":""1"",""NUMEXPR_NUM_THREADS"":""1"",""OMP_NUM_THREADS"":""1"",""OPENBLAS_NUM_THREADS"":""1"",""VECLIB_MAXIMUM_THREADS"":""1""}",[],1,sequential KNN; JVM service/JIT/GC threads may exist,"{""cpus"":[0,1,2,3,4,5,6,7,8,9,10,11,12,13,14,15,16,17,18,19],""scope"":""process primary Windows processor group"",""status"":""observed""}",resident process observed before warmups; no affinity changes requested,,
20260916T205945.220601_0000_b410e8a7,final_python,final,2652117a4ee78ff9ca3af25e0b14630333dee5e7f037dd51297219109b837111,prediction,13,84,4,False,2026-09-16T21:16:43.327041+00:00,35.686874200007878,sha256:94c23c2f74e4663dfaa013a12610290f8fec481adcb2e0a5e515cfb92942eb90,24000,6000,60,101,1,9208,resident Python,not_applicable,71efcc2c822e4a6a086a65826a36132e40db462a171e31c4d064454e0740c59e,,5a0a13c8f43064ac41b900731046ff663fc37c87a7c7f84866d90a571b5626f4,python_interpreter,3.10.14,Python binary64,"{""matplotlib"":""3.7.0"",""numpy"":""1.26.0"",""pandas"":""1.5.3"",""scikit-learn"":""1.2.1"",""scipy"":""1.13.1"",""threadpoolctl"":""3.5.0""}","{""MKL_NUM_THREADS"":""1"",""NUMEXPR_NUM_THREADS"":""1"",""OMP_NUM_THREADS"":""1"",""OPENBLAS_NUM_THREADS"":""1"",""VECLIB_MAXIMUM_THREADS"":""1""}","[{""architecture"":""Prescott"",""internal_api"":""openblas"",""num_threads"":1,""prefix"":""libopenblas"",""threading_layer"":""pthreads"",""user_api"":""blas"",""version"":""0.3.23.dev""},{""architecture"":""Haswell"",""internal_api"":""openblas"",""num_threads"":1,""prefix"":""libopenblas"",""threading_layer"":""pthreads"",""user_api"":""blas"",""version"":""0.3.27""},{""internal_api"":""openmp"",""num_threads"":1,""prefix"":""vcomp"",""user_api"":""openmp"",""version"":null}]",1,one KNN compute thread; process thread total not claimed,"{""cpus"":[0,1,2,3,4,5,6,7,8,9,10,11,12,13,14,15,16,17,18,19],""scope"":""process primary Windows processor group"",""status"":""observed""}",resident process observed before warmups; no affinity changes requested,,
20260916T205945.220601_0000_b410e8a7,final_python,final,2652117a4ee78ff9ca3af25e0b14630333dee5e7f037dd51297219109b837111,prediction,14,85,0,False,2026-09-16T21:17:18.808125+00:00,35.475732200022321,sha256:94c23c2f74e4663dfaa013a12610290f8fec481adcb2e0a5e515cfb92942eb90,24000,6000,60,101,1,9208,resident Python,not_applicable,71efcc2c822e4a6a086a65826a36132e40db462a171e31c4d064454e0740c59e,,5a0a13c8f43064ac41b900731046ff663fc37c87a7c7f84866d90a571b5626f4,python_interpreter,3.10.14,Python binary64,"{""matplotlib"":""3.7.0"",""numpy"":""1.26.0"",""pandas"":""1.5.3"",""scikit-learn"":""1.2.1"",""scipy"":""1.13.1"",""threadpoolctl"":""3.5.0""}","{""MKL_NUM_THREADS"":""1"",""NUMEXPR_NUM_THREADS"":""1"",""OMP_NUM_THREADS"":""1"",""OPENBLAS_NUM_THREADS"":""1"",""VECLIB_MAXIMUM_THREADS"":""1""}","[{""architecture"":""Prescott"",""internal_api"":""openblas"",""num_threads"":1,""prefix"":""libopenblas"",""threading_layer"":""pthreads"",""user_api"":""blas"",""version"":""0.3.23.dev""},{""architecture"":""Haswell"",""internal_api"":""openblas"",""num_threads"":1,""prefix"":""libopenblas"",""threading_layer"":""pthreads"",""user_api"":""blas"",""version"":""0.3.27""},{""internal_api"":""openmp"",""num_threads"":1,""prefix"":""vcomp"",""user_api"":""openmp"",""version"":null}]",1,one KNN compute thread; process thread total not claimed,"{""cpus"":[0,1,2,3,4,5,6,7,8,9,10,11,12,13,14,15,16,17,18,19],""scope"":""process primary Windows processor group"",""status"":""observed""}",resident process observed before warmups; no affinity changes requested,,
20260916T205945.220601_0000_b410e8a7,final_sklearn,final,2652117a4ee78ff9ca3af25e0b14630333dee5e7f037dd51297219109b837111,prediction,14,86,1,False,2026-09-16T21:17:20.216610+00:00,1.4032174000167288,sha256:0643c68fa542526a824dd16f18e69950584874cb821f56683d0db64ca273c6be,24000,6000,60,101,,9208,resident Python,not_applicable,71efcc2c822e4a6a086a65826a36132e40db462a171e31c4d064454e0740c59e,,5a0a13c8f43064ac41b900731046ff663fc37c87a7c7f84866d90a571b5626f4,python_interpreter,3.10.14,n_jobs=1; brute; distance,"{""matplotlib"":""3.7.0"",""numpy"":""1.26.0"",""pandas"":""1.5.3"",""scikit-learn"":""1.2.1"",""scipy"":""1.13.1"",""threadpoolctl"":""3.5.0""}","{""MKL_NUM_THREADS"":""1"",""NUMEXPR_NUM_THREADS"":""1"",""OMP_NUM_THREADS"":""1"",""OPENBLAS_NUM_THREADS"":""1"",""VECLIB_MAXIMUM_THREADS"":""1""}","[{""architecture"":""Prescott"",""internal_api"":""openblas"",""num_threads"":1,""prefix"":""libopenblas"",""threading_layer"":""pthreads"",""user_api"":""blas"",""version"":""0.3.23.dev""},{""architecture"":""Haswell"",""internal_api"":""openblas"",""num_threads"":1,""prefix"":""libopenblas"",""threading_layer"":""pthreads"",""user_api"":""blas"",""version"":""0.3.27""},{""internal_api"":""openmp"",""num_threads"":1,""prefix"":""vcomp"",""user_api"":""openmp"",""version"":null}]",1,one KNN compute thread; process thread total not claimed,"{""cpus"":[0,1,2,3,4,5,6,7,8,9,10,11,12,13,14,15,16,17,18,19],""scope"":""process primary Windows processor group"",""status"":""observed""}",resident process observed before warmups; no affinity changes requested,,
20260916T205945.220601_0000_b410e8a7,baseline_python_v5_1,baseline,78751a8c046a2fad278243868fba0102baeebb97c77bfcbd51bdb4113d0d8e42,prediction,14,87,2,False,2026-09-16T21:17:21.484594+00:00,1.2623046000371687,sha256:f7c61d2d72c51337d167c87debc737b91c755d1c6f434887760024617b9788e9,24000,6000,33,19,64,9208,resident Python,not_applicable,3c704c1c136520c4fb98b9d67a2d6d64637b21c08f639ca090d92c3ce65cdf0d,,5a0a13c8f43064ac41b900731046ff663fc37c87a7c7f84866d90a571b5626f4,python_interpreter,3.10.14,Python binary64,"{""matplotlib"":""3.7.0"",""numpy"":""1.26.0"",""pandas"":""1.5.3"",""scikit-learn"":""1.2.1"",""scipy"":""1.13.1"",""threadpoolctl"":""3.5.0""}","{""MKL_NUM_THREADS"":""1"",""NUMEXPR_NUM_THREADS"":""1"",""OMP_NUM_THREADS"":""1"",""OPENBLAS_NUM_THREADS"":""1"",""VECLIB_MAXIMUM_THREADS"":""1""}","[{""architecture"":""Prescott"",""internal_api"":""openblas"",""num_threads"":1,""prefix"":""libopenblas"",""threading_layer"":""pthreads"",""user_api"":""blas"",""version"":""0.3.23.dev""},{""architecture"":""Haswell"",""internal_api"":""openblas"",""num_threads"":1,""prefix"":""libopenblas"",""threading_layer"":""pthreads"",""user_api"":""blas"",""version"":""0.3.27""},{""internal_api"":""openmp"",""num_threads"":1,""prefix"":""vcomp"",""user_api"":""openmp"",""version"":null}]",1,one KNN compute thread; process thread total not claimed,"{""cpus"":[0,1,2,3,4,5,6,7,8,9,10,11,12,13,14,15,16,17,18,19],""scope"":""process primary Windows processor group"",""status"":""observed""}",resident process observed before warmups; no affinity changes requested,,
20260916T205945.220601_0000_b410e8a7,final_cpp,final,2652117a4ee78ff9ca3af25e0b14630333dee5e7f037dd51297219109b837111,prediction,14,88,3,False,2026-09-16T21:17:25.179550+00:00,3.6890279000000001,fnv1a64:f72460ae0302ef26,24000,6000,60,101,32,34704,persistent C++ process,portable,455fc90809696ecd5ee9177adf239a5498a089854297571ec3b37cc72d30d8ea,95e0113d16a7665f0e54632f986b5d010750307958af872f851adbc05a385a2b,802634e4969d1f91e152cb4aaf4f08c36570119c33ebd3f7c4602d4d21c02779,executable,MSVC 193532216,/DWIN32 /D_WINDOWS /EHsc /O2 /Ob2 /DNDEBUG /W4 /permissive- /fp:precise,{},"{""MKL_NUM_THREADS"":""1"",""NUMEXPR_NUM_THREADS"":""1"",""OMP_NUM_THREADS"":""1"",""OPENBLAS_NUM_THREADS"":""1"",""VECLIB_MAXIMUM_THREADS"":""1""}",[],1,one KNN compute thread; process thread total not claimed,"{""cpus"":[0,1,2,3,4,5,6,7,8,9,10,11,12,13,14,15,16,17,18,19],""scope"":""process primary Windows processor group"",""status"":""observed""}",resident process observed before warmups; no affinity changes requested,,
20260916T205945.220601_0000_b410e8a7,final_weka,final,2652117a4ee78ff9ca3af25e0b14630333dee5e7f037dd51297219109b837111,prediction,14,89,4,False,2026-09-16T21:17:38.530897+00:00,13.3447751,45e7db603c7c8a42e6f5ebd17dd4105d54cf79bcf902df5f90866ec2beee6aa4,24000,6000,60,101,,19772,persistent JVM,not_applicable,1f9d0cf314e161635aafef3f3ea4d89f6ee03e030fabb3974d959023de367242,,2e231e0dffe7dcf2c840c982f30e8b6177566b3df9d7844322e4da390c22047e,weka_jar,11.0.16.1,"-K 101 -W 0 -I -A ""weka.core.neighboursearch.LinearNNSearch -A \""weka.core.EuclideanDistance -D -R first-last\""""","{""weka"":""3.8.6""}","{""MKL_NUM_THREADS"":""1"",""NUMEXPR_NUM_THREADS"":""1"",""OMP_NUM_THREADS"":""1"",""OPENBLAS_NUM_THREADS"":""1"",""VECLIB_MAXIMUM_THREADS"":""1""}",[],1,sequential KNN; JVM service/JIT/GC threads may exist,"{""cpus"":[0,1,2,3,4,5,6,7,8,9,10,11,12,13,14,15,16,17,18,19],""scope"":""process primary Windows processor group"",""status"":""observed""}",resident process observed before warmups; no affinity changes requested,,
20260916T205945.220601_0000_b410e8a7,final_sklearn,final,2652117a4ee78ff9ca3af25e0b14630333dee5e7f037dd51297219109b837111,prediction,15,90,0,False,2026-09-16T21:17:39.938878+00:00,1.4019286000402644,sha256:0643c68fa542526a824dd16f18e69950584874cb821f56683d0db64ca273c6be,24000,6000,60,101,,9208,resident Python,not_applicable,71efcc2c822e4a6a086a65826a36132e40db462a171e31c4d064454e0740c59e,,5a0a13c8f43064ac41b900731046ff663fc37c87a7c7f84866d90a571b5626f4,python_interpreter,3.10.14,n_jobs=1; brute; distance,"{""matplotlib"":""3.7.0"",""numpy"":""1.26.0"",""pandas"":""1.5.3"",""scikit-learn"":""1.2.1"",""scipy"":""1.13.1"",""threadpoolctl"":""3.5.0""}","{""MKL_NUM_THREADS"":""1"",""NUMEXPR_NUM_THREADS"":""1"",""OMP_NUM_THREADS"":""1"",""OPENBLAS_NUM_THREADS"":""1"",""VECLIB_MAXIMUM_THREADS"":""1""}","[{""architecture"":""Prescott"",""internal_api"":""openblas"",""num_threads"":1,""prefix"":""libopenblas"",""threading_layer"":""pthreads"",""user_api"":""blas"",""version"":""0.3.23.dev""},{""architecture"":""Haswell"",""internal_api"":""openblas"",""num_threads"":1,""prefix"":""libopenblas"",""threading_layer"":""pthreads"",""user_api"":""blas"",""version"":""0.3.27""},{""internal_api"":""openmp"",""num_threads"":1,""prefix"":""vcomp"",""user_api"":""openmp"",""version"":null}]",1,one KNN compute thread; process thread total not claimed,"{""cpus"":[0,1,2,3,4,5,6,7,8,9,10,11,12,13,14,15,16,17,18,19],""scope"":""process primary Windows processor group"",""status"":""observed""}",resident process observed before warmups; no affinity changes requested,,
20260916T205945.220601_0000_b410e8a7,final_python,final,2652117a4ee78ff9ca3af25e0b14630333dee5e7f037dd51297219109b837111,prediction,15,91,1,False,2026-09-16T21:18:15.474462+00:00,35.530484799994156,sha256:94c23c2f74e4663dfaa013a12610290f8fec481adcb2e0a5e515cfb92942eb90,24000,6000,60,101,1,9208,resident Python,not_applicable,71efcc2c822e4a6a086a65826a36132e40db462a171e31c4d064454e0740c59e,,5a0a13c8f43064ac41b900731046ff663fc37c87a7c7f84866d90a571b5626f4,python_interpreter,3.10.14,Python binary64,"{""matplotlib"":""3.7.0"",""numpy"":""1.26.0"",""pandas"":""1.5.3"",""scikit-learn"":""1.2.1"",""scipy"":""1.13.1"",""threadpoolctl"":""3.5.0""}","{""MKL_NUM_THREADS"":""1"",""NUMEXPR_NUM_THREADS"":""1"",""OMP_NUM_THREADS"":""1"",""OPENBLAS_NUM_THREADS"":""1"",""VECLIB_MAXIMUM_THREADS"":""1""}","[{""architecture"":""Prescott"",""internal_api"":""openblas"",""num_threads"":1,""prefix"":""libopenblas"",""threading_layer"":""pthreads"",""user_api"":""blas"",""version"":""0.3.23.dev""},{""architecture"":""Haswell"",""internal_api"":""openblas"",""num_threads"":1,""prefix"":""libopenblas"",""threading_layer"":""pthreads"",""user_api"":""blas"",""version"":""0.3.27""},{""internal_api"":""openmp"",""num_threads"":1,""prefix"":""vcomp"",""user_api"":""openmp"",""version"":null}]",1,one KNN compute thread; process thread total not claimed,"{""cpus"":[0,1,2,3,4,5,6,7,8,9,10,11,12,13,14,15,16,17,18,19],""scope"":""process primary Windows processor group"",""status"":""observed""}",resident process observed before warmups; no affinity changes requested,,
20260916T205945.220601_0000_b410e8a7,baseline_python_v5_1,baseline,78751a8c046a2fad278243868fba0102baeebb97c77bfcbd51bdb4113d0d8e42,prediction,15,92,2,False,2026-09-16T21:18:16.737447+00:00,1.2570908999769017,sha256:f7c61d2d72c51337d167c87debc737b91c755d1c6f434887760024617b9788e9,24000,6000,33,19,64,9208,resident Python,not_applicable,3c704c1c136520c4fb98b9d67a2d6d64637b21c08f639ca090d92c3ce65cdf0d,,5a0a13c8f43064ac41b900731046ff663fc37c87a7c7f84866d90a571b5626f4,python_interpreter,3.10.14,Python binary64,"{""matplotlib"":""3.7.0"",""numpy"":""1.26.0"",""pandas"":""1.5.3"",""scikit-learn"":""1.2.1"",""scipy"":""1.13.1"",""threadpoolctl"":""3.5.0""}","{""MKL_NUM_THREADS"":""1"",""NUMEXPR_NUM_THREADS"":""1"",""OMP_NUM_THREADS"":""1"",""OPENBLAS_NUM_THREADS"":""1"",""VECLIB_MAXIMUM_THREADS"":""1""}","[{""architecture"":""Prescott"",""internal_api"":""openblas"",""num_threads"":1,""prefix"":""libopenblas"",""threading_layer"":""pthreads"",""user_api"":""blas"",""version"":""0.3.23.dev""},{""architecture"":""Haswell"",""internal_api"":""openblas"",""num_threads"":1,""prefix"":""libopenblas"",""threading_layer"":""pthreads"",""user_api"":""blas"",""version"":""0.3.27""},{""internal_api"":""openmp"",""num_threads"":1,""prefix"":""vcomp"",""user_api"":""openmp"",""version"":null}]",1,one KNN compute thread; process thread total not claimed,"{""cpus"":[0,1,2,3,4,5,6,7,8,9,10,11,12,13,14,15,16,17,18,19],""scope"":""process primary Windows processor group"",""status"":""observed""}",resident process observed before warmups; no affinity changes requested,,
20260916T205945.220601_0000_b410e8a7,final_weka,final,2652117a4ee78ff9ca3af25e0b14630333dee5e7f037dd51297219109b837111,prediction,15,93,3,False,2026-09-16T21:18:30.105293+00:00,13.3606449,45e7db603c7c8a42e6f5ebd17dd4105d54cf79bcf902df5f90866ec2beee6aa4,24000,6000,60,101,,19772,persistent JVM,not_applicable,1f9d0cf314e161635aafef3f3ea4d89f6ee03e030fabb3974d959023de367242,,2e231e0dffe7dcf2c840c982f30e8b6177566b3df9d7844322e4da390c22047e,weka_jar,11.0.16.1,"-K 101 -W 0 -I -A ""weka.core.neighboursearch.LinearNNSearch -A \""weka.core.EuclideanDistance -D -R first-last\""""","{""weka"":""3.8.6""}","{""MKL_NUM_THREADS"":""1"",""NUMEXPR_NUM_THREADS"":""1"",""OMP_NUM_THREADS"":""1"",""OPENBLAS_NUM_THREADS"":""1"",""VECLIB_MAXIMUM_THREADS"":""1""}",[],1,sequential KNN; JVM service/JIT/GC threads may exist,"{""cpus"":[0,1,2,3,4,5,6,7,8,9,10,11,12,13,14,15,16,17,18,19],""scope"":""process primary Windows processor group"",""status"":""observed""}",resident process observed before warmups; no affinity changes requested,,
20260916T205945.220601_0000_b410e8a7,final_cpp,final,2652117a4ee78ff9ca3af25e0b14630333dee5e7f037dd51297219109b837111,prediction,15,94,4,False,2026-09-16T21:18:33.785249+00:00,3.6739259,fnv1a64:f72460ae0302ef26,24000,6000,60,101,32,34704,persistent C++ process,portable,455fc90809696ecd5ee9177adf239a5498a089854297571ec3b37cc72d30d8ea,95e0113d16a7665f0e54632f986b5d010750307958af872f851adbc05a385a2b,802634e4969d1f91e152cb4aaf4f08c36570119c33ebd3f7c4602d4d21c02779,executable,MSVC 193532216,/DWIN32 /D_WINDOWS /EHsc /O2 /Ob2 /DNDEBUG /W4 /permissive- /fp:precise,{},"{""MKL_NUM_THREADS"":""1"",""NUMEXPR_NUM_THREADS"":""1"",""OMP_NUM_THREADS"":""1"",""OPENBLAS_NUM_THREADS"":""1"",""VECLIB_MAXIMUM_THREADS"":""1""}",[],1,one KNN compute thread; process thread total not claimed,"{""cpus"":[0,1,2,3,4,5,6,7,8,9,10,11,12,13,14,15,16,17,18,19],""scope"":""process primary Windows processor group"",""status"":""observed""}",resident process observed before warmups; no affinity changes requested,,
20260916T205945.220601_0000_b410e8a7,final_weka,final,2652117a4ee78ff9ca3af25e0b14630333dee5e7f037dd51297219109b837111,prediction,16,95,0,False,2026-09-16T21:18:47.145592+00:00,13.3535614,45e7db603c7c8a42e6f5ebd17dd4105d54cf79bcf902df5f90866ec2beee6aa4,24000,6000,60,101,,19772,persistent JVM,not_applicable,1f9d0cf314e161635aafef3f3ea4d89f6ee03e030fabb3974d959023de367242,,2e231e0dffe7dcf2c840c982f30e8b6177566b3df9d7844322e4da390c22047e,weka_jar,11.0.16.1,"-K 101 -W 0 -I -A ""weka.core.neighboursearch.LinearNNSearch -A \""weka.core.EuclideanDistance -D -R first-last\""""","{""weka"":""3.8.6""}","{""MKL_NUM_THREADS"":""1"",""NUMEXPR_NUM_THREADS"":""1"",""OMP_NUM_THREADS"":""1"",""OPENBLAS_NUM_THREADS"":""1"",""VECLIB_MAXIMUM_THREADS"":""1""}",[],1,sequential KNN; JVM service/JIT/GC threads may exist,"{""cpus"":[0,1,2,3,4,5,6,7,8,9,10,11,12,13,14,15,16,17,18,19],""scope"":""process primary Windows processor group"",""status"":""observed""}",resident process observed before warmups; no affinity changes requested,,
20260916T205945.220601_0000_b410e8a7,final_python,final,2652117a4ee78ff9ca3af25e0b14630333dee5e7f037dd51297219109b837111,prediction,16,96,1,False,2026-09-16T21:19:22.411179+00:00,35.260343500005547,sha256:94c23c2f74e4663dfaa013a12610290f8fec481adcb2e0a5e515cfb92942eb90,24000,6000,60,101,1,9208,resident Python,not_applicable,71efcc2c822e4a6a086a65826a36132e40db462a171e31c4d064454e0740c59e,,5a0a13c8f43064ac41b900731046ff663fc37c87a7c7f84866d90a571b5626f4,python_interpreter,3.10.14,Python binary64,"{""matplotlib"":""3.7.0"",""numpy"":""1.26.0"",""pandas"":""1.5.3"",""scikit-learn"":""1.2.1"",""scipy"":""1.13.1"",""threadpoolctl"":""3.5.0""}","{""MKL_NUM_THREADS"":""1"",""NUMEXPR_NUM_THREADS"":""1"",""OMP_NUM_THREADS"":""1"",""OPENBLAS_NUM_THREADS"":""1"",""VECLIB_MAXIMUM_THREADS"":""1""}","[{""architecture"":""Prescott"",""internal_api"":""openblas"",""num_threads"":1,""prefix"":""libopenblas"",""threading_layer"":""pthreads"",""user_api"":""blas"",""version"":""0.3.23.dev""},{""architecture"":""Haswell"",""internal_api"":""openblas"",""num_threads"":1,""prefix"":""libopenblas"",""threading_layer"":""pthreads"",""user_api"":""blas"",""version"":""0.3.27""},{""internal_api"":""openmp"",""num_threads"":1,""prefix"":""vcomp"",""user_api"":""openmp"",""version"":null}]",1,one KNN compute thread; process thread total not claimed,"{""cpus"":[0,1,2,3,4,5,6,7,8,9,10,11,12,13,14,15,16,17,18,19],""scope"":""process primary Windows processor group"",""status"":""observed""}",resident process observed before warmups; no affinity changes requested,,
20260916T205945.220601_0000_b410e8a7,final_cpp,final,2652117a4ee78ff9ca3af25e0b14630333dee5e7f037dd51297219109b837111,prediction,16,97,2,False,2026-09-16T21:19:26.094136+00:00,3.6766709999999998,fnv1a64:f72460ae0302ef26,24000,6000,60,101,32,34704,persistent C++ process,portable,455fc90809696ecd5ee9177adf239a5498a089854297571ec3b37cc72d30d8ea,95e0113d16a7665f0e54632f986b5d010750307958af872f851adbc05a385a2b,802634e4969d1f91e152cb4aaf4f08c36570119c33ebd3f7c4602d4d21c02779,executable,MSVC 193532216,/DWIN32 /D_WINDOWS /EHsc /O2 /Ob2 /DNDEBUG /W4 /permissive- /fp:precise,{},"{""MKL_NUM_THREADS"":""1"",""NUMEXPR_NUM_THREADS"":""1"",""OMP_NUM_THREADS"":""1"",""OPENBLAS_NUM_THREADS"":""1"",""VECLIB_MAXIMUM_THREADS"":""1""}",[],1,one KNN compute thread; process thread total not claimed,"{""cpus"":[0,1,2,3,4,5,6,7,8,9,10,11,12,13,14,15,16,17,18,19],""scope"":""process primary Windows processor group"",""status"":""observed""}",resident process observed before warmups; no affinity changes requested,,
20260916T205945.220601_0000_b410e8a7,baseline_python_v5_1,baseline,78751a8c046a2fad278243868fba0102baeebb97c77bfcbd51bdb4113d0d8e42,prediction,16,98,3,False,2026-09-16T21:19:27.356621+00:00,1.2568184999981895,sha256:f7c61d2d72c51337d167c87debc737b91c755d1c6f434887760024617b9788e9,24000,6000,33,19,64,9208,resident Python,not_applicable,3c704c1c136520c4fb98b9d67a2d6d64637b21c08f639ca090d92c3ce65cdf0d,,5a0a13c8f43064ac41b900731046ff663fc37c87a7c7f84866d90a571b5626f4,python_interpreter,3.10.14,Python binary64,"{""matplotlib"":""3.7.0"",""numpy"":""1.26.0"",""pandas"":""1.5.3"",""scikit-learn"":""1.2.1"",""scipy"":""1.13.1"",""threadpoolctl"":""3.5.0""}","{""MKL_NUM_THREADS"":""1"",""NUMEXPR_NUM_THREADS"":""1"",""OMP_NUM_THREADS"":""1"",""OPENBLAS_NUM_THREADS"":""1"",""VECLIB_MAXIMUM_THREADS"":""1""}","[{""architecture"":""Prescott"",""internal_api"":""openblas"",""num_threads"":1,""prefix"":""libopenblas"",""threading_layer"":""pthreads"",""user_api"":""blas"",""version"":""0.3.23.dev""},{""architecture"":""Haswell"",""internal_api"":""openblas"",""num_threads"":1,""prefix"":""libopenblas"",""threading_layer"":""pthreads"",""user_api"":""blas"",""version"":""0.3.27""},{""internal_api"":""openmp"",""num_threads"":1,""prefix"":""vcomp"",""user_api"":""openmp"",""version"":null}]",1,one KNN compute thread; process thread total not claimed,"{""cpus"":[0,1,2,3,4,5,6,7,8,9,10,11,12,13,14,15,16,17,18,19],""scope"":""process primary Windows processor group"",""status"":""observed""}",resident process observed before warmups; no affinity changes requested,,
20260916T205945.220601_0000_b410e8a7,final_sklearn,final,2652117a4ee78ff9ca3af25e0b14630333dee5e7f037dd51297219109b837111,prediction,16,99,4,False,2026-09-16T21:19:28.766605+00:00,1.4035979000036605,sha256:0643c68fa542526a824dd16f18e69950584874cb821f56683d0db64ca273c6be,24000,6000,60,101,,9208,resident Python,not_applicable,71efcc2c822e4a6a086a65826a36132e40db462a171e31c4d064454e0740c59e,,5a0a13c8f43064ac41b900731046ff663fc37c87a7c7f84866d90a571b5626f4,python_interpreter,3.10.14,n_jobs=1; brute; distance,"{""matplotlib"":""3.7.0"",""numpy"":""1.26.0"",""pandas"":""1.5.3"",""scikit-learn"":""1.2.1"",""scipy"":""1.13.1"",""threadpoolctl"":""3.5.0""}","{""MKL_NUM_THREADS"":""1"",""NUMEXPR_NUM_THREADS"":""1"",""OMP_NUM_THREADS"":""1"",""OPENBLAS_NUM_THREADS"":""1"",""VECLIB_MAXIMUM_THREADS"":""1""}","[{""architecture"":""Prescott"",""internal_api"":""openblas"",""num_threads"":1,""prefix"":""libopenblas"",""threading_layer"":""pthreads"",""user_api"":""blas"",""version"":""0.3.23.dev""},{""architecture"":""Haswell"",""internal_api"":""openblas"",""num_threads"":1,""prefix"":""libopenblas"",""threading_layer"":""pthreads"",""user_api"":""blas"",""version"":""0.3.27""},{""internal_api"":""openmp"",""num_threads"":1,""prefix"":""vcomp"",""user_api"":""openmp"",""version"":null}]",1,one KNN compute thread; process thread total not claimed,"{""cpus"":[0,1,2,3,4,5,6,7,8,9,10,11,12,13,14,15,16,17,18,19],""scope"":""process primary Windows processor group"",""status"":""observed""}",resident process observed before warmups; no affinity changes requested,,
20260916T205945.220601_0000_b410e8a7,baseline_python_v5_1,baseline,78751a8c046a2fad278243868fba0102baeebb97c77bfcbd51bdb4113d0d8e42,prediction,17,100,0,False,2026-09-16T21:19:30.027092+00:00,1.2546378999832086,sha256:f7c61d2d72c51337d167c87debc737b91c755d1c6f434887760024617b9788e9,24000,6000,33,19,64,9208,resident Python,not_applicable,3c704c1c136520c4fb98b9d67a2d6d64637b21c08f639ca090d92c3ce65cdf0d,,5a0a13c8f43064ac41b900731046ff663fc37c87a7c7f84866d90a571b5626f4,python_interpreter,3.10.14,Python binary64,"{""matplotlib"":""3.7.0"",""numpy"":""1.26.0"",""pandas"":""1.5.3"",""scikit-learn"":""1.2.1"",""scipy"":""1.13.1"",""threadpoolctl"":""3.5.0""}","{""MKL_NUM_THREADS"":""1"",""NUMEXPR_NUM_THREADS"":""1"",""OMP_NUM_THREADS"":""1"",""OPENBLAS_NUM_THREADS"":""1"",""VECLIB_MAXIMUM_THREADS"":""1""}","[{""architecture"":""Prescott"",""internal_api"":""openblas"",""num_threads"":1,""prefix"":""libopenblas"",""threading_layer"":""pthreads"",""user_api"":""blas"",""version"":""0.3.23.dev""},{""architecture"":""Haswell"",""internal_api"":""openblas"",""num_threads"":1,""prefix"":""libopenblas"",""threading_layer"":""pthreads"",""user_api"":""blas"",""version"":""0.3.27""},{""internal_api"":""openmp"",""num_threads"":1,""prefix"":""vcomp"",""user_api"":""openmp"",""version"":null}]",1,one KNN compute thread; process thread total not claimed,"{""cpus"":[0,1,2,3,4,5,6,7,8,9,10,11,12,13,14,15,16,17,18,19],""scope"":""process primary Windows processor group"",""status"":""observed""}",resident process observed before warmups; no affinity changes requested,,
20260916T205945.220601_0000_b410e8a7,final_python,final,2652117a4ee78ff9ca3af25e0b14630333dee5e7f037dd51297219109b837111,prediction,17,101,1,False,2026-09-16T21:20:05.381676+00:00,35.348639099975117,sha256:94c23c2f74e4663dfaa013a12610290f8fec481adcb2e0a5e515cfb92942eb90,24000,6000,60,101,1,9208,resident Python,not_applicable,71efcc2c822e4a6a086a65826a36132e40db462a171e31c4d064454e0740c59e,,5a0a13c8f43064ac41b900731046ff663fc37c87a7c7f84866d90a571b5626f4,python_interpreter,3.10.14,Python binary64,"{""matplotlib"":""3.7.0"",""numpy"":""1.26.0"",""pandas"":""1.5.3"",""scikit-learn"":""1.2.1"",""scipy"":""1.13.1"",""threadpoolctl"":""3.5.0""}","{""MKL_NUM_THREADS"":""1"",""NUMEXPR_NUM_THREADS"":""1"",""OMP_NUM_THREADS"":""1"",""OPENBLAS_NUM_THREADS"":""1"",""VECLIB_MAXIMUM_THREADS"":""1""}","[{""architecture"":""Prescott"",""internal_api"":""openblas"",""num_threads"":1,""prefix"":""libopenblas"",""threading_layer"":""pthreads"",""user_api"":""blas"",""version"":""0.3.23.dev""},{""architecture"":""Haswell"",""internal_api"":""openblas"",""num_threads"":1,""prefix"":""libopenblas"",""threading_layer"":""pthreads"",""user_api"":""blas"",""version"":""0.3.27""},{""internal_api"":""openmp"",""num_threads"":1,""prefix"":""vcomp"",""user_api"":""openmp"",""version"":null}]",1,one KNN compute thread; process thread total not claimed,"{""cpus"":[0,1,2,3,4,5,6,7,8,9,10,11,12,13,14,15,16,17,18,19],""scope"":""process primary Windows processor group"",""status"":""observed""}",resident process observed before warmups; no affinity changes requested,,
20260916T205945.220601_0000_b410e8a7,final_sklearn,final,2652117a4ee78ff9ca3af25e0b14630333dee5e7f037dd51297219109b837111,prediction,17,102,2,False,2026-09-16T21:20:06.792160+00:00,1.4046150999492966,sha256:0643c68fa542526a824dd16f18e69950584874cb821f56683d0db64ca273c6be,24000,6000,60,101,,9208,resident Python,not_applicable,71efcc2c822e4a6a086a65826a36132e40db462a171e31c4d064454e0740c59e,,5a0a13c8f43064ac41b900731046ff663fc37c87a7c7f84866d90a571b5626f4,python_interpreter,3.10.14,n_jobs=1; brute; distance,"{""matplotlib"":""3.7.0"",""numpy"":""1.26.0"",""pandas"":""1.5.3"",""scikit-learn"":""1.2.1"",""scipy"":""1.13.1"",""threadpoolctl"":""3.5.0""}","{""MKL_NUM_THREADS"":""1"",""NUMEXPR_NUM_THREADS"":""1"",""OMP_NUM_THREADS"":""1"",""OPENBLAS_NUM_THREADS"":""1"",""VECLIB_MAXIMUM_THREADS"":""1""}","[{""architecture"":""Prescott"",""internal_api"":""openblas"",""num_threads"":1,""prefix"":""libopenblas"",""threading_layer"":""pthreads"",""user_api"":""blas"",""version"":""0.3.23.dev""},{""architecture"":""Haswell"",""internal_api"":""openblas"",""num_threads"":1,""prefix"":""libopenblas"",""threading_layer"":""pthreads"",""user_api"":""blas"",""version"":""0.3.27""},{""internal_api"":""openmp"",""num_threads"":1,""prefix"":""vcomp"",""user_api"":""openmp"",""version"":null}]",1,one KNN compute thread; process thread total not claimed,"{""cpus"":[0,1,2,3,4,5,6,7,8,9,10,11,12,13,14,15,16,17,18,19],""scope"":""process primary Windows processor group"",""status"":""observed""}",resident process observed before warmups; no affinity changes requested,,
20260916T205945.220601_0000_b410e8a7,final_weka,final,2652117a4ee78ff9ca3af25e0b14630333dee5e7f037dd51297219109b837111,prediction,17,103,3,False,2026-09-16T21:20:20.117004+00:00,13.318110000000001,45e7db603c7c8a42e6f5ebd17dd4105d54cf79bcf902df5f90866ec2beee6aa4,24000,6000,60,101,,19772,persistent JVM,not_applicable,1f9d0cf314e161635aafef3f3ea4d89f6ee03e030fabb3974d959023de367242,,2e231e0dffe7dcf2c840c982f30e8b6177566b3df9d7844322e4da390c22047e,weka_jar,11.0.16.1,"-K 101 -W 0 -I -A ""weka.core.neighboursearch.LinearNNSearch -A \""weka.core.EuclideanDistance -D -R first-last\""""","{""weka"":""3.8.6""}","{""MKL_NUM_THREADS"":""1"",""NUMEXPR_NUM_THREADS"":""1"",""OMP_NUM_THREADS"":""1"",""OPENBLAS_NUM_THREADS"":""1"",""VECLIB_MAXIMUM_THREADS"":""1""}",[],1,sequential KNN; JVM service/JIT/GC threads may exist,"{""cpus"":[0,1,2,3,4,5,6,7,8,9,10,11,12,13,14,15,16,17,18,19],""scope"":""process primary Windows processor group"",""status"":""observed""}",resident process observed before warmups; no affinity changes requested,,
20260916T205945.220601_0000_b410e8a7,final_cpp,final,2652117a4ee78ff9ca3af25e0b14630333dee5e7f037dd51297219109b837111,prediction,17,104,4,False,2026-09-16T21:20:23.806960+00:00,3.6833599000000001,fnv1a64:f72460ae0302ef26,24000,6000,60,101,32,34704,persistent C++ process,portable,455fc90809696ecd5ee9177adf239a5498a089854297571ec3b37cc72d30d8ea,95e0113d16a7665f0e54632f986b5d010750307958af872f851adbc05a385a2b,802634e4969d1f91e152cb4aaf4f08c36570119c33ebd3f7c4602d4d21c02779,executable,MSVC 193532216,/DWIN32 /D_WINDOWS /EHsc /O2 /Ob2 /DNDEBUG /W4 /permissive- /fp:precise,{},"{""MKL_NUM_THREADS"":""1"",""NUMEXPR_NUM_THREADS"":""1"",""OMP_NUM_THREADS"":""1"",""OPENBLAS_NUM_THREADS"":""1"",""VECLIB_MAXIMUM_THREADS"":""1""}",[],1,one KNN compute thread; process thread total not claimed,"{""cpus"":[0,1,2,3,4,5,6,7,8,9,10,11,12,13,14,15,16,17,18,19],""scope"":""process primary Windows processor group"",""status"":""observed""}",resident process observed before warmups; no affinity changes requested,,
20260916T205945.220601_0000_b410e8a7,final_cpp,final,2652117a4ee78ff9ca3af25e0b14630333dee5e7f037dd51297219109b837111,prediction,18,105,0,False,2026-09-16T21:20:27.490917+00:00,3.6775992999999998,fnv1a64:f72460ae0302ef26,24000,6000,60,101,32,34704,persistent C++ process,portable,455fc90809696ecd5ee9177adf239a5498a089854297571ec3b37cc72d30d8ea,95e0113d16a7665f0e54632f986b5d010750307958af872f851adbc05a385a2b,802634e4969d1f91e152cb4aaf4f08c36570119c33ebd3f7c4602d4d21c02779,executable,MSVC 193532216,/DWIN32 /D_WINDOWS /EHsc /O2 /Ob2 /DNDEBUG /W4 /permissive- /fp:precise,{},"{""MKL_NUM_THREADS"":""1"",""NUMEXPR_NUM_THREADS"":""1"",""OMP_NUM_THREADS"":""1"",""OPENBLAS_NUM_THREADS"":""1"",""VECLIB_MAXIMUM_THREADS"":""1""}",[],1,one KNN compute thread; process thread total not claimed,"{""cpus"":[0,1,2,3,4,5,6,7,8,9,10,11,12,13,14,15,16,17,18,19],""scope"":""process primary Windows processor group"",""status"":""observed""}",resident process observed before warmups; no affinity changes requested,,
20260916T205945.220601_0000_b410e8a7,final_python,final,2652117a4ee78ff9ca3af25e0b14630333dee5e7f037dd51297219109b837111,prediction,18,106,1,False,2026-09-16T21:21:02.831504+00:00,35.334630099998321,sha256:94c23c2f74e4663dfaa013a12610290f8fec481adcb2e0a5e515cfb92942eb90,24000,6000,60,101,1,9208,resident Python,not_applicable,71efcc2c822e4a6a086a65826a36132e40db462a171e31c4d064454e0740c59e,,5a0a13c8f43064ac41b900731046ff663fc37c87a7c7f84866d90a571b5626f4,python_interpreter,3.10.14,Python binary64,"{""matplotlib"":""3.7.0"",""numpy"":""1.26.0"",""pandas"":""1.5.3"",""scikit-learn"":""1.2.1"",""scipy"":""1.13.1"",""threadpoolctl"":""3.5.0""}","{""MKL_NUM_THREADS"":""1"",""NUMEXPR_NUM_THREADS"":""1"",""OMP_NUM_THREADS"":""1"",""OPENBLAS_NUM_THREADS"":""1"",""VECLIB_MAXIMUM_THREADS"":""1""}","[{""architecture"":""Prescott"",""internal_api"":""openblas"",""num_threads"":1,""prefix"":""libopenblas"",""threading_layer"":""pthreads"",""user_api"":""blas"",""version"":""0.3.23.dev""},{""architecture"":""Haswell"",""internal_api"":""openblas"",""num_threads"":1,""prefix"":""libopenblas"",""threading_layer"":""pthreads"",""user_api"":""blas"",""version"":""0.3.27""},{""internal_api"":""openmp"",""num_threads"":1,""prefix"":""vcomp"",""user_api"":""openmp"",""version"":null}]",1,one KNN compute thread; process thread total not claimed,"{""cpus"":[0,1,2,3,4,5,6,7,8,9,10,11,12,13,14,15,16,17,18,19],""scope"":""process primary Windows processor group"",""status"":""observed""}",resident process observed before warmups; no affinity changes requested,,
20260916T205945.220601_0000_b410e8a7,final_weka,final,2652117a4ee78ff9ca3af25e0b14630333dee5e7f037dd51297219109b837111,prediction,18,107,2,False,2026-09-16T21:21:16.152848+00:00,13.314506,45e7db603c7c8a42e6f5ebd17dd4105d54cf79bcf902df5f90866ec2beee6aa4,24000,6000,60,101,,19772,persistent JVM,not_applicable,1f9d0cf314e161635aafef3f3ea4d89f6ee03e030fabb3974d959023de367242,,2e231e0dffe7dcf2c840c982f30e8b6177566b3df9d7844322e4da390c22047e,weka_jar,11.0.16.1,"-K 101 -W 0 -I -A ""weka.core.neighboursearch.LinearNNSearch -A \""weka.core.EuclideanDistance -D -R first-last\""""","{""weka"":""3.8.6""}","{""MKL_NUM_THREADS"":""1"",""NUMEXPR_NUM_THREADS"":""1"",""OMP_NUM_THREADS"":""1"",""OPENBLAS_NUM_THREADS"":""1"",""VECLIB_MAXIMUM_THREADS"":""1""}",[],1,sequential KNN; JVM service/JIT/GC threads may exist,"{""cpus"":[0,1,2,3,4,5,6,7,8,9,10,11,12,13,14,15,16,17,18,19],""scope"":""process primary Windows processor group"",""status"":""observed""}",resident process observed before warmups; no affinity changes requested,,
20260916T205945.220601_0000_b410e8a7,baseline_python_v5_1,baseline,78751a8c046a2fad278243868fba0102baeebb97c77bfcbd51bdb4113d0d8e42,prediction,18,108,3,False,2026-09-16T21:21:17.414835+00:00,1.2555094999843277,sha256:f7c61d2d72c51337d167c87debc737b91c755d1c6f434887760024617b9788e9,24000,6000,33,19,64,9208,resident Python,not_applicable,3c704c1c136520c4fb98b9d67a2d6d64637b21c08f639ca090d92c3ce65cdf0d,,5a0a13c8f43064ac41b900731046ff663fc37c87a7c7f84866d90a571b5626f4,python_interpreter,3.10.14,Python binary64,"{""matplotlib"":""3.7.0"",""numpy"":""1.26.0"",""pandas"":""1.5.3"",""scikit-learn"":""1.2.1"",""scipy"":""1.13.1"",""threadpoolctl"":""3.5.0""}","{""MKL_NUM_THREADS"":""1"",""NUMEXPR_NUM_THREADS"":""1"",""OMP_NUM_THREADS"":""1"",""OPENBLAS_NUM_THREADS"":""1"",""VECLIB_MAXIMUM_THREADS"":""1""}","[{""architecture"":""Prescott"",""internal_api"":""openblas"",""num_threads"":1,""prefix"":""libopenblas"",""threading_layer"":""pthreads"",""user_api"":""blas"",""version"":""0.3.23.dev""},{""architecture"":""Haswell"",""internal_api"":""openblas"",""num_threads"":1,""prefix"":""libopenblas"",""threading_layer"":""pthreads"",""user_api"":""blas"",""version"":""0.3.27""},{""internal_api"":""openmp"",""num_threads"":1,""prefix"":""vcomp"",""user_api"":""openmp"",""version"":null}]",1,one KNN compute thread; process thread total not claimed,"{""cpus"":[0,1,2,3,4,5,6,7,8,9,10,11,12,13,14,15,16,17,18,19],""scope"":""process primary Windows processor group"",""status"":""observed""}",resident process observed before warmups; no affinity changes requested,,
20260916T205945.220601_0000_b410e8a7,final_sklearn,final,2652117a4ee78ff9ca3af25e0b14630333dee5e7f037dd51297219109b837111,prediction,18,109,4,False,2026-09-16T21:21:18.824817+00:00,1.4034060999983922,sha256:0643c68fa542526a824dd16f18e69950584874cb821f56683d0db64ca273c6be,24000,6000,60,101,,9208,resident Python,not_applicable,71efcc2c822e4a6a086a65826a36132e40db462a171e31c4d064454e0740c59e,,5a0a13c8f43064ac41b900731046ff663fc37c87a7c7f84866d90a571b5626f4,python_interpreter,3.10.14,n_jobs=1; brute; distance,"{""matplotlib"":""3.7.0"",""numpy"":""1.26.0"",""pandas"":""1.5.3"",""scikit-learn"":""1.2.1"",""scipy"":""1.13.1"",""threadpoolctl"":""3.5.0""}","{""MKL_NUM_THREADS"":""1"",""NUMEXPR_NUM_THREADS"":""1"",""OMP_NUM_THREADS"":""1"",""OPENBLAS_NUM_THREADS"":""1"",""VECLIB_MAXIMUM_THREADS"":""1""}","[{""architecture"":""Prescott"",""internal_api"":""openblas"",""num_threads"":1,""prefix"":""libopenblas"",""threading_layer"":""pthreads"",""user_api"":""blas"",""version"":""0.3.23.dev""},{""architecture"":""Haswell"",""internal_api"":""openblas"",""num_threads"":1,""prefix"":""libopenblas"",""threading_layer"":""pthreads"",""user_api"":""blas"",""version"":""0.3.27""},{""internal_api"":""openmp"",""num_threads"":1,""prefix"":""vcomp"",""user_api"":""openmp"",""version"":null}]",1,one KNN compute thread; process thread total not claimed,"{""cpus"":[0,1,2,3,4,5,6,7,8,9,10,11,12,13,14,15,16,17,18,19],""scope"":""process primary Windows processor group"",""status"":""observed""}",resident process observed before warmups; no affinity changes requested,,
20260916T205945.220601_0000_b410e8a7,final_weka,final,2652117a4ee78ff9ca3af25e0b14630333dee5e7f037dd51297219109b837111,prediction,19,110,0,False,2026-09-16T21:21:32.171161+00:00,13.3393034,45e7db603c7c8a42e6f5ebd17dd4105d54cf79bcf902df5f90866ec2beee6aa4,24000,6000,60,101,,19772,persistent JVM,not_applicable,1f9d0cf314e161635aafef3f3ea4d89f6ee03e030fabb3974d959023de367242,,2e231e0dffe7dcf2c840c982f30e8b6177566b3df9d7844322e4da390c22047e,weka_jar,11.0.16.1,"-K 101 -W 0 -I -A ""weka.core.neighboursearch.LinearNNSearch -A \""weka.core.EuclideanDistance -D -R first-last\""""","{""weka"":""3.8.6""}","{""MKL_NUM_THREADS"":""1"",""NUMEXPR_NUM_THREADS"":""1"",""OMP_NUM_THREADS"":""1"",""OPENBLAS_NUM_THREADS"":""1"",""VECLIB_MAXIMUM_THREADS"":""1""}",[],1,sequential KNN; JVM service/JIT/GC threads may exist,"{""cpus"":[0,1,2,3,4,5,6,7,8,9,10,11,12,13,14,15,16,17,18,19],""scope"":""process primary Windows processor group"",""status"":""observed""}",resident process observed before warmups; no affinity changes requested,,
20260916T205945.220601_0000_b410e8a7,baseline_python_v5_1,baseline,78751a8c046a2fad278243868fba0102baeebb97c77bfcbd51bdb4113d0d8e42,prediction,19,111,1,False,2026-09-16T21:21:33.433148+00:00,1.2557337999460287,sha256:f7c61d2d72c51337d167c87debc737b91c755d1c6f434887760024617b9788e9,24000,6000,33,19,64,9208,resident Python,not_applicable,3c704c1c136520c4fb98b9d67a2d6d64637b21c08f639ca090d92c3ce65cdf0d,,5a0a13c8f43064ac41b900731046ff663fc37c87a7c7f84866d90a571b5626f4,python_interpreter,3.10.14,Python binary64,"{""matplotlib"":""3.7.0"",""numpy"":""1.26.0"",""pandas"":""1.5.3"",""scikit-learn"":""1.2.1"",""scipy"":""1.13.1"",""threadpoolctl"":""3.5.0""}","{""MKL_NUM_THREADS"":""1"",""NUMEXPR_NUM_THREADS"":""1"",""OMP_NUM_THREADS"":""1"",""OPENBLAS_NUM_THREADS"":""1"",""VECLIB_MAXIMUM_THREADS"":""1""}","[{""architecture"":""Prescott"",""internal_api"":""openblas"",""num_threads"":1,""prefix"":""libopenblas"",""threading_layer"":""pthreads"",""user_api"":""blas"",""version"":""0.3.23.dev""},{""architecture"":""Haswell"",""internal_api"":""openblas"",""num_threads"":1,""prefix"":""libopenblas"",""threading_layer"":""pthreads"",""user_api"":""blas"",""version"":""0.3.27""},{""internal_api"":""openmp"",""num_threads"":1,""prefix"":""vcomp"",""user_api"":""openmp"",""version"":null}]",1,one KNN compute thread; process thread total not claimed,"{""cpus"":[0,1,2,3,4,5,6,7,8,9,10,11,12,13,14,15,16,17,18,19],""scope"":""process primary Windows processor group"",""status"":""observed""}",resident process observed before warmups; no affinity changes requested,,
20260916T205945.220601_0000_b410e8a7,final_sklearn,final,2652117a4ee78ff9ca3af25e0b14630333dee5e7f037dd51297219109b837111,prediction,19,112,2,False,2026-09-16T21:21:34.841129+00:00,1.4012785999802873,sha256:0643c68fa542526a824dd16f18e69950584874cb821f56683d0db64ca273c6be,24000,6000,60,101,,9208,resident Python,not_applicable,71efcc2c822e4a6a086a65826a36132e40db462a171e31c4d064454e0740c59e,,5a0a13c8f43064ac41b900731046ff663fc37c87a7c7f84866d90a571b5626f4,python_interpreter,3.10.14,n_jobs=1; brute; distance,"{""matplotlib"":""3.7.0"",""numpy"":""1.26.0"",""pandas"":""1.5.3"",""scikit-learn"":""1.2.1"",""scipy"":""1.13.1"",""threadpoolctl"":""3.5.0""}","{""MKL_NUM_THREADS"":""1"",""NUMEXPR_NUM_THREADS"":""1"",""OMP_NUM_THREADS"":""1"",""OPENBLAS_NUM_THREADS"":""1"",""VECLIB_MAXIMUM_THREADS"":""1""}","[{""architecture"":""Prescott"",""internal_api"":""openblas"",""num_threads"":1,""prefix"":""libopenblas"",""threading_layer"":""pthreads"",""user_api"":""blas"",""version"":""0.3.23.dev""},{""architecture"":""Haswell"",""internal_api"":""openblas"",""num_threads"":1,""prefix"":""libopenblas"",""threading_layer"":""pthreads"",""user_api"":""blas"",""version"":""0.3.27""},{""internal_api"":""openmp"",""num_threads"":1,""prefix"":""vcomp"",""user_api"":""openmp"",""version"":null}]",1,one KNN compute thread; process thread total not claimed,"{""cpus"":[0,1,2,3,4,5,6,7,8,9,10,11,12,13,14,15,16,17,18,19],""scope"":""process primary Windows processor group"",""status"":""observed""}",resident process observed before warmups; no affinity changes requested,,
20260916T205945.220601_0000_b410e8a7,final_cpp,final,2652117a4ee78ff9ca3af25e0b14630333dee5e7f037dd51297219109b837111,prediction,19,113,3,False,2026-09-16T21:21:38.528588+00:00,3.6805515,fnv1a64:f72460ae0302ef26,24000,6000,60,101,32,34704,persistent C++ process,portable,455fc90809696ecd5ee9177adf239a5498a089854297571ec3b37cc72d30d8ea,95e0113d16a7665f0e54632f986b5d010750307958af872f851adbc05a385a2b,802634e4969d1f91e152cb4aaf4f08c36570119c33ebd3f7c4602d4d21c02779,executable,MSVC 193532216,/DWIN32 /D_WINDOWS /EHsc /O2 /Ob2 /DNDEBUG /W4 /permissive- /fp:precise,{},"{""MKL_NUM_THREADS"":""1"",""NUMEXPR_NUM_THREADS"":""1"",""OMP_NUM_THREADS"":""1"",""OPENBLAS_NUM_THREADS"":""1"",""VECLIB_MAXIMUM_THREADS"":""1""}",[],1,one KNN compute thread; process thread total not claimed,"{""cpus"":[0,1,2,3,4,5,6,7,8,9,10,11,12,13,14,15,16,17,18,19],""scope"":""process primary Windows processor group"",""status"":""observed""}",resident process observed before warmups; no affinity changes requested,,
20260916T205945.220601_0000_b410e8a7,final_python,final,2652117a4ee78ff9ca3af25e0b14630333dee5e7f037dd51297219109b837111,prediction,19,114,4,False,2026-09-16T21:22:13.702175+00:00,35.167595400009304,sha256:94c23c2f74e4663dfaa013a12610290f8fec481adcb2e0a5e515cfb92942eb90,24000,6000,60,101,1,9208,resident Python,not_applicable,71efcc2c822e4a6a086a65826a36132e40db462a171e31c4d064454e0740c59e,,5a0a13c8f43064ac41b900731046ff663fc37c87a7c7f84866d90a571b5626f4,python_interpreter,3.10.14,Python binary64,"{""matplotlib"":""3.7.0"",""numpy"":""1.26.0"",""pandas"":""1.5.3"",""scikit-learn"":""1.2.1"",""scipy"":""1.13.1"",""threadpoolctl"":""3.5.0""}","{""MKL_NUM_THREADS"":""1"",""NUMEXPR_NUM_THREADS"":""1"",""OMP_NUM_THREADS"":""1"",""OPENBLAS_NUM_THREADS"":""1"",""VECLIB_MAXIMUM_THREADS"":""1""}","[{""architecture"":""Prescott"",""internal_api"":""openblas"",""num_threads"":1,""prefix"":""libopenblas"",""threading_layer"":""pthreads"",""user_api"":""blas"",""version"":""0.3.23.dev""},{""architecture"":""Haswell"",""internal_api"":""openblas"",""num_threads"":1,""prefix"":""libopenblas"",""threading_layer"":""pthreads"",""user_api"":""blas"",""version"":""0.3.27""},{""internal_api"":""openmp"",""num_threads"":1,""prefix"":""vcomp"",""user_api"":""openmp"",""version"":null}]",1,one KNN compute thread; process thread total not claimed,"{""cpus"":[0,1,2,3,4,5,6,7,8,9,10,11,12,13,14,15,16,17,18,19],""scope"":""process primary Windows processor group"",""status"":""observed""}",resident process observed before warmups; no affinity changes requested,,
20260916T205945.220601_0000_b410e8a7,final_sklearn,final,2652117a4ee78ff9ca3af25e0b14630333dee5e7f037dd51297219109b837111,prepared_pipeline,0,115,0,False,2026-09-16T21:22:15.908149+00:00,2.1378805999993347,sha256:0643c68fa542526a824dd16f18e69950584874cb821f56683d0db64ca273c6be,24000,6000,60,101,,35136,fresh process startup/load/fit/predict/output,not_applicable,71efcc2c822e4a6a086a65826a36132e40db462a171e31c4d064454e0740c59e,,5a0a13c8f43064ac41b900731046ff663fc37c87a7c7f84866d90a571b5626f4,python_interpreter,3.10.14,n_jobs=1; brute; distance,"{""matplotlib"":""3.7.0"",""numpy"":""1.26.0"",""pandas"":""1.5.3"",""scikit-learn"":""1.2.1"",""scipy"":""1.13.1"",""threadpoolctl"":""3.5.0""}","{""MKL_NUM_THREADS"":""1"",""NUMEXPR_NUM_THREADS"":""1"",""OMP_NUM_THREADS"":""1"",""OPENBLAS_NUM_THREADS"":""1"",""VECLIB_MAXIMUM_THREADS"":""1""}","[{""architecture"":""Prescott"",""internal_api"":""openblas"",""num_threads"":1,""prefix"":""libopenblas"",""threading_layer"":""pthreads"",""user_api"":""blas"",""version"":""0.3.23.dev""},{""architecture"":""Haswell"",""internal_api"":""openblas"",""num_threads"":1,""prefix"":""libopenblas"",""threading_layer"":""pthreads"",""user_api"":""blas"",""version"":""0.3.27""},{""internal_api"":""openmp"",""num_threads"":1,""prefix"":""vcomp"",""user_api"":""openmp"",""version"":null}]",1,one KNN compute thread; process thread total not claimed,"{""cpus"":[0,1,2,3,4,5,6,7,8,9,10,11,12,13,14,15,16,17,18,19],""scope"":""process primary Windows processor group"",""status"":""observed""}","resident mask observed before benchmark; fresh child inherits parent affinity, not independently sampled",,
20260916T205945.220601_0000_b410e8a7,final_cpp,final,2652117a4ee78ff9ca3af25e0b14630333dee5e7f037dd51297219109b837111,prepared_pipeline,0,116,1,False,2026-09-16T21:22:18.084124+00:00,2.1407689000479877,sha256:6cb69c1154678fccadc8811e676142d92c967478d8a10a9538cedd96a3d7953b,24000,6000,60,101,32,4508,fresh process startup/load/fit/predict/output,portable,455fc90809696ecd5ee9177adf239a5498a089854297571ec3b37cc72d30d8ea,95e0113d16a7665f0e54632f986b5d010750307958af872f851adbc05a385a2b,802634e4969d1f91e152cb4aaf4f08c36570119c33ebd3f7c4602d4d21c02779,executable,MSVC 193532216,/DWIN32 /D_WINDOWS /EHsc /O2 /Ob2 /DNDEBUG /W4 /permissive- /fp:precise,{},"{""MKL_NUM_THREADS"":""1"",""NUMEXPR_NUM_THREADS"":""1"",""OMP_NUM_THREADS"":""1"",""OPENBLAS_NUM_THREADS"":""1"",""VECLIB_MAXIMUM_THREADS"":""1""}",[],1,one KNN compute thread; process thread total not claimed,"{""cpus"":[0,1,2,3,4,5,6,7,8,9,10,11,12,13,14,15,16,17,18,19],""scope"":""process primary Windows processor group"",""status"":""observed""}","resident mask observed before benchmark; fresh child inherits parent affinity, not independently sampled",,
20260916T205945.220601_0000_b410e8a7,final_python,final,2652117a4ee78ff9ca3af25e0b14630333dee5e7f037dd51297219109b837111,prepared_pipeline,0,117,2,False,2026-09-16T21:22:50.080250+00:00,31.958918299991637,sha256:94c23c2f74e4663dfaa013a12610290f8fec481adcb2e0a5e515cfb92942eb90,24000,6000,60,101,1,21160,fresh process startup/load/fit/predict/output,not_applicable,71efcc2c822e4a6a086a65826a36132e40db462a171e31c4d064454e0740c59e,,5a0a13c8f43064ac41b900731046ff663fc37c87a7c7f84866d90a571b5626f4,python_interpreter,3.10.14,Python binary64,"{""matplotlib"":""3.7.0"",""numpy"":""1.26.0"",""pandas"":""1.5.3"",""scikit-learn"":""1.2.1"",""scipy"":""1.13.1"",""threadpoolctl"":""3.5.0""}","{""MKL_NUM_THREADS"":""1"",""NUMEXPR_NUM_THREADS"":""1"",""OMP_NUM_THREADS"":""1"",""OPENBLAS_NUM_THREADS"":""1"",""VECLIB_MAXIMUM_THREADS"":""1""}","[{""architecture"":""Prescott"",""internal_api"":""openblas"",""num_threads"":1,""prefix"":""libopenblas"",""threading_layer"":""pthreads"",""user_api"":""blas"",""version"":""0.3.23.dev""},{""architecture"":""Haswell"",""internal_api"":""openblas"",""num_threads"":1,""prefix"":""libopenblas"",""threading_layer"":""pthreads"",""user_api"":""blas"",""version"":""0.3.27""},{""internal_api"":""openmp"",""num_threads"":1,""prefix"":""vcomp"",""user_api"":""openmp"",""version"":null}]",1,one KNN compute thread; process thread total not claimed,"{""cpus"":[0,1,2,3,4,5,6,7,8,9,10,11,12,13,14,15,16,17,18,19],""scope"":""process primary Windows processor group"",""status"":""observed""}","resident mask observed before benchmark; fresh child inherits parent affinity, not independently sampled",,
20260916T205945.220601_0000_b410e8a7,baseline_python_v5_1,baseline,78751a8c046a2fad278243868fba0102baeebb97c77bfcbd51bdb4113d0d8e42,prepared_pipeline,0,118,3,False,2026-09-16T21:22:52.016233+00:00,1.8956358999712393,sha256:f7c61d2d72c51337d167c87debc737b91c755d1c6f434887760024617b9788e9,24000,6000,33,19,64,28000,fresh process startup/load/fit/predict/output,not_applicable,3c704c1c136520c4fb98b9d67a2d6d64637b21c08f639ca090d92c3ce65cdf0d,,5a0a13c8f43064ac41b900731046ff663fc37c87a7c7f84866d90a571b5626f4,python_interpreter,3.10.14,Python binary64,"{""matplotlib"":""3.7.0"",""numpy"":""1.26.0"",""pandas"":""1.5.3"",""scikit-learn"":""1.2.1"",""scipy"":""1.13.1"",""threadpoolctl"":""3.5.0""}","{""MKL_NUM_THREADS"":""1"",""NUMEXPR_NUM_THREADS"":""1"",""OMP_NUM_THREADS"":""1"",""OPENBLAS_NUM_THREADS"":""1"",""VECLIB_MAXIMUM_THREADS"":""1""}","[{""architecture"":""Prescott"",""internal_api"":""openblas"",""num_threads"":1,""prefix"":""libopenblas"",""threading_layer"":""pthreads"",""user_api"":""blas"",""version"":""0.3.23.dev""},{""architecture"":""Haswell"",""internal_api"":""openblas"",""num_threads"":1,""prefix"":""libopenblas"",""threading_layer"":""pthreads"",""user_api"":""blas"",""version"":""0.3.27""},{""internal_api"":""openmp"",""num_threads"":1,""prefix"":""vcomp"",""user_api"":""openmp"",""version"":null}]",1,one KNN compute thread; process thread total not claimed,"{""cpus"":[0,1,2,3,4,5,6,7,8,9,10,11,12,13,14,15,16,17,18,19],""scope"":""process primary Windows processor group"",""status"":""observed""}","resident mask observed before benchmark; fresh child inherits parent affinity, not independently sampled",,
20260916T205945.220601_0000_b410e8a7,final_weka,final,2652117a4ee78ff9ca3af25e0b14630333dee5e7f037dd51297219109b837111,prepared_pipeline,0,119,4,False,2026-09-16T21:23:14.588713+00:00,22.506577200023457,sha256:9bfb1e48bd1fe1223b73ddc736c5e4507156833d2610cafceb0a785f577ba1ae,24000,6000,60,101,,27024,fresh process startup/load/fit/predict/output,not_applicable,1f9d0cf314e161635aafef3f3ea4d89f6ee03e030fabb3974d959023de367242,,2e231e0dffe7dcf2c840c982f30e8b6177566b3df9d7844322e4da390c22047e,weka_jar,11.0.16.1,"-K 101 -W 0 -I -A ""weka.core.neighboursearch.LinearNNSearch -A \""weka.core.EuclideanDistance -D -R first-last\""""","{""weka"":""3.8.6""}","{""MKL_NUM_THREADS"":""1"",""NUMEXPR_NUM_THREADS"":""1"",""OMP_NUM_THREADS"":""1"",""OPENBLAS_NUM_THREADS"":""1"",""VECLIB_MAXIMUM_THREADS"":""1""}",[],1,sequential KNN; JVM service/JIT/GC threads may exist,"{""cpus"":[0,1,2,3,4,5,6,7,8,9,10,11,12,13,14,15,16,17,18,19],""scope"":""process primary Windows processor group"",""status"":""observed""}","resident mask observed before benchmark; fresh child inherits parent affinity, not independently sampled",,
20260916T205945.220601_0000_b410e8a7,final_python,final,2652117a4ee78ff9ca3af25e0b14630333dee5e7f037dd51297219109b837111,prepared_pipeline,1,120,0,False,2026-09-16T21:23:47.018834+00:00,32.391746300039813,sha256:94c23c2f74e4663dfaa013a12610290f8fec481adcb2e0a5e515cfb92942eb90,24000,6000,60,101,1,11300,fresh process startup/load/fit/predict/output,not_applicable,71efcc2c822e4a6a086a65826a36132e40db462a171e31c4d064454e0740c59e,,5a0a13c8f43064ac41b900731046ff663fc37c87a7c7f84866d90a571b5626f4,python_interpreter,3.10.14,Python binary64,"{""matplotlib"":""3.7.0"",""numpy"":""1.26.0"",""pandas"":""1.5.3"",""scikit-learn"":""1.2.1"",""scipy"":""1.13.1"",""threadpoolctl"":""3.5.0""}","{""MKL_NUM_THREADS"":""1"",""NUMEXPR_NUM_THREADS"":""1"",""OMP_NUM_THREADS"":""1"",""OPENBLAS_NUM_THREADS"":""1"",""VECLIB_MAXIMUM_THREADS"":""1""}","[{""architecture"":""Prescott"",""internal_api"":""openblas"",""num_threads"":1,""prefix"":""libopenblas"",""threading_layer"":""pthreads"",""user_api"":""blas"",""version"":""0.3.23.dev""},{""architecture"":""Haswell"",""internal_api"":""openblas"",""num_threads"":1,""prefix"":""libopenblas"",""threading_layer"":""pthreads"",""user_api"":""blas"",""version"":""0.3.27""},{""internal_api"":""openmp"",""num_threads"":1,""prefix"":""vcomp"",""user_api"":""openmp"",""version"":null}]",1,one KNN compute thread; process thread total not claimed,"{""cpus"":[0,1,2,3,4,5,6,7,8,9,10,11,12,13,14,15,16,17,18,19],""scope"":""process primary Windows processor group"",""status"":""observed""}","resident mask observed before benchmark; fresh child inherits parent affinity, not independently sampled",,
20260916T205945.220601_0000_b410e8a7,final_weka,final,2652117a4ee78ff9ca3af25e0b14630333dee5e7f037dd51297219109b837111,prepared_pipeline,1,121,1,False,2026-09-16T21:24:09.595569+00:00,22.507720800000243,sha256:9bfb1e48bd1fe1223b73ddc736c5e4507156833d2610cafceb0a785f577ba1ae,24000,6000,60,101,,8036,fresh process startup/load/fit/predict/output,not_applicable,1f9d0cf314e161635aafef3f3ea4d89f6ee03e030fabb3974d959023de367242,,2e231e0dffe7dcf2c840c982f30e8b6177566b3df9d7844322e4da390c22047e,weka_jar,11.0.16.1,"-K 101 -W 0 -I -A ""weka.core.neighboursearch.LinearNNSearch -A \""weka.core.EuclideanDistance -D -R first-last\""""","{""weka"":""3.8.6""}","{""MKL_NUM_THREADS"":""1"",""NUMEXPR_NUM_THREADS"":""1"",""OMP_NUM_THREADS"":""1"",""OPENBLAS_NUM_THREADS"":""1"",""VECLIB_MAXIMUM_THREADS"":""1""}",[],1,sequential KNN; JVM service/JIT/GC threads may exist,"{""cpus"":[0,1,2,3,4,5,6,7,8,9,10,11,12,13,14,15,16,17,18,19],""scope"":""process primary Windows processor group"",""status"":""observed""}","resident mask observed before benchmark; fresh child inherits parent affinity, not independently sampled",,
20260916T205945.220601_0000_b410e8a7,baseline_python_v5_1,baseline,78751a8c046a2fad278243868fba0102baeebb97c77bfcbd51bdb4113d0d8e42,prepared_pipeline,1,122,2,False,2026-09-16T21:24:11.527548+00:00,1.8970314000034705,sha256:f7c61d2d72c51337d167c87debc737b91c755d1c6f434887760024617b9788e9,24000,6000,33,19,64,24768,fresh process startup/load/fit/predict/output,not_applicable,3c704c1c136520c4fb98b9d67a2d6d64637b21c08f639ca090d92c3ce65cdf0d,,5a0a13c8f43064ac41b900731046ff663fc37c87a7c7f84866d90a571b5626f4,python_interpreter,3.10.14,Python binary64,"{""matplotlib"":""3.7.0"",""numpy"":""1.26.0"",""pandas"":""1.5.3"",""scikit-learn"":""1.2.1"",""scipy"":""1.13.1"",""threadpoolctl"":""3.5.0""}","{""MKL_NUM_THREADS"":""1"",""NUMEXPR_NUM_THREADS"":""1"",""OMP_NUM_THREADS"":""1"",""OPENBLAS_NUM_THREADS"":""1"",""VECLIB_MAXIMUM_THREADS"":""1""}","[{""architecture"":""Prescott"",""internal_api"":""openblas"",""num_threads"":1,""prefix"":""libopenblas"",""threading_layer"":""pthreads"",""user_api"":""blas"",""version"":""0.3.23.dev""},{""architecture"":""Haswell"",""internal_api"":""openblas"",""num_threads"":1,""prefix"":""libopenblas"",""threading_layer"":""pthreads"",""user_api"":""blas"",""version"":""0.3.27""},{""internal_api"":""openmp"",""num_threads"":1,""prefix"":""vcomp"",""user_api"":""openmp"",""version"":null}]",1,one KNN compute thread; process thread total not claimed,"{""cpus"":[0,1,2,3,4,5,6,7,8,9,10,11,12,13,14,15,16,17,18,19],""scope"":""process primary Windows processor group"",""status"":""observed""}","resident mask observed before benchmark; fresh child inherits parent affinity, not independently sampled",,
20260916T205945.220601_0000_b410e8a7,final_cpp,final,2652117a4ee78ff9ca3af25e0b14630333dee5e7f037dd51297219109b837111,prepared_pipeline,1,123,3,False,2026-09-16T21:24:13.732021+00:00,2.1712024000007659,sha256:6cb69c1154678fccadc8811e676142d92c967478d8a10a9538cedd96a3d7953b,24000,6000,60,101,32,17700,fresh process startup/load/fit/predict/output,portable,455fc90809696ecd5ee9177adf239a5498a089854297571ec3b37cc72d30d8ea,95e0113d16a7665f0e54632f986b5d010750307958af872f851adbc05a385a2b,802634e4969d1f91e152cb4aaf4f08c36570119c33ebd3f7c4602d4d21c02779,executable,MSVC 193532216,/DWIN32 /D_WINDOWS /EHsc /O2 /Ob2 /DNDEBUG /W4 /permissive- /fp:precise,{},"{""MKL_NUM_THREADS"":""1"",""NUMEXPR_NUM_THREADS"":""1"",""OMP_NUM_THREADS"":""1"",""OPENBLAS_NUM_THREADS"":""1"",""VECLIB_MAXIMUM_THREADS"":""1""}",[],1,one KNN compute thread; process thread total not claimed,"{""cpus"":[0,1,2,3,4,5,6,7,8,9,10,11,12,13,14,15,16,17,18,19],""scope"":""process primary Windows processor group"",""status"":""observed""}","resident mask observed before benchmark; fresh child inherits parent affinity, not independently sampled",,
20260916T205945.220601_0000_b410e8a7,final_sklearn,final,2652117a4ee78ff9ca3af25e0b14630333dee5e7f037dd51297219109b837111,prepared_pipeline,1,124,4,False,2026-09-16T21:24:15.848496+00:00,2.0794562000082806,sha256:0643c68fa542526a824dd16f18e69950584874cb821f56683d0db64ca273c6be,24000,6000,60,101,,20652,fresh process startup/load/fit/predict/output,not_applicable,71efcc2c822e4a6a086a65826a36132e40db462a171e31c4d064454e0740c59e,,5a0a13c8f43064ac41b900731046ff663fc37c87a7c7f84866d90a571b5626f4,python_interpreter,3.10.14,n_jobs=1; brute; distance,"{""matplotlib"":""3.7.0"",""numpy"":""1.26.0"",""pandas"":""1.5.3"",""scikit-learn"":""1.2.1"",""scipy"":""1.13.1"",""threadpoolctl"":""3.5.0""}","{""MKL_NUM_THREADS"":""1"",""NUMEXPR_NUM_THREADS"":""1"",""OMP_NUM_THREADS"":""1"",""OPENBLAS_NUM_THREADS"":""1"",""VECLIB_MAXIMUM_THREADS"":""1""}","[{""architecture"":""Prescott"",""internal_api"":""openblas"",""num_threads"":1,""prefix"":""libopenblas"",""threading_layer"":""pthreads"",""user_api"":""blas"",""version"":""0.3.23.dev""},{""architecture"":""Haswell"",""internal_api"":""openblas"",""num_threads"":1,""prefix"":""libopenblas"",""threading_layer"":""pthreads"",""user_api"":""blas"",""version"":""0.3.27""},{""internal_api"":""openmp"",""num_threads"":1,""prefix"":""vcomp"",""user_api"":""openmp"",""version"":null}]",1,one KNN compute thread; process thread total not claimed,"{""cpus"":[0,1,2,3,4,5,6,7,8,9,10,11,12,13,14,15,16,17,18,19],""scope"":""process primary Windows processor group"",""status"":""observed""}","resident mask observed before benchmark; fresh child inherits parent affinity, not independently sampled",,
20260916T205945.220601_0000_b410e8a7,final_cpp,final,2652117a4ee78ff9ca3af25e0b14630333dee5e7f037dd51297219109b837111,prepared_pipeline,2,125,0,False,2026-09-16T21:24:18.022471+00:00,2.1406737000215799,sha256:6cb69c1154678fccadc8811e676142d92c967478d8a10a9538cedd96a3d7953b,24000,6000,60,101,32,31140,fresh process startup/load/fit/predict/output,portable,455fc90809696ecd5ee9177adf239a5498a089854297571ec3b37cc72d30d8ea,95e0113d16a7665f0e54632f986b5d010750307958af872f851adbc05a385a2b,802634e4969d1f91e152cb4aaf4f08c36570119c33ebd3f7c4602d4d21c02779,executable,MSVC 193532216,/DWIN32 /D_WINDOWS /EHsc /O2 /Ob2 /DNDEBUG /W4 /permissive- /fp:precise,{},"{""MKL_NUM_THREADS"":""1"",""NUMEXPR_NUM_THREADS"":""1"",""OMP_NUM_THREADS"":""1"",""OPENBLAS_NUM_THREADS"":""1"",""VECLIB_MAXIMUM_THREADS"":""1""}",[],1,one KNN compute thread; process thread total not claimed,"{""cpus"":[0,1,2,3,4,5,6,7,8,9,10,11,12,13,14,15,16,17,18,19],""scope"":""process primary Windows processor group"",""status"":""observed""}","resident mask observed before benchmark; fresh child inherits parent affinity, not independently sampled",,
20260916T205945.220601_0000_b410e8a7,baseline_python_v5_1,baseline,78751a8c046a2fad278243868fba0102baeebb97c77bfcbd51bdb4113d0d8e42,prepared_pipeline,2,126,1,False,2026-09-16T21:24:19.890449+00:00,1.8317259000032209,sha256:f7c61d2d72c51337d167c87debc737b91c755d1c6f434887760024617b9788e9,24000,6000,33,19,64,27576,fresh process startup/load/fit/predict/output,not_applicable,3c704c1c136520c4fb98b9d67a2d6d64637b21c08f639ca090d92c3ce65cdf0d,,5a0a13c8f43064ac41b900731046ff663fc37c87a7c7f84866d90a571b5626f4,python_interpreter,3.10.14,Python binary64,"{""matplotlib"":""3.7.0"",""numpy"":""1.26.0"",""pandas"":""1.5.3"",""scikit-learn"":""1.2.1"",""scipy"":""1.13.1"",""threadpoolctl"":""3.5.0""}","{""MKL_NUM_THREADS"":""1"",""NUMEXPR_NUM_THREADS"":""1"",""OMP_NUM_THREADS"":""1"",""OPENBLAS_NUM_THREADS"":""1"",""VECLIB_MAXIMUM_THREADS"":""1""}","[{""architecture"":""Prescott"",""internal_api"":""openblas"",""num_threads"":1,""prefix"":""libopenblas"",""threading_layer"":""pthreads"",""user_api"":""blas"",""version"":""0.3.23.dev""},{""architecture"":""Haswell"",""internal_api"":""openblas"",""num_threads"":1,""prefix"":""libopenblas"",""threading_layer"":""pthreads"",""user_api"":""blas"",""version"":""0.3.27""},{""internal_api"":""openmp"",""num_threads"":1,""prefix"":""vcomp"",""user_api"":""openmp"",""version"":null}]",1,one KNN compute thread; process thread total not claimed,"{""cpus"":[0,1,2,3,4,5,6,7,8,9,10,11,12,13,14,15,16,17,18,19],""scope"":""process primary Windows processor group"",""status"":""observed""}","resident mask observed before benchmark; fresh child inherits parent affinity, not independently sampled",,
20260916T205945.220601_0000_b410e8a7,final_sklearn,final,2652117a4ee78ff9ca3af25e0b14630333dee5e7f037dd51297219109b837111,prepared_pipeline,2,127,2,False,2026-09-16T21:24:22.018924+00:00,2.0908558000228368,sha256:0643c68fa542526a824dd16f18e69950584874cb821f56683d0db64ca273c6be,24000,6000,60,101,,8280,fresh process startup/load/fit/predict/output,not_applicable,71efcc2c822e4a6a086a65826a36132e40db462a171e31c4d064454e0740c59e,,5a0a13c8f43064ac41b900731046ff663fc37c87a7c7f84866d90a571b5626f4,python_interpreter,3.10.14,n_jobs=1; brute; distance,"{""matplotlib"":""3.7.0"",""numpy"":""1.26.0"",""pandas"":""1.5.3"",""scikit-learn"":""1.2.1"",""scipy"":""1.13.1"",""threadpoolctl"":""3.5.0""}","{""MKL_NUM_THREADS"":""1"",""NUMEXPR_NUM_THREADS"":""1"",""OMP_NUM_THREADS"":""1"",""OPENBLAS_NUM_THREADS"":""1"",""VECLIB_MAXIMUM_THREADS"":""1""}","[{""architecture"":""Prescott"",""internal_api"":""openblas"",""num_threads"":1,""prefix"":""libopenblas"",""threading_layer"":""pthreads"",""user_api"":""blas"",""version"":""0.3.23.dev""},{""architecture"":""Haswell"",""internal_api"":""openblas"",""num_threads"":1,""prefix"":""libopenblas"",""threading_layer"":""pthreads"",""user_api"":""blas"",""version"":""0.3.27""},{""internal_api"":""openmp"",""num_threads"":1,""prefix"":""vcomp"",""user_api"":""openmp"",""version"":null}]",1,one KNN compute thread; process thread total not claimed,"{""cpus"":[0,1,2,3,4,5,6,7,8,9,10,11,12,13,14,15,16,17,18,19],""scope"":""process primary Windows processor group"",""status"":""observed""}","resident mask observed before benchmark; fresh child inherits parent affinity, not independently sampled",,
20260916T205945.220601_0000_b410e8a7,final_python,final,2652117a4ee78ff9ca3af25e0b14630333dee5e7f037dd51297219109b837111,prepared_pipeline,2,128,3,False,2026-09-16T21:24:54.435045+00:00,32.378448500006925,sha256:94c23c2f74e4663dfaa013a12610290f8fec481adcb2e0a5e515cfb92942eb90,24000,6000,60,101,1,22816,fresh process startup/load/fit/predict/output,not_applicable,71efcc2c822e4a6a086a65826a36132e40db462a171e31c4d064454e0740c59e,,5a0a13c8f43064ac41b900731046ff663fc37c87a7c7f84866d90a571b5626f4,python_interpreter,3.10.14,Python binary64,"{""matplotlib"":""3.7.0"",""numpy"":""1.26.0"",""pandas"":""1.5.3"",""scikit-learn"":""1.2.1"",""scipy"":""1.13.1"",""threadpoolctl"":""3.5.0""}","{""MKL_NUM_THREADS"":""1"",""NUMEXPR_NUM_THREADS"":""1"",""OMP_NUM_THREADS"":""1"",""OPENBLAS_NUM_THREADS"":""1"",""VECLIB_MAXIMUM_THREADS"":""1""}","[{""architecture"":""Prescott"",""internal_api"":""openblas"",""num_threads"":1,""prefix"":""libopenblas"",""threading_layer"":""pthreads"",""user_api"":""blas"",""version"":""0.3.23.dev""},{""architecture"":""Haswell"",""internal_api"":""openblas"",""num_threads"":1,""prefix"":""libopenblas"",""threading_layer"":""pthreads"",""user_api"":""blas"",""version"":""0.3.27""},{""internal_api"":""openmp"",""num_threads"":1,""prefix"":""vcomp"",""user_api"":""openmp"",""version"":null}]",1,one KNN compute thread; process thread total not claimed,"{""cpus"":[0,1,2,3,4,5,6,7,8,9,10,11,12,13,14,15,16,17,18,19],""scope"":""process primary Windows processor group"",""status"":""observed""}","resident mask observed before benchmark; fresh child inherits parent affinity, not independently sampled",,
20260916T205945.220601_0000_b410e8a7,final_weka,final,2652117a4ee78ff9ca3af25e0b14630333dee5e7f037dd51297219109b837111,prepared_pipeline,2,129,4,False,2026-09-16T21:25:17.035189+00:00,22.529913000005763,sha256:9bfb1e48bd1fe1223b73ddc736c5e4507156833d2610cafceb0a785f577ba1ae,24000,6000,60,101,,12748,fresh process startup/load/fit/predict/output,not_applicable,1f9d0cf314e161635aafef3f3ea4d89f6ee03e030fabb3974d959023de367242,,2e231e0dffe7dcf2c840c982f30e8b6177566b3df9d7844322e4da390c22047e,weka_jar,11.0.16.1,"-K 101 -W 0 -I -A ""weka.core.neighboursearch.LinearNNSearch -A \""weka.core.EuclideanDistance -D -R first-last\""""","{""weka"":""3.8.6""}","{""MKL_NUM_THREADS"":""1"",""NUMEXPR_NUM_THREADS"":""1"",""OMP_NUM_THREADS"":""1"",""OPENBLAS_NUM_THREADS"":""1"",""VECLIB_MAXIMUM_THREADS"":""1""}",[],1,sequential KNN; JVM service/JIT/GC threads may exist,"{""cpus"":[0,1,2,3,4,5,6,7,8,9,10,11,12,13,14,15,16,17,18,19],""scope"":""process primary Windows processor group"",""status"":""observed""}","resident mask observed before benchmark; fresh child inherits parent affinity, not independently sampled",,
20260916T205945.220601_0000_b410e8a7,final_cpp,final,2652117a4ee78ff9ca3af25e0b14630333dee5e7f037dd51297219109b837111,prepared_pipeline,3,130,0,False,2026-09-16T21:25:19.215162+00:00,2.1384144000476226,sha256:6cb69c1154678fccadc8811e676142d92c967478d8a10a9538cedd96a3d7953b,24000,6000,60,101,32,20476,fresh process startup/load/fit/predict/output,portable,455fc90809696ecd5ee9177adf239a5498a089854297571ec3b37cc72d30d8ea,95e0113d16a7665f0e54632f986b5d010750307958af872f851adbc05a385a2b,802634e4969d1f91e152cb4aaf4f08c36570119c33ebd3f7c4602d4d21c02779,executable,MSVC 193532216,/DWIN32 /D_WINDOWS /EHsc /O2 /Ob2 /DNDEBUG /W4 /permissive- /fp:precise,{},"{""MKL_NUM_THREADS"":""1"",""NUMEXPR_NUM_THREADS"":""1"",""OMP_NUM_THREADS"":""1"",""OPENBLAS_NUM_THREADS"":""1"",""VECLIB_MAXIMUM_THREADS"":""1""}",[],1,one KNN compute thread; process thread total not claimed,"{""cpus"":[0,1,2,3,4,5,6,7,8,9,10,11,12,13,14,15,16,17,18,19],""scope"":""process primary Windows processor group"",""status"":""observed""}","resident mask observed before benchmark; fresh child inherits parent affinity, not independently sampled",,
20260916T205945.220601_0000_b410e8a7,final_weka,final,2652117a4ee78ff9ca3af25e0b14630333dee5e7f037dd51297219109b837111,prepared_pipeline,3,131,1,False,2026-09-16T21:25:41.647401+00:00,22.365248000016436,sha256:9bfb1e48bd1fe1223b73ddc736c5e4507156833d2610cafceb0a785f577ba1ae,24000,6000,60,101,,27052,fresh process startup/load/fit/predict/output,not_applicable,1f9d0cf314e161635aafef3f3ea4d89f6ee03e030fabb3974d959023de367242,,2e231e0dffe7dcf2c840c982f30e8b6177566b3df9d7844322e4da390c22047e,weka_jar,11.0.16.1,"-K 101 -W 0 -I -A ""weka.core.neighboursearch.LinearNNSearch -A \""weka.core.EuclideanDistance -D -R first-last\""""","{""weka"":""3.8.6""}","{""MKL_NUM_THREADS"":""1"",""NUMEXPR_NUM_THREADS"":""1"",""OMP_NUM_THREADS"":""1"",""OPENBLAS_NUM_THREADS"":""1"",""VECLIB_MAXIMUM_THREADS"":""1""}",[],1,sequential KNN; JVM service/JIT/GC threads may exist,"{""cpus"":[0,1,2,3,4,5,6,7,8,9,10,11,12,13,14,15,16,17,18,19],""scope"":""process primary Windows processor group"",""status"":""observed""}","resident mask observed before benchmark; fresh child inherits parent affinity, not independently sampled",,
20260916T205945.220601_0000_b410e8a7,final_sklearn,final,2652117a4ee78ff9ca3af25e0b14630333dee5e7f037dd51297219109b837111,prepared_pipeline,3,132,2,False,2026-09-16T21:25:43.778374+00:00,2.0934973999974318,sha256:0643c68fa542526a824dd16f18e69950584874cb821f56683d0db64ca273c6be,24000,6000,60,101,,13688,fresh process startup/load/fit/predict/output,not_applicable,71efcc2c822e4a6a086a65826a36132e40db462a171e31c4d064454e0740c59e,,5a0a13c8f43064ac41b900731046ff663fc37c87a7c7f84866d90a571b5626f4,python_interpreter,3.10.14,n_jobs=1; brute; distance,"{""matplotlib"":""3.7.0"",""numpy"":""1.26.0"",""pandas"":""1.5.3"",""scikit-learn"":""1.2.1"",""scipy"":""1.13.1"",""threadpoolctl"":""3.5.0""}","{""MKL_NUM_THREADS"":""1"",""NUMEXPR_NUM_THREADS"":""1"",""OMP_NUM_THREADS"":""1"",""OPENBLAS_NUM_THREADS"":""1"",""VECLIB_MAXIMUM_THREADS"":""1""}","[{""architecture"":""Prescott"",""internal_api"":""openblas"",""num_threads"":1,""prefix"":""libopenblas"",""threading_layer"":""pthreads"",""user_api"":""blas"",""version"":""0.3.23.dev""},{""architecture"":""Haswell"",""internal_api"":""openblas"",""num_threads"":1,""prefix"":""libopenblas"",""threading_layer"":""pthreads"",""user_api"":""blas"",""version"":""0.3.27""},{""internal_api"":""openmp"",""num_threads"":1,""prefix"":""vcomp"",""user_api"":""openmp"",""version"":null}]",1,one KNN compute thread; process thread total not claimed,"{""cpus"":[0,1,2,3,4,5,6,7,8,9,10,11,12,13,14,15,16,17,18,19],""scope"":""process primary Windows processor group"",""status"":""observed""}","resident mask observed before benchmark; fresh child inherits parent affinity, not independently sampled",,
20260916T205945.220601_0000_b410e8a7,final_python,final,2652117a4ee78ff9ca3af25e0b14630333dee5e7f037dd51297219109b837111,prepared_pipeline,3,133,3,False,2026-09-16T21:26:16.313995+00:00,32.497766499989666,sha256:94c23c2f74e4663dfaa013a12610290f8fec481adcb2e0a5e515cfb92942eb90,24000,6000,60,101,1,38412,fresh process startup/load/fit/predict/output,not_applicable,71efcc2c822e4a6a086a65826a36132e40db462a171e31c4d064454e0740c59e,,5a0a13c8f43064ac41b900731046ff663fc37c87a7c7f84866d90a571b5626f4,python_interpreter,3.10.14,Python binary64,"{""matplotlib"":""3.7.0"",""numpy"":""1.26.0"",""pandas"":""1.5.3"",""scikit-learn"":""1.2.1"",""scipy"":""1.13.1"",""threadpoolctl"":""3.5.0""}","{""MKL_NUM_THREADS"":""1"",""NUMEXPR_NUM_THREADS"":""1"",""OMP_NUM_THREADS"":""1"",""OPENBLAS_NUM_THREADS"":""1"",""VECLIB_MAXIMUM_THREADS"":""1""}","[{""architecture"":""Prescott"",""internal_api"":""openblas"",""num_threads"":1,""prefix"":""libopenblas"",""threading_layer"":""pthreads"",""user_api"":""blas"",""version"":""0.3.23.dev""},{""architecture"":""Haswell"",""internal_api"":""openblas"",""num_threads"":1,""prefix"":""libopenblas"",""threading_layer"":""pthreads"",""user_api"":""blas"",""version"":""0.3.27""},{""internal_api"":""openmp"",""num_threads"":1,""prefix"":""vcomp"",""user_api"":""openmp"",""version"":null}]",1,one KNN compute thread; process thread total not claimed,"{""cpus"":[0,1,2,3,4,5,6,7,8,9,10,11,12,13,14,15,16,17,18,19],""scope"":""process primary Windows processor group"",""status"":""observed""}","resident mask observed before benchmark; fresh child inherits parent affinity, not independently sampled",,
20260916T205945.220601_0000_b410e8a7,baseline_python_v5_1,baseline,78751a8c046a2fad278243868fba0102baeebb97c77bfcbd51bdb4113d0d8e42,prepared_pipeline,3,134,4,False,2026-09-16T21:26:18.205473+00:00,1.855236999981571,sha256:f7c61d2d72c51337d167c87debc737b91c755d1c6f434887760024617b9788e9,24000,6000,33,19,64,35760,fresh process startup/load/fit/predict/output,not_applicable,3c704c1c136520c4fb98b9d67a2d6d64637b21c08f639ca090d92c3ce65cdf0d,,5a0a13c8f43064ac41b900731046ff663fc37c87a7c7f84866d90a571b5626f4,python_interpreter,3.10.14,Python binary64,"{""matplotlib"":""3.7.0"",""numpy"":""1.26.0"",""pandas"":""1.5.3"",""scikit-learn"":""1.2.1"",""scipy"":""1.13.1"",""threadpoolctl"":""3.5.0""}","{""MKL_NUM_THREADS"":""1"",""NUMEXPR_NUM_THREADS"":""1"",""OMP_NUM_THREADS"":""1"",""OPENBLAS_NUM_THREADS"":""1"",""VECLIB_MAXIMUM_THREADS"":""1""}","[{""architecture"":""Prescott"",""internal_api"":""openblas"",""num_threads"":1,""prefix"":""libopenblas"",""threading_layer"":""pthreads"",""user_api"":""blas"",""version"":""0.3.23.dev""},{""architecture"":""Haswell"",""internal_api"":""openblas"",""num_threads"":1,""prefix"":""libopenblas"",""threading_layer"":""pthreads"",""user_api"":""blas"",""version"":""0.3.27""},{""internal_api"":""openmp"",""num_threads"":1,""prefix"":""vcomp"",""user_api"":""openmp"",""version"":null}]",1,one KNN compute thread; process thread total not claimed,"{""cpus"":[0,1,2,3,4,5,6,7,8,9,10,11,12,13,14,15,16,17,18,19],""scope"":""process primary Windows processor group"",""status"":""observed""}","resident mask observed before benchmark; fresh child inherits parent affinity, not independently sampled",,
20260916T205945.220601_0000_b410e8a7,final_cpp,final,2652117a4ee78ff9ca3af25e0b14630333dee5e7f037dd51297219109b837111,prepared_pipeline,4,135,0,False,2026-09-16T21:26:20.387946+00:00,2.1487162999692373,sha256:6cb69c1154678fccadc8811e676142d92c967478d8a10a9538cedd96a3d7953b,24000,6000,60,101,32,23556,fresh process startup/load/fit/predict/output,portable,455fc90809696ecd5ee9177adf239a5498a089854297571ec3b37cc72d30d8ea,95e0113d16a7665f0e54632f986b5d010750307958af872f851adbc05a385a2b,802634e4969d1f91e152cb4aaf4f08c36570119c33ebd3f7c4602d4d21c02779,executable,MSVC 193532216,/DWIN32 /D_WINDOWS /EHsc /O2 /Ob2 /DNDEBUG /W4 /permissive- /fp:precise,{},"{""MKL_NUM_THREADS"":""1"",""NUMEXPR_NUM_THREADS"":""1"",""OMP_NUM_THREADS"":""1"",""OPENBLAS_NUM_THREADS"":""1"",""VECLIB_MAXIMUM_THREADS"":""1""}",[],1,one KNN compute thread; process thread total not claimed,"{""cpus"":[0,1,2,3,4,5,6,7,8,9,10,11,12,13,14,15,16,17,18,19],""scope"":""process primary Windows processor group"",""status"":""observed""}","resident mask observed before benchmark; fresh child inherits parent affinity, not independently sampled",,
20260916T205945.220601_0000_b410e8a7,final_python,final,2652117a4ee78ff9ca3af25e0b14630333dee5e7f037dd51297219109b837111,prepared_pipeline,4,136,1,False,2026-09-16T21:26:52.389573+00:00,31.962822099972982,sha256:94c23c2f74e4663dfaa013a12610290f8fec481adcb2e0a5e515cfb92942eb90,24000,6000,60,101,1,4856,fresh process startup/load/fit/predict/output,not_applicable,71efcc2c822e4a6a086a65826a36132e40db462a171e31c4d064454e0740c59e,,5a0a13c8f43064ac41b900731046ff663fc37c87a7c7f84866d90a571b5626f4,python_interpreter,3.10.14,Python binary64,"{""matplotlib"":""3.7.0"",""numpy"":""1.26.0"",""pandas"":""1.5.3"",""scikit-learn"":""1.2.1"",""scipy"":""1.13.1"",""threadpoolctl"":""3.5.0""}","{""MKL_NUM_THREADS"":""1"",""NUMEXPR_NUM_THREADS"":""1"",""OMP_NUM_THREADS"":""1"",""OPENBLAS_NUM_THREADS"":""1"",""VECLIB_MAXIMUM_THREADS"":""1""}","[{""architecture"":""Prescott"",""internal_api"":""openblas"",""num_threads"":1,""prefix"":""libopenblas"",""threading_layer"":""pthreads"",""user_api"":""blas"",""version"":""0.3.23.dev""},{""architecture"":""Haswell"",""internal_api"":""openblas"",""num_threads"":1,""prefix"":""libopenblas"",""threading_layer"":""pthreads"",""user_api"":""blas"",""version"":""0.3.27""},{""internal_api"":""openmp"",""num_threads"":1,""prefix"":""vcomp"",""user_api"":""openmp"",""version"":null}]",1,one KNN compute thread; process thread total not claimed,"{""cpus"":[0,1,2,3,4,5,6,7,8,9,10,11,12,13,14,15,16,17,18,19],""scope"":""process primary Windows processor group"",""status"":""observed""}","resident mask observed before benchmark; fresh child inherits parent affinity, not independently sampled",,
20260916T205945.220601_0000_b410e8a7,baseline_python_v5_1,baseline,78751a8c046a2fad278243868fba0102baeebb97c77bfcbd51bdb4113d0d8e42,prepared_pipeline,4,137,2,False,2026-09-16T21:26:54.310050+00:00,1.884914199996274,sha256:f7c61d2d72c51337d167c87debc737b91c755d1c6f434887760024617b9788e9,24000,6000,33,19,64,36732,fresh process startup/load/fit/predict/output,not_applicable,3c704c1c136520c4fb98b9d67a2d6d64637b21c08f639ca090d92c3ce65cdf0d,,5a0a13c8f43064ac41b900731046ff663fc37c87a7c7f84866d90a571b5626f4,python_interpreter,3.10.14,Python binary64,"{""matplotlib"":""3.7.0"",""numpy"":""1.26.0"",""pandas"":""1.5.3"",""scikit-learn"":""1.2.1"",""scipy"":""1.13.1"",""threadpoolctl"":""3.5.0""}","{""MKL_NUM_THREADS"":""1"",""NUMEXPR_NUM_THREADS"":""1"",""OMP_NUM_THREADS"":""1"",""OPENBLAS_NUM_THREADS"":""1"",""VECLIB_MAXIMUM_THREADS"":""1""}","[{""architecture"":""Prescott"",""internal_api"":""openblas"",""num_threads"":1,""prefix"":""libopenblas"",""threading_layer"":""pthreads"",""user_api"":""blas"",""version"":""0.3.23.dev""},{""architecture"":""Haswell"",""internal_api"":""openblas"",""num_threads"":1,""prefix"":""libopenblas"",""threading_layer"":""pthreads"",""user_api"":""blas"",""version"":""0.3.27""},{""internal_api"":""openmp"",""num_threads"":1,""prefix"":""vcomp"",""user_api"":""openmp"",""version"":null}]",1,one KNN compute thread; process thread total not claimed,"{""cpus"":[0,1,2,3,4,5,6,7,8,9,10,11,12,13,14,15,16,17,18,19],""scope"":""process primary Windows processor group"",""status"":""observed""}","resident mask observed before benchmark; fresh child inherits parent affinity, not independently sampled",,
20260916T205945.220601_0000_b410e8a7,final_sklearn,final,2652117a4ee78ff9ca3af25e0b14630333dee5e7f037dd51297219109b837111,prepared_pipeline,4,138,3,False,2026-09-16T21:26:56.404525+00:00,2.0565565000288188,sha256:0643c68fa542526a824dd16f18e69950584874cb821f56683d0db64ca273c6be,24000,6000,60,101,,22164,fresh process startup/load/fit/predict/output,not_applicable,71efcc2c822e4a6a086a65826a36132e40db462a171e31c4d064454e0740c59e,,5a0a13c8f43064ac41b900731046ff663fc37c87a7c7f84866d90a571b5626f4,python_interpreter,3.10.14,n_jobs=1; brute; distance,"{""matplotlib"":""3.7.0"",""numpy"":""1.26.0"",""pandas"":""1.5.3"",""scikit-learn"":""1.2.1"",""scipy"":""1.13.1"",""threadpoolctl"":""3.5.0""}","{""MKL_NUM_THREADS"":""1"",""NUMEXPR_NUM_THREADS"":""1"",""OMP_NUM_THREADS"":""1"",""OPENBLAS_NUM_THREADS"":""1"",""VECLIB_MAXIMUM_THREADS"":""1""}","[{""architecture"":""Prescott"",""internal_api"":""openblas"",""num_threads"":1,""prefix"":""libopenblas"",""threading_layer"":""pthreads"",""user_api"":""blas"",""version"":""0.3.23.dev""},{""architecture"":""Haswell"",""internal_api"":""openblas"",""num_threads"":1,""prefix"":""libopenblas"",""threading_layer"":""pthreads"",""user_api"":""blas"",""version"":""0.3.27""},{""internal_api"":""openmp"",""num_threads"":1,""prefix"":""vcomp"",""user_api"":""openmp"",""version"":null}]",1,one KNN compute thread; process thread total not claimed,"{""cpus"":[0,1,2,3,4,5,6,7,8,9,10,11,12,13,14,15,16,17,18,19],""scope"":""process primary Windows processor group"",""status"":""observed""}","resident mask observed before benchmark; fresh child inherits parent affinity, not independently sampled",,
20260916T205945.220601_0000_b410e8a7,final_weka,final,2652117a4ee78ff9ca3af25e0b14630333dee5e7f037dd51297219109b837111,prepared_pipeline,4,139,4,False,2026-09-16T21:27:18.940282+00:00,22.470060500025284,sha256:9bfb1e48bd1fe1223b73ddc736c5e4507156833d2610cafceb0a785f577ba1ae,24000,6000,60,101,,14380,fresh process startup/load/fit/predict/output,not_applicable,1f9d0cf314e161635aafef3f3ea4d89f6ee03e030fabb3974d959023de367242,,2e231e0dffe7dcf2c840c982f30e8b6177566b3df9d7844322e4da390c22047e,weka_jar,11.0.16.1,"-K 101 -W 0 -I -A ""weka.core.neighboursearch.LinearNNSearch -A \""weka.core.EuclideanDistance -D -R first-last\""""","{""weka"":""3.8.6""}","{""MKL_NUM_THREADS"":""1"",""NUMEXPR_NUM_THREADS"":""1"",""OMP_NUM_THREADS"":""1"",""OPENBLAS_NUM_THREADS"":""1"",""VECLIB_MAXIMUM_THREADS"":""1""}",[],1,sequential KNN; JVM service/JIT/GC threads may exist,"{""cpus"":[0,1,2,3,4,5,6,7,8,9,10,11,12,13,14,15,16,17,18,19],""scope"":""process primary Windows processor group"",""status"":""observed""}","resident mask observed before benchmark; fresh child inherits parent affinity, not independently sampled",,
