test_position,row_id,rank,training_position,training_row_id,label,euclidean_distance,selected_manual,selected_sklearn,zero_distance
353,1757,0,5951,7452,1,0.029969350146429541,True,True,False
353,1757,1,15478,19310,1,0.10875399549957199,True,True,False
353,1757,2,6838,8553,1,0.15617588982573458,True,True,False
353,1757,3,20872,26038,0,0.21750799099914386,True,True,False
353,1757,4,5568,6954,1,0.22236992070930825,True,True,False
353,1757,5,15283,19081,0,0.26111528038884763,True,True,False
353,1757,6,12732,15914,1,0.2914286812371541,True,True,False
353,1757,7,13107,16360,0,0.44484894008448506,True,True,False
353,1757,8,11576,14427,0,0.47629807336695967,True,True,False
353,1757,9,638,796,0,0.57759863257436739,True,True,False
353,1757,10,3972,4976,0,0.58362858156657249,True,True,False
353,1757,11,22575,28177,0,0.63469807015988755,True,True,False
353,1757,12,20367,25399,0,0.65321183186203235,True,True,False
353,1757,13,15412,19223,1,0.65905694560966555,True,True,False
353,1757,14,14131,17640,1,0.66206037102068593,True,True,False
353,1757,15,15006,18739,0,0.68074112953126009,True,True,False
353,1757,16,13946,17397,0,0.74537447704344462,True,True,False
353,1757,17,18004,22444,1,0.76174346949711302,True,True,False
353,1757,18,3004,3768,0,0.80635138948522667,True,True,False
353,1757,19,22372,27917,1,0.80635138948522667,True,True,False
353,1757,20,17858,22253,1,0.82867363729974386,True,True,False
353,1757,21,6869,8594,0,0.86866703921620136,True,True,False
353,1757,22,15131,18893,0,0.91621038409237121,True,True,False
353,1757,23,8615,10763,0,0.95306822158920668,True,True,False
353,1757,24,18935,23619,1,0.95641959081670291,True,True,False
353,1757,25,556,695,0,0.98685135222261,True,True,False
353,1757,26,2520,3165,0,1.0279433895616239,True,True,False
353,1757,27,23226,29019,1,1.071433538350981,True,True,False
353,1757,28,15306,19106,1,1.0784778606802869,True,True,False
353,1757,29,18718,23340,0,1.2134314945300557,True,True,False
353,1757,30,17440,21744,0,1.3510923958250596,True,True,False
353,1757,31,11908,14843,1,1.4012197566449185,True,True,False
353,1757,32,3926,4916,0,1.4142135623730951,True,True,False
353,1757,33,4914,6124,0,1.4142135623730951,True,True,False
353,1757,34,23936,29909,0,1.4142135623730951,True,True,False
353,1757,35,17977,22409,1,1.4308423135162323,True,True,False
353,1757,36,15198,18982,1,1.4315894598788661,True,True,False
353,1757,37,4617,5753,1,1.4338334102567398,True,True,False
353,1757,38,21107,26312,1,1.4369202772539447,True,True,False
353,1757,39,10071,12517,0,1.4392639249865344,True,True,False
353,1757,40,5445,6804,0,1.4433669240026135,True,True,False
353,1757,41,12869,16078,1,1.4439289027675937,True,True,False
353,1757,42,12103,15098,0,1.4469503773529442,True,True,False
353,1757,43,12096,15090,0,1.4492143312136119,True,True,False
353,1757,44,3215,4021,0,1.4510316419909486,True,True,False
353,1757,45,4948,6169,1,1.4513603562982174,True,True,False
353,1757,46,5994,7506,1,1.4513603562982174,True,True,False
353,1757,47,18754,23382,0,1.4642635807576556,True,True,False
353,1757,48,210,274,1,1.4796076860417882,True,True,False
353,1757,49,6884,8611,0,1.4796076860417882,True,True,False
353,1757,50,18965,23655,1,1.4796076860417882,True,True,False
353,1757,51,19337,24112,0,1.4796076860417882,True,True,False
353,1757,52,19153,23885,1,1.4838471557474082,True,True,False
353,1757,53,14970,18695,1,1.4922666835030118,True,True,False
353,1757,54,9648,12009,1,1.496329084143863,True,True,False
353,1757,55,22397,27951,0,1.5035689376818009,True,True,False
353,1757,56,2963,3716,0,1.5081389268453271,True,True,False
353,1757,57,16018,19978,0,1.5141037057583793,True,True,False
353,1757,58,8800,10988,1,1.5195695984665711,True,True,False
353,1757,59,7685,9619,1,1.5234800994698574,True,True,False
353,1757,60,6729,8413,0,1.5267450946364716,True,True,False
353,1757,61,5721,7157,0,1.5275165264334019,True,True,False
353,1757,62,9619,11976,0,1.5275165264334019,True,True,False
353,1757,63,21488,26805,0,1.5275165264334019,True,True,False
353,1757,64,380,479,0,1.5501102026193767,True,True,False
353,1757,65,12759,15946,0,1.5501102026193767,True,True,False
353,1757,66,18727,23353,1,1.5544813286468337,True,True,False
353,1757,67,4831,6020,0,1.5609337166891109,True,True,False
353,1757,68,10899,13556,0,1.5615133476458176,True,True,False
353,1757,69,19146,23877,0,1.5615133476458176,True,True,False
353,1757,70,13238,16525,0,1.5695249234833755,True,True,False
353,1757,71,2013,2528,0,1.5718459816724624,True,True,False
353,1757,72,15466,19293,0,1.5754812894642001,True,True,False
353,1757,73,8321,10396,1,1.5803357531112345,True,True,False
353,1757,74,3054,3830,0,1.5883510584709268,True,True,False
353,1757,75,15932,19867,0,1.595506313157762,True,True,False
353,1757,76,21762,27131,1,1.6031763301459636,True,True,False
353,1757,77,20896,26066,0,1.609678665336393,True,True,False
353,1757,78,8580,10709,0,1.6161221127419554,True,True,False
353,1757,79,8248,10294,0,1.6279442752516917,True,True,False
353,1757,80,20467,25516,0,1.6630115132722603,True,True,False
353,1757,81,8304,10374,0,1.6783330253748561,True,True,False
353,1757,82,11132,13856,1,1.681181280198385,True,True,False
353,1757,83,15637,19498,1,1.691724640940826,True,True,False
353,1757,84,22800,28465,1,1.7155228842346892,True,True,False
353,1757,85,13854,17284,1,1.719890099543222,True,True,False
353,1757,86,20540,25608,1,1.719890099543222,True,True,False
353,1757,87,13688,17073,0,1.727463144293802,True,True,False
353,1757,88,17358,21643,0,1.7355977155401914,True,True,False
353,1757,89,20991,26177,0,1.7483328093196215,True,True,False
353,1757,90,1060,1330,0,1.7483328093196215,True,True,False
353,1757,91,20949,26129,0,1.7508407761992797,True,True,False
353,1757,92,18767,23400,0,1.7566304415158092,True,True,False
353,1757,93,23935,29908,1,1.7652141306774147,True,True,False
353,1757,94,18330,22849,0,1.7672860053793196,True,True,False
353,1757,95,16117,20102,0,1.7785146881534402,True,True,False
353,1757,96,11569,14413,0,1.8147220842007346,True,True,False
353,1757,97,10192,12668,1,1.8179320495627864,True,True,False
353,1757,98,435,547,0,1.8231279336528852,True,True,False
353,1757,99,2434,3055,0,1.9289120078504487,True,True,False
353,1757,100,14172,17692,1,1.9341073112535805,True,True,False
699,3435,0,18594,23179,0,0.84484609076664696,True,True,False
699,3435,1,11517,14349,1,1.4847487396401826,True,True,False
699,3435,2,18938,23622,0,1.5076515467101639,True,True,False
699,3435,3,9281,11561,1,1.5303035699698166,True,True,False
699,3435,4,15417,19229,0,1.540492991251289,True,True,False
699,3435,5,1736,2165,0,1.5448030211708885,True,True,False
699,3435,6,8008,10002,0,1.5552866485957906,True,True,False
699,3435,7,9608,11962,1,1.5620162761273997,True,True,False
699,3435,8,12818,16020,0,1.5661037078193101,True,True,False
699,3435,9,4069,5093,1,1.5709035961481885,True,True,False
699,3435,10,15509,19347,0,1.5738630382042704,True,True,False
699,3435,11,5915,7405,0,1.5760910718118664,True,True,False
699,3435,12,20677,25786,1,1.5900772159439789,True,True,False
699,3435,13,12211,15240,0,1.5924423502912501,True,True,False
699,3435,14,9121,11379,0,1.6077919646586034,True,True,False
699,3435,15,10175,12648,0,1.6192767979642151,True,True,False
699,3435,16,4908,6116,0,1.6296843202256786,True,True,False
699,3435,17,1062,1332,1,1.633819780322703,True,True,False
699,3435,18,22975,28699,0,1.6363990397963974,True,True,False
699,3435,19,9260,11539,1,1.6493481368725786,True,True,False
699,3435,20,18040,22490,0,1.6544505979986515,True,True,False
699,3435,21,9908,12327,0,1.6797451093434355,True,True,False
699,3435,22,18952,23639,0,1.6867453536866099,True,True,False
699,3435,23,1613,2009,0,1.688951548036969,True,True,False
699,3435,24,23945,29922,0,1.6894928047047542,True,True,False
699,3435,25,13979,17444,0,1.7163025347437579,True,True,False
699,3435,26,2578,3234,0,1.7249058647780642,True,True,False
699,3435,27,11258,14027,0,1.7409184989279327,True,True,False
699,3435,28,8409,10499,0,1.7416180630886469,True,True,False
699,3435,29,16017,19977,0,1.7468471336924762,True,True,False
699,3435,30,11473,14293,1,1.7893019571174025,True,True,False
699,3435,31,22625,28250,0,1.7992131535593421,True,True,False
699,3435,32,703,881,1,1.8218982351009667,True,True,False
699,3435,33,2868,3600,0,1.8218982351009667,True,True,False
699,3435,34,5178,6466,0,1.8218982351009667,True,True,False
699,3435,35,23054,28804,0,1.8457635530484096,True,True,False
699,3435,36,13038,16281,0,1.8615792928166299,True,True,False
699,3435,37,2857,3585,0,1.8620992616611161,True,True,False
699,3435,38,1191,1501,0,1.8751509583937267,True,True,False
699,3435,39,6590,8242,0,1.882560590862699,True,True,False
699,3435,40,434,546,1,1.9070562178787132,True,True,False
699,3435,41,3420,4272,0,2.0036390361607435,True,True,False
699,3435,42,9860,12264,0,2.0105364431951069,True,True,False
699,3435,43,4822,6009,0,2.0226516933777963,True,True,False
699,3435,44,9666,12031,0,2.0387557350470731,True,True,False
699,3435,45,5423,6777,0,2.0646718333220857,True,True,False
699,3435,46,5715,7148,0,2.0751739015443991,True,True,False
699,3435,47,20489,25543,1,2.0760553445865648,True,True,False
699,3435,48,2000,2513,0,2.0776026079567336,True,True,False
699,3435,49,9232,11503,0,2.0787379170261535,True,True,False
699,3435,50,11144,13878,1,2.0807381676629535,True,True,False
699,3435,51,22668,28305,0,2.0830522432407261,True,True,False
699,3435,52,18781,23418,1,2.0837055973103218,True,True,False
699,3435,53,15088,18841,0,2.0892549330376986,True,True,False
699,3435,54,5807,7266,0,2.0943773237453427,True,True,False
699,3435,55,8601,10741,1,2.0943773237453427,True,True,False
699,3435,56,10326,12846,0,2.0943773237453427,True,True,False
699,3435,57,13942,17390,0,2.0943773237453427,True,True,False
699,3435,58,23159,28933,0,2.0966058516151378,True,True,False
699,3435,59,8569,10698,1,2.0994245708202897,True,True,False
699,3435,60,6137,7683,0,2.100382093345778,True,True,False
699,3435,61,2600,3265,1,2.1031957516086592,True,True,False
699,3435,62,15957,19897,0,2.1036719361121086,True,True,False
699,3435,63,15649,19515,0,2.1078581126763063,True,True,False
699,3435,64,5891,7373,1,2.1084481335580225,True,True,False
699,3435,65,5911,7397,1,2.1084481335580225,True,True,False
699,3435,66,19543,24361,0,2.1084481335580225,True,True,False
699,3435,67,23210,28998,0,2.1084481335580225,True,True,False
699,3435,68,5545,6925,1,2.1126004132650555,True,True,False
699,3435,69,16057,20028,1,2.1137024644900499,True,True,False
699,3435,70,18985,23679,0,2.1137024644900499,True,True,False
699,3435,71,2301,2896,0,2.1137024644900499,True,True,False
699,3435,72,63,79,1,2.1174886527931656,True,True,False
699,3435,73,19556,24378,0,2.1214123466195245,True,True,False
699,3435,74,8793,10980,0,2.1214754654427841,True,True,False
699,3435,75,15919,19853,1,2.1215558108393493,True,True,False
699,3435,76,3021,3787,0,2.1218395275941404,True,True,False
699,3435,77,3272,4089,1,2.1218395275941404,True,True,False
699,3435,78,4987,6218,0,2.1265927344562083,True,True,False
699,3435,79,17261,21525,0,2.1279909663022902,True,True,False
699,3435,80,5667,7085,1,2.1331971613404979,True,True,False
699,3435,81,19763,24650,0,2.1331971613404979,True,True,False
699,3435,82,20572,25653,0,2.1412601433783731,True,True,False
699,3435,83,20947,26127,1,2.1412601433783731,True,True,False
699,3435,84,23033,28779,0,2.1412601433783731,True,True,False
699,3435,85,5408,6762,0,2.1424763892612457,True,True,False
699,3435,86,23981,29973,1,2.1464167895145074,True,True,False
699,3435,87,5001,6235,0,2.1512091640271271,True,True,False
699,3435,88,22894,28587,0,2.1515421798051841,True,True,False
699,3435,89,18954,23641,1,2.152771925493095,True,True,False
699,3435,90,13967,17430,0,2.1528568081733264,True,True,False
699,3435,91,13970,17433,0,2.1580030150547165,True,True,False
699,3435,92,23044,28791,0,2.1628226504839851,True,True,False
699,3435,93,15332,19136,0,2.1664287520338461,True,True,False
699,3435,94,5086,6345,1,2.1706302225012597,True,True,False
699,3435,95,2681,3365,1,2.1804949923424854,True,True,False
699,3435,96,1578,1964,1,2.1807869155918027,True,True,False
699,3435,97,1590,1980,1,2.1807869155918027,True,True,False
699,3435,98,9710,12087,0,2.1828637574082754,True,True,False
699,3435,99,10479,13031,0,2.187070361681787,True,True,False
699,3435,100,9112,11367,1,2.1958013645052663,True,False,False
699,3435,101,12970,16200,0,2.1958013645052663,False,False,False
699,3435,102,22612,28228,0,2.1958013645052663,False,True,False
1216,6160,0,9270,11550,0,0,True,True,True
1216,6160,1,19696,24560,0,0.10875399549957193,True,True,False
1216,6160,2,8858,11060,1,0.11239365419987975,True,True,False
1216,6160,3,97,121,1,0.20824129491885213,True,True,False
1216,6160,4,796,997,1,0.21945236834064566,True,True,False
1216,6160,5,306,390,0,0.22539877406926992,True,True,False
1216,6160,6,8092,10106,0,0.28106802590011221,True,True,False
1216,6160,7,19546,24366,0,0.29749134167476121,True,True,False
1216,6160,8,11911,14846,1,0.32756144409243743,True,True,False
1216,6160,9,5089,6349,0,0.33828631798078634,True,True,False
1216,6160,10,5953,7455,1,0.3482259311552261,True,True,False
1216,6160,11,14507,18104,0,0.36773090481362264,True,True,False
1216,6160,12,12095,15087,0,0.38719494772576823,True,True,False
1216,6160,13,1320,1653,1,0.39525267654599916,True,True,False
1216,6160,14,672,839,1,0.45722760768567439,True,True,False
1216,6160,15,8724,10900,0,0.49732426002961372,True,True,False
1216,6160,16,22009,27442,0,0.58776150172558161,True,True,False
1216,6160,17,7359,9221,1,0.59429817168435373,True,True,False
1216,6160,18,23865,29823,1,0.59429817168435373,True,True,False
1216,6160,19,13497,16844,1,0.63348071536175876,True,True,False
1216,6160,20,469,586,1,0.64212730400830187,True,True,False
1216,6160,21,21876,27281,0,0.65314044225084866,True,True,False
1216,6160,22,20027,24981,0,0.68965709624040106,True,True,False
1216,6160,23,12397,15484,0,0.88138062120989491,True,True,False
1216,6160,24,19633,24483,1,0.89845457211938817,True,True,False
1216,6160,25,11616,14479,0,0.9139762947629736,True,True,False
1216,6160,26,21641,26993,0,0.93982907130947413,True,True,False
1216,6160,27,21888,27295,1,0.93982907130947413,True,True,False
1216,6160,28,12434,15532,1,1.0396079412945602,True,True,False
1216,6160,29,356,450,1,1.1966303180008904,True,True,False
1216,6160,30,2180,2749,1,1.2415310183414412,True,True,False
1216,6160,31,17030,21242,0,1.2459329054972623,True,True,False
1216,6160,32,5766,7214,0,1.3053562897970394,True,True,False
1216,6160,33,2537,3187,1,1.3053734167537066,True,True,False
1216,6160,34,10858,13508,0,1.4145139150329469,True,True,False
1216,6160,35,20489,25543,1,1.4236017163630974,True,True,False
1216,6160,36,4987,6218,0,1.4294629889960357,True,True,False
1216,6160,37,5807,7266,0,1.431139176310368,True,True,False
1216,6160,38,8601,10741,1,1.431139176310368,True,True,False
1216,6160,39,10326,12846,0,1.431139176310368,True,True,False
1216,6160,40,13942,17390,0,1.431139176310368,True,True,False
1216,6160,41,16890,21064,0,1.4317045066921765,True,True,False
1216,6160,42,15919,19853,1,1.4371821627621559,True,True,False
1216,6160,43,5891,7373,1,1.4516530231621889,True,True,False
1216,6160,44,5911,7397,1,1.4516530231621889,True,True,False
1216,6160,45,19543,24361,0,1.4516530231621889,True,True,False
1216,6160,46,23210,28998,0,1.4516530231621889,True,True,False
1216,6160,47,16725,20858,0,1.4541256925708825,True,True,False
1216,6160,48,2000,2513,0,1.4695802857889935,True,True,False
1216,6160,49,9232,11503,0,1.4792546305245755,True,True,False
1216,6160,50,801,1003,1,1.4798947666694986,True,True,False
1216,6160,51,17261,21525,0,1.4798947666694986,True,True,False
1216,6160,52,2681,3365,1,1.4862897043409689,True,True,False
1216,6160,53,5715,7148,0,1.4912700438480053,True,True,False
1216,6160,54,14596,18219,1,1.5015473525144531,True,True,False
1216,6160,55,13967,17430,0,1.5154324149396625,True,True,False
1216,6160,56,23054,28804,0,1.5425848070562318,True,True,False
1216,6160,57,23159,28933,0,1.5583058699261381,True,True,False
1216,6160,58,8569,10698,1,1.5620962248796899,True,True,False
1216,6160,59,23806,29752,0,1.5620962248796899,True,True,False
1216,6160,60,8793,10980,0,1.5636647424124084,True,True,False
1216,6160,61,16057,20028,1,1.5714702935270479,True,True,False
1216,6160,62,18985,23679,0,1.5714702935270479,True,True,False
1216,6160,63,11148,13884,1,1.5733929356073266,True,True,False
1216,6160,64,15649,19515,0,1.5734125048424974,True,True,False
1216,6160,65,5408,6762,0,1.5835860256295942,True,True,False
1216,6160,66,3021,3787,0,1.5920942396982491,True,True,False
1216,6160,67,3272,4089,1,1.5920942396982491,True,True,False
1216,6160,68,23981,29973,1,1.5973397605073731,True,True,False
1216,6160,69,5667,7085,1,1.5975953505809386,True,True,False
1216,6160,70,19763,24650,0,1.5975953505809386,True,True,False
1216,6160,71,21706,27066,1,1.5975953505809386,True,True,False
1216,6160,72,2814,3529,0,1.6063604082337062,True,True,False
1216,6160,73,6168,7721,1,1.6063604082337062,True,True,False
1216,6160,74,23872,29830,1,1.6086131190948676,True,True,False
1216,6160,75,19556,24378,0,1.612271790483083,True,True,False
1216,6160,76,22894,28587,0,1.6129371900811591,True,True,False
1216,6160,77,13410,16738,1,1.6135052360485018,True,True,False
1216,6160,78,20572,25653,0,1.6178863028161752,True,True,False
1216,6160,79,23033,28779,0,1.6178863028161752,True,True,False
1216,6160,80,3039,3812,0,1.6215184056314664,True,True,False
1216,6160,81,23629,29531,1,1.6277675163367293,True,True,False
1216,6160,82,19544,24363,0,1.6328681024664871,True,True,False
1216,6160,83,115,140,1,1.6708091026386696,True,True,False
1216,6160,84,16797,20942,0,1.6753308368374367,True,True,False
1216,6160,85,9112,11367,1,1.6894095772140665,True,True,False
1216,6160,86,12970,16200,0,1.6894095772140665,True,True,False
1216,6160,87,22612,28228,0,1.6894095772140665,True,True,False
1216,6160,88,3152,3947,0,1.6952146048530945,True,True,False
1216,6160,89,16753,20889,1,1.6986538011136367,True,True,False
1216,6160,90,14,18,0,1.7201370789354635,True,True,False
1216,6160,91,5185,6475,1,1.7201370789354635,True,True,False
1216,6160,92,7299,9144,0,1.7201370789354635,True,True,False
1216,6160,93,8627,10776,0,1.7201370789354635,True,True,False
1216,6160,94,10538,13106,0,1.7201370789354635,True,True,False
1216,6160,95,1578,1964,1,1.723334802980887,True,True,False
1216,6160,96,1590,1980,1,1.723334802980887,True,True,False
1216,6160,97,19568,24396,1,1.7343009395688749,True,True,False
1216,6160,98,11273,14045,0,1.7343186931948762,True,True,False
1216,6160,99,17026,21236,0,1.7500960571050437,True,True,False
1216,6160,100,10239,12728,0,1.7663599910492866,True,True,False
1471,7319,0,672,839,1,0,True,True,True
1471,7319,1,12095,15087,0,0.10875399549957199,True,True,False
1471,7319,2,19546,24366,0,0.22180110906644049,True,True,False
1471,7319,3,97,121,1,0.34497880240530238,True,True,False
1471,7319,4,19696,24560,0,0.38719494772576829,True,True,False
1471,7319,5,5089,6349,0,0.43501598199828773,True,True,False
1471,7319,6,21876,27281,0,0.4378196572012733,True,True,False
1471,7319,7,5953,7455,1,0.44204275398604498,True,True,False
1471,7319,8,9270,11550,0,0.45722760768567439,True,True,False
1471,7319,9,8858,11060,1,0.52390654986522811,True,True,False
1471,7319,10,1320,1653,1,0.54343764914854065,True,True,False
1471,7319,11,22009,27442,0,0.5853496430857168,True,True,False
1471,7319,12,8092,10106,0,0.61897822471308817,True,True,False
1471,7319,13,14507,18104,0,0.62634890997838677,True,True,False
1471,7319,14,796,997,1,0.6463896437470863,True,True,False
1471,7319,15,306,390,0,0.6630723167001078,True,True,False
1471,7319,16,11911,14846,1,0.74021707522308289,True,True,False
1471,7319,17,469,586,1,0.87339299691721217,True,True,False
1471,7319,18,7359,9221,1,0.88013792021543447,True,True,False
1471,7319,19,23865,29823,1,0.88013792021543447,True,True,False
1471,7319,20,356,450,1,0.91771171223510639,True,True,False
1471,7319,21,11616,14479,0,0.93364115134187409,True,True,False
1471,7319,22,8724,10900,0,0.95380819430332786,True,True,False
1471,7319,23,20027,24981,0,0.98083563956225972,True,True,False
1471,7319,24,5766,7214,0,1.0214015483170886,True,True,False
1471,7319,25,2537,3187,1,1.0393054111387354,True,True,False
1471,7319,26,13497,16844,1,1.0905203648245556,True,True,False
1471,7319,27,21641,26993,0,1.1084248213693484,True,True,False
1471,7319,28,21888,27295,1,1.1084248213693484,True,True,False
1471,7319,29,19633,24483,1,1.2315362314820126,True,True,False
1471,7319,30,12397,15484,0,1.3269664667195298,True,True,False
1471,7319,31,17030,21242,0,1.328554685262318,True,True,False
1471,7319,32,14596,18219,1,1.3657196083373546,True,True,False
1471,7319,33,12434,15532,1,1.4223865977178758,True,True,False
1471,7319,34,15919,19853,1,1.430465634353189,True,True,False
1471,7319,35,4987,6218,0,1.4556820992610291,True,True,False
1471,7319,36,5911,7397,1,1.4567545377020323,True,True,False
1471,7319,37,23210,28998,0,1.4567545377020323,True,True,False
1471,7319,38,5807,7266,0,1.4608084113437267,True,True,False
1471,7319,39,8601,10741,1,1.4608084113437267,True,True,False
1471,7319,40,13942,17390,0,1.4608084113437267,True,True,False
1471,7319,41,17261,21525,0,1.4608084113437267,True,True,False
1471,7319,42,13967,17430,0,1.4729030888907613,True,True,False
1471,7319,43,10858,13508,0,1.4928431488101992,True,True,False
1471,7319,44,20489,25543,1,1.4975685368289662,True,True,False
1471,7319,45,2180,2749,1,1.5182232523716683,True,True,False
1471,7319,46,16890,21064,0,1.5497649377715901,True,True,False
1471,7319,47,10326,12846,0,1.5549339444309154,True,True,False
1471,7319,48,2681,3365,1,1.5574939920707087,True,True,False
1471,7319,49,14,18,0,1.596220949133238,True,True,False
1471,7319,50,5185,6475,1,1.596220949133238,True,True,False
1471,7319,51,5891,7373,1,1.596220949133238,True,True,False
1471,7319,52,8627,10776,0,1.596220949133238,True,True,False
1471,7319,53,10538,13106,0,1.596220949133238,True,True,False
1471,7319,54,19543,24361,0,1.596220949133238,True,True,False
1471,7319,55,16797,20942,0,1.6096615380073276,True,True,False
1471,7319,56,16725,20858,0,1.6221929925099865,True,True,False
1471,7319,57,1954,2449,1,1.629110462122253,True,True,False
1471,7319,58,5408,6762,0,1.6300307503009386,True,True,False
1471,7319,59,801,1003,1,1.6436781705779229,True,True,False
1471,7319,60,2000,2513,0,1.6508779835223359,True,True,False
1471,7319,61,9232,11503,0,1.6672277362771544,True,True,False
1471,7319,62,115,140,1,1.6730001271285342,True,True,False
1471,7319,63,5715,7148,0,1.6730001271285342,True,True,False
1471,7319,64,16057,20028,1,1.6887014902320665,True,True,False
1471,7319,65,18985,23679,0,1.6887014902320665,True,True,False
1471,7319,66,19763,24650,0,1.6921997974970695,True,True,False
1471,7319,67,21706,27066,1,1.6921997974970695,True,True,False
1471,7319,68,23054,28804,0,1.7003403468068765,True,True,False
1471,7319,69,23159,28933,0,1.7483300615537314,True,True,False
1471,7319,70,17026,21236,0,1.7488570883557215,True,True,False
1471,7319,71,8569,10698,1,1.7718493234167292,True,True,False
1471,7319,72,23806,29752,0,1.7718493234167292,True,True,False
1471,7319,73,15649,19515,0,1.8016372855617773,True,True,False
1471,7319,74,11148,13884,1,1.8037035324628286,True,True,False
1471,7319,75,11749,14642,0,1.8037035324628286,True,True,False
1471,7319,76,8793,10980,0,1.8060982919553328,True,True,False
1471,7319,77,2814,3529,0,1.8179320495627864,True,True,False
1471,7319,78,6168,7721,1,1.8179320495627864,True,True,False
1471,7319,79,3152,3947,0,1.8245549196799151,True,True,False
1471,7319,80,23872,29830,1,1.8305944558598402,True,True,False
1471,7319,81,7165,8959,0,1.8359016212948676,True,True,False
1471,7319,82,19556,24378,0,1.8359016212948676,True,True,False
1471,7319,83,3021,3787,0,1.8373890866212139,True,True,False
1471,7319,84,3272,4089,1,1.8373890866212139,True,True,False
1471,7319,85,13410,16738,1,1.846119761051161,True,True,False
1471,7319,86,5667,7085,1,1.8523652092476059,True,True,False
1471,7319,87,23981,29973,1,1.8545626204743759,True,True,False
1471,7319,88,3039,3812,0,1.8649578097705544,True,True,False
1471,7319,89,22894,28587,0,1.8761052596908756,True,True,False
1471,7319,90,20572,25653,0,1.878764292192427,True,True,False
1471,7319,91,23033,28779,0,1.878764292192427,True,True,False
1471,7319,92,22124,27589,1,1.8807165842090379,True,True,False
1471,7319,93,23629,29531,1,1.8919548395900816,True,True,False
1471,7319,94,23758,29697,0,1.9403756212992516,True,True,False
1471,7319,95,7299,9144,0,1.9558333069208311,True,True,False
1471,7319,96,19544,24363,0,1.9616665214011619,True,True,False
1471,7319,97,9112,11367,1,1.9769251566018324,True,True,False
1471,7319,98,12970,16200,0,1.9769251566018324,True,True,False
1471,7319,99,22612,28228,0,1.9769251566018324,True,True,False
1471,7319,100,1578,1964,1,1.9839919372741563,True,True,False
1471,7319,101,1590,1980,1,1.9839919372741563,False,False,False
1905,9475,0,6668,8341,1,0.036065859486637986,True,True,False
1905,9475,1,16476,20539,0,0.11457826040585029,True,True,False
1905,9475,2,3249,4063,1,0.20132331005008985,True,True,False
1905,9475,3,6173,7726,1,0.22881981274934543,True,True,False
1905,9475,4,5062,6313,0,0.23002706720391097,True,True,False
1905,9475,5,12557,15685,0,0.23002706720391097,True,True,False
1905,9475,6,275,352,1,0.30742503448001579,True,True,False
1905,9475,7,16715,20846,0,0.36018993852417808,True,True,False
1905,9475,8,13410,16738,1,0.44744401330129518,True,True,False
1905,9475,9,23872,29830,1,0.46676993087375096,True,True,False
1905,9475,10,2814,3529,0,0.49208876865903695,True,True,False
1905,9475,11,12444,15543,0,0.5188955626210594,True,True,False
1905,9475,12,16753,20889,1,0.52498565305788125,True,True,False
1905,9475,13,11148,13884,1,0.54496470954414344,True,True,False
1905,9475,14,21496,26818,1,0.63267294852955036,True,True,False
1905,9475,15,11173,13912,0,0.77472864604639591,True,True,False
1905,9475,16,19345,24122,0,0.77472864604639591,True,True,False
1905,9475,17,801,1003,1,0.79527139830711702,True,True,False
1905,9475,18,23617,29511,1,0.86046776896988464,True,True,False
1905,9475,19,16735,20871,0,0.88084452433296845,True,True,False
1905,9475,20,23473,29339,0,0.88084452433296845,True,True,False
1905,9475,21,19916,24846,1,0.94499851260085155,True,True,False
1905,9475,22,4076,5102,0,0.95802727231161033,True,True,False
1905,9475,23,16725,20858,0,0.97878595949614744,True,True,False
1905,9475,24,733,917,1,0.99380161054145466,True,True,False
1905,9475,25,23806,29752,0,1.1571485514304551,True,True,False
1905,9475,26,16890,21064,0,1.1968374836259683,True,True,False
1905,9475,27,10858,13508,0,1.218208384324317,True,True,False
1905,9475,28,19291,24055,0,1.2636263781014963,True,True,False
1905,9475,29,21347,26633,1,1.4083788279197111,True,True,False
1905,9475,30,794,994,1,1.4142135623730951,True,True,False
1905,9475,31,18703,23317,0,1.4146733708600405,True,True,False
1905,9475,32,15121,18879,0,1.4188474822043526,True,True,False
1905,9475,33,3397,4237,0,1.4230006688913093,True,True,False
1905,9475,34,23504,29374,0,1.4231384513312253,True,True,False
1905,9475,35,6717,8398,0,1.4282573572105619,True,True,False
1905,9475,36,3382,4219,0,1.4284476522823903,True,True,False
1905,9475,37,17910,22318,0,1.43260549583849,True,True,False
1905,9475,38,14674,18325,0,1.4327988175757378,True,True,False
1905,9475,39,17780,22162,0,1.4327988175757378,True,True,False
1905,9475,40,8613,10759,0,1.432798817575738,True,True,False
1905,9475,41,4133,5173,0,1.4355505376923521,True,True,False
1905,9475,42,2946,3698,1,1.4369202772539447,True,True,False
1905,9475,43,7021,8781,1,1.4369202772539449,True,True,False
1905,9475,44,1740,2169,0,1.4396662662144564,True,True,False
1905,9475,45,8557,10684,1,1.4396662662144564,True,True,False
1905,9475,46,9689,12062,0,1.4449362620261172,True,True,False
1905,9475,47,15638,19499,0,1.4492143312136119,True,True,False
1905,9475,48,22408,27966,0,1.4492143312136119,True,True,False
1905,9475,49,22366,27909,1,1.455303872143866,True,True,False
1905,9475,50,9000,11234,1,1.4593617755080648,True,True,False
1905,9475,51,11775,14671,1,1.4593617755080648,True,True,False
1905,9475,52,6012,7528,1,1.4652569600597749,True,True,False
1905,9475,53,6950,8693,0,1.4652569600597749,True,True,False
1905,9475,54,10006,12444,1,1.4684173849302893,True,True,False
1905,9475,55,22887,28579,0,1.4694758710099738,True,True,False
1905,9475,56,20823,25972,1,1.4844390666221341,True,True,False
1905,9475,57,2942,3692,1,1.4973814998991963,True,True,False
1905,9475,58,15,19,0,1.5024730191822764,True,True,False
1905,9475,59,5598,6993,0,1.5064038651396994,True,True,False
1905,9475,60,7667,9599,0,1.5124076071322525,True,True,False
1905,9475,61,7083,8858,1,1.5181353363647092,True,True,False
1905,9475,62,8230,10272,0,1.5189299736560817,True,True,False
1905,9475,63,20470,25520,0,1.5189299736560817,True,True,False
1905,9475,64,11972,14929,0,1.5240821588360223,True,True,False
1905,9475,65,10016,12455,0,1.527957413810801,True,True,False
1905,9475,66,5214,6512,1,1.5325136997999251,True,True,False
1905,9475,67,17601,21932,0,1.5395246516476291,True,True,False
1905,9475,68,895,1128,0,1.5492821111085853,True,True,False
1905,9475,69,22765,28417,0,1.5530944888635063,True,True,False
1905,9475,70,4310,5384,0,1.5785644800911276,True,True,False
1905,9475,71,3888,4864,0,1.5823063070538816,True,True,False
1905,9475,72,22380,27928,0,1.5823063070538816,True,True,False
1905,9475,73,7946,9929,0,1.5832630683607711,True,True,False
1905,9475,74,9558,11900,0,1.5948971426437766,True,True,False
1905,9475,75,331,419,1,1.6102918261728965,True,True,False
1905,9475,76,6618,8276,0,1.6161781790823693,True,True,False
1905,9475,77,13497,16844,1,1.6186646411435723,True,True,False
1905,9475,78,1592,1983,1,1.6229724758831092,True,True,False
1905,9475,79,7094,8871,0,1.6229724758831092,True,True,False
1905,9475,80,3825,4782,0,1.6249171276891872,True,True,False
1905,9475,81,246,319,0,1.653305009001969,True,True,False
1905,9475,82,7924,9903,0,1.6540235069927012,True,True,False
1905,9475,83,6437,8039,0,1.6630693310370965,True,True,False
1905,9475,84,8724,10900,0,1.6644672536568736,True,True,False
1905,9475,85,11911,14846,1,1.67626610954889,True,True,False
1905,9475,86,12397,15484,0,1.684330525368946,True,True,False
1905,9475,87,10402,12932,0,1.7068114233099236,True,True,False
1905,9475,88,10903,13560,1,1.7074450099020488,True,True,False
1905,9475,89,2612,3277,1,1.7081616593557016,True,True,False
1905,9475,90,4779,5953,1,1.7112873760503187,True,True,False
1905,9475,91,306,390,0,1.7314863686038782,True,True,False
1905,9475,92,796,997,1,1.7352044277701768,True,True,False
1905,9475,93,1164,1466,1,1.7395378726377977,True,True,False
1905,9475,94,13505,16854,0,1.7395849683470632,True,True,False
1905,9475,95,6272,7842,1,1.7522652943760073,True,True,False
1905,9475,96,14655,18301,0,1.7637628944538624,True,True,False
1905,9475,97,11703,14585,1,1.7804484562991063,True,True,False
1905,9475,98,8668,10826,0,1.7823805838565239,True,True,False
1905,9475,99,8858,11060,1,1.8070489406764858,True,True,False
1905,9475,100,17400,21693,0,1.8151558863049424,True,True,False
1992,9995,0,17555,21873,0,2.2845980985446888,True,True,False
1992,9995,1,20875,26041,0,2.4013862498440322,True,True,False
1992,9995,2,14838,18529,0,2.4074255676361807,True,True,False
1992,9995,3,484,604,0,2.6536485813104176,True,True,False
1992,9995,4,13143,16407,0,2.6761135734228345,True,True,False
1992,9995,5,18268,22772,1,2.7214523173148142,True,True,False
1992,9995,6,6463,8076,1,2.726195471314397,True,True,False
1992,9995,7,8599,10737,0,2.784948019633176,True,True,False
1992,9995,8,3792,4739,0,2.7947347062749186,True,True,False
1992,9995,9,22615,28235,1,2.8152796682775083,True,True,False
1992,9995,10,10098,12549,0,2.8269004057545408,True,True,False
1992,9995,11,3548,4442,1,2.8673791915287041,True,True,False
1992,9995,12,15563,19411,0,2.8703139958825399,True,True,False
1992,9995,13,8399,10486,0,2.8803378977191807,True,True,False
1992,9995,14,14185,17709,0,2.9100140402424595,True,True,False
1992,9995,15,11601,14460,0,3.0045868380961251,True,True,False
1992,9995,16,2665,3345,1,3.0047240975903016,True,True,False
1992,9995,17,8665,10821,0,3.0075435345159942,True,True,False
1992,9995,18,18205,22692,1,3.0132138030031288,True,True,False
1992,9995,19,7946,9929,0,3.0353347232833849,True,True,False
1992,9995,20,22765,28417,0,3.0353347232833849,True,True,False
1992,9995,21,4310,5384,0,3.0387409403562207,True,True,False
1992,9995,22,2612,3277,1,3.038877244794886,True,True,False
1992,9995,23,14655,18301,0,3.0408997120419148,True,True,False
1992,9995,24,895,1128,0,3.0411739800578963,True,True,False
1992,9995,25,7083,8858,1,3.0418300123339033,True,True,False
1992,9995,26,11703,14585,1,3.0428438162734746,True,True,False
1992,9995,27,6618,8276,0,3.0475722326910963,True,True,False
1992,9995,28,3888,4864,0,3.0484559469151939,True,True,False
1992,9995,29,22380,27928,0,3.0484559469151939,True,True,False
1992,9995,30,15,19,0,3.049596620880171,True,True,False
1992,9995,31,8668,10826,0,3.0519812570838956,True,True,False
1992,9995,32,17400,21693,0,3.0530650284421239,True,True,False
1992,9995,33,20823,25972,1,3.0537235795632176,True,True,False
1992,9995,34,10016,12455,0,3.0545637355929456,True,True,False
1992,9995,35,21077,26279,0,3.0564826031486882,True,True,False
1992,9995,36,5598,6993,0,3.0592771544548496,True,True,False
1992,9995,37,10006,12444,1,3.0614600155038567,True,True,False
1992,9995,38,9000,11234,1,3.0625380485218687,True,True,False
1992,9995,39,4779,5953,1,3.0655149019946455,True,True,False
1992,9995,40,18233,22726,0,3.0662981844395145,True,True,False
1992,9995,41,21052,26249,0,3.0662981844395145,True,True,False
1992,9995,42,17601,21932,0,3.0680859889447976,True,True,False
1992,9995,43,20470,25520,0,3.0683255357369594,True,True,False
1992,9995,44,22366,27909,1,3.0683255357369594,True,True,False
1992,9995,45,1740,2169,0,3.0776609624209117,True,True,False
1992,9995,46,11775,14671,1,3.0779471650665324,True,True,False
1992,9995,47,17910,22318,0,3.0857528644598005,True,True,False
1992,9995,48,3397,4237,0,3.0998456121076403,True,True,False
1992,9995,49,6272,7842,1,3.1038573171287465,True,True,False
1992,9995,50,17723,22093,1,3.1051770427304888,True,True,False
1992,9995,51,3503,4379,0,3.1108650787870729,True,True,False
1992,9995,52,2999,3762,0,3.1126187241878887,True,True,False
1992,9995,53,3825,4782,0,3.1234364658978606,True,True,False
1992,9995,54,8230,10272,0,3.1293928168964933,True,True,False
1992,9995,55,4133,5173,0,3.1311638678387261,True,True,False
1992,9995,56,6012,7528,1,3.1314100813232311,True,True,False
1992,9995,57,23629,29531,1,3.1316633398214333,True,True,False
1992,9995,58,794,994,1,3.1350859367470409,True,True,False
1992,9995,59,18703,23317,0,3.1441925968341611,True,True,False
1992,9995,60,331,419,1,3.1481159526124287,True,True,False
1992,9995,61,1164,1466,1,3.1524919108558298,True,True,False
1992,9995,62,15121,18879,0,3.153582763092218,True,True,False
1992,9995,63,20497,25552,1,3.1542015235497827,True,True,False
1992,9995,64,12400,15487,1,3.1731210825151779,True,True,False
1992,9995,65,3382,4219,0,3.1755496060976545,True,True,False
1992,9995,66,2085,2621,0,3.1818654097058778,True,True,False
1992,9995,67,4833,6022,0,3.1818654097058778,True,True,False
1992,9995,68,6489,8108,0,3.1873894342140709,True,True,False
1992,9995,69,22887,28579,0,3.1941526426396654,True,True,False
1992,9995,70,14674,18325,0,3.1997020797401312,True,True,False
1992,9995,71,17780,22162,0,3.1997020797401312,True,True,False
1992,9995,72,15638,19499,0,3.22180424258501,True,True,False
1992,9995,73,22408,27966,0,3.22180424258501,True,True,False
1992,9995,74,18309,22825,1,3.2219593892210066,True,True,False
1992,9995,75,3930,4923,0,3.2292928067826066,True,True,False
1992,9995,76,12526,15645,0,3.2466261885218541,True,True,False
1992,9995,77,7667,9599,0,3.3085897971054417,True,True,False
1992,9995,78,5730,7170,0,3.3373609220707823,True,True,False
1992,9995,79,13653,17032,0,3.3373609220707823,True,True,False
1992,9995,80,1276,1601,0,3.3446429968605802,True,True,False
1992,9995,81,3666,4585,0,3.3446429968605802,True,True,False
1992,9995,82,16735,20871,0,3.3447668353390005,True,True,False
1992,9995,83,6227,7790,0,3.3456056344364358,True,True,False
1992,9995,84,14125,17633,0,3.3456056344364358,True,True,False
1992,9995,85,5394,6740,0,3.346410645450681,True,True,False
1992,9995,86,733,917,1,3.3496223878661944,True,True,False
1992,9995,87,19916,24846,1,3.3496223878661944,True,True,False
1992,9995,88,6192,7746,0,3.350210848732575,True,True,False
1992,9995,89,11173,13912,0,3.3509042594177751,True,True,False
1992,9995,90,19345,24122,0,3.3509042594177751,True,True,False
1992,9995,91,2217,2794,1,3.3517079978120123,True,True,False
1992,9995,92,18476,23031,0,3.3539140085847738,True,True,False
1992,9995,93,21496,26818,1,3.3539140085847738,True,True,False
1992,9995,94,18347,22869,0,3.3549146689455145,True,True,False
1992,9995,95,3745,4684,0,3.3562713322185971,True,True,False
1992,9995,96,4083,5111,1,3.3562713322185971,True,True,False
1992,9995,97,12444,15543,0,3.3562713322185971,True,True,False
1992,9995,98,23617,29511,1,3.3606416153195746,True,True,False
1992,9995,99,10903,13560,1,3.3631651976727559,True,True,False
1992,9995,100,11965,14917,0,3.3637166339618139,True,False,False
1992,9995,101,17210,21466,1,3.3637166339618139,False,True,False
2326,11825,0,6173,7726,1,0.14205601413372038,True,True,False
2326,11825,1,12444,15543,0,0.16399151984519483,True,True,False
2326,11825,2,3249,4063,1,0.17890596046158067,True,True,False
2326,11825,3,16715,20846,0,0.21750799099914386,True,True,False
2326,11825,4,21496,26818,1,0.30906024109259844,True,True,False
2326,11825,5,16753,20889,1,0.32999413281401391,True,True,False
2326,11825,6,6668,8341,1,0.39472278746966344,True,True,False
2326,11825,7,16476,20539,0,0.43736526332024106,True,True,False
2326,11825,8,11173,13912,0,0.44484791671809976,True,True,False
2326,11825,9,19345,24122,0,0.44484791671809976,True,True,False
2326,11825,10,16735,20871,0,0.52165058255138497,True,True,False
2326,11825,11,13410,16738,1,0.55429595408311261,True,True,False
2326,11825,12,23617,29511,1,0.55461844982615038,True,True,False
2326,11825,13,11148,13884,1,0.57724999090916818,True,True,False
2326,11825,14,5062,6313,0,0.58362858156657249,True,True,False
2326,11825,15,12557,15685,0,0.58362858156657249,True,True,False
2326,11825,16,19916,24846,1,0.59534041955267947,True,True,False
2326,11825,17,23473,29339,0,0.60558961564178637,True,True,False
2326,11825,18,23872,29830,1,0.60762201481497913,True,True,False
2326,11825,19,275,352,1,0.63092535578208842,True,True,False
2326,11825,20,733,917,1,0.63382958380123289,True,True,False
2326,11825,21,2814,3529,0,0.65972856048406514,True,True,False
2326,11825,22,4076,5102,0,0.7456391132224095,True,True,False
2326,11825,23,801,1003,1,0.86866703921620125,True,True,False
2326,11825,24,16725,20858,0,0.93534217196311031,True,True,False
2326,11825,25,19291,24055,0,0.95861591001505198,True,True,False
2326,11825,26,23806,29752,0,0.98016124844374808,True,True,False
2326,11825,27,6717,8398,0,1.0966035464865564,True,True,False
2326,11825,28,21347,26633,1,1.1150456622657359,True,True,False
2326,11825,29,16890,21064,0,1.151834103125442,True,True,False
2326,11825,30,10858,13508,0,1.2294462344471919,True,True,False
2326,11825,31,1592,1983,1,1.2781361702348557,True,True,False
2326,11825,32,7094,8871,0,1.2781361702348557,True,True,False
2326,11825,33,9000,11234,1,1.4142135623730951,True,True,False
2326,11825,34,1740,2169,0,1.4175211641176666,True,True,False
2326,11825,35,8557,10684,1,1.4175211641176666,True,True,False
2326,11825,36,22366,27909,1,1.4183890268671431,True,True,False
2326,11825,37,10006,12444,1,1.4193384198214087,True,True,False
2326,11825,38,20823,25972,1,1.4193384198214087,True,True,False
2326,11825,39,17910,22318,0,1.4213303314682197,True,True,False
2326,11825,40,15,19,0,1.4278377534293796,True,True,False
2326,11825,41,7083,8858,1,1.4278377534293796,True,True,False
2326,11825,42,3397,4237,0,1.4304655818028227,True,True,False
2326,11825,43,11775,14671,1,1.4308423135162323,True,True,False
2326,11825,44,11972,14929,0,1.4360925980766466,True,True,False
2326,11825,45,6950,8693,0,1.4378767809864805,True,True,False
2326,11825,46,5598,6993,0,1.4402093405924086,True,True,False
2326,11825,47,22765,28417,0,1.4434994981249887,True,True,False
2326,11825,48,895,1128,0,1.4475904920329559,True,True,False
2326,11825,49,10016,12455,0,1.4483936774447392,True,True,False
2326,11825,50,23504,29374,0,1.448769652975878,True,True,False
2326,11825,51,20470,25520,0,1.4513603562982174,True,True,False
2326,11825,52,9689,12062,0,1.4582958530372525,True,True,False
2326,11825,53,794,994,1,1.4593617755080648,True,True,False
2326,11825,54,7946,9929,0,1.4597946866719231,True,True,False
2326,11825,55,4310,5384,0,1.4628592425769835,True,True,False
2326,11825,56,18703,23317,0,1.4682663515002381,True,True,False
2326,11825,57,17601,21932,0,1.4686665389214459,True,True,False
2326,11825,58,4133,5173,0,1.4690373259619547,True,True,False
2326,11825,59,3888,4864,0,1.4749371031350011,True,True,False
2326,11825,60,22380,27928,0,1.4749371031350011,True,True,False
2326,11825,61,15121,18879,0,1.480300095777604,True,True,False
2326,11825,62,6012,7528,1,1.4864113884606422,True,True,False
2326,11825,63,6618,8276,0,1.4944470427619028,True,True,False
2326,11825,64,3382,4219,0,1.5042465320065479,True,True,False
2326,11825,65,8230,10272,0,1.5151520677569044,True,True,False
2326,11825,66,9558,11900,0,1.5151520677569044,True,True,False
2326,11825,67,7021,8781,1,1.5260389541831128,True,True,False
2326,11825,68,8613,10759,0,1.5299092526099087,True,True,False
2326,11825,69,14674,18325,0,1.5299092526099087,True,True,False
2326,11825,70,17780,22162,0,1.5299092526099087,True,True,False
2326,11825,71,2612,3277,1,1.5384208730296032,True,True,False
2326,11825,72,2946,3698,1,1.5414618437810168,True,True,False
2326,11825,73,22887,28579,0,1.5414618437810168,True,True,False
2326,11825,74,13249,16538,0,1.5421070449449108,True,True,False
2326,11825,75,7924,9903,0,1.5583586409361503,True,True,False
2326,11825,76,3825,4782,0,1.5604979288861158,True,True,False
2326,11825,77,2942,3692,1,1.5605261207420966,True,True,False
2326,11825,78,15638,19499,0,1.5605261207420966,True,True,False
2326,11825,79,22408,27966,0,1.5605261207420966,True,True,False
2326,11825,80,13497,16844,1,1.5639589017899136,True,True,False
2326,11825,81,12397,15484,0,1.5661036855577251,True,True,False
2326,11825,82,4779,5953,1,1.5687182981616707,True,True,False
2326,11825,83,331,419,1,1.5739794523981929,True,True,False
2326,11825,84,14655,18301,0,1.5764017141600468,True,True,False
2326,11825,85,246,319,0,1.5857846416012971,True,True,False
2326,11825,86,5214,6512,1,1.5868313692003391,True,True,False
2326,11825,87,14439,18018,0,1.5874581306334274,True,True,False
2326,11825,88,11703,14585,1,1.5876160300960989,True,True,False
2326,11825,89,8668,10826,0,1.5948884348903829,True,True,False
2326,11825,90,10402,12932,0,1.6069344304491513,True,True,False
2326,11825,91,6437,8039,0,1.6172033542229254,True,True,False
2326,11825,92,17400,21693,0,1.6195663595073739,True,True,False
2326,11825,93,8724,10900,0,1.6220875212374599,True,True,False
2326,11825,94,6272,7842,1,1.6279176894367795,True,True,False
2326,11825,95,7559,9463,0,1.6279176894367795,True,True,False
2326,11825,96,10635,13232,1,1.6341067648707817,True,True,False
2326,11825,97,1164,1466,1,1.6630112395261305,True,True,False
2326,11825,98,7667,9599,0,1.6689122019502989,True,True,False
2326,11825,99,13306,16608,1,1.6805728221761231,True,False,False
2326,11825,100,18233,22726,0,1.6805728221761231,True,True,False
2326,11825,101,21052,26249,0,1.6805728221761231,False,True,False
2945,14888,0,22441,28008,0,1.0973461600866234,True,True,False
2945,14888,1,2681,3365,1,1.4186484731161941,True,True,False
2945,14888,2,10903,13560,1,1.4228109227202432,True,True,False
2945,14888,3,7926,9905,0,1.4352258416093937,True,True,False
2945,14888,4,4987,6218,0,1.4513603562982174,True,True,False
2945,14888,5,6168,7721,1,1.4985301674338625,True,True,False
2945,14888,6,23054,28804,0,1.5025513489386939,True,True,False
2945,14888,7,20489,25543,1,1.5159517537728242,True,True,False
2945,14888,8,15919,19853,1,1.516928800180527,True,True,False
2945,14888,9,13942,17390,0,1.5336360541352203,True,True,False
2945,14888,10,22887,28579,0,1.5336360541352203,True,True,False
2945,14888,11,331,419,1,1.5337540323742072,True,True,False
2945,14888,12,9232,11503,0,1.5337540323742072,True,True,False
2945,14888,13,3039,3812,0,1.5412015791220668,True,True,False
2945,14888,14,23210,28998,0,1.5754812894642001,True,True,False
2945,14888,15,5715,7148,0,1.5794058068873886,True,True,False
2945,14888,16,3825,4782,0,1.5879694401908153,True,True,False
2945,14888,17,8793,10980,0,1.5879694401908153,True,True,False
2945,14888,18,22894,28587,0,1.6207703671552587,True,True,False
2945,14888,19,11130,13854,1,1.6235448572288818,True,True,False
2945,14888,20,17261,21525,0,1.6235448572288818,True,True,False
2945,14888,21,3382,4219,0,1.6335438690232822,True,True,False
2945,14888,22,5667,7085,1,1.6337739599924037,True,True,False
2945,14888,23,2085,2621,0,1.6445971077928547,True,True,False
2945,14888,24,4833,6022,0,1.6445971077928547,True,True,False
2945,14888,25,3021,3787,0,1.6565785800345791,True,True,False
2945,14888,26,3272,4089,1,1.6565785800345791,True,True,False
2945,14888,27,15649,19515,0,1.6601445790552409,True,True,False
2945,14888,28,20572,25653,0,1.6601445790552409,True,True,False
2945,14888,29,23033,28779,0,1.6601445790552409,True,True,False
2945,14888,30,7667,9599,0,1.6618272022841349,True,True,False
2945,14888,31,8569,10698,1,1.6707969110510907,True,True,False
2945,14888,32,13967,17430,0,1.6772922752135848,True,True,False
2945,14888,33,14674,18325,0,1.6772922752135848,True,True,False
2945,14888,34,17780,22162,0,1.6772922752135848,True,True,False
2945,14888,35,4824,6011,0,1.6835423372336917,True,True,False
2945,14888,36,20470,25520,0,1.6871955504345293,True,True,False
2945,14888,37,9112,11367,1,1.6884014557158704,True,True,False
2945,14888,38,12970,16200,0,1.6884014557158704,True,True,False
2945,14888,39,22612,28228,0,1.6884014557158704,True,True,False
2945,14888,40,23159,28933,0,1.6884014557158704,True,True,False
2945,14888,41,11273,14045,0,1.7127438502074139,True,True,False
2945,14888,42,18703,23317,0,1.715522958537762,True,True,False
2945,14888,43,10239,12728,0,1.7184515440477692,True,True,False
2945,14888,44,794,994,1,1.7249445883846388,True,True,False
2945,14888,45,7492,9383,0,1.7361957587271717,True,True,False
2945,14888,46,17910,22318,0,1.7397577768183834,True,True,False
2945,14888,47,11195,13945,0,1.7435419066536386,True,True,False
2945,14888,48,16057,20028,1,1.7558979059582285,True,True,False
2945,14888,49,18985,23679,0,1.7558979059582285,True,True,False
2945,14888,50,1740,2169,0,1.757658572294897,True,True,False
2945,14888,51,3720,4648,1,1.757658572294897,True,True,False
2945,14888,52,10275,12779,1,1.7731568902387662,True,True,False
2945,14888,53,15121,18879,0,1.7731568902387662,True,True,False
2945,14888,54,3397,4237,0,1.7742520729644133,True,True,False
2945,14888,55,20823,25972,1,1.7804606502716467,True,True,False
2945,14888,56,5408,6762,0,1.7900191605278579,True,True,False
2945,14888,57,9000,11234,1,1.7991481501341307,True,True,False
2945,14888,58,15638,19499,0,1.7997491246914157,True,True,False
2945,14888,59,22408,27966,0,1.7997491246914157,True,True,False
2945,14888,60,6489,8108,0,1.8211654920842564,True,True,False
2945,14888,61,7083,8858,1,1.8373888984892524,True,True,False
2945,14888,62,1578,1964,1,1.8378790228487485,True,True,False
2945,14888,63,1590,1980,1,1.8378790228487485,True,True,False
2945,14888,64,18476,23031,0,1.8437558868565918,True,True,False
2945,14888,65,573,718,0,1.8475068598624562,True,True,False
2945,14888,66,22366,27909,1,1.8477947773461958,True,True,False
2945,14888,67,6192,7746,0,1.8703593001782837,True,True,False
2945,14888,68,10006,12444,1,1.8711515732845163,True,True,False
2945,14888,69,7946,9929,0,1.8724002387717287,True,True,False
2945,14888,70,4133,5173,0,1.8770501202682657,True,True,False
2945,14888,71,4083,5111,1,1.8787641082036137,True,True,False
2945,14888,72,2217,2794,1,1.885526657378326,True,True,False
2945,14888,73,11260,14029,0,1.9014236443567576,True,True,False
2945,14888,74,11775,14671,1,1.9014236443567576,True,True,False
2945,14888,75,5394,6740,0,1.9135458341828064,True,True,False
2945,14888,76,15,19,0,1.9254002304276723,True,True,False
2945,14888,77,22797,28462,0,1.9254002304276723,True,True,False
2945,14888,78,14,18,0,1.9389440165875953,True,True,False
2945,14888,79,10538,13106,0,1.9389440165875953,True,True,False
2945,14888,80,22765,28417,0,1.9467257154112203,True,True,False
2945,14888,81,1276,1601,0,1.9472440541510718,True,True,False
2945,14888,82,3666,4585,0,1.9472440541510718,True,True,False
2945,14888,83,3702,4628,1,1.9550278811399109,True,True,False
2945,14888,84,6227,7790,0,1.959237206771024,True,True,False
2945,14888,85,6012,7528,1,1.9693481644119581,True,True,False
2945,14888,86,5598,6993,0,1.9769249817486725,True,True,False
2945,14888,87,7853,9817,0,1.9769249817486725,True,True,False
2945,14888,88,2612,3277,1,1.9834912455736551,True,True,False
2945,14888,89,895,1128,0,1.9917711927076718,True,True,False
2945,14888,90,5086,6345,1,2.002954675357663,True,True,False
2945,14888,91,10016,12455,0,2.0076051232585157,True,True,False
2945,14888,92,11911,14846,1,2.0140391649904492,True,True,False
2945,14888,93,5089,6349,0,2.0149127068990835,True,True,False
2945,14888,94,2600,3265,1,2.0156910613050298,True,True,False
2945,14888,95,796,997,1,2.016973274402154,True,True,False
2945,14888,96,801,1003,1,2.016973274402154,True,True,False
2945,14888,97,1736,2165,0,2.016973274402154,True,True,False
2945,14888,98,8858,11060,1,2.0198175965055873,True,True,False
2945,14888,99,306,390,0,2.0207197152497165,True,True,False
2945,14888,100,8668,10826,0,2.0208082814761381,True,True,False
2945,14888,101,11965,14917,0,2.0208082814761381,False,False,False
3908,19713,0,18785,23423,0,2.1594383172502529,True,True,False
3908,19713,1,22529,28124,0,2.9884127695983258,True,True,False
3908,19713,2,2641,3314,0,3.0047544051356274,True,True,False
3908,19713,3,19477,24282,0,3.0768056643184893,True,True,False
3908,19713,4,2732,3429,0,3.1122905327589487,True,True,False
3908,19713,5,3390,4230,0,3.1220019673029684,True,True,False
3908,19713,6,17175,21425,1,3.2967147759698001,True,True,False
3908,19713,7,20360,25391,0,3.323136764926649,True,True,False
3908,19713,8,544,681,0,3.4069951486629817,True,True,False
3908,19713,9,20826,25977,1,3.441854319483602,True,True,False
3908,19713,10,4500,5608,0,3.446007895189104,True,True,False
3908,19713,11,264,340,0,3.4497105934616865,True,True,False
3908,19713,12,6380,7975,0,3.5172162840657202,True,True,False
3908,19713,13,22618,28240,0,3.5224483790492007,True,True,False
3908,19713,14,15879,19805,1,3.5272178466323481,True,True,False
3908,19713,15,22447,28016,1,3.6170832922356411,True,True,False
3908,19713,16,4380,5468,0,3.6614036616544929,True,True,False
3908,19713,17,13929,17373,0,3.6815733317528023,True,True,False
3908,19713,18,4012,5027,0,3.6931869437145708,True,True,False
3908,19713,19,5726,7164,1,3.7168202277661022,True,True,False
3908,19713,20,8146,10174,0,3.7893364047222557,True,True,False
3908,19713,21,20757,25893,0,3.7936014915033129,True,True,False
3908,19713,22,8225,10266,0,3.7959310284957164,True,True,False
3908,19713,23,20339,25368,0,3.8423344818130949,True,True,False
3908,19713,24,22219,27725,0,3.8619441726553148,True,True,False
3908,19713,25,12950,16178,0,3.8932029887571011,True,True,False
3908,19713,26,2175,2742,0,3.9286099605800597,True,True,False
3908,19713,27,20888,26055,0,3.9621490646321242,True,True,False
3908,19713,28,22199,27698,0,3.9647940676126838,True,True,False
3908,19713,29,15684,19560,0,3.9776274418314204,True,True,False
3908,19713,30,18379,22912,0,3.9930590928498932,True,True,False
3908,19713,31,1327,1663,1,3.9937301756792132,True,True,False
3908,19713,32,18795,23437,0,4.0191729877366669,True,True,False
3908,19713,33,8223,10263,0,4.0249169529768158,True,True,False
3908,19713,34,2499,3141,0,4.048423102450414,True,True,False
3908,19713,35,20342,25372,0,4.0545172814546726,True,True,False
3908,19713,36,20687,25800,0,4.0575878454183236,True,True,False
3908,19713,37,18560,23139,0,4.1227499010019875,True,True,False
3908,19713,38,18188,22671,0,4.133060868169423,True,True,False
3908,19713,39,5156,6439,0,4.1440249380557139,True,True,False
3908,19713,40,21983,27411,0,4.1644004396614713,True,True,False
3908,19713,41,15714,19600,0,4.1693749696421376,True,True,False
3908,19713,42,14443,18023,0,4.1856879179111663,True,True,False
3908,19713,43,22979,28703,0,4.2237669246143961,True,True,False
3908,19713,44,10474,13024,1,4.2264913369709252,True,True,False
3908,19713,45,17341,21623,0,4.247516280639994,True,True,False
3908,19713,46,1349,1692,0,4.2675668192336849,True,True,False
3908,19713,47,18683,23291,1,4.3087322309405636,True,True,False
3908,19713,48,20590,25675,0,4.3144375935967165,True,True,False
3908,19713,49,11576,14427,0,4.3296203668569921,True,True,False
3908,19713,50,15006,18739,0,4.3296203668569921,True,True,False
3908,19713,51,20367,25399,0,4.3340898542873578,True,True,False
3908,19713,52,12732,15914,1,4.3405336046850094,True,True,False
3908,19713,53,638,796,0,4.3405766432621,True,True,False
3908,19713,54,17858,22253,1,4.3461171129769101,True,True,False
3908,19713,55,20872,26038,0,4.3464748565735158,True,True,False
3908,19713,56,15131,18893,0,4.3577413320108791,True,True,False
3908,19713,57,3004,3768,0,4.3631661947334104,True,True,False
3908,19713,58,22372,27917,1,4.3631661947334104,True,True,False
3908,19713,59,3972,4976,0,4.3634427472141883,True,True,False
3908,19713,60,5951,7452,1,4.3667142363483684,True,True,False
3908,19713,61,22575,28177,0,4.3678338869861673,True,True,False
3908,19713,62,17768,22150,0,4.3727701031148714,True,True,False
3908,19713,63,15283,19081,0,4.3749515954534726,True,True,False
3908,19713,64,5568,6954,1,4.3771649072090151,True,True,False
3908,19713,65,13946,17397,0,4.3794004636833437,True,True,False
3908,19713,66,13107,16360,0,4.3816438643334674,True,True,False
3908,19713,67,15478,19310,1,4.3830565054911199,True,True,False
3908,19713,68,15306,19106,1,4.3845581489074377,True,True,False
3908,19713,69,2520,3165,0,4.3859067013204616,True,True,False
3908,19713,70,3701,4627,0,4.3868893171617325,True,True,False
3908,19713,71,556,695,0,4.3899498729825037,True,True,False
3908,19713,72,6838,8553,1,4.3903660276863352,True,True,False
3908,19713,73,12928,16155,1,4.3924335298749657,True,True,False
3908,19713,74,11419,14228,0,4.394528478865749,True,True,False
3908,19713,75,17440,21744,0,4.4060854582888593,True,True,False
3908,19713,76,14131,17640,1,4.4122871739076182,True,True,False
3908,19713,77,23566,29449,0,4.4146361976490684,True,True,False
3908,19713,78,22923,28625,0,4.421661201581168,True,True,False
3908,19713,79,4088,5117,1,4.4258750205343276,True,True,False
3908,19713,80,18718,23340,0,4.4340713601355608,True,True,False
3908,19713,81,5437,6795,0,4.4348043123222949,True,True,False
3908,19713,82,7749,9692,1,4.4473739619182204,True,True,False
3908,19713,83,18935,23619,1,4.4501566608906629,True,True,False
3908,19713,84,21871,27273,1,4.4538864674490117,True,True,False
3908,19713,85,9267,11546,0,4.4544147020102969,True,True,False
3908,19713,86,18004,22444,1,4.4549697994731172,True,True,False
3908,19713,87,6864,8589,0,4.4609666076975456,True,True,False
3908,19713,88,4831,6020,0,4.4791469644949231,True,True,False
3908,19713,89,11908,14843,1,4.4791469644949231,True,True,False
3908,19713,90,21169,26389,0,4.4794577744810127,True,True,False
3908,19713,91,15412,19223,1,4.4924936303133007,True,True,False
3908,19713,92,6869,8594,0,4.5035000743437106,True,True,False
3908,19713,93,2013,2528,0,4.5035459629752488,True,True,False
3908,19713,94,12180,15203,0,4.5051624926944402,True,True,False
3908,19713,95,8615,10763,0,4.5336016416275022,True,True,False
3908,19713,96,1493,1866,0,4.5426208288727983,True,True,False
3908,19713,97,5721,7157,0,4.5534366240857853,True,True,False
3908,19713,98,9619,11976,0,4.5534366240857853,True,True,False
3908,19713,99,21488,26805,0,4.5534366240857853,True,True,False
3908,19713,100,13238,16525,0,4.5547351757377585,True,True,False
3908,19713,101,14970,18695,1,4.5547351757377585,False,False,False
4557,23041,0,20896,26066,0,0.27240217460516092,True,True,False
4557,23041,1,3972,4976,0,1.4183890268671431,True,True,False
4557,23041,2,22575,28177,0,1.4193384198214087,True,True,False
4557,23041,3,13107,16360,0,1.4254849500042717,True,True,False
4557,23041,4,13946,17397,0,1.4278377534293796,True,True,False
4557,23041,5,14131,17640,1,1.4317834489169432,True,True,False
4557,23041,6,2963,3716,0,1.4341115636065376,True,True,False
4557,23041,7,3215,4021,0,1.4433668718710884,True,True,False
4557,23041,8,10071,12517,0,1.4469503178252692,True,True,False
4557,23041,9,638,796,0,1.454583491778864,True,True,False
4557,23041,10,16018,19978,0,1.4582958530372525,True,True,False
4557,23041,11,3004,3768,0,1.4605958039153835,True,True,False
4557,23041,12,8248,10294,0,1.4605958039153835,True,True,False
4557,23041,13,22372,27917,1,1.4605958039153835,True,True,False
4557,23041,14,5568,6954,1,1.4682663515002383,True,True,False
4557,23041,15,15198,18982,1,1.4682663515002383,True,True,False
4557,23041,16,18935,23619,1,1.4749371031350011,True,True,False
4557,23041,17,12732,15914,1,1.4803000957776042,True,True,False
4557,23041,18,12869,16078,1,1.4803000957776042,True,True,False
4557,23041,19,18004,22444,1,1.4805178226005749,True,True,False
4557,23041,20,18727,23353,1,1.4827694208188404,True,True,False
4557,23041,21,556,695,0,1.4948500312372053,True,True,False
4557,23041,22,4617,5753,1,1.5094757061842881,True,True,False
4557,23041,23,22397,27951,0,1.5109282335202363,True,True,False
4557,23041,24,5951,7452,1,1.515032612782012,True,True,False
4557,23041,25,17858,22253,1,1.5160408658318005,True,True,False
4557,23041,26,3054,3830,0,1.5182397831533487,True,True,False
4557,23041,27,2520,3165,0,1.5222905887673746,True,True,False
4557,23041,28,20991,26177,0,1.5222905887673746,True,True,False
4557,23041,29,15131,18893,0,1.5240009865512423,True,True,False
4557,23041,30,11576,14427,0,1.5274873328458847,True,True,False
4557,23041,31,14970,18695,1,1.5274873328458847,True,True,False
4557,23041,32,15478,19310,1,1.5299092526099087,True,True,False
4557,23041,33,20872,26038,0,1.5414618437810168,True,True,False
4557,23041,34,15306,19106,1,1.5568607903354132,True,True,False
4557,23041,35,6869,8594,0,1.5574939920707087,True,True,False
4557,23041,36,8304,10374,0,1.5583586409361503,True,True,False
4557,23041,37,5721,7157,0,1.5619425200175334,True,True,False
4557,23041,38,18718,23340,0,1.5687182981616707,True,True,False
4557,23041,39,6838,8553,1,1.5753502809749393,True,True,False
4557,23041,40,210,274,1,1.5868313692003393,True,True,False
4557,23041,41,15006,18739,0,1.6030490269318194,True,True,False
4557,23041,42,8615,10763,0,1.6060959327882394,True,True,False
4557,23041,43,20467,25516,0,1.6123659809331392,True,True,False
4557,23041,44,15412,19223,1,1.6300290539583717,True,True,False
4557,23041,45,435,547,0,1.6319420781406486,True,True,False
4557,23041,46,15283,19081,0,1.6337739599924037,True,True,False
4557,23041,47,20367,25399,0,1.6495791442454171,True,True,False
4557,23041,48,11908,14843,1,1.6521023202822689,True,True,False
4557,23041,49,23226,29019,1,1.6612193524094736,True,True,False
4557,23041,50,13688,17073,0,1.6632263433150771,True,True,False
4557,23041,51,6997,8749,0,1.6851813089569927,True,True,False
4557,23041,52,17440,21744,0,1.7567446275889331,True,True,False
4557,23041,53,18545,23119,0,1.7610785475078001,True,True,False
4557,23041,54,2013,2528,0,1.7630040747337825,True,True,False
4557,23041,55,8546,10671,0,1.7777893036515287,True,True,False
4557,23041,56,4831,6020,0,1.7895640078429418,True,True,False
4557,23041,57,17463,21768,0,1.9062088211060781,True,True,False
4557,23041,58,22248,27765,0,1.9062088211060781,True,True,False
4557,23041,59,15856,19778,0,1.9374428146551377,True,True,False
4557,23041,60,6729,8413,0,1.9529690532845108,True,True,False
4557,23041,61,14172,17692,1,1.9614098981997903,True,True,False
4557,23041,62,18725,23348,0,2,True,True,False
4557,23041,63,5578,6966,0,2.0023401935539087,True,True,False
4557,23041,64,380,479,0,2.0036270985343392,True,True,False
4557,23041,65,12759,15946,0,2.0036270985343392,True,True,False
4557,23041,66,15642,19507,0,2.0050386308377104,True,True,False
4557,23041,67,9648,12009,1,2.0052914207811852,True,True,False
4557,23041,68,5935,7430,0,2.0117926648013418,True,True,False
4557,23041,69,10899,13556,0,2.0124621349462695,True,True,False
4557,23041,70,18777,23413,1,2.0124621349462695,True,True,False
4557,23041,71,19146,23877,0,2.0124621349462695,True,True,False
4557,23041,72,20579,25660,0,2.0168018339192484,True,True,False
4557,23041,73,12103,15098,0,2.0177909939529934,True,True,False
4557,23041,74,5445,6804,0,2.026201533360334,True,True,False
4557,23041,75,8321,10396,1,2.0271016260360755,True,True,False
4557,23041,76,21107,26312,1,2.0321753841177319,True,True,False
4557,23041,77,12950,16178,0,2.0378308410671977,True,True,False
4557,23041,78,18698,23312,0,2.0385794266959087,True,True,False
4557,23041,79,12096,15090,0,2.0408868382214176,True,True,False
4557,23041,80,18855,23520,0,2.0474210663754406,True,True,False
4557,23041,81,17942,22358,0,2.0490498176753631,True,True,False
4557,23041,82,7054,8824,1,2.0495305176498047,True,True,False
4557,23041,83,18574,23154,0,2.0533222161110203,True,True,False
4557,23041,84,11132,13856,1,2.0590710097777944,True,True,False
4557,23041,85,8800,10988,1,2.0593354961805757,True,True,False
4557,23041,86,18754,23382,0,2.0616560167119995,True,True,False
4557,23041,87,19152,23884,1,2.0616560167119995,True,True,False
4557,23041,88,7511,9407,0,2.0671066023988769,True,True,False
4557,23041,89,12378,15458,0,2.0671066023988769,True,True,False
4557,23041,90,23935,29908,1,2.0718371367714692,True,True,False
4557,23041,91,21762,27131,1,2.0731944029168146,True,True,False
4557,23041,92,1060,1330,0,2.0778278650190734,True,True,False
4557,23041,93,18509,23073,1,2.0802958490218941,True,True,False
4557,23041,94,3926,4916,0,2.0805756149883829,True,True,False
4557,23041,95,4914,6124,0,2.0805756149883829,True,True,False
4557,23041,96,23936,29909,0,2.0805756149883829,True,True,False
4557,23041,97,23035,28782,0,2.0810536782890154,True,True,False
4557,23041,98,17010,21213,0,2.0834160221188203,True,True,False
4557,23041,99,15637,19498,1,2.0844831013603433,True,True,False
4557,23041,100,17977,22409,1,2.0919141033591155,True,True,False
4557,23041,101,19148,23880,0,2.0919141033591155,False,False,False
4730,23871,0,4948,6169,1,0,True,True,True
4730,23871,1,19337,24112,0,0.10875399549957199,True,True,False
4730,23871,2,9619,11976,0,0.2914286812371541,True,True,False
4730,23871,3,21488,26805,0,0.2914286812371541,True,True,False
4730,23871,4,4914,6124,0,0.32626198649871574,True,True,False
4730,23871,5,23936,29909,0,0.32626198649871574,True,True,False
4730,23871,6,13238,16525,0,0.37956268775161672,True,True,False
4730,23871,7,12103,15098,0,0.44733910890499579,True,True,False
4730,23871,8,5445,6804,0,0.51060704104191446,True,True,False
4730,23871,9,12096,15090,0,0.59042208637080584,True,True,False
4730,23871,10,8321,10396,1,0.62531128946114878,True,True,False
4730,23871,11,10899,13556,0,0.63469807015988755,True,True,False
4730,23871,12,19146,23877,0,0.63469807015988755,True,True,False
4730,23871,13,380,479,0,0.66206037102068582,True,True,False
4730,23871,14,19153,23885,1,0.7694852970295557,True,True,False
4730,23871,15,11132,13856,1,0.80557993013273788,True,True,False
4730,23871,16,7685,9619,1,0.88445545022256633,True,True,False
4730,23871,17,1060,1330,0,0.93768658894463597,True,True,False
4730,23871,18,11569,14413,0,0.98685135222261,True,True,False
4730,23871,19,23935,29908,1,1.0047557132503069,True,True,False
4730,23871,20,21762,27131,1,1.0156004014808162,True,True,False
4730,23871,21,19148,23880,0,1.4183890268671431,True,True,False
4730,23871,22,20872,26038,0,1.4183890268671431,True,True,False
4730,23871,23,19152,23884,1,1.4274526087051518,True,True,False
4730,23871,24,11576,14427,0,1.4315894598788661,True,True,False
4730,23871,25,12732,15914,1,1.4315894598788661,True,True,False
4730,23871,26,15283,19081,0,1.450401145981314,True,True,False
4730,23871,27,5951,7452,1,1.4516697440472774,True,True,False
4730,23871,28,20367,25399,0,1.4516697440472774,True,True,False
4730,23871,29,10192,12668,1,1.4563549405584122,True,True,False
4730,23871,30,15006,18739,0,1.4642635807576556,True,True,False
4730,23871,31,21348,26634,0,1.4642635807576556,True,True,False
4730,23871,32,15478,19310,1,1.4796076860417882,True,True,False
4730,23871,33,17010,21213,0,1.4796076860417882,True,True,False
4730,23871,34,6838,8553,1,1.4838471557474082,True,True,False
4730,23871,35,2587,3246,0,1.4881346476870292,True,True,False
4730,23871,36,5568,6954,1,1.4922666835030118,True,True,False
4730,23871,37,638,796,0,1.4923717018617348,True,True,False
4730,23871,38,13107,16360,0,1.5412014964147627,True,True,False
4730,23871,39,3972,4976,0,1.5414618437810168,True,True,False
4730,23871,40,17858,22253,1,1.5615133476458176,True,True,False
4730,23871,41,22575,28177,0,1.5615133476458176,True,True,False
4730,23871,42,7054,8824,1,1.5729154539824193,True,True,False
4730,23871,43,3004,3768,0,1.5949155712734977,True,True,False
4730,23871,44,22372,27917,1,1.5949155712734977,True,True,False
4730,23871,45,10745,13370,1,1.596220949133238,True,True,False
4730,23871,46,13946,17397,0,1.6096786653363928,True,True,False
4730,23871,47,15131,18893,0,1.6096786653363928,True,True,False
4730,23871,48,23985,29979,0,1.6279442752516917,True,True,False
4730,23871,49,14131,17640,1,1.6391156143346288,True,True,False
4730,23871,50,6883,8610,0,1.6474478891602726,True,True,False
4730,23871,51,1585,1973,0,1.6563751012767711,True,True,False
4730,23871,52,6642,8308,0,1.6581738326939766,True,True,False
4730,23871,53,7511,9407,0,1.6601441951480103,True,True,False
4730,23871,54,12378,15458,0,1.6601441951480103,True,True,False
4730,23871,55,14514,18113,1,1.6630115132722603,True,True,False
4730,23871,56,9405,11703,0,1.689893092720079,True,True,False
4730,23871,57,556,695,0,1.6933483715849806,True,True,False
4730,23871,58,1836,2297,1,1.6967879659790144,True,True,False
4730,23871,59,2520,3165,0,1.6968370985709342,True,True,False
4730,23871,60,15306,19106,1,1.7072605055169494,True,True,False
4730,23871,61,19676,24534,1,1.719890099543222,True,True,False
4730,23871,62,15412,19223,1,1.7223793068679101,True,True,False
4730,23871,63,10830,13470,1,1.7235307812877869,True,True,False
4730,23871,64,18004,22444,1,1.7235307812877869,True,True,False
4730,23871,65,23811,29760,1,1.7307925654468062,True,True,False
4730,23871,66,18935,23619,1,1.7785146881534402,True,True,False
4730,23871,67,2562,3218,0,1.7840244263215936,True,True,False
4730,23871,68,21591,26935,0,1.7847115315995705,True,True,False
4730,23871,69,6869,8594,0,1.8129580370739644,True,True,False
4730,23871,70,17440,21744,0,1.8147220842007348,True,True,False
4730,23871,71,12054,15035,1,1.8300372026913438,True,True,False
4730,23871,72,18718,23340,0,1.8346577632036327,True,True,False
4730,23871,73,5219,6519,0,1.8545369538987688,True,True,False
4730,23871,74,8615,10763,0,1.8739098279790252,True,True,False
4730,23871,75,4334,5411,0,1.9126663359063234,True,True,False
4730,23871,76,8146,10174,0,1.9156745739086478,True,True,False
4730,23871,77,23226,29019,1,1.9550277299105492,True,True,False
4730,23871,78,11908,14843,1,1.9639169846452158,True,True,False
4730,23871,79,4960,6186,1,1.9998467948783323,True,True,False
4730,23871,80,210,274,1,2.002954675357663,True,True,False
4730,23871,81,4617,5753,1,2.0050925050373882,True,True,False
4730,23871,82,4831,6020,0,2.0115190347525651,True,True,False
4730,23871,83,12415,15504,0,2.0117926648013418,True,True,False
4730,23871,84,12869,16078,1,2.0123241243985186,True,True,False
4730,23871,85,14970,18695,1,2.0123241243985186,True,True,False
4730,23871,86,22397,27951,0,2.0207196929076447,True,True,False
4730,23871,87,5721,7157,0,2.021121143387409,True,True,False
4730,23871,88,3926,4916,0,2.0264369923178189,True,True,False
4730,23871,89,8800,10988,1,2.0326535099536867,True,True,False
4730,23871,90,3215,4021,0,2.0349386036611303,True,True,False
4730,23871,91,10071,12517,0,2.0439979279837184,True,True,False
4730,23871,92,2013,2528,0,2.0548293670814441,True,True,False
4730,23871,93,6729,8413,0,2.0553597495724296,True,True,False
4730,23871,94,15198,18982,1,2.0559328429433381,True,True,False
4730,23871,95,2963,3716,0,2.0588833692209989,True,True,False
4730,23871,96,18727,23353,1,2.0588833692209989,True,True,False
4730,23871,97,21107,26312,1,2.0596483574242392,True,True,False
4730,23871,98,9648,12009,1,2.0674822907745001,True,True,False
4730,23871,99,17977,22409,1,2.0726036254981373,True,True,False
4730,23871,100,5682,7106,0,2.0841023022702996,True,True,False
5608,28204,0,9449,11764,0,0.38022614005146677,True,True,False
5608,28204,1,10677,13286,0,1.028638022602604,True,True,False
5608,28204,2,17369,21655,0,1.3144723840721013,True,True,False
5608,28204,3,2434,3055,0,1.4759290932590212,True,True,False
5608,28204,4,18377,22910,1,1.4815556562167647,True,True,False
5608,28204,5,8003,9996,0,1.4844628229370889,True,True,False
5608,28204,6,18209,22696,0,1.5047391962720815,True,True,False
5608,28204,7,18375,22908,0,1.5392244925484129,True,True,False
5608,28204,8,8560,10688,0,1.6026313692237366,True,True,False
5608,28204,9,16094,20068,0,1.613240722918019,True,True,False
5608,28204,10,4201,5245,0,1.6167364801433668,True,True,False
5608,28204,11,6222,7783,0,1.6517459507288528,True,True,False
5608,28204,12,22713,28354,0,1.8447183435283012,True,True,False
5608,28204,13,6729,8413,0,1.9756986698239338,True,True,False
5608,28204,14,3054,3830,0,1.9809152266545458,True,True,False
5608,28204,15,16018,19978,0,2.0105740428261618,True,True,False
5608,28204,16,8007,10000,0,2.0243284718695698,True,True,False
5608,28204,17,17358,21643,0,2.030109438525594,True,True,False
5608,28204,18,9550,11890,0,2.0347471267796471,True,True,False
5608,28204,19,8758,10940,0,2.0559803928074292,True,True,False
5608,28204,20,13944,17394,0,2.0587844146849537,True,True,False
5608,28204,21,4488,5595,0,2.0610300905519252,True,True,False
5608,28204,22,10457,13004,0,2.071758714163201,True,True,False
5608,28204,23,162,200,0,2.0772547126352152,True,True,False
5608,28204,24,10071,12517,0,2.093262235983099,True,True,False
5608,28204,25,13154,16419,0,2.1096756107861063,True,True,False
5608,28204,26,9978,12411,0,2.1180310137102358,True,True,False
5608,28204,27,4379,5467,0,2.1183928630460866,True,True,False
5608,28204,28,13746,17146,1,2.1192300202919725,True,True,False
5608,28204,29,10420,12953,0,2.1236158608695637,True,True,False
5608,28204,30,18513,23077,0,2.1302243958639475,True,True,False
5608,28204,31,3215,4021,0,2.1368983440020353,True,True,False
5608,28204,32,3142,3936,0,2.1397110744667267,True,True,False
5608,28204,33,16200,20202,0,2.1592532181308086,True,True,False
5608,28204,34,390,490,0,2.1639571404244582,True,True,False
5608,28204,35,2067,2598,0,2.167566148153143,True,True,False
5608,28204,36,4617,5753,1,2.1829151010863601,True,True,False
5608,28204,37,2963,3716,0,2.1988036209607582,True,True,False
5608,28204,38,5170,6457,0,2.2084503801571977,True,True,False
5608,28204,39,8270,10331,0,2.2098804909085432,True,True,False
5608,28204,40,12258,15302,1,2.2185688148701308,True,True,False
5608,28204,41,5219,6519,0,2.2254773368214957,True,True,False
5608,28204,42,3542,4435,0,2.2580209075319355,True,True,False
5608,28204,43,17801,22186,0,2.260388653242893,True,True,False
5608,28204,44,22266,27788,0,2.2785507944295951,True,True,False
5608,28204,45,14970,18695,1,2.2864677288933462,True,True,False
5608,28204,46,22397,27951,0,2.2876454837377382,True,True,False
5608,28204,47,2968,3724,0,2.2884569345128609,True,True,False
5608,28204,48,210,274,1,2.2946798524783012,True,True,False
5608,28204,49,14855,18550,1,2.3009000233349481,True,True,False
5608,28204,50,18727,23353,1,2.3038738301033281,True,True,False
5608,28204,51,18086,22551,1,2.321988476227288,True,True,False
5608,28204,52,5721,7157,0,2.3452005459287433,True,True,False
5608,28204,53,11056,13760,0,2.394296627956241,True,True,False
5608,28204,54,7583,9491,0,2.3983723141093676,True,True,False
5608,28204,55,21070,26272,0,2.4101126303175513,True,True,False
5608,28204,56,15412,19223,1,2.4122445596541819,True,True,False
5608,28204,57,11951,14898,0,2.4179048452979552,True,True,False
5608,28204,58,18524,23090,1,2.4290901183860769,True,True,False
5608,28204,59,8615,10763,0,2.4373744289070083,True,True,False
5608,28204,60,6869,8594,0,2.4397994872994966,True,True,False
5608,28204,61,8304,10374,0,2.4457543380464335,True,True,False
5608,28204,62,23226,29019,1,2.4484088269397808,True,True,False
5608,28204,63,15353,19159,0,2.4543176880697701,True,True,False
5608,28204,64,8824,11016,0,2.4582655581007238,True,True,False
5608,28204,65,18673,23277,0,2.4591138628627696,True,True,False
5608,28204,66,9363,11656,0,2.4649207735119196,True,True,False
5608,28204,67,10906,13563,1,2.4676558180049342,True,True,False
5608,28204,68,18855,23520,0,2.4676558180049342,True,True,False
5608,28204,69,18004,22444,1,2.4676558180049346,True,True,False
5608,28204,70,14172,17692,1,2.4682992621858251,True,True,False
5608,28204,71,22910,28607,0,2.4759083581195469,True,True,False
5608,28204,72,20579,25660,0,2.4796884613838945,True,True,False
5608,28204,73,20467,25516,0,2.4842193257375849,True,True,False
5608,28204,74,18574,23154,0,2.4896959239716607,True,True,False
5608,28204,75,5568,6954,1,2.494514580958672,True,True,False
5608,28204,76,15198,18982,1,2.494514580958672,True,True,False
5608,28204,77,15478,19310,1,2.5020439533938168,True,True,False
5608,28204,78,18509,23073,1,2.5020439533938168,True,True,False
5608,28204,79,14131,17640,1,2.5057063157376476,True,True,False
5608,28204,80,18777,23413,1,2.5057063157376476,True,True,False
5608,28204,81,13107,16360,0,2.50578463009668,True,True,False
5608,28204,82,6838,8553,1,2.5132187428536481,True,True,False
5608,28204,83,12101,15095,1,2.513827090029995,True,True,False
5608,28204,84,9850,12251,0,2.5200146698898531,True,True,False
5608,28204,85,5951,7452,1,2.5304649639834031,True,True,False
5608,28204,86,15642,19507,0,2.5362794054305859,True,True,False
5608,28204,87,15856,19778,0,2.5411832064051039,True,True,False
5608,28204,88,13338,16648,0,2.5493787767595233,True,True,False
5608,28204,89,18725,23348,0,2.5534953009568455,True,True,False
5608,28204,90,13688,17073,0,2.5569293116735849,True,True,False
5608,28204,91,435,547,0,2.5616798460974151,True,True,False
5608,28204,92,21154,26370,1,2.5673706447947766,True,True,False
5608,28204,93,13999,17470,0,2.5760931768018875,True,True,False
5608,28204,94,18935,23619,1,2.5760931768018875,True,True,False
5608,28204,95,15637,19498,1,2.5829601342889399,True,True,False
5608,28204,96,508,633,0,2.5880011060788797,True,True,False
5608,28204,97,3972,4976,0,2.5880011060788797,True,True,False
5608,28204,98,22575,28177,0,2.5961190208993217,True,True,False
5608,28204,99,15283,19081,0,2.5961191190985864,True,True,False
5608,28204,100,12732,15914,1,2.5990070053360492,True,False,False
5608,28204,101,12869,16078,1,2.5990070053360492,False,True,False
5608,28204,102,20949,26129,0,2.5990070053360492,False,False,False
5647,28406,0,17210,21466,1,0,True,True,True
5647,28406,1,18347,22869,0,0.10875399549957199,True,True,False
5647,28406,2,15035,18777,0,0.13812439623671094,True,True,False
5647,28406,3,20889,26058,1,0.13812439623671094,True,True,False
5647,28406,4,17516,21830,1,0.14281405493744626,True,True,False
5647,28406,5,3030,3799,0,0.19677528213351081,True,True,False
5647,28406,6,12654,15815,0,0.23358219848078882,True,True,False
5647,28406,7,8397,10484,1,0.40348492009530457,True,True,False
5647,28406,8,4261,5323,0,0.43134889970748463,True,True,False
5647,28406,9,3204,4008,0,0.44327172467073694,True,True,False
5647,28406,10,13020,16255,0,0.44484750737300816,True,True,False
5647,28406,11,17479,21785,0,0.44733776108850898,True,True,False
5647,28406,12,15581,19434,0,0.48308417978883228,True,True,False
5647,28406,13,7668,9600,0,0.48308417978883234,True,True,False
5647,28406,14,3795,4742,1,0.53188635370305037,True,True,False
5647,28406,15,2161,2725,0,0.54083960880084714,True,True,False
5647,28406,16,22947,28663,1,0.60519223944981426,True,True,False
5647,28406,17,10418,12951,0,0.61261693023266972,True,True,False
5647,28406,18,3745,4684,0,0.61261797057611056,True,True,False
5647,28406,19,8536,10659,1,0.69407952501265158,True,True,False
5647,28406,20,20938,26115,0,0.6961042095831349,True,True,False
5647,28406,21,8748,10928,1,0.74537301530880629,True,True,False
5647,28406,22,22289,27813,0,0.9313502537404541,True,True,False
5647,28406,23,5036,6282,0,0.98684354331195601,True,True,False
5647,28406,24,5001,6235,0,1.0518934533365256,True,True,False
5647,28406,25,225,291,1,1.1371898832115774,True,True,False
5647,28406,26,6633,8297,0,1.1371898832115774,True,True,False
5647,28406,27,2301,2896,0,1.1456230486769872,True,True,False
5647,28406,28,2869,3601,1,1.1687468109404007,True,True,False
5647,28406,29,2925,3670,0,1.173795782758005,True,True,False
5647,28406,30,5950,7451,0,1.1888140452702602,True,True,False
5647,28406,31,18781,23418,1,1.3139621966120305,True,True,False
5647,28406,32,9710,12087,0,1.3385651435099113,True,True,False
5647,28406,33,11144,13878,1,1.3388166696462109,True,True,False
5647,28406,34,10479,13031,0,1.4142135623730951,True,True,False
5647,28406,35,4779,5953,1,1.4183890268671431,True,True,False
5647,28406,36,15088,18841,0,1.4209427676144302,True,True,False
5647,28406,37,6618,8276,0,1.4236899522443789,True,True,False
5647,28406,38,20440,25483,1,1.4274524480915773,True,True,False
5647,28406,39,5423,6777,0,1.4308423135162323,True,True,False
5647,28406,40,3888,4864,0,1.4339990226322423,True,True,False
5647,28406,41,22380,27928,0,1.4339990226322423,True,True,False
5647,28406,42,4310,5384,0,1.4381170426802359,True,True,False
5647,28406,43,17400,21693,0,1.4439287439867385,True,True,False
5647,28406,44,8337,10412,0,1.4510312264726464,True,True,False
5647,28406,45,13306,16608,1,1.4510312264726464,True,True,False
5647,28406,46,895,1128,0,1.451031382291079,True,True,False
5647,28406,47,6272,7842,1,1.4513603562982174,True,True,False
5647,28406,48,14655,18301,0,1.4543092197275802,True,True,False
5647,28406,49,10016,12455,0,1.4619511146986077,True,True,False
5647,28406,50,22765,28417,0,1.463206877719252,True,True,False
5647,28406,51,11972,14929,0,1.4659906184234681,True,True,False
5647,28406,52,17601,21932,0,1.4659906184234681,True,True,False
5647,28406,53,17723,22093,1,1.4785332592179876,True,True,False
5647,28406,54,5598,6993,0,1.4785336902752191,True,True,False
5647,28406,55,11703,14585,1,1.4825003633539149,True,True,False
5647,28406,56,15,19,0,1.4825280114776849,True,True,False
5647,28406,57,18233,22726,0,1.4832771394772051,True,True,False
5647,28406,58,21052,26249,0,1.4832771394772051,True,True,False
5647,28406,59,22433,27999,0,1.4832771394772051,True,True,False
5647,28406,60,10635,13232,1,1.4922665298654163,True,True,False
5647,28406,61,13038,16281,0,1.4985299801819651,True,True,False
5647,28406,62,7946,9929,0,1.5109280411225323,True,True,False
5647,28406,63,7083,8858,1,1.5141032848233789,True,True,False
5647,28406,64,2612,3277,1,1.5175429831562128,True,True,False
5647,28406,65,1133,1423,0,1.5189304123436818,True,True,False
5647,28406,66,10006,12444,1,1.5189304123436818,True,True,False
5647,28406,67,1164,1466,1,1.5240009411249145,True,True,False
5647,28406,68,11775,14671,1,1.5344152681569485,True,True,False
5647,28406,69,22366,27909,1,1.5382644917862083,True,True,False
5647,28406,70,9000,11234,1,1.549754800380255,True,True,False
5647,28406,71,20823,25972,1,1.5497641916883724,True,True,False
5647,28406,72,8668,10826,0,1.5574939920707087,True,True,False
5647,28406,73,22625,28250,0,1.5661036413526261,True,True,False
5647,28406,74,478,597,0,1.5687182981616707,True,True,False
5647,28406,75,8230,10272,0,1.5687182981616707,True,True,False
5647,28406,76,1191,1501,0,1.5694316756386506,True,True,False
5647,28406,77,1740,2169,0,1.5894463060236901,True,True,False
5647,28406,78,9689,12062,0,1.5986184447674003,True,True,False
5647,28406,79,7559,9463,0,1.6060959327882394,True,True,False
5647,28406,80,2578,3234,0,1.6096608196863862,True,True,False
5647,28406,81,6012,7528,1,1.6096779884690926,True,True,False
5647,28406,82,17910,22318,0,1.6096779884690926,True,True,False
5647,28406,83,2952,3705,0,1.6161213240193688,True,True,False
5647,28406,84,3397,4237,0,1.619109123174717,True,True,False
5647,28406,85,20470,25520,0,1.6279176894367795,True,True,False
5647,28406,86,246,319,0,1.6352007779585584,True,True,False
5647,28406,87,23504,29374,0,1.6360278146163778,True,True,False
5647,28406,88,4133,5173,0,1.6396385094695605,True,True,False
5647,28406,89,18952,23639,0,1.6482855356665078,True,True,False
5647,28406,90,18268,22772,1,1.6531595369577687,True,True,False
5647,28406,91,6950,8693,0,1.6531764591256906,True,True,False
5647,28406,92,16017,19977,0,1.6531764591256906,True,True,False
5647,28406,93,5086,6345,1,1.6535340471318372,True,True,False
5647,28406,94,2069,2600,1,1.6625903090281662,True,True,False
5647,28406,95,3930,4923,0,1.6968325570543279,True,True,False
5647,28406,96,794,994,1,1.7008886468013777,True,True,False
5647,28406,97,18040,22490,0,1.7043524778989301,True,True,False
5647,28406,98,6066,7595,0,1.7072559917279224,True,True,False
5647,28406,99,8213,10250,0,1.7072559917279224,True,True,False
5647,28406,100,9558,11900,0,1.7128848065389819,True,True,False
5761,28885,0,13154,16419,0,0.48793107193580404,True,True,False
5761,28885,1,8007,10000,0,0.65661688659024209,True,True,False
5761,28885,2,162,200,0,0.68595692957637322,True,True,False
5761,28885,3,13944,17394,0,0.79610539193117225,True,True,False
5761,28885,4,10420,12953,0,0.80657755875624726,True,True,False
5761,28885,5,3142,3936,0,0.89939365193609089,True,True,False
5761,28885,6,10457,13004,0,0.99995215332290732,True,True,False
5761,28885,7,8758,10940,0,1.0017964070430734,True,True,False
5761,28885,8,18513,23077,0,1.0786304741643569,True,True,False
5761,28885,9,16200,20202,0,1.2840938425370267,True,True,False
5761,28885,10,18086,22551,1,1.4309724980188308,True,True,False
5761,28885,11,2434,3055,0,1.4542591952262451,True,True,False
5761,28885,12,23264,29062,0,1.4643125436256232,True,True,False
5761,28885,13,4379,5467,0,1.5033949644670817,True,True,False
5761,28885,14,13338,16648,0,1.5068137458427142,True,True,False
5761,28885,15,9363,11656,0,1.6258247165289483,True,True,False
5761,28885,16,1843,2305,0,1.6400018189340266,True,True,False
5761,28885,17,16094,20068,0,1.6630451093534604,True,True,False
5761,28885,18,22800,28465,1,1.6636156341715298,True,True,False
5761,28885,19,16075,20047,0,1.6713003119161085,True,True,False
5761,28885,20,18767,23400,0,1.6733604899455379,True,True,False
5761,28885,21,18925,23608,0,1.6850648694759307,True,True,False
5761,28885,22,4777,5951,0,1.6853181244874449,True,True,False
5761,28885,23,18377,22910,1,1.6881786217002879,True,True,False
5761,28885,24,13854,17284,1,1.6902891856508755,True,True,False
5761,28885,25,20540,25608,1,1.6902891856508755,True,True,False
5761,28885,26,15932,19867,0,1.719508890708707,True,True,False
5761,28885,27,8580,10709,0,1.719551070149961,True,True,False
5761,28885,28,18330,22849,0,1.7235591680205513,True,True,False
5761,28885,29,7325,9174,1,1.7443336200885684,True,True,False
5761,28885,30,7583,9491,0,1.7460837206352886,True,True,False
5761,28885,31,22713,28354,0,1.7763592293033439,True,True,False
5761,28885,32,8560,10688,0,1.8015392039802909,True,True,False
5761,28885,33,18375,22908,0,1.8129150158046226,True,True,False
5761,28885,34,15466,19293,0,1.8292032923549306,True,True,False
5761,28885,35,16117,20102,0,1.8385849364295324,True,True,False
5761,28885,36,6514,8142,1,1.8410084058196858,True,True,False
5761,28885,37,6884,8611,0,1.8410084058196858,True,True,False
5761,28885,38,18965,23655,1,1.8410084058196858,True,True,False
5761,28885,39,18754,23382,0,1.858456515206145,True,True,False
5761,28885,40,21202,26444,0,1.8644265691280115,True,True,False
5761,28885,41,5170,6457,0,1.8698519174742501,True,True,False
5761,28885,42,5994,7506,1,1.8885770895982918,True,True,False
5761,28885,43,4201,5245,0,1.9089722034040526,True,True,False
5761,28885,44,17977,22409,1,1.941079534559728,True,True,False
5761,28885,45,21107,26312,1,1.966458276615225,True,True,False
5761,28885,46,2067,2598,0,1.9742719079128745,True,True,False
5761,28885,47,19035,23741,1,2.0363587223068738,True,True,False
5761,28885,48,3926,4916,0,2.0593414046659304,True,True,False
5761,28885,49,5437,6795,0,2.0630004214191553,True,True,False
5761,28885,50,8824,11016,0,2.0836514292393944,True,True,False
5761,28885,51,9648,12009,1,2.090526910091425,True,True,False
5761,28885,52,12759,15946,0,2.1020912851893616,True,True,False
5761,28885,53,9449,11764,0,2.1073784068677295,True,True,False
5761,28885,54,4937,6152,0,2.1310860573673169,True,True,False
5761,28885,55,6729,8413,0,2.1335575866796499,True,True,False
5761,28885,56,9978,12411,0,2.1568016017151064,True,True,False
5761,28885,57,23165,28941,0,2.1637627438045333,True,True,False
5761,28885,58,18673,23277,0,2.1692201080143536,True,True,False
5761,28885,59,18524,23090,1,2.169903182304302,True,True,False
5761,28885,60,5682,7106,0,2.1706344204247685,True,True,False
5761,28885,61,10906,13563,1,2.1742734559987555,True,True,False
5761,28885,62,7746,9689,0,2.1834873432790816,True,True,False
5761,28885,63,4334,5411,0,2.1848568612852142,True,True,False
5761,28885,64,13522,16873,0,2.1893480154171199,True,True,False
5761,28885,65,5219,6519,0,2.1912342247812497,True,True,False
5761,28885,66,15353,19159,0,2.1931182833991913,True,True,False
5761,28885,67,22910,28607,0,2.1958131151163429,True,True,False
5761,28885,68,23226,29019,1,2.1959245236933214,True,True,False
5761,28885,69,14558,18170,0,2.2019361936453223,True,True,False
5761,28885,70,8615,10763,0,2.2097346786595482,True,True,False
5761,28885,71,508,633,0,2.2097346786595482,True,True,False
5761,28885,72,15637,19498,1,2.2108514615206172,True,True,False
5761,28885,73,9850,12251,0,2.2128093930150019,True,True,False
5761,28885,74,11951,14898,0,2.2172538620586284,True,True,False
5761,28885,75,21105,26310,0,2.2258946590369533,True,True,False
5761,28885,76,21591,26935,0,2.2277428956006151,True,True,False
5761,28885,77,13999,17470,0,2.2285498568949169,True,True,False
5761,28885,78,23131,28895,0,2.2286138809651295,True,True,False
5761,28885,79,6869,8594,0,2.2336907202888909,True,True,False
5761,28885,80,23784,29728,1,2.2340870310067129,True,True,False
5761,28885,81,15228,19015,0,2.2344106133306054,True,True,False
5761,28885,82,20949,26129,0,2.2344106133306054,True,True,False
5761,28885,83,21070,26272,0,2.2344106133306054,True,True,False
5761,28885,84,23811,29760,1,2.2344106133306054,True,True,False
5761,28885,85,2562,3218,0,2.2358458599764321,True,True,False
5761,28885,86,21154,26370,1,2.2358458599764321,True,True,False
5761,28885,87,12054,15035,1,2.238598538896976,True,True,False
5761,28885,88,6712,8393,0,2.2398337186940349,True,True,False
5761,28885,89,12101,15095,1,2.2411514706037123,True,True,False
5761,28885,90,15412,19223,1,2.2454854803367215,True,True,False
5761,28885,91,14062,17551,0,2.2595250813849885,True,True,False
5761,28885,92,19676,24534,1,2.2595250813849885,True,True,False
5761,28885,93,7629,9551,0,2.2663310570245527,True,True,False
5761,28885,94,22491,28071,0,2.2680048363535668,True,True,False
5761,28885,95,5523,6899,0,2.2760456424918907,True,True,False
5761,28885,96,14514,18113,1,2.2892606316766946,True,True,False
5761,28885,97,10017,12456,1,2.2932551987013032,True,True,False
5761,28885,98,21561,26899,1,2.2955014079461065,True,True,False
5761,28885,99,10830,13470,1,2.3011261971570742,True,True,False
5761,28885,100,18004,22444,1,2.3011261971570742,True,False,False
5761,28885,101,18855,23520,0,2.3011261971570742,False,True,False
5861,29316,0,14323,17879,1,0,True,True,True
5861,29316,1,12362,15438,0,0.51169352459686546,True,True,False
5861,29316,2,7516,9412,0,0.66275314874482238,True,True,False
5861,29316,3,1226,1541,0,0.73870739809837072,True,True,False
5861,29316,4,8557,10684,1,1.1698826903371637,True,True,False
5861,29316,5,21347,26633,1,1.4183890268671431,True,True,False
5861,29316,6,19291,24055,0,1.4197536519602523,True,True,False
5861,29316,7,13306,16608,1,1.4363182650105639,True,True,False
5861,29316,8,8213,10250,0,1.5039382510975519,True,True,False
5861,29316,9,11352,14136,0,1.5039382510975519,True,True,False
5861,29316,10,13249,16538,0,1.5039382510975519,True,True,False
5861,29316,11,23473,29339,0,1.5055802807643979,True,True,False
5861,29316,12,23617,29511,1,1.5095030352283907,True,True,False
5861,29316,13,19916,24846,1,1.5141028638926264,True,True,False
5861,29316,14,7367,9230,0,1.5156888063602389,True,True,False
5861,29316,15,4076,5102,0,1.5212106060552848,True,True,False
5861,29316,16,10635,13232,1,1.5336357339472322,True,True,False
5861,29316,17,6066,7595,0,1.5350731954572492,True,True,False
5861,29316,18,6802,8508,1,1.5350731954572492,True,True,False
5861,29316,19,11173,13912,0,1.549754070612223,True,True,False
5861,29316,20,19345,24122,0,1.549754070612223,True,True,False
5861,29316,21,2218,2795,1,1.5618072019846676,True,True,False
5861,29316,22,9290,11571,0,1.5618072019846676,True,True,False
5861,29316,23,16735,20871,0,1.5671665152180023,True,True,False
5861,29316,24,733,917,1,1.575355955662652,True,True,False
5861,29316,25,2952,3705,0,1.6060959327882394,True,True,False
5861,29316,26,3603,4504,0,1.6096739273470217,True,True,False
5861,29316,27,21496,26818,1,1.6096769731754401,True,True,False
5861,29316,28,8613,10759,0,1.6148099829347047,True,True,False
5861,29316,29,7021,8781,1,1.633018199124304,True,True,False
5861,29316,30,11972,14929,0,1.640224282331342,True,True,False
5861,29316,31,14439,18018,0,1.6821257315956399,True,True,False
5861,29316,32,12444,15543,0,1.6883991908364415,True,True,False
5861,29316,33,7559,9463,0,1.7155221412122617,True,True,False
5861,29316,34,1133,1423,0,1.7176151452615624,True,True,False
5861,29316,35,16959,21144,1,1.7469073354899396,True,True,False
5861,29316,36,16715,20846,0,1.7509755440556045,True,True,False
5861,29316,37,5214,6512,1,1.7719609759122863,True,True,False
5861,29316,38,1592,1983,1,1.7840244263215936,True,True,False
5861,29316,39,7094,8871,0,1.7840244263215936,True,True,False
5861,29316,40,4965,6191,1,1.787508959467115,True,True,False
5861,29316,41,2069,2600,1,1.7957711258212714,True,True,False
5861,29316,42,6717,8398,0,1.7997488518468165,True,True,False
5861,29316,43,478,597,0,1.8009238820498865,True,True,False
5861,29316,44,246,319,0,1.8076357346965239,True,True,False
5861,29316,45,9689,12062,0,1.8346558807048694,True,True,False
5861,29316,46,11746,14638,0,1.8457838382694813,True,True,False
5861,29316,47,3249,4063,1,1.8475042426888886,True,True,False
5861,29316,48,6173,7726,1,1.8634401209695601,True,True,False
5861,29316,49,16753,20889,1,1.8931312498493515,True,True,False
5861,29316,50,23504,29374,0,1.8931676898774319,True,True,False
5861,29316,51,6950,8693,0,1.9135433073314496,True,True,False
5861,29316,52,5668,7086,0,1.9229901710144628,True,True,False
5861,29316,53,9558,11900,0,1.9521894228582015,True,True,False
5861,29316,54,7924,9903,0,1.9769227960997091,True,True,False
5861,29316,55,16476,20539,0,1.9972574988322889,True,True,False
5861,29316,56,15581,19434,0,2.002954675357663,True,True,False
5861,29316,57,17723,22093,1,2.002954675357663,True,True,False
5861,29316,58,6668,8341,1,2.0061205874157149,True,True,False
5861,29316,59,2161,2725,0,2.0117926648013418,True,True,False
5861,29316,60,17479,21785,0,2.0156909878260003,True,True,False
5861,29316,61,16434,20493,1,2.0169730309423981,True,True,False
5861,29316,62,7668,9600,0,2.0264369923178189,True,True,False
5861,29316,63,10418,12951,0,2.0264369923178189,True,True,False
5861,29316,64,17516,21830,1,2.0284903263954619,True,True,False
5861,29316,65,3795,4742,1,2.0303071974675562,True,True,False
5861,29316,66,10402,12932,0,2.0329645695250051,True,True,False
5861,29316,67,17400,21693,0,2.0402940130887832,True,True,False
5861,29316,68,19568,24396,1,2.041188131872862,True,True,False
5861,29316,69,13414,16742,0,2.0429778299818904,True,True,False
5861,29316,70,4702,5859,0,2.0432627055824417,True,True,False
5861,29316,71,4779,5953,1,2.0459864610045115,True,True,False
5861,29316,72,7159,8951,0,2.0461549099619023,True,True,False
5861,29316,73,8536,10659,1,2.0467630308841165,True,True,False
5861,29316,74,17210,21466,1,2.0488748205175655,True,True,False
5861,29316,75,18233,22726,0,2.0505948738959647,True,True,False
5861,29316,76,21052,26249,0,2.0505948738959647,True,True,False
5861,29316,77,22433,27999,0,2.0505948738959647,True,True,False
5861,29316,78,13305,16607,0,2.0548070980441357,True,True,False
5861,29316,79,4166,5210,1,2.0548070980441362,True,True,False
5861,29316,80,6272,7842,1,2.0575155709647128,True,True,False
5861,29316,81,18347,22869,0,2.0575155709647128,True,True,False
5861,29316,82,22289,27813,0,2.064420079129818,True,True,False
5861,29316,83,15035,18777,0,2.0656166105612637,True,True,False
5861,29316,84,20889,26058,1,2.0656166105612637,True,True,False
5861,29316,85,12654,15815,0,2.0684775593087115,True,True,False
5861,29316,86,3930,4923,0,2.0729960341799321,True,True,False
5861,29316,87,14655,18301,0,2.0746112669302419,True,True,False
5861,29316,88,3030,3799,0,2.0867266120004007,True,True,False
5861,29316,89,101,125,0,2.0890575359759755,True,True,False
5861,29316,90,6618,8276,0,2.0895586578911329,True,True,False
5861,29316,91,3204,4008,0,2.091224250447735,True,True,False
5861,29316,92,11703,14585,1,2.1001092335181024,True,True,False
5861,29316,93,5036,6282,0,2.1069508148438532,True,True,False
5861,29316,94,5191,6481,0,2.1069508148438532,True,True,False
5861,29316,95,5730,7170,0,2.1069508148438532,True,True,False
5861,29316,96,13653,17032,0,2.1069508148438532,True,True,False
5861,29316,97,18309,22825,1,2.1069508148438532,True,True,False
5861,29316,98,3888,4864,0,2.1116426958462378,True,True,False
5861,29316,99,22380,27928,0,2.1116426958462378,True,True,False
5861,29316,100,11025,13718,0,2.1120783217164933,True,True,False
5892,29491,0,1586,1974,1,3.6132021115655126,True,True,False
5892,29491,1,2667,3349,0,3.7227115244675861,True,True,False
5892,29491,2,15480,19312,1,3.777979123758699,True,True,False
5892,29491,3,21934,27354,1,3.8026002863413395,True,True,False
5892,29491,4,1215,1528,0,3.8686552737839928,True,True,False
5892,29491,5,8606,10749,0,3.8780450366528401,True,True,False
5892,29491,6,21124,26334,0,4.0366685116926826,True,True,False
5892,29491,7,9358,11651,0,4.0500703067063801,True,True,False
5892,29491,8,10934,13598,0,4.1607886569806016,True,True,False
5892,29491,9,142,173,1,4.2892788224117924,True,True,False
5892,29491,10,5474,6840,0,4.4128208536677205,True,True,False
5892,29491,11,171,216,1,4.4574735959092004,True,True,False
5892,29491,12,6944,8686,0,4.529553446084682,True,True,False
5892,29491,13,5487,6855,0,4.6734400898265784,True,True,False
5892,29491,14,15095,18848,0,4.7205739482348363,True,True,False
5892,29491,15,3820,4777,1,4.7369762647692317,True,True,False
5892,29491,16,22121,27586,0,4.7578277546161694,True,True,False
5892,29491,17,15994,19949,0,4.8189856839985996,True,True,False
5892,29491,18,17916,22327,0,5.1530967818323639,True,True,False
5892,29491,19,9866,12273,0,5.1926405469539283,True,True,False
5892,29491,20,21796,27176,0,5.2604191125650859,True,True,False
5892,29491,21,434,546,1,5.2708741500327152,True,True,False
5892,29491,22,9272,11552,0,5.4406114548686322,True,True,False
5892,29491,23,13505,16854,0,5.6767983127401322,True,True,False
5892,29491,24,18954,23641,1,5.6872155096537798,True,True,False
5892,29491,25,5922,7414,1,5.702307897399038,True,True,False
5892,29491,26,9666,12031,0,5.7123726957919949,True,True,False
5892,29491,27,886,1118,1,5.7155960306521827,True,True,False
5892,29491,28,19777,24671,0,5.8316560761327025,True,True,False
5892,29491,29,14277,17825,1,5.8478750014315741,True,True,False
5892,29491,30,13419,16747,0,5.8654594437331511,True,True,False
5892,29491,31,23945,29922,0,5.8838284747805183,True,True,False
5892,29491,32,22295,27820,0,5.9979490952526762,True,True,False
5892,29491,33,18594,23179,0,6.0161894376377827,True,True,False
5892,29491,34,11517,14349,1,6.0399324987974419,True,True,False
5892,29491,35,14074,17567,0,6.0407896677934252,True,True,False
5892,29491,36,22403,27959,0,6.0602537639812226,True,True,False
5892,29491,37,5915,7405,0,6.089433562079634,True,True,False
5892,29491,38,12818,16020,0,6.1007416065912947,True,True,False
5892,29491,39,16754,20890,0,6.1394254870322786,True,True,False
5892,29491,40,20778,25922,0,6.2074163636290889,True,True,False
5892,29491,41,20425,25466,1,6.2087236269015467,True,True,False
5892,29491,42,10455,13001,0,6.2239281307324728,True,True,False
5892,29491,43,19711,24577,0,6.2806548018198747,True,True,False
5892,29491,44,8008,10002,0,6.3299602661724093,True,True,False
5892,29491,45,6435,8036,0,6.4249615028393681,True,True,False
5892,29491,46,18959,23648,1,6.4630375737105528,True,True,False
5892,29491,47,3151,3945,1,6.4814762324914037,True,True,False
5892,29491,48,16161,20153,1,6.5579399200078949,True,True,False
5892,29491,49,2351,2958,0,6.5590623419629397,True,True,False
5892,29491,50,5001,6235,0,6.606713903436912,True,True,False
5892,29491,51,7644,9571,0,6.6168047254592475,True,True,False
5892,29491,52,246,319,0,6.6396576154979261,True,True,False
5892,29491,53,635,793,0,6.7097556829387175,True,True,False
5892,29491,54,2687,3373,0,6.7831875698081605,True,True,False
5892,29491,55,4960,6186,1,6.8502576183013257,True,True,False
5892,29491,56,16073,20045,1,6.8612998883588103,True,True,False
5892,29491,57,15553,19398,0,6.8761967094972434,True,True,False
5892,29491,58,22532,28127,0,6.9431583129181007,True,True,False
5892,29491,59,19977,24921,0,6.960037086087195,True,True,False
5892,29491,60,20124,25099,0,6.9701176514794883,True,True,False
5892,29491,61,10394,12923,0,6.9753197289605033,True,True,False
5892,29491,62,23054,28804,0,6.9960439010921922,True,True,False
5892,29491,63,9814,12205,1,7.0560402068266503,True,True,False
5892,29491,64,275,352,1,7.0750483205363794,True,True,False
5892,29491,65,13410,16738,1,7.0751938032989923,True,True,False
5892,29491,66,23872,29830,1,7.0754877539715988,True,True,False
5892,29491,67,6668,8341,1,7.0755269327429975,True,True,False
5892,29491,68,2814,3529,0,7.0763032767259801,True,True,False
5892,29491,69,5062,6313,0,7.0763032767259801,True,True,False
5892,29491,70,12557,15685,0,7.0763032767259801,True,True,False
5892,29491,71,6173,7726,1,7.0793043711076562,True,True,False
5892,29491,72,11148,13884,1,7.079704692545949,True,True,False
5892,29491,73,16476,20539,0,7.079704692545949,True,True,False
5892,29491,74,3249,4063,1,7.0818099856883583,True,True,False
5892,29491,75,9405,11703,0,7.0826468974344312,True,True,False
5892,29491,76,16753,20889,1,7.0864137996795558,True,True,False
5892,29491,77,16715,20846,0,7.0935394291428935,True,True,False
5892,29491,78,801,1003,1,7.0938314137342164,True,True,False
5892,29491,79,12444,15543,0,7.0991228954039007,True,True,False
5892,29491,80,2432,3052,0,7.1094245030341536,True,True,False
5892,29491,81,16725,20858,0,7.1134779829459047,True,True,False
5892,29491,82,21496,26818,1,7.1135168861091875,True,True,False
5892,29491,83,21368,26657,0,7.116415147528202,True,True,False
5892,29491,84,11173,13912,0,7.1296427227783132,True,True,False
5892,29491,85,19345,24122,0,7.1296427227783132,True,True,False
5892,29491,86,16735,20871,0,7.1364824123265302,True,True,False
5892,29491,87,16890,21064,0,7.1395933780804244,True,True,False
5892,29491,88,10858,13508,0,7.1403627563703767,True,True,False
5892,29491,89,23806,29752,0,7.1426901138239804,True,True,False
5892,29491,90,23617,29511,1,7.1439364572538002,True,True,False
5892,29491,91,733,917,1,7.1492419978733652,True,True,False
5892,29491,92,19916,24846,1,7.1492419978733652,True,True,False
5892,29491,93,23473,29339,0,7.1497286749945852,True,True,False
5892,29491,94,7434,9316,1,7.1584032554180652,True,True,False
5892,29491,95,4076,5102,0,7.1662520718142639,True,True,False
5892,29491,96,21250,26513,1,7.1719879962584301,True,True,False
5892,29491,97,6717,8398,0,7.2088844296703467,True,True,False
5892,29491,98,19291,24055,0,7.2125876670450912,True,True,False
5892,29491,99,3382,4219,0,7.2129775170861787,True,True,False
5892,29491,100,7021,8781,1,7.2137774965403176,True,False,False
5892,29491,101,22887,28579,0,7.2137774965403176,False,True,False
