test_position,row_id,original_id,y_true,final_cpp_score,final_cpp_label,final_cpp_threshold_margin,final_weka_score,final_weka_label,final_weka_threshold_margin,abs_score_difference
0,1,2,1,0.34743491419068351,1,0.01589377763634231,0.34743161001498452,1,0.015890473460643317,3.3041756989926618e-06
1,11,12,0,0.17699901539677518,0,-0.15454212115756602,0.17698567882454355,0,-0.15455545772979765,1.3336572231625876e-05
2,14,15,0,0,0,-0.3315411365543412,5.1611322166660312e-08,0,-0.33154108494301904,5.1611322166660312e-08
3,17,18,0,0.085049567876027313,0,-0.2464915686783139,0.085057349163847704,0,-0.24648378739049348,7.781287820390892e-06
4,20,21,0,0.032232618809848228,0,-0.29930851774449296,0.032227528623950438,0,-0.29931360793039075,5.0901858977894787e-06
5,21,22,1,0.31091229771089063,0,-0.02062883884345057,0.31075120647267829,0,-0.020789930081662911,0.00016109123821234084
6,26,27,1,0.23170615375558523,0,-0.099834982798755967,0.23173387484356539,0,-0.099807261710775808,2.7721087980159265e-05
7,33,34,0,0.029756707391300524,0,-0.30178442916304066,0.029757111045818591,0,-0.30178402550852262,4.0365451806773089e-07
8,34,35,0,0.066187119308256104,0,-0.26535401724608509,0.066195411560052139,0,-0.26534572499428905,8.2922517960354325e-06
9,45,46,1,0.40112337799277742,1,0.069582241438436221,0.39246566137910815,1,0.060924524824766957,0.008657716613669264
10,54,55,0,0.70937956867709528,1,0.37783843212275409,0.70922930458048228,1,0.37768816802614108,0.00015026409661300644
11,63,64,1,0.16477139415212322,0,-0.16676974240221798,0.16478859716476782,0,-0.16675253938957338,1.7203012644601001e-05
12,65,66,1,0.23104402998210857,0,-0.10049710657223263,0.23104105643935041,0,-0.10050008011499079,2.9735427581611962e-06
13,66,67,1,0.60280307642969044,1,0.27126193987534925,0.6027979375470266,1,0.2712568009926854,5.1388826638465446e-06
14,73,74,0,0.22975321104333757,0,-0.10178792551100363,0.22978718680741633,0,-0.10175394974692487,3.3975764078764126e-05
15,75,76,0,0.23968725351801293,0,-0.091853883036328271,0.23969604028239719,0,-0.09184509627194401,8.7867643842609588e-06
16,82,83,1,0.078511121229809772,0,-0.2530300153245314,0.078515508739547241,0,-0.25302562781479399,4.3875097374690419e-06
17,83,84,0,0.16641095419103594,0,-0.16513018236330526,0.16649327648782519,0,-0.16504786006651601,8.2322296789255622e-05
18,90,91,1,0.7281745034197149,1,0.3966333668653737,0.72821314413271998,1,0.39667200757837878,3.8640713005078098e-05
19,92,93,0,0.23245802417630532,0,-0.099083112378035881,0.23039945709351575,0,-0.10114167946082545,0.0020585670827895641
20,104,105,0,0.65400863191234693,1,0.32246749535800573,0.65404967744501563,1,0.32250854089067443,4.1045532668704254e-05
21,109,110,0,0.31842643985335928,0,-0.01311469670098192,0.31845241405490665,0,-0.013088722499434546,2.5974201547374065e-05
22,113,114,0,0.049605147215882626,0,-0.28193598933845859,0.049525532070591988,0,-0.28201560448374918,7.9615145290638789e-05
23,118,119,0,0.056269880201084088,0,-0.27527125635325711,0.056291556797455081,0,-0.27524957975688613,2.1676596370992507e-05
24,131,132,0,0.22154772603702255,0,-0.10999341051731865,0.22154347283532064,0,-0.10999766371902056,4.2532017019147883e-06
25,141,142,0,0.14981507012885564,0,-0.18172606642548556,0.14984530998203194,0,-0.18169582657230926,3.0239853176294851e-05
26,149,150,0,0.20627540572093486,0,-0.12526573083340634,0.20627662231969288,0,-0.12526451423464832,1.2165987580137205e-06
27,154,155,0,0.12578637209567772,0,-0.20575476445866347,0.1258021256888712,0,-0.20573901086547,1.5753593193473803e-05
28,158,159,1,0.61263635758651591,1,0.28109522103217471,0.61265806727130467,1,0.28111693071696348,2.1709684788762118e-05
29,163,164,0,0.18006224682451288,0,-0.15147888972982831,0.1801130675281217,0,-0.1514280690262195,5.0820703608817075e-05
30,164,165,0,0.044156118049685875,0,-0.28738501850465531,0.044210753437895878,0,-0.28733038311644532,5.4635388210003133e-05
31,176,177,0,0.088215645195033082,0,-0.24332549135930812,0.088217686955328542,0,-0.24332344959901264,2.0417602954597713e-06
32,178,179,0,0.23959034686794006,0,-0.091950789686401135,0.23960768343152725,0,-0.091933453122813952,1.7336563587183607e-05
33,181,182,0,0.039013503532415235,0,-0.29252763302192597,0.03901541432230516,0,-0.29252572223203605,1.9107898899251019e-06
34,188,189,0,0.11001260243611734,0,-0.22152853411822387,0.11001689911862089,0,-0.22152423743572031,4.2966825035545275e-06
35,192,193,0,0.14853215816229254,0,-0.18300897839204866,0.14850719080325744,0,-0.18303394575108375,2.4967359035094061e-05
36,197,198,0,0.11894364797812784,0,-0.21259748857621336,0.11894377691931667,0,-0.21259735963502452,1.2894118882333938e-07
37,198,199,0,0.081939691293251155,0,-0.24960144526109004,0.081936009659929407,0,-0.24960512689441178,3.681633321747646e-06
38,201,202,0,0.1822782107041663,0,-0.14926292585017489,0.18230631798083266,0,-0.14923481857350854,2.8107276666355929e-05
39,205,206,0,0.098892161332736095,0,-0.2326489752216051,0.098894008172681735,0,-0.23264712838165946,1.8468399456406104e-06
40,209,210,0,0.12879951770709805,0,-0.20274161884724315,0.12880327016413726,0,-0.20273786639020394,3.7524570392077905e-06
41,210,211,0,0.088385732392494448,0,-0.24315540416184675,0.088388919629384805,0,-0.24315221692495639,3.1872368903562709e-06
42,212,213,0,0.12703387965255061,0,-0.20450725690179059,0.12699612027415827,0,-0.20454501628018293,3.7759378392343557e-05
43,214,215,0,0.61133182155414956,1,0.27979068499980836,0.61131721038364728,1,0.27977607382930608,1.4611170502276671e-05
44,215,216,0,0.27502321867593732,0,-0.056517917878403878,0.27500770685119091,0,-0.056533429703150284,1.5511824746405889e-05
45,220,221,1,0.64335791830331135,1,0.31181678174897015,0.64335670577448512,1,0.31181556922014392,1.212528826233239e-06
46,226,227,0,0.16173661373473611,0,-0.16980452281960509,0.16173542064227789,0,-0.16980571591206331,1.1930924582181923e-06
47,238,239,1,0.11962996582730247,0,-0.21191117072703874,0.11964315565629095,0,-0.21189798089805023,1.3189828988485752e-05
48,239,240,1,0.018988271328876857,0,-0.31255286522546433,0.018993430269873914,0,-0.31254770628446726,5.1589409970562161e-06
49,243,244,0,0.29432877227605098,0,-0.037212364278290222,0.29431677695433511,0,-0.037224359600006085,1.1995321715863039e-05
50,244,245,0,0.44662546603567516,1,0.11508432948133396,0.44663664081936094,1,0.11509550426501974,1.1174783685785616e-05
51,246,247,0,0.16363393352415651,0,-0.16790720303018469,0.16364364214122137,0,-0.16789749441311982,9.7086170648685854e-06
52,247,248,0,0.11703540969177721,0,-0.21450572686256397,0.117130858096529,0,-0.21441027845781219,9.544840475178562e-05
53,248,249,0,0.17429172207707966,0,-0.15724941447726154,0.17430527050769468,0,-0.15723586604664652,1.3548430615017981e-05
54,249,250,0,0.096454857834311611,0,-0.23508627872002957,0.096472150113876151,0,-0.23506898644046503,1.7292279564540269e-05
55,250,251,0,0.50766430897086401,1,0.17612317241652281,0.50764234221099014,1,0.17610120565664894,2.1966759873870423e-05
56,253,254,0,0.069386668792038475,0,-0.26215446776230272,0.069408207844118761,0,-0.26213292871022242,2.1539052080285503e-05
57,255,256,0,0.08041031142689968,0,-0.2511308251274415,0.080570872814832231,0,-0.25097026373950898,0.0001605613879325507
58,260,261,0,0,0,-0.3315411365543412,8.3138522300330143e-08,0,-0.33154105341581891,8.3138522300330143e-08
59,261,262,0,0.17143336099800166,0,-0.16010777555633954,0.17125724943973308,0,-0.16028388711460811,0.00017611155826857683
60,262,263,0,0.13202914973560079,0,-0.19951198681874041,0.13202210536790268,0,-0.19951903118643852,7.0443676981057912e-06
61,263,264,0,0.05574337997682062,0,-0.27579775657752059,0.055751492641495204,0,-0.27578964391284599,8.1126646745838249e-06
62,265,266,0,0.14474947286311207,0,-0.18679166369122913,0.14472215592588197,0,-0.18681898062845922,2.7316937230098537e-05
63,266,267,0,0.21338926211409648,0,-0.11815187444024472,0.21336511232280003,0,-0.11817602423154117,2.4149791296446121e-05
64,277,278,0,0.16715240689090047,0,-0.16438872966344073,0.16719210976466348,0,-0.16434902678967772,3.9702873763008961e-05
65,279,280,0,0.047173515921125314,0,-0.28436762063321586,0.047107312337888639,0,-0.28443382421645258,6.6203583236675023e-05
66,294,295,0,0.39646885994777947,1,0.064927723393438275,0.39654475668173333,1,0.065003620127392137,7.5896733953861872e-05
67,304,305,0,0.085032072900760411,0,-0.24650906365358077,0.08502152660369891,0,-0.24651960995064229,1.0546297061500565e-05
68,305,306,0,0.12110361923611859,0,-0.21043751731822261,0.12112132391680644,0,-0.21041981263753476,1.7704680687846697e-05
69,306,307,0,0.17732265335091693,0,-0.15421848320342427,0.17732455663175117,0,-0.15421657992259002,1.9032808342422936e-06
70,309,310,0,0.10309570275582532,0,-0.2284454337985159,0.10308616995472689,0,-0.22845496659961431,9.5328010984302436e-06
71,313,314,1,0.44784281095924683,1,0.11630167440490563,0.44788010031172265,1,0.11633896375738145,3.7289352475822213e-05
72,315,316,1,0.15110027507626977,0,-0.18044086147807142,0.15108283560863525,0,-0.18045830094570595,1.7439467634522421e-05
73,326,327,1,0.38681388618137563,1,0.055272749627034434,0.38680959007212307,1,0.055268453517781868,4.2961092525661826e-06
74,337,338,0,0.16143169322752271,0,-0.17010944332681849,0.16156886099013168,0,-0.16997227556420952,0.00013716776260896957
75,338,339,1,0.1585709438517843,0,-0.1729701927025569,0.15840744148938052,0,-0.17313369506496068,0.00016350236240378346
76,351,352,0,0.22055003924975258,0,-0.11099109730458862,0.2205579418427665,0,-0.1109831947115747,7.9025930139198231e-06
77,354,355,0,0.66173494853974968,1,0.33019381198540848,0.66171263826412396,1,0.33017150170978277,2.2310275625714304e-05
78,361,362,0,0.015105302829456761,0,-0.31643583372488443,0.015163582543947828,0,-0.31637755401039336,5.8279714491066628e-05
79,367,368,0,0.45649978120375539,1,0.1249586446494142,0.45650010757953025,1,0.12495897102518905,3.2637577485061797e-07
80,368,369,0,0.41805612818230009,1,0.086514991627958893,0.41955787243474746,1,0.088016735880406261,0.0015017442524473679
81,379,380,1,0.13482474617000201,0,-0.19671639038433919,0.13484140765590855,0,-0.19669972889843265,1.6661485906538376e-05
82,385,386,0,0.079299319774590038,0,-0.25224181677975116,0.079299852524829517,0,-0.25224128402951168,5.3275023947918498e-07
83,387,388,1,0.34891422648628956,1,0.01737308993194836,0.34891098566187695,1,0.017369849107535751,3.2408244126092001e-06
84,391,392,1,0.13474216629364383,0,-0.19679897026069737,0.13478826157897872,0,-0.19675287497536248,4.6095285334890601e-05
85,395,396,0,0.089343715707321691,0,-0.24219742084701951,0.088766612469548395,0,-0.2427745240847928,0.00057710323777329653
86,396,397,0,0.080620730312456229,0,-0.25092040624188494,0.080614366600281234,0,-0.25092676995405994,6.3637121749948733e-06
87,411,412,0,0.15684775437910922,0,-0.17469338217523198,0.15685649435053184,0,-0.17468464220380936,8.7399714226166214e-06
88,431,432,1,0.077071882527926266,0,-0.25446925402641496,0.077123509770728266,0,-0.2544176267836129,5.1627242801999262e-05
89,435,436,1,0.59019580307607444,1,0.25865466652173325,0.59020034736047944,1,0.25865921080613824,4.5442844049947695e-06
90,441,442,0,0.22200356367648885,0,-0.10953757287785235,0.22206267451718101,0,-0.10947846203716019,5.9110840692155886e-05
91,443,444,0,0.024223725622928478,0,-0.30731741093141274,0.024282058169461808,0,-0.30725907838487937,5.8332546533330226e-05
92,446,447,0,0.040308861426109385,0,-0.2912322751282318,0.040305286722034969,0,-0.29123584983230622,3.5747040744160685e-06
93,448,449,0,0.049554939587258109,0,-0.2819861969670831,0.049554495276359009,0,-0.28198664127798218,4.4431089910035304e-07
94,461,462,0,0.084019312629661072,0,-0.24752182392468014,0.083989921523638364,0,-0.24755121503070282,2.9391106022708113e-05
95,469,470,0,0.11606440917196698,0,-0.21547672738237422,0.11608336082662631,0,-0.21545777572771491,1.8951654659329908e-05
96,474,475,0,0.16708725101659591,0,-0.16445388553774529,0.16710158981875564,0,-0.16443954673558556,1.4338802159730157e-05
97,476,477,0,0.15723351962863921,0,-0.17430761692570199,0.15733133802764523,0,-0.17420979852669596,9.7818399006022183e-05
98,477,478,0,0.2210719447954051,0,-0.1104691917589361,0.22094866840380509,0,-0.11059246815053611,0.00012327639160000792
99,487,488,0,0.080565421975686904,0,-0.25097571457865431,0.080568557240688551,0,-0.25097257931365263,3.1352650016469585e-06
100,499,500,0,0.35049078067145006,1,0.018949644117108866,0.35050988879149142,1,0.018968752237150222,1.9108120041355647e-05
101,501,502,0,0.64537353143323306,1,0.31383239487889186,0.64543924198094527,1,0.31389810542660407,6.5710547712205525e-05
102,505,506,0,0.27208918834797491,0,-0.05945194820636629,0.27184279917078552,0,-0.059698337383555677,0.0002463891771893878
103,507,508,0,0.22621373469533612,0,-0.10532740185900508,0.22578137557803332,0,-0.10575976097630788,0.00043235911730279963
104,508,509,0,0.2441271541222195,0,-0.087413982432121701,0.24400485579212389,0,-0.087536280762217311,0.00012229833009561042
105,523,524,1,0.084424058918655093,0,-0.24711707763568611,0.084474844832269746,0,-0.24706629172207145,5.0785913614653788e-05
106,524,525,0,0.039910891286766288,0,-0.29163024526757492,0.039941311355225773,0,-0.29159982519911543,3.0420068459484362e-05
107,526,527,0,0.47315634731969652,1,0.14161521076535533,0.47312781663970371,1,0.14158668008536252,2.8530679992810892e-05
108,533,534,1,0.69704615263925895,1,0.36550501608491776,0.6970414131222743,1,0.3655002765679331,4.739516984653136e-06
109,535,536,0,0.10817314629496068,0,-0.22336799025938053,0.10817706550270734,0,-0.22336407105163386,3.9192077466582154e-06
110,540,541,0,0.12048246703367645,0,-0.21105866952066477,0.12050327447793056,0,-0.21103786207641062,2.0807444254117291e-05
111,543,544,0,0.095268938858066296,0,-0.23627219769627489,0.095281826165832459,0,-0.23625931038850873,1.288730776616287e-05
112,564,565,0,0.73215076224775055,1,0.40060962569340935,0.7321513157733871,1,0.4006101792190459,5.5352563654853526e-07
113,570,571,0,0.11786096405409643,0,-0.21368017250024476,0.11786283804604558,0,-0.21367829850829562,1.8739919491472801e-06
114,571,572,0,0.19582881759500068,0,-0.13571231895934052,0.19566146768448722,0,-0.13587966886985398,0.00016734991051345349
115,577,578,0,0.14646939837322323,0,-0.18507173818111797,0.14645160359851717,0,-0.18508953295582403,1.779477470606472e-05
116,580,581,1,0.27874038971804282,0,-0.052800746836298373,0.2786357499043346,0,-0.052905386650006603,0.00010463981370822939
117,587,588,1,0.14665971209134765,0,-0.18488142446299355,0.14666903127465428,0,-0.18487210527968692,9.3191833066275098e-06
118,592,593,0,0.12230579652818578,0,-0.2092353400261554,0.12229105193294447,0,-0.20925008462139671,1.4744595241311664e-05
119,599,600,1,0.2988354825797026,0,-0.032705653974638593,0.2988330353444299,0,-0.0327081012099113,2.4472352727067381e-06
120,612,613,0,0.25414741973437099,0,-0.077393716819970204,0.25352390070874914,0,-0.078017235845592059,0.00062351902562185479
121,618,619,0,0.15054595733509232,0,-0.18099517921924888,0.15062515063615481,0,-0.18091598591818639,7.9193301062485677e-05
122,625,626,0,0.22091432652361812,0,-0.11062681003072308,0.22093102452616903,0,-0.11061011202817217,1.669800255091336e-05
123,626,627,0,0.11307816903800286,0,-0.21846296751633834,0.11311377447880032,0,-0.21842736207554087,3.5605440797462085e-05
124,629,630,0,0.11506666922758578,0,-0.2164744673267554,0.11508189824947501,0,-0.21645923830486619,1.5229021889232031e-05
125,639,640,0,0.10921427343525042,0,-0.22232686311909078,0.10919806061163033,0,-0.22234307594271085,1.6212823620090355e-05
126,641,642,0,0.17081150088267702,0,-0.16072963567166418,0.17080295475589113,0,-0.16073818179845006,8.5461267858855106e-06
127,645,646,0,0.2382172705973124,0,-0.093323865957028795,0.23821710369862334,0,-0.093324032855717859,1.6689868906349936e-07
128,653,654,1,0.23512438337647207,0,-0.09641675317786913,0.23508973449736661,0,-0.096451402056974583,3.4648879105453334e-05
129,654,655,0,0.17512678680375621,0,-0.15641434975058499,0.17515300002151488,0,-0.15638813653282632,2.621321775866936e-05
130,655,656,1,0.063906633522660475,0,-0.26763450303168074,0.063839607362929332,0,-0.26770152919141188,6.7026159731142787e-05
131,665,666,0,0.14552269233352946,0,-0.18601844422081174,0.14452028877838721,0,-0.18702084777595399,0.0010024035551422505
132,668,669,0,0.6724181015737748,1,0.3408769650194336,0.67242896210159564,1,0.34088782554725444,1.0860527820844013e-05
133,669,670,1,0.6306418183674577,1,0.2991006818131165,0.63062710689716794,1,0.29908597034282675,1.4711470289752171e-05
134,670,671,0,0.49491075103508864,1,0.16336961448074744,0.49491089605322236,1,0.16336975949888116,1.4501813372369554e-07
135,673,674,1,0.79109796049347325,1,0.45955682393913205,0.79096458298502825,1,0.45942344643068705,0.0001333775084449984
136,678,679,0,0.13756957267286762,0,-0.19397156388147357,0.13757183922154903,0,-0.19396929733279217,2.2665486814066327e-06
137,689,690,0,0.11607945554308442,0,-0.21546168101125679,0.11603110028501235,0,-0.21551003626932885,4.8355258072077523e-05
138,691,692,0,0.30922828311324702,0,-0.022312853441094183,0.30907699843412956,0,-0.022464138120211641,0.00015128467911745824
139,696,697,0,0.065485987269910811,0,-0.26605514928443041,0.065470739819301876,0,-0.26607039673503929,1.5247450608935065e-05
140,702,703,1,0.17387978863478862,0,-0.15766134791955258,0.17389833456293216,0,-0.15764280199140904,1.8545928143542945e-05
141,705,706,1,0.087008783677596901,0,-0.2445323528767443,0.087117720850101388,0,-0.24442341570423981,0.00010893717250448631
142,706,707,0,0.34412314359763313,1,0.012582007043291932,0.34417830779807962,1,0.012637171243738421,5.5164200446489176e-05
143,711,712,0,0.16991570526464056,0,-0.16162543128970064,0.16990930248275801,0,-0.16163183407158319,6.4027818825473926e-06
144,714,715,0,0.081199417741152191,0,-0.25034171881318901,0.081189692034022404,0,-0.25035144452031877,9.7257071297873754e-06
145,726,727,0,0.15375668563770573,0,-0.17778445091663547,0.15379819658339128,0,-0.17774293997094992,4.1510945685552247e-05
146,727,728,0,0.20528793788948793,0,-0.12625319866485327,0.20529250558530288,0,-0.12624863096903832,4.567695814944317e-06
147,728,729,0,0.061842960521849913,0,-0.2696981760324913,0.061864687747472828,0,-0.26967644880686836,2.1727225622915347e-05
148,730,731,0,0.093066741867273275,0,-0.23847439468706794,0.093040181148272685,0,-0.23850095540606853,2.6560719000590094e-05
149,746,747,0,0.093540533124942565,0,-0.23800060342939863,0.093500316287324983,0,-0.23804082026701623,4.0216837617582102e-05
150,749,750,1,0.5823925706051335,1,0.2508514340507923,0.58240141967224512,1,0.25086028311790393,8.8490671116270292e-06
151,756,757,0,0.057104986910498923,0,-0.27443614964384228,0.057116810965901578,0,-0.2744243255884396,1.1824055402655242e-05
152,760,761,1,0.45243273909110837,1,0.12089160253676717,0.45243981468529559,1,0.1208986781309544,7.0755941872224781e-06
153,762,763,0,0.097697714244175352,0,-0.23384342231016586,0.09770042043028114,0,-0.23384071612406004,2.7061861057886549e-06
154,777,778,0,0.19131110741388088,0,-0.14023002914046032,0.19130330961060368,0,-0.14023782694373751,7.7978032771985895e-06
155,780,781,0,0.45212992885183856,1,0.12058879229749736,0.45198505387320015,1,0.12044391731885895,0.00014487497863840959
156,784,785,1,0.1680297005686755,0,-0.1635114359856657,0.16812803648274649,0,-0.16341310007159471,9.8335914070990516e-05
157,788,789,0,0.1292195619981916,0,-0.2023215745561496,0.12921372023535138,0,-0.20232741631898982,5.8417628402140931e-06
158,797,798,0,0.1498497660955182,0,-0.181691370458823,0.14978708068881316,0,-0.18175405586552804,6.2685406705037527e-05
159,798,799,0,0.67779413119104481,1,0.34625299463670361,0.67775405743587658,1,0.34621292088153538,4.0073755168235081e-05
160,799,800,0,0.0081349290518630338,0,-0.32340620750247817,0.0081513770254848204,0,-0.3233897595288564,1.6447973621786655e-05
161,802,803,0,0.067013907723799018,0,-0.26452722883054219,0.067019497553726839,0,-0.26452163900061437,5.5898299278211994e-06
162,804,805,0,0.097843977948490257,0,-0.23369715860585094,0.097908520340871302,0,-0.2336326162134699,6.4542392381045088e-05
163,818,819,0,0.14667464909275235,0,-0.18486648746158885,0.14642258185712517,0,-0.18511855469721603,0.00025206723562717914
164,824,825,1,0.055051372917037163,0,-0.27648976363730404,0.055097170810062927,0,-0.27644396574427826,4.5797893025764647e-05
165,825,826,0,0.21584713640391195,0,-0.11569400015042924,0.21589502205146791,0,-0.11564611450287329,4.7885647555950817e-05
166,838,839,0,0.079855389690711778,0,-0.25168574686362943,0.079858075318332361,0,-0.25168306123600881,2.6856276205827756e-06
167,841,842,0,0.0210775344660835,0,-0.31046360208825768,0.021072171436107543,0,-0.31046896511823363,5.3630299759570288e-06
168,845,846,0,0.11218176944991505,0,-0.21935936710442616,0.1122120381325015,0,-0.2193290984218397,3.0268682586445661e-05
169,846,847,0,0.13769008738720265,0,-0.19385104916713855,0.13769228008604659,0,-0.19384885646829461,2.1926988439391337e-06
170,851,852,0,0.51496790543037974,1,0.18342676887603854,0.51497693123877863,1,0.18343579468443744,9.0258083988992155e-06
171,852,853,0,0.12466267717082558,0,-0.20687845938351562,0.12467291942139865,0,-0.20686821713294257,1.0242250573069822e-05
172,856,857,1,0.42920578626816963,1,0.097664649713828433,0.42919077133639305,1,0.097649634782051853,1.5014931776580198e-05
173,864,865,0,0.014004513836924637,0,-0.31753662271741656,0.014056351978040409,0,-0.3174847845763008,5.1838141115772077e-05
174,869,870,0,0.093104368220638167,0,-0.23843676833370303,0.093254023559827787,0,-0.23828711299451341,0.00014965533918961937
175,871,872,0,0.032028394744015448,0,-0.29951274181032572,0.032102059221584642,0,-0.29943907733275654,7.3664477569193587e-05
176,873,874,0,0.12320367235140763,0,-0.20833746420293359,0.12329048706957202,0,-0.20825064948476918,8.6814718164393567e-05
177,874,875,0,0.21352996815797323,0,-0.11801116839636797,0.21351834427261954,0,-0.11802279228172166,1.1623885353695407e-05
178,883,884,0,0.14735061445819012,0,-0.18419052209615108,0.14724844731390965,0,-0.18429268924043155,0.00010216714428046281
179,885,886,0,0.1498742312721788,0,-0.18166690528216239,0.14986817469181213,0,-0.18167296186252907,6.0565803666756679e-06
180,897,898,1,0.73554079712142084,1,0.40399966056707964,0.7355252460741375,1,0.4039841095197963,1.5551047283346442e-05
181,908,909,0,0.076029361178749477,0,-0.25551177537559172,0.076042716439546618,0,-0.25549842011479457,1.3355260797140445e-05
182,910,911,0,0.61410949676519189,1,0.28256836021085069,0.61412003163357598,1,0.28257889507923478,1.0534868384093343e-05
183,912,913,0,0.040394740919601657,0,-0.29114639563473954,0.040472405039366,0,-0.2910687315149752,7.7664119764342399e-05
184,918,919,0,0.12624121595015508,0,-0.20529992060418611,0.12625203685864136,0,-0.20528909969569983,1.0820908486280922e-05
185,920,921,0,0.20383170672420234,0,-0.12770942983013886,0.20381792262239654,0,-0.12772321393194466,1.3784101805802695e-05
186,931,932,1,0.068175334470156154,0,-0.26336580208418503,0.068178365163807,0,-0.26336277139053421,3.0306936508461835e-06
187,932,933,1,0.30509636837877202,0,-0.026444768175569178,0.30507150059556204,0,-0.026469635958779159,2.4867783209980843e-05
188,943,944,1,0.67931361252554912,1,0.34777247597120792,0.67952798962568117,1,0.34798685307133997,0.00021437710013205713
189,960,961,1,0.45567794454889782,1,0.12413680799455662,0.4557020857128572,1,0.124160949158516,2.4141163959379153e-05
190,969,970,0,0.075521204021746419,0,-0.25601993253259481,0.075529654854052788,0,-0.25601148170028842,8.4508323063697821e-06
191,970,971,1,0.076440511070542949,0,-0.25510062548379825,0.076447182351328705,0,-0.25509395420301251,6.6712807857555179e-06
192,971,972,0,0.062176006196997313,0,-0.26936513035734388,0.062296155658704229,0,-0.26924498089563698,0.00012014946170691571
193,973,974,0,0.085483353899940662,0,-0.24605778265440054,0.085493960866386887,0,-0.24604717568795431,1.0606966446224941e-05
194,977,978,0,0.095338273173477789,0,-0.23620286338086341,0.095347042366219506,0,-0.23619409418812171,8.7691927417171689e-06
195,982,983,1,0.01734461174621663,0,-0.31419652480812454,0.017354542306150481,0,-0.31418659424819073,9.9305599338510298e-06
196,985,986,1,0.25848950038591678,0,-0.073051636168424416,0.25848831955090457,0,-0.073052817003436632,1.1808350122155531e-06
197,987,988,0,0.3152264891658757,0,-0.016314647388465497,0.3245245387665911,0,-0.0070165977877501007,0.0092980496007153968
198,989,990,0,0.52098513246424427,1,0.18944399590990307,0.52102386821945335,1,0.18948273166511215,3.8735755209073908e-05
199,990,991,0,0.20634071407282595,0,-0.12520042248151525,0.20634621997846775,0,-0.12519491657587345,5.5059056418005348e-06
200,996,997,0,0.22925947755272744,0,-0.10228165900161376,0.22926294365981881,0,-0.10227819289452239,3.4661070913710734e-06
201,999,1000,0,0.52696675151215422,1,0.19542561495781302,0.52697728910849961,1,0.19543615255415842,1.053759634539464e-05
202,1004,1005,1,0.074615922500766374,0,-0.25692521405357482,0.074632741354994508,0,-0.25690839519934672,1.681885422813445e-05
203,1009,1010,0,0.12763371204037688,0,-0.20390742451396432,0.12767107151865822,0,-0.20387006503568297,3.7359478281345782e-05
204,1022,1023,0,0.083428308334848406,0,-0.24811282821949279,0.083418970301647896,0,-0.24812216625269329,9.3380332005094102e-06
205,1024,1025,0,0.055567270000528135,0,-0.27597386655381306,0.055583724792422066,0,-0.27595741176191912,1.6454791893931453e-05
206,1034,1035,0,0.3135998303150509,0,-0.0179413062392903,0.31360528570424895,0,-0.01793585085009225,5.45538919805022e-06
207,1035,1036,1,0.59905244806409741,1,0.26751131150975621,0.59905473208593707,1,0.26751359553159587,2.2840218396602552e-06
208,1037,1038,1,0.10353404730904882,0,-0.22800708924529239,0.10345608650487524,0,-0.22808505004946594,7.796080417357687e-05
209,1038,1039,0,0.12187770960913891,0,-0.20966342694520229,0.12184914528409806,0,-0.20969199127024313,2.8564325040850158e-05
210,1046,1047,1,0.1988713472681238,0,-0.13266978928621739,0.19887059641101631,0,-0.13267054014332488,7.5085710748989953e-07
211,1048,1049,0,0.088350894809885977,0,-0.24319024174445522,0.088354843929240201,0,-0.243186292625101,3.9491193542240399e-06
212,1049,1050,0,0.18667176145165729,0,-0.14486937510268391,0.18668002726843494,0,-0.14486110928590626,8.2658167776528124e-06
213,1053,1054,0,0.091268696293522689,0,-0.24027244026081851,0.091152313250442971,0,-0.24038882330389821,0.00011638304307971803
214,1056,1057,0,0.283601055208685,0,-0.047940081345656194,0.28361941968796484,0,-0.047921716866376363,1.8364479279830981e-05
215,1060,1061,1,0.2148286049703913,0,-0.1167125315839499,0.21488276380878119,0,-0.11665837274556001,5.415883838988389e-05
216,1071,1072,1,0.0754922826436914,0,-0.2560488539106498,0.075507102637819262,0,-0.25603403391652191,1.4819994127862612e-05
217,1077,1078,0,0.041608666769374622,0,-0.28993246978496656,0.04160626880582529,0,-0.2899348677485159,2.3979635493318052e-06
218,1078,1079,0,0.23575356540168302,0,-0.09578757115265818,0.23601602407629232,0,-0.095525112478048874,0.00026245867460930605
219,1084,1085,0,0.1350104184178596,0,-0.1965307181364816,0.13492651837289033,0,-0.19661461818145087,8.3900044969276166e-05
220,1087,1088,0,0.23534494446268828,0,-0.096196192091652921,0.23529259554813958,0,-0.096248541006201616,5.2348914548694392e-05
221,1088,1089,0,0.25180065772774735,0,-0.079740478826593852,0.24695378737151794,0,-0.084587349182823263,0.0048468703562294102
222,1089,1090,0,0.070284037041993486,0,-0.26125709951234771,0.070312707071868513,0,-0.26122842948247271,2.8670029875027536e-05
223,1091,1092,0,0.11632473145031848,0,-0.21521640510402273,0.11649512234469479,0,-0.21504601420964642,0.00017039089437631549
224,1093,1094,1,0.40285047517605216,1,0.07130933862171096,0.4011484611378941,1,0.069607324583552899,0.0017020140381580617
225,1094,1095,0,0.43308020142148207,1,0.10153906486714087,0.43306656627013485,1,0.10152542971579365,1.3635151347224372e-05
226,1095,1096,0,0,0,-0.3315411365543412,7.2616576113289351e-08,0,-0.33154106393776511,7.2616576113289351e-08
227,1096,1097,0,0.086618757673580737,0,-0.24492237888076046,0.086641654856481579,0,-0.24489948169785963,2.2897182900841195e-05
228,1101,1102,1,0.46823615205562874,1,0.13669501550128754,0.46814776482963938,1,0.13660662827529818,8.838722598936144e-05
229,1107,1108,0,0.22404991710527092,0,-0.10749121944907028,0.22408710557492464,0,-0.10745403097941655,3.7188469653726131e-05
230,1109,1110,0,0.38417108453618587,1,0.052629947981844671,0.38421892744553088,1,0.05267779089118968,4.7842909345008344e-05
231,1115,1116,0,0.10938849476792985,0,-0.22215264178641136,0.10938804965966778,0,-0.22215308689467342,4.4510826206767273e-07
232,1125,1126,0,0.16712008849912363,0,-0.16442104805521757,0.16816712296265524,0,-0.16337401359168596,0.0010470344635316042
233,1132,1133,0,0.70783972111433602,1,0.37629858455999482,0.7078485579036996,1,0.37630742134935841,8.8367893635865613e-06
234,1137,1138,0,0.084620393644956299,0,-0.2469207429093849,0.084486910527488704,0,-0.24705422602685251,0.00013348311746759489
235,1139,1140,0,0.044541322310505359,0,-0.28699981424383586,0.044511303802170131,0,-0.28702983275217109,3.0018508335227789e-05
236,1142,1143,0,0.16231437364367557,0,-0.16922676291066563,0.16232969345708301,0,-0.16921144309725819,1.5319813407438376e-05
237,1147,1148,0,0.28922331181922084,0,-0.042317824735120357,0.28921900196318717,0,-0.042322134591154026,4.3098560336685132e-06
238,1159,1160,0,0.49354131410428415,1,0.16200017754994295,0.49359379741807885,1,0.16205266086373765,5.24833137947045e-05
239,1166,1167,0,0.082800117021330638,0,-0.24874101953301056,0.082838387910113859,0,-0.24870274864422734,3.8270888783220602e-05
240,1168,1169,0,0.1670478348238883,0,-0.1644933017304529,0.16703097941546757,0,-0.16451015713887363,1.6855408420723972e-05
241,1172,1173,0,0.04476819080522268,0,-0.28677294574911849,0.044786166625503401,0,-0.28675496992883781,1.7975820280721755e-05
242,1173,1174,0,0.17039843735492272,0,-0.16114269919941848,0.17007819558661291,0,-0.16146294096772829,0.00032024176830980355
243,1181,1182,0,0.67952474325815482,1,0.34798360670381362,0.67961856966490342,1,0.34807743311056222,9.3826406748598323e-05
244,1189,1190,0,0.059745325860854688,0,-0.27179581069348652,0.059672785448123919,0,-0.27186835110621727,7.254041273076911e-05
245,1192,1193,1,0.15257164710150856,0,-0.17896948945283264,0.15248619836824048,0,-0.17905493818610071,8.5448733268073118e-05
246,1205,1206,1,0.10116109392619262,0,-0.2303800426281486,0.10115252117291594,0,-0.23038861538142524,8.5727532766755044e-06
247,1209,1210,1,0.11139815822579215,0,-0.22014297832854907,0.11141264110929779,0,-0.22012849544504343,1.4482883505639865e-05
248,1211,1212,0,0.18368974361737261,0,-0.14785139293696858,0.18386156194638267,0,-0.14767957460795852,0.00017181832901005945
249,1215,1216,0,0.092962977872954711,0,-0.23857815868138649,0.093016893667785872,0,-0.23852424288655533,5.3915794831160824e-05
250,1216,1217,0,0.18652781238538013,0,-0.14501332416896107,0.18653038028588531,0,-0.14501075626845589,2.5679005051792991e-06
251,1217,1218,0,0.1071380974423719,0,-0.22440303911196929,0.10715043616419946,0,-0.22439070039014175,1.2338721827556687e-05
252,1225,1226,1,0.17344828984883925,0,-0.15809284670550194,0.17334155637649362,0,-0.15819958017784758,0.00010673347234563257
253,1233,1234,0,0.28086523899313676,0,-0.050675897561204442,0.28082588857746194,0,-0.050715247976879263,3.9350415674821448e-05
254,1235,1236,1,0.18921656794631628,0,-0.14232456860802492,0.18921400814738865,0,-0.14232712840695255,2.5597989276315847e-06
255,1242,1243,0,0.21011245031935019,0,-0.12142868623499101,0.21019750431571341,0,-0.12134363223862779,8.5053996363215756e-05
256,1246,1247,1,0.73535330523753029,1,0.40381216868318909,0.73536540772645276,1,0.40382427117211156,1.2102488922471899e-05
257,1259,1260,0,0.50328030347862451,1,0.17173916692428332,0.50319515727068731,1,0.17165402071634611,8.51462079372034e-05
258,1260,1261,0,0.026203763823617301,0,-0.30533737273072392,0.026151410093503805,0,-0.3053897264608374,5.2353730113495478e-05
259,1270,1271,0,0.12221637299582802,0,-0.20932476355851318,0.12230434744829764,0,-0.20923678910604354,8.7974452469621878e-05
260,1274,1275,0,0.085374015751502802,0,-0.2461671208028384,0.085314080800752867,0,-0.24622705575358833,5.9934950749934712e-05
261,1275,1276,1,0.14770864799462047,0,-0.18383248855972073,0.14771441452113118,0,-0.18382672203321002,5.7665265107142982e-06
262,1276,1277,0,0.10928166891702003,0,-0.22225946763732118,0.10925081132550131,0,-0.2222903252288399,3.0857591518718142e-05
263,1283,1284,0,0.096534394252784761,0,-0.23500674230155644,0.096540300055882516,0,-0.23500083649845868,5.9058030977554576e-06
264,1290,1291,0,0.13096988815932817,0,-0.20057124839501303,0.13098378567712482,0,-0.20055735087721638,1.3897517796651604e-05
265,1291,1292,0,0.14878899029049375,0,-0.18275214626384745,0.14880823629919782,0,-0.18273290025514338,1.9246008704065787e-05
266,1292,1293,0,0.18756712309937693,0,-0.14397401345496427,0.18759064595777825,0,-0.14395049059656295,2.352285840132029e-05
267,1294,1295,0,0.15484601312528717,0,-0.17669512342905402,0.15485670949871894,0,-0.17668442705562226,1.0696373431762218e-05
268,1297,1298,0,0.095226471981168515,0,-0.23631466457317268,0.095244383548694092,0,-0.23629675300564712,1.7911567525577543e-05
269,1302,1303,0,0.21987713593786809,0,-0.11166400061647311,0.21983430220101968,0,-0.11170683435332152,4.2833736848407744e-05
270,1348,1349,0,0.10769276712899355,0,-0.22384836942534764,0.10768410696728585,0,-0.22385702958705533,8.6601617076964565e-06
271,1350,1351,0,0.30056506462163574,0,-0.030976071932705462,0.3029530135745504,0,-0.028588122979790798,0.0023879489529146647
272,1352,1353,0,0.10294559455004848,0,-0.22859554200429272,0.10296648170838167,0,-0.22857465484595951,2.0887158333190992e-05
273,1354,1355,0,0.11966815302654904,0,-0.21187298352779216,0.11966689104222027,0,-0.21187424551212092,1.2619843287736687e-06
274,1357,1358,1,0.56604127986475694,1,0.23450014331041574,0.56601750208701251,1,0.23447636553267132,2.377777774442702e-05
275,1366,1367,0,0.32756942534159056,0,-0.0039717112127506393,0.32759707372465918,0,-0.0039440628296820157,2.7648383068623605e-05
276,1375,1376,0,0.1749916639415659,0,-0.1565494726127753,0.17498460128408061,0,-0.15655653527026059,7.0626574852905577e-06
277,1376,1377,0,0.066866630078995043,0,-0.26467450647534618,0.066875469598234663,0,-0.26466566695610655,8.8395192396201194e-06
278,1383,1384,0,0.08571468514061166,0,-0.24582645141372955,0.08572062727352156,0,-0.24582050928081964,5.9421329099001996e-06
279,1384,1385,0,0.14329858827688452,0,-0.18824254827745668,0.1433082685057965,0,-0.18823286804854469,9.6802289119846119e-06
280,1388,1389,0,0.031527597611528561,0,-0.30001353894281263,0.03152105032212997,0,-0.30002008623221121,6.5472893985910052e-06
281,1394,1395,0,0.092986524950758015,0,-0.23855461160358318,0.092976654661836924,0,-0.23856448189250429,9.870288921090542e-06
282,1396,1397,1,0.6164402817512501,1,0.2848991451969089,0.61643339426155208,1,0.28489225770721088,6.8874896980153366e-06
283,1399,1400,0,0.14039160429977607,0,-0.19114953225456513,0.14041380655611313,0,-0.19112732999822807,2.2202256337061632e-05
284,1401,1402,0,0.54849549206304193,1,0.21695435550870074,0.54851663245251714,1,0.21697549589817594,2.1140389475204913e-05
285,1402,1403,1,0.094983323439991288,0,-0.23655781311434992,0.095006478058089719,0,-0.23653465849625149,2.3154618098431001e-05
286,1403,1404,0,0.16655812849269613,0,-0.16498300806164506,0.16656255968645767,0,-0.16497857686788353,4.4311937615337804e-06
287,1416,1417,0,0.12170693107170197,0,-0.20983420548263923,0.12169830421898904,0,-0.20984283233535217,8.6268527129257366e-06
288,1417,1418,0,0.43510949784319736,1,0.10356836128885616,0.43510988514054494,1,0.10356874858620374,3.872973475815833e-07
289,1420,1421,0,0.0095370263475978781,0,-0.3220041102067433,0.0095388404428464208,0,-0.32200229611149478,1.8140952485427159e-06
290,1425,1426,0,0.054204527994526915,0,-0.27733660855981429,0.054223892225227804,0,-0.27731724432911342,1.9364230700889828e-05
291,1437,1438,0,0.12060192402398119,0,-0.21093921253036002,0.12042953467714002,0,-0.21111160187720118,0.00017238934684117579
292,1439,1440,0,0.12395310424122834,0,-0.20758803231311285,0.12390006860905584,0,-0.20764106794528536,5.3035632172501734e-05
293,1441,1442,0,0.062886419701996307,0,-0.26865471685234488,0.062937402307710846,0,-0.26860373424663037,5.0982605714539053e-05
294,1442,1443,1,0.24886572340700194,0,-0.082675413147339255,0.24889364704555292,0,-0.08264748950878828,2.7923638550975127e-05
295,1443,1444,0,0.14916336656531923,0,-0.18237776998902197,0.14918872039798634,0,-0.18235241615635486,2.5353832667107667e-05
296,1446,1447,1,0.17811508529464434,0,-0.15342605125969686,0.17813265248726873,0,-0.15340848406707247,1.7567192624384775e-05
297,1448,1449,0,0.20202458771134257,0,-0.12951654884299862,0.2021547560129229,0,-0.12938638054141829,0.0001301683015803301
298,1450,1451,0,0.12128424372351121,0,-0.21025689283082999,0.12124171532635646,0,-0.21029942122798473,4.2528397154753539e-05
299,1458,1459,1,0.16942135697367525,0,-0.16211977958066595,0.16936699480912062,0,-0.16217414174522057,5.4362164554622172e-05
300,1463,1464,0,0.070406801750008338,0,-0.26113433480433285,0.070406699098598341,0,-0.26113443745574283,1.0265140999721201e-07
301,1464,1465,0,0.084371255798143446,0,-0.24716988075619775,0.084349753734687297,0,-0.24719138281965392,2.1502063456149689e-05
302,1468,1469,0,0.17655025096631419,0,-0.15499088558802701,0.17655906169630348,0,-0.15498207485803772,8.8107299892892232e-06
303,1474,1475,1,0.097532413145861543,0,-0.23400872340847967,0.09762358677474009,0,-0.23391754977960111,9.1173628878546409e-05
304,1483,1484,0,0.18442443161312763,0,-0.14711670494121357,0.18437653977177201,0,-0.14716459678256918,4.7891841355618414e-05
305,1486,1487,0,0,0,-0.3315411365543412,6.533645572701393e-08,0,-0.33154107121788545,6.533645572701393e-08
306,1490,1491,0,0.087967217445755183,0,-0.243573919108586,0.087975559202764925,0,-0.24356557735157627,8.3417570097416016e-06
307,1492,1493,0,0.59245242917368635,1,0.26091129261934515,0.59246364780198457,1,0.26092251124764337,1.1218628298226285e-05
308,1496,1497,1,0.6196513543293336,1,0.28811021777499241,0.6195979521549575,1,0.2880568156006163,5.3402174376104838e-05
309,1499,1500,0,0.24003311431826369,0,-0.091508022236077513,0.24004452757405442,0,-0.091496608980286775,1.1413255790737598e-05
310,1521,1522,0,0.73011342906779841,1,0.39857229251345722,0.73011650332108469,1,0.39857536676674349,3.0742532862726435e-06
311,1526,1527,1,0.10827037847736977,0,-0.22327075807697144,0.1083356774449013,0,-0.2232054591094399,6.5298967531532415e-05
312,1527,1528,0,0.026881235899734578,0,-0.30465990065460663,0.026924173989253054,0,-0.30461696256508813,4.2938089518475275e-05
313,1534,1535,0,0.083725747713594964,0,-0.24781538884074622,0.083748807702275566,0,-0.24779232885206565,2.3059988680601551e-05
314,1538,1539,1,0.1723695822034409,0,-0.1591715543509003,0.17247876008260846,0,-0.15906237647173274,0.00010917787916756017
315,1543,1544,0,0.19892956980062299,0,-0.13261156675371821,0.19853229951924126,0,-0.13300883703509994,0.0003972702813817286
316,1551,1552,0,0.011630934972321734,0,-0.31991020158201944,0.011620520230017284,0,-0.31992061632432389,1.0414742304450803e-05
317,1559,1560,1,0.16978805847444925,0,-0.16175307807989195,0.16979767874424034,0,-0.16174345781010085,9.6202697910940937e-06
318,1565,1566,0,0.08797659637903564,0,-0.24356454017530554,0.087889929494053901,0,-0.24365120706028731,8.66668849817398e-05
319,1566,1567,0,0.016427665227257849,0,-0.31511347132708334,0.016456532753527573,0,-0.3150846038008136,2.8867526269724109e-05
320,1567,1568,0,0.11837407425535798,0,-0.21316706229898322,0.11837692300686176,0,-0.21316421354747944,2.848751503775615e-06
321,1578,1579,0,0.20303154272890525,0,-0.12850959382543595,0.20301525052257618,0,-0.12852588603176501,1.6292206329066028e-05
322,1579,1580,0,0.15954849137176902,0,-0.17199264518257218,0.15955204931488762,0,-0.17198908723945358,3.5579431185983612e-06
323,1587,1588,0,0.026337385719919563,0,-0.30520375083442164,0.026370970991426261,0,-0.30517016556291493,3.3585271506698239e-05
324,1591,1592,0,0.49912925664295044,1,0.16758812008860924,0.49913424358610559,1,0.16759310703176439,4.9869431551496923e-06
325,1602,1603,0,0.12973058574446161,0,-0.20181055080987959,0.12977264681478837,0,-0.20176848973955283,4.2061070326754324e-05
326,1609,1610,0,0.17285966354620314,0,-0.15868147300813806,0.17290455151658493,0,-0.15863658503775627,4.488797038179615e-05
327,1614,1615,0,0.18186838308777736,0,-0.14967275346656383,0.18188725880690074,0,-0.14965387774744046,1.8875719123373491e-05
328,1626,1627,0,0.19752975817556237,0,-0.13401137837877883,0.19757304757354355,0,-0.13396808898079765,4.3289397981177702e-05
329,1631,1632,0,0.056479828650890657,0,-0.27506130790345051,0.056490736030092914,0,-0.27505040052424828,1.0907379202257372e-05
330,1634,1635,0,0.12586160594737553,0,-0.20567953060696567,0.12581950708729081,0,-0.20572162946705039,4.2098860084716083e-05
331,1637,1638,0,0.62451880556850858,1,0.29297766901416739,0.62451164786725011,1,0.29297051131290891,7.1577012584755906e-06
332,1649,1650,0,0.15658245842355045,0,-0.17495867813079075,0.15659629182623064,0,-0.17494484472811056,1.3833402680185625e-05
333,1654,1655,0,0.21055719514476082,0,-0.12098394140958038,0.21060181501801772,0,-0.12093932153632347,4.4619873256906972e-05
334,1659,1660,0,0.16641645658266349,0,-0.16512467997167771,0.16642188715856127,0,-0.16511924939577993,5.4305758977746255e-06
335,1662,1663,0,0.16985355996063833,0,-0.16168757659370286,0.16985192513884895,0,-0.16168921141549225,1.6348217893868977e-06
336,1664,1665,0,0.12378362367369991,0,-0.20775751288064129,0.12375880033776719,0,-0.20778233621657399,2.4823335932719348e-05
337,1670,1671,0,0.20163464743555162,0,-0.12990648911878958,0.20162782611113111,0,-0.12991331044321008,6.8213244205084234e-06
338,1674,1675,0,0.10560876054475823,0,-0.22593237600958296,0.10562610803093812,0,-0.22591502852340306,1.7347486179888905e-05
339,1675,1676,1,0.16415989181118493,0,-0.16738124474315627,0.16417114437112065,0,-0.16736999218322055,1.1252559935726048e-05
340,1678,1679,0,0.35768032844572373,1,0.026139191891382529,0.35773655956959299,1,0.026195423015251795,5.6231123869265875e-05
341,1684,1685,0,0.072714579369205973,0,-0.25882655718513525,0.072765256499394568,0,-0.25877588005494662,5.0677130188594988e-05
342,1689,1690,1,0.32197387207339695,0,-0.0095672644809442486,0.32197775786127369,0,-0.0095633786930675035,3.8857878767450948e-06
343,1702,1703,1,0.18088191442184484,0,-0.15065922213249636,0.18090908116674956,0,-0.15063205538759164,2.7166744904716378e-05
344,1705,1706,1,0.44543789776591586,1,0.11389676121157466,0.44541423317248224,1,0.11387309661814105,2.3664593433614378e-05
345,1706,1707,0,0.72392083438006849,1,0.39237969782572729,0.72392450290454735,1,0.39238336635020615,3.6685244788614568e-06
346,1707,1708,0,0.040840305795594396,0,-0.29070083075874681,0.040840002656406624,0,-0.29070113389793456,3.0313918777252757e-07
347,1723,1724,0,0.10030963031308913,0,-0.23123150624125205,0.1003081982607892,0,-0.23123293829355202,1.4320522999378138e-06
348,1734,1735,0,0.090708250846692123,0,-0.24083288570764907,0.090705766402871382,0,-0.24083537015146983,2.484443820741089e-06
349,1737,1738,0,0.22400066247907016,0,-0.10754047407527104,0.22399494711492282,0,-0.10754618943941838,5.7153641473406402e-06
350,1743,1744,0,0.21303362859400973,0,-0.11850750796033147,0.21299781530093775,0,-0.11854332125340344,3.5813293071979002e-05
351,1753,1754,0,0.11817926316850616,0,-0.21336187338583504,0.11812433720699991,0,-0.21341679934734128,5.4925961506246956e-05
352,1755,1756,0,0.17739908887608305,0,-0.15414204767825815,0.17740087421388817,0,-0.15414026234045303,1.7853378051213564e-06
353,1757,1758,0,0.58932096450465987,1,0.25777982795031867,0.56686813515952994,1,0.23532699860518874,0.022452829345129932
354,1758,1759,0,0.10034213630500548,0,-0.23119900024933571,0.10033008288188563,0,-0.23121105367245556,1.2053423119842699e-05
355,1759,1760,0,0,0,-0.3315411365543412,0.12511333313659734,0,-0.20642780341774386,0.12511333313659734
356,1768,1769,0,0.12341857044206413,0,-0.20812256611227709,0.12347518724321943,0,-0.20806594931112177,5.6616801155304208e-05
357,1773,1774,1,0.57015679473519354,1,0.23861565818085234,0.57017989150088721,1,0.23863875494654602,2.3096765693675358e-05
358,1784,1785,0,0.22202522214472059,0,-0.10951591440962061,0.22205363013048099,0,-0.10948750642386021,2.8407985760398047e-05
359,1788,1789,0,0.15197401035776983,0,-0.17956712619657136,0.15199770569972687,0,-0.17954343085461433,2.3695341957036264e-05
360,1794,1795,1,0.18011023843556262,0,-0.15143089811877858,0.18012774925462904,0,-0.15141338729971215,1.7510819066424155e-05
361,1795,1796,0,0.35968930569093294,1,0.028148169136591739,0.35970231551058945,1,0.028161178956248256,1.3009819656517596e-05
362,1813,1814,0,0.53681572076741924,1,0.20527458421307804,0.53672914364741431,1,0.20518800709307311,8.6577120004927011e-05
363,1817,1818,0,0.2386797227119567,0,-0.092861413842384499,0.23867565028191617,0,-0.092865486272425024,4.0724300405248215e-06
364,1821,1822,0,0.045007842228988487,0,-0.28653329432535268,0.045056767797673827,0,-0.28648436875666738,4.8925568685340148e-05
365,1825,1826,0,0.069570610966711688,0,-0.26197052558762951,0.06957057078758154,0,-0.26197056576675964,4.0179130147977027e-08
366,1830,1831,1,0.17985893509300821,0,-0.15168220146133299,0.17987704678909108,0,-0.15166408976525012,1.8111696082873108e-05
367,1835,1836,1,0.60740346431296133,1,0.27586232775862013,0.60741897552649782,1,0.27587783897215662,1.5511213536489876e-05
368,1837,1838,1,0.10009654821045753,0,-0.23144458834388365,0.10009981192397772,0,-0.23144132463036349,3.2637135201907252e-06
369,1840,1841,0,0.17182771326350152,0,-0.15971342329083968,0.17166231632906306,0,-0.15987882022527813,0.00016539693443845538
370,1843,1844,1,0.12933892019890489,0,-0.20220221635543631,0.12933818117238546,0,-0.20220295538195573,7.3902651942514552e-07
371,1844,1845,0,0.43159865407986553,1,0.10005751752552433,0.42772780237292451,1,0.096186665818583317,0.0038708517069410142
372,1860,1861,0,0.20625708908496929,0,-0.12528404746937191,0.20626141589998948,0,-0.12527972065435172,4.3268150201891675e-06
373,1888,1889,0,0.60731271556860988,1,0.27577157901426869,0.60736032793465577,1,0.27581919138031458,4.7612366045890475e-05
374,1894,1895,1,0.72543829464859222,1,0.39389715809425102,0.725418887916918,1,0.3938777513625768,1.9406731674220801e-05
375,1902,1903,0,0.087809147423504319,0,-0.24373198913083688,0.087822672231190155,0,-0.24371846432315103,1.3524807685835749e-05
376,1911,1912,0,0.11839240106237747,0,-0.21314873549196373,0.11839821049293767,0,-0.21314292606140353,5.8094305601941176e-06
377,1932,1933,0,0.12701469293939463,0,-0.20452644361494657,0.1269962480778466,0,-0.2045448884764946,1.8444861548033709e-05
378,1933,1934,0,0.21625624952135056,0,-0.11528488703299064,0.21626848410777624,0,-0.11527265244656495,1.2234586425685645e-05
379,1935,1936,0,0.12756777487497362,0,-0.20397336167936758,0.12745919848609455,0,-0.20408193806824665,0.00010857638887906695
380,1942,1943,0,0.053467903903458833,0,-0.27807323265088235,0.053502944349537396,0,-0.2780381922048038,3.5040446078563048e-05
381,1949,1950,0,0.015824529524220161,0,-0.31571660703012105,0.015869219544690578,0,-0.31567191700965064,4.4690020470417036e-05
382,1951,1952,0,0.068293289054560294,0,-0.26324784749978092,0.068325008119601197,0,-0.26321612843474002,3.1719065040902716e-05
383,1956,1957,1,0.85247464377649285,1,0.5209335072221517,0.85231738980329808,1,0.52077625324895682,0.00015725397319477086
384,1960,1961,1,0.63940227229626545,1,0.30786113574192425,0.63939042096843623,1,0.30784928441409504,1.1851327829215386e-05
385,1961,1962,0,0.020030187687767015,0,-0.31151094886657416,0.0200301917343093,0,-0.31151094482003189,4.0465422852797861e-09
386,1966,1967,0,0.43290575066866466,1,0.10136461411432346,0.43291083587528972,1,0.10136969932094853,5.0852066250661743e-06
387,1972,1973,0,0.078243661215790281,0,-0.2532974753385509,0.078254993602922415,0,-0.25328614295141877,1.1332387132134691e-05
388,1976,1977,0,0.22353459083769703,0,-0.10800654571664417,0.22345838005072793,0,-0.10808275650361326,7.6210786969094224e-05
389,1978,1979,0,0.15640847653839032,0,-0.17513266001595088,0.15641183332807285,0,-0.17512930322626835,3.3567896825237309e-06
390,1981,1982,1,0.79444970456581032,1,0.46290856801146912,0.794441673979424,1,0.4629005374250828,8.0305863863205929e-06
391,1988,1989,0,0.70787508243592767,1,0.37633394588158647,0.7079253366516518,1,0.37638420009731061,5.0254215724132578e-05
392,1989,1990,1,0.10544956070875672,0,-0.22609157584558448,0.1054731371369793,0,-0.22606799941736189,2.3576428222579771e-05
393,1994,1995,0,0.2746875683719131,0,-0.056853568182428094,0.27466529813439866,0,-0.056875838419942537,2.2270237514443458e-05
394,2003,2004,1,0.71496805333866975,1,0.38342691678432855,0.71496080162636111,1,0.38341966507201991,7.2517123086424107e-06
395,2008,2009,1,0.2850881645667987,0,-0.046452971987542502,0.28498688711688092,0,-0.046554249437460282,0.00010127744991778043
396,2015,2016,1,0.16782254753041728,0,-0.16371858902392392,0.16776153624766868,0,-0.16377960030667252,6.1011282748602014e-05
397,2023,2024,0,0.08589436817515958,0,-0.24564676837918162,0.085906244218325184,0,-0.24563489233601601,1.1876043165603978e-05
398,2030,2031,0,0.050847282628780847,0,-0.28069385392556034,0.050751272876165432,0,-0.28078986367817577,9.60097526154155e-05
399,2034,2035,0,0.154004395603385,0,-0.1775367409509562,0.15396142783698855,0,-0.17757970871735265,4.2967766396451168e-05
400,2036,2037,0,0.059982823735661758,0,-0.27155831281867943,0.059984147924187901,0,-0.27155698863015332,1.3241885261430775e-06
401,2045,2046,1,0.78294863043219187,1,0.45140749387785067,0.78294635511335331,1,0.45140521855901211,2.2753188385626899e-06
402,2052,2053,0,0.25244087574718682,0,-0.079100260807154377,0.25242927500610141,0,-0.079111861548239792,1.1600741085415756e-05
403,2054,2055,0,0.19949184143007018,0,-0.13204929512427102,0.19972492684209853,0,-0.13181620971224267,0.00023308541202834987
404,2070,2071,0,0.071215177953723049,0,-0.26032595860061813,0.071204118782730697,0,-0.2603370177716105,1.1059170992352985e-05
405,2073,2074,0,0.086662281826841464,0,-0.24487885472749973,0.086665099308495558,0,-0.24487603724584564,2.8174816540937897e-06
406,2076,2077,0,0.27777933464581062,0,-0.053761801908530582,0.27777895079200987,0,-0.053762185762331327,3.8385380074501541e-07
407,2079,2080,0,0.67972246646635825,1,0.34818132991201706,0.67975989092715394,1,0.34821875437281274,3.7424460795687509e-05
408,2080,2081,0,0.014682072728579529,0,-0.31685906382576168,0.01473196980335663,0,-0.31680916675098458,4.9897074777101313e-05
409,2081,2082,0,0.11061063668732103,0,-0.22093049986702018,0.11064631916078745,0,-0.22089481739355377,3.5682473466414066e-05
410,2082,2083,0,0.30400480067875085,0,-0.027536335875590345,0.30658878490657204,0,-0.024952351647769155,0.00258398422782119
411,2085,2086,0,0.42505989804393185,1,0.093518761489590652,0.42461715839776759,1,0.093076021843426393,0.00044273964616425854
412,2090,2091,0,0.28839888843975592,0,-0.04314224811458528,0.28833964740417523,0,-0.043201489150165973,5.9241035580692714e-05
413,2091,2092,0,0.61763048191768399,1,0.2860893453633428,0.61777128081074562,1,0.28623014425640442,0.00014079889306162219
414,2092,2093,0,0.17426191543374231,0,-0.15727922112059889,0.17408668241835337,0,-0.15745445413598783,0.00017523301538893699
415,2101,2102,0,0.75711786191129671,1,0.42557672535695551,0.75693828840948074,1,0.42539715185513954,0.0001795735018159661
416,2103,2104,0,0.11261143675556307,0,-0.21892969979877813,0.11266560627434513,0,-0.21887553027999607,5.4169518782065662e-05
417,2109,2110,0,0.0878798135884927,0,-0.2436613229658485,0.087858253491416932,0,-0.24368288306292427,2.1560097075767892e-05
418,2113,2114,1,0.17436489683792294,0,-0.15717623971641825,0.17453419602471953,0,-0.15700694052962166,0.00016929918679658984
419,2116,2117,1,0.043748614586842614,0,-0.2877925219674986,0.043736294583481425,0,-0.28780484197085976,1.2320003361189491e-05
420,2133,2134,0,0.080296926333812926,0,-0.25124421022052829,0.079383986003266391,0,-0.25215715055107479,0.00091294033054653556
421,2139,2140,1,0.22437977644309273,0,-0.10716136011124847,0.22437568365181809,0,-0.10716545290252311,4.0927912746402395e-06
422,2141,2142,0,0.22841215128228354,0,-0.10312898527205766,0.22838744656698737,0,-0.10315368998735383,2.470471529616991e-05
423,2150,2151,0,0.050192396416293923,0,-0.28134874013804728,0.050190715022997864,0,-0.28135042153134332,1.6813932960588196e-06
424,2151,2152,0,0.17993073189763073,0,-0.15161040465671047,0.17983627765495125,0,-0.15170485889938995,9.4454242679481437e-05
425,2154,2155,0,0.13086687448498191,0,-0.20067426206935929,0.13092486857531516,0,-0.20061626797902604,5.799409033324654e-05
426,2155,2156,1,0.6794789649134626,1,0.3479378283591214,0.67945740092039009,1,0.34791626436604889,2.1563993072515331e-05
427,2156,2157,1,0.055434448235459545,0,-0.27610668831888163,0.05549066128449337,0,-0.27605047526984783,5.6213049033825013e-05
428,2159,2160,0,0.45448749165578384,1,0.12294635510144264,0.4529048018280466,1,0.1213636652737054,0.0015826898277372381
429,2170,2171,0,0.069084815539850283,0,-0.2624563210144909,0.069131719491245441,0,-0.26240941706309573,4.6903951395158017e-05
430,2171,2172,0,0.031373515351352722,0,-0.30016762120298845,0.031366768508701383,0,-0.30017436804563979,6.746842651339513e-06
431,2175,2176,0,0.12962162055681645,0,-0.20191951599752475,0.12962779062376156,0,-0.20191334593057964,6.170066945115904e-06
432,2183,2184,0,0.15167275219483228,0,-0.17986838435950891,0.151644710101625,0,-0.1798964264527162,2.8042093207281127e-05
433,2187,2188,1,0.40087115152522435,1,0.069330014970883147,0.40087984128923237,1,0.069338704734891177,8.6897640080296767e-06
434,2194,2195,0,0.1836124508763913,0,-0.14792868567794989,0.18362819440779954,0,-0.14791294214654166,1.5743531408235478e-05
435,2200,2201,1,0.20700088975535338,0,-0.12454024679898781,0.20700865677331326,0,-0.12453247978102794,7.7670179598754441e-06
436,2203,2204,0,0.19334660227470343,0,-0.13819453427963777,0.19337201687640221,0,-0.13816911967793899,2.5414601698775519e-05
437,2206,2207,0,0.13317422620485289,0,-0.19836691034948831,0.1331571854508917,0,-0.1983839511034495,1.7040753961194977e-05
438,2213,2214,0,0.10443125717022224,0,-0.22710987938411897,0.10444208950649445,0,-0.22709904704784675,1.0832336272206811e-05
439,2214,2215,0,0.24346599871961558,0,-0.08807513783472562,0.24348700843746368,0,-0.088054128116877517,2.1009717848102794e-05
440,2215,2216,0,0.28043590461563378,0,-0.051105231938707418,0.28042926151905923,0,-0.051111875035281973,6.6430965745545301e-06
441,2219,2220,1,0.28799824006630492,0,-0.043542896488036276,0.28797208726773704,0,-0.043569049286604156,2.6152798567879998e-05
442,2225,2226,1,0.10973047485544711,0,-0.22181066169889407,0.10972992081549503,0,-0.22181121573884616,5.5403995208314072e-07
443,2228,2229,0,0.14667845916309755,0,-0.18486267739124365,0.14648017242526604,0,-0.18506096412907516,0.00019828673783151007
444,2237,2238,0,0.037011613776377711,0,-0.29452952277796351,0.037047979685074534,0,-0.29449315686926669,3.6365908696822657e-05
445,2240,2241,0,0.15804366397692451,0,-0.17349747257741668,0.1580450336476252,0,-0.17349610290671599,1.3696707006904951e-06
446,2243,2244,1,0.63929874845796431,1,0.30775761190362311,0.63922761736388578,1,0.30768648080954458,7.1131094078524804e-05
447,2245,2246,0,0.19365633159884107,0,-0.13788480495550012,0.19364235660444043,0,-0.13789877994990077,1.3974994400645091e-05
448,2246,2247,0,0.095083318583671014,0,-0.23645781797067017,0.095133053109400789,0,-0.23640808344494041,4.9734525729774881e-05
449,2247,2248,1,0.56780895933486253,1,0.23626782278052133,0.56784724460564606,1,0.23630610805130486,3.8285270783533498e-05
450,2251,2252,0,0.67592072981787865,1,0.34437959326353745,0.67593176908681962,1,0.34439063253247842,1.103926894097107e-05
451,2253,2254,0,0.11234547193758888,0,-0.21919566461675233,0.11223799955703452,0,-0.21930313699730669,0.00010747238055436314
452,2254,2255,0,0.14474582692181973,0,-0.18679530963252147,0.14478841026079312,0,-0.18675272629354808,4.2583338973389839e-05
453,2255,2256,0,0.50196825529945821,1,0.17042711874511701,0.50194755549366576,1,0.17040641893932457,2.069980579244568e-05
454,2261,2262,1,0.094224126568515532,0,-0.23731700998582567,0.094263891065548638,0,-0.23727724548879256,3.9764497033106805e-05
455,2267,2268,0,0.1364377001477069,0,-0.1951034364066343,0.13644246565920523,0,-0.19509867089513597,4.7655114983335967e-06
456,2268,2269,1,0.67196915719816763,1,0.34042802064382643,0.67193507069271108,1,0.34039393413836988,3.4086505456554228e-05
457,2270,2271,0,0.10452945875892823,0,-0.22701167779541298,0.10450890990505841,0,-0.2270322266492828,2.0548853869817307e-05
458,2274,2275,0,0.15320068112570923,0,-0.17834045542863197,0.15327352438263159,0,-0.17826761217170961,7.2843256922361377e-05
459,2284,2285,1,0.13235496318196946,0,-0.19918617337237174,0.13235030328441025,0,-0.19919083326993095,4.6598975592115899e-06
460,2291,2292,0,0.45002002548595765,1,0.11847888893161646,0.45003014262515884,1,0.11848900607081764,1.011713920118229e-05
461,2300,2301,0,0.63878649264402965,1,0.30724535608968845,0.63899468963232631,1,0.30745355307798511,0.00020819698829666056
462,2306,2307,0,0.16944404289644838,0,-0.16209709365789282,0.16944329845524461,0,-0.16209783809909659,7.4444120376493395e-07
463,2310,2311,0,0.45470457360960354,1,0.12316343705526234,0.45485178981648716,1,0.12331065326214596,0.00014721620688362691
464,2314,2315,0,0.051197728448722744,0,-0.28034340810561847,0.051162084403901312,0,-0.2803790521504399,3.564404482143263e-05
465,2317,2318,0,0.21248028466778662,0,-0.11906085188655458,0.21254442148909447,0,-0.11899671506524673,6.413682130784748e-05
466,2321,2322,0,0.44191253625262211,1,0.11037139969828091,0.44190694332066333,1,0.11036580676632213,5.5929319587866289e-06
467,2325,2326,0,0.17630889380166145,0,-0.15523224275267974,0.17631913834558163,0,-0.15522199820875957,1.0244543920179261e-05
468,2329,2330,0,0.1316995704221354,0,-0.1998415661322058,0.13166560558531953,0,-0.19987553096902166,3.3964836815864041e-05
469,2333,2334,0,0.25768034342193719,0,-0.073860793132404012,0.25768633424802978,0,-0.073854802306311418,5.9908260925944923e-06
470,2335,2336,0,0.11649775861696333,0,-0.21504337793737788,0.11640480859303061,0,-0.2151363279613106,9.2950023932725223e-05
471,2353,2354,0,0.031012397199936606,0,-0.30052873935440461,0.031010230530518216,0,-0.30053090602382299,2.166669418390138e-06
472,2360,2361,0,0.25702374744490919,0,-0.074517389109432008,0.25702871004653843,0,-0.074512426507802765,4.9626016292436681e-06
473,2366,2367,0,0.096018259652161334,0,-0.23552287690217988,0.096023984303841306,0,-0.23551715225049991,5.7246516799724922e-06
474,2368,2369,0,0.018806495732223247,0,-0.31273464082211794,0.018817801578121764,0,-0.31272333497621946,1.1305845898517547e-05
475,2369,2370,0,0.13798704076950788,0,-0.19355409578483332,0.13798546361022651,0,-0.19355567294411469,1.5771592813684787e-06
476,2370,2371,0,0.11396380974195712,0,-0.21757732681238406,0.11421758356627781,0,-0.21732355298806338,0.00025377382432069384
477,2374,2375,1,0.72820937492623672,1,0.39666823837189552,0.72819464816177182,1,0.39665351160743062,1.4726764464900732e-05
478,2381,2382,0,0.027541630259657241,0,-0.30399950629468397,0.027558261145681141,0,-0.30398287540866004,1.6630886023900199e-05
479,2386,2387,0,0.17626088270536872,0,-0.15528025384897248,0.17617397068234314,0,-0.15536716587199806,8.6912023025575991e-05
480,2390,2391,1,0.45272294923922157,1,0.12118181268488037,0.45270713281380093,1,0.12116599625945973,1.5816425420644986e-05
481,2395,2396,0,0.049625142402158179,0,-0.28191599415218305,0.04962652875921883,0,-0.28191460779512234,1.3863570606509334e-06
482,2401,2402,0,0.15841359921175141,0,-0.17312753734258979,0.15839389057405456,0,-0.17314724598028663,1.9708637696846942e-05
483,2403,2404,1,0.19877049706101152,0,-0.13277063949332968,0.19875801865681594,0,-0.13278311789752525,1.2478404195576109e-05
484,2417,2418,1,0.71570278181246516,1,0.38416164525812396,0.71566723792492837,1,0.38412610137058717,3.5543887536793051e-05
485,2418,2419,0,0.17899675904520684,0,-0.15254437750913435,0.17899668575016209,0,-0.15254445080417911,7.3295044755727901e-08
486,2421,2422,1,0.85798580412929959,1,0.52644466757495834,0.85799669617918295,1,0.5264555596248417,1.0892049883359789e-05
487,2422,2423,0,0.13307016168016925,0,-0.19847097487417195,0.13308241643855331,0,-0.19845872011578788,1.2254758384067088e-05
488,2425,2426,0,0.49372504384143051,1,0.16218390728708931,0.4935624086352024,1,0.1620212720808612,0.00016263520622811223
489,2426,2427,0,0.42060038464691146,1,0.089059248092570265,0.42063948012559649,1,0.08909834357125529,3.9095478685025054e-05
490,2430,2431,1,0.19438868030234191,0,-0.13715245625199929,0.19420408871364989,0,-0.13733704784069131,0.00018459158869202352
491,2432,2433,1,0.64810412168982712,1,0.31656298513548592,0.6480909976815008,1,0.3165498611271596,1.3124008326315106e-05
492,2442,2443,0,0.054139873429457301,0,-0.27740126312488389,0.054175811681293644,0,-0.27736532487304755,3.5938251836342694e-05
493,2443,2444,0,0.43435751260156813,1,0.10281637604722693,0.43452123691877947,1,0.10298010036443828,0.00016372431721134451
494,2444,2445,0,0.18790291090720748,0,-0.14363822564713372,0.18793014613886957,0,-0.14361099041547162,2.723523166209274e-05
495,2453,2454,0,0.24088226447676828,0,-0.090658872077572922,0.24087731102345275,0,-0.090663825530888448,4.9534533155259908e-06
496,2454,2455,0,0.059293986978205405,0,-0.27224714957613577,0.059297299953099583,0,-0.27224383660124163,3.3129748941776449e-06
497,2457,2458,0,0.60307054377607994,1,0.27152940722173874,0.60307093326346817,1,0.27152979670912697,3.8948738823041396e-07
498,2460,2461,0,0.026181780668896839,0,-0.30535935588544438,0.026120335682506674,0,-0.30542080087183454,6.1444986390164769e-05
499,2465,2466,1,0.60725725038400813,1,0.27571611382966693,0.6072510381126367,1,0.2757099015582955,6.2122713714307665e-06
500,2470,2471,1,0.73304964885345436,1,0.40150851229911316,0.73304306704527289,1,0.40150193049093169,6.5818081814716933e-06
501,2471,2472,1,0.73733554355855069,1,0.40579440700420949,0.73734592772431196,1,0.40580479116997076,1.0384165761267994e-05
502,2473,2474,0,0.077813289179504877,0,-0.25372784737483633,0.077825103392203346,0,-0.25371603316213787,1.1814212698468829e-05
503,2478,2479,0,0.20587099515966653,0,-0.12567014139467467,0.20593095769048428,0,-0.12561017886385692,5.9962530817747606e-05
504,2479,2480,0,0.055620523889395243,0,-0.27592061266494594,0.055083297960058418,0,-0.2764578385942828,0.00053722592933682506
505,2481,2482,0,0.078000611953411916,0,-0.2535405246009293,0.078004133900580003,0,-0.25353700265376122,3.5219471680864034e-06
506,2484,2485,0,0.50233312694348031,1,0.17079199038913911,0.50259905107708402,1,0.17105791452274283,0.00026592413360371214
507,2489,2490,0,0.29183008583642678,0,-0.03971105071791442,0.29181387617499926,0,-0.039727260379341933,1.6209661427513122e-05
508,2493,2494,0,0.037389369685364604,0,-0.29415176686897659,0.037052264686355724,0,-0.29448887186798545,0.00033710499900888036
509,2494,2495,1,0.45998107796343785,1,0.12843994140909665,0.46004303835304011,1,0.12850190179869891,6.1960389602266908e-05
510,2497,2498,0,0.080770170919791828,0,-0.25077096563454937,0.080766589245763826,0,-0.2507745473085774,3.5816740280025794e-06
511,2503,2504,1,0.20528346561995109,0,-0.12625767093439011,0.20529090661064386,0,-0.12625022994369733,7.4409906927752623e-06
512,2508,2509,0,0.067457907243444901,0,-0.26408322931089628,0.067564077189743915,0,-0.26397705936459726,0.00010616994629901455
513,2522,2523,0,0.10675294012705815,0,-0.22478819642728304,0.10677633756487113,0,-0.22476479898947005,2.3397437812988642e-05
514,2524,2525,0,0.13447661229362937,0,-0.19706452426071183,0.13448410863559537,0,-0.19705702791874583,7.496341966006792e-06
515,2535,2536,0,0.19581889307660164,0,-0.13572224347773956,0.19583346481397321,0,-0.13570767174036799,1.4571737371571469e-05
516,2538,2539,0,0.11646713995382542,0,-0.21507399660051579,0.11655654548193593,0,-0.21498459107240525,8.9405528110514387e-05
517,2543,2544,0,0.10239977509302413,0,-0.22914136146131708,0.10246040077638131,0,-0.2290807357779599,6.062568335718499e-05
518,2544,2545,1,0.12818919061943923,0,-0.20335194593490197,0.12811389680773402,0,-0.20342723974660717,7.5293811705207103e-05
519,2551,2552,0,0.13326665556626632,0,-0.19827448098807487,0.13324545220230649,0,-0.19829568435203471,2.1203363959831911e-05
520,2552,2553,1,0.16382592818698477,0,-0.16771520836735643,0.16379500816722248,0,-0.16774612838711872,3.092001976229275e-05
521,2559,2560,0,0.18489811265298128,0,-0.14664302390135991,0.18487185902081479,0,-0.1466692775335264,2.6253632166489682e-05
522,2562,2563,1,0.69241223750021019,1,0.36087110094586899,0.69235400719950557,1,0.36081287064516437,5.8230300704620319e-05
523,2563,2564,0,0.18941939499434834,0,-0.14212174155999285,0.18947588965179668,0,-0.14206524690254452,5.6494657448336039e-05
524,2565,2566,0,0.17669947532985075,0,-0.15484166122449045,0.17670258060121186,0,-0.15483855595312934,3.105271361103501e-06
525,2568,2569,0,0.34997150108636754,1,0.018430364532026344,0.34994582432406657,1,0.01840468776972537,2.5676762300974598e-05
526,2573,2574,0,0.18030419305880824,0,-0.15123694349553296,0.18030642161703456,0,-0.15123471493730664,2.2285582263192882e-06
527,2581,2582,0,0.34230278460980834,1,0.010761648055467143,0.34240061362133006,1,0.010859477066988865,9.7829011521721743e-05
528,2584,2585,0,0.27175953966386263,0,-0.059781596890478572,0.27167090897296592,0,-0.059870227581375279,8.8630690896707165e-05
529,2590,2591,0,0.18523369219794969,0,-0.14630744435639151,0.18527425796742608,0,-0.14626687858691512,4.0565769476391678e-05
530,2593,2594,0,0.203078078054482,0,-0.1284630584998592,0.20309107784339669,0,-0.1284500587109445,1.2999788914697108e-05
531,2604,2605,0,0.078293342034746083,0,-0.25324779451959512,0.078299468958066804,0,-0.25324166759627442,6.1269233207206231e-06
532,2607,2608,1,0.2671312128736415,0,-0.064409923680699699,0.26713391108583184,0,-0.064407225468509355,2.6982121903440515e-06
533,2610,2611,0,0.0075225823969065943,0,-0.32401855415743458,0.0075414820731757549,0,-0.32399965448116547,1.8899676269160635e-05
534,2615,2616,0,0.1168894797865211,0,-0.21465165676782011,0.11676689285272163,0,-0.21477424370161957,0.00012258693379947616
535,2618,2619,0,0.07444320414150242,0,-0.25709793241283879,0.074409664388915109,0,-0.25713147216542609,3.3539752587311011e-05
536,2631,2632,0,0.12403314326037386,0,-0.20750799329396735,0.12392911625059279,0,-0.20761202030374842,0.00010402700978107138
537,2634,2635,1,0.34981071592521701,1,0.01826957937087581,0.34985780826049412,1,0.018316671706152921,4.7092335277110209e-05
538,2638,2639,0,0.16137005041816904,0,-0.17017108613617216,0.16138183736711836,0,-0.17015929918722283,1.1786948949321641e-05
539,2639,2640,0,0.050480698960684252,0,-0.28106043759365695,0.050482964390651947,0,-0.28105817216368922,2.2654299676946876e-06
540,2642,2643,0,0.20182918767237457,0,-0.12971194888196663,0.2018211436163044,0,-0.12971999293803679,8.0440560701611208e-06
541,2644,2645,1,0.37441806659784771,1,0.042876930043506511,0.37442355904669278,1,0.04288242249235158,5.4924488450680542e-06
542,2655,2656,1,0.32082437088343757,0,-0.010716765670903627,0.32083214418847239,0,-0.010708992365868808,7.7733050348194332e-06
543,2656,2657,1,0.38220791707146085,1,0.050666780517119647,0.38221554358328524,1,0.050674407028944046,7.626511824398996e-06
544,2660,2661,1,0.25789307171661485,0,-0.073648064837726346,0.25764988566701474,0,-0.073891250887326454,0.00024318604960010815
545,2665,2666,0,0.080882668562532622,0,-0.25065846799180858,0.0808845019188935,0,-0.25065663463544768,1.8333563608780024e-06
546,2669,2670,1,0.23776319277172223,0,-0.093777943782618972,0.23776179078411325,0,-0.093779345770227951,1.4019876089788053e-06
547,2671,2672,1,0.30874553836833085,0,-0.022795598186010346,0.30893633323555036,0,-0.022604803318790834,0.00019079486721951255
548,2674,2675,0,0.11154476873757578,0,-0.2199963678167654,0.11158507785634995,0,-0.21995605869799123,4.0309118774173314e-05
549,2682,2683,0,0.21074601987850072,0,-0.12079511667584047,0.21076658120458902,0,-0.12077455534975218,2.0561326088297527e-05
550,2686,2687,0,0.019181608131021897,0,-0.31235952842331932,0.019183115719588216,0,-0.312358020834753,1.5075885663184962e-06
551,2688,2689,1,0.061968250874842069,0,-0.26957288567949911,0.062044920131176462,0,-0.26949621642316474,7.6669256334392644e-05
552,2697,2698,0,0.1765211701041535,0,-0.1550199664501877,0.17636014264179709,0,-0.15518099391254411,0.00016102746235641119
553,2698,2699,0,0.17171670056697666,0,-0.15982443598736454,0.171744062879432,0,-0.1597970736749092,2.7362312455342375e-05
554,2701,2702,0,0.19371625329576833,0,-0.13782488325857287,0.19370264581534857,0,-0.13783849073899263,1.3607480419758344e-05
555,2702,2703,0,0.1270096146995893,0,-0.2045315218547519,0.12701440926084193,0,-0.20452672729349927,4.794561252630114e-06
556,2705,2706,0,0.06020090090649137,0,-0.27134023564784981,0.06020045967014262,0,-0.27134067688419861,4.4123634874992934e-07
557,2706,2707,1,0.61178457779014628,1,0.28024344123580508,0.61174098048980241,1,0.28019984393546121,4.3597300343867218e-05
558,2709,2710,0,0.11032110214821028,0,-0.22122003440613092,0.11031910540164268,0,-0.22122203115269851,1.9967465676035134e-06
559,2710,2711,0,0.058256375936858472,0,-0.27328476061748275,0.058267648151250781,0,-0.2732734884030904,1.1272214392309132e-05
560,2711,2712,0,0.24463409728014726,0,-0.086907039274193937,0.24463924446211932,0,-0.086901892092221877,5.1471819720594336e-06
561,2712,2713,0,0.24174950909068504,0,-0.089791627463656154,0.24176464210609705,0,-0.089776494448244148,1.5133015412005513e-05
562,2719,2720,0,0.087990585938132859,0,-0.24355055061620834,0.087993131791593945,0,-0.24354800476274724,2.5458534610861561e-06
563,2723,2724,0,0.13195417037590834,0,-0.19958696617843286,0.13194903858754076,0,-0.19959209796680044,5.1317883675849885e-06
564,2727,2728,0,0.14859829745650585,0,-0.18294283909783535,0.14859324052003756,0,-0.18294789603430364,5.0569364682950813e-06
565,2731,2732,1,0.11754622795778685,0,-0.21399490859655435,0.11754994705632331,0,-0.21399118949801788,3.7190985364560225e-06
566,2733,2734,0,0.31987554466047824,0,-0.011665591893862959,0.31988887041275921,0,-0.011652266141581991,1.3325752280968217e-05
567,2746,2747,1,0.60958189504679328,1,0.27804075849245208,0.60966309848335987,1,0.27812196192901867,8.1203436566590348e-05
568,2747,2748,0,0.024424569130990132,0,-0.30711656742335108,0.024483739635394346,0,-0.30705739691894685,5.9170504404213592e-05
569,2751,2752,0,0.26835496070577058,0,-0.063186175848570614,0.26834304566241479,0,-0.063198090891926406,1.191504335579241e-05
570,2758,2759,0,0.081089429107559077,0,-0.25045170744678213,0.081082304411380673,0,-0.2504588321429605,7.1246961784038332e-06
571,2766,2767,0,0.022852310627984554,0,-0.30868882592635666,0.022828286208688851,0,-0.30871285034565232,2.4024419295703286e-05
572,2775,2776,0,0.1078069147451144,0,-0.22373422180922681,0.10782073873910247,0,-0.22372039781523873,1.382399398806855e-05
573,2776,2777,1,0.66457565282584574,1,0.33303451627150454,0.66447545832625921,1,0.33293432177191801,0.0001001944995865367
574,2777,2778,0,0.16295008391706067,0,-0.16859105263728053,0.16296227880438127,0,-0.16857885774995993,1.2194887320599035e-05
575,2780,2781,1,0.085898583253066318,0,-0.24564255330127488,0.085934544328772858,0,-0.24560659222556835,3.5961075706539281e-05
576,2793,2794,0,0.13595654227239648,0,-0.19558459428194472,0.13596296346574849,0,-0.19557817308859271,6.4211933520075259e-06
577,2804,2805,0,0.16626723254451023,0,-0.16527390400983097,0.16613375321380286,0,-0.16540738334053834,0.00013347933070737006
578,2807,2808,0,0.20922987117518338,0,-0.12231126537915782,0.20912001763605403,0,-0.12242111891828716,0.00010985353912934537
579,2816,2817,0,0.10122111530226023,0,-0.23032002125208095,0.10136566704585651,0,-0.23017546950848469,0.00014455174359627454
580,2820,2821,0,0.38864917139245492,1,0.057108034838113719,0.38865126617685353,1,0.057110129622512329,2.0947843986096615e-06
581,2826,2827,0,0.030595217914697201,0,-0.30094591863964398,0.030592954692811123,0,-0.30094818186153005,2.2632218860778319e-06
582,2827,2828,0,0.05843907238727377,0,-0.27310206416706745,0.058439273869445564,0,-0.27310186268489561,2.0148217179383199e-07
583,2831,2832,0,0.21306636656651018,0,-0.11847476998783102,0.21485512264650536,0,-0.11668601390783584,0.0017887560799951796
584,2833,2834,0,0.11600657420774432,0,-0.21553456234659688,0.11598231622744655,0,-0.21555882032689466,2.4257980297773263e-05
585,2835,2836,1,0.68011859978180889,1,0.34857746322746769,0.68006746498304649,1,0.34852632842870529,5.1134798762397793e-05
586,2836,2837,0,0.039154167482843193,0,-0.29238696907149803,0.039163585849348641,0,-0.29237755070499255,9.4183665054481391e-06
587,2840,2841,0,0.01904175403717151,0,-0.31249938251716969,0.019044004026145242,0,-0.31249713252819594,2.2499889737320755e-06
588,2854,2855,1,0.69495534917458768,1,0.36341421262024648,0.69497862389446197,1,0.36343748734012077,2.3274719874288863e-05
589,2856,2857,0,0.3065246181288086,0,-0.025016518425532597,0.30615497068564218,0,-0.025386165868699018,0.00036964744316642095
590,2859,2860,0,0.34570631371857524,1,0.014165177164234044,0.34526422771473858,1,0.013723091160397383,0.00044208600383666141
591,2866,2867,0,0.069783664197257456,0,-0.26175747235708374,0.06979010788676826,0,-0.26175102866757294,6.443689510804429e-06
592,2872,2873,0,0.14791152997358634,0,-0.18362960658075486,0.14761851247976174,0,-0.18392262407457946,0.00029301749382459885
593,2884,2885,0,0.083681884125268724,0,-0.24785925242907247,0.083669968256279981,0,-0.24787116829806122,1.1915868988743306e-05
594,2885,2886,0,0.16577612819814011,0,-0.16576500835620109,0.16564218244257076,0,-0.16589895411177044,0.00013394575556935351
595,2901,2902,0,0.34088349927294098,1,0.0093423627185997837,0.34091466086182931,1,0.0093735243074881125,3.1161588888328762e-05
596,2907,2908,1,0.13644146758988318,0,-0.19509966896445802,0.13644395263585907,0,-0.19509718391848213,2.4850459758862797e-06
597,2908,2909,1,0.27058357312915232,0,-0.060957563425188876,0.2705793312161866,0,-0.060961805338154595,4.2419129657189636e-06
598,2909,2910,0,0.184949765097327,0,-0.1465913714570142,0.18495525553955328,0,-0.14658588101478792,5.4904422262802566e-06
599,2918,2919,1,0.10049365445579894,0,-0.23104748209854226,0.10049542617723788,0,-0.23104571037710331,1.7717214389340041e-06
600,2931,2932,0,0.29703363157544532,0,-0.034507504978895875,0.29704188139567195,0,-0.034499255158669251,8.2498202266245713e-06
601,2936,2937,0,0.12189609008405944,0,-0.20964504647028176,0.12203977793118584,0,-0.20950135862315536,0.00014368784712640026
602,2939,2940,0,0.023735153013285836,0,-0.30780598354105537,0.023772223008828915,0,-0.30776891354551228,3.7069995543079215e-05
603,2945,2946,0,0.15131914477341615,0,-0.18022199178092504,0.1512656737012561,0,-0.1802754628530851,5.3471072160055089e-05
604,2949,2950,0,0.099468542240521957,0,-0.23207259431381924,0.09968107800522652,0,-0.23186005854911468,0.00021253576470456337
605,2951,2952,0,0.25053009017684863,0,-0.081011046377492568,0.25039995418153066,0,-0.081141182372810539,0.00013013599531797038
606,2952,2953,0,0.41721711459075356,1,0.085675978036412359,0.4172399607349,1,0.085698824180558797,2.2846144146437819e-05
607,2966,2967,0,0.13342894302224115,0,-0.19811219353210005,0.13339415706094171,0,-0.19814697949339949,3.4785961299438339e-05
608,2976,2977,1,0.17190517924549115,0,-0.15963595730885005,0.17192947570286818,0,-0.15961166085147302,2.4296457377032121e-05
609,2989,2990,0,0.087728662940576491,0,-0.24381247361376471,0.087732865196016779,0,-0.24380827135832442,4.202255440288738e-06
610,2997,2998,0,0.25604347770655689,0,-0.07549765884778431,0.25605683976147181,0,-0.075484296792869388,1.3362054914922705e-05
611,3003,3004,1,0.65127753994423121,1,0.31973640338989001,0.65127828082736816,1,0.31973714427302696,7.4088313695153118e-07
612,3006,3007,0,0.12856686990480912,0,-0.20297426664953208,0.12851188930965743,0,-0.20302924724468377,5.4980595151687961e-05
613,3009,3010,1,0.70712255198537688,1,0.37558141543103568,0.70704354705988237,1,0.37550241050554117,7.9004925494507994e-05
614,3014,3015,0,0.020580267354457657,0,-0.31096086919988353,0.020579535855127836,0,-0.31096160069921336,7.3149932982088939e-07
615,3030,3031,0,0.10705218105036385,0,-0.22448895550397735,0.10705862554230186,0,-0.22448251101203934,6.4444919380124421e-06
616,3031,3032,0,0.28282939826188019,0,-0.048711738292461004,0.28284690690091108,0,-0.048694229653430121,1.7508639030883177e-05
617,3034,3035,0,0.077531439462066504,0,-0.25400969709227472,0.077535862251845514,0,-0.2540052743024957,4.4227897790100057e-06
618,3045,3046,0,0.19718351069409687,0,-0.13435762586024433,0.19699494693583339,0,-0.13454618961850781,0.00018856375826348248
619,3048,3049,0,0.068988837559685615,0,-0.2625522989946556,0.068867462365100232,0,-0.26267367418924098,0.00012137519458538248
620,3054,3055,1,0.23756346092892613,0,-0.093977675625415064,0.2375382606629102,0,-0.094002875891430998,2.5200266015934503e-05
621,3057,3058,0,0.1435124178918914,0,-0.1880287186624498,0.14360372698698898,0,-0.18793740956735222,9.1309095097580339e-05
622,3059,3060,0,0.096750906247675308,0,-0.2347902303066659,0.096754612061015044,0,-0.23478652449332615,3.7058133397355197e-06
623,3060,3061,1,0.094167237151285693,0,-0.2373738994030555,0.094072370825608265,0,-0.23746876572873293,9.4866325677428476e-05
624,3064,3065,0,0.056051067819363545,0,-0.27549006873497767,0.056065365508977873,0,-0.2754757710453633,1.4297689614327369e-05
625,3068,3069,0,0.071753491842544884,0,-0.25978764471179633,0.071740552421361792,0,-0.25980058413297941,1.2939421183091881e-05
626,3069,3070,0,0.398460733016475,1,0.066919596462133801,0.39796590100737722,1,0.066424764453036023,0.00049483200909777869
627,3073,3074,1,0.14701303488936449,0,-0.18452810166497671,0.14701820500097801,0,-0.18452293155336319,5.1701116135227654e-06
628,3076,3077,1,0.14153797739550611,0,-0.19000315915883509,0.14153243371101998,0,-0.19000870284332122,5.543684486131184e-06
629,3084,3085,0,0.19174135795618991,0,-0.13979977859815129,0.19177649174793773,0,-0.13976464480640347,3.5133791747826715e-05
630,3101,3102,0,0.10273291817723369,0,-0.22880821837710752,0.10274931980554541,0,-0.22879181674879578,1.6401628311721317e-05
631,3112,3113,0,0.0084140572811229313,0,-0.32312707927321827,0.0084227717616865254,0,-0.32311836479265466,8.7144805635940709e-06
632,3115,3116,0,0.32223190423424153,0,-0.0093092323200996696,0.32221050494975595,0,-0.0093306316045852489,2.1399284485579262e-05
633,3117,3118,0,0.12842792630586222,0,-0.20311321024847898,0.12507368228256183,0,-0.20646745427177937,0.0033542440233003956
634,3118,3119,0,0.094711563869090035,0,-0.23682957268525118,0.094868253477612796,0,-0.2366728830767284,0.00015668960852276148
635,3119,3120,0,0.011858627697500821,0,-0.31968250885684035,0.011852442064571332,0,-0.31968869448976989,6.185632929488899e-06
636,3121,3122,0,0.11748545310504593,0,-0.21405568344929526,0.11749166924786475,0,-0.21404946730647645,6.216142818815662e-06
637,3124,3125,0,0.061735848792192072,0,-0.26980528776214913,0.061731364406989092,0,-0.26980977214735213,4.4843852029796683e-06
638,3128,3129,0,0.36105630826700164,1,0.029515171712660437,0.36119563782298003,1,0.029654501268638833,0.0001393295559783958
639,3131,3132,0,0.086174211453325003,0,-0.24536692510101621,0.086179678511264152,0,-0.24536145804307705,5.4670579391485896e-06
640,3136,3137,0,0.11490299297589771,0,-0.21663814357844349,0.11492062637648394,0,-0.21662051017785727,1.7633400586233861e-05
641,3140,3141,1,0.53621524098295581,1,0.20467410442861461,0.53621126849425649,1,0.20467013193991529,3.9724886993219855e-06
642,3146,3147,0,0.147041075542269,0,-0.1845000610120722,0.14702189434078353,0,-0.18451924221355767,1.9181201485474197e-05
643,3151,3152,0,0.55037943193391525,1,0.21883829537957405,0.55036413925722549,1,0.2188230027028843,1.5292676689759865e-05
644,3160,3161,0,0.13018293630534802,0,-0.20135820024899317,0.13007997279257638,0,-0.20146116376176482,0.00010296351277164217
645,3169,3170,0,0.20480683563159952,0,-0.12673430092274168,0.20476201464419011,0,-0.12677912191015109,4.4820987409405211e-05
646,3172,3173,0,0.17374648360624576,0,-0.15779465294809544,0.1737359356783835,0,-0.1578052008759577,1.0547927862258888e-05
647,3175,3176,0,0.12035228916997737,0,-0.21118884738436383,0.12052090648180938,0,-0.21102023007253182,0.00016861731183201445
648,3179,3180,0,0.04231254321736997,0,-0.28922859333697121,0.042301046804429157,0,-0.28924008974991205,1.1496412940813217e-05
649,3183,3184,0,0.10932292185712411,0,-0.22221821469721709,0.10933622920512279,0,-0.22220490734921841,1.3307347998675612e-05
650,3188,3189,0,0.099740953170970467,0,-0.23180018338337072,0.099773609380036071,0,-0.23176752717430513,3.2656209065604069e-05
651,3197,3198,0,0.16854228656397519,0,-0.16299884999036601,0.16853622198886961,0,-0.16300491456547159,6.0645751055743435e-06
652,3198,3199,0,0.23567837276752676,0,-0.095862763786814437,0.23567375649813865,0,-0.095867380056202545,4.6162693881079964e-06
653,3202,3203,0,0.014165868448957675,0,-0.31737526810538352,0.014215026666447965,0,-0.31732610988789323,4.9158217490290201e-05
654,3206,3207,0,0.10405118689280547,0,-0.22748994966153574,0.10408829648457364,0,-0.22745284006976757,3.7109591768169636e-05
655,3214,3215,0,0.17842508755338407,0,-0.15311604900095713,0.17845445384070854,0,-0.15308668271363265,2.9366287324472662e-05
656,3236,3237,0,0.08203370991881366,0,-0.24950742663552755,0.082192299071682504,0,-0.24934883748265868,0.00015858915286884323
657,3240,3241,0,0.18965819569401224,0,-0.14188294086032896,0.18954979262329724,0,-0.14199134393104396,0.00010840307071499633
658,3241,3242,1,0.72981252447860534,1,0.39827138792426414,0.72979765578405442,1,0.39825651922971322,1.4868694550917994e-05
659,3250,3251,0,0.009036692452942122,0,-0.32250444410139906,0.0090416899618612021,0,-0.32249944659247998,4.9975089190801292e-06
660,3253,3254,1,0.50349007225430598,1,0.17194893569996478,0.50351062665131752,1,0.17196949009697632,2.0554397011540715e-05
661,3256,3257,1,0.68157030974208332,1,0.35002917318774213,0.68157294600509832,1,0.35003180945075713,2.6362630149989741e-06
662,3258,3259,0,0.037357954444054861,0,-0.29418318211028632,0.037366917130146317,0,-0.29417421942419486,8.9626860914557294e-06
663,3262,3263,0,0.25059555410577389,0,-0.08094558244856731,0.25058535130065968,0,-0.080955785253681523,1.0202805114212232e-05
664,3264,3265,1,0.57089386647717055,1,0.23935272992282935,0.57085827993873606,1,0.23931714338439486,3.5586538434495552e-05
665,3279,3280,0,0.079344192804491634,0,-0.25219694374984958,0.079344238507228909,0,-0.25219689804711232,4.5702737275221672e-08
666,3283,3284,0,0.046391912111125914,0,-0.28514922444321528,0.046251828864854981,0,-0.28528930768948624,0.00014008324627093338
667,3285,3286,0,0.16114073185650482,0,-0.17040040469783638,0.16113559625277032,0,-0.17040554030157087,5.1356037344962857e-06
668,3294,3295,0,0,0,-0.3315411365543412,6.1015378538433145e-08,0,-0.33154107553896267,6.1015378538433145e-08
669,3298,3299,1,0.39354116542901479,1,0.062000028874673596,0.39354684197885365,1,0.062005705424512447,5.6765498388511304e-06
670,3302,3303,1,0.52869838836771088,1,0.19715725181336968,0.52863005449030853,1,0.19708891793596733,6.8333877402348975e-05
671,3303,3304,0,0.06027180849324993,0,-0.27126932806109127,0.060301927706629226,0,-0.27123920884771197,3.0119213379295462e-05
672,3309,3310,0,0.14560815090452547,0,-0.18593298564981572,0.14561840389737701,0,-0.18592273265696418,1.0252992851539355e-05
673,3319,3320,0,0.21883511383889065,0,-0.11270602271545055,0.21883541423271957,0,-0.11270572232162163,3.0039382892255162e-07
674,3330,3331,0,0.41479900012898002,1,0.083257863574638824,0.41479947405264939,1,0.083258337498308188,4.7392366936405139e-07
675,3331,3332,0,0.10272248621374379,0,-0.2288186503405974,0.10280826131631987,0,-0.22873287523802133,8.5775102576082785e-05
676,3332,3333,1,0.1595591830499945,0,-0.1719819535043467,0.15955846356911738,0,-0.17198267298522382,7.1948087712603304e-07
677,3339,3340,1,0.16980364927348152,0,-0.16173748728085968,0.16982488777682384,0,-0.16171624877751736,2.1238503342319026e-05
678,3341,3342,0,0.10764781273068152,0,-0.22389332382365967,0.10765058688753075,0,-0.22389054966681043,2.7741568492251067e-06
679,3343,3344,1,0.09741204143317804,0,-0.23412909512116314,0.097267445093571755,0,-0.23427369146076943,0.00014459633960628437
680,3347,3348,0,0.084419074827851062,0,-0.24712206172649015,0.084476518212247539,0,-0.24706461834209364,5.7443384396477226e-05
681,3348,3349,0,0.62737427317220817,1,0.29583313661786698,0.62738646404617593,1,0.29584532749183473,1.2190873967754534e-05
682,3350,3351,1,0.62944390326751942,1,0.29790276671317822,0.62941112361829499,1,0.29786998706395379,3.277964922443477e-05
683,3361,3362,0,0.23256294139475209,0,-0.098978195159589111,0.23252341800836304,0,-0.099017718545978156,3.9523386389045401e-05
684,3366,3367,0,0.28312283251979931,0,-0.048418304034541892,0.28308425645978191,0,-0.048456880094559285,3.8576060017392333e-05
685,3370,3371,1,0.16163385070020836,0,-0.16990728585413284,0.16166936955752362,0,-0.16987176699681758,3.5518857315258723e-05
686,3374,3375,0,0.12449854632287111,0,-0.20704259023147009,0.12450585721362174,0,-0.20703527934071947,7.3108907506364007e-06
687,3383,3384,1,0.57426039910962212,1,0.24271926255528092,0.57429128564431975,1,0.24275014908997855,3.0886534697627255e-05
688,3391,3392,0,0.1962430563204271,0,-0.1352980802339141,0.19624109415519611,0,-0.13530004239914509,1.9621652309897986e-06
689,3397,3398,1,0.36813254200047513,1,0.036591405446133929,0.36812723831075544,1,0.036586101756414247,5.3036897196823141e-06
690,3404,3405,0,0.21559314361922127,0,-0.11594799293511993,0.2156016592011086,0,-0.1159394773532326,8.5155818873305922e-06
691,3405,3406,0,0.072263944869733837,0,-0.25927719168460739,0.072229863975721953,0,-0.25931127257861925,3.4080894011884189e-05
692,3413,3414,1,0.52189322050049214,1,0.19035208394615094,0.52188958947451325,1,0.19034845292017205,3.631025978889646e-06
693,3422,3423,0,0.13501611259186747,0,-0.19652502396247373,0.13503686195594794,0,-0.19650427459839326,2.0749364080474564e-05
694,3423,3424,1,0.065308919124318313,0,-0.2662322174300229,0.065365489773795318,0,-0.26617564678054589,5.6570649477005741e-05
695,3424,3425,0,0.1213936858902822,0,-0.21014745066405899,0.12138873985992929,0,-0.21015239669441191,4.9460303529064165e-06
696,3425,3426,0,0.1245056047761626,0,-0.2070355317781786,0.12453297129609099,0,-0.20700816525825022,2.7366519928392896e-05
697,3431,3432,0,0.13399761920134678,0,-0.19754351735299441,0.13403260207640683,0,-0.19750853447793437,3.4982875060041163e-05
698,3433,3434,0,0.13255881130694908,0,-0.19898232524739212,0.13258961124978375,0,-0.19895152530455745,3.0799942834669469e-05
699,3435,3436,0,0.30740660027347277,0,-0.024134536280868424,0.3023028225686325,0,-0.029238313985708697,0.0051037777048402733
700,3441,3442,0,0.37913256507455284,1,0.047591428520211643,0.37920695915053415,1,0.047665822596192953,7.4394075981309982e-05
701,3459,3460,1,0.14479373961913608,0,-0.18674739693520512,0.14484063937017755,0,-0.18670049718416365,4.6899751041468152e-05
702,3463,3464,0,0.15857962463403569,0,-0.17296151192030551,0.15857944330236831,0,-0.17296169325197289,1.813316673759946e-07
703,3466,3467,0,0.17886887730630818,0,-0.15267225924803302,0.17886469692970766,0,-0.15267643962463354,4.180376600521063e-06
704,3468,3469,0,1,1,0.66845886344565875,0.83050372368641068,1,0.49896258713206948,0.16949627631358932
705,3469,3470,0,0.018740152230409448,0,-0.31280098432393177,0.018758731881955457,0,-0.31278240467238572,1.8579651546009324e-05
706,3475,3476,0,0.27136096581169422,0,-0.060180170742646977,0.27142397181940053,0,-0.060117164734940665,6.300600770631215e-05
707,3487,3488,0,0.18903668041392682,0,-0.14250445614041438,0.18920788125139723,0,-0.14233325530294397,0.00017120083747040882
708,3491,3492,0,0.058046653402559586,0,-0.2734944831517816,0.058050284235299926,0,-0.27349085231904124,3.6308327403394847e-06
709,3497,3498,0,0.12355974503064347,0,-0.20798139152369771,0.12355078735723865,0,-0.20799034919710255,8.9576734048218976e-06
710,3501,3502,0,0.03424772261470771,0,-0.29729341393963349,0.034289717184236151,0,-0.29725141937010502,4.1994569528441827e-05
711,3502,3503,0,0.025044824640542303,0,-0.30649631191379889,0.025099319234811599,0,-0.30644181731952957,5.4494594269295649e-05
712,3512,3513,1,0.73070757951196497,1,0.39916644295762377,0.73063229372692018,1,0.39909115717257898,7.5285785044787445e-05
713,3520,3521,0,0.36019504882328779,1,0.028653912268946591,0.36022872720193866,1,0.028687590647597461,3.3678378650869867e-05
714,3523,3524,0,0.12852978932574027,0,-0.20301134722860092,0.12850044535612451,0,-0.20304069119821669,2.9343969615763799e-05
715,3530,3531,0,0.16597606212624172,0,-0.16556507442809948,0.16593465771293386,0,-0.16560647884140733,4.1404413307855048e-05
716,3532,3533,0,0.08824761978874239,0,-0.24329351676559879,0.088557039053567557,0,-0.24298409750077365,0.00030941926482516702
717,3536,3537,0,0.69287812558059869,1,0.36133698902625749,0.6928329839680365,1,0.3612918474136953,4.5141612562193956e-05
718,3537,3538,1,0.61540319502841401,1,0.28386205847407281,0.61540252978906707,1,0.28386139323472587,6.652393469419593e-07
719,3538,3539,1,0,0,-0.3315411365543412,8.1128583042109297e-08,0,-0.33154105542575818,8.1128583042109297e-08
720,3551,3552,0,0.050922879346705925,0,-0.28061825720763528,0.050920670757200547,0,-0.28062046579714067,2.2085895053786109e-06
721,3555,3556,0,0.094107021471160346,0,-0.23743411508318085,0.094089899401459717,0,-0.23745123715288147,1.7122069700628573e-05
722,3557,3558,0,0.13144197482798856,0,-0.20009916172635264,0.13123384226626586,0,-0.20030729428807534,0.0002081325617226959
723,3560,3561,1,0.84586311526856461,1,0.51432197871422347,0.84584844569121531,1,0.51430730913687417,1.4669577349302187e-05
724,3576,3577,0,0.0988007376094618,0,-0.23274039894487941,0.098802698696042385,0,-0.23273843785829881,1.9610865805846922e-06
725,3582,3583,0,0.070331515244470941,0,-0.26120962130987024,0.070330805625481663,0,-0.26121033092885954,7.0961898927801581e-07
726,3583,3584,1,0.69416492066515778,1,0.36262378411081658,0.69415050140977874,1,0.36260936485543754,1.4419255379038987e-05
727,3584,3585,0,0.036189420712573535,0,-0.29535171584176767,0.036211010052257089,0,-0.29533012650208412,2.1589339683554531e-05
728,3589,3590,1,0.81790589897703936,1,0.48636476242269816,0.81790133826847078,1,0.48636020171412958,4.5607085685794857e-06
729,3591,3592,0,0.077814741741213736,0,-0.25372639481312748,0.077916902503546895,0,-0.25362423405079432,0.00010216076233315885
730,3593,3594,0,0.62360792787415587,1,0.29206679131981467,0.62360722562915705,1,0.29206608907481585,7.0224499881810232e-07
731,3594,3595,1,0.12741008944257515,0,-0.20413104711176605,0.12707115769419111,0,-0.20446997886015009,0.00033893174838403595
732,3610,3611,0,0.043894694584829981,0,-0.28764644196951122,0.043566751755249114,0,-0.2879743847990921,0.00032794282958086701
733,3621,3622,0,0.017456368074973624,0,-0.31408476847936756,0.017499182027932863,0,-0.31404195452640832,4.2813952959238483e-05
734,3626,3627,0,0.23320000004926636,0,-0.098341136505074839,0.23267691759933481,0,-0.098864218955006383,0.00052308244993154451
735,3632,3633,0,0.26633208233267514,0,-0.065209054221666063,0.26631040882728541,0,-0.065230727727055793,2.1673505389729897e-05
736,3633,3634,1,0.27982110276645666,0,-0.051720033787884534,0.27986670574504524,0,-0.051674430809295957,4.5602978588576981e-05
737,3645,3646,0,0.14089017407367652,0,-0.19065096248066468,0.14089319606730555,0,-0.19064794048703565,3.0219936290321048e-06
738,3646,3647,0,0.044859197643209746,0,-0.28668193891113147,0.044835661643206667,0,-0.28670547491113452,2.3536000003078483e-05
739,3650,3651,0,0.025422923905887632,0,-0.30611821264845357,0.025390935385702421,0,-0.30615020116863878,3.1988520185211033e-05
740,3657,3658,0,0.055948226394830256,0,-0.27559291015951093,0.055983408432259761,0,-0.27555772812208146,3.5182037429505597e-05
741,3662,3663,0,0.079008220188603304,0,-0.25253291636573788,0.079016743336692702,0,-0.25252439321764852,8.523148089398247e-06
742,3663,3664,1,0.77447119584671031,1,0.44293005929236912,0.77443640557110893,1,0.44289526901676773,3.4790275601381815e-05
743,3668,3669,0,0.31600810939198681,0,-0.015533027162354385,0.31596482753600319,0,-0.015576309018338008,4.3281855983623441e-05
744,3669,3670,0,0.18137231343560911,0,-0.15016882311873209,0.18134844530898994,0,-0.15019269124535126,2.3868126619169816e-05
745,3671,3672,0,0.087163254308938135,0,-0.24437788224540308,0.087166882291919837,0,-0.24437425426242138,3.6279829817020826e-06
746,3672,3673,1,0.20528758993081897,0,-0.12625354662352223,0.20529980660253305,0,-0.12624132995180815,1.2216671714082583e-05
747,3675,3676,0,0.20834669357564498,0,-0.12319444297869622,0.20834922027241626,0,-0.12319191628192494,2.5266967712822552e-06
748,3685,3686,0,0.034376806920307916,0,-0.29716432963403328,0.034403350883317731,0,-0.29713778567102345,2.6543963009814653e-05
749,3689,3690,0,0.45015747662342226,1,0.11861634006908106,0.45002550501116623,1,0.11848436845682503,0.00013197161225603216
750,3693,3694,0,0.16821751113296773,0,-0.16332362542137346,0.16821825290730136,0,-0.16332288364703984,7.4177433362354606e-07
751,3696,3697,0,0.092549982475861631,0,-0.23899115407847957,0.092414798474256141,0,-0.23912633808008504,0.00013518400160549005
752,3701,3702,0,0.089500047006097955,0,-0.24204108954824324,0.089507074370052231,0,-0.24203406218428897,7.0273639542761668e-06
753,3718,3719,0,0.096275181081524566,0,-0.23526595547281665,0.096280232142544761,0,-0.23526090441179642,5.0510610201948136e-06
754,3719,3720,0,0.33342447596218411,1,0.00188333940784291,0.33338233660363992,1,0.0018412000492987191,4.213935854419093e-05
755,3720,3721,1,0.26108479847283445,0,-0.070456338081506753,0.2611602381545306,0,-0.070380898399810599,7.5439681696154448e-05
756,3725,3726,0,0.3329059457789238,1,0.0013648092245825971,0.33290993293065563,1,0.0013687963763144295,3.9871517318323946e-06
757,3728,3729,1,0.4871914079495856,1,0.1556502713952444,0.48714082085156046,1,0.15559968429721927,5.0587098025134392e-05
758,3744,3745,0,0.025513263700944255,0,-0.30602787285339694,0.02551981140272035,0,-0.30602132515162084,6.5477017760946776e-06
759,3747,3748,0,0.14580298955348614,0,-0.18573814700085506,0.14576937180890162,0,-0.18577176474543958,3.3617744584518716e-05
760,3754,3755,0,0.042243913243019883,0,-0.28929722331132129,0.042279383909788755,0,-0.28926175264455245,3.5470666768872006e-05
761,3757,3758,1,0.29144967187806675,0,-0.040091464676274446,0.28930914101166433,0,-0.04223199554267687,0.0021405308664024236
762,3758,3759,1,0.077572916858121496,0,-0.25396821969621969,0.077578012832797416,0,-0.25396312372154378,5.0959746759199342e-06
763,3766,3767,1,0.78041428984384698,1,0.44887315328950578,0.78039103656016295,1,0.44884990000582176,2.3253283684021575e-05
764,3776,3777,1,0.58893294691198927,1,0.25739181035764808,0.5889579602095073,1,0.2574168236551661,2.5013297518028388e-05
765,3780,3781,0,0.034874182041164721,0,-0.29666695451317648,0.034900525372764848,0,-0.29664061118157636,2.6343331600127418e-05
766,3790,3791,1,0.14885339038161835,0,-0.18268774617272285,0.1488544252186266,0,-0.1826867113357146,1.0348370082513547e-06
767,3791,3792,1,0.04463815157530486,0,-0.28690298497903632,0.044651218470374857,0,-0.28688991808396636,1.3066895069996365e-05
768,3793,3794,0,0.14122508797479733,0,-0.19031604857954387,0.14122340660187868,0,-0.19031772995246252,1.6813729186437865e-06
769,3803,3804,0,0.29707017718953371,0,-0.034470959364807485,0.29707284916186388,0,-0.034468287392477315,2.671972330170469e-06
770,3805,3806,0,0.51804083685064328,1,0.18649970029630208,0.51817585882115536,1,0.18663472226681416,0.00013502197051207254
771,3807,3808,0,0.07627755656572402,0,-0.25526357998861715,0.076300266459930696,0,-0.25524087009441049,2.2709894206676684e-05
772,3810,3811,0,0.081111188200643891,0,-0.25042994835369731,0.081228211152017699,0,-0.25031292540232353,0.00011702295137380747
773,3813,3814,0,0.14601823610174336,0,-0.18552290045259784,0.1460308185141457,0,-0.18551031804019549,1.2582412402345478e-05
774,3818,3819,0,0.31697384009022761,0,-0.014567296464113588,0.31702559338097136,0,-0.014515543173369838,5.1753290743750124e-05
775,3823,3824,0,0.053375815862279442,0,-0.27816532069206173,0.053356515078451044,0,-0.27818462147589018,1.9300783828397894e-05
776,3832,3833,1,0.24563766157411918,0,-0.085903474980222022,0.245638284516632,0,-0.085902852037709199,6.2294251282346558e-07
777,3833,3834,0,0.088763826517491207,0,-0.24277731003684999,0.088766594366541579,0,-0.24277454218779962,2.7678490503724174e-06
778,3837,3838,0,0.12756765764226169,0,-0.20397347891207951,0.12758959774852965,0,-0.20395153880581154,2.1940106267964721e-05
779,3842,3843,0,0.12672329897499512,0,-0.20481783757934607,0.12683925108450564,0,-0.20470188546983556,0.00011595210951051427
780,3847,3848,0,0.10029060970959963,0,-0.23125052684474157,0.10038006465998618,0,-0.23116107189435503,8.9454950386549936e-05
781,3852,3853,1,0.27233230744701215,0,-0.059208829107329053,0.27241562899929744,0,-0.059125507555043755,8.3321552285298139e-05
782,3862,3863,0,0.10108849386181669,0,-0.23045264269252452,0.10108220906091818,0,-0.230458927493423,6.2848008985094683e-06
783,3864,3865,0,0.30626983704739447,0,-0.025271299506946732,0.3049451500475846,0,-0.026595986506756597,0.0013246869998098654
784,3872,3873,0,0.77409318428704832,1,0.44255204773270712,0.77411093378894669,1,0.44256979723460549,1.7749501898367548e-05
785,3873,3874,1,0.38780419482447304,1,0.056263058270131838,0.38780074061029951,1,0.056259604055958312,3.4542141735260934e-06
786,3886,3887,0,0.17016078175461272,0,-0.16138035479972848,0.17022738461073961,0,-0.16131375194360159,6.6602856126890542e-05
787,3894,3895,0,0.10007038501212606,0,-0.23147075154221514,0.10008397516298417,0,-0.23145716139135702,1.3590150858111549e-05
788,3911,3912,0,0.35349812998791952,1,0.02195699343357832,0.34990002555674016,1,0.018358889002398959,0.0035981044311793609
789,3912,3913,0,0.22919568856656392,0,-0.10234544798777728,0.22916224689835429,0,-0.1023788896559869,3.3441668209621689e-05
790,3916,3917,1,0.70383196904627032,1,0.37229083249192912,0.70376135747596991,1,0.37222022092162871,7.0611570300416204e-05
791,3926,3927,0,0.22381769684128028,0,-0.10772343971306092,0.22309713032122491,0,-0.10844400623311629,0.0007205665200553657
792,3928,3929,0,0.071415764233131104,0,-0.26012537232121008,0.07142066902343569,0,-0.26012046753090551,4.9047903045856822e-06
793,3930,3931,0,0.15455612772277386,0,-0.17698500883156734,0.15426275686670962,0,-0.17727837968763158,0.00029337085606423452
794,3946,3947,0,0.1518534175148675,0,-0.1796877190394737,0.15184917418128988,0,-0.17969196237305132,4.2433335776248526e-06
795,3951,3952,0,0.064165526745567039,0,-0.26737560980877417,0.064203605990293747,0,-0.26733753056404747,3.807924472670754e-05
796,3953,3954,0,0.019663001768310973,0,-0.31187813478603021,0.019664734686952418,0,-0.3118764018673888,1.7329186414449804e-06
797,3961,3962,0,0.052224746923075292,0,-0.27931638963126593,0.052322966367684423,0,-0.27921817018665679,9.8219444609130846e-05
798,3965,3966,0,0.020912805656908316,0,-0.31062833089743286,0.020907020203946629,0,-0.31063411635039456,5.7854529616867267e-06
799,3968,3969,0,0.11924226279537402,0,-0.21229887375896717,0.11924305697691977,0,-0.21229807957742142,7.9418154574906197e-07
800,3976,3977,0,0.67009777931049308,1,0.33855664275615188,0.67010596233451902,1,0.33856482578017782,8.1830240259428422e-06
801,3980,3981,1,0.046934716213180017,0,-0.28460642034116118,0.046957003480254972,0,-0.28458413307408625,2.2287267074955208e-05
802,3988,3989,0,0.12023285359787093,0,-0.21130828295647025,0.1202626817579541,0,-0.2112784547963871,2.9828160083164579e-05
803,4007,4008,0,0.21079087649134412,0,-0.12075026006299708,0.21083335419750138,0,-0.12070778235683982,4.2477706157256767e-05
804,4013,4014,1,0.73623932802550895,1,0.40469819147116776,0.73622498738531761,1,0.40468385083097641,1.4340640191345955e-05
805,4018,4019,1,0.27453575091190563,0,-0.057005385642435569,0.27461853125693003,0,-0.056922605297411166,8.2780345024402457e-05
806,4028,4029,0,0.10940485712047673,0,-0.22213627943386446,0.10941557001649185,0,-0.22212556653784934,1.0712896015119266e-05
807,4034,4035,0,0.2413665243448298,0,-0.090174612209511396,0.24139014094172456,0,-0.090150995612616636,2.3616596894759923e-05
808,4035,4036,0,0.057857146788682562,0,-0.27368398976565866,0.057893496574841934,0,-0.27364763997949926,3.6349786159371733e-05
809,4038,4039,0,0.15333419538742055,0,-0.17820694116692065,0.15335566922281707,0,-0.17818546733152413,2.147383539652381e-05
810,4042,4043,0,0.067884111537918485,0,-0.26365702501642274,0.067894135389138327,0,-0.2636470011652029,1.0023851219842506e-05
811,4048,4049,1,0.34411518355529125,1,0.01257404700095005,0.34408521459668512,1,0.01254407804234392,2.9968958606130247e-05
812,4057,4058,0,0.17758126545155348,0,-0.15395987110278772,0.17758340584292412,0,-0.15395773071141708,2.1403913706419253e-06
813,4060,4061,0,0.049531657581897558,0,-0.28200947897244366,0.049532645827152201,0,-0.28200849072718898,9.8824525464336066e-07
814,4072,4073,0,0.076300941833338271,0,-0.2552401947210029,0.076327971664987712,0,-0.25521316488935347,2.7029831649441616e-05
815,4078,4079,0,0.16622352281629268,0,-0.16531761373804851,0.1662460332554343,0,-0.1652951032989069,2.2510439141615324e-05
816,4084,4085,0,0.57138433531984401,1,0.23984319876550281,0.57137304152179669,1,0.23983190496745549,1.1293798047318226e-05
817,4090,4091,0,0.14251895282040908,0,-0.18902218373393212,0.14241463506200139,0,-0.18912650149233981,0.00010431775840769042
818,4094,4095,0,0.16721848366472206,0,-0.16432265288961914,0.16721234226696355,0,-0.16432879428737765,6.1413977585078605e-06
819,4103,4104,0,0.069587401029184009,0,-0.26195373552515722,0.069586832971969784,0,-0.26195430358237143,5.6805721422581446e-07
820,4104,4105,1,0.52056425755779145,1,0.18902312100345026,0.52055389276224506,1,0.18901275620790386,1.036479554639147e-05
821,4110,4111,0,0.044535395073413017,0,-0.28700574148092817,0.044574322022986203,0,-0.28696681453135497,3.8926949573185599e-05
822,4141,4142,0,0.6444057400490969,1,0.3128646034947557,0.64442931793293079,1,0.31288818137858959,2.3577883833891811e-05
823,4153,4154,0,0.067311920827294119,0,-0.26422921572704705,0.067333200686651662,0,-0.26420793586768954,2.1279859357542508e-05
824,4154,4155,0,0.18135415326858095,0,-0.15018698328576024,0.18139986791049362,0,-0.15014126864384758,4.5714641912664167e-05
825,4157,4158,0,0.095187377947861168,0,-0.23635375860648003,0.095135217253044899,0,-0.23640591930129629,5.2160694816269504e-05
826,4165,4166,1,0.37784667366887564,1,0.046305537114534445,0.37784716683887687,1,0.046306030284535671,4.9317000122561794e-07
827,4170,4171,0,0.1005992782736031,0,-0.2309418582807381,0.10064097005242276,0,-0.23090016650191844,4.1691778819658021e-05
828,4186,4187,0,0.085429252470265199,0,-0.246111884084076,0.085446225342404564,0,-0.24609491121193663,1.6972872139364714e-05
829,4193,4194,0,0.62804268562568477,1,0.29650154907134357,0.62806501160013828,1,0.29652387504579708,2.2325974453507591e-05
830,4194,4195,0,0.15476745318941584,0,-0.17677368336492535,0.15453356210218444,0,-0.17700757445215676,0.00023389108723140262
831,4197,4198,0,0.082059562507697414,0,-0.24948157404664378,0.082089967416403578,0,-0.24945116913793763,3.0404908706163636e-05
832,4201,4202,0,0.1822578737197941,0,-0.1492832628345471,0.18227852465270503,0,-0.14926261190163617,2.0650932910926123e-05
833,4204,4205,0,0.097034932899543971,0,-0.23450620365479724,0.09703933676098779,0,-0.23450179979335339,4.4038614438191015e-06
834,4208,4209,0,0.70519452213461264,1,0.37365338558027145,0.70521359323029909,1,0.37367245667595789,1.9071095686440387e-05
835,4209,4210,0,0.1609371571998362,0,-0.170603979354505,0.16095317691704245,0,-0.17058795963729875,1.6019717206244843e-05
836,4215,4216,0,0.099241654875382598,0,-0.23229948167895859,0.09973674949123619,0,-0.23180438706310502,0.00049509461585359182
837,4222,4223,0,0.40819492531074703,1,0.076653788756405827,0.40819161308051166,1,0.076650476526170463,3.3122302353638666e-06
838,4226,4227,1,0.11465897280307016,0,-0.21688216375127103,0.11467909349287889,0,-0.21686204306146231,2.0120689808722503e-05
839,4229,4230,1,0.27894554535502641,0,-0.052595591199314784,0.27894515486428884,0,-0.052595981690052362,3.9049073757846386e-07
840,4240,4241,0,0.18107002266354319,0,-0.15047111389079801,0.18106874551429397,0,-0.15047239104004723,1.2771492492180681e-06
841,4241,4242,0,0.10155043302230857,0,-0.22999070353203263,0.10152765916495712,0,-0.23001347738938407,2.2773857351443549e-05
842,4243,4244,0,0.085351554638110241,0,-0.24618958191623097,0.085361948035523452,0,-0.24617918851881776,1.0393397413210881e-05
843,4249,4250,0,0.12955332195232955,0,-0.20198781460201165,0.12955256686736871,0,-0.20198856968697249,7.5508496083509513e-07
844,4252,4253,0,0.16663108890116526,0,-0.16491004765317593,0.16666885705680021,0,-0.16487227949754099,3.7768155634942957e-05
845,4253,4254,0,0.18763202585994088,0,-0.14390911069440032,0.18765964898619295,0,-0.14388148756814825,2.7623126252068753e-05
846,4255,4256,0,0.17105824751233872,0,-0.16048288904200247,0.17109357460327451,0,-0.16044756195106669,3.5327090935788341e-05
847,4259,4260,1,0.44831740814827742,1,0.11677627159393622,0.44828694303882172,1,0.11674580648448052,3.04651094557018e-05
848,4261,4262,0,0.27498615454390146,0,-0.056554982010439736,0.27491719802583425,0,-0.056623938528506945,6.8956518067209149e-05
849,4262,4263,1,0.56115813006433368,1,0.22961699350999248,0.56119020125014141,1,0.22964906469580021,3.2071185807724945e-05
850,4265,4266,0,0.041053566018186036,0,-0.29048757053615515,0.041050746936663843,0,-0.29049038961767737,2.8190815221929011e-06
851,4269,4270,1,0.20770475270542607,0,-0.12383638384891513,0.20765091323519533,0,-0.12389022331914587,5.3839470230743203e-05
852,4275,4276,1,0.65123090643743886,1,0.31968976988309766,0.65124161602140518,1,0.31970047946706398,1.0709583966317382e-05
853,4276,4277,0,0.13578061557344345,0,-0.19576052098089775,0.13575358538660179,0,-0.19578755116773941,2.7030186841664472e-05
854,4277,4278,1,0.16619547000337459,0,-0.16534566655096661,0.16618043036820254,0,-0.16536070618613866,1.5039635172048316e-05
855,4286,4287,0,0.16607508716956421,0,-0.16546604938477699,0.16585961545661179,0,-0.16568152109772941,0.00021547171295241418
856,4289,4290,0,0.11802296535921383,0,-0.21351817119512737,0.11805650607571208,0,-0.21348463047862912,3.3540716498248191e-05
857,4304,4305,0,0.10939441428740852,0,-0.22214672226693266,0.10939239212220911,0,-0.22214874443213209,2.0221651994140055e-06
858,4305,4306,0,0.31002650372536955,0,-0.021514632828971647,0.30999678581355972,0,-0.021544350740781482,2.9717911809834519e-05
859,4310,4311,0,0.15763475764772958,0,-0.17390637890661162,0.15763634232090296,0,-0.17390479423343824,1.5846731733770714e-06
860,4318,4319,0,0.031409019951666638,0,-0.30013211660267458,0.031402506723811077,0,-0.30013862983053013,6.5132278555604661e-06
861,4324,4325,0,0.34352364142144604,1,0.011982504867104837,0.34353267419722699,1,0.011991537642885797,9.0327757809594011e-06
862,4326,4327,0,0.11940669367770237,0,-0.21213444287663882,0.11940464164262442,0,-0.21213649491171677,2.0520350779568153e-06
863,4331,4332,0,0.18627539503344842,0,-0.14526574152089278,0.18626241738450294,0,-0.14527871916983826,1.2977648945478037e-05
864,4337,4338,0,0.069135161127287417,0,-0.26240597542705379,0.069136266517573042,0,-0.26240487003676816,1.1053902856245079e-06
865,4338,4339,0,0.52122483729309854,1,0.18968370073875734,0.5212295983266777,1,0.1896884617723365,4.7610335791592462e-06
866,4344,4345,0,0.1037539540417574,0,-0.22778718251258379,0.10368816250867031,0,-0.2278529740456709,6.5791533087083964e-05
867,4348,4349,0,0.21074238668729681,0,-0.12079874986704439,0.21067771781184477,0,-0.12086341874249643,6.4668875452034147e-05
868,4350,4351,1,0.19321708615034036,0,-0.13832405040400084,0.19333772308734609,0,-0.13820341346699511,0.0001206369370057303
869,4351,4352,1,0.20452158531319276,0,-0.12701955124114844,0.20450259903840706,0,-0.12703853751593414,1.8986274785692814e-05
870,4356,4357,0,0.1497699354140912,0,-0.18177120114025,0.14976282499233678,0,-0.18177831156200441,7.1104217544137871e-06
871,4357,4358,0,0.24560598030624572,0,-0.085935156248095473,0.24570120278719149,0,-0.085839933767149712,9.5222480945761356e-05
872,4359,4360,0,0.14733619304731468,0,-0.18420494350702651,0.14734430654169933,0,-0.18419683001264187,8.1134943846483676e-06
873,4366,4367,1,0.60481550071010826,1,0.27327436415576706,0.60483148907557838,1,0.27329035252123718,1.5988365470120947e-05
874,4368,4369,1,0.1843755089356772,0,-0.147165627618664,0.18438935391139133,0,-0.14715178264294987,1.3844975714133456e-05
875,4372,4373,1,0.07959706296687738,0,-0.25194407358746385,0.079596200932212119,0,-0.25194493562212905,8.6203466526102446e-07
876,4382,4383,1,0.18191562618528934,0,-0.14962551036905186,0.18190888117944759,0,-0.14963225537489361,6.7450058417461989e-06
877,4384,4385,0,0.18415882012551341,0,-0.14738231642882779,0.1841710096115764,0,-0.1473701269427648,1.2189486062991195e-05
878,4387,4388,1,0.57617268957694967,1,0.24463155302260847,0.57618590754921417,1,0.24464477099487297,1.3217972264500943e-05
879,4392,4393,0,0.19722974719932079,0,-0.13431138935502041,0.19700994647541739,0,-0.13453119007892381,0.00021980072390340166
880,4395,4396,0,0.16515398712855839,0,-0.16638714942578281,0.16516178419378261,0,-0.16637935236055859,7.7970652242187466e-06
881,4397,4398,0,0.1605372107117983,0,-0.1710039258425429,0.16054030590064386,0,-0.17100083065369734,3.0951888455588161e-06
882,4398,4399,0,0.039194959458553211,0,-0.29234617709578797,0.039144658862122005,0,-0.29239647769221921,5.0300596431206157e-05
883,4401,4402,0,0.2675786530778767,0,-0.063962483476464493,0.2675309247269298,0,-0.064010211827411401,4.7728350946907305e-05
884,4409,4410,0,0.11072453161112296,0,-0.22081660494321825,0.110722255233069,0,-0.2208188813212722,2.2763780539586387e-06
885,4414,4415,0,0.20843601768604059,0,-0.12310511886830061,0.2084365823379554,0,-0.1231045542163858,5.6465191480836729e-07
886,4415,4416,0,0.27368858186597061,0,-0.057852554688370583,0.273671710193302,0,-0.0578694263610392,1.6871672668616888e-05
887,4418,4419,0,0.070933582079623927,0,-0.26060755447471728,0.070930146700010702,0,-0.26061098985433051,3.4353796132258196e-06
888,4419,4420,0,0.12510463342240899,0,-0.20643650313193221,0.125110990649829,0,-0.2064301459045122,6.3572274200118795e-06
889,4423,4424,0,0.07701459770726507,0,-0.2545265388470761,0.077065150978420344,0,-0.25447598557592088,5.0553271155273638e-05
890,4430,4431,0,0.036026633514097392,0,-0.29551450304024379,0.036077874352217348,0,-0.29546326220212382,5.1240838119956389e-05
891,4432,4433,0,0.81288676920000236,1,0.48134563264566116,0.812880761340669,1,0.4813396247863278,6.0078593333567909e-06
892,4433,4434,0,0.098053240237302594,0,-0.23348789631703859,0.098055833052652919,0,-0.23348530350168828,2.5928153503246287e-06
893,4436,4437,0,0,0,-0.3315411365543412,0.12902142943944239,0,-0.20251970711489881,0.12902142943944239
894,4455,4456,0,0.35546665415817152,1,0.023925517603830326,0.35552023452583181,1,0.023979097971490615,5.3580367660288619e-05
895,4462,4463,0,0.18172126098044347,0,-0.14981987557389773,0.18170646113194944,0,-0.14983467542239176,1.4799848494034817e-05
896,4477,4478,0,0.0079161920307704442,0,-0.32362494452357077,0.0079296840666002941,0,-0.32361145248774092,1.3492035829849869e-05
897,4487,4488,0,0.12384891892786662,0,-0.20769221762647458,0.12377492021895023,0,-0.20776621633539097,7.3998708916389599e-05
898,4495,4496,0,0.13521540645895871,0,-0.19632573009538248,0.13522849769047557,0,-0.19631263886386563,1.3091231516854096e-05
899,4501,4502,1,0.07843089204710775,0,-0.25311024450723346,0.078432743764861951,0,-0.25310839278947928,1.8517177542004548e-06
900,4502,4503,1,0.44346203211972934,1,0.11192089556538815,0.44341350164419163,1,0.11187236508985043,4.8530475537711393e-05
901,4510,4511,0,0.15542763894521361,0,-0.17611349760912759,0.1554380478102767,0,-0.1761030887440645,1.0408865063094019e-05
902,4516,4517,0,0.26127059021013621,0,-0.070270546344204987,0.26127219561419862,0,-0.070268940940142577,1.6054040624102761e-06
903,4527,4528,1,0.54188551498330939,1,0.21034437842896819,0.54190375669569513,1,0.21036262014135393,1.8241712385735909e-05
904,4528,4529,0,0.34228252758767103,1,0.010741391033329828,0.34225647857881109,1,0.010715342024469887,2.604900885994077e-05
905,4535,4536,1,0.33377427884484795,1,0.0022331422905067511,0.33648977782166511,1,0.0049486412673239166,0.0027154989768171656
906,4536,4537,0,0.090233548383001197,0,-0.24130758817134002,0.090229095201116841,0,-0.24131204135322437,4.4531818843562831e-06
907,4553,4554,0,0.026638403611508089,0,-0.3049027329428331,0.026643219052337148,0,-0.30489791750200407,4.8154408290590478e-06
908,4554,4555,1,0.28843930407468027,0,-0.043101832479660929,0.28846314605011042,0,-0.043077990504230779,2.3841975430149986e-05
909,4556,4557,0,0.39906114484761429,1,0.067520008293273093,0.39904385570233197,1,0.067502719147990775,1.7289145282317619e-05
910,4557,4558,0,0.15827372050152694,0,-0.17326741605281426,0.15833455433414567,0,-0.17320658222019553,6.0833832618734096e-05
911,4558,4559,1,0.24287338757777693,0,-0.088667748976564265,0.24289099207119549,0,-0.088650144483145704,1.7604493418560407e-05
912,4559,4560,0,0.21871963939905764,0,-0.11282149715528356,0.21863786172071703,0,-0.11290327483362417,8.1777678340611004e-05
913,4562,4563,0,0.10536061391013521,0,-0.22618052264420599,0.10537368773415313,0,-0.22616744882018808,1.3073824017925673e-05
914,4565,4566,1,0.11007349428921297,0,-0.22146764226512822,0.1100761529305371,0,-0.2214649836238041,2.6586413241352913e-06
915,4568,4569,0,0.1523877606967432,0,-0.179153375857598,0.15236932917731064,0,-0.17917180737703056,1.8431519432565713e-05
916,4573,4574,0,0,0,-0.3315411365543412,6.0065377855473306e-08,0,-0.33154107648896336,6.0065377855473306e-08
917,4574,4575,1,0.26587497803205412,0,-0.065666158522287077,0.2658260036160604,0,-0.065715132938280796,4.8974415993718878e-05
918,4580,4581,0,0.073065373916846074,0,-0.25847576263749511,0.073055771118794022,0,-0.25848536543554718,9.6027980520524414e-06
919,4590,4591,1,0.21543837210117156,0,-0.11610276445316964,0.21558587301831619,0,-0.11595526353602501,0.00014750091714463287
920,4594,4595,1,0.18781090673511824,0,-0.14373022981922295,0.18783913608658223,0,-0.14370200046775897,2.8229351463987529e-05
921,4596,4597,1,0.21168019684579983,0,-0.11986093970854136,0.21165216429515793,0,-0.11988897225918327,2.8032550641904352e-05
922,4603,4604,0,0.063697981782340304,0,-0.26784315477200088,0.063708347845163882,0,-0.26783278870917732,1.0366062823577438e-05
923,4607,4608,0,0.17330485578134011,0,-0.15823628077300109,0.17331070392100398,0,-0.15823043263333722,5.8481396638665473e-06
924,4619,4620,0,0.063482382192661377,0,-0.26805875436167981,0.063447897770011211,0,-0.26809323878433,3.4484422650166158e-05
925,4623,4624,0,0.21842247861572811,0,-0.11311865793861309,0.21735874074781841,0,-0.11418239580652279,0.0010637378679096976
926,4631,4632,0,0.15616253061004728,0,-0.17537860594429391,0.15618200100914573,0,-0.17535913554519547,1.9470399098442392e-05
927,4635,4636,0,0.15057965278603169,0,-0.18096148376830951,0.15057590037125645,0,-0.18096523618308474,3.7524147752376891e-06
928,4655,4656,0,0.21412965537389048,0,-0.11741148118045072,0.21411362048296367,0,-0.11742751607137752,1.6034890926802658e-05
929,4657,4658,0,0.13142758071883856,0,-0.20011355583550264,0.13150536664561455,0,-0.20003576990872665,7.7785926775986169e-05
930,4658,4659,0,0.086431123855634576,0,-0.24511001269870664,0.086441401323829631,0,-0.24509973523051157,1.0277468195055151e-05
931,4659,4660,1,0.81548846148409559,1,0.4839473249297544,0.81554486034217233,1,0.48400372378783113,5.6398858076733838e-05
932,4660,4661,0,0.12832001232253099,0,-0.20322112423181021,0.12832194688376555,0,-0.20321918967057565,1.9345612345678109e-06
933,4665,4666,0,0.057272832196898667,0,-0.27426830435744254,0.057281253365556943,0,-0.27425988318878425,8.4211686582763567e-06
934,4671,4672,0,0.12127567686885633,0,-0.21026545968548488,0.12114718007972482,0,-0.21039395647461639,0.00012849678913151585
935,4675,4676,0,0.079971172163497709,0,-0.2515699643908435,0.080021663518086567,0,-0.25151947303625466,5.0491354588858006e-05
936,4677,4678,0,0.1867978231377711,0,-0.1447433134165701,0.18680142924365112,0,-0.14473970731069008,3.6061058800163082e-06
937,4678,4679,0,0.20159960291833331,0,-0.12994153363600788,0.2016456174382413,0,-0.12989551911609989,4.601451990798866e-05
938,4682,4683,0,0.076342482740859946,0,-0.25519865381348128,0.076348282473423706,0,-0.25519285408091752,5.7997325637604291e-06
939,4689,4690,0,0.51298061217840218,1,0.18143947562406099,0.5129633410511979,1,0.1814222044968567,1.7271127204288028e-05
940,4703,4704,1,0.4765829504479539,1,0.1450418138936127,0.47651833917446429,1,0.14497720262012309,6.4611273489612042e-05
941,4705,4706,0,0.17145144778349622,0,-0.16008968877084498,0.17144661104866873,0,-0.16009452550567246,4.8367348274847011e-06
942,4707,4708,1,0.67106258899096283,1,0.33952145243662163,0.67096214437664126,1,0.33942100782230006,0.00010044461432157092
943,4709,4710,0,0.064663822348771868,0,-0.26687731420556932,0.06468257223331704,0,-0.26685856432102417,1.874988454517168e-05
944,4719,4720,0,0.56291825773611615,1,0.23137712118177495,0.56299798497480236,1,0.23145684842046116,7.9727238686211344e-05
945,4730,4731,0,0.06823834378977503,0,-0.26330279276456614,0.068245542539632137,0,-0.26329559401470903,7.1987498571068897e-06
946,4734,4735,0,0.05676553897978695,0,-0.27477559757455428,0.056783162810787539,0,-0.27475797374355365,1.7623831000589119e-05
947,4745,4746,0,0.66931078267451916,1,0.33776964612017796,0.66934788184078842,1,0.33780674528644722,3.7099166269261019e-05
948,4749,4750,0,0.13409105291604625,0,-0.19745008363829494,0.13406920801421474,0,-0.19747192854012646,2.1844901831519214e-05
949,4751,4752,0,0.078804139010763219,0,-0.25273699754357798,0.078817961349508761,0,-0.25272317520483245,1.3822338745542173e-05
950,4761,4762,0,0.12710406244799191,0,-0.20443707410634929,0.12711370867804664,0,-0.20442742787629456,9.6462300547273117e-06
951,4762,4763,1,0.70334886062730861,1,0.37180772407296742,0.70347042451814523,1,0.37192928796380403,0.00012156389083661789
952,4765,4766,0,0.045071502018716576,0,-0.28646963453562463,0.045081360419020389,0,-0.28645977613532081,9.8584003038124091e-06
953,4766,4767,0,0.18745021706460041,0,-0.14409091948974079,0.18751863251051337,0,-0.14402250404382783,6.8415445912961559e-05
954,4769,4770,1,0.5667323026975053,1,0.2351911661431641,0.56674529790399641,1,0.23520416134965522,1.2995206491117628e-05
955,4771,4772,0,0.17404125095301928,0,-0.15749988560132192,0.17405390311480029,0,-0.15748723343954091,1.2652161781007143e-05
956,4775,4776,0,0.13604093959153576,0,-0.19550019696280543,0.13606616913926955,0,-0.19547496741507164,2.5229547733790492e-05
957,4783,4784,0,0.15105939297174403,0,-0.18048174358259716,0.15105639922754824,0,-0.18048473732679296,2.9937441957950117e-06
958,4785,4786,0,0.084333850774344563,0,-0.24720728577999662,0.084341668536861134,0,-0.24719946801748005,7.8177625165709586e-06
959,4792,4793,0,0.22800575095549042,0,-0.10353538559885078,0.22794354663291289,0,-0.10359758992142831,6.2204322577530391e-05
960,4799,4800,0,0.15790699094260477,0,-0.17363414561173643,0.15790976169646245,0,-0.17363137485787875,2.770753857683772e-06
961,4804,4805,0,0.095807508996205007,0,-0.23573362755813621,0.095856339999202747,0,-0.23568479655513846,4.8831002997740125e-05
962,4807,4808,0,0.12161310713893161,0,-0.20992802941540958,0.12163943835383204,0,-0.20990169820050916,2.633121490042134e-05
963,4813,4814,0,0.0099975993255372979,0,-0.32154353722880391,0.0099991956612346111,0,-0.32154194089310661,1.5963356973132392e-06
964,4815,4816,0,0.17716500212585209,0,-0.1543761344284891,0.17710638877991605,0,-0.15443474777442515,5.8613345936042727e-05
965,4819,4820,0,0.084102401170895541,0,-0.24743873538344566,0.08413506520681914,0,-0.24740607134752207,3.2664035923599122e-05
966,4821,4822,0,0.32463772787955669,0,-0.0069034086747845058,0.33039458046160503,0,-0.0011465560927361729,0.0057568525820483329
967,4825,4826,0,0.12629982362047851,0,-0.20524131293386269,0.1263039533246795,0,-0.2052371832296617,4.1297042009946772e-06
968,4827,4828,0,0.17814958519435897,0,-0.15339155135998223,0.17820050004608801,0,-0.15334063650825319,5.091485172903365e-05
969,4829,4830,0,0.24890837349091269,0,-0.08263276306342851,0.24893721013885031,0,-0.082603926415490886,2.8836647937624527e-05
970,4830,4831,0,0.13303194287908152,0,-0.19850919367525968,0.13301838147598624,0,-0.19852275507835496,1.3561403095274649e-05
971,4831,4832,1,0.082081116141268007,0,-0.24946002041307319,0.082021111813126171,0,-0.24952002474121504,6.0004328141835539e-05
972,4840,4841,1,0.65232662253568374,1,0.32078548598134254,0.65232917550321834,1,0.32078803894887714,2.5529675345969949e-06
973,4860,4861,1,0.77882426411022487,1,0.44728312755588367,0.7782568344373102,1,0.446715697882969,0.00056742967291467661
974,4862,4863,1,0.69844321127697973,1,0.36690207472263853,0.69842783106255035,1,0.36688669450820915,1.538021442937243e-05
975,4863,4864,1,0.16307521756741861,0,-0.16846591898692259,0.16311291108472395,0,-0.16842822546961725,3.7693517305342761e-05
976,4871,4872,0,0.068554110502374394,0,-0.26298702605196678,0.068567128740534639,0,-0.26297400781380653,1.3018238160245055e-05
977,4877,4878,0,0.08978950716452111,0,-0.24175162938982009,0.089807363642372434,0,-0.24173377291196876,1.7856477851324604e-05
978,4884,4885,1,0.40552663944407669,1,0.073985502889735488,0.40561854359006605,1,0.074077407035724852,9.1904145989363251e-05
979,4886,4887,0,0.15326844857325081,0,-0.17827268798109039,0.15327589584453033,0,-0.17826524070981087,7.4472712795203844e-06
980,4889,4890,0,0.14439780332897392,0,-0.18714333322536728,0.14410110590949432,0,-0.18744003064484688,0.00029669741947960238
981,4891,4892,0,0.14459611032524317,0,-0.18694502622909803,0.14460275677567053,0,-0.18693837977867067,6.6464504273611169e-06
982,4892,4893,0,0.17882522223329728,0,-0.15271591432104392,0.17875171899108874,0,-0.15278941756325246,7.3503242208533548e-05
983,4895,4896,0,0.16628177143849182,0,-0.16525936511584938,0.16629016292984777,0,-0.16525097362449342,8.3914913559524074e-06
984,4897,4898,0,0.09890006594630156,0,-0.23264107060803962,0.098807376277393458,0,-0.23273376027694775,9.2689668908102485e-05
985,4900,4901,1,0.17000747370177025,0,-0.16153366285257095,0.17004993199250176,0,-0.16149120456183944,4.2458290731517412e-05
986,4901,4902,0,0.25419762246584504,0,-0.077343514088496157,0.2542093052178388,0,-0.077331831336502399,1.1682751993757901e-05
987,4904,4905,0,0.23620542296091113,0,-0.095335713593430071,0.23634122908664615,0,-0.09519990746769505,0.00013580612573502182
988,4906,4907,0,0.36521552005255209,1,0.033674383498210891,0.36672249161393916,1,0.035181355059597963,0.0015069715613870716
989,4914,4915,0,0.65671133792522085,1,0.32517020137087965,0.65667248957568669,1,0.32513135302134549,3.884834953415961e-05
990,4918,4919,0,0.037818917584339751,0,-0.29372221897000145,0.037827576359065328,0,-0.29371356019527589,8.6587747255770231e-06
991,4920,4921,0,0.24591792272876661,0,-0.085623213825574584,0.24584775343229581,0,-0.085693383122045386,7.0169296470801168e-05
992,4922,4923,0,0.17802477758265989,0,-0.15351635897168131,0.17784667933957013,0,-0.15369445721477107,0.00017809824308975819
993,4932,4933,0,0.085838009277520666,0,-0.24570312727682053,0.086164696696717238,0,-0.24537643985762397,0.0003266874191965724
994,4934,4935,0,0.57986489110807571,1,0.24832375455373451,0.57984506275739223,1,0.24830392620305103,1.9828350683481766e-05
995,4942,4943,0,0.090795945792768659,0,-0.24074519076157253,0.090786092899669546,0,-0.24075504365467165,9.8528930991131913e-06
996,4943,4944,0,0.10242208357060824,0,-0.22911905298373297,0.10263435566665527,0,-0.22890678088768593,0.0002122720960470309
997,4955,4956,1,0.16391505215518792,0,-0.16762608439915327,0.16405061351727837,0,-0.16749052303706283,0.00013556136209044722
998,4957,4958,1,0.22299453757471985,0,-0.10854659897962135,0.22284026511926394,0,-0.10870087143507726,0.00015427245545590607
999,4963,4964,0,0.09286694244675528,0,-0.23867419410758592,0.092839195392274393,0,-0.23870194116206681,2.7747054480886657e-05
1000,4964,4965,0,0.11004163646312465,0,-0.22149950009121655,0.11003697711005775,0,-0.22150415944428345,4.6593530668992411e-06
1001,4966,4967,0,0.1399843851249728,0,-0.1915567514293684,0.13980799144081202,0,-0.19173314511352918,0.0001763936841607805
1002,4969,4970,0,0.033948189212822354,0,-0.29759294734151887,0.033897871015427655,0,-0.29764326553891352,5.0318197394698394e-05
1003,4972,4973,0,0.17133377936320601,0,-0.16020735719113519,0.17124358977076518,0,-0.16029754678357602,9.0189592440836908e-05
1004,4992,4993,1,0.75009090685316704,1,0.41854977029882584,0.75009601060661724,1,0.41855487405227604,5.1037534501974235e-06
1005,4996,4997,0,0.10814449466217178,0,-0.2233966418921694,0.10814562943753275,0,-0.22339550711680844,1.1347753609697309e-06
1006,4997,4998,1,0.11303121059460618,0,-0.21850992595973501,0.1129966955954444,0,-0.2185444409588968,3.4514999161780469e-05
1007,5000,5001,0,0.23883989658864443,0,-0.092701239965696763,0.23887815830722786,0,-0.092662978247113337,3.826171858342664e-05
1008,5001,5002,1,0.059953303878122081,0,-0.27158783267621911,0.059953127059379045,0,-0.27158800949496215,1.7681874303621115e-07
1009,5008,5009,0,0.10020466658045643,0,-0.23133646997388477,0.10019889935102494,0,-0.23134223720331626,5.7672294314914385e-06
1010,5011,5012,1,0.15989254658448562,0,-0.17164858996985558,0.15989039685149109,0,-0.17165073970285011,2.1497329945330268e-06
1011,5015,5016,0,0.19686851300291947,0,-0.13467262355142173,0.19686750303338052,0,-0.13467363352096068,1.0099695389453878e-06
1012,5020,5021,0,0.024144071158531448,0,-0.30739706539580974,0.024192862631556782,0,-0.30734827392278441,4.8791473025333598e-05
1013,5022,5023,0,0.28582893336861914,0,-0.045712203185722056,0.28583204239536197,0,-0.045709094158979224,3.1090267428313112e-06
1014,5024,5025,0,0.13328765648734697,0,-0.19825348006699423,0.13332351984880356,0,-0.19821761670553764,3.5863361456583975e-05
1015,5034,5035,1,0.11504045260775198,0,-0.21650068394658922,0.11516884517622027,0,-0.21637229137812092,0.00012839256846829128
1016,5036,5037,0,0.32014101443554871,0,-0.011400122118792488,0.32007872155743389,0,-0.011462414996907311,6.2292878114822425e-05
1017,5043,5044,0,0.15993614098788314,0,-0.17160499556645806,0.15996314406905657,0,-0.17157799248528463,2.7003081173426757e-05
1018,5048,5049,1,0.71685330226674915,1,0.38531216571240795,0.71682378786730583,1,0.38528265131296463,2.9514399443320016e-05
1019,5052,5053,0,0.094159000469402968,0,-0.23738213608493824,0.094167240990047502,0,-0.2373738955642937,8.2405206445340662e-06
1020,5056,5057,1,0.76081931559678484,1,0.42927817904244364,0.76083310630840273,1,0.42929196975406153,1.3790711617889251e-05
1021,5062,5063,0,0.19236035312300667,0,-0.13918078343133453,0.19224896962969801,0,-0.13929216692464319,0.00011138349330866437
1022,5064,5065,1,0.52962743012030877,1,0.19808629356596757,0.52963567412909063,1,0.19809453757474943,8.244008781854717e-06
1023,5088,5089,0,0.08621972062735625,0,-0.24532141592698495,0.086233578618919615,0,-0.24530755793542158,1.3857991563365202e-05
1024,5098,5099,0,0.0085813216949824252,0,-0.32295981485935876,0.0085916585215012418,0,-0.32294947803283997,1.0336826518816608e-05
1025,5100,5101,0,0.1750094543709419,0,-0.1565316821833993,0.17499381153033586,0,-0.15654732502400534,1.5642840606039377e-05
1026,5103,5104,0,0.10299675741456737,0,-0.22854437913977382,0.10301078510079281,0,-0.22853035145354839,1.4027686225437375e-05
1027,5105,5106,0,0.14862759397338124,0,-0.18291354258095996,0.14862432777401491,0,-0.18291680878032629,3.2661993663307687e-06
1028,5113,5114,1,0.7300049633840191,1,0.3984638268296779,0.72994561744299902,1,0.39840448088865782,5.9345941020083615e-05
1029,5120,5121,0,0.07741148547050708,0,-0.25412965108383412,0.07741864047853271,0,-0.2541224960758085,7.155008025630516e-06
1030,5121,5122,1,0.30718544779914264,0,-0.024355688755198557,0.3070822667042179,0,-0.024458869850123299,0.00010318109492474248
1031,5127,5128,0,0.15668637649408018,0,-0.17485476006026102,0.15669327050538484,0,-0.17484786604895636,6.8940113046589424e-06
1032,5140,5141,0,0.1321590603230833,0,-0.19938207623125789,0.1321685292265127,0,-0.19937260732782849,9.4689034293993224e-06
1033,5142,5143,0,0.09165709566208384,0,-0.23988404089225734,0.091645096261285502,0,-0.2398960402930557,1.1999400798337612e-05
1034,5147,5148,1,0.68928419637402738,1,0.35774305981968618,0.68922645020151019,1,0.35768531364716899,5.7746172517192385e-05
1035,5148,5149,1,0.37771469866278151,1,0.046173562108440314,0.37774969516651957,1,0.046208558612178374,3.4996503738060625e-05
1036,5159,5160,0,0.095178660924246997,0,-0.23636247563009422,0.095192008650744064,0,-0.23634912790359713,1.3347726497067725e-05
1037,5166,5167,0,0.12542660088230012,0,-0.20611453567204108,0.12544731632685072,0,-0.20609382022749048,2.0715444550595263e-05
1038,5170,5171,0,0.31693389240177261,0,-0.014607244152568588,0.31697997346082618,0,-0.014561163093515017,4.6081059053570961e-05
1039,5172,5173,0,0.16694579034765841,0,-0.16459534620668279,0.16691881874793826,0,-0.16462231780640293,2.6971599720149175e-05
1040,5174,5175,0,0.14397907129161935,0,-0.18756206526272184,0.14395869403969958,0,-0.18758244251464162,2.0377251919778683e-05
1041,5177,5178,1,0.78586322514690066,1,0.45432208859255946,0.78579297690492866,1,0.45425184035058747,7.0248241971992975e-05
1042,5182,5183,0,0.017348632791569195,0,-0.31419250376277202,0.017360804361583236,0,-0.31418033219275798,1.2171570014041233e-05
1043,5192,5193,0,0.17640379065167588,0,-0.15513734590266531,0.17654336474652876,0,-0.15499777180781243,0.00013957409485287897
1044,5248,5249,1,0.23942192750552843,0,-0.092119209048812767,0.23942252983785986,0,-0.092118606716481338,6.0233233142859e-07
1045,5250,5251,0,0.23301769949385542,0,-0.098523437060485775,0.2330371811362851,0,-0.098503955418056094,1.9481642429680646e-05
1046,5253,5254,0,0.20299525060580245,0,-0.12854588594853875,0.20301496320769266,0,-0.12852617334664854,1.9712601890209402e-05
1047,5260,5261,1,0.59739589212043254,1,0.26585475556609134,0.59722717859869057,1,0.26568604204434937,0.00016871352174196996
1048,5261,5262,0,0.088874140745778318,0,-0.24266699580856288,0.088875787386385394,0,-0.24266534916795579,1.6466406070753115e-06
1049,5263,5264,0,0.038301403494259999,0,-0.29323973306008122,0.038309682818603148,0,-0.29323145373573806,8.2793243431494856e-06
1050,5283,5284,0,0.2514751213696938,0,-0.080066015184647399,0.25127980508609538,0,-0.080261331468245822,0.00019531628359842346
1051,5284,5285,1,0.76261260447745127,1,0.43107146792311007,0.76259245737568593,1,0.43105132082134473,2.0147101765344289e-05
1052,5285,5286,0,0.058128024681648044,0,-0.27341311187269313,0.058157743011696947,0,-0.27338339354264424,2.9718330048902897e-05
1053,5286,5287,1,0.094694590901293438,0,-0.23684654565304775,0.094720124571296027,0,-0.23682101198304517,2.5533670002589326e-05
1054,5287,5288,0,0.049127034018662134,0,-0.28241410253567906,0.049128880271491773,0,-0.28241225628284944,1.8462528296389613e-06
1055,5292,5293,0,0.19141539782658562,0,-0.14012573872775558,0.19149271831697132,0,-0.14004841823736988,7.7320490385696106e-05
1056,5296,5297,0,0.11883110629995189,0,-0.21271003025438931,0.11883179072118413,0,-0.21270934583315707,6.8442123224432549e-07
1057,5311,5312,0,0.19773793503294859,0,-0.13380320152139261,0.19774638266380942,0,-0.13379475389053178,8.4476308608305573e-06
1058,5313,5314,0,0.38034327762096487,1,0.048802141066623672,0.38073505077328079,1,0.049193914218939594,0.0003917731523159218
1059,5314,5315,0,0.16572251051340409,0,-0.16581862604093711,0.1657301214495901,0,-0.1658110151047511,7.610936186008832e-06
1060,5315,5316,0,0.025483981493447428,0,-0.30605715506089376,0.025532078482280465,0,-0.30600905807206075,4.809698883303723e-05
1061,5320,5321,0,0.18314652844119661,0,-0.14839460811314459,0.18312401727908292,0,-0.14841711927525827,2.2511162113686423e-05
1062,5324,5325,0,0.14666765036450646,0,-0.18487348618983473,0.14666240478778017,0,-0.18487873176656103,5.2455767262926667e-06
1063,5327,5328,0,0.039887850638451815,0,-0.2916532859158894,0.03989997420342057,0,-0.29164116235092064,1.2123564968755107e-05
1064,5328,5329,0,0.1963280952987643,0,-0.1352130412555769,0.19585536517161634,0,-0.13568577138272486,0.00047273012714796336
1065,5343,5344,0,0.27140421153936933,0,-0.060136925014971865,0.27133598229688044,0,-0.060205154257460758,6.822924248889306e-05
1066,5349,5350,1,0.60311630107730374,1,0.27157516452296254,0.60309491475749022,1,0.27155377820314902,2.1386319813521126e-05
1067,5352,5353,0,0.42513934808796716,1,0.093598211533625963,0.42512504090330888,1,0.093583904348967684,1.4307184658279848e-05
1068,5355,5356,0,0.082833532870775162,0,-0.24870760368356604,0.082793139908627758,0,-0.24874799664571345,4.0392962147403622e-05
1069,5359,5360,0,0.093994176553992295,0,-0.23754696000034892,0.094495413774732945,0,-0.23704572277960825,0.00050123722074064958
1070,5360,5361,0,0.10552137278974244,0,-0.22601976376459876,0.10564771201301511,0,-0.2258934245413261,0.00012633922327266733
1071,5361,5362,0,0.08360234921797402,0,-0.24793878733636718,0.083668517791807395,0,-0.2478726187625338,6.6168573833375044e-05
1072,5366,5367,0,0.37393785691695902,1,0.042396720362617824,0.3740113881703811,1,0.0424702516160399,7.353125342207667e-05
1073,5378,5379,0,0.10613663335182726,0,-0.22540450320251393,0.10625047537203128,0,-0.22529066118230992,0.0001138420202040219
1074,5391,5392,0,0.076396628635917632,0,-0.25514450791842358,0.076206993706027307,0,-0.25533414284831391,0.00018963492989032549
1075,5404,5405,1,0.29594826110648087,0,-0.035592875447860328,0.2960037883735413,0,-0.035537348180799899,5.5527267060428986e-05
1076,5408,5409,0,0.092052817421043917,0,-0.23948831913329727,0.092039320619205223,0,-0.23950181593513598,1.3496801838694394e-05
1077,5412,5413,0,0.20249930245013625,0,-0.12904183410420494,0.20248786954327272,0,-0.12905326701106848,1.1432906863534376e-05
1078,5413,5414,0,0.072338835706204807,0,-0.25920230084813639,0.072329503164783329,0,-0.25921163338955788,9.3325414214778801e-06
1079,5414,5415,0,0.064639818954372222,0,-0.26690131759996899,0.064700396533673377,0,-0.26684074002066782,6.0577579301154816e-05
1080,5422,5423,1,0.12133412544890354,0,-0.21020701110543766,0.12139746232845405,0,-0.21014367422588714,6.3336879550512926e-05
1081,5437,5438,0,0.077445973649422378,0,-0.25409516290491885,0.077458458830379412,0,-0.25408267772396176,1.2485180957033659e-05
1082,5439,5440,0,0.66697239130917496,1,0.33543125475483376,0.66694479768323134,1,0.33540366112889014,2.759362594362269e-05
1083,5441,5442,0,0.025400680335828273,0,-0.30614045621851294,0.025427325600949017,0,-0.30611381095339218,2.6645265120743555e-05
1084,5449,5450,0,0.12951011259082024,0,-0.20203102396352096,0.12950747951700264,0,-0.20203365703733855,2.6330738175928126e-06
1085,5459,5460,0,0.02042189099741128,0,-0.31111924555692994,0.020421310269634448,0,-0.31111982628470675,5.8072777683187971e-07
1086,5461,5462,0,0.12750704882144789,0,-0.2040340877328933,0.12735398236108569,0,-0.2041871541932555,0.00015306646036220006
1087,5465,5466,0,0.23904105697894951,0,-0.092500079575391692,0.23902285993152855,0,-0.092518276622812645,1.8197047420953627e-05
1088,5477,5478,0,0.074917001911273678,0,-0.25662413464306755,0.074976140897293111,0,-0.2565649956570481,5.9138986019433015e-05
1089,5492,5493,0,0.20035246158151435,0,-0.13118867497282685,0.20035136482925148,0,-0.13118977172508972,1.096752262869094e-06
1090,5499,5500,0,0.0092188749868241607,0,-0.32232226156751703,0.0092214351020033745,0,-0.32231970145233785,2.5601151792137983e-06
1091,5504,5505,0,0.16211787331569208,0,-0.16942326323864912,0.16213892867325216,0,-0.16940220788108903,2.1055357560084698e-05
1092,5516,5517,0,0.70985380367924755,1,0.37831266712490635,0.70972386000725085,1,0.37818272345290965,0.00012994367199670176
1093,5519,5520,0,0.16657994633886972,0,-0.16496119021547148,0.16658279180154814,0,-0.16495834475279306,2.8454626784246706e-06
1094,5531,5532,0,0.16888488344736124,0,-0.16265625310697995,0.16889144686372196,0,-0.16264968969061924,6.5634163607108942e-06
1095,5546,5547,0,0.1930189662150476,0,-0.13852217033929359,0.19303958679963693,0,-0.13850154975470427,2.0620584589320368e-05
1096,5552,5553,0,0.12999726180617158,0,-0.20154387474816962,0.1300135435483771,0,-0.2015275930059641,1.628174220552614e-05
1097,5553,5554,0,0.19266163992222293,0,-0.13887949663211827,0.19267269323897343,0,-0.13886844331536777,1.105331675049781e-05
1098,5556,5557,0,0.18612029621918608,0,-0.14542084033515512,0.18630297608175775,0,-0.14523816047258345,0.0001826798625716719
1099,5564,5565,1,0.12826411882665364,0,-0.20327701772768755,0.12840595206709729,0,-0.20313518448724391,0.00014183324044364509
1100,5573,5574,0,0.040703422837140041,0,-0.29083771371720113,0.040686270534110287,0,-0.29085486602023092,1.7152303029753513e-05
1101,5576,5577,1,0.16332947455129548,0,-0.16821166200304571,0.16199593436316456,0,-0.16954520219117664,0.0013335401881309217
1102,5588,5589,0,0.140952539190072,0,-0.1905885973642692,0.14098034373517959,0,-0.19056079281916161,2.7804545107590339e-05
1103,5589,5590,0,0.10951293262634536,0,-0.22202820392799583,0.10951225371572935,0,-0.22202888283861183,6.7891061600322544e-07
1104,5591,5592,0,0.29546892515914008,0,-0.036072211395201115,0.29543436678770352,0,-0.036106769766637681,3.4558371436566038e-05
1105,5592,5593,0,0.79402416095751049,1,0.4624830244031693,0.79401872706223509,1,0.46247759050789389,5.4338952754084957e-06
1106,5594,5595,0,0.25938596287583809,0,-0.072155173678503104,0.25937872626730624,0,-0.072162410287034962,7.2366085318575912e-06
1107,5603,5604,0,0.024296049546929033,0,-0.30724508700741215,0.024346101410395723,0,-0.30719503514394547,5.0051863466689384e-05
1108,5613,5614,0,0.14172630882161785,0,-0.18981482773272335,0.14173693372787838,0,-0.18980420282646282,1.0624906260525702e-05
1109,5615,5616,0,0.057438509004307595,0,-0.27410262755003362,0.057444818592930429,0,-0.27409631796141076,6.3095886228339837e-06
1110,5624,5625,0,0.064136456570738895,0,-0.26740467998360229,0.064083183275797068,0,-0.26745795327854416,5.327329494182742e-05
1111,5625,5626,0,0.12556804830898305,0,-0.20597308824535815,0.12553603236990676,0,-0.20600510418443443,3.2015939076285305e-05
1112,5626,5627,1,0.53902263650412263,1,0.20748149994978143,0.53901493745913998,1,0.20747380090479878,7.6990449826563889e-06
1113,5633,5634,0,0.081764447146459002,0,-0.2497766894078822,0.08182608433922732,0,-0.24971505221511386,6.1637192768318472e-05
1114,5643,5644,0,0.18112328128487262,0,-0.15041785526946858,0.18111225762852834,0,-0.15042887892581286,1.1023656344283372e-05
1115,5667,5668,0,0.039160007872740835,0,-0.29238112868160038,0.039161417762951081,0,-0.29237971879139013,1.4098902102466226e-06
1116,5670,5671,0,0.26493316443177595,0,-0.066607972122565251,0.27024408720115384,0,-0.061297049353187361,0.0053109227693778904
1117,5675,5676,0,0.24735862640172326,0,-0.084182510152617934,0.24738581655074554,0,-0.084155320003595657,2.719014902227701e-05
1118,5676,5677,0,0.12396358040945021,0,-0.20757755614489098,0.12397997983295951,0,-0.2075611567213817,1.6399423509297351e-05
1119,5677,5678,0,0.16953309862790572,0,-0.16200803792643548,0.16952446107176172,0,-0.16201667548257948,8.6375561439977488e-06
1120,5679,5680,0,0.27256901407709022,0,-0.058972122477250977,0.27283120050823834,0,-0.058709936046102862,0.0002621864311481148
1121,5684,5685,0,0.15616332024383661,0,-0.17537781631050459,0.15617134514355288,0,-0.17536979141078832,8.0248997162690738e-06
1122,5687,5688,0,0.018502657215828375,0,-0.31303847933851281,0.018505504578002353,0,-0.31303563197633882,2.8473621739785737e-06
1123,5691,5692,0,0.11923762802863211,0,-0.21230350852570909,0.11921498285891899,0,-0.21232615369542221,2.264516971312025e-05
1124,5693,5694,0,0.20872418101690146,0,-0.12281695553743974,0.20829522824495139,0,-0.12324590830938981,0.00042895277195006964
1125,5703,5704,0,0.11430146143686694,0,-0.21723967511747427,0.11432275495198238,0,-0.21721838160235882,2.1293515115441974e-05
1126,5706,5707,0,0.018510176230399435,0,-0.31303096032394179,0.01851348793875544,0,-0.31302764861558574,3.3117083560046945e-06
1127,5713,5714,0,0.7337386616252668,1,0.4021975250709256,0.73373731457759839,1,0.40219617802325719,1.3470476684096511e-06
1128,5716,5717,0,0.025831671930049361,0,-0.30570946462429183,0.025872994966489236,0,-0.30566814158785194,4.1323036439874783e-05
1129,5722,5723,0,0.11266975824530644,0,-0.21887137830903475,0.11270950590545432,0,-0.21883163064888689,3.9747660147887443e-05
1130,5729,5730,0,0.22754494867949263,0,-0.10399618787484857,0.22755727492924413,0,-0.10398386162509707,1.2326249751504204e-05
1131,5738,5739,1,0.60252238870528807,1,0.27098125215094687,0.60252716721290278,1,0.27098603065856158,4.7785076147111027e-06
1132,5740,5741,0,0.11549825671139445,0,-0.21604287984294673,0.11550541824413561,0,-0.21603571831020557,7.1615327411622687e-06
1133,5744,5745,0,0.086701586789345919,0,-0.24483954976499528,0.086805290814909467,0,-0.24473584573943175,0.00010370402556354741
1134,5749,5750,0,0.16256717105623514,0,-0.16897396549810606,0.16256132049238892,0,-0.16897981606195228,5.8505638462214016e-06
1135,5750,5751,1,0.69112752856629178,1,0.35958639201195058,0.69116262653574523,1,0.35962148998140403,3.5097969453445899e-05
1136,5760,5761,0,0.13128458191537704,0,-0.20025655463896416,0.13128136718964162,0,-0.20025976936469958,3.2147257354175895e-06
1137,5761,5762,0,0.26934880298173763,0,-0.062192333572603564,0.2693484775182492,0,-0.062192659036092002,3.2546348843753847e-07
1138,5762,5763,0,0.27123402323491741,0,-0.060307113319423789,0.27100564846899017,0,-0.06053548808535103,0.00022837476592724171
1139,5763,5764,0,0.14119667678253905,0,-0.19034445977180214,0.14107909184172043,0,-0.19046204471262076,0.00011758494081862136
1140,5764,5765,0,0.12121470161821377,0,-0.21032643493612743,0.12123433173643582,0,-0.21030680481790537,1.9630118222049853e-05
1141,5766,5767,0,0.098062536923217758,0,-0.23347859963112344,0.097956020724131454,0,-0.23358511583020974,0.00010651619908630394
1142,5768,5769,0,0.16667815527485891,0,-0.16486298127948229,0.16668379307890527,0,-0.16485734347543593,5.6378040463600509e-06
1143,5777,5778,0,0.10160948915474873,0,-0.22993164739959249,0.10154540316346454,0,-0.22999573339087664,6.4085991284185129e-05
1144,5786,5787,1,0.57045225053632442,1,0.23891111398198323,0.57044351914195757,1,0.23890238258761637,8.7313943668565486e-06
1145,5789,5790,0,0.18840953095360638,0,-0.14313160560073482,0.18839522484594218,0,-0.14314591170839902,1.4306107664202594e-05
1146,5795,5796,0,0.014510938578041662,0,-0.31703019797629955,0.014569526038449788,0,-0.3169716105158914,5.8587460408125389e-05
1147,5802,5803,0,0.18905314549815819,0,-0.14248799105618301,0.18905309774575893,0,-0.14248803880858227,4.7752399257028344e-08
1148,5804,5805,0,0.14367309434534745,0,-0.18786804220899375,0.1437215011183483,0,-0.18781963543599289,4.8406773000858605e-05
1149,5813,5814,0,0.26272678382940784,0,-0.068814352724933359,0.26273859175396463,0,-0.068802544800376564,1.1807924556794802e-05
1150,5822,5823,0,0.19491677150752185,0,-0.13662436504681935,0.19492216746160312,0,-0.13661896909273807,5.3959540812775764e-06
1151,5823,5824,0,0.14329873111437924,0,-0.18824240543996196,0.14329225749749064,0,-0.18824887905685056,6.4736168886025958e-06
1152,5827,5828,1,0.072118410783813702,0,-0.2594227257705275,0.072113204937452102,0,-0.2594279316168891,5.2058463616000417e-06
1153,5839,5840,0,0.23102682750540551,0,-0.10051430904893568,0.23107333268310579,0,-0.10046780387123541,4.6505177700273403e-05
1154,5841,5842,0,0.073057122072733738,0,-0.25848401448160746,0.073072389592571257,0,-0.25846874696176991,1.5267519837519616e-05
1155,5843,5844,0,0.16381222586884495,0,-0.16772891068549625,0.16380713883922529,0,-0.16773399771511591,5.0870296196547926e-06
1156,5851,5852,0,0.13306783234777642,0,-0.19847330420656478,0.132516549514124,0,-0.19902458704021719,0.00055128283365241115
1157,5866,5867,0,0.15374016676184662,0,-0.17780096979249457,0.15378968232755491,0,-0.17775145422678629,4.9515565708285747e-05
1158,5872,5873,0,0.084513386045889344,0,-0.24702775050845185,0.084456581055739541,0,-0.24708455549860164,5.6804990149803003e-05
1159,5875,5876,1,0.10900461136644464,0,-0.22253652518789657,0.10895489741209943,0,-0.22258623914224177,4.9713954345206868e-05
1160,5887,5888,0,0.0085319252035414208,0,-0.3230092113507998,0.0085417231838074061,0,-0.32299941337053378,9.7979802659853288e-06
1161,5893,5894,0,0.08313775652322429,0,-0.24840338003111689,0.083115368568967493,0,-0.24842576798537369,2.2387954256797293e-05
1162,5908,5909,0,0.033393323692824599,0,-0.29814781286151659,0.033249642668005973,0,-0.29829149388633525,0.00014368102481862599
1163,5909,5910,0,0.047492152748001087,0,-0.28404898380634014,0.047637127842765289,0,-0.28390400871157589,0.00014497509476420201
1164,5913,5914,0,0.078723379234036592,0,-0.25281775732030459,0.078674453989906551,0,-0.25286668256443467,4.8925244130040846e-05
1165,5914,5915,0,0.16018892928189055,0,-0.17135220727245065,0.16020630932556443,0,-0.17133482722877677,1.7380043673881351e-05
1166,5921,5922,0,0.14705458343987576,0,-0.18448655311446543,0.1470592747421145,0,-0.1844818618122267,4.6913022387351511e-06
1167,5929,5930,0,0.11080237851623141,0,-0.22073875803810977,0.11087468815747593,0,-0.22066644839686528,7.2309641244522327e-05
1168,5931,5932,0,0.027454840157807796,0,-0.3040862963965334,0.027480030315147796,0,-0.30406110623919341,2.5190157339999991e-05
1169,5935,5936,0,0.097048225291029494,0,-0.2344929112633117,0.097091373231785696,0,-0.23444976332255552,4.314794075620243e-05
1170,5940,5941,0,0.14532207330901892,0,-0.18621906324532228,0.14529157951286389,0,-0.1862495570414773,3.0493796155023345e-05
1171,5945,5946,0,0.16068285893032477,0,-0.17085827762401642,0.16068243583684846,0,-0.17085870071749273,4.2309347630942185e-07
1172,5946,5947,1,0.085052658024969183,0,-0.246488478529372,0.085040456319740887,0,-0.24650068023460031,1.2201705228295778e-05
1173,5948,5949,0,0.026231672143660473,0,-0.30530946441068074,0.026286628435227246,0,-0.30525450811911398,5.4956291566772564e-05
1174,5954,5955,0,0.1282794530852758,0,-0.2032616834690654,0.12830313643621458,0,-0.20323800011812662,2.3683350938774606e-05
1175,5956,5957,0,0.059475757917953377,0,-0.2720653786363878,0.059480081877805312,0,-0.27206105467653591,4.3239598519345668e-06
1176,5958,5959,0,0.14799942123349047,0,-0.18354171532085073,0.14800345682370306,0,-0.18353767973063814,4.0355902125865928e-06
1177,5964,5965,0,0.11714975065483478,0,-0.2143913858995064,0.11716369274692363,0,-0.21437744380741758,1.3942092088853331e-05
1178,5968,5969,0,0.13332258893732607,0,-0.19821854761701513,0.13328630105967479,0,-0.19825483549466641,3.6287877651280942e-05
1179,5971,5972,1,0.09191556376103234,0,-0.23962557279330887,0.09189884015165424,0,-0.23964229640268697,1.6723609378099802e-05
1180,5975,5976,0,0.15197032160362223,0,-0.17957081495071897,0.15196485987786021,0,-0.17957627667648099,5.4617257620181991e-06
1181,5978,5979,0,0.14968892822509006,0,-0.18185220832925114,0.14967035327711414,0,-0.18187078327722705,1.8574947975913414e-05
1182,5980,5981,0,0.11824827817914316,0,-0.21329285837519804,0.11825131365772329,0,-0.21328982289661791,3.0354785801323114e-06
1183,5984,5985,0,0.12005522078690985,0,-0.21148591576743136,0.12005446675280981,0,-0.21148666980153139,7.5403410003394011e-07
1184,5986,5987,1,0.16864265280163424,0,-0.16289848375270696,0.16865367261641212,0,-0.16288746393792908,1.1019814777885051e-05
1185,5987,5988,1,0.37613876615990416,1,0.044597629605562961,0.37615795002637509,1,0.044616813472033889,1.9183866470928734e-05
1186,5988,5989,0,0.40410731165278735,1,0.072566175098446151,0.40409211378167892,1,0.072550977227337721,1.5197871108429961e-05
1187,6012,6013,1,0.15771393107174522,0,-0.17382720548259598,0.15773663055548051,0,-0.17380450599886069,2.2699483735288961e-05
1188,6013,6014,0,0.26647612537321197,0,-0.065065011181129229,0.26602325392155757,0,-0.065517882632783631,0.0004528714516544019
1189,6023,6024,0,0.15519334894586384,0,-0.17634778760847736,0.1552332404378379,0,-0.1763078961165033,3.9891491974058946e-05
1190,6025,6026,1,0.51420524321525796,1,0.18266410666091676,0.51422782319256466,1,0.18268668663822346,2.2579977306702581e-05
1191,6037,6038,0,0.18995444895289088,0,-0.14158668760145032,0.18992987471521619,0,-0.14161126183912501,2.4574237674684918e-05
1192,6046,6047,0,0.0076487303156657768,0,-0.32389240623867543,0.0076663275039150916,0,-0.32387480905042609,1.7597188249314846e-05
1193,6059,6060,0,0.081022551874774681,0,-0.2505185846795665,0.08109403260567323,0,-0.25044710394866798,7.1480730898548783e-05
1194,6060,6061,0,0.18560972753859559,0,-0.14593140901574561,0.18561450905010368,0,-0.14592662750423752,4.7815115080951376e-06
1195,6061,6062,0,0.7000758263541903,1,0.3685346897998491,0.69980531495269371,1,0.36826417839835252,0.00027051140149658703
1196,6065,6066,0,0.64731734147096009,1,0.3157762049166189,0.64728782496402293,1,0.31574668840968173,2.951650693716612e-05
1197,6067,6068,0,0.16556398180783971,0,-0.16597715474650149,0.16564714718839907,0,-0.16589398936594213,8.316538055935796e-05
1198,6068,6069,0,0.1270006960771409,0,-0.2045404404772003,0.12696476388616251,0,-0.20457637266817869,3.593219097838829e-05
1199,6069,6070,0,0.032475166862614036,0,-0.29906596969172716,0.032464973666867666,0,-0.29907616288747352,1.0193195746369121e-05
1200,6072,6073,1,0.31214042233270095,0,-0.019400714221640247,0.312147879283246,0,-0.019393257271095199,7.4569505450483575e-06
1201,6076,6077,1,0.53049641380755397,1,0.19895527725321277,0.53047351010442434,1,0.19893237355008314,2.2903703129628639e-05
1202,6085,6086,1,0.40678944979638137,1,0.075248313242040177,0.40679274787337422,1,0.075251611319033018,3.2980769928414588e-06
1203,6089,6090,0,0.49635886621545799,1,0.1648177296611168,0.49635271164982336,1,0.16481157509548217,6.1545656346306821e-06
1204,6094,6095,1,0.2211551390868304,0,-0.11038599746751079,0.22118987108233712,0,-0.11035126547200408,3.4731995506714908e-05
1205,6102,6103,0,0.10837952864065616,0,-0.22316160791368506,0.10838547377143921,0,-0.223155662782902,5.94513078305825e-06
1206,6106,6107,0,0.57048880405107916,1,0.23894766749673796,0.5701190820074421,1,0.2385779454531009,0.00036972204363705519
1207,6109,6110,0,0.12791531746273543,0,-0.20362581909160576,0.12777535999930381,0,-0.20376577655503739,0.00013995746343162252
1208,6118,6119,0,0.18175369319346735,0,-0.14978744336087385,0.18173949036653095,0,-0.14980164618781025,1.4202826936399182e-05
1209,6119,6120,1,0.70835635329919799,1,0.3768152167448568,0.70807475375496531,1,0.37653361720062412,0.00028159954423268019
1210,6129,6130,1,0.31131829631379077,0,-0.020222840240550433,0.31121317823300415,0,-0.020327958321337047,0.00010511808078661478
1211,6133,6134,0,0.083304566124226653,0,-0.24823657043011454,0.083202093015238829,0,-0.24833904353910236,0.00010247310898782447
1212,6135,6136,0,0.0080639364659151249,0,-0.32347720008842606,0.0080812063273185322,0,-0.32345993022702269,1.726986140340725e-05
1213,6140,6141,0,0.10694963805917772,0,-0.22459149849516347,0.1069561566508142,0,-0.22458497990352699,6.5185916364868257e-06
1214,6151,6152,0,0.22508489236018719,0,-0.106456244194154,0.22508929378304673,0,-0.10645184277129446,4.4014228595401494e-06
1215,6155,6156,1,0.24328581896316626,0,-0.088255317591174942,0.24327884646326237,0,-0.088262290091078832,6.9724999038900393e-06
1216,6160,6161,1,0,0,-0.3315411365543412,0.22416019680499297,0,-0.10738093974934823,0.22416019680499297
1217,6161,6162,0,0.028229671555484736,0,-0.30331146499885647,0.028233655227474629,0,-0.30330748132686658,3.9836719898933559e-06
1218,6162,6163,0,0.17648767606892518,0,-0.15505346048541602,0.17647007569250725,0,-0.15507106086183395,1.7600376417931107e-05
1219,6165,6166,0,0.10542778108148861,0,-0.22611335547285261,0.10545131625880268,0,-0.22608982029553853,2.3535177314071287e-05
1220,6167,6168,0,0.13916750055397659,0,-0.19237363600036461,0.13916839808554737,0,-0.19237273846879382,8.9753157078709123e-07
1221,6173,6174,0,0.32186098642714051,0,-0.0096801501272006929,0.32323151843997183,0,-0.0083096181143693659,0.001370532012831327
1222,6175,6176,0,0.63942686358166689,1,0.3078857270273257,0.63943914977210403,1,0.30789801321776283,1.2286190437138522e-05
1223,6177,6178,1,0.1946851462285599,0,-0.1368559903257813,0.19470737255788206,0,-0.13683376399645913,2.2226329322166949e-05
1224,6178,6179,0,0.10900391764089107,0,-0.22253721891345013,0.10900432706045482,0,-0.22253680949388638,4.0941956375162292e-07
1225,6185,6186,0,0.14756441573569526,0,-0.18397672081864594,0.1475941377632706,0,-0.1839469987910706,2.9722027575340704e-05
1226,6198,6199,0,0.34302180063901061,1,0.011480664084669412,0.34298067728459275,1,0.011439540730251552,4.1123354417860192e-05
1227,6201,6202,1,0.15186046724660093,0,-0.17968066930774027,0.15190559285988109,0,-0.17963554369446011,4.5125613280155852e-05
1228,6211,6212,0,0.21293733497620956,0,-0.11860380157813163,0.21295501079396376,0,-0.11858612576037744,1.7675817754192469e-05
1229,6215,6216,0,0.62996478619532903,1,0.29842364964098783,0.62998822847095015,1,0.29844709191660895,2.3442275621121667e-05
1230,6217,6218,0,0.46715121037047808,1,0.13561007381613688,0.46716563287005136,1,0.13562449631571016,1.4422499573285563e-05
1231,6222,6223,0,0.11632028441328955,0,-0.21522085214105163,0.11633547463027048,0,-0.2152056619240707,1.5190216980931481e-05
1232,6227,6228,0,0.22301020827758625,0,-0.10853092827675495,0.22303508183693835,0,-0.10850605471740285,2.4873559352101005e-05
1233,6228,6229,1,0.65851160708352308,1,0.32697047052918188,0.65849994360870012,1,0.32695880705435892,1.1663474822953823e-05
1234,6236,6237,0,0.19538558418675864,0,-0.13615555236758256,0.19539313320494731,0,-0.13614800334939389,7.5490181886683771e-06
1235,6237,6238,1,0.05012038073365134,0,-0.28142075582068987,0.050140946058773103,0,-0.28140019049556808,2.0565325121763012e-05
1236,6239,6240,0,0.085259030559154361,0,-0.24628210599518685,0.085297151351506437,0,-0.24624398520283475,3.8120792352075439e-05
1237,6241,6242,0,0.089865633583199531,0,-0.24167550297114165,0.089989493814804769,0,-0.24155164273953644,0.0001238602316052384
1238,6243,6244,0,0.20912172796810305,0,-0.12241940858623815,0.20912704963553266,0,-0.12241408691880853,5.321667429614152e-06
1239,6244,6245,0,0.12637921398550911,0,-0.20516192256883209,0.12638422066757946,0,-0.20515691588676174,5.0066820703464909e-06
1240,6251,6252,1,0.17490841288462827,0,-0.15663272366971293,0.17347940184904623,0,-0.15806173470529497,0.0014290110355820451
1241,6261,6262,0,0.044490134307844278,0,-0.28705100224649693,0.044561409981810879,0,-0.28697972657253035,7.1275673966600395e-05
1242,6263,6264,0,0.10243060036117056,0,-0.22911053619317062,0.10244706040952177,0,-0.22909407614481941,1.6460048351207845e-05
1243,6271,6272,1,0.7772495741644414,1,0.44570843761010021,0.77714396666241559,1,0.44560283010807439,0.00010560750202581737
1244,6272,6273,0,0.15700697182297602,0,-0.17453416473136518,0.15710093604313252,0,-0.17444020051120868,9.3964220156506073e-05
1245,6276,6277,0,0.15605871133807539,0,-0.17548242521626581,0.15603633474870818,0,-0.17550480180563302,2.2376589367212318e-05
1246,6284,6285,0,0.020083925202953351,0,-0.31145721135138782,0.020083857778331164,0,-0.31145727877601004,6.7424622187534089e-08
1247,6287,6288,0,0.029251999739021314,0,-0.30228913681531988,0.029254907964965413,0,-0.30228622858937576,2.9082259440996183e-06
1248,6304,6305,1,0.20645957572787985,0,-0.12508156082646135,0.20639484389048315,0,-0.12514629266385804,6.4731837396692082e-05
1249,6306,6307,0,0.01766672652675139,0,-0.31387441002758981,0.017678603515119816,0,-0.3138625330392214,1.1876988368426239e-05
1250,6308,6309,0,0.074370969543955473,0,-0.25717016701038575,0.074336857518480848,0,-0.25720427903586035,3.4112025474625218e-05
1251,6314,6315,0,0.11851662548848009,0,-0.21302451106586112,0.11833911433180373,0,-0.21320202222253748,0.00017751115667635764
1252,6315,6316,1,0.28634650999511341,0,-0.045194626559227791,0.2863214421069567,0,-0.045219694447384495,2.5067888156704576e-05
1253,6319,6320,0,0.16776601645901751,0,-0.16377512009532369,0.16768325667323328,0,-0.16385787988110792,8.2759785784231044e-05
1254,6328,6329,0,0,0,-0.3315411365543412,7.9001717171485394e-08,0,-0.33154105755262403,7.9001717171485394e-08
1255,6334,6335,1,0.76116649257875757,1,0.42962535602441637,0.76120404987998624,1,0.42966291332564505,3.7557301228674511e-05
1256,6335,6336,0,0,0,-0.3315411365543412,5.0829930231149154e-08,0,-0.33154108572441099,5.0829930231149154e-08
1257,6337,6338,0,0.50179167795813862,1,0.17025054140379742,0.50179671055700781,1,0.17025557400266661,5.032598869192384e-06
1258,6341,6342,0,0.68648991127035308,1,0.35494877471601188,0.68644050498467857,1,0.35489936843033737,4.9406285674513661e-05
1259,6347,6348,0,0.53320806369542084,1,0.20166692714107964,0.53322553745032719,1,0.20168440089598599,1.7473754906349726e-05
1260,6351,6352,1,0.69054470565842951,1,0.35900356910408832,0.69043033385693098,1,0.35888919730258978,0.00011437180149853621
1261,6352,6353,0,0.69367283542291813,1,0.36213169886857693,0.69368913117419118,1,0.36214799461984998,1.629575127304328e-05
1262,6353,6354,0,0.21647907929521093,0,-0.11506205725913027,0.216462136693513,0,-0.1150789998608282,1.694260169793349e-05
1263,6354,6355,0,0.35041101039896405,1,0.018869873844622853,0.35046006422324649,1,0.018918927668905294,4.9053824282441205e-05
1264,6355,6356,0,0.21828636056479592,0,-0.11325477598954528,0.21833726182157548,0,-0.11320387473276572,5.0901256779561921e-05
1265,6366,6367,1,0.25139448020282895,0,-0.080146656351512247,0.25133237673800501,0,-0.080208759816336184,6.2103464823937138e-05
1266,6370,6371,0,0.56266582538213095,1,0.23112468882778975,0.56265559214804928,1,0.23111445559370808,1.0233234081669096e-05
1267,6373,6374,1,0.66180390670411304,1,0.33026277014977184,0.66180041138485646,1,0.33025927483051526,3.4953192565856384e-06
1268,6374,6375,0,0.20644341450171932,0,-0.12509772205262187,0.20641261356573615,0,-0.12512852298860505,3.0800935983177347e-05
1269,6382,6383,0,0.41923435464932052,1,0.087693218094979319,0.41924552884384741,1,0.087704392289506217,1.1174194526897274e-05
1270,6385,6386,0,0.12053633779698528,0,-0.21100479875735592,0.12055431307778129,0,-0.21098682347655989,1.7975280796014848e-05
1271,6386,6387,1,0.6854150755329278,1,0.3538739389785866,0.6854106364800141,1,0.3538694999256729,4.4390529136961732e-06
1272,6390,6391,0,0.057496443290511005,0,-0.27404469326383019,0.057502791669274397,0,-0.27403834488506679,6.3483787633919486e-06
1273,6395,6396,1,0.34209538786091059,1,0.010554251306569395,0.34208471893395948,1,0.010543582379618277,1.0668926951118429e-05
1274,6397,6398,0,0.12524531859345608,0,-0.20629581796088511,0.1252527617667327,0,-0.2062883747876085,7.443173276611148e-06
1275,6403,6404,1,0.17069500138180324,0,-0.16084613517253796,0.17074429580542697,0,-0.16079684074891423,4.9294423623724715e-05
1276,6411,6412,0,0.17196501062547437,0,-0.15957612592886683,0.17164118943655166,0,-0.15989994711778954,0.00032382118892271272
1277,6414,6415,0,0.26694777203876852,0,-0.064593364515572682,0.26658362975016148,0,-0.064957506804179721,0.0003641422886070389
1278,6423,6424,0,0.039683349867807777,0,-0.29185778668653339,0.039684721035933269,0,-0.29185641551840791,1.3711681254927055e-06
1279,6425,6426,0,0.076984807615369258,0,-0.25455632893897195,0.07700320595504774,0,-0.25453793059929347,1.8398339678482589e-05
1280,6427,6428,0,0.086956635335937948,0,-0.24458450121840325,0.087051126132864587,0,-0.24449001042147661,9.4490796926638421e-05
1281,6430,6431,0,0.10582239662493859,0,-0.22571873992940261,0.1058285461179244,0,-0.22571259043641678,6.1494929858157965e-06
1282,6436,6437,0,0.17610023544932973,0,-0.15544090110501146,0.17611920213214668,0,-0.15542193442219451,1.8966682816951019e-05
1283,6442,6443,0,0.18093798486973739,0,-0.15060315168460381,0.18095507779077732,0,-0.15058605876356387,1.7092921039935094e-05
1284,6450,6451,0,0.13518670901253879,0,-0.19635442754180241,0.13521573643176454,0,-0.19632540012257665,2.9027419225752249e-05
1285,6451,6452,0,0.050452212756008592,0,-0.28108892379833261,0.050450824419829149,0,-0.28109031213451208,1.3883361794433946e-06
1286,6455,6456,0,0.68795266016078394,1,0.35641152360644274,0.68806401024540353,1,0.35652287369106234,0.00011135008461959917
1287,6463,6464,0,0.052369617202007793,0,-0.27917151935233342,0.052353491283337494,0,-0.2791876452710037,1.6125918670298334e-05
1288,6470,6471,0,0.21536229695175779,0,-0.11617883960258341,0.21535288628643581,0,-0.11618825026790539,9.4106653219794278e-06
1289,6473,6474,0,0.08320841689336371,0,-0.24833271966097747,0.083194715311623493,0,-0.24834642124271772,1.3701581740216406e-05
1290,6486,6487,1,0.64763315136701038,1,0.31609201481266919,0.64762059746523482,1,0.31607946091089362,1.2553901775569365e-05
1291,6489,6490,1,0.34104613737693235,1,0.0095050008225911475,0.34103097177470548,1,0.0094898352203642844,1.516560222686314e-05
1292,6491,6492,0,0.30500370463422544,0,-0.026537431920115762,0.30498015067221973,0,-0.026560985882121468,2.3553962005706808e-05
1293,6493,6494,0,0.48906838242202838,1,0.15752724586768718,0.48905950592296293,1,0.15751836936862174,8.8764990654466303e-06
1294,6495,6496,0,0.14352089982237204,0,-0.18802023673196916,0.14355924996981642,0,-0.18798188658452478,3.8350147444382587e-05
1295,6496,6497,0,0.16623979228753688,0,-0.16530134426680432,0.16604738586640547,0,-0.16549375068793573,0.0001924064211314136
1296,6497,6498,0,0.25995453222514509,0,-0.071586604329196113,0.25986669525634792,0,-0.071674441297993274,8.7836968797161408e-05
1297,6498,6499,0,0.11949333243761232,0,-0.21204780411672888,0.11949337548428145,0,-0.21204776107005974,4.30466691320186e-08
1298,6514,6515,1,0.41393829056454445,1,0.082397154010203255,0.41394044689640475,1,0.082399310342063548,2.1563318602924042e-06
1299,6515,6516,1,0.20597095068656221,0,-0.12557018586777899,0.20606351698127895,0,-0.12547761957306225,9.2566294716739383e-05
1300,6523,6524,0,0.079412094296481495,0,-0.2521290422578597,0.079498180802380955,0,-0.25204295575196023,8.6086505899460319e-05
1301,6524,6525,0,0.19823982996285439,0,-0.13330130659148681,0.19827218556747214,0,-0.13326895098686906,3.2355604617756439e-05
1302,6525,6526,0,0.064100647431896862,0,-0.26744048912244434,0.064086147666068238,0,-0.26745498888827296,1.449976582862389e-05
1303,6529,6530,0,0.24882047550884814,0,-0.082720661045493055,0.24894011780076825,0,-0.082601018753572952,0.00011964229192010234
1304,6536,6537,0,0.11248523322795123,0,-0.21905590332638997,0.11247766648552851,0,-0.21906347006881269,7.56674242272104e-06
1305,6537,6538,0,0.10840395911454824,0,-0.22313717743979294,0.10844268638926691,0,-0.22309845016507429,3.8727274718666771e-05
1306,6547,6548,0,0.086979790178263988,0,-0.24456134637607721,0.086987271623686427,0,-0.24455386493065479,7.4814454224386706e-06
1307,6554,6555,0,0.12597299169427134,0,-0.20556814486006986,0.12597815740593499,0,-0.20556297914840621,5.1657116636460998e-06
1308,6559,6560,1,0.018068971309189916,0,-0.31347216524515126,0.018086112625633401,0,-0.31345502392870778,1.7141316443484295e-05
1309,6563,6564,0,0.18097671128942003,0,-0.15056442526492117,0.18098100225504829,0,-0.15056013429929291,4.2909656282619224e-06
1310,6564,6565,0,0.21716292613985411,0,-0.11437821041448709,0.21724429947782781,0,-0.11429683707651339,8.1373337973700277e-05
1311,6565,6566,0,0.12496529050552167,0,-0.20657584604881951,0.12501074967780645,0,-0.20653038687653474,4.5459172284781357e-05
1312,6569,6570,1,0.64158184730241874,1,0.31004071074807754,0.64158182822095067,1,0.31004069166660947,1.9081468072279506e-08
1313,6571,6572,0,0.22676836067156961,0,-0.10477277588277159,0.22670742946743197,0,-0.10483370708690923,6.0931204137637529e-05
1314,6572,6573,0,0.081452211465446969,0,-0.25008892508889424,0.081268180606233892,0,-0.25027295594810728,0.00018403085921307738
1315,6582,6583,1,0.67574855459922967,1,0.34420741804488847,0.67569829156418804,1,0.34415715500984684,5.0263035041631099e-05
1316,6586,6587,0,0.073867855445250832,0,-0.25767328110909038,0.07385830785141094,0,-0.25768282870293024,9.5475938398925653e-06
1317,6589,6590,0,0.09436597392903244,0,-0.23717516262530874,0.094353495019714448,0,-0.23718764153462674,1.2478909317992226e-05
1318,6591,6592,0,0.58306618232121921,1,0.25152504576687801,0.58306678431577397,1,0.25152564776143277,6.0199455476084296e-07
1319,6593,6594,0,0.22119042390021049,0,-0.11035071265413071,0.22104193872185529,0,-0.11049919783248591,0.00014848517835519548
1320,6599,6600,0,0.1285172858281789,0,-0.2030238507261623,0.12842232250163685,0,-0.20311881405270435,9.4963326542046866e-05
1321,6603,6604,0,0.087947813487059295,0,-0.2435933230672819,0.087951872952378274,0,-0.24358926360196292,4.0594653189784946e-06
1322,6608,6609,0,0.19042847195019191,0,-0.14111266460414928,0.19042713999897332,0,-0.14111399655536788,1.3319512185971938e-06
1323,6621,6622,1,0.63539337938034479,1,0.30385224282600359,0.6355247768845248,1,0.3039836403301836,0.00013139750418000862
1324,6633,6634,0,0.10668318420793045,0,-0.22485795234641076,0.10672982199923503,0,-0.22481131455510617,4.6637791304579568e-05
1325,6653,6654,1,0.12438673206816181,0,-0.20715440448617939,0.12425531585980421,0,-0.20728582069453699,0.00013141620835760426
1326,6654,6655,1,0.68725800543066062,1,0.35571686887631943,0.6871768269150712,1,0.35563569036073001,8.1178515589419575e-05
1327,6655,6656,0,0.090256897108449169,0,-0.24128423944589203,0.090254951978427977,0,-0.24128618457591322,1.9451300211914546e-06
1328,6656,6657,0,0.1689711221633983,0,-0.1625700143909429,0.16899483782529851,0,-0.16254629872904269,2.3715661900208795e-05
1329,6657,6658,0,0.52091222900415302,1,0.18937109244981182,0.52085850026289271,1,0.18931736370855151,5.3728741260306023e-05
1330,6665,6666,0,0.1464406775239612,0,-0.18510045903038,0.14644552777249017,0,-0.18509560878185102,4.8502485289758646e-06
1331,6670,6671,0,0.10223291518125864,0,-0.22930822137308254,0.10222870052235682,0,-0.22931243603198437,4.2146589018243752e-06
1332,6678,6679,1,0.1859250271412696,0,-0.1456161094130716,0.18595680164917044,0,-0.14558433490517075,3.1774507900844684e-05
1333,6694,6695,0,0.11607536433226352,0,-0.21546577222207769,0.11618636807867089,0,-0.21535476847567031,0.00011100374640736488
1334,6699,6700,0,0.22620252228164089,0,-0.1053386142727003,0.22616035914690505,0,-0.10538077740743615,4.216313473584532e-05
1335,6711,6712,0,0.11018786922080051,0,-0.22135326733354069,0.11019138459802753,0,-0.22134975195631368,3.5153772270229977e-06
1336,6717,6718,1,0.20053624043868909,0,-0.13100489611565211,0.20054441963484615,0,-0.13099671691949505,8.1791961570598648e-06
1337,6722,6723,0,0.036084591867582512,0,-0.29545654468675869,0.036101389365460694,0,-0.2954397471888805,1.6797497878182077e-05
1338,6724,6725,0,0.10133601377185705,0,-0.23020512278248415,0.10125870938356231,0,-0.2302824271707789,7.7304388294743842e-05
1339,6729,6730,1,0.65466182960701247,1,0.32312069305267127,0.65466084026641613,1,0.32311970371207493,9.8934059633570826e-07
1340,6731,6732,0,0.18528634100245439,0,-0.14625479555188681,0.18527595818647213,0,-0.14626517836786906,1.038281598225721e-05
1341,6732,6733,0,0.041655133414558697,0,-0.28988600313978252,0.041669881247013409,0,-0.28987125530732777,1.4747832454711785e-05
1342,6734,6735,0,0.11849758933498493,0,-0.21304354721935626,0.11849900675022167,0,-0.21304212980411952,1.4174152367374404e-06
1343,6736,6737,0,0.090957713033285939,0,-0.24058342352105527,0.090965003411997938,0,-0.24057613314234327,7.2903787119993346e-06
1344,6737,6738,0,0.21547376117187902,0,-0.11606737538246217,0.21542942562066722,0,-0.11611171093367398,4.433555121180488e-05
1345,6738,6739,1,0.40345239002052208,1,0.07191125346618088,0.40013049102475934,1,0.06858935447041814,0.0033218989957627398
1346,6744,6745,1,0.28965720265925887,0,-0.041883933895082326,0.28965227347821054,0,-0.041888863076130656,4.9291810483298448e-06
1347,6745,6746,0,0.027404806177941714,0,-0.30413633037639948,0.0274387393575612,0,-0.30410239719678001,3.3933179619485832e-05
1348,6747,6748,0,0.19480897658661181,0,-0.13673215996772939,0.19482039022713316,0,-0.13672074632720804,1.141364052134608e-05
1349,6750,6751,1,0.7214791040236096,1,0.3899379674692684,0.72145260375181897,1,0.38991146719747777,2.6500271790630414e-05
1350,6751,6752,1,0.15009055291396042,0,-0.18145058364038077,0.15008598013998212,0,-0.18145515641435908,4.5727739783063548e-06
1351,6752,6753,1,0.73629672776448352,1,0.40475559121014232,0.73626004598708439,1,0.40471890943274319,3.6681777399127924e-05
1352,6759,6760,0,0.25967097222488167,0,-0.071870164329459529,0.25965330331362502,0,-0.071887833240716181,1.7668911256651931e-05
1353,6761,6762,0,0.17711074950346919,0,-0.154430387050872,0.17709619013766803,0,-0.15444494641667317,1.4559365801164459e-05
1354,6781,6782,0,0.019885916415474797,0,-0.31165522013886637,0.019886521462633071,0,-0.31165461509170811,6.0504715827455757e-07
1355,6789,6790,0,0.17719886514259203,0,-0.15434227141174917,0.17703078669491135,0,-0.15451034985942985,0.00016807844768068625
1356,6791,6792,0,0.20725352193021879,0,-0.12428761462412241,0.20725412933353143,0,-0.12428700722080976,6.0740331264685921e-07
1357,6793,6794,0,0.045825756342270492,0,-0.28571538021207071,0.045877535224176973,0,-0.28566360133016422,5.1778881906480723e-05
1358,6803,6804,0,0.1465689573981156,0,-0.1849721791562256,0.14657476297238348,0,-0.18496637358195772,5.8055742678808642e-06
1359,6808,6809,0,0.072746865019602938,0,-0.25879427153473827,0.072825630424174365,0,-0.25871550613016681,7.8765404571426445e-05
1360,6810,6811,0,0.13293333073976238,0,-0.19860780581457882,0.13295730136806611,0,-0.19858383518627509,2.3970628303726649e-05
1361,6816,6817,0,0.060000535873403898,0,-0.27154060068093733,0.059999969768718048,0,-0.27154116678562312,5.6610468585072127e-07
1362,6819,6820,0,0.03872811211001323,0,-0.292813024444328,0.038857895045636741,0,-0.29268324150870445,0.00012978293562351112
1363,6821,6822,0,0.20943667389728374,0,-0.12210446265705746,0.20937063290965982,0,-0.12217050364468138,6.6040987623916525e-05
1364,6834,6835,0,0.11781751971099713,0,-0.21372361684334407,0.11785857654151391,0,-0.21368256001282729,4.1056830516777998e-05
1365,6835,6836,0,0.34907257612300446,1,0.017531439568663265,0.34906703852016174,1,0.017525901965820545,5.5376028427200907e-06
1366,6849,6850,0,0.081892054259611102,0,-0.2496490822947301,0.081968388749685817,0,-0.24957274780465538,7.6334490074714267e-05
1367,6853,6854,1,0.01484731913773382,0,-0.3166938174166074,0.01482687870009089,0,-0.31671425785425034,2.0440437642930617e-05
1368,6857,6858,1,0.15530173972448566,0,-0.17623939682985554,0.15524421813637884,0,-0.17629691841796236,5.7521588106818067e-05
1369,6858,6859,0,0.18178274994522226,0,-0.14975838660911894,0.18168469141030766,0,-0.14985644514403354,9.8058534914596818e-05
1370,6867,6868,0,0.18332207911010612,0,-0.14821905744423508,0.18335046192281967,0,-0.14819067463152152,2.8382812713556582e-05
1371,6872,6873,0,0.089721678939161692,0,-0.24181945761517951,0.08973847207575246,0,-0.24180266447858872,1.6793136590767532e-05
1372,6875,6876,1,0.74200554144160313,1,0.41046440488726194,0.74199565677708101,1,0.41045452022273982,9.8846645221195573e-06
1373,6882,6883,0,0.036640963109105425,0,-0.29490017344523578,0.036657089757727898,0,-0.29488404679661329,1.6126648622473427e-05
1374,6894,6895,1,0.75400729116003118,1,0.42246615460568998,0.7539378246549755,1,0.4223966881006343,6.9466505055681971e-05
1375,6898,6899,0,0.18979946127137004,0,-0.14174167528297116,0.18980760195086502,0,-0.14173353460347618,8.140679494977876e-06
1376,6902,6903,0,0.11884155074665839,0,-0.21269958580768281,0.1188696113280294,0,-0.2126715252263118,2.8060581371003313e-05
1377,6907,6908,0,0.076468744779280798,0,-0.25507239177506041,0.076474132415188981,0,-0.25506700413915223,5.3876359081828085e-06
1378,6908,6909,0,0.26834013467423923,0,-0.06320100188010197,0.26833982710322196,0,-0.063201309451119236,3.0757101726619496e-07
1379,6920,6921,1,0.2069964985767585,0,-0.1245446379775827,0.20702851282557577,0,-0.12451262372876543,3.201424881726922e-05
1380,6928,6929,0,0.017279981970443253,0,-0.31426115458389792,0.017309628336012482,0,-0.31423150821832874,2.9646365569228894e-05
1381,6933,6934,0,0.16804349129793786,0,-0.16349764525640334,0.1679813577671431,0,-0.1635597787871981,6.2133530794761249e-05
1382,6938,6939,0,0.36170691868896548,1,0.030165782134624286,0.3617151031619894,1,0.030173966607648206,8.1844730239200025e-06
1383,6942,6943,1,0.36503630655888741,1,0.033495170004546215,0.36526566286112272,1,0.033724526306781522,0.00022935630223530623
1384,6946,6947,1,0.3496680551908764,1,0.018126918636535205,0.34967786587230304,1,0.018136729317961842,9.8106814266363251e-06
1385,6951,6952,1,0.57263397844934938,1,0.24109284189500818,0.5726714236479632,1,0.241130287093622,3.7445198613816899e-05
1386,6959,6960,0,0.10246095361733165,0,-0.22908018293700955,0.10247410054325078,0,-0.22906703601109041,1.3146925919124697e-05
1387,6961,6962,0,0.6210870177255271,1,0.2895458811711859,0.62107493377322442,1,0.28953379721888323,1.2083952302677226e-05
1388,6969,6970,0,0.19864761347343718,0,-0.13289352308090402,0.19866315808666687,0,-0.13287797846767432,1.554461322969547e-05
1389,6977,6978,0,0.057025386165555948,0,-0.27451575038878523,0.057030394873732328,0,-0.27451074168060885,5.0087081763794394e-06
1390,6985,6986,0,0.19598998546270557,0,-0.13555115109163562,0.19601810799197894,0,-0.13552302856236226,2.812252927336667e-05
1391,6988,6989,1,0.35808417149757243,1,0.026543034943231236,0.35815763206501872,1,0.026616495510677518,7.3460567446281821e-05
1392,6989,6990,0,0.5716242233683686,1,0.2400830868140274,0.5716876736913693,1,0.2401465371370281,6.3450323000702191e-05
1393,6990,6991,0,0.59546289778237815,1,0.26392176122803696,0.59548583605686345,1,0.26394469950252225,2.2938274485295729e-05
1394,6992,6993,0,0.063135158946378597,0,-0.26840597760796259,0.063124187766632256,0,-0.26841694878770894,1.097117974634132e-05
1395,6995,6996,1,0.31149942256970337,0,-0.020041713984637832,0.31149283148071655,0,-0.02004830507362465,6.5910889868181499e-06
1396,6997,6998,0,0.26053560084068222,0,-0.071005535713658974,0.26051138565871762,0,-0.071029750895623578,2.4215181964604149e-05
1397,7001,7002,0,0.080710135267248226,0,-0.25083100128709296,0.080755531940505373,0,-0.25078560461383581,4.539667325714758e-05
1398,7002,7003,0,0.78246374036084598,1,0.45092260380650478,0.78232459603411608,1,0.45078345947977488,0.00013914432672990085
1399,7004,7005,0,0.20503026787940334,0,-0.12651086867493785,0.20500218719659888,0,-0.12653894935774232,2.8080682804465518e-05
1400,7006,7007,0,0.18306469633036049,0,-0.14847644022398071,0.18308949574687247,0,-0.14845164080746873,2.4799416511983585e-05
1401,7007,7008,0,0.031441324611222739,0,-0.30009981194311847,0.031438649593192466,0,-0.30010248696114872,2.6750180302723137e-06
1402,7009,7010,0,0.22864161189761548,0,-0.10289952465672572,0.2286252946914947,0,-0.1029158418628465,1.631720612077503e-05
1403,7010,7011,0,0.14964284573890504,0,-0.18189829081543615,0.14964168527874636,0,-0.18189945127559484,1.1604601586889807e-06
1404,7017,7018,0,0.23199318993520296,0,-0.099547946619138239,0.23197148458319719,0,-0.099569651971144008,2.1705352005768619e-05
1405,7023,7024,0,0.25287152252231365,0,-0.078669614032027546,0.25290958462824031,0,-0.078631551926100884,3.8062105926661705e-05
1406,7024,7025,0,0.060406770915574191,0,-0.27113436563876703,0.060387136678751265,0,-0.27115399987558991,1.9634236822926865e-05
1407,7032,7033,0,0.20443472486958372,0,-0.12710641168475748,0.20446191958760296,0,-0.12707921696673824,2.7194718019235564e-05
1408,7038,7039,0,0.24754900755275158,0,-0.083992129001589616,0.24752326435007882,0,-0.084017872204262378,2.57432026727622e-05
1409,7039,7040,0,0.13283727101257925,0,-0.19870386554176195,0.13283010680111432,0,-0.19871102975322688,7.1642114649328459e-06
1410,7045,7046,0,0.17276293433841905,0,-0.15877820221592215,0.17275870877853677,0,-0.15878242777580442,4.2255598822760199e-06
1411,7048,7049,1,0.72307421513934544,1,0.39153307858500425,0.72310253560563531,1,0.39156139905129411,2.8320466289866175e-05
1412,7054,7055,0,0.062548704154595819,0,-0.26899243239974535,0.06278902808784205,0,-0.26875210846649916,0.00024032393324623091
1413,7058,7059,0,0.11797510666311549,0,-0.21356602989122569,0.11794519167666247,0,-0.21359594487767875,2.9914986453022374e-05
1414,7060,7061,0,0.20879270895182242,0,-0.12274842760251878,0.20887701874818312,0,-0.12266411780615807,8.4309796360704237e-05
1415,7067,7068,0,0.82177189671120976,1,0.49023076015686856,0.82175487266057945,1,0.49021373610623825,1.7024050630309873e-05
1416,7070,7071,1,0.33965147127497458,1,0.0081103347206333831,0.33964791372826092,1,0.0081067771739197214,3.5575467136617078e-06
1417,7072,7073,0,0.1801561373659992,0,-0.151384999188342,0.1801540996801225,0,-0.1513870368742187,2.037685876699058e-06
1418,7088,7089,0,0.054659585400454347,0,-0.27688155115388685,0.054703939344733332,0,-0.27683719720960787,4.4353944278985313e-05
1419,7090,7091,0,0.08644875253502142,0,-0.24509238401931976,0.086484730875033652,0,-0.24505640567930753,3.5978340012232657e-05
1420,7091,7092,1,0.19798825041090989,0,-0.1335528861434313,0.1980490048721244,0,-0.1334921316822168,6.0754461214507227e-05
1421,7092,7093,1,0.021477567878010632,0,-0.31006356867633056,0.021470051395891296,0,-0.31007108515844989,7.5164821193365872e-06
1422,7094,7095,1,0.10539944729244899,0,-0.22614168926189221,0.10538389222105796,0,-0.22615724433328324,1.5555071391032405e-05
1423,7103,7104,0,0.038728716639822282,0,-0.2928124199145189,0.038732876133266265,0,-0.29280826042107494,4.1594934439836972e-06
1424,7114,7115,0,0.034238628660940122,0,-0.29730250789340107,0.034271536058368572,0,-0.29726960049597262,3.2907397428449947e-05
1425,7121,7122,0,0.063395341240692987,0,-0.26814579531364824,0.063448524603859621,0,-0.26809261195048156,5.3183363166633968e-05
1426,7122,7123,1,0.47893487184111433,1,0.14739373528677313,0.478893605458725,1,0.1473524689043838,4.1266382389326672e-05
1427,7126,7127,0,0.14779806303747584,0,-0.18374307351686536,0.14780369620050013,0,-0.18373744035384107,5.6331630242933972e-06
1428,7131,7132,0,0.045030026926584456,0,-0.28651110962775672,0.045053249866248868,0,-0.28648788668809233,2.3222939664412079e-05
1429,7132,7133,1,0.23631661349630417,0,-0.095224523058037025,0.23622861269866047,0,-0.095312523855680731,8.800079764370583e-05
1430,7138,7139,0,0.17845531526432079,0,-0.15308582129002041,0.17853740818782965,0,-0.15300372836651155,8.2092923508858551e-05
1431,7143,7144,1,0.23664488905337625,0,-0.094896247500964953,0.23660699720128009,0,-0.094934139353061109,3.7891852096155754e-05
1432,7146,7147,0,0.059696253558896614,0,-0.27184488299544457,0.059696182030195562,0,-0.27184495452414564,7.1528701052481214e-08
1433,7153,7154,0,0.20043285256604723,0,-0.13110828398829397,0.20039012508217272,0,-0.13115101147216848,4.2727483874516192e-05
1434,7154,7155,1,0.73582837379077082,1,0.40428723723642962,0.73579217470539882,1,0.40425103815105762,3.6199085372001782e-05
1435,7156,7157,0,0.18460149910514104,0,-0.14693963744920016,0.184556879980666,0,-0.1469842565736752,4.4619124475037131e-05
1436,7161,7162,1,0.16112532988728648,0,-0.17041580666705472,0.1611427567081426,0,-0.1703983798461986,1.7426820856120129e-05
1437,7162,7163,0,0.66118229254682237,1,0.32964115599248117,0.66105771408949909,1,0.3295165775351579,0.00012457845732327666
1438,7167,7168,0,0.18468805001047195,0,-0.14685308654386925,0.18471787854637781,0,-0.14682325800796339,2.982853590585699e-05
1439,7169,7170,1,0.14075795827785367,0,-0.19078317827648753,0.14077429489876933,0,-0.19076684165557187,1.6336620915657907e-05
1440,7171,7172,0,0.16023703090480806,0,-0.17130410564953313,0.1602001815133989,0,-0.17134095504094229,3.6849391409160548e-05
1441,7174,7175,0,0.70519908268722153,1,0.37365794613288034,0.70519972648713158,1,0.37365858993279039,6.4379991004948067e-07
1442,7187,7188,0,0.58597093555175639,1,0.25442979899741519,0.5860268335029617,1,0.2544856969486205,5.5897951205308161e-05
1443,7190,7191,0,0.095579438538032468,0,-0.23596169801630873,0.095597511162677118,0,-0.23594362539166408,1.8072624644649427e-05
1444,7194,7195,0,0.17605069452605629,0,-0.15549044202828491,0.17602760443427395,0,-0.15551353212006724,2.309009178233512e-05
1445,7195,7196,1,0.048232628812400487,0,-0.28330850774194072,0.048237622848488773,0,-0.28330351370585244,4.9940360882863577e-06
1446,7197,7198,0,0.04780356756108757,0,-0.28373756899325364,0.047915220893419236,0,-0.28362591566092199,0.00011165333233166541
1447,7206,7207,0,0.17416859605434312,0,-0.15737254049999808,0.17417734030905657,0,-0.15736379624528463,8.7442547134497506e-06
1448,7231,7232,0,0.05792926889305345,0,-0.27361186766128776,0.057978479870211146,0,-0.27356265668413005,4.9210977157695956e-05
1449,7232,7233,0,0.27853251058573686,0,-0.053008625968604339,0.27855328238725668,0,-0.052987854167084514,2.0771801519825495e-05
1450,7235,7236,0,0.19095006734471909,0,-0.14059106920962211,0.19094244068914315,0,-0.14059869586519805,7.6266555759374466e-06
1451,7240,7241,0,0.042994843693875497,0,-0.28854629286046568,0.043035548146212459,0,-0.28850558840812873,4.0704452336962071e-05
1452,7242,7243,0,0.19653074232423798,0,-0.13501039423010322,0.19653354033357634,0,-0.13500759622076486,2.7980093383617177e-06
1453,7246,7247,0,0.32880504681061024,0,-0.0027360897437309628,0.32862297156228643,0,-0.0029181649920547725,0.00018207524832380972
1454,7254,7255,0,0.15321218987201921,0,-0.17832894668232199,0.1531968999853639,0,-0.1783442365689773,1.5289886655306395e-05
1455,7255,7256,0,0.037180732557689826,0,-0.29436040399665137,0.037188819715050371,0,-0.29435231683929081,8.0871573605451053e-06
1456,7257,7258,1,0.19291579484750124,0,-0.13862534170683996,0.19288962227582748,0,-0.13865151427851372,2.6172571673754863e-05
1457,7259,7260,0,0.075760940768006713,0,-0.25578019578633449,0.075773716302350053,0,-0.25576742025199117,1.277553434334e-05
1458,7265,7266,1,0.4628837495383204,1,0.1313426129839792,0.46162374136838524,1,0.13008260481404404,0.0012600081699351562
1459,7268,7269,0,0.55530858656815307,1,0.22376745001381187,0.55528269616927983,1,0.22374155961493863,2.5890398873240628e-05
1460,7269,7270,0,0.13492457690420753,0,-0.19661655965013367,0.13493733421986667,0,-0.19660380233447453,1.2757315659139845e-05
1461,7282,7283,0,0.13759498514723564,0,-0.19394615140710555,0.13758831116106668,0,-0.19395282539327452,6.6739861689646407e-06
1462,7284,7285,0,0.52706223996250412,1,0.19552110340816292,0.52707832974452973,1,0.19553719319018853,1.6089782025607846e-05
1463,7288,7289,0,0.13557738517301166,0,-0.19596375138132954,0.13558497528541941,0,-0.19595616126892179,7.5901124077515369e-06
1464,7289,7290,0,0.12107755801711527,0,-0.21046357853722591,0.1210740366288893,0,-0.2104670999254519,3.521388225971589e-06
1465,7297,7298,0,0.022533288167906899,0,-0.3090078483864343,0.022523766887017869,0,-0.30901736966732335,9.5212808890292322e-06
1466,7298,7299,0,0.086057348170327036,0,-0.24548378838401416,0.086078263062695157,0,-0.24546287349164603,2.0914892368120719e-05
1467,7304,7305,0,0.018522850539227712,0,-0.3130182860151135,0.018551673278168222,0,-0.312989463276173,2.8822738940510739e-05
1468,7313,7314,1,0.17880397066717896,0,-0.15273716588716224,0.17888784811829933,0,-0.15265328843604187,8.3877451120373259e-05
1469,7314,7315,1,0.088827592763916205,0,-0.24271354379042498,0.088827290284825375,0,-0.24271384626951581,3.0247909083014335e-07
1470,7316,7317,1,0.064028704552373056,0,-0.26751243200196817,0.06399942763949415,0,-0.26754170891484708,2.9276912878906103e-05
1471,7319,7320,1,1,1,0.66845886344565875,0.73499703798062144,1,0.40345590142628024,0.26500296201937856
1472,7321,7322,0,0.0096370055501345739,0,-0.32190413100420662,0.0096384799953765261,0,-0.32190265655896466,1.4744452419522547e-06
1473,7326,7327,0,0.15536963795970418,0,-0.17617149859463702,0.15537866246092227,0,-0.17616247409341892,9.0245012180911743e-06
1474,7332,7333,0,0.061199234422927698,0,-0.27034190213141351,0.061195808930397194,0,-0.27034532762394403,3.4254925305038375e-06
1475,7333,7334,0,0.15257468946467687,0,-0.17896644708966433,0.15246853313412012,0,-0.17907260342022108,0.00010615633055674478
1476,7341,7342,0,0.19406210391175074,0,-0.13747903264259045,0.19401346143629652,0,-0.13752767511804467,4.8642475454219181e-05
1477,7346,7347,0,0.17874835154340926,0,-0.15279278501093194,0.17880188003759714,0,-0.15273925651674405,5.3528494187882192e-05
1478,7353,7354,0,0.19247909396868634,0,-0.13906204258565485,0.19230425542035121,0,-0.13923688113398999,0.00017483854833513779
1479,7358,7359,0,0.087298773464960316,0,-0.24424236308938088,0.087321966995851943,0,-0.24421916955848927,2.3193530891627012e-05
1480,7369,7370,0,0.18188112541521154,0,-0.14966001113912966,0.18187113508470629,0,-0.14967000146963491,9.9903305052495561e-06
1481,7372,7373,0,0.10246733605981466,0,-0.22907380049452652,0.1024919438152939,0,-0.22904919273904728,2.4607755479244542e-05
1482,7374,7375,1,0.19270070337975659,0,-0.13884043317458461,0.19264138712035117,0,-0.13889974943399003,5.9316259405417515e-05
1483,7376,7377,0,0.48584146959650387,1,0.15430033304216267,0.48579681615822845,1,0.15425567960388725,4.4653438275421564e-05
1484,7390,7391,0,0.14091749195279141,0,-0.19062364460154979,0.14086647393181612,0,-0.19067466262252508,5.1018020975290845e-05
1485,7393,7394,0,0.098732360346044684,0,-0.23280877620829651,0.098738062578120192,0,-0.23280307397622102,5.702232075507907e-06
1486,7400,7401,0,0.090036841958055738,0,-0.24150429459628547,0.090027349067058518,0,-0.24151378748728269,9.4928909972202824e-06
1487,7401,7402,0,0.16564500292333706,0,-0.16589613363100414,0.16580685666630157,0,-0.16573427988803963,0.00016185374296451283
1488,7402,7403,1,0.15717580995269728,0,-0.17436532660164392,0.15718155684568449,0,-0.1743595797086567,5.7468929872128705e-06
1489,7404,7405,1,0.16462729812017271,0,-0.16691383843416849,0.16464683089391782,0,-0.16689430566042338,1.9532773745112308e-05
1490,7410,7411,0,0.21363362781144721,0,-0.11790750874289399,0.21333764536546798,0,-0.11820349118887322,0.00029598244597922596
1491,7412,7413,0,0.37853891452958016,1,0.046997777975238963,0.37876579790866227,1,0.047224661354321074,0.00022688337908211009
1492,7416,7417,0,0.63634674858327278,1,0.30480561202893158,0.63629654772090438,1,0.30475541116656318,5.0200862368399157e-05
1493,7418,7419,0,0.17092034591137806,0,-0.16062079064296314,0.17091991612950619,0,-0.16062122042483501,4.2978187186903938e-07
1494,7420,7421,0,0.21004975543515678,0,-0.12149138111918442,0.21001657901547668,0,-0.12152455753886451,3.3176419680092106e-05
1495,7433,7434,1,0.14451275911544187,0,-0.18702837743889933,0.14448834031161223,0,-0.18705279624272897,2.4418803829640012e-05
1496,7436,7437,1,0.59429957917357656,1,0.26275844261923537,0.59424532159396015,1,0.26270418503961895,5.4257579616412421e-05
1497,7438,7439,0,0.18472645572334628,0,-0.14681468083099491,0.18473488732239018,0,-0.14680624923195101,8.4315990439010058e-06
1498,7441,7442,0,0.1134586547864512,0,-0.21808248176789,0.11347014573058277,0,-0.21807099082375841,1.1490944131567482e-05
1499,7444,7445,0,0.22780419282223852,0,-0.10373694373210268,0.22779303539350187,0,-0.10374810116083932,1.1157428736641162e-05
1500,7448,7449,0,0.037373529976370272,0,-0.29416760657797092,0.037378965601162557,0,-0.29416217095317865,5.4356247922854317e-06
1501,7453,7454,0,0.18416268373003897,0,-0.14737845282430223,0.18412327491252908,0,-0.14741786164181211,3.9408817509883898e-05
1502,7460,7461,0,0.079121802752728759,0,-0.25241933380161241,0.079122906816198504,0,-0.25241822973814271,1.1040634697451202e-06
1503,7463,7464,0,0.19699348627422947,0,-0.13454765028011173,0.1970186786063457,0,-0.1345224579479955,2.519233211623062e-05
1504,7466,7467,0,0.027237796089904013,0,-0.30430334046443719,0.027250738269432025,0,-0.30429039828490917,1.294217952801241e-05
1505,7471,7472,0,0.11591175728763088,0,-0.21562937926671033,0.11588011911177402,0,-0.21566101744256716,3.1638175856857353e-05
1506,7476,7477,1,0.15166392118560701,0,-0.17987721536873419,0.15170130937441278,0,-0.17983982717992841,3.7388188805775879e-05
1507,7477,7478,0,0.14202959874212986,0,-0.18951153781221133,0.14202341541186164,0,-0.18951772114247956,6.1833302682223756e-06
1508,7487,7488,0,0.15590935617700927,0,-0.17563178037733193,0.15588987146848371,0,-0.17565126508585749,1.9484708525557837e-05
1509,7489,7490,0,0.20112797930226994,0,-0.13041315725207125,0.20118877168659374,0,-0.13035236486774746,6.0792384323798965e-05
1510,7498,7499,0,0.17764832378485151,0,-0.15389281276948968,0.17762820895160364,0,-0.15391292760273756,2.0114833247875108e-05
1511,7505,7506,1,0.41705944842640424,1,0.085518311872063046,0.41711251761465312,1,0.085571381060311924,5.306918824887763e-05
1512,7511,7512,0,0.10936817017652395,0,-0.22217296637781725,0.10936823316303482,0,-0.22217290339130638,6.2986510868112688e-08
1513,7516,7517,0,0.42095115065246896,1,0.089410014098127766,0.42093179833655092,1,0.089390661782209724,1.9352315918041985e-05
1514,7517,7518,0,0.18591078185335605,0,-0.14563035470098515,0.18594246529662098,0,-0.14559867125772022,3.1683443264929334e-05
1515,7527,7528,0,0.39995980750858989,1,0.068418670954248695,0.39999301163675055,1,0.068451875082409352,3.3204128160657653e-05
1516,7530,7531,1,0.76136590636687429,1,0.42982476981253309,0.76136653617394179,1,0.42982539961960059,6.2980706749815596e-07
1517,7533,7534,0,0.092446405330509102,0,-0.2390947312238321,0.092436733169074706,0,-0.23910440338526651,9.6721614343958651e-06
1518,7536,7537,1,0.18175544823515494,0,-0.14978568831918626,0.18177654404513668,0,-0.14976459250920451,2.1095809981747093e-05
1519,7540,7541,0,0.029843759353651824,0,-0.3016973772006894,0.029852952686922746,0,-0.30168818386741847,9.1933332709223659e-06
1520,7542,7543,1,0.22146443054061907,0,-0.11007670601372213,0.22150829296774574,0,-0.11003284358659546,4.3862427126672987e-05
1521,7547,7548,0,0.12930351729847825,0,-0.20223761925586295,0.12930366068024007,0,-0.20223747587410112,1.4338176182460138e-07
1522,7562,7563,0,0.20787138679682252,0,-0.12366974975751868,0.20780620193392879,0,-0.12373493462041241,6.5184862893724604e-05
1523,7566,7567,0,0.26084218367177009,0,-0.070698952882571109,0.26094536875420743,0,-0.070595767800133769,0.00010318508243734037
1524,7575,7576,0,0.063050435075146474,0,-0.26849070147919474,0.063107171506574564,0,-0.26843396504776662,5.6736431428089373e-05
1525,7580,7581,0,0.089861377708405965,0,-0.24167975884593523,0.089858491874886551,0,-0.24168264467945466,2.8858335194142937e-06
1526,7589,7590,0,0.69233844007659384,1,0.36079730352225264,0.6923047176501359,1,0.36076358109579471,3.3722426457938326e-05
1527,7592,7593,0,0.18781996091492703,0,-0.14372117563941417,0.18782415013884757,0,-0.14371698641549363,4.1892239205365556e-06
1528,7593,7594,0,0.15099919002359763,0,-0.18054194653074357,0.1510419551073566,0,-0.1804991814469846,4.2765083758972144e-05
1529,7596,7597,0,0.025253513522707577,0,-0.30628762303163359,0.025313810206202575,0,-0.30622732634813865,6.029668349499806e-05
1530,7602,7603,1,0.10450074676732352,0,-0.22704038978701768,0.10451465435840271,0,-0.22702648219593849,1.3907591079193038e-05
1531,7604,7605,0,0.11482613558640897,0,-0.21671500096793223,0.11483725370690365,0,-0.21670388284743755,1.11181204946742e-05
1532,7606,7607,1,0.09348602601705909,0,-0.23805511053728212,0.093626223363454567,0,-0.23791491319088665,0.00014019734639547643
1533,7611,7612,0,0.16089396183479779,0,-0.17064717471954341,0.16094711102272014,0,-0.17059402553162106,5.3149187922346686e-05
1534,7612,7613,0,0.0076060678845291272,0,-0.32393506866981209,0.0076265718088551464,0,-0.32391456474548608,2.0503924326019211e-05
1535,7617,7618,1,0.25927195803498565,0,-0.072269178519355548,0.25926870669961999,0,-0.07227242985472121,3.2513353656615784e-06
1536,7636,7637,0,0.028862171265789115,0,-0.30267896528855209,0.028878367263291134,0,-0.30266276929105007,1.6195997502018583e-05
1537,7652,7653,0,0.18740488186390947,0,-0.14413625469043173,0.18760008086685362,0,-0.14394105568748758,0.00019519900294415193
1538,7654,7655,0,0.079299788202656818,0,-0.25224134835168438,0.079435112569037444,0,-0.25210602398530374,0.00013532436638062639
1539,7657,7658,0,0.1568639251094007,0,-0.1746772114449405,0.15686537555774771,0,-0.17467576099659349,1.4504483470123564e-06
1540,7659,7660,0,0.70558133328414185,1,0.37404019672980066,0.70557246647410343,1,0.37403132991976223,8.866810038421491e-06
1541,7660,7661,1,0.35895781665284066,1,0.027416680098499457,0.35885831964824999,1,0.027317183093908792,9.9497004590665128e-05
1542,7665,7666,0,0.056039116676656474,0,-0.27550201987768475,0.056045657410812619,0,-0.27549547914352857,6.5407341561449228e-06
1543,7668,7669,0,0.1082790218779959,0,-0.2232621146763453,0.10828155374907819,0,-0.22325958280526301,2.5318710822896939e-06
1544,7678,7679,0,0.068718138678150201,0,-0.26282299787619101,0.068784208171405584,0,-0.26275692838293563,6.6069493255382916e-05
1545,7681,7682,1,0.5922903752139802,1,0.260749238659639,0.59225613727034543,1,0.26071500071600423,3.4237943634773949e-05
1546,7696,7697,1,0.12735478756326049,0,-0.20418634899108071,0.12736111931004024,0,-0.20418001724430096,6.3317467797474603e-06
1547,7704,7705,0,0.34637398994943336,1,0.01483285339509216,0.34615955600534265,1,0.014618419451001452,0.00021443394409070837
1548,7711,7712,0,0.31136542306327375,0,-0.020175713491067448,0.31138657062022979,0,-0.020154565934111413,2.1147556956035984e-05
1549,7713,7714,0,0.080573710146043379,0,-0.25096742640829783,0.080667357646249105,0,-0.25087377890809209,9.3647500205726319e-05
1550,7715,7716,0,0.13800446697411842,0,-0.19353666958022278,0.13800767141182282,0,-0.19353346514251837,3.2044377044071481e-06
1551,7716,7717,0,0.1181019979333703,0,-0.21343913862097091,0.11792838029120338,0,-0.2136127562631378,0.00017361764216691777
1552,7719,7720,0,0.11090795120838745,0,-0.22063318534595375,0.110931187188893,0,-0.2206099493654482,2.3235980505548204e-05
1553,7728,7729,0,0.030040474776505521,0,-0.30150066177783569,0.030040028888181698,0,-0.30150110766615951,4.4588832382244648e-07
1554,7749,7750,1,0.040418460680905807,0,-0.29112267587343538,0.040416120169868279,0,-0.29112501638447291,2.3405110375282479e-06
1555,7750,7751,0,0.1799232236292321,0,-0.15161791292510909,0.17980129638894671,0,-0.15173984016539449,0.00012192724028539659
1556,7759,7760,0,0.37897585730079769,1,0.047434720746456494,0.37863920044563448,1,0.047098063891293285,0.00033665685516320876
1557,7773,7774,0,0.17223510221298952,0,-0.15930603434135168,0.17223759999327343,0,-0.15930353656106777,2.4977802839110108e-06
1558,7776,7777,1,0.32371519208389604,0,-0.0078259444704451564,0.32380243507261741,0,-0.0077387014817237865,8.724298872136993e-05
1559,7777,7778,1,0.090930243517554341,0,-0.24061089303678684,0.090908424010579525,0,-0.24063271254376167,2.1819506974815606e-05
1560,7778,7779,0,0.018602426659324958,0,-0.31293870989501626,0.018615383364806982,0,-0.31292575318953419,1.2956705482024961e-05
1561,7784,7785,1,0.2353998051922282,0,-0.096141331362113003,0.23538928628338932,0,-0.096151850270951883,1.0518908838880181e-05
1562,7785,7786,1,0.53609753643251368,1,0.20455639987817248,0.5360947444849663,1,0.2045536079306251,2.7919475473758837e-06
1563,7794,7795,0,0.18875847527128251,0,-0.14278266128305869,0.18875689242643351,0,-0.14278424412790769,1.5828448489962899e-06
1564,7795,7796,0,0.10375938358411407,0,-0.22778175297022712,0.10377043490172859,0,-0.22777070165261259,1.1051317614516054e-05
1565,7798,7799,0,0.21821061514592499,0,-0.11333052140841621,0.2182482096788162,0,-0.113292926875525,3.759453289120529e-05
1566,7802,7803,1,0.77851832202470506,1,0.44697718547036386,0.77677066569572473,1,0.44522952914138353,0.0017476563289803293
1567,7814,7815,0,0.15185564280463976,0,-0.17968549374970144,0.15184175989853449,0,-0.17969937665580671,1.388290610526699e-05
1568,7837,7838,0,0.046312433791856941,0,-0.28522870276248424,0.046320110711729284,0,-0.28522102584261189,7.6769198723430909e-06
1569,7840,7841,0,0.082217675160804291,0,-0.24932346139353689,0.082210406226894669,0,-0.24933073032744651,7.2689339096210226e-06
1570,7851,7852,0,0.19167786959093805,0,-0.13986326696340315,0.19169245047399525,0,-0.13984868608034595,1.4580883057196958e-05
1571,7855,7856,0,0.26112714359259886,0,-0.070413992961742333,0.26109505505803943,0,-0.070446081496301771,3.2088534559437942e-05
1572,7857,7858,0,0.29427431677266264,0,-0.037266819781678562,0.29428206422632969,0,-0.037259072328011511,7.7474536670507632e-06
1573,7863,7864,0,0.057458419368712869,0,-0.27408271718562832,0.05746780115397776,0,-0.27407333540036344,9.3817852648905853e-06
1574,7866,7867,0,0.07452945732872715,0,-0.25701167922561408,0.074447813206299382,0,-0.2570933233480418,8.1644122427768084e-05
1575,7884,7885,0,0.094303320015880279,0,-0.23723781653846093,0.094298600887303644,0,-0.23724253566703757,4.7191285766357005e-06
1576,7890,7891,0,0.070754926445321373,0,-0.26078621010901981,0.070691238145276489,0,-0.2608498984090647,6.3688300044884016e-05
1577,7891,7892,0,0.060870853180595326,0,-0.27067028337374588,0.06086812655228422,0,-0.27067301000205696,2.7266283111060385e-06
1578,7903,7904,0,0.10810365003114442,0,-0.22343748652319678,0.10810663823191817,0,-0.22343449832242301,2.9882007737541683e-06
1579,7914,7915,0,0.036603781044299954,0,-0.29493735551004124,0.036568615505770098,0,-0.29497252104857108,3.5165538529856322e-05
1580,7915,7916,0,0.11698056025492617,0,-0.21456057629941502,0.1169333390126626,0,-0.21460779754167858,4.7221242263570384e-05
1581,7917,7918,0,0.13789450723179913,0,-0.19364662932254206,0.13816116541952658,0,-0.19337997113481462,0.00026665818772744765
1582,7921,7922,1,0.20778966433062898,0,-0.12375147222371222,0.20779942208247232,0,-0.12374171447186888,9.757751843336715e-06
1583,7928,7929,1,0.15615859170749255,0,-0.17538254484684865,0.15619487316142397,0,-0.17534626339291723,3.628145393141935e-05
1584,7931,7932,0,0.061920111923308839,0,-0.26962102463103238,0.061914587682139331,0,-0.26962654887220189,5.524241169507782e-06
1585,7934,7935,1,0.26214655521369795,0,-0.069394581340643247,0.26214181280707949,0,-0.06939932374726171,4.7424066184631464e-06
1586,7937,7938,0,0.16237282581616505,0,-0.16916831073817615,0.16236747569817456,0,-0.16917366085616664,5.3501179904935636e-06
1587,7938,7939,0,0.13621075547579792,0,-0.19533038107854328,0.13622036586471015,0,-0.19532077068963105,9.6103889122289843e-06
1588,7945,7946,1,0.28096374513819122,0,-0.050577391416149975,0.28091505899104202,0,-0.050626077563299177,4.8686147149201719e-05
1589,7947,7948,0,0.36109250106323887,1,0.029551364508897671,0.36074447303616286,1,0.029203336481821662,0.00034802802707600833
1590,7955,7956,0,0.29017630354231994,0,-0.041364833012021263,0.29016020401862458,0,-0.041380932535716619,1.6099523695356499e-05
1591,7958,7959,0,0.17665183120653022,0,-0.15488930534781098,0.17658390876182792,0,-0.15495722779251328,6.7922444702300799e-05
1592,7959,7960,0,0.65633831242268359,1,0.32479717586834239,0.65635874866502686,1,0.32481761211068566,2.0436242343269129e-05
1593,7973,7974,0,0.31066462766063579,0,-0.020876508893705403,0.31057958745324127,0,-0.02096154910109993,8.5040207394526668e-05
1594,7974,7975,0,0.10492492280607621,0,-0.22661621374826499,0.10507054744472172,0,-0.22647058910961948,0.00014562463864550845
1595,7982,7983,0,0.54721212184860635,1,0.21567098529426515,0.54723002285690991,1,0.21568888630256872,1.790100830356689e-05
1596,8003,8004,0,0.14887734004946279,0,-0.18266379650487841,0.14887726301028459,0,-0.18266387354405661,7.7039178203452963e-08
1597,8004,8005,1,0.075965078846303241,0,-0.25557605770803793,0.075892308622644303,0,-0.25564882793169691,7.2770223658938371e-05
1598,8020,8021,1,0.14607117090934946,0,-0.18546996564499174,0.14622043846172522,0,-0.18532069809261598,0.00014926755237576472
1599,8022,8023,0,0.14272033471085571,0,-0.18882080184348549,0.1427347551791856,0,-0.1888063813751556,1.4420468329889857e-05
1600,8033,8034,0,0.038487737887623039,0,-0.29305339866671815,0.038489894291155735,0,-0.29305124226318546,2.156403532696527e-06
1601,8037,8038,0,0.14379003245646615,0,-0.18775110409787504,0.1437464611432431,0,-0.18779467541109809,4.3571313223050856e-05
1602,8043,8044,1,0.10786760141687973,0,-0.22367353513746147,0.10786982060092125,0,-0.22367131595341994,2.219184041515887e-06
1603,8044,8045,0,0.080237985960152247,0,-0.25130315059418895,0.080243369631875464,0,-0.25129776692246575,5.38367172321641e-06
1604,8046,8047,0,0.73042411667751961,1,0.39888298012317841,0.7304089153999852,1,0.39886777884564401,1.5201277534404589e-05
1605,8048,8049,1,0.70492981312903491,1,0.37338867657469371,0.70492182383443958,1,0.37338068728009838,7.989294595334151e-06
1606,8055,8056,1,0.10288960730136439,0,-0.22865152925297683,0.1028850851338743,0,-0.22865605142046691,4.5221674900841613e-06
1607,8061,8062,0,0.18808667680166968,0,-0.14345445975267151,0.18794916662209815,0,-0.14359196993224305,0.00013751017957153167
1608,8064,8065,0,0.20976218978148359,0,-0.12177894677285761,0.20975867693237199,0,-0.12178245962196921,3.5128491115976601e-06
1609,8066,8067,0,0.071250535852445201,0,-0.26029060070189602,0.071250794956224106,0,-0.26029034159811709,2.5910377890459024e-07
1610,8071,8072,0,0.17927837907047789,0,-0.15226275748386331,0.17927165605294432,0,-0.15226948050139688,6.7230175335719622e-06
1611,8072,8073,0,0.16549829845418532,0,-0.16604283810015588,0.16550706902765228,0,-0.16603406752668892,8.7705734669596414e-06
1612,8075,8076,0,0.35290114861292565,1,0.021360012058584454,0.35290770441547265,1,0.021366567861131447,6.5558025469925063e-06
1613,8080,8081,0,0.037211452593330356,0,-0.29432968396101084,0.037224927605864142,0,-0.29431620894847704,1.3475012533785413e-05
1614,8085,8086,0,0.10883550266930177,0,-0.22270563388503944,0.10885661464605326,0,-0.22268452190828794,2.1111976751489459e-05
1615,8090,8091,1,0.62501278684021866,1,0.29347165028587746,0.62501003617432382,1,0.29346889961998263,2.7506658948350804e-06
1616,8091,8092,0,0.27532692140676401,0,-0.056214215147577185,0.27413086355814403,0,-0.057410272996197165,0.0011960578486199802
1617,8100,8101,0,0.12069661697865472,0,-0.21084451957568648,0.12076722673289415,0,-0.21077390982144706,7.0609754239434053e-05
1618,8107,8108,0,0.28208160493849216,0,-0.049459531615849039,0.28198032700069797,0,-0.049560809553643226,0.00010127793779418637
1619,8116,8117,0,0.14546881406859008,0,-0.18607232248575112,0.1455729085973386,0,-0.1859682279570026,0.00010409452874851621
1620,8117,8118,1,0.7129877038801572,1,0.381446567325816,0.71294529058532963,1,0.38140415403098843,4.2413294827570169e-05
1621,8118,8119,1,0.26623468386291749,0,-0.065306452691423711,0.26622477925348037,0,-0.065316357300860828,9.9046094371169069e-06
1622,8119,8120,0,0.217111344295357,0,-0.1144297922589842,0.21709567740838812,0,-0.11444545914595308,1.5666886968884741e-05
1623,8120,8121,0,0.12742337699271655,0,-0.20411775956162465,0.12740233671093637,0,-0.20413879984340483,2.1040281780182468e-05
1624,8121,8122,0,0.14177534448142901,0,-0.18976579207291219,0.14198780961359272,0,-0.18955332694074847,0.00021246513216371943
1625,8128,8129,0,0.11038585792850134,0,-0.22115527862583986,0.11028681863801625,0,-0.22125431791632494,9.9039290485089526e-05
1626,8129,8130,0,0.55778410320212424,1,0.22624296664778304,0.55776510167640903,1,0.22622396512206783,1.9001525715212075e-05
1627,8141,8142,0,0.14407426159806866,0,-0.18746687495627254,0.14408137842941329,0,-0.18745975812492791,7.1168313446334786e-06
1628,8143,8144,0,0.35302546428109222,1,0.021484327726751018,0.35303691303489176,1,0.021495776480550566,1.1448753799547795e-05
1629,8146,8147,0,0.18187082382826367,0,-0.14967031272607753,0.18188863520860041,0,-0.14965250134574079,1.781138033674079e-05
1630,8147,8148,1,0.13461508841435643,0,-0.19692604813998477,0.13473150469651599,0,-0.19680963185782521,0.0001164162821595538
1631,8148,8149,1,0.30077194235666965,0,-0.030769194197671546,0.30071214411454344,0,-0.030828992439797753,5.9798242126207768e-05
1632,8149,8150,0,0.063631059929826886,0,-0.26791007662451433,0.063665503095634651,0,-0.26787563345870657,3.4443165807765408e-05
1633,8164,8165,0,0.10442909249697896,0,-0.22711204405736224,0.10438073592048711,0,-0.22716040063385409,4.8356576491853653e-05
1634,8169,8170,0,0.13267670292106065,0,-0.19886443363328055,0.1327938638595885,0,-0.1987472726947527,0.00011716093852784382
1635,8170,8171,0,0.051131038942189108,0,-0.28041009761215208,0.051431967109960446,0,-0.28010916944438075,0.00030092816777133741
1636,8171,8172,1,0.30188554138448304,0,-0.029655595169858162,0.30188658401633833,0,-0.029654552538002865,1.0426318552969605e-06
1637,8175,8176,1,0.13397381411995402,0,-0.19756732243438718,0.13398846614976306,0,-0.19755267040457813,1.4652029809048006e-05
1638,8178,8179,1,0.75774536567177786,1,0.42620422911743666,0.75765640839978554,1,0.42611527184544434,8.8957271992318177e-05
1639,8180,8181,1,0.11083050957436345,0,-0.22071062697997773,0.11089295273619257,0,-0.22064818381814863,6.2443161829114913e-05
1640,8183,8184,0,0.23600193621959145,0,-0.095539200334749746,0.23600663556108992,0,-0.095534500993251281,4.6993414984652926e-06
1641,8186,8187,0,0.018654990613867831,0,-0.31288614594047337,0.018667054437357167,0,-0.31287408211698403,1.2063823489335407e-05
1642,8187,8188,1,0.15758196236380376,0,-0.17395917419053744,0.15767572624694495,0,-0.17386541030739625,9.376388314119577e-05
1643,8198,8199,0,0.20228414979246578,0,-0.12925698676187541,0.20260178380778365,0,-0.12893935274655755,0.00031763401531786917
1644,8204,8205,0,0.15474769304127897,0,-0.17679344351306223,0.15473405629118681,0,-0.17680708026315439,1.3636750092166361e-05
1645,8206,8207,0,0.086113684391986481,0,-0.24542745216235473,0.086131457265715708,0,-0.2454096792886255,1.777287372922709e-05
1646,8214,8215,0,0.25123385480097649,0,-0.080307281753364712,0.2522491356368522,0,-0.079292000917489003,0.0010152808358757093
1647,8218,8219,0,0.12517826453814604,0,-0.20636287201619516,0.12513303134064505,0,-0.20640810521369615,4.5233197500993416e-05
1648,8220,8221,0,0.056013715297337757,0,-0.27552742125700347,0.056021608321151647,0,-0.27551952823318954,7.893023813890232e-06
1649,8224,8225,0,0.59893965165144802,1,0.26739851509710683,0.59892464787674538,1,0.26738351132240418,1.5003774702648798e-05
1650,8226,8227,0,0.34978652288721607,1,0.018245386332874869,0.34978323891728824,1,0.018242102362947044,3.2839699278253143e-06
1651,8227,8228,1,0.12752436145810098,0,-0.20401677509624022,0.12764434153850218,0,-0.20389679501583902,0.00011998008040120522
1652,8253,8254,0,0.15194363692894161,0,-0.17959749962539959,0.15197020020262081,0,-0.17957093635172039,2.6563273679197641e-05
1653,8254,8255,0,0.19906554609365087,0,-0.13247559046069032,0.19906371352181185,0,-0.13247742303252935,1.8325718390277412e-06
1654,8259,8260,1,0.16634764402530736,0,-0.16519349252903384,0.1663099239047944,0,-0.16523121264954679,3.7720120512951816e-05
1655,8266,8267,0,0.040112870984607231,0,-0.29142826556973395,0.04011362613374643,0,-0.29142751042059478,7.551491391991072e-07
1656,8272,8273,0,0.10131140274249197,0,-0.23022973381184925,0.10132930439466793,0,-0.23021183215967328,1.7901652175966731e-05
1657,8273,8274,0,0.24027213055912297,0,-0.091269005995218228,0.24029965984639592,0,-0.091241476707945274,2.7529287272953784e-05
1658,8279,8280,0,0.10263760822723368,0,-0.22890352832710753,0.10269825595881003,0,-0.22884288059553115,6.064773157635206e-05
1659,8283,8284,0,0.19743040785915383,0,-0.13411072869518736,0.19745353116057165,0,-0.13408760539376954,2.3123301417821152e-05
1660,8288,8289,1,0.024219507155196027,0,-0.30732162939914515,0.024264119462525366,0,-0.30727701709181582,4.4612307329338491e-05
1661,8290,8291,0,0.081216519340658405,0,-0.25032461721368282,0.081212251021754209,0,-0.25032888553258698,4.2683189041964331e-06
1662,8292,8293,1,0.16566159291421018,0,-0.16587954364013102,0.16559680924634684,0,-0.16594432730799435,6.4783667863332894e-05
1663,8295,8296,1,0.69400285710915033,1,0.36246172055480913,0.6940227319350869,1,0.3624815953807457,1.9874825936572194e-05
1664,8299,8300,0,0.10952993527984239,0,-0.2220112012744988,0.10952859753986088,0,-0.22201253901448031,1.337739981510655e-06
1665,8301,8302,0,0.037454872120423581,0,-0.29408626443391761,0.037461390052858513,0,-0.29407974650148266,6.517932434932372e-06
1666,8310,8311,0,0.069599679670551584,0,-0.26194145688378961,0.069508246233001281,0,-0.26203289032133992,9.143343755030342e-05
1667,8312,8313,0,0.10906178021739774,0,-0.22247935633694346,0.10905156681285831,0,-0.22248956974148287,1.0213404539424764e-05
1668,8316,8317,0,0.14269567179939555,0,-0.18884546475494565,0.14274293141065486,0,-0.18879820514368634,4.7259611259314882e-05
1669,8317,8318,0,0.19758703979028164,0,-0.13395409676405956,0.19751444554544245,0,-0.13402669100889875,7.2594244839185862e-05
1670,8320,8321,1,0.40285047517605216,1,0.07130933862171096,0.4011484611378941,1,0.069607324583552899,0.0017020140381580617
1671,8324,8325,0,0.10561825119716686,0,-0.22592288535717434,0.10562447764131279,0,-0.22591665891302842,6.2264441459264352e-06
1672,8331,8332,0,0.10643655947604085,0,-0.22510457707830034,0.1064607604082906,0,-0.22508037614605059,2.4200932249751617e-05
1673,8343,8344,0,0.23191946007239969,0,-0.099621676481941507,0.23180922267291934,0,-0.099731913881421858,0.00011023739948035072
1674,8349,8350,0,0.22592734453104418,0,-0.10561379202329702,0.22593368230889208,0,-0.10560745424544912,6.3377778478923563e-06
1675,8351,8352,0,0.031095561803824362,0,-0.30044557475051681,0.031088966785084805,0,-0.30045216976925637,6.5950187395566462e-06
1676,8354,8355,0,0.10677779642402961,0,-0.22476334013031157,0.10704108647057366,0,-0.22450005008376755,0.00026329004654404575
1677,8356,8357,0,0.2132683463126524,0,-0.1182727902416888,0.21320371704244842,0,-0.11833741951189278,6.4629270203980793e-05
1678,8372,8373,0,0.032686289120779609,0,-0.29885484743356161,0.032672243308986881,0,-0.29886889324535432,1.4045811792727514e-05
1679,8378,8379,0,0.13686842943755304,0,-0.19467270711678816,0.13684859294799034,0,-0.19469254360635085,1.983648956269124e-05
1680,8388,8389,1,0.20729657135254334,0,-0.12424456520179786,0.2072303750936336,0,-0.1243107614607076,6.6196258909745342e-05
1681,8400,8401,0,0.67273419400302703,1,0.34119305744868583,0.6727376034045881,1,0.3411964668502469,3.4094015610719453e-06
1682,8403,8404,0,0.047543521846059845,0,-0.28399761470828133,0.047568212914567851,0,-0.28397292363977333,2.4691068508005121e-05
1683,8409,8410,0,0.089948624750025727,0,-0.24159251180431546,0.090139273265290254,0,-0.24140186328905094,0.00019064851526452709
1684,8422,8423,0,0.033900338938508225,0,-0.29764079761583295,0.033886792099212623,0,-0.29765434445512856,1.3546839295601465e-05
1685,8431,8432,0,0.08477586744723993,0,-0.24676526910710128,0.084745102049451737,0,-0.24679603450488946,3.0765397788193316e-05
1686,8432,8433,0,0.19951313795198422,0,-0.13202799860235698,0.19945823786423397,0,-0.13208289869010723,5.4900087750248128e-05
1687,8434,8435,0,0.19812031829688181,0,-0.13342081825745938,0.19812185810890182,0,-0.13341927844543938,1.5398120200016407e-06
1688,8438,8439,0,0.091949278769464876,0,-0.23959185778487632,0.091965085684308709,0,-0.23957605087003248,1.5806914843832787e-05
1689,8441,8442,0,0.21411116882198575,0,-0.11742996773235545,0.21408114482170554,0,-0.11745999173263566,3.0024000280209906e-05
1690,8446,8447,1,0.39075118384357316,1,0.05921004728923196,0.39074332577827675,1,0.059202189223935553,7.8580652964066466e-06
1691,8450,8451,0,0.01868146440771918,0,-0.31285967214662203,0.018688349147555832,0,-0.31285278740678535,6.8847398366524148e-06
1692,8453,8454,1,0.052830922263437108,0,-0.27871021429090409,0.05281776782580367,0,-0.27872336872853753,1.3154437633437766e-05
1693,8463,8464,0,0.10418789792878666,0,-0.22735323862555454,0.10416178713676837,0,-0.22737934941757282,2.6110792018294027e-05
1694,8464,8465,0,0.041903179172495253,0,-0.28963795738184595,0.041892237333645138,0,-0.28964889922069603,1.0941838850114793e-05
1695,8465,8466,0,0.11825122780762715,0,-0.21328990874671405,0.11824446214280719,0,-0.21329667441153399,6.7656648199548863e-06
1696,8468,8469,1,0.60932476711023931,1,0.27778363055589811,0.60927024539647667,1,0.27772910884213547,5.452171376263415e-05
1697,8470,8471,1,0.76408335454636112,1,0.43254221799201992,0.76408414053084972,1,0.43254300397650852,7.8598448860489611e-07
1698,8477,8478,0,0.047906291162269125,0,-0.28363484539207207,0.047909039801619986,0,-0.28363209675272122,2.748639350860782e-06
1699,8480,8481,0,0.10427391020423546,0,-0.22726722635010574,0.10430711484119688,0,-0.22723402171314433,3.3204636961423062e-05
1700,8488,8489,0,0.11648435372825072,0,-0.21505678282609048,0.11653628308935769,0,-0.21500485346498349,5.1929361106969885e-05
1701,8489,8490,0,0.21638696643925864,0,-0.11515417011508255,0.2162769815685015,0,-0.1152641549858397,0.00010998487075714047
1702,8494,8495,0,0.60428827954688458,1,0.27274714299254338,0.6042905923424079,1,0.2727494557880667,2.3127955233182007e-06
1703,8496,8497,0,0.35067600385761977,1,0.019134867303278569,0.35066829011103084,1,0.019127153556689647,7.7137465889220991e-06
1704,8497,8498,0,0.17025646800897146,0,-0.16128466854536974,0.17022354039615376,0,-0.16131759615818744,3.2927612817701402e-05
1705,8500,8501,0,0.13028845560450592,0,-0.20125268094983528,0.13028700717659003,0,-0.20125412937775117,1.4484279158843982e-06
1706,8513,8514,1,0.10271264383568258,0,-0.22882849271865863,0.10269711626649349,0,-0.22884402028784773,1.5527569189099921e-05
1707,8520,8521,1,0.72067419964384549,1,0.38913306308950429,0.72067268640006488,1,0.38913154984572368,1.5132437806153476e-06
1708,8522,8523,0,0.37197375207458622,1,0.040432615520245019,0.37193873066724376,1,0.040397594112902557,3.5021407342461508e-05
1709,8527,8528,0,0.13124663042365861,0,-0.20029450613068259,0.13106260923964719,0,-0.20047852731469401,0.00018402118401142364
1710,8529,8530,0,0.083601359569955749,0,-0.24793977698438546,0.083623689043693439,0,-0.24791744751064776,2.2329473737689454e-05
1711,8536,8537,0,0.030939076401716604,0,-0.30060206015262458,0.030932757721557159,0,-0.30060837883278402,6.3186801594443398e-06
1712,8539,8540,0,0.17951502055096163,0,-0.15202611600337956,0.17951347840910284,0,-0.15202765814523836,1.5421418587957536e-06
1713,8541,8542,1,0.079123445931197176,0,-0.25241769062314401,0.079115011348536296,0,-0.25242612520580487,8.434582660879486e-06
1714,8549,8550,0,0.16277528239911634,0,-0.16876585415522485,0.16278581397601086,0,-0.16875532257833034,1.0531576894512451e-05
1715,8559,8560,0,0.12175894174207694,0,-0.20978219481226426,0.12182538275178599,0,-0.20971575380255519,6.6441009709053422e-05
1716,8561,8562,0,0.20813787629278199,0,-0.12340326026155921,0.20813802889225802,0,-0.12340310766208318,1.5259947602763724e-07
1717,8565,8566,0,0.056272610426234639,0,-0.27526852612810654,0.056305158513221057,0,-0.27523597804112016,3.2548086986418368e-05
1718,8566,8567,0,0.099123910339255647,0,-0.23241722621508554,0.099195522365439395,0,-0.23234561418890182,7.161202618374829e-05
1719,8568,8569,0,0.13715667868723877,0,-0.19438445786710243,0.1372684221122962,0,-0.194272714442045,0.00011174342505743118
1720,8569,8570,0,0.13016081914357944,0,-0.20138031741076176,0.13016061465263354,0,-0.20138052190170766,2.0449094589869432e-07
1721,8573,8574,1,0.53211795922560357,1,0.20057682267126237,0.53212436106200511,1,0.20058322450766392,6.4018364015483442e-06
1722,8574,8575,1,0,0,-0.3315411365543412,0.12816938801340452,0,-0.20337174854093668,0.12816938801340452
1723,8579,8580,0,0.19087798053390864,0,-0.14066315602043256,0.19098558983454297,0,-0.14055554671979822,0.0001076093006343315
1724,8583,8584,0,0.21393846845074457,0,-0.11760266810359662,0.21384955904108111,0,-0.11769157751326009,8.8909409663467942e-05
1725,8599,8600,1,0.51306057578948472,1,0.18151943923514352,0.51306757042043338,1,0.18152643386609219,6.994630948664593e-06
1726,8608,8609,0,0.69230752172682319,1,0.360766385172482,0.69228516118871286,1,0.36074402463437166,2.2360538110333117e-05
1727,8616,8617,1,0.17100623849236171,0,-0.16053489806197949,0.17101211789238191,0,-0.16052901866195929,5.8794000201978225e-06
1728,8632,8633,0,0.48907897753300361,1,0.15753784097866241,0.48909409115678815,1,0.15755295460244695,1.5113623784535068e-05
1729,8638,8639,0,0.074219112832730444,0,-0.25732202372161073,0.074188302976270257,0,-0.25735283357807093,3.080985646018719e-05
1730,8642,8643,0,0.087248168505583423,0,-0.24429296804875777,0.087252409980181092,0,-0.24428872657416012,4.2414745976687707e-06
1731,8648,8649,0,0.08564493374473145,0,-0.24589620280960975,0.085606405708321481,0,-0.24593473084601972,3.8528036409968269e-05
1732,8656,8657,0,0.6340663935244728,1,0.30252525697013161,0.63404406568062055,1,0.30250292912627935,2.2327843852254503e-05
1733,8657,8658,1,0.068897633915726605,0,-0.26264350263861458,0.068904241108383571,0,-0.26263689544595764,6.6071926569655215e-06
1734,8659,8660,0,0.35982079549594292,1,0.028279658941601726,0.35954771440410421,1,0.028006577849763015,0.00027308109183871165
1735,8662,8663,0,0.057901887465432532,0,-0.27363924908890869,0.057908482307019178,0,-0.27363265424732203,6.5948415866462495e-06
1736,8663,8664,0,0.11599972801193009,0,-0.21554140854241111,0.11601344524164106,0,-0.21552769131270014,1.3717229710968892e-05
1737,8667,8668,1,0.06940652337611132,0,-0.26213461317822989,0.069407026106636238,0,-0.26213411044770496,5.027305249177827e-07
1738,8675,8676,0,0.056058081800007077,0,-0.2754830547543341,0.056007311925428904,0,-0.27553382462891229,5.0769874578172891e-05
1739,8681,8682,0,0.14732759654061151,0,-0.18421354001372969,0.14735403730216343,0,-0.18418709925217777,2.6440761551921321e-05
1740,8683,8684,0,0.030990517938864166,0,-0.30055061861547705,0.031006685532976044,0,-0.30053445102136517,1.6167594111878708e-05
1741,8684,8685,0,0.1502223157078543,0,-0.1813188208464869,0.15018879293974668,0,-0.18135234361459451,3.3522768107613343e-05
1742,8689,8690,1,0.17931391309508524,0,-0.15222722345925596,0.17938319977365189,0,-0.15215793678068931,6.9286678566649051e-05
1743,8698,8699,0,0.18152893654975713,0,-0.15001220000458407,0.18155167525594937,0,-0.14998946129839183,2.2738706192237945e-05
1744,8715,8716,0,0.031460641790245186,0,-0.30008049476409604,0.031458484843288538,0,-0.30008265171105264,2.156946956648198e-06
1745,8719,8720,0,0.081176750033044268,0,-0.25036438652129694,0.081124932739284158,0,-0.25041620381505703,5.1817293760109129e-05
1746,8723,8724,0,0.63715958136714168,1,0.30561844481280048,0.63715432860271093,1,0.30561319204836973,5.252764430752066e-06
1747,8725,8726,1,0.053560336648740825,0,-0.27798079990560037,0.053552671281616358,0,-0.27798846527272486,7.6653671244666932e-06
1748,8726,8727,0,0.14961871634806995,0,-0.18192242020627125,0.1496610819205601,0,-0.1818800546337811,4.2365572490155046e-05
1749,8728,8729,0,0.16819816858965392,0,-0.16334296796468728,0.16817512213494978,0,-0.16336601441939141,2.3046454704134245e-05
1750,8730,8731,0,0.18609041920189062,0,-0.14545071735245058,0.18613590609150071,0,-0.14540523046284048,4.5486889610091286e-05
1751,8738,8739,0,0.13423858160359489,0,-0.19730255495074631,0.13422897799658948,0,-0.19731215855775172,9.6036070054150713e-06
1752,8753,8754,0,0.016497934106864575,0,-0.31504320244747663,0.016541141775886996,0,-0.3149999947784542,4.3207669022420764e-05
1753,8755,8756,1,0.36114318417360702,1,0.029602047619265826,0.3579654905727766,1,0.026424354018435403,0.0031776936008304224
1754,8757,8758,0,0.18186155329518436,0,-0.14967958325915684,0.1819129014394984,0,-0.1496282351148428,5.1348144314039557e-05
1755,8760,8761,0,0.14514701399866636,0,-0.18639412255567483,0.14516239671421602,0,-0.18637873984012518,1.5382715549655535e-05
1756,8767,8768,0,0.1136212757054057,0,-0.2179198608489355,0.113631456308125,0,-0.21790968024621621,1.0180602719303544e-05
1757,8770,8771,0,0.20239675964484122,0,-0.12914437690949998,0.20238961705013697,0,-0.12915151950420423,7.1425947042458304e-06
1758,8774,8775,0,0.19222458048001556,0,-0.13931655607432564,0.19214771299877637,0,-0.13939342355556483,7.6867481239195623e-05
1759,8779,8780,0,0.18258662558995539,0,-0.14895451096438581,0.18245700182447147,0,-0.14908413472986973,0.00012962376548392163
1760,8783,8784,0,0.19216886013833731,0,-0.13937227641600389,0.19218132530174636,0,-0.13935981125259483,1.2465163409053348e-05
1761,8787,8788,0,0.039993337664640971,0,-0.29154779888970023,0.039986448139082691,0,-0.2915546884152585,6.8895255582804293e-06
1762,8788,8789,1,0.67968589529048706,1,0.34814475873614587,0.67969391132820323,1,0.34815277477386203,8.0160377161631047e-06
1763,8803,8804,0,0.26391289692642544,0,-0.067628239627915754,0.26390186731053,0,-0.067639269243811195,1.1029615895441491e-05
1764,8808,8809,1,0.56451870974541118,1,0.23297757319106999,0.56452934157420132,1,0.23298820501986012,1.0631828790130804e-05
1765,8809,8810,0,0.081782763637860967,0,-0.24975837291648023,0.081808038915478817,0,-0.24973309763886237,2.5275277617850533e-05
1766,8811,8812,1,0.33307978551781453,1,0.0015386489634733325,0.33307603414237763,1,0.0015348975880364324,3.7513754369000729e-06
1767,8813,8814,0,0.13946965649977036,0,-0.19207148005457084,0.13947124119513715,0,-0.19206989535920405,1.5846953667908448e-06
1768,8817,8818,1,0.17362748979728873,0,-0.15791364675705247,0.17363588269806823,0,-0.15790525385627296,8.392900779502499e-06
1769,8821,8822,1,0.79593392302411925,1,0.46439278646977805,0.79594707355491578,1,0.46440593700057459,1.3150530796535165e-05
1770,8833,8834,0,0.57358760908377682,1,0.24204647252943562,0.57358721034680216,1,0.24204607379246096,3.987369746605296e-07
1771,8836,8837,0,0.040658136275116032,0,-0.29088300027922515,0.040657181568110469,0,-0.29088395498623071,9.5470700556266053e-07
1772,8840,8841,0,0.22452433340390782,0,-0.10701680315043338,0.22454272831857019,0,-0.106998408235771,1.8394914662378525e-05
1773,8855,8856,1,0.11316033774176321,0,-0.21838079881257799,0.11322492517298302,0,-0.21831621138135818,6.4587431219814695e-05
1774,8856,8857,1,0.75471215102740785,1,0.42317101447306665,0.75472699456032599,1,0.42318585800598479,1.4843532918140667e-05
1775,8860,8861,0,0.17367084719287237,0,-0.15787028936146882,0.17379679948551485,0,-0.15774433706882635,0.00012595229264247831
1776,8865,8866,1,0.35977943596388257,1,0.028238299409541368,0.35925663683238129,1,0.027715500278040095,0.00052279913150127255
1777,8872,8873,0,0.0090360849143152518,0,-0.32250505164002596,0.0090437775366798909,0,-0.3224973590176613,7.6926223646391068e-06
1778,8873,8874,0,0.065351054158327621,0,-0.26619008239601361,0.065357129798759572,0,-0.26618400675558163,6.0756404319517454e-06
1779,8887,8888,0,0.19072935375260355,0,-0.14081178280173764,0.19072431138735355,0,-0.14081682516698765,5.0423652500075633e-06
1780,8889,8890,0,0.10100777560291006,0,-0.23053336095143112,0.10099857557063699,0,-0.23054256098370421,9.200032273073977e-06
1781,8894,8895,0,0.10109809049905302,0,-0.23044304605528818,0.1010978818281713,0,-0.23044325472616989,2.0867088172671355e-07
1782,8897,8898,0,0.42733802224574768,1,0.095796885691406486,0.42733723658573808,1,0.09579610003139688,7.8566000960567095e-07
1783,8902,8903,0,0.08731647368949956,0,-0.24422466286484162,0.087319983245909255,0,-0.24422115330843194,3.5095564096948584e-06
1784,8907,8908,0,0.1688420541486608,0,-0.1626990824056804,0.16885934313048359,0,-0.16268179342385761,1.7288981822793925e-05
1785,8914,8915,0,0.051672946804011022,0,-0.27986818975033018,0.051545921968031344,0,-0.27999521458630983,0.00012702483597967773
1786,8924,8925,0,0.017878460298112762,0,-0.31366267625622846,0.017893429496748336,0,-0.31364770705759287,1.4969198635573361e-05
1787,8932,8933,1,0.566119061758525,1,0.2345779252041838,0.56609674870157944,1,0.23455561214723825,2.231305694555541e-05
1788,8942,8943,0,0.1211717494120849,0,-0.21036938714225628,0.12115799748216444,0,-0.21038313907217676,1.3751929920466366e-05
1789,8946,8947,0,0.14486026037527952,0,-0.18668087617906168,0.14471088388744968,0,-0.18683025266689152,0.0001493764878298387
1790,8947,8948,1,0.37087013069587232,1,0.039328994141531126,0.37084433854444054,1,0.039303201990099346,2.5792151431780486e-05
1791,8950,8951,0,0.027636456113451648,0,-0.30390468044088953,0.027643811189781466,0,-0.30389732536455971,7.3550763298180222e-06
1792,8957,8958,0,0.12896542685554435,0,-0.20257570969879685,0.12898160697831801,0,-0.20255952957602319,1.618012277365688e-05
1793,8958,8959,1,0,0,-0.3315411365543412,1.0982924680824435e-07,0,-0.33154102672509439,1.0982924680824435e-07
1794,8962,8963,0,0.13112928001447977,0,-0.20041185653986143,0.13112001216697816,0,-0.20042112438736304,9.2678475016039208e-06
1795,8973,8974,0,0.5716290798420568,1,0.2400879432877156,0.5715955409253155,1,0.24005440437097431,3.3538916741293612e-05
1796,8980,8981,0,0.14616415016831322,0,-0.18537698638602798,0.14617288236203177,0,-0.18536825419230943,8.7321937185524945e-06
1797,8982,8983,0,0.044094661436079471,0,-0.28744647511826171,0.044073666978131386,0,-0.28746746957620983,2.0994457948085576e-05
1798,8986,8987,0,0.11668121124623324,0,-0.21485992530810796,0.11668369720421175,0,-0.21485743935012946,2.4859579785124764e-06
1799,8989,8990,0,0.13617983668629938,0,-0.19536129986804182,0.13615481865067322,0,-0.19538631790366798,2.5018035626156454e-05
1800,8990,8991,0,0.088906440267034564,0,-0.24263469628730663,0.088972283050364517,0,-0.24256885350397667,6.584278332995297e-05
1801,8998,8999,1,0.42762985220482452,1,0.096088715650483325,0.42764878996785322,1,0.096107653413512018,1.8937763028692434e-05
1802,8999,9000,0,0.23424502316096005,0,-0.097296113393381151,0.23424944225003491,0,-0.097291694304306287,4.4190890748641021e-06
1803,9000,9001,0,0.17607323459800825,0,-0.15546790195633295,0.17610961791048779,0,-0.15543151864385341,3.6383312479543184e-05
1804,9001,9002,0,0.10291825020884912,0,-0.22862288634549208,0.10289897889526192,0,-0.22864215765907928,1.9271313587199135e-05
1805,9002,9003,1,0.23826167266009882,0,-0.093279463894242381,0.23823086963361784,0,-0.093310266920723361,3.0803026480979989e-05
1806,9003,9004,0,0.48221198491544282,1,0.15067084836110162,0.48084299804136804,1,0.14930186148702684,0.0013689868740747735
1807,9006,9007,1,0.74874444859074185,1,0.41720331203640065,0.748739985403717,1,0.4171988488493758,4.4631870248501571e-06
1808,9010,9011,0,0.19918367945905857,0,-0.13235745709528263,0.19912315315794207,0,-0.13241798339639912,6.0526301116498038e-05
1809,9011,9012,1,0.62792162131921925,1,0.29638048476487805,0.62791166450892033,1,0.29637052795457913,9.9568102989167073e-06
1810,9012,9013,0,0.6446527420668885,1,0.3131116055125473,0.64467124383128105,1,0.31313010727693985,1.8501764392553355e-05
1811,9013,9014,0,0.19787410918041737,0,-0.13366702737392383,0.19787717001910379,0,-0.13366396653523741,3.0608386864250381e-06
1812,9015,9016,0,0.081348599054183776,0,-0.25019253750015741,0.081346496238953417,0,-0.2501946403153878,2.1028152303592673e-06
1813,9020,9021,0,0.024358362496920589,0,-0.30718277405742062,0.02446615506314348,0,-0.30707498149119772,0.00010779256622289041
1814,9030,9031,0,0.13129016162022902,0,-0.20025097493411217,0.13129926608885867,0,-0.20024187046548253,9.1044686296448685e-06
1815,9031,9032,1,0.55193320907017152,1,0.22039207251583032,0.55194066173806478,1,0.22039952518372358,7.4526678932596013e-06
1816,9032,9033,0,0.11689121505277536,0,-0.21464992150156584,0.11693809116207984,0,-0.21460304539226135,4.6876109304483382e-05
1817,9035,9036,0,0.1932323847022428,0,-0.1383087518520984,0.19323822271630772,0,-0.13830291383803348,5.8380140649239021e-06
1818,9036,9037,0,0.15908027379863734,0,-0.17246086275570385,0.15909329020368179,0,-0.17244784635065941,1.301640504444701e-05
1819,9037,9038,0,0.2707362680916599,0,-0.060804868462681294,0.27075950825147155,0,-0.06078162830286965,2.3240159811643846e-05
1820,9043,9044,1,0.22023419929242335,0,-0.11130693726191784,0.22019786204966579,0,-0.1113432745046754,3.633724275756145e-05
1821,9044,9045,0,0.056268063653799126,0,-0.27527307290054209,0.056285339825690325,0,-0.27525579672865086,1.7276171891199288e-05
1822,9050,9051,0,0.33340319729480078,1,0.0018620607404595813,0.33251089208592133,1,0.00096975553158012984,0.00089230520887945142
1823,9061,9062,0,0.53750551837664418,1,0.20596438182230298,0.53742236748683558,1,0.20588123093249439,8.3150889808591977e-05
1824,9062,9063,1,0.75441629493411699,1,0.4228751583797758,0.75440826836847386,1,0.42286713181413266,8.0265656431377508e-06
1825,9073,9074,0,0.35291743594112834,1,0.021376299386787145,0.35292809974869871,1,0.021386963194357511,1.066380757036578e-05
1826,9079,9080,0,0.6886823675924415,1,0.3571412310381003,0.68866161978379659,1,0.35712048322945539,2.0747808644916432e-05
1827,9089,9090,1,0.75663743468545908,1,0.42509629813111788,0.75664539864535596,1,0.42510426209101476,7.9639598968839209e-06
1828,9091,9092,0,0.11907680135335018,0,-0.21246433520099101,0.11915016891865056,0,-0.21239096763569065,7.3367565300380688e-05
1829,9093,9094,1,0.27656587977137237,0,-0.054975256782968829,0.27652377762985092,0,-0.055017358924490278,4.2102141521449532e-05
1830,9095,9096,1,0.35290769560630575,1,0.021366559051964551,0.35199986536618255,1,0.020458728811841354,0.00090783024012319746
1831,9097,9098,0,0.2021368355457025,0,-0.1294043010086387,0.20213326406079798,0,-0.12940787249354321,3.5714849045132002e-06
1832,9099,9100,0,0.19240199516481224,0,-0.13913914138952896,0.19238334190305881,0,-0.13915779465128239,1.8653261753431849e-05
1833,9103,9104,0,0.099535219017226007,0,-0.23200591753711519,0.09953086580595065,0,-0.23201027074839053,4.3532112753569274e-06
1834,9105,9106,1,0.082143288064528072,0,-0.24939784848981311,0.08213976259646405,0,-0.24940137395787715,3.525468064022319e-06
1835,9110,9111,1,0.76415332746982534,1,0.43261219091548414,0.76417732718832743,1,0.43263619063398623,2.399971850208793e-05
1836,9112,9113,0,0.13324039016225916,0,-0.19830074639208203,0.13323983047431567,0,-0.19830130608002552,5.5968794349103845e-07
1837,9117,9118,0,0.060197630306899952,0,-0.27134350624744125,0.060082777339642714,0,-0.27145835921469846,0.0001148529672572382
1838,9130,9131,1,0.68457534188425395,1,0.35303420532991275,0.68463668893360297,1,0.35309555237926177,6.1347049349014249e-05
1839,9132,9133,0,0.10096452410167102,0,-0.23057661245267019,0.10098469960645513,0,-0.23055643694788608,2.0175504784114562e-05
1840,9134,9135,0,0.069619726978137383,0,-0.2619214095762038,0.069618404996887137,0,-0.26192273155745405,1.3219812502462958e-06
1841,9135,9136,0,0.19415048979113597,0,-0.13739064676320523,0.19415744883886935,0,-0.13738368771547185,6.9590477333736356e-06
1842,9136,9137,0,0.13547148934539888,0,-0.19606964720894232,0.1354803571259286,0,-0.1960607794284126,8.8677805297199264e-06
1843,9137,9138,0,0.046052976725559872,0,-0.28548815982878134,0.046064886375768922,0,-0.28547625017857226,1.1909650209050715e-05
1844,9142,9143,1,0.60609861101515783,1,0.27455747446081663,0.60609457737521522,1,0.27455344082087402,4.0336399426132985e-06
1845,9146,9147,1,0.68126800901135476,1,0.34972687245701356,0.68128458388307944,1,0.34974344732873824,1.6574871724683859e-05
1846,9154,9155,0,0.10189389015819933,0,-0.22964724639614187,0.10187531945662942,0,-0.22966581709771178,1.857070156990881e-05
1847,9157,9158,0,0.029636688644882996,0,-0.3019044479094582,0.029645623201013108,0,-0.30189551335332809,8.9345561301128196e-06
1848,9165,9166,0,0.17619588153299101,0,-0.15534525502135019,0.17600233462959416,0,-0.15553880192474703,0.00019354690339684621
1849,9177,9178,0,0.16520248904984866,0,-0.16633864750449254,0.16521465454952139,0,-0.16632648200481981,1.2165499672728286e-05
1850,9182,9183,0,0.1367472397414779,0,-0.1947938968128633,0.13668164228677754,0,-0.19485949426756366,6.5597454700361268e-05
1851,9184,9185,1,0.1365341541228238,0,-0.1950069824315174,0.13653128301788564,0,-0.19500985353645556,2.8711049381568987e-06
1852,9186,9187,0,0.21588191459676817,0,-0.11565922195757303,0.21590527758611991,0,-0.11563585896822129,2.3362989351738417e-05
1853,9188,9189,0,0.30177568709178598,0,-0.029765449462555216,0.30176596022923485,0,-0.029775176325106345,9.7268625511293116e-06
1854,9190,9191,1,0.69045664705882148,1,0.35891551050448028,0.69045051627646958,1,0.35890937972212839,6.1307823518985671e-06
1855,9191,9192,0,0.35639063694391288,1,0.024849500389571677,0.35639159098706785,1,0.024850454432726654,9.5404315497704673e-07
1856,9200,9201,0,0.228690983421973,0,-0.1028501531323682,0.22870104166951769,0,-0.10284009488482351,1.0058247544686427e-05
1857,9205,9206,0,0.15840115227918694,0,-0.17313998427515426,0.15833602298170893,0,-0.17320511357263227,6.512929747801155e-05
1858,9209,9210,0,0.056516579248636442,0,-0.27502455730570474,0.056534463230531469,0,-0.27500667332380974,1.7883981895026879e-05
1859,9210,9211,1,0.24727983303623383,0,-0.084261303518107372,0.24728227674477826,0,-0.084258859809562936,2.4437085444362072e-06
1860,9215,9216,1,0.27278196973677066,0,-0.058759166817570541,0.27277136446685157,0,-0.058769772087489625,1.0605269919083948e-05
1861,9218,9219,1,0.20017714021162855,0,-0.13136399634271265,0.20007935478722802,0,-0.13146178176711318,9.7785424400531618e-05
1862,9229,9230,0,0.098913597695372779,0,-0.23262753885896842,0.098865673015794242,0,-0.23267546353854696,4.7924679578537077e-05
1863,9233,9234,0,0.65980991148645396,1,0.32826877493211276,0.65977271278024652,1,0.32823157622590532,3.7198706207441923e-05
1864,9236,9237,0,0.21643889625571017,0,-0.11510224029863103,0.21635366728859054,0,-0.11518746926575066,8.522896711962713e-05
1865,9238,9239,0,0.066936634181915505,0,-0.26460450237242572,0.066944479969632431,0,-0.26459665658470877,7.8457877169257895e-06
1866,9240,9241,0,0.092761585662874582,0,-0.23877955089146663,0.092758317251759564,0,-0.23878281930258163,3.2684111150177442e-06
1867,9245,9246,0,0.12707907091542309,0,-0.20446206563891811,0.12708794022624179,0,-0.20445319632809941,8.8693108186987946e-06
1868,9246,9247,1,0.22691845180329492,0,-0.10462268475104627,0.22696504413095389,0,-0.10457609242338731,4.6592327658967481e-05
1869,9250,9251,0,0.20889022772233543,0,-0.12265090883200577,0.20889450705474127,0,-0.12264662949959992,4.2793324058487681e-06
1870,9251,9252,0,0.36006571600583237,1,0.028524579451491172,0.36008983307120224,1,0.028548696516861038,2.4117065369866353e-05
1871,9267,9268,0,0.065711585017769511,0,-0.26582955153657167,0.06574951855178475,0,-0.26579161800255646,3.793353401523869e-05
1872,9273,9274,0,0.038244631146504435,0,-0.29329650540783675,0.038189817648085954,0,-0.29335131890625527,5.4813498418480877e-05
1873,9274,9275,0,0.15237009896075873,0,-0.17917103759358247,0.15239824358338161,0,-0.17914289297095959,2.8144622622877646e-05
1874,9276,9277,0,0.10440529357041295,0,-0.22713584298392825,0.10442305907591688,0,-0.22711807747842433,1.7765505503933299e-05
1875,9281,9282,0,0.080008102655989066,0,-0.25153303389835213,0.079999853445572935,0,-0.25154128310876828,8.2492104161308033e-06
1876,9284,9285,0,0.13192975809416768,0,-0.19961137846017352,0.13218298520656574,0,-0.19935815134777546,0.00025322711239805784
1877,9286,9287,1,0.80646242426427039,1,0.4749212877099292,0.80647796780480863,1,0.47493683125046743,1.5543540538232037e-05
1878,9291,9292,0,0.10654685288726243,0,-0.22499428366707877,0.10655246686850561,0,-0.22498866968583559,5.6139812431854619e-06
1879,9306,9307,0,0.18978100927035618,0,-0.14176012728398502,0.18982279951169784,0,-0.14171833704264336,4.1790241341654877e-05
1880,9309,9310,0,0.071075339278629093,0,-0.26046579727571212,0.071094387728619049,0,-0.26044674882572216,1.9048449989955696e-05
1881,9314,9315,1,0.14506858382064342,0,-0.18647255273369778,0.14505558274399585,0,-0.18648555381034534,1.3001076647561893e-05
1882,9319,9320,0,0.040283905260664277,0,-0.29125723129367692,0.040281693721879834,0,-0.29125944283246136,2.2115387844426349e-06
1883,9324,9325,0,0.056389991919186783,0,-0.27515114463515444,0.05640438980982037,0,-0.27513674674452082,1.439789063358704e-05
1884,9333,9334,0,0.029115632658397013,0,-0.30242550389594419,0.029119772998338206,0,-0.30242136355600302,4.1403399411929498e-06
1885,9335,9336,0,0.050818662505492079,0,-0.28072247404884909,0.050950723856378499,0,-0.2805904126979627,0.0001320613508864199
1886,9342,9343,0,0.20158051193685955,0,-0.12996062461748165,0.20148984627701053,0,-0.13005129027733067,9.0665659849026303e-05
1887,9353,9354,0,0.1001327433031924,0,-0.23140839325114881,0.10012744425353397,0,-0.23141369230080722,5.2990496584304214e-06
1888,9356,9357,1,0.21702444733974743,0,-0.11451668921459376,0.21705209006436543,0,-0.11448904648997577,2.7642724617998882e-05
1889,9358,9359,0,0.068788484382263246,0,-0.26275265217207794,0.068817543711801446,0,-0.26272359284253977,2.9059329538200229e-05
1890,9371,9372,0,0.11943047689548304,0,-0.21211065965885817,0.11943714191193305,0,-0.21210399464240814,6.665016450010941e-06
1891,9385,9386,1,0.74359569030958506,1,0.41205455375524386,0.74359341656256783,1,0.41205228000822663,2.2737470172229379e-06
1892,9386,9387,0,0.26522586061468229,0,-0.066315275939658913,0.26523225961418473,0,-0.066308876940156469,6.3989995024438251e-06
1893,9389,9390,0,0.61269963087377766,1,0.28115849431943646,0.61271212618433279,1,0.2811709896299916,1.2495310555138417e-05
1894,9393,9394,0,0.11788214403722451,0,-0.21365899251711667,0.11784524646094841,0,-0.21369589009339279,3.6897576276104238e-05
1895,9401,9402,0,0.057606106227267861,0,-0.27393503032707334,0.057613324421342982,0,-0.27392781213299822,7.2181940751203655e-06
1896,9416,9417,0,0.13292613480180954,0,-0.19861500175253166,0.13298968460165059,0,-0.19855145195269061,6.354979984105058e-05
1897,9420,9421,0,0.20307927300200412,0,-0.12846186355233707,0.20300732787736842,0,-0.12853380867697278,7.1945124635708346e-05
1898,9425,9426,0,0.27484271808676108,0,-0.056698418467580114,0.27487780640834958,0,-0.056663330145991619,3.5088321588494509e-05
1899,9426,9427,0,0.21864299980199628,0,-0.11289813675234492,0.21867003003552196,0,-0.11287110651881924,2.7030233525682235e-05
1900,9446,9447,0,0.19824729160195992,0,-0.13329384495238128,0.19822465828238292,0,-0.13331647827195828,2.2633319576997879e-05
1901,9447,9448,0,0.23538952372899483,0,-0.096151612825346372,0.23534727994040675,0,-0.096193856613934453,4.2243788588081088e-05
1902,9449,9450,1,0.18360950398202949,0,-0.14793163257231171,0.18360656966270661,0,-0.14793456689163459,2.9343193228836828e-06
1903,9450,9451,0,0.030103284451945635,0,-0.30143785210239554,0.030102745052472405,0,-0.3014383915018688,5.3939947322959036e-07
1904,9464,9465,0,0.086954847711200406,0,-0.24458628884314079,0.086893383917316019,0,-0.24464775263702518,6.1463793884386497e-05
1905,9475,9476,1,0.52553664083034002,1,0.19399550427599882,0.50980969767834017,1,0.17826856112399897,0.01572694315199985
1906,9479,9480,1,0.34500595483978069,1,0.013464818285439495,0.34163799615464074,1,0.010096859600299546,0.003367958685139949
1907,9489,9490,0,0.12952263177533299,0,-0.20201850477900821,0.12952109116731741,0,-0.20202004538702378,1.5406080155766499e-06
1908,9492,9493,1,0.5645989968217402,1,0.233057860267399,0.56459126183456365,1,0.23305012528022245,7.7349871765441947e-06
1909,9495,9496,0,0.13974243885855653,0,-0.19179869769578467,0.13974169952806567,0,-0.19179943702627553,7.393304908565046e-07
1910,9497,9498,0,0.015950721948556963,0,-0.31559041460578424,0.015977093408156205,0,-0.31556404314618497,2.6371459599241337e-05
1911,9502,9503,0,0.078581866279746768,0,-0.25295927027459442,0.078586490846758394,0,-0.2529546457075828,4.6245670116268345e-06
1912,9504,9505,0,0.18723715846698616,0,-0.14430397808735504,0.18723788428207014,0,-0.14430325227227106,7.2581508397950856e-07
1913,9507,9508,0,0.41974428575007333,1,0.088203149195732133,0.41968456030469697,1,0.088143423750355776,5.9725445376357378e-05
1914,9509,9510,0,0.14691088532242824,0,-0.18463025123191296,0.14693255119304283,0,-0.18460858536129837,2.166587061458447e-05
1915,9517,9518,1,0.62657447675892108,1,0.29503334020457989,0.62657682932481651,1,0.29503569277047531,2.352565895424874e-06
1916,9521,9522,0,0.66027221343210529,1,0.32873107687776409,0.6602958837305416,1,0.3287547471762004,2.3670298436306858e-05
1917,9526,9527,0,0.16984453379104242,0,-0.16169660276329878,0.16984538770260502,0,-0.16169574885173618,8.5391156259828627e-07
1918,9528,9529,0,0.27087158635845721,0,-0.060669550195883992,0.2696738315735337,0,-0.061867304980807503,0.0011977547849235104
1919,9531,9532,1,0.22261384477075205,0,-0.10892729178358915,0.22264045651484426,0,-0.10890068003949693,2.6611744092214229e-05
1920,9541,9542,0,0.19934698644363816,0,-0.13219415011070304,0.19934647545166984,0,-0.13219466110267136,5.1099196832216087e-07
1921,9550,9551,0,0.71101804430733351,1,0.37947690775299231,0.7109308814669425,1,0.3793897449126013,8.7162840391008523e-05
1922,9552,9553,0,0.052285148004839806,0,-0.2792559885495014,0.052253788185481917,0,-0.27928734836885927,3.135981935788873e-05
1923,9554,9555,0,0.3201276809294184,0,-0.011413455624922797,0.32055652152338482,0,-0.010984615030956379,0.00042884059396641749
1924,9563,9564,0,0.13811933354032388,0,-0.19342180301401732,0.13811856428276742,0,-0.19342257227157378,7.6925755645995686e-07
1925,9566,9567,1,0.41950202691532906,1,0.087960890360987865,0.41954599409846677,1,0.08800485754412557,4.3967183137705312e-05
1926,9569,9570,0,0.22540092398973241,0,-0.10614021256460879,0.22542070319267107,0,-0.10612043336167012,1.977920293866342e-05
1927,9581,9582,0,0.091551020760707216,0,-0.239990115793634,0.091541940087931498,0,-0.23999919646640971,9.0806727757186678e-06
1928,9588,9589,0,0.10787693723046926,0,-0.22366419932387194,0.10788097032657469,0,-0.22366016622776652,4.0330961054296788e-06
1929,9592,9593,0,0.045685627153378323,0,-0.28585550940096288,0.045901038458730871,0,-0.28564009809561031,0.00021541130535254749
1930,9596,9597,0,0.29743666569086868,0,-0.034104470863472514,0.29742001334695928,0,-0.03412112320738192,1.6652343909406842e-05
1931,9598,9599,0,0.038942427420151554,0,-0.29259870913418962,0.038952862148799429,0,-0.29258827440554175,1.0434728647874814e-05
1932,9601,9602,0,0.089816130850875989,0,-0.24172500570346522,0.089813062067532368,0,-0.24172807448680883,3.0687833436210399e-06
1933,9609,9610,1,0.3971471681442672,1,0.065606031589926006,0.39716188961841481,1,0.065620753064073611,1.4721474147605385e-05
1934,9622,9623,0,0.11899544501627186,0,-0.21254569153806935,0.11899465457595648,0,-0.21254648197838472,7.9044031538189063e-07
1935,9625,9626,1,0.25442465717344459,0,-0.077116479380896608,0.25474247449013981,0,-0.076798662064201384,0.00031781731669522362
1936,9634,9635,0,0.2049387028131667,0,-0.1266024337411745,0.20485978741957536,0,-0.12668134913476584,7.8915393591338923e-05
1937,9641,9642,0,0.047649730698031023,0,-0.28389140585631017,0.047557032616311057,0,-0.28398410393803014,9.2698081719966297e-05
1938,9663,9664,0,0.14225123096471465,0,-0.18928990558962655,0.14223993917289871,0,-0.18930119738144249,1.1291791815942753e-05
1939,9669,9670,0,0.14837899756984638,0,-0.18316213898449482,0.14838084629923101,0,-0.18316029025511019,1.8487293846347619e-06
1940,9671,9672,0,0.75977282259008272,1,0.42823168603574152,0.75975657238478211,1,0.42821543583044092,1.625020530060528e-05
1941,9678,9679,0,0.14521428009512891,0,-0.18632685645921229,0.14526759892042423,0,-0.18627353763391696,5.331882529532872e-05
1942,9681,9682,0,0.061015892251837685,0,-0.27052524430250352,0.061016265184358175,0,-0.27052487136998304,3.7293252048986592e-07
1943,9713,9714,0,0.25082695619462447,0,-0.080714180359716725,0.25082385826741288,0,-0.080717278286928318,3.0979272115927436e-06
1944,9715,9716,0,0.53981127444618582,1,0.20827013789184462,0.53982318577118171,1,0.20828204921684051,1.1911324995894645e-05
1945,9718,9719,1,0.3176786471944178,0,-0.013862489359923402,0.3176225909829431,0,-0.0139185455713981,5.6056211474697637e-05
1946,9721,9722,1,0.15925281963921384,0,-0.17228831691512736,0.15925193206400243,0,-0.17228920449033877,8.8757521141125117e-07
1947,9722,9723,0,0.07778041049421025,0,-0.25376072606013095,0.077785653085052572,0,-0.25375548346928861,5.2425908423220369e-06
1948,9726,9727,1,0.16917369984446534,0,-0.16236743670987586,0.1693984300738911,0,-0.16214270648045009,0.00022473022942576248
1949,9728,9729,0,0.01792727521736695,0,-0.31361386133697422,0.017936054685340264,0,-0.31360508186900093,8.7794679733133041e-06
1950,9742,9743,0,0.038539875840621268,0,-0.2930012607137199,0.038543019009809866,0,-0.29299811754453131,3.1431691885977497e-06
1951,9743,9744,0,0.11738100472218491,0,-0.21416013183215629,0.11737146131624467,0,-0.21416967523809655,9.5434059402405014e-06
1952,9759,9760,1,0.16576295315382109,0,-0.16577818340052011,0.1657667483600905,0,-0.16577438819425069,3.7952062694190936e-06
1953,9760,9761,0,0.087370819342304118,0,-0.24417031721203708,0.087268595648867783,0,-0.2442725409054734,0.00010222369343633464
1954,9761,9762,0,0.6674177167520976,1,0.3358765801977564,0.66742398701401529,1,0.33588285045967409,6.2702619176846497e-06
1955,9762,9763,1,0.16167038487247734,0,-0.16987075168186386,0.16163793715443472,0,-0.16990319939990647,3.2447718042616369e-05
1956,9766,9767,0,0.24971218759485433,0,-0.081828948959486864,0.24972724553059131,0,-0.081813891023749891,1.5057935736972894e-05
1957,9779,9780,0,0.17219005284110728,0,-0.15935108371323392,0.17218125940957874,0,-0.15935987714476246,8.7934315285420617e-06
1958,9783,9784,0,0.18410359618950672,0,-0.14743754036483447,0.18432083635748525,0,-0.14722030019685595,0.00021724016797852741
1959,9795,9796,1,0.090097473146321938,0,-0.24144366340801926,0.090097465179716729,0,-0.24144367137462447,7.9666052088533945e-09
1960,9797,9798,0,0.0644515438943421,0,-0.2670895926599991,0.064421981133418793,0,-0.26711915542092241,2.9562760923307341e-05
1961,9801,9802,1,0.066145590676028765,0,-0.26539554587831243,0.066073566140742709,0,-0.26546757041359847,7.2024535286055458e-05
1962,9808,9809,0,0.093400332546325904,0,-0.23814080400801529,0.093421150087911048,0,-0.23811998646643015,2.081754158514415e-05
1963,9810,9811,0,0.19201607813178095,0,-0.13952505842256024,0.19203739891026103,0,-0.13950373764408017,2.1320778480077296e-05
1964,9818,9819,0,0.054980761707219016,0,-0.2765603748471222,0.05499721277791577,0,-0.27654392377642545,1.6451070696754666e-05
1965,9825,9826,0,0.26106271070174969,0,-0.070478425852591509,0.2610624644263646,0,-0.070478672127976594,2.4627538508514846e-07
1966,9827,9828,0,0.087623537718251071,0,-0.24391759883609013,0.087629786639421503,0,-0.2439113499149197,6.2489211704319647e-06
1967,9835,9836,0,0.23451457937523162,0,-0.097026557179109574,0.23452307602483108,0,-0.097018060529510119,8.4966495994542868e-06
1968,9836,9837,0,0.091569456007075042,0,-0.23997168054726614,0.09158564947754598,0,-0.2399554870767952,1.6193470470937665e-05
1969,9837,9838,0,0.075250043917404419,0,-0.25629109263693678,0.075258142758601002,0,-0.25628299379574021,8.0988411965826623e-06
1970,9844,9845,0,0.13063917092975089,0,-0.20090196562459031,0.13063284213286083,0,-0.20090829442148037,6.3287968900538338e-06
1971,9853,9854,0,0.13392578807519565,0,-0.19761534847914555,0.13406125620791345,0,-0.19747988034642774,0.00013546813271780866
1972,9856,9857,1,0.22540060752540081,0,-0.10614052902894039,0.22539144915299783,0,-0.10614968740134337,9.1583724029786762e-06
1973,9857,9858,1,0.6765146746978582,1,0.344973538143517,0.67652730434420871,1,0.34498616778986751,1.2629646350514889e-05
1974,9873,9874,0,0.14024018086295903,0,-0.19130095569138217,0.14024313012679804,0,-0.19129800642754316,2.949263839008287e-06
1975,9882,9883,0,0.38857570986185891,1,0.057034573307517711,0.38857226113550197,1,0.057031124581160775,3.4487263569360493e-06
1976,9888,9889,0,0.21654816723149495,0,-0.11499296932284625,0.21652912019168377,0,-0.11501201636265743,1.9047039811176392e-05
1977,9890,9891,0,0.11150339710775715,0,-0.22003773944658406,0.11150059457763954,0,-0.22004054197670164,2.8025301176126671e-06
1978,9897,9898,1,0.098847297413459642,0,-0.23269383914088154,0.09884735174554185,0,-0.23269378480879935,5.4332082208286003e-08
1979,9910,9911,0,0.16540597619839056,0,-0.16613516035595063,0.16537311032705651,0,-0.16616802622728469,3.2865871334053498e-05
1980,9911,9912,0,0.13076209317431489,0,-0.20077904338002631,0.1307332733478706,0,-0.20080786320647059,2.8819826444287377e-05
1981,9917,9918,0,0.35577142713279081,1,0.024230290578449609,0.35584415172891753,1,0.024303015174576337,7.2724596126727548e-05
1982,9923,9924,0,0.17185534328937968,0,-0.15968579326496152,0.17213896728743922,0,-0.15940216926690198,0.00028362399805953453
1983,9933,9934,1,0.20415194566036957,0,-0.12738919089397163,0.20413596871177214,0,-0.12740516784256906,1.5976948597423712e-05
1984,9935,9936,0,0.15132357477370767,0,-0.18021756178063353,0.15137278946958471,0,-0.18016834708475649,4.9214695877042303e-05
1985,9936,9937,0,0.13633874140497196,0,-0.19520239514936924,0.13615039483445956,0,-0.19539074171988163,0.00018834657051239323
1986,9941,9942,0,0.21157111547032259,0,-0.11997002108401861,0.21159761233934588,0,-0.11994352421499532,2.6496869023284741e-05
1987,9960,9961,0,0.078976293195828023,0,-0.25256484335851315,0.079085575666621818,0,-0.25245556088771937,0.00010928247079379505
1988,9966,9967,0,0.11831098002616769,0,-0.21323015652817351,0.11834229383065333,0,-0.21319884272368789,3.1313804485635921e-05
1989,9969,9970,0,0.024727736791991729,0,-0.30681339976234945,0.024766485738279661,0,-0.30677465081606153,3.8748946287931602e-05
1990,9972,9973,1,0.19056347082270497,0,-0.14097766573163623,0.19059301419429314,0,-0.14094812236004806,2.9543371588169887e-05
1991,9990,9991,0,0.036943740043781328,0,-0.29459739651055988,0.036903729118997503,0,-0.29463740743534372,4.0010924783825952e-05
1992,9995,9996,0,0.31509820072130618,0,-0.016442935833035022,0.32127138193416405,0,-0.010269754620177152,0.00617318121285787
1993,10001,10002,0,0.15788086859452574,0,-0.17366026795981546,0.1579343494766843,0,-0.17360678707765689,5.3480882158563059e-05
1994,10019,10020,1,0.17595310404448727,0,-0.15558803250985392,0.17602561204705186,0,-0.15551552450728934,7.2508002564586338e-05
1995,10020,10021,0,0.18264025034794329,0,-0.14890088620639791,0.1826311936908844,0,-0.1489099428634568,9.0566570588868078e-06
1996,10023,10024,0,0.57333660969628997,1,0.24179547314194877,0.5733386193838742,1,0.24179748282953301,2.0096875842368078e-06
1997,10032,10033,1,0.15962151743583516,0,-0.17191961911850603,0.15955471625127424,0,-0.17198642030306696,6.6801184560927318e-05
1998,10044,10045,0,0.33424688495721289,1,0.0027057484028716883,0.33398320239325857,1,0.0024420658389173733,0.000263682563954315
1999,10045,10046,0,0.10671591943163597,0,-0.22482521712270523,0.10682752524548829,0,-0.22471361130885292,0.0001116058138523196
2000,10046,10047,1,0.10479480358939809,0,-0.22674633296494312,0.10466378937272541,0,-0.22687734718161578,0.00013101421667267854
2001,10051,10052,0,0.15175493265701287,0,-0.17978620389732833,0.15174921237725181,0,-0.17979192417708939,5.7202797610622635e-06
2002,10057,10058,0,0.18301089975820117,0,-0.14853023679614002,0.18303428974509639,0,-0.14850684680924481,2.3389986895216985e-05
2003,10064,10065,1,0.1856432839388511,0,-0.1458978526154901,0.18560812071018351,0,-0.14593301584415769,3.5163228667589586e-05
2004,10075,10076,1,0.23500627140111577,0,-0.09653486515322543,0.23498463676279008,0,-0.09655649979155112,2.1634638325690458e-05
2005,10077,10078,0,0.14327725723863685,0,-0.18826387931570435,0.14326938707889847,0,-0.18827174947544273,7.870159738382343e-06
2006,10078,10079,0,0.061637591493072082,0,-0.26990354506126912,0.061648467189921695,0,-0.26989266936441952,1.0875696849613203e-05
2007,10087,10088,0,0.14985556665293828,0,-0.18168556990140292,0.14974646378906648,0,-0.18179467276527472,0.00010910286387180723
2008,10089,10090,0,0.025816950347170377,0,-0.30572418620717084,0.025825886231699742,0,-0.30571525032264146,8.9358845293645295e-06
2009,10092,10093,0,0.028925787580694511,0,-0.30261534897364667,0.028929108637968107,0,-0.30261202791637309,3.3210572735961619e-06
2010,10094,10095,0,0.20649962299345553,0,-0.12504151356088566,0.20646947113767272,0,-0.12507166541666848,3.0151855782811765e-05
2011,10095,10096,0,0.38948429553724861,1,0.057943158982907417,0.38947992741193466,1,0.057938790857593458,4.3681253139582488e-06
2012,10102,10103,1,0.68730705942913484,1,0.35576592287479364,0.68732084202572297,1,0.35577970547138177,1.3782596588129969e-05
2013,10103,10104,0,0.24553019351077351,0,-0.086010943043567684,0.24554241267297144,0,-0.085998723881369754,1.2219162197929512e-05
2014,10110,10111,0,0.30053342324431548,0,-0.03100771331002572,0.30173806826353644,0,-0.029803068290804757,0.0012046450192209623
2015,10114,10115,0,0.11465595989072042,0,-0.21688517666362078,0.11468005693551107,0,-0.21686107961883011,2.4097044790657995e-05
2016,10119,10120,0,0.22519902641611442,0,-0.10634211013822678,0.22522931249004474,0,-0.10631182406429646,3.0286073930324564e-05
2017,10130,10131,0,0.041860788642381047,0,-0.28968034791196018,0.041853343749816967,0,-0.28968779280452422,7.4448925640804853e-06
2018,10133,10134,0,0.39789304851503254,1,0.066351911960691345,0.39791780971030777,1,0.06637667315596657,2.476119527522469e-05
2019,10135,10136,1,0.36722116915442593,1,0.035680032600084732,0.36712106704322289,1,0.035579930488881695,0.00010010211120303758
2020,10136,10137,0,0.16598818348713057,0,-0.16555295306721063,0.16595596008559724,0,-0.16558517646874396,3.2223401533332252e-05
2021,10138,10139,1,0.41393855649042377,1,0.082397419936082572,0.41392553281609895,1,0.082384396261757753,1.3023674324819101e-05
2022,10140,10141,1,0.22795267197936908,0,-0.10358846457497212,0.22794767632057625,0,-0.10359346023376495,4.9956587928334795e-06
2023,10142,10143,0,0.80951443705244797,1,0.47797330049810677,0.80949737053702953,1,0.47795623398268833,1.7066515418440176e-05
2024,10160,10161,0,0.17653440682410776,0,-0.15500672973023344,0.17654132004224651,0,-0.15499981651209468,6.9132181387543401e-06
2025,10163,10164,0,0.036563455292891851,0,-0.29497768126144935,0.036592918296243879,0,-0.29494821825809731,2.9463003352027395e-05
2026,10164,10165,1,0.20002733830778138,0,-0.13151379824655982,0.20002302151150664,0,-0.13151811504283456,4.3167962747447941e-06
2027,10167,10168,1,0.20844338207105448,0,-0.12309775448328672,0.20846641169540686,0,-0.12307472485893434,2.3029624352383093e-05
2028,10185,10186,1,0.027297244660145333,0,-0.30424389189419587,0.027319058916813323,0,-0.3042220776375279,2.1814256667990889e-05
2029,10186,10187,1,0.59655617502779568,1,0.26501503847345448,0.59644006885304468,1,0.26489893229870348,0.00011610617475099616
2030,10194,10195,1,0.55046977557615395,1,0.21892863902181275,0.5504753309893925,1,0.2189341944350513,5.5554132385449151e-06
2031,10203,10204,0,0.12116706102120363,0,-0.21037407553313758,0.12091644062089077,0,-0.21062469593345043,0.00025062040031285926
2032,10214,10215,0,0.084977124111722105,0,-0.24656401244261911,0.086237931587036118,0,-0.24530320496730507,0.001260807475314013
2033,10218,10219,0,0.098770466759026426,0,-0.23277066979531477,0.098771746802846408,0,-0.2327693897514948,1.2800438199817021e-06
2034,10237,10238,0,0.38419157942543741,1,0.052650442871096215,0.38417172033695807,1,0.052630583782616869,1.9859088479345921e-05
2035,10239,10240,0,0.2235391552388856,0,-0.1080019813154556,0.22355348549193441,0,-0.10798765106240679,1.433025304881097e-05
2036,10246,10247,0,0.070081797437474225,0,-0.26145933911686697,0.070172182576699493,0,-0.2613689539776417,9.0385139225268585e-05
2037,10254,10255,1,0.13420897243570401,0,-0.19733216411863719,0.13425966048989491,0,-0.19728147606444629,5.0688054190894949e-05
2038,10255,10256,0,0.19231926347190581,0,-0.13922187308243539,0.19230577880709324,0,-0.13923535774724796,1.3484664812574154e-05
2039,10257,10258,0,0.11225713001750821,0,-0.219284006536833,0.11231953294358385,0,-0.21922160361075735,6.2402926075635912e-05
2040,10264,10265,0,0.31070183510701016,0,-0.020839301447331038,0.31069111575875968,0,-0.020850020795581514,1.0719348250476379e-05
2041,10271,10272,0,0.1881703244667407,0,-0.1433708120876005,0.18804682996975505,0,-0.14349430658458615,0.00012349449698564885
2042,10282,10283,0,0.13323654563647983,0,-0.19830459091786137,0.13321168029158451,0,-0.19832945626275669,2.4865344895319552e-05
2043,10285,10286,0,0.018090613852510224,0,-0.31345052270183099,0.018094506644420087,0,-0.31344662990992112,3.8927919098624697e-06
2044,10287,10288,1,0.19062512576177643,0,-0.14091601079256477,0.19062206404232213,0,-0.14091907251201907,3.0617194543003379e-06
2045,10289,10290,0,0.059261419078057855,0,-0.27227971747628332,0.059142815559934066,0,-0.27239832099440714,0.00011860351812378878
2046,10295,10296,0,0.12540595983388239,0,-0.20613517672045881,0.12543032551918176,0,-0.20611081103515944,2.436568529937122e-05
2047,10300,10301,0,0.037734816132178793,0,-0.29380632042216243,0.037738769730856846,0,-0.29380236682348437,3.9535986780525612e-06
2048,10303,10304,0,0.18710327609747843,0,-0.14443786045686277,0.18721445814717386,0,-0.14432667840716734,0.00011118204969542966
2049,10305,10306,0,0.16092690668633461,0,-0.17061422986800659,0.16088782524539363,0,-0.17065331130894756,3.9081440940974543e-05
2050,10308,10309,0,0.17114154453790303,0,-0.16039959201643816,0.17113589236715374,0,-0.16040524418718746,5.6521707492984685e-06
2051,10310,10311,0,0.092109501879007308,0,-0.2394316346753339,0.092104611070839212,0,-0.23943652548350197,4.8908081680953952e-06
2052,10311,10312,0,0.1083943142801308,0,-0.2231468222742104,0.10853255381000602,0,-0.22300858274433516,0.00013823952987522536
2053,10313,10314,0,0.19325292950714079,0,-0.13828820704720041,0.19326617573903779,0,-0.13827496081530341,1.3246231896996141e-05
2054,10316,10317,1,0.53775134094860233,1,0.20621020439426113,0.5376371635643834,1,0.2060960270100422,0.00011417738421892754
2055,10319,10320,0,0.058542081732368682,0,-0.27299905482197251,0.058535338016182561,0,-0.27300579853815865,6.7437161861208517e-06
2056,10322,10323,0,0.3807592810525926,1,0.049218144498251404,0.38082471305732524,1,0.049283576502984039,6.5432004732635107e-05
2057,10323,10324,0,0.56122623058720822,1,0.22968509403286702,0.5613782980707529,1,0.2298371615164117,0.00015206748354468225
2058,10324,10325,0,0.1505482529679279,0,-0.1809928835864133,0.15051801751569238,0,-0.18102311903864882,3.023545223551638e-05
2059,10328,10329,0,0.32631750440543406,0,-0.0052236321489071424,0.32647534169768089,0,-0.0050657948566603106,0.00015783729224683185
2060,10329,10330,0,0.64394693889068388,1,0.31240580233634269,0.64389801697332849,1,0.31235688041898729,4.8921917355393418e-05
2061,10337,10338,1,0.79758856888562701,1,0.46604743233128582,0.79759845668592289,1,0.46605732013158169,9.8878002958713296e-06
2062,10342,10343,0,0.21959774300017698,0,-0.11194339355416422,0.21961370133067873,0,-0.11192743522366247,1.5958330501747442e-05
2063,10343,10344,0,0.13810403724520723,0,-0.19343709930913397,0.13810602314180542,0,-0.19343511341253578,1.9858965981944809e-06
2064,10349,10350,1,0.14087302226301915,0,-0.19066811429132205,0.14086424105744483,0,-0.19067689549689637,8.7812055743208273e-06
2065,10355,10356,0,0.049448332679664468,0,-0.28209280387467672,0.049448829611709939,0,-0.28209230694263127,4.9693204547118786e-07
2066,10357,10358,0,0.11944633959002937,0,-0.21209479696431183,0.11944495982303888,0,-0.21209617673130232,1.3797669904946908e-06
2067,10367,10368,1,0.10839222526834508,0,-0.22314891128599612,0.10872401165427355,0,-0.22281712490006766,0.00033178638592847032
2068,10370,10371,0,0.17344833955729191,0,-0.15809279699704928,0.17344533629907055,0,-0.15809580025527065,3.0032582213623815e-06
2069,10372,10373,0,0.17739431111767981,0,-0.15414682543666139,0.17723368254063349,0,-0.15430745401370771,0.00016062857704632338
2070,10375,10376,0,0.074449004947829384,0,-0.25709213160651179,0.07455704805652183,0,-0.2569840884978194,0.00010804310869244604
2071,10385,10386,0,0.11840351025136217,0,-0.21313762630297903,0.11840691181282981,0,-0.21313422474151139,3.4015614676363715e-06
2072,10388,10389,1,0.25276957670202049,0,-0.078771559852320705,0.25266080668503377,0,-0.078880329869307431,0.00010877001698672562
2073,10389,10390,1,0.75059230595098447,1,0.41905116939664327,0.75061857983515501,1,0.41907744328081381,2.6273884170535666e-05
2074,10393,10394,0,0.14263099652830194,0,-0.18891014002603926,0.14265191626491766,0,-0.18888922028942354,2.0919736615720996e-05
2075,10414,10415,0,0.33662293452118192,1,0.0050817979668407176,0.33662079577288417,1,0.0050796592185429756,2.1387482977419658e-06
2076,10416,10417,0,0.056033850513356111,0,-0.27550728604098507,0.056086865417605984,0,-0.27545427113673521,5.3014904249873429e-05
2077,10420,10421,0,0.12021278567277445,0,-0.21132835088156676,0.1202119651545444,0,-0.21132917139979679,8.2051823005468982e-07
2078,10426,10427,0,0.19494586568976896,0,-0.13659527086457224,0.19498380890321193,0,-0.13655732765112927,3.7943213442970247e-05
2079,10428,10429,0,0.038635016060706892,0,-0.29290612049363429,0.038639354411670913,0,-0.29290178214267026,4.3383509640212981e-06
2080,10432,10433,1,0.068722221441112702,0,-0.26281891511322852,0.068695470131727457,0,-0.26284566642261376,2.6751309385245059e-05
2081,10439,10440,1,0.24028088768626624,0,-0.091260248868074961,0.24155180507258731,0,-0.089989331481753893,0.0012709173863210688
2082,10449,10450,0,0.10091218092671314,0,-0.23062895562762806,0.1009073614192196,0,-0.23063377513512159,4.8195074935364346e-06
2083,10465,10466,0,0.054035680167460499,0,-0.27750545638688068,0.054049062708975332,0,-0.27749207384536589,1.3382541514832258e-05
2084,10467,10468,0,0.74954839767784864,1,0.41800726112350745,0.74955272492312186,1,0.41801158836878066,4.3272452732168176e-06
2085,10475,10476,0,0.14657061016034284,0,-0.18497052639399836,0.14658107191949654,0,-0.18496006463484466,1.0461759153701511e-05
2086,10483,10484,0,0.089865371241430778,0,-0.24167576531291041,0.089867455736011445,0,-0.24167368081832974,2.0844945806675064e-06
2087,10487,10488,1,0.095727130628774748,0,-0.23581400592556645,0.095380746847052278,0,-0.23616038970728892,0.0003463837817224702
2088,10490,10491,0,0.67708374698681106,1,0.34554261043246987,0.67705473244127934,1,0.34551359588693814,2.9014545531724778e-05
2089,10493,10494,0,0.099887448973631707,0,-0.23165368758070948,0.099886615163337217,0,-0.23165452139100398,8.3381029448992283e-07
2090,10507,10508,1,0.33285995309697314,1,0.0013188165426319398,0.3332534600173932,1,0.0017123234630520012,0.00039350692042006141
2091,10516,10517,0,0.091797897264658784,0,-0.23974323928968241,0.091777510100778156,0,-0.23976362645356303,2.0387163880628001e-05
2092,10518,10519,0,0.11923950384633558,0,-0.21230163270800562,0.11923853483573586,0,-0.21230260171860532,9.6901059971898906e-07
2093,10521,10522,1,0.82348827614580022,1,0.49194713959145903,0.82348394038376016,1,0.49194280382941896,4.3357620400641395e-06
2094,10522,10523,0,0.1681331316779531,0,-0.1634080048763881,0.16842911320540052,0,-0.16311202334894068,0.00029598152744741979
2095,10530,10531,0,0.16841891466484038,0,-0.16312222188950082,0.16842896048376846,0,-0.16311217607057274,1.0045818928078321e-05
2096,10532,10533,0,0.14008648801970636,0,-0.19145464853463484,0.14008495808205107,0,-0.19145617847229013,1.5299376552868615e-06
2097,10544,10545,0,0.097373010763467591,0,-0.23416812579087359,0.097225651795570467,0,-0.23431548475877073,0.00014735896789712377
2098,10545,10546,0,0.44369159379104717,1,0.11215045723670597,0.44369418765774182,1,0.11215305110340062,2.5938666946556665e-06
2099,10550,10551,0,0.037521920280297633,0,-0.29401921627404359,0.037547853031307386,0,-0.29399328352303383,2.5932751009753729e-05
2100,10555,10556,0,0.095178369715242087,0,-0.23636276683909913,0.095186856359212466,0,-0.23635428019512872,8.4866439703790153e-06
2101,10565,10566,0,0.16255185486580534,0,-0.16898928168853586,0.16260019862891226,0,-0.16894093792542894,4.8343763106917237e-05
2102,10571,10572,1,0.13180491483768017,0,-0.19973622171666103,0.13181184752534855,0,-0.19972928902899265,6.9326876683817318e-06
2103,10575,10576,1,0.7085442516170406,1,0.3770031150626994,0.70853744407318919,1,0.376996307518848,6.8075438514059172e-06
2104,10579,10580,0,0.068305901898144866,0,-0.26323523465619636,0.068310272834031543,0,-0.26323086372030968,4.3709358866772519e-06
2105,10582,10583,0,0.11628487617971328,0,-0.21525626037462792,0.11629197906147155,0,-0.21524915749286966,7.1028817582724502e-06
2106,10590,10591,0,0.13687329859684308,0,-0.19466783795749812,0.1368193219709036,0,-0.1947218145834376,5.3976625939478051e-05
2107,10592,10593,0,0.14134942755109695,0,-0.19019170900324425,0.14121585389290089,0,-0.1903252826614403,0.00013357365819605116
2108,10610,10611,0,0.27768267214072073,0,-0.053858464413620466,0.27757571509444162,0,-0.053965421459899576,0.00010695704627911029
2109,10612,10613,0,0.13439540958109605,0,-0.19714572697324514,0.13440532360637275,0,-0.19713581294796845,9.9140252766971582e-06
2110,10614,10615,0,0.21837395318230263,0,-0.11316718337203857,0.21840226959558642,0,-0.11313886695875477,2.8316413283796527e-05
2111,10616,10617,0,0.02927959113274195,0,-0.30226154542159922,0.029282479075714428,0,-0.30225865747862679,2.8879429724779082e-06
2112,10620,10621,0,0.075540826619623178,0,-0.25600030993471801,0.075548963807121006,0,-0.25599217274722019,8.1371874978281022e-06
2113,10621,10622,0,0.11146203605234548,0,-0.22007910050199572,0.11156041252079001,0,-0.21998072403355118,9.8376468444530407e-05
2114,10622,10623,1,0.17157884790933264,0,-0.15996228864500855,0.17163637062177467,0,-0.15990476593256653,5.7522712442026336e-05
2115,10634,10635,0,0.17049894246682673,0,-0.16104219408751447,0.17053275273137539,0,-0.16100838382296581,3.3810264548655988e-05
2116,10635,10636,0,0.17456652908543088,0,-0.15697460746891032,0.17458331066107841,0,-0.15695782589326279,1.6781575647523139e-05
2117,10643,10644,0,0.54019064327865085,1,0.20864950672430965,0.54018069589380235,1,0.20863955933946116,9.9473848484965544e-06
2118,10649,10650,1,0.047849076434229351,0,-0.28369206012011183,0.047865658381708441,0,-0.28367547817263278,1.6581947479089865e-05
2119,10651,10652,0,0.071008200882113542,0,-0.26053293567222768,0.071003532177407902,0,-0.2605376043769333,4.668704705640403e-06
2120,10652,10653,0,0.23802414221677373,0,-0.093516994337567466,0.23749262530312909,0,-0.094048511251212108,0.00053151691364464182
2121,10657,10658,0,0.18011132157991136,0,-0.15142981497442984,0.18010866290116487,0,-0.15143247365317633,2.6586787464921713e-06
2122,10658,10659,0,0.19280910597490075,0,-0.13873203057944045,0.19281763446128664,0,-0.13872350209305456,8.5284863858836601e-06
2123,10663,10664,1,0.7354678493162774,1,0.4039267127619362,0.73542125302956529,1,0.40388011647522409,4.6596286712108359e-05
2124,10670,10671,1,0.065311699743072077,0,-0.26622943681126909,0.065322649899745761,0,-0.26621848665459547,1.0950156673683598e-05
2125,10673,10674,0,0.12129588846510775,0,-0.21024524808923345,0.12129044037824548,0,-0.21025069617609571,5.4480868622724943e-06
2126,10676,10677,0,0.047439365181218905,0,-0.28410177137312231,0.047444177939989778,0,-0.28409695861435141,4.812758770872394e-06
2127,10686,10687,0,0.34501769614557226,1,0.013476559591231063,0.34502239979939964,1,0.013481263245058439,4.7036538273759199e-06
2128,10695,10696,1,0.61228080256582496,1,0.28073966601148376,0.6122947230901381,1,0.28075358653579691,1.3920524313149052e-05
2129,10714,10715,0,0.20746269433421896,0,-0.12407844222012224,0.20753692744013508,0,-0.12400420911420612,7.4233105916116093e-05
2130,10717,10718,0,0.20360397497802901,0,-0.12793716157631219,0.20354011502357935,0,-0.12800102153076184,6.3859954449657641e-05
2131,10718,10719,0,0.17354386178239542,0,-0.15799727477194578,0.17357707534558223,0,-0.15796406120875897,3.3213563186806905e-05
2132,10721,10722,0,0.12075501752939988,0,-0.21078611902494132,0.12079743900595231,0,-0.2107436975483889,4.2421476552437221e-05
2133,10723,10724,0,0.047765734135941332,0,-0.28377540241839988,0.047771804922109015,0,-0.28376933163223217,6.0707861676834174e-06
2134,10726,10727,0,0.15999812018502474,0,-0.17154301636931646,0.15991117613160874,0,-0.17162996042273246,8.6944053415999312e-05
2135,10732,10733,1,0.037766167574793577,0,-0.29377496897954763,0.037777050103419869,0,-0.29376408645092134,1.0882528626292298e-05
2136,10734,10735,0,0.098981940282151293,0,-0.23255919627218991,0.09899168126405368,0,-0.23254945529028753,9.7409819023869249e-06
2137,10735,10736,0,0.028091257029810319,0,-0.3034498795245309,0.028107578827190192,0,-0.30343355772715103,1.6321797379873632e-05
2138,10738,10739,0,0.16098584320901788,0,-0.17055529334532332,0.16094647682536231,0,-0.17059465972897889,3.9366383655564663e-05
2139,10739,10740,1,0.67632835458685059,1,0.34478721803250939,0.676314250370879,1,0.3447731138165378,1.4104215971588729e-05
2140,10742,10743,0,0.10814227259283651,0,-0.22339886396150468,0.10815777545848222,0,-0.22338336109585899,1.5502865645708463e-05
2141,10745,10746,0,0.097766606360341568,0,-0.23377453019399963,0.097775110201137647,0,-0.23376602635320354,8.5038407960785767e-06
2142,10746,10747,0,0.16910839103465042,0,-0.16243274551969078,0.16910901043629864,0,-0.16243212611804256,6.1940164822193999e-07
2143,10753,10754,1,0.086245707434188565,0,-0.24529542912015262,0.086256506005842962,0,-0.24528463054849825,1.0798571654396794e-05
2144,10754,10755,0,0.075889773496783636,0,-0.25565136305755753,0.076182727636737238,0,-0.25535840891760397,0.00029295413995360231
2145,10757,10758,0,0.18766295309263659,0,-0.14387818346170461,0.18776115276209968,0,-0.14377998379224152,9.8199669463089334e-05
2146,10760,10761,0,0.22983351842598634,0,-0.10170761812835485,0.2294544948179979,0,-0.1020866417363433,0.00037902360798844348
2147,10761,10762,1,0.20246228254686882,0,-0.12907885400747238,0.20249538423185795,0,-0.12904575232248325,3.3101684989128577e-05
2148,10772,10773,0,0.36739917837796376,1,0.035858041823622566,0.36739393587086566,1,0.035852799316524464,5.2425070981021449e-06
2149,10782,10783,0,0.23346956954187856,0,-0.09807156701246264,0.23348251556609559,0,-0.098058620988245609,1.2946024217030949e-05
2150,10783,10784,0,0.037297448506608981,0,-0.29424368804773221,0.037319779668564819,0,-0.29422135688577639,2.2331161955838064e-05
2151,10789,10790,0,0.16023889941287345,0,-0.17130223714146775,0.16034833291416076,0,-0.17119280364018044,0.00010943350128730933
2152,10795,10796,0,0.087543223161772959,0,-0.24399791339256824,0.087550290205777592,0,-0.24399084634856361,7.0670440046327609e-06
2153,10814,10815,1,0.16906141074258896,0,-0.16247972581175224,0.16905532858120262,0,-0.16248580797313858,6.0821613863393242e-06
2154,10815,10816,1,0.66168847302453515,1,0.33014733647019395,0.66173518385337371,1,0.33019404729903251,4.6710828838558704e-05
2155,10819,10820,0,0.13249047034396039,0,-0.19905066621038081,0.13250846047307302,0,-0.19903267608126818,1.7990129112632758e-05
2156,10822,10823,1,0.72397358681582269,1,0.39243245026148149,0.72396566842116272,1,0.39242453186682152,7.9183946599670207e-06
2157,10824,10825,0,0.066295353781708019,0,-0.26524578277263317,0.066302104785585514,0,-0.26523903176875568,6.7510038774948322e-06
2158,10827,10828,0,0.20288045596913487,0,-0.12866068058520633,0.20289346045696102,0,-0.12864767609738018,1.300448782615149e-05
2159,10830,10831,1,0.37891176671747856,1,0.047370630163137362,0.37889490063139508,1,0.047353764077053884,1.6866086083477949e-05
2160,10833,10834,1,0.1553808664665749,0,-0.1761602700877663,0.1553712150679375,0,-0.1761699214864037,9.6513986374002769e-06
2161,10834,10835,0,0.13579021210856609,0,-0.1957509244457751,0.13579430175586762,0,-0.19574683479847357,4.0896473015306078e-06
2162,10836,10837,0,0.17534701321482279,0,-0.1561941233395184,0.17532531288732853,0,-0.15621582366701267,2.1700327494267313e-05
2163,10858,10859,0,0.090837275352331479,0,-0.24070386120200971,0.09083705490414376,0,-0.24070408165019744,2.2044818771826957e-07
2164,10861,10862,1,0.75206265735977573,1,0.42052152080543453,0.75192378999938658,1,0.42038265344504538,0.00013886736038914993
2165,10862,10863,0,0.35466678228136089,1,0.023125645727019695,0.35467036967670268,1,0.023129233122361481,3.5873953417864257e-06
2166,10870,10871,1,0.77260061405380964,1,0.44105947749946844,0.77259276460965798,1,0.44105162805531678,7.8494441516641089e-06
2167,10874,10875,1,0.093087175604903968,0,-0.23845396094943722,0.093138326252620834,0,-0.23840281030172036,5.115064771686606e-05
2168,10875,10876,1,0.14585968043842096,0,-0.18568145611592024,0.14578302194680989,0,-0.1857581146075313,7.6658491611064639e-05
2169,10878,10879,0,0.61303217043272951,1,0.28149103387838831,0.61303196408246852,1,0.28149082752812732,2.0635026098947407e-07
2170,10879,10880,0,0.14407003075789102,0,-0.18747110579645018,0.14405390484472752,0,-0.18748723170961368,1.6125913163494987e-05
2171,10880,10881,0,0.13795171095923855,0,-0.19358942559510264,0.13797173136221666,0,-0.19356940519212454,2.0020402978104812e-05
2172,10884,10885,0,0.12780089019343907,0,-0.20374024636090213,0.12776752829426691,0,-0.20377360826007429,3.3361899172162923e-05
2173,10887,10888,0,0.083037698420761266,0,-0.24850343813357995,0.083078428941322044,0,-0.24846270761301914,4.073052056077775e-05
2174,10889,10890,0,0.071392033669220353,0,-0.26014910288512083,0.071386202616554248,0,-0.26015493393778694,5.8310526661053963e-06
2175,10890,10891,1,0.35530899852101544,1,0.023767861966674242,0.35527780439443069,1,0.023736667840089487,3.1194126584754844e-05
2176,10901,10902,0,0.17872101007936178,0,-0.15282012647497942,0.17875272066880912,0,-0.15278841588553208,3.1710589447342397e-05
2177,10907,10908,1,0.76972792678622526,1,0.43818679023188406,0.76972945497971457,1,0.43818831842537337,1.5281934893085491e-06
2178,10918,10919,0,0.028113540406290771,0,-0.30342759614805043,0.02813463012963309,0,-0.30340650642470812,2.1089723342318512e-05
2179,10926,10927,0,0.1071073346604841,0,-0.22443380189385709,0.10712723380688076,0,-0.22441390274746043,1.9899146396662459e-05
2180,10932,10933,0,0.50671630521018152,1,0.17517516865584032,0.50673961277215307,1,0.17519847621781187,2.3307561971552815e-05
2181,10935,10936,0,0.21572833253470167,0,-0.11581280401963953,0.21568631286071932,0,-0.11585482369362188,4.2019673982346406e-05
2182,10942,10943,1,0.29162507013876399,0,-0.039916066415577212,0.29161788305869663,0,-0.039923253495644573,7.1870800673612401e-06
2183,10955,10956,0,0.020792711376723786,0,-0.31074842517761742,0.020790793011342686,0,-0.31075034354299852,1.9183653811004342e-06
2184,10956,10957,0,0.05884329564659635,0,-0.27269784090774485,0.058842821264702659,0,-0.27269831528963856,4.743818936905897e-07
2185,10962,10963,1,0.19934300792207207,0,-0.13219812863226912,0.1993420650794922,0,-0.13219907147484899,9.4284257987076181e-07
2186,10972,10973,0,0.14601039585170045,0,-0.18553074070264075,0.1460243310693336,0,-0.1855168054850076,1.3935217633154195e-05
2187,10984,10985,0,0.084541048091963514,0,-0.2470000884623777,0.084533582771958507,0,-0.2470075537823827,7.4653200050067703e-06
2188,10992,10993,0,0.19320351748987075,0,-0.13833761906447045,0.193189579046978,0,-0.13835155750736319,1.3938442892741376e-05
2189,11004,11005,0,0.041087330133917126,0,-0.29045380642042407,0.041065131293949522,0,-0.29047600526039169,2.2198839967603468e-05
2190,11009,11010,0,0.0945461058346799,0,-0.2369950307196613,0.094517837479684563,0,-0.23702329907465663,2.8268354995336642e-05
2191,11012,11013,0,0.11729019843693662,0,-0.21425093811740459,0.11729231053955089,0,-0.21424882601479031,2.1121026142628674e-06
2192,11025,11026,0,0.026304287221655946,0,-0.30523684933268524,0.026373652997486011,0,-0.30516748355685519,6.9365775830065174e-05
2193,11027,11028,0,0.13729322329215113,0,-0.19424791326219007,0.13729543131708619,0,-0.19424570523725501,2.208024935057562e-06
2194,11029,11030,0,0.12264408893145766,0,-0.20889704762288352,0.12265840583019247,0,-0.20888273072414873,1.4316898734809125e-05
2195,11034,11035,1,0.67345280833648247,1,0.34191167178214127,0.6734712148405142,1,0.341930078286173,1.8406504031731608e-05
2196,11039,11040,0,0.31339109812034693,0,-0.018150038433994264,0.31438410045126985,0,-0.017157036103071344,0.00099300233092292078
2197,11042,11043,0,0.092455484823520853,0,-0.23908565173082036,0.092431836850364421,0,-0.23910929970397676,2.3647973156432078e-05
2198,11045,11046,0,0.11567544128328594,0,-0.21586569527105526,0.11557370095682075,0,-0.21596743559752046,0.00010174032646519116
2199,11049,11050,0,0.6992263077643277,1,0.36768517120998651,0.6990304357682896,1,0.36748929921394841,0.00019587199603809946
2200,11058,11059,0,0.097200365772624947,0,-0.23434077078171625,0.097174675323610682,0,-0.23436646123073052,2.5690449014265093e-05
2201,11059,11060,0,0.69106210325923967,1,0.35952096670489847,0.69106647591674175,1,0.35952533936240055,4.3726575020830438e-06
2202,11067,11068,0,0.14024112969241617,0,-0.19130000686192503,0.14026295884309936,0,-0.19127817771124184,2.1829150683189136e-05
2203,11075,11076,0,0.099266257856526083,0,-0.2322748786978151,0.099266668952697756,0,-0.23227446760164344,4.1109617167356394e-07
2204,11076,11077,0,0.01929176762215044,0,-0.31224936893219074,0.019296769087445393,0,-0.31224436746689582,5.0014652949528782e-06
2205,11079,11080,0,0.22037850760018821,0,-0.11116262895415299,0.22037213560325808,0,-0.11116900095108312,6.3719969301267998e-06
2206,11083,11084,1,0,0,-0.3315411365543412,0.13084327975897564,0,-0.20069785679536556,0.13084327975897564
2207,11094,11095,0,0.11939460588051311,0,-0.2121465306738281,0.1193928404518597,0,-0.21214829610248148,1.7654286534052321e-06
2208,11098,11099,0,0.68618154441309387,1,0.35464040785875267,0.68615730217483861,1,0.35461616562049741,2.424223825525651e-05
2209,11100,11101,0,0.11844057151521852,0,-0.21310056503912267,0.1184466625511774,0,-0.21309447400316378,6.09103595888838e-06
2210,11104,11105,0,0.79430545009155384,1,0.46276431353721265,0.79429954176555073,1,0.46275840521120953,5.9083260031123075e-06
2211,11109,11110,0,0.073854434609436012,0,-0.25768670194490517,0.073863833238220378,0,-0.25767730331612082,9.3986287843655925e-06
2212,11141,11142,0,0.092215567756640637,0,-0.23932556879770056,0.092267176004901724,0,-0.23927396054943947,5.1608248261086898e-05
2213,11144,11145,0,0.16567610870352181,0,-0.16586502785081939,0.16569531842650728,0,-0.16584581812783392,1.9209722985469302e-05
2214,11149,11150,0,0.44438078308334839,1,0.11283964652900719,0.44438559774449782,1,0.11284446119015662,4.8146611494326308e-06
2215,11151,11152,1,0.71722890358363878,1,0.38568776702929758,0.71723698719380236,1,0.38569585063946116,8.0836101635783919e-06
2216,11156,11157,0,0.07084849881185129,0,-0.26069263774248991,0.070908499012779111,0,-0.26063263754156207,6.0000200927820546e-05
2217,11162,11163,0,0.16426498170937318,0,-0.16727615484496802,0.16424890544652257,0,-0.16729223110781863,1.6076262850606149e-05
2218,11166,11167,0,0.58901243338370535,1,0.25747129682936415,0.58897904291936254,1,0.25743790636502134,3.3390464342808457e-05
2219,11169,11170,0,0.028902833579508441,0,-0.30263830297483274,0.028910873212842296,0,-0.3026302633414989,8.0396333338554615e-06
2220,11171,11172,1,0.33159712761359195,1,5.5991059250748432e-05,0.33162507862227314,1,8.3942067931941367e-05,2.7951008681192935e-05
2221,11174,11175,0,0.10832195403934115,0,-0.22321918251500006,0.10832300385870246,0,-0.22321813269563873,1.0498193613039941e-06
2222,11178,11179,0,0.11363202162643322,0,-0.21790911492790799,0.11365543123807358,0,-0.21788570531626761,2.3409611640351491e-05
2223,11194,11195,0,0.42185258149817939,1,0.090311444943838193,0.41960196574700576,1,0.088060829192664558,0.0022506157511736347
2224,11196,11197,0,0.14330664684981811,0,-0.18823448970452308,0.14333378534329752,0,-0.18820735121104368,2.7138493479406112e-05
2225,11204,11205,0,0.59666535840370793,1,0.26512422184936674,0.59665852441578626,1,0.26511738786144506,6.8339879216727795e-06
2226,11207,11208,0,0.1464083217427079,0,-0.1851328148116333,0.14641241461856622,0,-0.18512872193577498,4.0928758583136382e-06
2227,11211,11212,1,0.49240021005255447,1,0.16085907349821327,0.49238253282621636,1,0.16084139627187516,1.7677226338108643e-05
2228,11221,11222,0,0.19330541815243674,0,-0.13823571840190446,0.19329053476255575,0,-0.13825060179178544,1.4883389880981923e-05
2229,11225,11226,0,0.54823214462926972,1,0.21669100807492853,0.54828144257801448,1,0.21674030602367328,4.9297948744753128e-05
2230,11226,11227,0,0.071539235784084415,0,-0.26000190077025676,0.071539037120281257,0,-0.26000209943405994,1.9866380315813892e-07
2231,11227,11228,0,0.093843953845732131,0,-0.23769718270860907,0.093829667792512575,0,-0.23771146876182864,1.4286053219556005e-05
2232,11230,11231,1,0.28168856458688279,0,-0.049852571967458403,0.2855354138414064,0,-0.046005722712934793,0.0038468492545236099
2233,11233,11234,0,0.57564623633620238,1,0.24410509978186118,0.5756485065135224,1,0.2441073699591812,2.2701773200184405e-06
2234,11235,11236,0,0.0765505121851459,0,-0.25499062436919528,0.076566485687357022,0,-0.25497465086698418,1.597350221112237e-05
2235,11239,11240,0,0.73474153865505953,1,0.40320040210071834,0.73476861062607357,1,0.40322747407173237,2.7071971014036578e-05
2236,11240,11241,0,0.56488033121676762,1,0.23333919466242642,0.56484359997787725,1,0.23330246342353606,3.6731238890364004e-05
2237,11245,11246,1,0.67568685823344365,1,0.34414572167910246,0.67565573749632135,1,0.34411460094198015,3.1120737122303233e-05
2238,11262,11263,0,0.23520309954301188,0,-0.096338037011329314,0.23513839843710582,0,-0.096402738117235376,6.470110590606204e-05
2239,11266,11267,1,0.81372701660855051,1,0.48218588005420931,0.81372655559406304,1,0.48218541903972184,4.6101448747393192e-07
2240,11286,11287,0,0.13406635776617662,0,-0.19747477878816458,0.13404777581160149,0,-0.19749336074273971,1.8581954575130899e-05
2241,11288,11289,0,0.15633141067213574,0,-0.17520972588220546,0.15637868041978728,0,-0.17516245613455392,4.7269747651540461e-05
2242,11289,11290,0,0.11599192302854661,0,-0.21554921352579459,0.11597316655603666,0,-0.21556796999830452,1.8756472509942612e-05
2243,11310,11311,0,0.14946457875960278,0,-0.18207655779473841,0.14954158880452245,0,-0.18199954774981875,7.7010044919667564e-05
2244,11313,11314,0,0.21028193877258061,0,-0.12125919778176059,0.21025460631335674,0,-0.12128653024098446,2.7332459223872174e-05
2245,11314,11315,1,0.72692847924987702,1,0.39538734269553583,0.72686573287245049,1,0.39532459631810929,6.2746377426536881e-05
2246,11328,11329,0,0.0089578443894383127,0,-0.32258329216490289,0.0089656153261906193,0,-0.32257552122815059,7.7709367523066258e-06
2247,11329,11330,0,0.61389065614245231,1,0.28234951958811111,0.61389129503067208,1,0.28235015847633088,6.3888821977275967e-07
2248,11333,11334,1,0.5994631549271402,1,0.267922018372799,0.59940511471774904,1,0.26786397816340785,5.8040209391152509e-05
2249,11335,11336,0,0.1008574917402759,0,-0.23068364481406528,0.10067762904360333,0,-0.23086350751073786,0.00017986269667256971
2250,11342,11343,1,0.70874714365526037,1,0.37720600710091917,0.70875550628467188,1,0.37721436973033068,8.3626294115068944e-06
2251,11344,11345,0,0.1983058820705122,0,-0.133235254483829,0.19831073449120967,0,-0.13323040206313153,4.8524206974764894e-06
2252,11348,11349,0,0.0803185719431075,0,-0.25122256461123371,0.080297973764744304,0,-0.25124316278959691,2.0598178363195885e-05
2253,11353,11354,0,0.027817349374007164,0,-0.30372378718033405,0.027831648038372105,0,-0.30370948851596907,1.4298664364940927e-05
2254,11364,11365,0,0.11349208058510545,0,-0.21804905596923574,0.11351063840060509,0,-0.2180304981537361,1.8557815499642416e-05
2255,11368,11369,1,0.20117766096451031,0,-0.13036347558983089,0.20116043301097539,0,-0.13038070354336581,1.7227953534926232e-05
2256,11369,11370,0,0.12572597167568111,0,-0.20581516487866008,0.12573088555284062,0,-0.20581025100150058,4.9138771595069741e-06
2257,11378,11379,0,0.047425590932421532,0,-0.28411554562191965,0.047427121682939041,0,-0.28411401487140214,1.5307505175088387e-06
2258,11381,11382,1,0.092326791771785988,0,-0.23921434478255521,0.092307169786764204,0,-0.23923396676757699,1.9621985021783805e-05
2259,11397,11398,1,0.11527052512122593,0,-0.21627061143311527,0.115301180608317,0,-0.21623995594602419,3.0655487091066358e-05
2260,11401,11402,0,0.10840625744983483,0,-0.22313487910450636,0.1084078286994114,0,-0.2231333078549298,1.5712495765735079e-06
2261,11402,11403,0,0.075538019711588147,0,-0.25600311684275306,0.075547695933317865,0,-0.25599344062102336,9.6762217297180486e-06
2262,11405,11406,0,0.04028308660594699,0,-0.29125804994839422,0.040280124455698736,0,-0.29126101209864247,2.9621502482535256e-06
2263,11418,11419,0,0.39477745796258801,1,0.063236321408246809,0.38984066836974129,1,0.058299531815400096,0.0049367895928467131
2264,11426,11427,0,0.13919503501750441,0,-0.19234610153683679,0.13919433698559072,0,-0.19234679956875048,6.9803191368733586e-07
2265,11432,11433,1,0.21426594471139238,0,-0.11727519184294882,0.21427585379118089,0,-0.11726528276316031,9.9090797885115212e-06
2266,11463,11464,0,0.14553896784681827,0,-0.18600216870752292,0.14551031665495548,0,-0.18603081989938572,2.8651191862794079e-05
2267,11479,11480,0,0.0589113345959432,0,-0.27262980195839798,0.058918420884233866,0,-0.27262271567010732,7.0862882906655433e-06
2268,11491,11492,0,0.064094341850522832,0,-0.26744679470381838,0.064078946285510335,0,-0.26746219026883089,1.5395565012496504e-05
2269,11492,11493,0,0.11916065063999336,0,-0.21238048591434783,0.11808265442427388,0,-0.21345848213006732,0.0010779962157194817
2270,11499,11500,0,0.21617366205797478,0,-0.11536747449636642,0.2161496138030915,0,-0.1153915227512497,2.4048254883279885e-05
2271,11508,11509,0,0.1686377117040761,0,-0.1629034248502651,0.16863993266770042,0,-0.16290120388664078,2.2209636243164521e-06
2272,11509,11510,0,0.17239304649439405,0,-0.15914809005994715,0.17259830332679865,0,-0.15894283322754255,0.00020525683240460446
2273,11512,11513,0,0.1181687760092619,0,-0.2133723605450793,0.11817670726150428,0,-0.21336442929283692,7.9312522423824472e-06
2274,11515,11516,0,0.085769474646245125,0,-0.24577166190809607,0.085774548059716696,0,-0.24576658849462452,5.0734134715707535e-06
2275,11519,11520,1,0.26161813238113119,0,-0.069923004173210013,0.26160146199253809,0,-0.069939674561803111,1.6670388593098551e-05
2276,11523,11524,0,0.14359198279005697,0,-0.18794915376428423,0.14373080813327871,0,-0.18781032842106249,0.0001388253432217379
2277,11532,11533,0,0.11147997773967888,0,-0.22006115881466232,0.11146144339484008,0,-0.2200796931595011,1.8534344838797012e-05
2278,11536,11537,0,0.15316340195141862,0,-0.17837773460292258,0.15317293058141768,0,-0.17836820597292352,9.5286299990615664e-06
2279,11549,11550,1,0.1032075805759088,0,-0.22833355597843241,0.10319684241208478,0,-0.22834429414225643,1.0738163824020042e-05
2280,11562,11563,0,0.13689879658960463,0,-0.19464233996473657,0.13690468479718113,0,-0.19463645175716007,5.8882075764932207e-06
2281,11588,11589,0,0.21979688773881584,0,-0.11174424881552536,0.21983893023476148,0,-0.11170220631957972,4.2042495945637803e-05
2282,11592,11593,0,0.20127072153645667,0,-0.13027041501788453,0.20107296649788425,0,-0.13046817005645694,0.00019775503857241694
2283,11602,11603,0,0.21624463093140817,0,-0.11529650562293303,0.21620997916388329,0,-0.11533115739045791,3.4651767524873645e-05
2284,11611,11612,0,0.10069918487964435,0,-0.23084195167469684,0.10068481983275179,0,-0.23085631672158941,1.4365046892561573e-05
2285,11613,11614,0,0.17505623923339861,0,-0.15648489732094259,0.17517665654303072,0,-0.15636448001131048,0.00012041730963210928
2286,11620,11621,0,0.08833789956677357,0,-0.24320323698756763,0.088485081109943506,0,-0.24305605544439768,0.00014718154316993581
2287,11624,11625,0,0.0089213235863614092,0,-0.32261981296797981,0.0089264282025098788,0,-0.32261470835183131,5.1046161484696179e-06
2288,11629,11630,0,0.13670078884194412,0,-0.19484034771239708,0.13674044785876135,0,-0.19480068869557984,3.965901681723949e-05
2289,11630,11631,0,0.073348109325000022,0,-0.25819302722934118,0.07338820047265239,0,-0.25815293608168882,4.0091147652368542e-05
2290,11644,11645,0,0.058873090878704112,0,-0.27266804567563707,0.058879802218993263,0,-0.27266133433534795,6.7113402891505469e-06
2291,11647,11648,0,0.10011833700343636,0,-0.23142279955090483,0.1001145170053153,0,-0.23142661954902588,3.819998121060153e-06
2292,11648,11649,0,0.19372056366045867,0,-0.13782057289388253,0.1937053975617547,0,-0.1378357389925865,1.5166098703972564e-05
2293,11658,11659,1,0.6206226273402462,1,0.289081490785905,0.62065957289500329,1,0.28911843634066209,3.6945554757084054e-05
2294,11670,11671,0,0.15965728725705028,0,-0.17188384929729092,0.15965472144002585,0,-0.17188641511431535,2.5658170244302614e-06
2295,11692,11693,0,0.45677802594708966,1,0.12523688939274846,0.45679256842058896,1,0.12525143186624776,1.45424734993016e-05
2296,11693,11694,0,0.12725744894159705,0,-0.20428368761274415,0.12726321398790821,0,-0.20427792256643298,5.7650463111680317e-06
2297,11695,11696,0,0.10575959565053364,0,-0.22578154090380756,0.10576415669259166,0,-0.22577697986174955,4.5610420580238786e-06
2298,11707,11708,0,0.38730983220366449,1,0.055768695649323297,0.38734645626843445,1,0.055805319714093249,3.662406476995228e-05
2299,11709,11710,0,0.13725083677334704,0,-0.19429029978099416,0.13728337050120304,0,-0.19425776605313816,3.2533727855998951e-05
2300,11710,11711,0,0.21072336487792359,0,-0.12081777167641761,0.21074149481276902,0,-0.12079964174157218,1.8129934845428908e-05
2301,11711,11712,0,0.082774909985999331,0,-0.24876622656834185,0.082766763413443051,0,-0.24877437314089815,8.1465725562807068e-06
2302,11722,11723,0,0.13806434042772994,0,-0.19347679612661126,0.13804937112243093,0,-0.19349176543191027,1.4969305299011859e-05
2303,11725,11726,1,0.099791253414724376,0,-0.23174988313961681,0.09979088632941506,0,-0.23175025022492612,3.6708530931628403e-07
2304,11727,11728,1,0.14198604018416081,0,-0.18955509637018039,0.14185222981061404,0,-0.18968890674372715,0.00013381037354676106
2305,11728,11729,0,0.046635840592027161,0,-0.28490529596231406,0.046647061192615268,0,-0.28489407536172595,1.1220600588106311e-05
2306,11735,11736,0,0.12493954492954604,0,-0.20660159162479516,0.12510569784372216,0,-0.20643543871061903,0.00016615291417612643
2307,11738,11739,1,0.70382318920800058,1,0.37228205265365938,0.70377375171933476,1,0.37223261516499356,4.9437488665815543e-05
2308,11748,11749,0,0.64854177018029802,1,0.31700063362595682,0.64858874972483671,1,0.31704761317049551,4.6979544538694462e-05
2309,11753,11754,0,0.0098859519297644256,0,-0.32165518462457676,0.009891635537776439,0,-0.32164950101656475,5.6836080120133831e-06
2310,11754,11755,0,0.28875766897751082,0,-0.042783467576830381,0.28876076740360251,0,-0.042780369150738684,3.0984260916966377e-06
2311,11755,11756,0,0.16842220115652701,0,-0.16311893539781419,0.16842231902051075,0,-0.16311881753383045,1.1786398373958562e-07
2312,11757,11758,0,0.2991838194996107,0,-0.032357317054730494,0.29960863343108413,0,-0.031932503123257072,0.00042481393147342228
2313,11759,11760,0,0.12224910147511299,0,-0.20929203507922822,0.12235546824139538,0,-0.20918566831294583,0.00010636676628239528
2314,11760,11761,0,0.33869248221912129,1,0.0071513456647800955,0.33870797048782419,1,0.0071668339334829967,1.5488268702901209e-05
2315,11774,11775,0,0.1554256047907521,0,-0.1761155317635891,0.15542461075383521,0,-0.17611652580050599,9.9403691689037288e-07
2316,11781,11782,0,0.1034440160275632,0,-0.228097120526778,0.10345917241615128,0,-0.22808196413818993,1.515638858808066e-05
2317,11784,11785,0,0.53008778072020513,1,0.19854664416586393,0.53009319241949715,1,0.19855205586515595,5.4116992920238971e-06
2318,11785,11786,0,0.12845091650374968,0,-0.20309022005059152,0.12845052468855808,0,-0.20309061186578312,3.9181519159714462e-07
2319,11790,11791,0,0.11411409774845654,0,-0.21742703880588465,0.11423946877246062,0,-0.21730166778188059,0.00012537102400407563
2320,11794,11795,1,0.40071736309070499,1,0.069176226536363794,0.40072569414661069,1,0.069184557592269491,8.331055905697049e-06
2321,11806,11807,0,0.082061976383715762,0,-0.24947916017062544,0.082055640513210557,0,-0.24948549604113063,6.3358705052057873e-06
2322,11812,11813,0,0.095462119749737895,0,-0.2360790168046033,0.095472744299550091,0,-0.23606839225479109,1.0624549812196515e-05
2323,11813,11814,1,0.56284847238699409,1,0.23130733583265289,0.56285190091710302,1,0.23131076436276182,3.4285301089287401e-06
2324,11817,11818,0,0.71372643452324669,1,0.38218529796890549,0.71372551319503252,1,0.38218437664069133,9.2132821416512911e-07
2325,11822,11823,0,0.14453165774723231,0,-0.18700947880710889,0.14454858370221685,0,-0.18699255285212435,1.6925954984536862e-05
2326,11825,11826,1,0.44044058121603619,1,0.10889944466169499,0.43641211422945669,1,0.1048709776751155,0.0040284669865794931
2327,11834,11835,0,0.62625398215744865,1,0.29471284560310745,0.62620214161412036,1,0.29466100505977916,5.1840543328296462e-05
2328,11838,11839,0,0.06923587215736926,0,-0.26230526439697194,0.069266283644105892,0,-0.26227485291023533,3.0411486736631188e-05
2329,11844,11845,0,0.73838003201902946,1,0.40683889546468827,0.73839186642495469,1,0.40685072987061349,1.1834405925226221e-05
2330,11848,11849,0,0.20538711300737045,0,-0.12615402354697075,0.20542946574377649,0,-0.12611167081056471,4.2352736406042757e-05
2331,11850,11851,1,0.17726651657752077,0,-0.15427461997682043,0.17727230322336457,0,-0.15426883333097663,5.7866458438027291e-06
2332,11852,11853,0,0.19183596370901698,0,-0.13970517284532422,0.19182785556041598,0,-0.13971328099392522,8.1081486009992876e-06
2333,11871,11872,0,0.15651291617276897,0,-0.17502822038157223,0.15651867096900532,0,-0.17502246558533588,5.7547962363513339e-06
2334,11874,11875,0,0.64184980928926183,1,0.31030867273492063,0.64187748424442204,1,0.31033634769008084,2.7674955160206238e-05
2335,11875,11876,0,0.085160526187094909,0,-0.24638061036724629,0.083555527810726074,0,-0.24798560874361514,0.0016049983763688352
2336,11877,11878,0,0.097085385330721419,0,-0.23445575122361978,0.097110597667830922,0,-0.23443053888651028,2.5212337109503657e-05
2337,11878,11879,0,0.015528278313927349,0,-0.31601285824041386,0.015562920044736464,0,-0.31597821650960473,3.4641730809114799e-05
2338,11879,11880,0,0.089643461445559805,0,-0.24189767510878141,0.089643023161436519,0,-0.24189811339290468,4.3828412328583699e-07
2339,11889,11890,0,0.1651918132577764,0,-0.16634932329656479,0.16533769810294269,0,-0.16620343845139851,0.00014588484516628308
2340,11894,11895,0,0.20205351076558206,0,-0.12948762578875914,0.20157481103902106,0,-0.12996632551532014,0.0004786997265610049
2341,11898,11899,0,0.057990193013158844,0,-0.27355094354118237,0.057998038730242826,0,-0.27354309782409836,7.8457170839818513e-06
2342,11906,11907,1,0.21787334657923482,0,-0.11366778997510638,0.2181961014993816,0,-0.1133450350549596,0.00032275492014677276
2343,11907,11908,1,0.86678619882173302,1,0.53524506226739188,0.86677530516210144,1,0.53523416860776019,1.0893659631583397e-05
2344,11909,11910,0,0.080271773142792463,0,-0.25126936341154871,0.080271403184126164,0,-0.25126973337021502,3.6995866629918606e-07
2345,11913,11914,1,0.25876030646466053,0,-0.07278083008968067,0.25873953513991016,0,-0.072801601414431039,2.0771324750368247e-05
2346,11931,11932,0,0.098866490425823794,0,-0.2326746461285174,0.098895018772449439,0,-0.23264611778189176,2.852834662564474e-05
2347,11934,11935,0,0.067880889781965909,0,-0.26366024677237532,0.067887941556378686,0,-0.26365319499796253,7.0517744127779336e-06
2348,11937,11938,1,0.30270266987261907,0,-0.02883846668172213,0.30270878729600842,0,-0.028832349258332779,6.1174233893512842e-06
2349,11945,11946,0,0.17915394275519103,0,-0.15238719379915017,0.17918282832628682,0,-0.15235830822805438,2.8885571095788043e-05
2350,11946,11947,1,0.3262414713639718,0,-0.0052996651903693959,0.32619937547994032,0,-0.0053417610744008748,4.2095884031478903e-05
2351,11955,11956,0,0.071833011214022732,0,-0.25970812534031845,0.071829693999376873,0,-0.25971144255496431,3.3172146458593232e-06
2352,11957,11958,0,0.18379171642680245,0,-0.14774942012753875,0.18379899732852847,0,-0.14774213922581272,7.2809017260255793e-06
2353,11961,11962,0,0.030649249653750238,0,-0.30089188690059099,0.030650338108445252,0,-0.30089079844589595,1.0884546950140628e-06
2354,11967,11968,0,0.13960517179714652,0,-0.19193596475719468,0.13960649575514597,0,-0.19193464079919523,1.323957999455061e-06
2355,11971,11972,1,0.37719199458900926,1,0.045650858034668063,0.37723563272735505,1,0.045694496173013854,4.3638138345791777e-05
2356,11975,11976,0,0.28151859001229212,0,-0.050022546542049073,0.28151519862464336,0,-0.050025937929697839,3.3913876487656758e-06
2357,11993,11994,0,0.69064721138360474,1,0.35910607482926354,0.69061301202690217,1,0.35907187547256098,3.4199356702568906e-05
2358,11998,11999,0,0.14044124963323465,0,-0.19109988692110655,0.14042279383656933,0,-0.19111834271777187,1.8455796665317603e-05
2359,12004,12005,0,0.15669711762061594,0,-0.17484401893372525,0.15670184291130451,0,-0.17483929364303669,4.7252906885675294e-06
2360,12008,12009,0,0.085352111975449882,0,-0.2461890245788913,0.085458701488637573,0,-0.24608243506570363,0.00010658951318769094
2361,12021,12022,1,0.65387184542591781,1,0.32233070887157661,0.65382630703222777,1,0.32228517047788657,4.5538393690036649e-05
2362,12024,12025,1,0.64841732324216539,1,0.31687618668782419,0.64834486604098907,1,0.31680372948664787,7.2457201176323593e-05
2363,12025,12026,0,0.10505062281388393,0,-0.22649051374045726,0.10506335524980963,0,-0.22647778130453156,1.2732435925699725e-05
2364,12027,12028,0,0.16756939508349411,0,-0.16397174147084709,0.16757081608991395,0,-0.16397032046442725,1.4210064198383332e-06
2365,12038,12039,0,0.04534489404721273,0,-0.2861962425071285,0.045065596451914346,0,-0.28647554010242687,0.00027929759529838477
2366,12039,12040,1,0.67280109692808998,1,0.34125996037374878,0.67276492734824123,1,0.34122379079390003,3.6169579848754907e-05
2367,12043,12044,0,0.14184214730837222,0,-0.18969898924596898,0.14186026574172123,0,-0.18968087081261997,1.8118433349006979e-05
2368,12045,12046,0,0.11407622516166151,0,-0.21746491139267971,0.11421538007702475,0,-0.21732575647731645,0.00013915491536324598
2369,12048,12049,0,0.41484395318542694,1,0.083302816631085741,0.41483397346806594,1,0.083292836913724744,9.9797173609972312e-06
2370,12052,12053,0,0.063167044209756842,0,-0.26837409234458437,0.063043112468041909,0,-0.2684980240862993,0.00012393174171493326
2371,12054,12055,1,0.26119213660127799,0,-0.070348999953063207,0.2611856833661983,0,-0.070355453188142902,6.4532350796953075e-06
2372,12056,12057,0,0.1466383520670374,0,-0.1849027844873038,0.14532227098095266,0,-0.18621886557338854,0.0013160810860847472
2373,12066,12067,1,0.73398629941121551,1,0.40244516285687432,0.73395115119470344,1,0.40241001464036225,3.5148216512070896e-05
2374,12071,12072,0,0.19710869992275601,0,-0.13443243663158519,0.19711063430569614,0,-0.13443050224864506,1.9343829401330392e-06
2375,12082,12083,0,0.14147905240612513,0,-0.19006208414821607,0.14149239638437652,0,-0.19004874016996468,1.334397825139555e-05
2376,12086,12087,0,0.18766292335838256,0,-0.14387821319595864,0.18765973824592891,0,-0.14388139830841229,3.1851124536463882e-06
2377,12090,12091,0,0.43075189361653954,1,0.09921075706219834,0.43073429735365787,1,0.099193160799316671,1.7596262881669489e-05
2378,12104,12105,0,0.20398803649789379,0,-0.1275531000564474,0.20400502517125826,0,-0.12753611138308293,1.6988673364470852e-05
2379,12128,12129,1,0.2518785342930262,0,-0.079662602261314996,0.25186088518282568,0,-0.07968025137151552,1.7649110200523843e-05
2380,12131,12132,1,0.73585325473537433,1,0.40431211818103313,0.73578497832850931,1,0.40424384177416811,6.8276406865019901e-05
2381,12138,12139,1,0.056152808597713454,0,-0.27538832795662777,0.056204273810722211,0,-0.27533686274361902,5.1465213008757005e-05
2382,12153,12154,0,0.10948028056016944,0,-0.22206085599417175,0.10948152285754931,0,-0.22205961369679189,1.2422973798692505e-06
2383,12154,12155,0,0.68475600827681715,1,0.35321487172247595,0.68477045859527019,1,0.35322932204092899,1.44503184530409e-05
2384,12163,12164,0,0.58843697236600312,1,0.25689583581166192,0.58842560418924539,1,0.25688446763490419,1.1368176757731163e-05
2385,12167,12168,0,0.15719166643430985,0,-0.17434947012003135,0.15722049279842512,0,-0.17432064375591608,2.8826364115275283e-05
2386,12169,12170,1,0.26024487028881549,0,-0.07129626626552571,0.25981227205366414,0,-0.071728864500677059,0.0004325982351513491
2387,12178,12179,0,0.03520819896355195,0,-0.29633293759078927,0.035249755183609628,0,-0.29629138137073158,4.1556220057678561e-05
2388,12179,12180,0,0.12665645972667855,0,-0.20488467682766265,0.12666623175466535,0,-0.20487490479967585,9.7720279867985482e-06
2389,12194,12195,1,0.1840215937838918,0,-0.1475195427704494,0.18402857128677974,0,-0.14751256526756146,6.9775028879448531e-06
2390,12198,12199,0,0.1036941053669735,0,-0.22784703118736771,0.1045342479765866,0,-0.22700688857775458,0.00084014260961309817
2391,12210,12211,0,0.099365737256473061,0,-0.23217539929786812,0.099458359698968837,0,-0.23208277685537237,9.2622442495776669e-05
2392,12212,12213,0,0.19715998246586969,0,-0.13438115408847151,0.19731283421900989,0,-0.13422830233533131,0.0001528517531401985
2393,12214,12215,0,0.18827893925420189,0,-0.14326219730013931,0.18827196803747273,0,-0.14326916851686847,6.9712167291569038e-06
2394,12216,12217,1,0.75793048729008727,1,0.42638935073574608,0.75791835845675826,1,0.42637722190241706,1.2128833329017041e-05
2395,12222,12223,1,0.5359775738214978,1,0.2044364372671566,0.53598884648844669,1,0.20444770993410549,1.1272666948891619e-05
2396,12230,12231,0,0.37401873820575271,1,0.042477601651411512,0.3739165186179314,1,0.042375382063590206,0.00010221958782130613
2397,12239,12240,1,0.092668730620282372,0,-0.23887240593405884,0.09271743719538772,0,-0.23882369935895348,4.8706575105347816e-05
2398,12242,12243,0,0.091452353430430344,0,-0.24008878312391085,0.091355906221820327,0,-0.24018523033252087,9.6447208610017654e-05
2399,12246,12247,0,0.15632350037610307,0,-0.17521763617823813,0.15633469665088548,0,-0.17520643990345572,1.1196274782410143e-05
2400,12250,12251,0,0.038554153809676847,0,-0.29298698274466434,0.038558527824651211,0,-0.29298260872969001,4.3740149743634604e-06
2401,12254,12255,0,0.18914231621641131,0,-0.14239882033792989,0.18916142300328925,0,-0.14237971355105195,1.910678687794265e-05
2402,12255,12256,1,0.25938830462582213,0,-0.072152831928519068,0.25933933925120412,0,-0.072201797303137083,4.8965374618015201e-05
2403,12262,12263,0,0.38395484476259351,1,0.052413708208252308,0.38395990912387573,1,0.052418772569534533,5.0643612822254269e-06
2404,12269,12270,0,0.12483162231585516,0,-0.20670951423848605,0.12473542703105973,0,-0.20680570952328148,9.6195284795430602e-05
2405,12271,12272,0,0.13919889674994074,0,-0.19234223980440046,0.13925040137037073,0,-0.19229073518397047,5.1504620429992931e-05
2406,12272,12273,0,0.075691308277906544,0,-0.25584982827643465,0.075482668295392394,0,-0.25605846825894879,0.00020863998251414995
2407,12274,12275,1,0.56690652742784187,1,0.23536539087350067,0.56718034162931386,1,0.23563920507497266,0.00027381420147198909
2408,12275,12276,0,0.18031027586561729,0,-0.15123086068872391,0.18034362361293657,0,-0.15119751294140463,3.334774731927892e-05
2409,12277,12278,0,0.083112346704966103,0,-0.24842878984937511,0.083139117246500097,0,-0.24840201930784112,2.6770541533993608e-05
2410,12279,12280,0,0.20464081268009182,0,-0.12690032387424938,0.20464965301934029,0,-0.1268914835350009,8.8403392484726062e-06
2411,12281,12282,1,0.73573563615297444,1,0.40419449959863324,0.7356556628666292,1,0.404114526312288,7.9973286345236261e-05
2412,12285,12286,0,0.084306575411519591,0,-0.24723456114282161,0.084379464808359492,0,-0.24716167174598169,7.2889396839900811e-05
2413,12296,12297,1,0.02614213616896317,0,-0.30539900038537804,0.026192138281740631,0,-0.30534899827260059,5.0002112777461361e-05
2414,12300,12301,0,0.080525877714425501,0,-0.25101525883991571,0.080524733708846788,0,-0.25101640284549442,1.1440055787126369e-06
2415,12313,12314,0,0.063324172713852822,0,-0.26821696384048838,0.063313699747043012,0,-0.26822743680729821,1.0472966809810247e-05
2416,12318,12319,1,0.72966112992082,1,0.3981199933664788,0.72964161939854455,1,0.39810048284420335,1.9510522275445474e-05
2417,12320,12321,0,0.20907450698013197,0,-0.12246662957420923,0.20910150601695215,0,-0.12243963053738904,2.6999036820185562e-05
2418,12321,12322,0,0.26754892489475357,0,-0.063992211659587628,0.26754677563904078,0,-0.063994360915300419,2.1492557127911205e-06
2419,12329,12330,1,0.32828673472583686,0,-0.0032544018285043386,0.32828147664279733,0,-0.0032596599115438663,5.2580830395276834e-06
2420,12336,12337,0,0.10162957894471465,0,-0.22991155760962656,0.10174039424087421,0,-0.22980074231346698,0.00011081529615955543
2421,12343,12344,0,0.0078494023156291254,0,-0.32369173423871206,0.0078612928654738529,0,-0.32367984368886732,1.1890549844727552e-05
2422,12346,12347,1,0.68459311693298919,1,0.35305198037864799,0.68459188936475746,1,0.35305075281041626,1.2275682317319792e-06
2423,12350,12351,0,0.14815717565771822,0,-0.18338396089662298,0.14825381806108587,0,-0.18328731849325533,9.6642403367652729e-05
2424,12354,12355,0,0.15696865669722429,0,-0.17457247985711691,0.15698172549224323,0,-0.17455941106209796,1.3068795018944535e-05
2425,12358,12359,0,0.086838910069325898,0,-0.2447022264850153,0.086852718627269093,0,-0.2446884179270721,1.3808557943195687e-05
2426,12359,12360,0,0.16599262702114687,0,-0.16554850953319433,0.16600548808380111,0,-0.16553564847054009,1.2861062654245803e-05
2427,12363,12364,0,0.10728372988141192,0,-0.22425740667292926,0.10728617861140215,0,-0.22425495794293904,2.4487299902231641e-06
2428,12370,12371,0,0.15690049108979645,0,-0.17464064546454475,0.15690998606487841,0,-0.17463115048946279,9.4949750819584011e-06
2429,12371,12372,1,0.6185489165867023,1,0.2870077800323611,0.61855438375110028,1,0.28701324719675908,5.4671643979764539e-06
2430,12377,12378,0,0.09476745204919243,0,-0.23677368450514877,0.094733854637361711,0,-0.23680728191697947,3.3597411830718626e-05
2431,12386,12387,1,0.18758799078278987,0,-0.14395314577155133,0.18758869447694365,0,-0.14395244207739755,7.0369415378079836e-07
2432,12402,12403,1,0.025689336074358478,0,-0.30585180047998273,0.025719994330774491,0,-0.30582114222356671,3.0658256416012802e-05
2433,12426,12427,0,0.20759862387955075,0,-0.12394251267479045,0.20759943575049458,0,-0.12394170080384662,8.1187094383428082e-07
2434,12431,12432,0,0.090941776745739972,0,-0.24059935980860123,0.090934636954836626,0,-0.24060649959950459,7.1397909033460438e-06
2435,12435,12436,1,0.10015517536449303,0,-0.23138596118984817,0.10020974918647764,0,-0.23133138736786357,5.4573821984607584e-05
2436,12440,12441,0,0.067552573021655182,0,-0.26398856353268602,0.067563987448763504,0,-0.26397714910557768,1.1414427108322189e-05
2437,12441,12442,0,0.10205656909437331,0,-0.22948456745996787,0.10201979758098502,0,-0.22952133897335619,3.6771513388295096e-05
2438,12446,12447,0,0.069219389223639252,0,-0.26232174733070196,0.069221626984686063,0,-0.26231950956965511,2.2377610468110598e-06
2439,12458,12459,0,0.19032824684456123,0,-0.14121288970977997,0.19036314243264116,0,-0.14117799412170004,3.4895588079925099e-05
2440,12463,12464,0,0.14282673072980009,0,-0.1887144058245411,0.14281650638034291,0,-0.18872463017399829,1.0224349457188531e-05
2441,12484,12485,0,0.094718039619855587,0,-0.23682309693448561,0.094754717063117722,0,-0.23678641949122348,3.6677443262134179e-05
2442,12487,12488,0,0.039967011812275251,0,-0.29157412474206595,0.039970558061116122,0,-0.2915705784932251,3.5462488408716242e-06
2443,12492,12493,0,0.22005904087654335,0,-0.11148209567779785,0.21998053644138243,0,-0.11156060011295876,7.8504435160914321e-05
2444,12503,12504,1,0.13607976004189007,0,-0.19546137651245113,0.13608593022392482,0,-0.19545520633041638,6.1701820347481728e-06
2445,12505,12506,0,0.015225660800896202,0,-0.31631547575344499,0.015266653743852868,0,-0.31627448281048831,4.0992942956665987e-05
2446,12525,12526,1,0.18165274769079628,0,-0.14988838886354491,0.18128220173035842,0,-0.15025893482398278,0.00037054596043786803
2447,12527,12528,0,0.26338327666608169,0,-0.068157859888259509,0.26349691898059058,0,-0.068044217573750621,0.00011364231450888829
2448,12528,12529,0,0.077882296420771963,0,-0.25365884013356921,0.07789427335426323,0,-0.25364686320007795,1.1976933491267272e-05
2449,12539,12540,1,0.0933746290106586,0,-0.2381665075436826,0.093362430550065101,0,-0.2381787060042761,1.2198460593498828e-05
2450,12548,12549,0,0.20691561730068658,0,-0.12462551925365462,0.20691887733227796,0,-0.12462225922206324,3.2600315913733358e-06
2451,12552,12553,1,0.15566449484476472,0,-0.17587664170957648,0.15569563621246535,0,-0.17584550034187585,3.114136770063225e-05
2452,12559,12560,0,0.13936615147334777,0,-0.19217498508099343,0.1392780078483192,0,-0.192263128706022,8.8143625028569428e-05
2453,12563,12564,0,0.10767354374067192,0,-0.22386759281366927,0.1076799836043752,0,-0.223861152949966,6.4398637032725414e-06
2454,12567,12568,0,0.051142667798635362,0,-0.28039846875570584,0.051140867565654925,0,-0.28040026898868625,1.8002329804367445e-06
2455,12568,12569,1,0.2959917853972609,0,-0.0355493511570803,0.2988195368835655,0,-0.032721599670775703,0.0028277514863045972
2456,12578,12579,0,0.026382217207431922,0,-0.30515891934690925,0.026394072213730843,0,-0.30514706434061034,1.1855006298921306e-05
2457,12590,12591,0,0.10291128287330939,0,-0.22862985368103181,0.10290298184618701,0,-0.22863815470815418,8.3010271223760146e-06
2458,12594,12595,0,0.074290545281904152,0,-0.25725059127243705,0.074283795755743856,0,-0.25725734079859736,6.7495261602962264e-06
2459,12595,12596,0,0.1662439145856198,0,-0.1652972219687214,0.16602040899485104,0,-0.16552072755949016,0.0002235055907687522
2460,12596,12597,0,0.033433766391631342,0,-0.29810737016270983,0.033497952423274371,0,-0.29804318413106684,6.4186031643029273e-05
2461,12597,12598,1,0.18391810713437229,0,-0.14762302941996891,0.18394584107395548,0,-0.14759529548038572,2.7733939583191036e-05
2462,12599,12600,0,0.04423377048977592,0,-0.28730736606456531,0.044299921442854856,0,-0.28724121511148637,6.6150953078936148e-05
2463,12609,12610,1,0.60082943952489465,1,0.26928830297055345,0.60085678566462264,1,0.26931564911028144,2.7346139727990604e-05
2464,12620,12621,0,0.10942200203382803,0,-0.22211913452051318,0.10942226698861657,0,-0.22211886956572463,2.6495478853971743e-07
2465,12621,12622,0,0.10531200378221918,0,-0.22622913277212203,0.10505917435220084,0,-0.22648196220214034,0.00025282943001833647
2466,12626,12627,0,0.17014302359664707,0,-0.16139811295769413,0.17020505507957123,0,-0.16133608147476997,6.2031482924163051e-05
2467,12627,12628,1,0.2015232968604504,0,-0.1300178396938908,0.20153641412487122,0,-0.13000472242946998,1.3117264420825503e-05
2468,12628,12629,0,0.25766116229266728,0,-0.07387997426167392,0.25768021405296365,0,-0.073860922501377546,1.9051760296373565e-05
2469,12633,12634,0,0.17868977521416024,0,-0.15285136134018096,0.1786910416112045,0,-0.1528500949431367,1.2663970442583494e-06
2470,12634,12635,0,0.08413559254149075,0,-0.24740554401285045,0.084145365015181467,0,-0.24739577153915973,9.7724736907167653e-06
2471,12636,12637,0,0.12966333790860352,0,-0.20187779864573768,0.12967701250604377,0,-0.20186412404829743,1.3674597440255232e-05
2472,12643,12644,0,0.19912356076946375,0,-0.13241757578487745,0.20141972658394888,0,-0.13012140997039232,0.0022961658144851349
2473,12656,12657,0,0.047772644525777064,0,-0.28376849202856413,0.047775215689332982,0,-0.28376592086500824,2.5711635559186319e-06
2474,12660,12661,0,0.30096694642499516,0,-0.030574190129346035,0.30299588330041,0,-0.028545253253931202,0.0020289368754148329
2475,12665,12666,0,0.2222581006385726,0,-0.1092830359157686,0.22221948771587852,0,-0.10932164883846268,3.8612922694081231e-05
2476,12669,12670,0,0.32986908385298341,0,-0.0016720527013577846,0.32993567906111571,0,-0.0016054574932254928,6.6595208132291805e-05
2477,12680,12681,0,0.18584883689758913,0,-0.14569229965675207,0.18585299518767937,0,-0.14568814136666183,4.1582900902337183e-06
2478,12682,12683,0,0.16793248434921318,0,-0.16360865220512802,0.16790581703398283,0,-0.16363531952035837,2.666731523034982e-05
2479,12685,12686,0,0.31019069465471011,0,-0.02135044189963109,0.31018868679363715,0,-0.021352449760704051,2.0078610729612478e-06
2480,12696,12697,0,0.17658366939628772,0,-0.15495746715805347,0.17658855032160209,0,-0.15495258623273911,4.8809253143655695e-06
2481,12701,12702,0,0.04589284603344753,0,-0.28564829052089369,0.045846290417762475,0,-0.2856948461365787,4.6555615685055229e-05
2482,12705,12706,1,0.67834160690832246,1,0.34680047035398126,0.67857006732159963,1,0.34702893076725844,0.00022846041327717614
2483,12711,12712,0,0.041890153277905302,0,-0.2896509832764359,0.041985638151380809,0,-0.28955549840296041,9.5484873475507048e-05
2484,12716,12717,0,0.096768106484118793,0,-0.2347730300702224,0.096774173743996286,0,-0.23476696281034493,6.0672598774930142e-06
2485,12719,12720,0,0.085681203089328917,0,-0.24585993346501228,0.085662849431925564,0,-0.24587828712241563,1.8353657403352708e-05
2486,12720,12721,0,0.19386022513705128,0,-0.13768091141728991,0.19378393048106002,0,-0.13775720607328118,7.6294655991265836e-05
2487,12726,12727,0,0.12169925223856654,0,-0.20984188431577466,0.12169266885421666,0,-0.20984846770012455,6.5833843498758204e-06
2488,12727,12728,0,0.048422576338672287,0,-0.28311856021566889,0.048182436577604508,0,-0.28335869997673668,0.00024013976106777857
2489,12734,12735,1,0.42945654095623459,1,0.097915404401893391,0.4287172772098321,1,0.097176140655490906,0.00073926374640248538
2490,12735,12736,0,0.11371307431087199,0,-0.21782806224346921,0.11382111441747275,0,-0.21772002213686845,0.00010804010660075969
2491,12738,12739,0,0.14343114579224275,0,-0.18810999076209844,0.14331842753126089,0,-0.1882227090230803,0.00011271826098185889
2492,12740,12741,0,0.11927760553035351,0,-0.21226353102398771,0.11927615487384371,0,-0.21226498168049748,1.4506565097910373e-06
2493,12741,12742,0,0.26855108990830479,0,-0.062990046646036413,0.26855018560379645,0,-0.062990950950544744,9.0430450833123288e-07
2494,12750,12751,1,0.56477516007979511,1,0.23323402352545392,0.56476651279727674,1,0.23322537624293554,8.647282518370325e-06
2495,12759,12760,0,0.13679148040960332,0,-0.19474965614473788,0.13680828394172745,0,-0.19473285261261375,1.6803532124132214e-05
2496,12761,12762,1,0.19116694346560345,0,-0.14037419308873775,0.19117254029127673,0,-0.14036859626306447,5.5968256732763511e-06
2497,12763,12764,0,0.046116231795447805,0,-0.28542490475889337,0.046220302263904209,0,-0.28532083429043698,0.00010407046845640339
2498,12769,12770,0,0.068076818818119111,0,-0.26346431773622209,0.068085123735025829,0,-0.26345601281931535,8.304916906717863e-06
2499,12770,12771,0,0.14648166917904942,0,-0.18505946737529178,0.14649259510978152,0,-0.18504854144455968,1.0925930732097466e-05
2500,12772,12773,1,0.58305856433188463,1,0.25151742777754343,0.58304112955293041,1,0.25149999299858922,1.74347789542173e-05
2501,12773,12774,1,0.14407013962909801,0,-0.18747099692524319,0.14397880554667669,0,-0.18756233100766451,9.1334082421318241e-05
2502,12774,12775,1,0.6733732336644731,1,0.34183209711013191,0.67331037777840497,1,0.34176924122406377,6.285588606813608e-05
2503,12776,12777,0,0.031394765111478491,0,-0.30014637144286271,0.031397287968917241,0,-0.30014384858542398,2.5228574387498037e-06
2504,12782,12783,0,0.062644210063512465,0,-0.26889692649082875,0.06271489752627428,0,-0.2688262390280669,7.0687462761814812e-05
2505,12783,12784,0,0.14874088130159507,0,-0.18280025525274612,0.14874100136526638,0,-0.18280013518907481,1.2006367131056628e-07
2506,12785,12786,0,0.1539628911498418,0,-0.1775782454044994,0.15389518830057736,0,-0.17764594825376384,6.7702849264439369e-05
2507,12786,12787,0,0.04747775656962322,0,-0.28406337998471798,0.047482976078156373,0,-0.28405816047618482,5.2195085331538382e-06
2508,12794,12795,1,0.13620849726303066,0,-0.19533263929131053,0.13621174063589248,0,-0.19532939591844872,3.243372861810867e-06
2509,12796,12797,1,0.39279137901882971,1,0.061250242464488514,0.39276188773329845,1,0.061220751178957256,2.9491285531257905e-05
2510,12800,12801,1,0.24044528356843245,0,-0.091095852985908748,0.24045224781720376,0,-0.091088888737137441,6.964248771307302e-06
2511,12810,12811,1,0.5977028439922667,1,0.2661617074379255,0.59769829795867979,1,0.26615716140433859,4.546033586905196e-06
2512,12818,12819,0,0.2726223709259703,0,-0.058918765628370895,0.27258032228723256,0,-0.058960814267108641,4.2048638737746113e-05
2513,12819,12820,0,0.70494662067007285,1,0.37340548411573166,0.70491778647378667,1,0.37337664991944547,2.8834196286187108e-05
2514,12822,12823,0,0.68894820060555229,1,0.35740706405121109,0.68895805866929005,1,0.35741692211494885,9.8580637377665425e-06
2515,12828,12829,0,0.35797155643853978,1,0.026430419884198586,0.35797030924793338,1,0.026429172693592184,1.2471906064015492e-06
2516,12832,12833,0,0.13986554047873132,0,-0.19167559607560988,0.13979982580875727,0,-0.19174131074558393,6.5714669974042961e-05
2517,12835,12836,1,0.66176859400879684,1,0.33022745745445564,0.66177315676445503,1,0.33023202021011383,4.5627556581884221e-06
2518,12839,12840,0,0.017369883799582965,0,-0.31417125275475821,0.017383860145598971,0,-0.31415727640874225,1.3976346016006391e-05
2519,12843,12844,0,0.22978482242191947,0,-0.10175631413242173,0.22977971650115592,0,-0.10176142005318528,5.1059207635539838e-06
2520,12852,12853,0,0.043699051083071649,0,-0.28784208547126955,0.043746672782157638,0,-0.28779446377218354,4.7621699085988178e-05
2521,12870,12871,1,0.15693979441952258,0,-0.17460134213481862,0.15701873946375167,0,-0.17452239709058953,7.8945044229089545e-05
2522,12871,12872,0,0.15066193608843073,0,-0.18087920046591047,0.1506528391304395,0,-0.18088829742390169,9.0969579912281162e-06
2523,12873,12874,1,0.20342219551640792,0,-0.12811894103793328,0.20336569078261824,0,-0.12817544577172296,5.6504733789680683e-05
2524,12881,12882,0,0.21835997556314055,0,-0.11318116099120065,0.21832285052712702,0,-0.11321828602721418,3.7125036013524459e-05
2525,12889,12890,0,0.063215716827326449,0,-0.26832541972701474,0.063258038200708841,0,-0.26828309835363234,4.2321373382392391e-05
2526,12903,12904,0,0.1120917994458014,0,-0.21944933710853981,0.11216622701091473,0,-0.21937490954342648,7.4427565113333038e-05
2527,12915,12916,0,0.050243807303559922,0,-0.28129732925078127,0.050250536961478923,0,-0.28129059959286229,6.7296579190009864e-06
2528,12916,12917,0,0.14569405778435915,0,-0.18584707876998205,0.14570256802497433,0,-0.18583856852936687,8.510240615183795e-06
2529,12925,12926,0,0.078837293015877996,0,-0.2527038435384632,0.079413831138198249,0,-0.25212730541614292,0.00057653812232025259
2530,12934,12935,0,0.055580750448809939,0,-0.27596038610553125,0.055601954999620465,0,-0.27593918155472075,2.1204550810526024e-05
2531,12948,12949,1,0.69017449988557156,1,0.35863336333123036,0.69002429472145588,1,0.35848315816711468,0.00015020516411567986
2532,12950,12951,0,0.15025389023155833,0,-0.18128724632278287,0.15029338917131002,0,-0.18124774738303118,3.9498939751692053e-05
2533,12955,12956,1,0.84012026633977532,1,0.50857912978543407,0.84005727424410603,1,0.50851613768976489,6.299209566928976e-05
2534,12958,12959,1,0.68743547658067794,1,0.35589434002633674,0.68742327708620465,1,0.35588214053186346,1.2199494473286165e-05
2535,12960,12961,0,0.13123129148781645,0,-0.20030984506652474,0.13122340823220585,0,-0.20031772832213535,7.8832556106023244e-06
2536,12969,12970,0,0.20186828906667664,0,-0.12967284748766456,0.20190399181344887,0,-0.12963714474089233,3.5702746772225957e-05
2537,12971,12972,1,0.2555551484097443,0,-0.075985988144596894,0.25556599918422906,0,-0.075975137370112134,1.0850774484760795e-05
2538,12973,12974,0,0.17799885523057046,0,-0.15354228132377074,0.17791609190970734,0,-0.15362504464463386,8.2763320863127321e-05
2539,12976,12977,0,0.26000386559684002,0,-0.071537270957501176,0.26002018737704774,0,-0.071520949177293458,1.6321780207717573e-05
2540,12978,12979,0,0.1930310130971625,0,-0.1385101234571787,0.19302097111888084,0,-0.13852016543546036,1.0041978281666308e-05
2541,12984,12985,0,0.10500572685198606,0,-0.22653540970235514,0.10504397699661533,0,-0.22649715955772587,3.8250144629270455e-05
2542,12989,12990,0,0.1780101117663325,0,-0.1535310247880087,0.17801082906691279,0,-0.15353030748742841,7.1730058029406685e-07
2543,12990,12991,1,0.50812086706875303,1,0.17657973051441184,0.50811300049979036,1,0.17657186394544916,7.866568962677789e-06
2544,12996,12997,1,0.63216594047051666,1,0.30062480391617546,0.63211025970009682,1,0.30056912314575562,5.568077041984143e-05
2545,12997,12998,1,0.65405096436150445,1,0.32250982780716325,0.65404945879795162,1,0.32250832224361042,1.5055635528282707e-06
2546,13002,13003,0,0.12247500693347663,0,-0.20906612962086457,0.12249274995012319,0,-0.20904838660421801,1.7743016646559751e-05
2547,13006,13007,0,0.16405686379201662,0,-0.16748427276232458,0.16403756566273728,0,-0.16750357089160392,1.9298129279338161e-05
2548,13013,13014,0,0.24312558040322693,0,-0.088415556151114266,0.24312011967534655,0,-0.088421016878994646,5.4607278803797676e-06
2549,13018,13019,0,0.039359544723420091,0,-0.29218159183092113,0.039360909790182842,0,-0.29218022676415834,1.3650667627512769e-06
2550,13025,13026,0,0.12542998847141668,0,-0.20611114808292452,0.12544717061385577,0,-0.20609396594048543,1.7182142439092774e-05
2551,13029,13030,1,0.27741274512956493,0,-0.054128391424776268,0.27741159997726289,0,-0.054129536577078308,1.1451523020400423e-06
2552,13033,13034,0,0.13270576177382376,0,-0.19883537478051744,0.13272401528471603,0,-0.19881712126962517,1.8253510892268787e-05
2553,13034,13035,0,0.050866254396338587,0,-0.28067488215800263,0.050728984374444078,0,-0.28081215217989713,0.00013727002189450888
2554,13039,13040,0,0.03932830924480149,0,-0.29221282730953968,0.039306808611225923,0,-0.29223432794311527,2.1500633575567696e-05
2555,13047,13048,0,0.11795544242022976,0,-0.21358569413411144,0.11795988119753613,0,-0.21358125535680506,4.4387773063675473e-06
2556,13050,13051,1,0.62573411378870891,1,0.29419297723436771,0.62566435284342548,1,0.29412321628908428,6.9760945283436904e-05
2557,13062,13063,0,0.1052565959557359,0,-0.22628454059860531,0.10528944609117488,0,-0.22625169046316632,3.285013543898041e-05
2558,13063,13064,1,0.13155781921785142,0,-0.19998331733648977,0.13155269092896235,0,-0.19998844562537885,5.1282888890724632e-06
2559,13078,13079,0,0.20701063135442452,0,-0.12453050519991668,0.20703765231263044,0,-0.12450348424171076,2.7020958205919987e-05
2560,13080,13081,0,0.066486646486686257,0,-0.26505449006765491,0.066496279128891583,0,-0.26504485742544959,9.632642205326114e-06
2561,13082,13083,1,0.17335919909704864,0,-0.15818193745729256,0.17348324089716968,0,-0.15805789565717152,0.00012404180012104415
2562,13083,13084,1,0.76684018540099219,1,0.43529904884665099,0.76682580463266459,1,0.43528466807832339,1.4380768327604265e-05
2563,13090,13091,0,0.033064032574145731,0,-0.29847710398019545,0.033105283705553386,0,-0.29843585284878782,4.1251131407654684e-05
2564,13092,13093,1,0.62341727159441518,1,0.29187613504007398,0.62337549504420819,1,0.291834358489867,4.1776550206984453e-05
2565,13094,13095,0,0.3689844282337254,1,0.037443291679384205,0.36900116140081718,1,0.037460024846475981,1.6733167091775858e-05
2566,13096,13097,0,0.4421848883557043,1,0.1106437518013631,0.44219619772739205,1,0.11065506117305085,1.1309371687751035e-05
2567,13099,13100,0,0.14085119901672846,0,-0.19068993753761274,0.14097549680211333,0,-0.19056563975222787,0.00012429778538486369
2568,13112,13113,0,0.12033900239193945,0,-0.21120213416240174,0.12039683213935272,0,-0.21114430441498849,5.782974741326552e-05
2569,13113,13114,0,0.11105241864345852,0,-0.22048871791088268,0.11112873880148326,0,-0.22041239775285792,7.6320158024736906e-05
2570,13117,13118,0,0.06613577584349091,0,-0.2654053607108503,0.066143025550841728,0,-0.26539811100349947,7.2497073508176468e-06
2571,13119,13120,0,0.031786823485522801,0,-0.29975431306881839,0.031778850338191757,0,-0.29976228621614942,7.9731473310445944e-06
2572,13125,13126,0,0.45589413881181462,1,0.12435300225747342,0.45510231687919062,1,0.12356118032484942,0.00079182193262400391
2573,13129,13130,0,0.12089325036214636,0,-0.21064788619219482,0.12089001246181943,0,-0.21065112409252176,3.2379003269272788e-06
2574,13130,13131,0,0.13730656822669829,0,-0.19423456832764291,0.13732430629116804,0,-0.19421683026317316,1.7738064469752235e-05
2575,13131,13132,0,0.17528450652883318,0,-0.15625663002550802,0.1752534555226381,0,-0.1562876810317031,3.1051006195076392e-05
2576,13132,13133,0,0.37242409976034879,1,0.040882963206007594,0.37855633058159271,1,0.047015194027251517,0.0061322308212439225
2577,13136,13137,0,0.078317317771869024,0,-0.25322381878247219,0.078319524114848271,0,-0.25322161243949293,2.2063429792468225e-06
2578,13138,13139,0,0.12383276707408747,0,-0.20770836948025373,0.1238692354841063,0,-0.20767190107023489,3.6468410018836162e-05
2579,13145,13146,0,0.13057041105761807,0,-0.20097072549672312,0.13055507003379613,0,-0.20098606652054507,1.5341023821946465e-05
2580,13155,13156,0,0.16468052354298629,0,-0.16686061301135491,0.16476334491274516,0,-0.16677779164159603,8.2821369758873109e-05
2581,13157,13158,0,0.064105417714788379,0,-0.26743571883955281,0.064094300814381985,0,-0.2674468357399592,1.1116900406393793e-05
2582,13169,13170,0,0.079179533002708094,0,-0.25236160355163312,0.079178751543751411,0,-0.25236238501058977,7.8145895668346732e-07
2583,13171,13172,0,0.095823131793916189,0,-0.23571800476042501,0.095836146638354477,0,-0.23570498991598671,1.301484443828882e-05
2584,13174,13175,0,0.077021613554436555,0,-0.25451952299990466,0.077058889461839336,0,-0.25448224709250189,3.7275907402781194e-05
2585,13176,13177,0,0.15891944956734946,0,-0.17262168698699173,0.15918678391488583,0,-0.17235435263945537,0.00026733434753636875
2586,13177,13178,1,0.56797664532285663,1,0.23643550876851543,0.56797195175181914,1,0.23643081519747794,4.6935710374951256e-06
2587,13185,13186,1,0.14900935891518119,0,-0.18253177763916001,0.1490089902116245,0,-0.18253214634271669,3.687035566857233e-07
2588,13189,13190,0,0.13147272982547092,0,-0.20006840672887027,0.13152016371493619,0,-0.20002097283940501,4.7433889465264834e-05
2589,13192,13193,0,0.055595205005668981,0,-0.2759459315486722,0.055608832502243584,0,-0.27593230405209762,1.3627496574603049e-05
2590,13195,13196,1,0.28443578446648515,0,-0.047105352087856045,0.28649700091093783,0,-0.045044135643403371,0.0020612164444526737
2591,13200,13201,0,0.1593036784025576,0,-0.1722374581517836,0.1593130665913382,0,-0.17222806996300299,9.3881887806013253e-06
2592,13203,13204,0,0.077852174981891301,0,-0.25368896157244991,0.077962303928868701,0,-0.25357883262547248,0.00011012894697740028
2593,13208,13209,0,0.1588276363425494,0,-0.1727135002117918,0.1589025403980561,0,-0.1726385961562851,7.4904055506697098e-05
2594,13209,13210,1,0.22156670126912309,0,-0.10997443528521811,0.22158238653800452,0,-0.10995875001633668,1.5685268881432401e-05
2595,13220,13221,0,0.16360567279617055,0,-0.16793546375817064,0.16357667921539884,0,-0.16796445733894236,2.8993580771713434e-05
2596,13225,13226,0,0.12513576437621668,0,-0.20640537217812452,0.12515248984612584,0,-0.20638864670821536,1.6725469909162349e-05
2597,13233,13234,0,0.1504238480666342,0,-0.181117288487707,0.15039212417931416,0,-0.18114901237502704,3.1723887320034283e-05
2598,13234,13235,1,0.21852010352182302,0,-0.11302103303251818,0.21850579622881056,0,-0.11303534032553064,1.4307293012466582e-05
2599,13238,13239,1,0.50775776680412055,1,0.17621663024977935,0.50780957539214255,1,0.17626843883780136,5.1808588022006496e-05
2600,13239,13240,1,0.36410130206703073,1,0.032560165512689532,0.3640958152876605,1,0.032554678733319298,5.4867793702340073e-06
2601,13246,13247,0,0,0,-0.3315411365543412,6.5138602402683338e-08,0,-0.3315410714157388,6.5138602402683338e-08
2602,13250,13251,0,0.1785808896071546,0,-0.1529602469471866,0.17858083776731695,0,-0.15296029878702425,5.1839837644784836e-08
2603,13260,13261,0,0.28456351339113467,0,-0.046977623163206528,0.28422811200333298,0,-0.04731302455100822,0.0003354013878016926
2604,13266,13267,1,0.17519275192570652,0,-0.15634838462863468,0.17520210869389788,0,-0.15633902786044332,9.3567681913597767e-06
2605,13272,13273,0,0.26092413544965631,0,-0.070617001104684884,0.26095973680886519,0,-0.070581399745476003,3.5601359208881078e-05
2606,13278,13279,0,0.047466998857782897,0,-0.28407413769655832,0.04747251088191845,0,-0.28406862567242275,5.5120241355538502e-06
2607,13281,13282,1,0.23175343353587222,0,-0.099787703018468982,0.23173868009405491,0,-0.099802456460286293,1.4753441817311197e-05
2608,13282,13283,0,0.50478008239153593,1,0.17323894583719474,0.50478588458003826,1,0.17324474802569706,5.8021885023240571e-06
2609,13291,13292,1,0.75571823407361749,1,0.42417709751927629,0.75569939293262112,1,0.42415825637827992,1.8841140996372907e-05
2610,13304,13305,0,0.036944039634980601,0,-0.29459709691936059,0.03696706357031207,0,-0.29457407298402916,2.3023935331469014e-05
2611,13305,13306,1,0.24871008265314573,0,-0.082831053901195467,0.24864872390406595,0,-0.082892412650275249,6.1358749079781782e-05
2612,13311,13312,0,0.22571009359537525,0,-0.10583104295896595,0.22572277059989476,0,-0.10581836595444644,1.2677004519512369e-05
2613,13319,13320,0,0.045307698891962671,0,-0.28623343766237852,0.04537368089468221,0,-0.28616745565965901,6.5982002719539024e-05
2614,13326,13327,1,0.19720092475666995,0,-0.13434021179767125,0.19580126461303082,0,-0.13573987194131037,0.0013996601436391254
2615,13332,13333,0,0.12534128714957748,0,-0.20619984940476371,0.12525117736784355,0,-0.20628995918649765,9.010978173393247e-05
2616,13336,13337,0,0.17147319361467739,0,-0.16006794293966381,0.17143957858365982,0,-0.16010155797068137,3.3615031017564245e-05
2617,13342,13343,0,0.39993408306053674,1,0.06839294650619554,0.39911069792213882,1,0.067569561367797626,0.00082338513839791405
2618,13344,13345,1,0.18472636379210713,0,-0.14681477276223406,0.18484544479956358,0,-0.14669569175477762,0.00011908100745644523
2619,13347,13348,0,0.26420498421147115,0,-0.067336152342870048,0.26421435956446709,0,-0.067326776989874104,9.3753529959439419e-06
2620,13349,13350,0,0.027828665097364352,0,-0.30371247145697683,0.027846286011390609,0,-0.30369485054295059,1.7620914026256901e-05
2621,13350,13351,0,0.090942493028056681,0,-0.24059864352628452,0.09091911175708528,0,-0.24062202479725592,2.3381270971400969e-05
2622,13355,13356,0,0.10975362693896747,0,-0.22178750961537375,0.10993393908390169,0,-0.2216071974704395,0.00018031214493421932
2623,13362,13363,0,0.19714468663495688,0,-0.13439644991938432,0.19715145089635622,0,-0.13438968565798498,6.7642613993390555e-06
2624,13366,13367,0,0.20272491742194526,0,-0.12881621913239594,0.20271791589842761,0,-0.12882322065591359,7.0015235176523749e-06
2625,13389,13390,0,0.33125030580846093,0,-0.00029083074588026614,0.33124210528774922,0,-0.00029903126659197588,8.2005207117097356e-06
2626,13390,13391,1,0.62234700793695719,1,0.29080587138261599,0.62234957529503299,1,0.29080843874069179,2.567358075800108e-06
2627,13392,13393,0,0.042397818466712707,0,-0.2891433180876285,0.042442896904043813,0,-0.28909823965029741,4.5078437331105836e-05
2628,13399,13400,1,0.34063168213890582,1,0.0090905455845646244,0.34067593309189859,1,0.0091347965375573881,4.4250952992763715e-05
2629,13401,13402,1,0.056939646053117562,0,-0.27460149050122362,0.056943739654330423,0,-0.27459739690001078,4.0936012128608978e-06
2630,13411,13412,0,0.11307069462646377,0,-0.21847044192787743,0.1130788313068441,0,-0.2184623052474971,8.1366803803273324e-06
2631,13412,13413,1,0.25282157010987566,0,-0.078719566444465539,0.25284351060314614,0,-0.07869762595119506,2.194049327047809e-05
2632,13414,13415,0,0.23001585570906838,0,-0.10152528084527282,0.23003105557130507,0,-0.10151008098303613,1.519986223669223e-05
2633,13423,13424,1,0.17229041719541252,0,-0.15925071935892868,0.17230157942859189,0,-0.1592395571257493,1.1162233179373704e-05
2634,13425,13426,0,0.20225873086874221,0,-0.12928240568559898,0.20224932154172773,0,-0.12929181501261347,9.4093270144868235e-06
2635,13433,13434,0,0.13410743477578543,0,-0.19743370177855576,0.13413647876305992,0,-0.19740465779128127,2.9043987274490757e-05
2636,13434,13435,0,0.087229402451719784,0,-0.24431173410262141,0.087236490760780272,0,-0.24430464579356093,7.0883090604878518e-06
2637,13436,13437,0,0.15076812511857385,0,-0.18077301143576735,0.15076644553757712,0,-0.18077469101676408,1.6795809967273811e-06
2638,13453,13454,0,0.22411946495667545,0,-0.10742167159766575,0.22411325935806647,0,-0.10742787719627472,6.2055986089770698e-06
2639,13461,13462,0,0.10866873308608881,0,-0.22287240346825238,0.10866026694253712,0,-0.22288086961180409,8.4661435516830696e-06
2640,13473,13474,0,0.10077550200534681,0,-0.2307656345489944,0.10077303090592958,0,-0.2307681056484116,2.4710994172283396e-06
2641,13478,13479,1,0.78954903742917248,1,0.45800790087483129,0.78955543244485082,1,0.45801429589050963,6.3950156783398882e-06
2642,13479,13480,1,0.70531898605607468,1,0.37377784950173348,0.70533903386648178,1,0.37379789731214058,2.0047810407097799e-05
2643,13483,13484,0,0.036369834535068098,0,-0.29517130201927311,0.036395809476909187,0,-0.29514532707743202,2.5974941841089283e-05
2644,13485,13486,0,0.13477743082943183,0,-0.19676370572490937,0.13477933619959012,0,-0.19676180035475108,1.9053701582893989e-06
2645,13487,13488,0,0.05658232930669152,0,-0.27495880724764965,0.056605356055262387,0,-0.2749357804990788,2.3026748570867395e-05
2646,13492,13493,0,0.13585108744224156,0,-0.19569004911209964,0.13585993541019259,0,-0.19568120114414861,8.8479679510311549e-06
2647,13497,13498,1,0.18779686579910562,0,-0.14374427075523558,0.18780006309131836,0,-0.14374107346302284,3.1972922127365688e-06
2648,13503,13504,1,0.17463869557840861,0,-0.15690244097593259,0.17463773911790184,0,-0.15690339743643936,9.5646050676800876e-07
2649,13504,13505,1,0.35548824370365895,1,0.023947107149317748,0.35549394522541167,1,0.023952808671070469,5.7015217527212059e-06
2650,13517,13518,0,0.12309237784438776,0,-0.20844875870995344,0.12295373206332964,0,-0.20858740449101154,0.00013864578105811376
2651,13522,13523,0,0.072924800634805331,0,-0.25861633591953587,0.072933654630796124,0,-0.2586074819235451,8.8539959907929511e-06
2652,13530,13531,0,0.21883091907315877,0,-0.11271021748118243,0.21882889932374358,0,-0.11271223723059762,2.0197494151885653e-06
2653,13533,13534,0,0.17780725187521743,0,-0.15373388467912377,0.17780792798450815,0,-0.15373320856983305,6.7610929072037251e-07
2654,13534,13535,0,0.094078290474984588,0,-0.23746284607935661,0.094124917176235529,0,-0.23741621937810567,4.6626701250940261e-05
2655,13538,13539,0,0.11471917360907866,0,-0.21682196294526254,0.11473459970181686,0,-0.21680653685252432,1.5426092738204944e-05
2656,13553,13554,0,0.10354641330628592,0,-0.22799472324805528,0.10355695876224008,0,-0.22798417779210112,1.0545455954164007e-05
2657,13573,13574,0,0.075459997950640526,0,-0.25608113860370069,0.075469842335334839,0,-0.25607129421900637,9.8443846943130353e-06
2658,13574,13575,0,0.10732090885506718,0,-0.22422022769927402,0.10735078993345153,0,-0.22419034662088966,2.9881078384350057e-05
2659,13576,13577,0,0.17717896564002841,0,-0.15436217091431279,0.17722947102887562,0,-0.15431166552546557,5.0505388847210675e-05
2660,13581,13582,0,0.1804025695953779,0,-0.1511385669589633,0.18066885505209593,0,-0.15087228150224527,0.0002662854567180295
2661,13586,13587,0,0.12790652128464366,0,-0.20363461526969753,0.12788011404111774,0,-0.20366102251322346,2.6407243525927715e-05
2662,13591,13592,0,0.072124080518951611,0,-0.25941705603538956,0.072114362227820347,0,-0.25942677432652084,9.7182911312637676e-06
2663,13595,13596,0,0.11050686942573726,0,-0.22103426712860394,0.11070962764614553,0,-0.22083150890819567,0.00020275822040827229
2664,13600,13601,0,0.10436719797173276,0,-0.22717393858260843,0.10435158434524973,0,-0.22718955220909148,1.5613626483029774e-05
2665,13602,13603,0,0.1713872352580279,0,-0.16015390129631329,0.17141676477885898,0,-0.16012437177548222,2.9529520831073075e-05
2666,13603,13604,1,0.17147571928651789,0,-0.16006541726782331,0.17152818757586044,0,-0.16001294897848076,5.2468289342549879e-05
2667,13617,13618,0,0.1650107152637354,0,-0.1665304212906058,0.16510163063738428,0,-0.16643950591695691,9.0915373648886577e-05
2668,13619,13620,1,0.30332865302156081,0,-0.028212483532780386,0.30331941960251246,0,-0.028221716951828735,9.2334190483489564e-06
2669,13620,13621,0,0.12170310766560537,0,-0.20983802888873582,0.12176462886554577,0,-0.20977650768879541,6.152119994040639e-05
2670,13621,13622,0,0.076033134556495643,0,-0.25550800199784557,0.076051600261652308,0,-0.25548953629268889,1.8465705156664458e-05
2671,13625,13626,0,0.046756801233429866,0,-0.28478433532091135,0.046762953577277215,0,-0.28477818297706398,6.1523438473487513e-06
2672,13628,13629,0,0.17743107900211594,0,-0.15411005755222526,0.17744233553198904,0,-0.15409880102235216,1.1256529873104881e-05
2673,13638,13639,0,0.076995342869658867,0,-0.25454579368468233,0.076982207492694091,0,-0.25455892906164712,1.3135376964776291e-05
2674,13647,13648,1,0.34220168303402515,1,0.010660546479683952,0.34217363120169314,1,0.010632494647351942,2.8051832332010029e-05
2675,13649,13650,0,0.065806215742554644,0,-0.26573492081178657,0.065820980519047237,0,-0.26572015603529398,1.476477649259289e-05
2676,13651,13652,0,0.15560119764539443,0,-0.17593993890894677,0.15535621550087655,0,-0.17618492105346464,0.00024498214451787459
2677,13656,13657,0,0.20102792068306338,0,-0.13051321587127782,0.20110593420392336,0,-0.13043520235041783,7.8013520859981922e-05
2678,13661,13662,0,0.0077845868807186877,0,-0.3237565496736225,0.0078009652813122912,0,-0.3237401712730289,1.637840059360348e-05
2679,13664,13665,0,0.18374711656641809,0,-0.1477940199879231,0.18377982010123281,0,-0.14776131645310839,3.2703534814715329e-05
2680,13667,13668,0,0.13158774750829791,0,-0.19995338904604329,0.13162676843917454,0,-0.19991436811516666,3.9020930876626503e-05
2681,13668,13669,0,0.14463768377129702,0,-0.18690345278304418,0.14435963326171081,0,-0.18718150329263039,0.00027805050958620847
2682,13670,13671,0,0.1711067696621193,0,-0.1604343668922219,0.17109813650121983,0,-0.16044300005312137,8.6331608994683062e-06
2683,13678,13679,0,0.12968483481549081,0,-0.20185630173885039,0.1296781475029567,0,-0.2018629890513845,6.6873125341149198e-06
2684,13680,13681,0,0.63281552946658148,1,0.30127439291224029,0.63288165064809887,1,0.30134051409375767,6.6121181517386773e-05
2685,13695,13696,0,0.42961706997793847,1,0.098075933423597272,0.42957047069715221,1,0.098029334142811009,4.659928078626363e-05
2686,13696,13697,0,0.70194072694356924,1,0.37039959038922804,0.70191866240309597,1,0.37037752584875477,2.2064540473265559e-05
2687,13702,13703,0,0.22884486600886636,0,-0.10269627054547484,0.22884385009776462,0,-0.10269728645657658,1.0159111017427058e-06
2688,13704,13705,0,0.05485647413489806,0,-0.27668466241944312,0.054867954947865283,0,-0.27667318160647592,1.1480812967222531e-05
2689,13705,13706,0,0.17553263074914568,0,-0.15600850580519551,0.17554464075303045,0,-0.15599649580131075,1.2010003884760367e-05
2690,13706,13707,0,0.14852223097580464,0,-0.18301890557853656,0.14878331287080152,0,-0.18275782368353968,0.00026108189499687851
2691,13716,13717,0,0.40194943453842191,1,0.070408297984080714,0.4019602511987489,1,0.070419114644407699,1.0816660326984362e-05
2692,13717,13718,1,0.74198820886253214,1,0.41044707230819094,0.73954107290098037,1,0.40799993634663917,0.0024471359615517718
2693,13719,13720,0,0.78515243495268339,1,0.45361129839834219,0.78514612171669651,1,0.45360498516235531,6.3132359868767196e-06
2694,13720,13721,1,0.17627888406512068,0,-0.15526225248922051,0.17631120401713116,0,-0.15522993253721004,3.231995201047333e-05
2695,13724,13725,0,0.087193030119330925,0,-0.24434810643501026,0.087200686707932101,0,-0.2443404498464091,7.6565886011764617e-06
2696,13726,13727,0,0.22753329312260548,0,-0.10400784343173572,0.22753667543437489,0,-0.10400446111996631,3.3823117694120608e-06
2697,13730,13731,1,0.31718261399424363,0,-0.014358522560097564,0.31718210783589718,0,-0.014359028718444022,5.0615834645828528e-07
2698,13732,13733,0,0.066085056934538616,0,-0.26545607961980255,0.066090651724777003,0,-0.26545048482956418,5.5947902383862713e-06
2699,13737,13738,0,0.1343175188707329,0,-0.1972236176836083,0.13436502199788972,0,-0.19717611455645148,4.7503127156817149e-05
2700,13739,13740,1,0.79941046147989814,1,0.46786932492555694,0.7991911534125371,1,0.4676500168581959,0.00021930806736103481
2701,13741,13742,1,0.18528674809609658,0,-0.14625438845824462,0.18530164898545815,0,-0.14623948756888305,1.4900889361568748e-05
2702,13745,13746,0,0.5125263605689605,1,0.18098522401461931,0.50561587454575785,1,0.17407473799141665,0.0069104860232026555
2703,13749,13750,0,0.25408803454543599,0,-0.077453102008905206,0.25407487889114228,0,-0.077466257663198923,1.3155654293717234e-05
2704,13767,13768,0,0.15808186844934827,0,-0.17345926810499293,0.15798861834155789,0,-0.17355251821278331,9.3250107790376902e-05
2705,13770,13771,0,0.1847898352840246,0,-0.1467513012703166,0.18479084279696725,0,-0.14675029375737395,1.0075129426578844e-06
2706,13779,13780,0,0.087125961976952146,0,-0.24441517457738904,0.087129023425064997,0,-0.24441211312927619,3.0614481128510285e-06
2707,13786,13787,0,0.063575166877862882,0,-0.26796596967647834,0.063524995513720303,0,-0.26801614104062088,5.0171364142578834e-05
2708,13793,13794,0,0.034968886192176751,0,-0.29657225036216445,0.035017645423869044,0,-0.29652349113047216,4.8759231692292737e-05
2709,13794,13795,0,0.13151527901728055,0,-0.20002585753706065,0.13152876571533953,0,-0.20001237083900167,1.348669805897873e-05
2710,13797,13798,0,0.5360820409808521,1,0.20454090442651091,0.53607928902240176,1,0.20453815246806056,2.7519584503421513e-06
2711,13800,13801,0,0.54587613834993776,1,0.21433500179559656,0.54557806366504946,1,0.21403692711070826,0.00029807468488829425
2712,13801,13802,0,0.36509592011624525,1,0.033554783561904056,0.36520124174063129,1,0.03366010518629009,0.00010532162438603443
2713,13805,13806,0,0.07797494006001468,0,-0.25356619649432655,0.077840339261295799,0,-0.2537007972930454,0.00013460079871888131
2714,13809,13810,0,0.3056230470790865,0,-0.025918089475254702,0.30543322153116581,0,-0.026107915023175388,0.00018982554792068562
2715,13811,13812,0,0.21279230539142871,0,-0.11874883116291249,0.21274996010844205,0,-0.11879117644589915,4.234528298666107e-05
2716,13823,13824,0,0.25374378401967934,0,-0.077797352534661857,0.25367593283688927,0,-0.077865203717451925,6.785118279006852e-05
2717,13825,13826,0,0.092232545682885386,0,-0.23930859087145581,0.09224527734893137,0,-0.23929585920540983,1.2731666045984191e-05
2718,13828,13829,0,0.10586026539352775,0,-0.22568087116081345,0.10582724127078466,0,-0.22571389528355654,3.3024122743086082e-05
2719,13833,13834,0,0.16726185463602733,0,-0.16427928191831387,0.1672616004924036,0,-0.1642795360619376,2.5414362372910837e-07
2720,13837,13838,0,0.15194508510939961,0,-0.17959605144494159,0.15186828811977349,0,-0.17967284843456771,7.6796989626121137e-05
2721,13841,13842,0,0.093675611966457642,0,-0.23786552458788357,0.093724220639461286,0,-0.23781691591487991,4.8608673003644465e-05
2722,13849,13850,0,0.18611119926679953,0,-0.14542993728754167,0.18611435426308565,0,-0.14542678229125555,3.1549962861143754e-06
2723,13852,13853,0,0.12374624264584717,0,-0.20779489390849404,0.12373293388767627,0,-0.20780820266666494,1.33087581709046e-05
2724,13860,13861,0,0.21572928307725711,0,-0.11581185347708409,0.21574278608767727,0,-0.11579835046666392,1.3503010420162775e-05
2725,13861,13862,1,0.030862159137771256,0,-0.30067897741656996,0.030794394477928706,0,-0.3007467420764125,6.7764659842550062e-05
2726,13862,13863,0,0.18794797339266972,0,-0.14359316316167148,0.18799659603775198,0,-0.14354454051658921,4.8622645082263549e-05
2727,13866,13867,0,0.19529973453024035,0,-0.13624140202410084,0.19528392175851911,0,-0.13625721479582209,1.5812771721246399e-05
2728,13867,13868,0,0.15634306444633903,0,-0.17519807210800217,0.15635597521042913,0,-0.17518516134391207,1.2910764090101612e-05
2729,13869,13870,0,0.21727339235768631,0,-0.11426774419665489,0.21732171894555957,0,-0.11421941760878163,4.832658787326527e-05
2730,13872,13873,0,0.68469999134706661,1,0.35315885479272541,0.68474020586817097,1,0.35319906931382977,4.0214521104364742e-05
2731,13874,13875,0,0.023005262453546862,0,-0.30853587410079436,0.023082220020727403,0,-0.30845891653361379,7.6957567180541142e-05
2732,13876,13877,0,0.53453389624506309,1,0.20299275969072189,0.53447793540795463,1,0.20293679885361343,5.5960837108459671e-05
2733,13877,13878,0,0.22924396954700943,0,-0.10229716700733177,0.22916162129317533,0,-0.10237951526116587,8.2348253834102492e-05
2734,13879,13880,0,0.10616751238375746,0,-0.22537362417058374,0.10617676109908407,0,-0.22536437545525712,9.2487153266068711e-06
2735,13881,13882,1,0.34151132985911548,1,0.0099701933047742775,0.34152004197767882,1,0.0099789054233376251,8.7121185633476372e-06
2736,13900,13901,0,0.1767244139133447,0,-0.1548167226409965,0.17678987494464465,0,-0.15475126160969654,6.5461031299951511e-05
2737,13903,13904,0,0.43065573733874923,1,0.099114600784408036,0.43068451240428995,1,0.099143375849948756,2.8775065540720401e-05
2738,13905,13906,0,0.054413232827158917,0,-0.27712790372718227,0.054424420579536191,0,-0.27711671597480503,1.1187752377274374e-05
2739,13915,13916,0,0.15453402515268191,0,-0.17700711140165928,0.15454842259989643,0,-0.17699271395444477,1.4397447214514747e-05
2740,13918,13919,0,0.11376521033213716,0,-0.21777592622220404,0.11374029810120041,0,-0.2178008384531408,2.4912230936743884e-05
2741,13920,13921,0,0.05596202732281718,0,-0.27557910923152401,0.055916624132705699,0,-0.27562451242163549,4.5403190111481528e-05
2742,13922,13923,1,0.22786972384729859,0,-0.10367141270704261,0.22786947807984145,0,-0.10367165847449974,2.4576745713544845e-07
2743,13926,13927,0,0.15120911240840182,0,-0.18033202414593938,0.15124343422030295,0,-0.18029770233403825,3.4321811901133481e-05
2744,13932,13933,0,0.61189387838072673,1,0.28035274182638553,0.61191574070638699,1,0.28037460415204579,2.186232566026014e-05
2745,13933,13934,0,0.10255827366839577,0,-0.22898286288594544,0.10253441853663386,0,-0.22900671801770733,2.385513176191012e-05
2746,13938,13939,0,0.12033011056268109,0,-0.21121102599166011,0.12043695499970386,0,-0.21110418155463734,0.00010684443702277391
2747,13941,13942,1,0.1840217495439409,0,-0.14751938701040029,0.18396422910166874,0,-0.14757690745267246,5.7520442272168681e-05
2748,13942,13943,0,0.1454435909282146,0,-0.1860975456261266,0.14543592645743969,0,-0.18610521009690151,7.6644707749096153e-06
2749,13943,13944,1,0.25185145443941176,0,-0.079689682114929439,0.25183997898025356,0,-0.079701157574087633,1.1475459158194479e-05
2750,13953,13954,0,0.042545697126377333,0,-0.28899543942796385,0.042533215022723982,0,-0.2890079215316172,1.2482103653350951e-05
2751,13954,13955,0,0.196085673931575,0,-0.1354554626227662,0.19605874423933065,0,-0.13548239231501055,2.6929692244354042e-05
2752,13956,13957,1,0.38036395789179683,1,0.048822821337455635,0.38037081195091227,1,0.048829675396571071,6.8540591154353514e-06
2753,13960,13961,0,0.63183263781511334,1,0.30029150126077214,0.63185790104383577,1,0.30031676448949457,2.5263228722427478e-05
2754,13964,13965,0,0.19077771797210724,0,-0.14076341858223396,0.19075596346573698,0,-0.14078517308860422,2.1754506370263993e-05
2755,13966,13967,1,0.78045358608399995,1,0.44891244952965875,0.78033855496220417,1,0.44879741840786297,0.00011503112179578334
2756,13968,13969,1,0.7147374251492763,1,0.3831962885949351,0.71474013434584005,1,0.38319899779149885,2.7091965637549009e-06
2757,13969,13970,0,0.11644867204850885,0,-0.21509246450583236,0.11641271115648652,0,-0.21512842539785468,3.5960892022332547e-05
2758,13973,13974,0,0.44673605488193735,1,0.11519491832759615,0.44675190981809187,1,0.11521077326375068,1.5854936154524601e-05
2759,13979,13980,1,0.14793583232678773,0,-0.18360530422755347,0.14794144735683293,0,-0.18359968919750827,5.6150300452029178e-06
2760,13980,13981,0,0.081014737978454487,0,-0.25052639857588671,0.081039293034776111,0,-0.25050184351956506,2.455505632162347e-05
2761,13990,13991,0,0.12871282089280336,0,-0.20282831566153783,0.1287326476265411,0,-0.2028084889278001,1.9826733737737801e-05
2762,13995,13996,0,0.13728531032934832,0,-0.19425582622499288,0.1373099980465205,0,-0.1942311385078207,2.4687717172178214e-05
2763,13997,13998,1,0.62555733353661669,1,0.29401619698227549,0.62555278414465487,1,0.29401164759031367,4.5493919618166956e-06
2764,13998,13999,0,0.080077731730953686,0,-0.25146340482338753,0.080096254740260775,0,-0.25144488181408042,1.8523009307089278e-05
2765,14005,14006,0,0.16886581745344059,0,-0.16267531910090061,0.16889520560409774,0,-0.16264593095024346,2.9388150657144729e-05
2766,14007,14008,1,0.16005786374925551,0,-0.17148327280508568,0.16007113963658626,0,-0.17146999691775494,1.3275887330743696e-05
2767,14008,14009,0,0.16923833523139192,0,-0.16230280132294927,0.1692347820949763,0,-0.16230635445936489,3.5531364156182743e-06
2768,14026,14027,0,0,0,-0.3315411365543412,4.7687533730842695e-08,0,-0.33154108886680744,4.7687533730842695e-08
2769,14030,14031,1,0.2194889072479885,0,-0.1120522293063527,0.2194386989429129,0,-0.1121024376114283,5.0208305075599702e-05
2770,14031,14032,0,0.19626870160626306,0,-0.13527243494807814,0.19628132001172666,0,-0.13525981654261454,1.2618405463599158e-05
2771,14041,14042,0,0.065016073514521752,0,-0.26652506303981943,0.065052624950110882,0,-0.26648851160423032,3.6551435589129988e-05
2772,14049,14050,1,0.23559366006493068,0,-0.095947476489410516,0.23553627370012792,0,-0.09600486285421328,5.7386364802763934e-05
2773,14051,14052,0,0.14946241661812182,0,-0.18207871993621938,0.14946925857393817,0,-0.18207187798040303,6.8419558163501648e-06
2774,14054,14055,0,0.14347525640932779,0,-0.18806588014501341,0.14357053383110305,0,-0.18797060272323815,9.5277421775258331e-05
2775,14058,14059,0,0.18568089060844148,0,-0.14586024594589972,0.18573240177335598,0,-0.14580873478098522,5.1511164914502805e-05
2776,14071,14072,1,0.75396879202281886,1,0.42242765546847766,0.75396667853681276,1,0.42242554198247156,2.1134860060945115e-06
2777,14074,14075,1,0.61033581312095642,1,0.27879467656661522,0.6103375512376803,1,0.2787964146833391,1.7381167238816886e-06
2778,14077,14078,0,0.1180791483584389,0,-0.21346198819590229,0.11772935077176508,0,-0.21381178578257612,0.00034979758667381955
2779,14080,14081,0,0.2951329289904191,0,-0.036408207563922101,0.29511646665777652,0,-0.036424669896564676,1.6462332642575017e-05
2780,14088,14089,0,0.1898967690023628,0,-0.1416443675519784,0.18993424789371618,0,-0.14160688866062501,3.7478891353387445e-05
2781,14089,14090,0,0.07338158215000698,0,-0.25815955440433425,0.073348533583828063,0,-0.25819260297051316,3.3048566178917049e-05
2782,14107,14108,0,0.038323302424596459,0,-0.29321783412974473,0.038326882210445959,0,-0.29321425434389525,3.5797858495001389e-06
2783,14125,14126,0,0.046296912922992761,0,-0.28524422363134844,0.046280686159943324,0,-0.28526045039439785,1.6226763049437265e-05
2784,14137,14138,0,0.12730293018602393,0,-0.20423820636831727,0.12730544901077917,0,-0.20423568754356203,2.5188247552432319e-06
2785,14138,14139,0,0.23706424865558526,0,-0.09447688789875594,0.23706931049877705,0,-0.094471826055564145,5.0618431917948126e-06
2786,14140,14141,0,0.32004805021062599,0,-0.011493086343715209,0.32010164139195241,0,-0.011439495162388791,5.3591181326417825e-05
2787,14151,14152,0,0.32982202936691346,0,-0.0017191071874277375,0.32983263220598308,0,-0.0017085043483581197,1.0602839069617787e-05
2788,14153,14154,0,0.12518991649217726,0,-0.20635122006216394,0.12519856829161546,0,-0.20634256826272573,8.6517994382084851e-06
2789,14159,14160,1,0.13664935432253678,0,-0.19489178223180442,0.13689328640329815,0,-0.19464785015104305,0.00024393208076137207
2790,14161,14162,1,0.47316168246928875,1,0.14162054591494755,0.47317096227243149,1,0.1416298257180903,9.2798031427476779e-06
2791,14165,14166,0,0.11249072645537207,0,-0.21905041009896914,0.11256026826138985,0,-0.21898086829295135,6.9541806017772712e-05
2792,14167,14168,1,0.1763270789445118,0,-0.1552140576098294,0.17643797953310553,0,-0.15510315702123567,0.00011090058859372642
2793,14168,14169,0,0.17441635234147065,0,-0.15712478421287054,0.17449974028857143,0,-0.15704139626576977,8.3387947100777016e-05
2794,14176,14177,1,0.65059822270764867,1,0.31905708615330747,0.65061975394946958,1,0.31907861739512838,2.1531241820915703e-05
2795,14185,14186,0,0.16321657608030196,0,-0.16832456047403924,0.16323023731071859,0,-0.16831089924362261,1.3661230416628367e-05
2796,14187,14188,0,0.13652475355608004,0,-0.19501638299826116,0.1365348307972582,0,-0.195006305757083,1.0077241178158003e-05
2797,14188,14189,0,0.21496672571842615,0,-0.11657441083591505,0.21506477055161263,0,-0.11647636600272857,9.8044833186483604e-05
2798,14192,14193,0,0.097640381783688654,0,-0.23390075477065253,0.097626378740218248,0,-0.23391475781412296,1.4003043470406373e-05
2799,14193,14194,0,0.1718507388410716,0,-0.15969039771326959,0.1718098937534806,0,-0.1597312428008606,4.0845087591001583e-05
2800,14196,14197,0,0.049474359400034217,0,-0.282066777154307,0.049472300770705205,0,-0.28206883578363601,2.0586293290117408e-06
2801,14198,14199,0,0.11296751718266138,0,-0.21857361937167982,0.11296015227889671,0,-0.21858098427544448,7.3649037646700277e-06
2802,14204,14205,1,0.19594227629968486,0,-0.13559886025465634,0.19593015156677113,0,-0.13561098498757007,1.212473291373195e-05
2803,14213,14214,0,0.14411969276938918,0,-0.18742144378495201,0.14411130622859974,0,-0.18742983032574145,8.3865407894401223e-06
2804,14214,14215,1,0.21213230913562281,0,-0.11940882741871839,0.21211734256062109,0,-0.11942379399372011,1.4966575001718052e-05
2805,14220,14221,1,0.77235390151806105,1,0.44081276496371985,0.77232364174643209,1,0.44078250519209089,3.0259771628959875e-05
2806,14223,14224,0,0.16596755402723484,0,-0.16557358252710636,0.16597453058764894,0,-0.16556660596669226,6.9765604140958892e-06
2807,14224,14225,0,0.14795770056186333,0,-0.18358343599247787,0.14796444912152326,0,-0.18357668743281794,6.7485596599303754e-06
2808,14225,14226,1,0.80659728748870263,1,0.47505615093436143,0.80654619958412777,1,0.47500506302978657,5.1087904574864673e-05
2809,14234,14235,0,0.0085949969063798277,0,-0.32294613964796137,0.0086013700795149507,0,-0.32293976647482625,6.3731731351230475e-06
2810,14238,14239,0,0.058164060712911879,0,-0.27337707584142934,0.058170710313435847,0,-0.27337042624090535,6.6496005239682909e-06
2811,14240,14241,0,0.083984067185215283,0,-0.24755706936912591,0.083936020707250078,0,-0.24760511584709111,4.8046477965205114e-05
2812,14251,14252,1,0.67740629980332923,1,0.34586516324898803,0.6775909012975907,1,0.3460497647432495,0.00018460149426147154
2813,14254,14255,0,0.3598326868018713,1,0.028291550247530106,0.35987015891782276,1,0.02832902236348156,3.74721159514535e-05
2814,14261,14262,1,0.12033307850681879,0,-0.21120805804752241,0.120329902672642,0,-0.21121123388169921,3.1758341767912368e-06
2815,14263,14264,0,0.099156904593997758,0,-0.23238423196034344,0.099162495035597251,0,-0.23237864151874393,5.5904415994928458e-06
2816,14277,14278,0,0.50719977541155126,1,0.17565863885721006,0.50727145356102943,1,0.17573031700668823,7.1678149478171527e-05
2817,14279,14280,1,0.18171087947530429,0,-0.14983025707903691,0.18153863204741585,0,-0.15000250450692534,0.00017224742788843339
2818,14281,14282,0,0.20858322979353799,0,-0.1229579067608032,0.20858284220658327,0,-0.12295829434775793,3.8758695472540516e-07
2819,14285,14286,0,0.038495483820276274,0,-0.29304565273406491,0.038498196137384068,0,-0.29304294041695711,2.7123171077933494e-06
2820,14303,14304,0,0.28787423586881311,0,-0.043666900685528087,0.28786977909189904,0,-0.043671357462442162,4.4567769140746449e-06
2821,14304,14305,0,0.1422646853518828,0,-0.1892764512024584,0.14224807614034832,0,-0.18929306041399288,1.6609211534485135e-05
2822,14307,14308,0,0.036062968433603682,0,-0.29547816812073752,0.036018854082542809,0,-0.2955222824717984,4.4114351060872692e-05
2823,14308,14309,0,0.1091540266794593,0,-0.22238710987488192,0.10913123715771247,0,-0.22240989939662872,2.2789521746821584e-05
2824,14318,14319,0,0.092780557535277378,0,-0.23876057901906383,0.092751432424915931,0,-0.23878970412942527,2.9125110361447049e-05
2825,14319,14320,0,0.10102925164020615,0,-0.23051188491413505,0.10088858051191381,0,-0.2306525560424274,0.00014067112829234396
2826,14326,14327,0,0.11683382085241731,0,-0.21470731570192389,0.11687794090231894,0,-0.21466319565202224,4.4120049901633096e-05
2827,14330,14331,1,0.70157255557858478,1,0.37003141902424358,0.7015343760707764,1,0.3699932395164352,3.8179507808377977e-05
2828,14331,14332,0,0.10612365461849019,0,-0.22541748193585101,0.10613410935877959,0,-0.2254070271955616,1.0454740289406184e-05
2829,14336,14337,0,0,0,-0.3315411365543412,4.9311295401430859e-08,0,-0.33154108724304582,4.9311295401430859e-08
2830,14340,14341,0,0.74868484820508585,1,0.41714371165074465,0.74866291963504972,1,0.41712178308070852,2.1928570036133799e-05
2831,14346,14347,0,0.044433117459610191,0,-0.28710801909473099,0.044460210164271333,0,-0.28708092639006988,2.7092704661141331e-05
2832,14353,14354,0,0.18347660843193087,0,-0.14806452812241033,0.18346713680272611,0,-0.14807399975161509,9.4716292047547501e-06
2833,14354,14355,1,0.44506558566517684,1,0.11352444911083565,0.44501452675906716,1,0.11347339020472597,5.1058906109680002e-05
2834,14356,14357,0,0.10403860005756618,0,-0.22750253649677502,0.10416659066606082,0,-0.22737454588828038,0.00012799060849463806
2835,14364,14365,0,0.23249924896240473,0,-0.099041887591936467,0.23251114945431325,0,-0.099029987100027944,1.1900491908523048e-05
2836,14369,14370,0,0.086487521269428672,0,-0.24505361528491254,0.086502255910419906,0,-0.24503888064392129,1.4734640991234671e-05
2837,14373,14374,1,0.18637266192046492,0,-0.14516847463387628,0.18637816308444338,0,-0.14516297346989782,5.501163978460788e-06
2838,14379,14380,0,0.045885636555791857,0,-0.28565549999854933,0.045929559227149683,0,-0.2856115773271915,4.3922671357825294e-05
2839,14394,14395,0,0.018140069801470444,0,-0.31340106675287077,0.01815365837903497,0,-0.31338747817530621,1.3588577564525861e-05
2840,14398,14399,0,0.027122832844734587,0,-0.3044183037096066,0.02713109434560108,0,-0.30441004220874013,8.2615008664931044e-06
2841,14400,14401,0,0.076683692327482539,0,-0.25485744422685863,0.076792427218602952,0,-0.25474870933573823,0.00010873489112041279
2842,14401,14402,0,0.2322804857949439,0,-0.099260650759397301,0.23227333909683509,0,-0.099267797457506107,7.1466981088064152e-06
2843,14412,14413,0,0.10242625990201094,0,-0.22911487665233027,0.10242394057736876,0,-0.22911719597697244,2.3193246421887581e-06
2844,14415,14416,0,0.031343559867352398,0,-0.30019757668698882,0.031415992530045719,0,-0.30012514402429546,7.2432662693321104e-05
2845,14417,14418,0,0.14489815397036598,0,-0.18664298258397521,0.14486075937144716,0,-0.18668037718289404,3.7394598918827349e-05
2846,14418,14419,0,0.65513094681630424,1,0.32358981026196304,0.6550980000736103,1,0.3235568635192691,3.2946742693940045e-05
2847,14421,14422,0,0.20220152427981675,0,-0.12933961227452445,0.20221687170332106,0,-0.12932426485102014,1.534742350431384e-05
2848,14422,14423,0,0.10680488412195552,0,-0.22473625243238568,0.10699878948436511,0,-0.22454234706997608,0.00019390536240959655
2849,14423,14424,0,0.15484390381227284,0,-0.17669723274206836,0.15484924301887404,0,-0.17669189353546716,5.3392066012014627e-06
2850,14424,14425,0,0.28226790739450186,0,-0.049273229159839338,0.28224330321354818,0,-0.049297833340793018,2.460418095368011e-05
2851,14432,14433,0,0.14288342860148467,0,-0.18865770795285652,0.14283297852839644,0,-0.18870815802594476,5.0450073088237346e-05
2852,14433,14434,0,0.11455109166152108,0,-0.21699004489282012,0.11434524315435224,0,-0.21719589339998896,0.00020584850716884318
2853,14434,14435,1,0.40840899887667165,1,0.076867862322330449,0.40840202816118482,1,0.076860891606843618,6.9707154868314802e-06
2854,14438,14439,0,0.18550637807974704,0,-0.14603475847459416,0.18549657551303342,0,-0.14604456104130778,9.8025667136236727e-06
2855,14439,14440,1,0.76489738731594437,1,0.43335625076160317,0.76489384706219288,1,0.43335271050785168,3.5402537514883647e-06
2856,14440,14441,0,0.14362289112187518,0,-0.18791824543246602,0.14363259403336789,0,-0.1879085425209733,9.7029114927149607e-06
2857,14444,14445,0,0.066581952093962629,0,-0.26495918446037858,0.066547321347662516,0,-0.2649938152066787,3.4630746300112758e-05
2858,14446,14447,1,0.71811649800220934,1,0.38657536144786814,0.71811383525398964,1,0.38657269869964844,2.6627482196950325e-06
2859,14464,14465,0,0.038406855479876906,0,-0.29313428107446426,0.03841678246340046,0,-0.29312435409094073,9.9269835235546444e-06
2860,14466,14467,0,0.073040129530958439,0,-0.25850100702338275,0.073006085426218253,0,-0.25853505112812292,3.404410474018571e-05
2861,14470,14471,1,0.55076700966768577,1,0.21922587311334457,0.55075508575506271,1,0.21921394920072151,1.1923912623057475e-05
2862,14471,14472,1,0.72225300415985527,1,0.39071186760551407,0.72229500567607896,1,0.39075386912173776,4.200151622368864e-05
2863,14480,14481,1,0.26074971825369975,0,-0.070791418300641451,0.26072666122119409,0,-0.070814475333147109,2.3057032505657826e-05
2864,14496,14497,1,0.11467319483680428,0,-0.21686794171753693,0.11454731759227219,0,-0.21699381896206901,0.00012587724453209936
2865,14499,14500,0,0.60882039330592497,1,0.27727925675158377,0.60883255507487433,1,0.27729141852053313,1.2161768949359164e-05
2866,14507,14508,0,0.058355292076966075,0,-0.27318584447737515,0.058363043325432747,0,-0.27317809322890846,7.7512484666711345e-06
2867,14513,14514,0,0.055963519784585157,0,-0.27557761676975606,0.055968471276320687,0,-0.27557266527802049,4.9514917355303334e-06
2868,14522,14523,0,0.21807227042814237,0,-0.11346886612619883,0.21807148096257856,0,-0.11346965559176264,7.8946556381076505e-07
2869,14524,14525,0,0.10062112294625314,0,-0.23092001360808806,0.10061943289896028,0,-0.23092170365538092,1.6900472928627064e-06
2870,14531,14532,0,0.1052818832616311,0,-0.2262592532927101,0.10541698609723696,0,-0.22612415045710424,0.00013510283560586034
2871,14532,14533,0,0.1551158814165107,0,-0.1764252551378305,0.15509447169018922,0,-0.17644666486415198,2.1409726321475198e-05
2872,14537,14538,1,0.10332091160448456,0,-0.22822022494985664,0.10335852906207704,0,-0.22818260749226416,3.7617457592481474e-05
2873,14541,14542,1,0.63179611996451968,1,0.30025498341017848,0.63183730099056945,1,0.30029616443622825,4.1181026049774694e-05
2874,14542,14543,1,0.75310351778532147,1,0.42156238123098028,0.7530438209730026,1,0.4215026844186614,5.9696812318876802e-05
2875,14548,14549,0,0.12855493277233934,0,-0.20298620378200186,0.12855641382476971,0,-0.20298472272957149,1.4810524303632278e-06
2876,14559,14560,0,0.053652978968318728,0,-0.27788815758602248,0.053602511575424908,0,-0.2779386249789163,5.0467392893820129e-05
2877,14561,14562,0,0.17562217848763728,0,-0.15591895806670392,0.17562883061310497,0,-0.15591230594123623,6.6521254676876751e-06
2878,14562,14563,1,0.78993412424533715,1,0.45839298769099596,0.7899357061446014,1,0.4583945695902602,1.5818992642468999e-06
2879,14567,14568,0,0.06100653074778465,0,-0.27053460580655653,0.061077135496078364,0,-0.27046400105826285,7.0604748293713604e-05
2880,14583,14584,1,0.39406568387416202,1,0.062524547319820822,0.39401739916858763,1,0.062476262614246436,4.8284705574386244e-05
2881,14584,14585,0,0.11653749304407737,0,-0.21500364351026383,0.1165425272014598,0,-0.2149986093528814,5.0341573824275176e-06
2882,14592,14593,0,0.087342797736433275,0,-0.24419833881790792,0.087363013903691625,0,-0.24417812265064959,2.0216167258349516e-05
2883,14593,14594,0,0.2659352334061178,0,-0.065605903148223399,0.26593311732306879,0,-0.065608019231272408,2.1160830490085658e-06
2884,14599,14600,0,0.10927852694232808,0,-0.22226260961201311,0.1092787716469069,0,-0.22226236490743428,2.4470457882230789e-07
2885,14601,14602,0,0.081842383954083123,0,-0.24969875260025809,0.081839011876561812,0,-0.24970212467777939,3.3720775213103016e-06
2886,14603,14604,0,0.13464037366423445,0,-0.19690076289010675,0.1347325257065709,0,-0.19680861084777029,9.2152042336451911e-05
2887,14605,14606,0,0.26005759380518262,0,-0.07148354274915858,0.26014870782975957,0,-0.071392428724581625,9.1114024576954833e-05
2888,14621,14622,0,0.040333728808472635,0,-0.29120740774586856,0.040333343937843678,0,-0.29120779261649754,3.848706289569237e-07
2889,14622,14623,0,0.052408042551418489,0,-0.27913309400292269,0.052385428288297418,0,-0.2791557082660438,2.2614263121070732e-05
2890,14632,14633,0,0.23037340304897866,0,-0.10116773350536254,0.23030263749298999,0,-0.10123849906135121,7.076555598867218e-05
2891,14634,14635,0,0.0069925104397551311,0,-0.32454862611458607,0.007018662607806537,0,-0.32452247394653466,2.6152168051405897e-05
2892,14641,14642,0,0.17575530926194402,0,-0.15578582729239718,0.17577023669481492,0,-0.15577089985952627,1.4927432870903701e-05
2893,14646,14647,0,0.59418873571053343,1,0.26264759915619224,0.59423243706721196,1,0.26269130051287076,4.3701356678527148e-05
2894,14661,14662,0,0.16973758025038352,0,-0.16180355630395768,0.16977722573118736,0,-0.16176391082315383,3.9645480803846e-05
2895,14662,14663,0,0.034640274161019266,0,-0.29690086239332192,0.034663068864684815,0,-0.29687806768965641,2.2794703665549032e-05
2896,14672,14673,0,0.1528636148463802,0,-0.178677521707961,0.15287189594012396,0,-0.17866924061421724,8.281093743761625e-06
2897,14673,14674,0,0.19474109712405313,0,-0.13680003943028807,0.19469363812833013,0,-0.13684749842601107,4.7458995723004271e-05
2898,14682,14683,0,0.44738401140839662,1,0.11584287485405542,0.44732544428548759,1,0.1157843077311464,5.856712290902566e-05
2899,14683,14684,0,0.075431843497025142,0,-0.25610929305731606,0.07547151491313922,0,-0.25606962164120195,3.9671416114078761e-05
2900,14684,14685,0,0.15165951110234924,0,-0.17988162545199196,0.15168893409492332,0,-0.17985220245941788,2.9422992574079654e-05
2901,14690,14691,1,0.21785676934034703,0,-0.11368436721399416,0.21815310495906381,0,-0.11338803159527738,0.00029633561871678094
2902,14691,14692,1,0.70122208564625965,1,0.36968094909191845,0.70122322666173054,1,0.36968209010738934,1.1410154708846321e-06
2903,14696,14697,0,0.1696130496295572,0,-0.161928086924784,0.16960642061684961,0,-0.16193471593749159,6.6290127075929739e-06
2904,14701,14702,0,0.13096862061620407,0,-0.20057251593813713,0.1309548663409818,0,-0.2005862702133594,1.3754275222266354e-05
2905,14704,14705,0,0.096061556380469287,0,-0.23547958017387191,0.096069793434485212,0,-0.23547134311985599,8.2370540159248939e-06
2906,14707,14708,1,0.4941559629891541,1,0.1626148264348129,0.49417133254479884,1,0.16263019599045764,1.5369555644739741e-05
2907,14717,14718,0,0.70210103498735121,1,0.37055989843301002,0.701975825042088,1,0.3704346884877468,0.00012520994526321605
2908,14722,14723,1,0.70928161105982901,1,0.37774047450548781,0.70945974725877947,1,0.37791861070443827,0.00017813619895046262
2909,14723,14724,0,0.048273940910165528,0,-0.28326719564417568,0.048279248890371891,0,-0.28326188766396931,5.3079802063635273e-06
2910,14725,14726,0,0.085448625220626642,0,-0.24609251133371457,0.08547004352896577,0,-0.24607109302537544,2.1418308339127279e-05
2911,14727,14728,1,0.095870427505387115,0,-0.2356707090489541,0.09601682879448184,0,-0.23552430775985936,0.00014640128909472472
2912,14736,14737,0,0.035325775433763182,0,-0.296215361120578,0.035361688257563022,0,-0.29617944829677817,3.5912823799839899e-05
2913,14740,14741,0,0.224031466257469,0,-0.1075096702968722,0.22408670254803273,0,-0.10745443400630847,5.5236290563726032e-05
2914,14748,14749,0,0.14393365862275678,0,-0.18760747793158442,0.14395059501627203,0,-0.18759054153806917,1.6936393515243342e-05
2915,14752,14753,0,0.064518492628700366,0,-0.26702264392564085,0.064502749113930405,0,-0.26703838744041081,1.5743514769961386e-05
2916,14757,14758,0,0.6811188370858734,1,0.3495777005315322,0.68118058109549995,1,0.34963944454115875,6.1744009626552021e-05
2917,14761,14762,0,0.24308672559663486,0,-0.088454410957706342,0.24305254209419938,0,-0.088488594460141817,3.4183502435475299e-05
2918,14763,14764,1,0.62214872945455613,1,0.29060759290021493,0.62207138684982766,1,0.29053025029548646,7.7342604728469766e-05
2919,14766,14767,1,0.093123312955488785,0,-0.23841782359885241,0.093108896697271473,0,-0.23843223985706974,1.441625821731185e-05
2920,14768,14769,0,0.063529748975782688,0,-0.26801138757855852,0.063408249931811794,0,-0.26813288662252943,0.00012149904397089351
2921,14786,14787,1,0.090832106389463207,0,-0.24070903016487799,0.090828784501223683,0,-0.24071235205311753,3.3218882395241733e-06
2922,14793,14794,1,0.68936886528325858,1,0.35782772872891738,0.68937289167254234,1,0.35783175511820114,4.0263892837621995e-06
2923,14800,14801,1,0.18182298376857695,0,-0.14971815278576425,0.18180034068481832,0,-0.14974079586952288,2.264308375862778e-05
2924,14801,14802,0,0.22483805509243848,0,-0.10670308146190272,0.22479937264074287,0,-0.10674176391359833,3.8682451695609688e-05
2925,14805,14806,0,0.70306579014119253,1,0.37152465358685133,0.70309658338015024,1,0.37155544682580904,3.0793238957715907e-05
2926,14807,14808,0,0.51069238606815104,1,0.17915124951380984,0.51070295552346856,1,0.17916181896912736,1.0569455317521737e-05
2927,14811,14812,0,0.13839670313417363,0,-0.19314443342016757,0.13839988912723997,0,-0.19314124742710123,3.1859930663402647e-06
2928,14814,14815,0,0.19183080471901667,0,-0.13971033183532452,0.19187042794011491,0,-0.13967070861422629,3.9623221098239458e-05
2929,14818,14819,0,0.13233011189240687,0,-0.19921102466193433,0.13235572815147881,0,-0.19918540840286239,2.5616259071936653e-05
2930,14821,14822,0,0.15260678802985422,0,-0.17893434852448697,0.1526010430332824,0,-0.1789400935210588,5.7449965718270324e-06
2931,14822,14823,1,0.094869428658646462,0,-0.23667170789569475,0.094884132084557968,0,-0.23665700446978322,1.4703425911505308e-05
2932,14823,14824,0,0.12885852541692147,0,-0.20268261113741973,0.12874106260330997,0,-0.20280007395103122,0.00011746281361149635
2933,14834,14835,0,0.04400045350317662,0,-0.28754068305116459,0.044032451008510005,0,-0.2875086855458312,3.1997505333385134e-05
2934,14835,14836,0,0.081107575190967993,0,-0.25043356136337319,0.081198402972757086,0,-0.2503427335815841,9.0827781789093454e-05
2935,14855,14856,0,0.14153083607233763,0,-0.19001030048200357,0.14152659417555907,0,-0.19001454237878213,4.2418967785562423e-06
2936,14860,14861,0,0.64711668552120205,1,0.31557554896686085,0.6471108055090572,1,0.315569668954716,5.8800121448543408e-06
2937,14862,14863,0,0.07606108805727807,0,-0.25548004849706313,0.076021796420759402,0,-0.2555193401335818,3.9291636518667961e-05
2938,14864,14865,1,0.34328762859197609,1,0.011746492037634892,0.34119846723938135,1,0.0096573306850401552,0.0020891613525947372
2939,14873,14874,1,0.36298857654813366,1,0.031447439993792459,0.36292213033165355,1,0.031380993777312349,6.6446216480109399e-05
2940,14879,14880,0,0.025886952673948093,0,-0.30565418388039312,0.025919619235131235,0,-0.30562151731920995,3.2666561183142262e-05
2941,14881,14882,0,0.5194966217690411,1,0.1879554852146999,0.51951108798024148,1,0.18796995142590028,1.4466211200381274e-05
2942,14882,14883,0,0.25298299967152077,0,-0.078558136882820429,0.25297176504393576,0,-0.078569371510405439,1.1234627585010593e-05
2943,14883,14884,1,0.64056644728626599,1,0.3090253107319248,0.6405185166502374,1,0.3089773800958962,4.7930636028592488e-05
2944,14884,14885,1,0.2411739560713714,0,-0.090367180482969794,0.24118321681657121,0,-0.090357919737769993,9.2607451998016899e-06
2945,14888,14889,0,0.33221746700790084,1,0.00067633045355963706,0.32942550195091841,0,-0.0021156346034227891,0.0027919650569824261
2946,14890,14891,0,0.1970845600261116,0,-0.13445657652822959,0.19706574869055193,0,-0.13447538786378926,1.881133555967085e-05
2947,14899,14900,0,0.05870276846909242,0,-0.27283836808524875,0.058708461857794485,0,-0.27283267469654671,5.6933887020646501e-06
2948,14902,14903,0,0.036223551721453938,0,-0.29531758483288728,0.036245373072830531,0,-0.29529576348151065,2.1821351376592746e-05
2949,14911,14912,0,0.10595284110030288,0,-0.2255882954540383,0.10593372629168925,0,-0.22560741026265196,1.9114808613635015e-05
2950,14914,14915,1,0.80257267668988264,1,0.47103154013554144,0.80255966876458018,1,0.47101853221023898,1.3007925302455092e-05
2951,14915,14916,0,0.058143007387431188,0,-0.27339812916691003,0.058147637257553363,0,-0.27339349929678786,4.6298701221747507e-06
2952,14919,14920,0,0.11754851105221681,0,-0.21399262550212439,0.11755605193397028,0,-0.21398508462037091,7.5408817534761141e-06
2953,14922,14923,0,0.656093804261487,1,0.3245526677071458,0.65608299017978389,1,0.32454185362544269,1.0814081703114375e-05
2954,14924,14925,0,0.072072214042902219,0,-0.25946892251143899,0.072074692114599256,0,-0.25946644443974193,2.4780716970373984e-06
2955,14926,14927,0,0.086889638153859639,0,-0.24465149840048156,0.086892182750730046,0,-0.24464895380361115,2.5445968704074229e-06
2956,14927,14928,1,0.3554354242285328,1,0.023894287674191605,0.35473718490276696,1,0.023196048348425757,0.00069823932576584813
2957,14936,14937,1,0.062387093581486738,0,-0.26915404297285445,0.062362095870521911,0,-0.26917904068381926,2.4997710964827502e-05
2958,14940,14941,0,0.13634655159811154,0,-0.19519458495622966,0.1361406924848288,0,-0.1954004440695124,0.00020585911328274697
2959,14944,14945,0,0.10408379790163538,0,-0.22745733865270581,0.10406352089349677,0,-0.22747761566084443,2.0277008138613883e-05
2960,14945,14946,1,0.23328518396656492,0,-0.09825595258777628,0.23330384314704197,0,-0.098237293407299225,1.8659180477054171e-05
2961,14955,14956,0,0.097346456820538607,0,-0.23419467973380259,0.097228779076373895,0,-0.2343123574779673,0.00011767774416471255
2962,14956,14957,0,0.12484192270845028,0,-0.20669921384589091,0.12510858826197366,0,-0.20643254829236754,0.00026666555352337917
2963,14959,14960,0,0.21565397652315543,0,-0.11588716003118577,0.21567009749566179,0,-0.1158710390586794,1.6120972506361575e-05
2964,14961,14962,0,0.254315996750412,0,-0.077225139803929199,0.25432203493958527,0,-0.077219101614755925,6.0381891732741444e-06
2965,14965,14966,0,0.17896133697425234,0,-0.15257979958008885,0.17899260886298013,0,-0.15254852769136107,3.1271888727785191e-05
2966,14967,14968,0,0.10341526812566829,0,-0.22812586842867291,0.1034320533403936,0,-0.2281090832139476,1.6785214725312247e-05
2967,14969,14970,1,0.093518531646589784,0,-0.2380226049077514,0.09344644275260662,0,-0.23809469380173459,7.2088893983163205e-05
2968,14971,14972,1,0.33737059531691949,1,0.0058294587625782879,0.33739396145630768,1,0.0058528249019664802,2.336613938819232e-05
2969,14973,14974,1,0.78105274463665464,1,0.44951160808231344,0.78094786004372252,1,0.44940672348938132,0.0001048845929321196
2970,14975,14976,1,0.1456887433037915,0,-0.1858523932505497,0.14568552786047562,0,-0.18585560869386558,3.2154433158848583e-06
2971,14980,14981,1,0.70651245969120158,1,0.37497132313686038,0.70653688091556199,1,0.3749957443612208,2.4421224360415827e-05
2972,14989,14990,0,0.18385316558604553,0,-0.14768797096829567,0.18388708808707582,0,-0.14765404846726538,3.3922501030292374e-05
2973,14995,14996,0,0.21519899445609175,0,-0.11634214209824945,0.21518681391066913,0,-0.11635432264367207,1.2180545422624256e-05
2974,15016,15017,0,0.53506993940311698,1,0.20352880284877578,0.53506702528710814,1,0.20352588873276695,2.9141160088341778e-06
2975,15018,15019,0,0.37094557176681203,1,0.039404435212470834,0.37087457389626238,1,0.039333437341921185,7.0997870549649456e-05
2976,15020,15021,0,0.59305954131764704,1,0.26151840476330585,0.59315090421741989,1,0.2616097676630787,9.1362899772851058e-05
2977,15024,15025,0,0.44100819014645964,1,0.10946705359211845,0.44088803415089622,1,0.10934689759655503,0.00012015599556342016
2978,15028,15029,0,0.058202993228773106,0,-0.27333814332556811,0.058208984992864539,0,-0.27333215156147667,5.9917640914328163e-06
2979,15030,15031,1,0.71054729246828852,1,0.37900615591394732,0.7105522282739406,1,0.3790110917195994,4.9358056520842908e-06
2980,15033,15034,1,0.76747006212780366,1,0.43592892557346247,0.76746888769022559,1,0.43592775113588439,1.1744375780775584e-06
2981,15037,15038,0,0.31592640156927776,0,-0.015614734985063439,0.31590852591219876,0,-0.015632610642142442,1.7875657079002849e-05
2982,15041,15042,0,0.090427228380128413,0,-0.2411139081742128,0.090458021414350623,0,-0.24108311513999059,3.0793034222209581e-05
2983,15048,15049,0,0.18523907756479979,0,-0.14630205898954141,0.18524427852237493,0,-0.14629685803196626,5.2009575751410519e-06
2984,15051,15052,0,0.045969298432782697,0,-0.28557183812155851,0.045984555124850571,0,-0.28555658142949064,1.5256692067873445e-05
2985,15056,15057,0,0.55442030115204155,1,0.22287916459770035,0.55444497048218633,1,0.22290383392784513,2.4669330144777568e-05
2986,15066,15067,0,0.13624952034067161,0,-0.19529161621366958,0.13604037140288189,0,-0.19550076515145931,0.0002091489377897271
2987,15074,15075,0,0.2044512324358112,0,-0.12708990411852999,0.20449860907895587,0,-0.12704252747538533,4.7376643144664277e-05
2988,15075,15076,0,0.0072492849742598507,0,-0.32429185158008134,0.0072733551350345213,0,-0.32426778141930668,2.4070160774670654e-05
2989,15083,15084,0,0.078481712418771624,0,-0.25305942413556959,0.078461570380334744,0,-0.25307956617400645,2.014203843687945e-05
2990,15084,15085,1,0.14377810535197866,0,-0.18776303120236254,0.14377128935144895,0,-0.18776984720289225,6.8160005297079884e-06
2991,15085,15086,0,0.097161332018487298,0,-0.23437980453585389,0.097140491310910404,0,-0.23440064524343079,2.0840707576894046e-05
2992,15088,15089,0,0.57624908255897511,1,0.24470794600463391,0.57624589191879871,1,0.24470475536445752,3.1906401763981407e-06
2993,15089,15090,0,0.15181244281002176,0,-0.17972869374431943,0.1516920319608307,0,-0.1798491045935105,0.00012041084919106604
2994,15096,15097,0,0.12678511661097128,0,-0.20475601994336992,0.1267977693142954,0,-0.2047433672400458,1.2652703324123049e-05
2995,15101,15102,0,0.13377812740184483,0,-0.19776300915249637,0.13380806294671221,0,-0.19773307360762898,2.9935544867382147e-05
2996,15102,15103,0,0.31344800412548524,0,-0.018093132428855963,0.31346122334118154,0,-0.01807991321315966,1.3219215696302911e-05
2997,15104,15105,0,0.17603887937831,0,-0.15550225717603119,0.17604144567200014,0,-0.15549969088234106,2.5662936901371669e-06
2998,15110,15111,0,0.54283439967219338,1,0.21129326311785218,0.54283894612406958,1,0.21129780956972838,4.5464518761972883e-06
2999,15112,15113,0,0.32391633422287519,0,-0.0076248023314660074,0.32392155614894419,0,-0.0076195804053970084,5.2219260689989611e-06
3000,15117,15118,0,0.67109654541475561,1,0.33955540886041441,0.67104747000864273,1,0.33950633345430153,4.9075406112875086e-05
3001,15119,15120,1,0.63258815773685972,1,0.30104702118251853,0.63256918960267627,1,0.30102805304833508,1.8968134183450225e-05
3002,15122,15123,0,0.15997411559964883,0,-0.17156702095469237,0.16002793230637738,0,-0.17151320424796382,5.381670672854888e-05
3003,15139,15140,1,0.13479197985689406,0,-0.19674915669744714,0.13475531945207284,0,-0.19678581710226836,3.6660404821226011e-05
3004,15142,15143,0,0.098490161504953724,0,-0.23305097504938749,0.098496959169902976,0,-0.23304417738443822,6.7976649492512697e-06
3005,15143,15144,0,0.026087196055299324,0,-0.3054539404990419,0.026105087667637476,0,-0.30543604888670373,1.7891612338151452e-05
3006,15144,15145,0,0.073190491621927367,0,-0.25835064493241383,0.073054253425104965,0,-0.25848688312923623,0.00013623819682240246
3007,15151,15152,1,0.66023484296127155,1,0.32869370640693035,0.66022127494076221,1,0.32868013838642102,1.356802050933581e-05
3008,15156,15157,0,0.10820384491027021,0,-0.22333729164407098,0.1082391769110196,0,-0.22330195964332161,3.5332000749385695e-05
3009,15159,15160,0,0.58083395997081755,1,0.24929282341647635,0.58084987328322479,1,0.2493087367288836,1.591331240724525e-05
3010,15160,15161,1,0.69030355861537185,1,0.35876242206103065,0.69020855360981925,1,0.35866741705547805,9.5005005552595279e-05
3011,15161,15162,0,0.13924004786381053,0,-0.19230108869053067,0.13940467767658674,0,-0.19213645887775446,0.00016462981277620692
3012,15166,15167,0,0.08371530776596306,0,-0.24782582878837814,0.083731545164669047,0,-0.24780959138967215,1.6237398705987172e-05
3013,15167,15168,0,0.16039379885845481,0,-0.17114733769588639,0.16045984091033916,0,-0.17108129564400204,6.6042051884346309e-05
3014,15170,15171,0,0.082352898566032062,0,-0.24918823798830914,0.082370515263794533,0,-0.24917062129054668,1.7616697762470879e-05
3015,15177,15178,0,0.22051199890424961,0,-0.11102913765009159,0.22070305972307838,0,-0.11083807683126282,0.00019106081882877546
3016,15180,15181,1,0.71366192871721568,1,0.38212079216287448,0.71357549678358889,1,0.38203436022924769,8.6431933626784918e-05
3017,15183,15184,0,0.10229866015613312,0,-0.22924247639820808,0.10234754878309382,0,-0.22919358777124738,4.8888626960702508e-05
3018,15191,15192,0,0.098287873073542337,0,-0.23325326348079886,0.098430257173333729,0,-0.23311087938100747,0.00014238409979139277
3019,15195,15196,0,0.10851846136477009,0,-0.22302267518957111,0.10858411134939167,0,-0.22295702520494953,6.5649984621579671e-05
3020,15197,15198,0,0.11056923041870495,0,-0.22097190613563625,0.11060802739365747,0,-0.22093310916068373,3.8796974952515217e-05
3021,15200,15201,1,0.7098623030460911,1,0.37832116649174991,0.70984281360398649,1,0.37830167704964529,1.9489442104614341e-05
3022,15201,15202,1,0.71231048028553245,1,0.38076934373119126,0.71229251144319683,1,0.38075137488885563,1.7968842335625013e-05
3023,15208,15209,0,0.221092112132067,0,-0.11044902442227419,0.22104748509592856,0,-0.11049365145841264,4.4627036138444875e-05
3024,15212,15213,1,0,0,-0.3315411365543412,0.089739894065719569,0,-0.24180124248862161,0.089739894065719569
3025,15223,15224,1,0.1261134052396862,0,-0.205427731314655,0.12603115455234998,0,-0.20550998200199122,8.2250687336221651e-05
3026,15224,15225,0,0.180369032814192,0,-0.15117210374014919,0.18065722849828683,0,-0.15088390805605437,0.00028819568409482743
3027,15225,15226,1,0.61502282639423811,1,0.28348168983989691,0.61503953176670756,1,0.28349839521236636,1.6705372469449919e-05
3028,15228,15229,0,0.6885459442056916,1,0.3570048076513504,0.68845113994594842,1,0.35691000339160722,9.4804259743175301e-05
3029,15242,15243,0,0.10493816611557173,0,-0.22660297043876948,0.10479114107303553,0,-0.22674999548130567,0.00014702504253620574
3030,15249,15250,0,0.052822968398809123,0,-0.27871816815553208,0.052817743388604073,0,-0.27872339316573713,5.2250102050496738e-06
3031,15253,15254,0,0.0090297024385759071,0,-0.32251143411576527,0.0090353649768521154,0,-0.32250577157748911,5.6625382762083565e-06
3032,15255,15256,0,0.114928727582009,0,-0.21661240897233219,0.11493904952629576,0,-0.21660208702804545,1.0321944286753593e-05
3033,15258,15259,0,0.29507043618237749,0,-0.036470700371963705,0.29553162613819828,0,-0.03600951041614292,0.00046118995582078437
3034,15263,15264,0,0.092123285477974493,0,-0.23941785107636671,0.092218809514387615,0,-0.2393223270399536,9.5524036413122126e-05
3035,15265,15266,0,0.093023817405700995,0,-0.23851731914864022,0.092998194601088532,0,-0.23854294195325265,2.5622804612462913e-05
3036,15267,15268,0,0.53084292276200162,1,0.19930178620766043,0.53092518244590658,1,0.19938404589156539,8.2259683904961634e-05
3037,15270,15271,1,0.11277988244767617,0,-0.21876125410666503,0.1124904153859437,0,-0.21905072116839749,0.00028946706173246795
3038,15279,15280,1,0.54047437111567576,1,0.20893323456133456,0.54048295916437217,1,0.20894182261003097,8.5880486964118319e-06
3039,15282,15283,0,0.035855865991434047,0,-0.29568527056290717,0.035737559732545068,0,-0.29580357682179614,0.00011830625888897828
3040,15284,15285,0,0.03075515775162601,0,-0.30078597880271518,0.030751958743451834,0,-0.30078917781088937,3.1990081741754828e-06
3041,15288,15289,0,0.058652891380713362,0,-0.27288824517362786,0.058654535071290557,0,-0.27288660148305066,1.6436905771952115e-06
3042,15296,15297,0,0.16703177105371819,0,-0.16450936550062301,0.16703474726049,0,-0.1645063892938512,2.976206771809764e-06
3043,15300,15301,0,0.10974392119427191,0,-0.2217972153600693,0.10974265537496956,0,-0.22179848117937162,1.2658193023484809e-06
3044,15303,15304,1,0.094056717001210779,0,-0.23748441955313043,0.094004789252620541,0,-0.23753634730172066,5.1927748590238632e-05
3045,15304,15305,0,0.12726208153711777,0,-0.20427905501722343,0.12726721276897535,0,-0.20427392378536585,5.1312318575802429e-06
3046,15308,15309,0,0.61131380410170544,1,0.27977266754736424,0.61143161517885258,1,0.27989047862451139,0.00011781107714714523
3047,15309,15310,0,0.10892260224116085,0,-0.22261853431318035,0.10892400147590187,0,-0.22261713507843933,1.3992347410174411e-06
3048,15311,15312,0,0.20052319224449114,0,-0.13101794430985006,0.20034899048273347,0,-0.13119214607160773,0.00017420176175766966
3049,15312,15313,0,0.11205760635073414,0,-0.21948353020360706,0.11203698328931488,0,-0.21950415326502631,2.0623061419255961e-05
3050,15316,15317,1,0.62563694861661456,1,0.29409581206227337,0.6256110509543712,1,0.29406991440003,2.5897662243368202e-05
3051,15330,15331,0,0.050386167950458201,0,-0.281154968603883,0.050377873933053922,0,-0.28116326262128727,8.2940174042783754e-06
3052,15336,15337,0,0.19035561274084867,0,-0.14118552381349253,0.19029348648136854,0,-0.14124765007297266,6.212625948012751e-05
3053,15348,15349,0,0.085255265341441427,0,-0.24628587121289977,0.085268002864263948,0,-0.24627313369007725,1.2737522822520164e-05
3054,15352,15353,0,0.30831688895980774,0,-0.023224247594533454,0.30877314213459162,0,-0.022767994419749582,0.00045625317478387162
3055,15360,15361,0,0.20458882549859883,0,-0.12695231105574237,0.20459834647126438,0,-0.12694279008307682,9.5209726655443028e-06
3056,15362,15363,0,0.047694113940414881,0,-0.2838470226139263,0.047641852769728793,0,-0.28389928378461238,5.2261170686088154e-05
3057,15367,15368,0,0.40181707195539285,1,0.070275935401051648,0.4018067838838329,1,0.070265647329491698,1.0288071559949596e-05
3058,15373,15374,0,0.021618802653432096,0,-0.30992233390090912,0.021610630374253877,0,-0.30993050618008733,8.1722791782194715e-06
3059,15375,15376,0,0.052945583011288842,0,-0.27859555354305238,0.052997649940068281,0,-0.27854348661427292,5.2066928779438693e-05
3060,15385,15386,1,0.25553331966500953,0,-0.07600781688933167,0.25545370762701441,0,-0.076087428927326783,7.9612037995113738e-05
3061,15386,15387,0,0.15472667664849005,0,-0.17681445990585115,0.15470659267032991,0,-0.17683454388401129,2.0083978160140292e-05
3062,15387,15388,0,0.079391325986828243,0,-0.25214981056751296,0.079393561953935418,0,-0.25214757460040577,2.2359671071753295e-06
3063,15393,15394,0,0.093975579623934657,0,-0.23756555693040654,0.093959121701635048,0,-0.23758201485270614,1.6457922299609185e-05
3064,15397,15398,0,0.08450288678090595,0,-0.24703824977343525,0.084516790874180778,0,-0.24702434568016041,1.3904093274827445e-05
3065,15399,15400,0,0.1426185069229948,0,-0.1889226296313464,0.14263444285489668,0,-0.18890669369944452,1.5935931901883693e-05
3066,15400,15401,0,0.65602327934129845,1,0.32448214278695725,0.65602643791355852,1,0.32448530135921733,3.1585722600757649e-06
3067,15402,15403,0,0.13920924104138419,0,-0.19233189551295701,0.13922139820886886,0,-0.19231973834547234,1.2157167484677656e-05
3068,15405,15406,0,0.13368832981170817,0,-0.19785280674263303,0.13369503536585109,0,-0.19784610118849011,6.7055541429217325e-06
3069,15407,15408,0,0.043968964145572782,0,-0.28757217240876842,0.04387088357315385,0,-0.28767025298118737,9.8080572418932088e-05
3070,15416,15417,0,0.081222768632869383,0,-0.25031836792147183,0.081220804256488921,0,-0.25032033229785228,1.9643763804616521e-06
3071,15421,15422,1,0.57308090613159757,1,0.24153976957725637,0.5730441844429166,1,0.24150304788857541,3.6721688680962927e-05
3072,15422,15423,0,0.048862335448870649,0,-0.28267880110547056,0.048866793924092856,0,-0.28267434263024832,4.4584752222076585e-06
3073,15423,15424,0,0.25840941617433144,0,-0.073131720380009757,0.2584398747715157,0,-0.0731012617828255,3.0458597184257474e-05
3074,15424,15425,1,0.62850368896540199,1,0.29696255241106079,0.62848950947922699,1,0.2969483729248858,1.4179486174992206e-05
3075,15425,15426,0,0.037756002548060656,0,-0.29378513400628053,0.037760145732051463,0,-0.29378099082228976,4.1431839908068202e-06
3076,15449,15450,0,0.018837819651840945,0,-0.31270331690250025,0.018842175975190077,0,-0.31269896057915114,4.3563233491326903e-06
3077,15452,15453,0,0.21648190200662606,0,-0.11505923454771513,0.21650027298326657,0,-0.11504086357107463,1.8370976640508241e-05
3078,15454,15455,1,0.6144132898270116,1,0.2828721532726704,0.61438486938545112,1,0.28284373283110992,2.8420441560483845e-05
3079,15457,15458,0,0.37009985447991228,1,0.038558717925571084,0.37010644296111461,1,0.038565306406773414,6.5884812023297989e-06
3080,15460,15461,0,0.13506943006746827,0,-0.19647170648687293,0.13511907742980264,0,-0.19642205912453856,4.9647362334370726e-05
3081,15462,15463,0,0.21154879548076672,0,-0.11999234107357448,0.21158235913674744,0,-0.11995877741759375,3.3563655980728413e-05
3082,15464,15465,0,0.15553230639006649,0,-0.17600883016427471,0.15553732648583626,0,-0.17600381006850493,5.0200957697754678e-06
3083,15468,15469,1,0.50852152471455048,1,0.17698038816020928,0.50515988322711813,1,0.17361874667277694,0.003361641487432343
3084,15469,15470,1,0.7523454408924849,1,0.4208043043381437,0.752313477700291,1,0.4207723411459498,3.1963192193895651e-05
3085,15478,15479,0,0.10160039481725204,0,-0.22994074173708917,0.10159250847769476,0,-0.22994862807664646,7.8863395572836836e-06
3086,15482,15483,0,0.11140294348437112,0,-0.22013819306997007,0.11139854661210179,0,-0.2201425899422394,4.3968722693299434e-06
3087,15491,15492,0,0.11130271112906674,0,-0.22023842542527444,0.11136095014251561,0,-0.22018018641182557,5.8239013448868615e-05
3088,15497,15498,1,0.68185693819168836,1,0.35031580163734716,0.68185690353249861,1,0.35031576697815742,3.4659189740438023e-08
3089,15506,15507,0,0.19986220546807593,0,-0.13167893108626527,0.19986086025304273,0,-0.13168027630129847,1.3452150331993984e-06
3090,15513,15514,1,0.16911073260936998,0,-0.16243040394497121,0.16911757304948596,0,-0.16242356350485523,6.8404401159793959e-06
3091,15519,15520,0,0.11406558259989194,0,-0.21747555395444926,0.11403560233448727,0,-0.21750553421985391,2.998026540466936e-05
3092,15520,15521,0,0.10479469815578074,0,-0.22674643839856046,0.10480516187822596,0,-0.22673597467611523,1.0463722445216983e-05
3093,15523,15524,0,0.030900283371768738,0,-0.30064085318257244,0.030964599014129287,0,-0.30057653754021191,6.4315642360548986e-05
3094,15525,15526,0,0.16020158140088966,0,-0.17133955515345153,0.16020065446820575,0,-0.17134048208613545,9.2693268391452754e-07
3095,15527,15528,0,0.11795878226568875,0,-0.21358235428865247,0.11778916537905899,0,-0.21375197117528222,0.00016961688662975316
3096,15529,15530,0,0.0098529843529004089,0,-0.32168815220144081,0.0098542792764259,0,-0.32168685727791529,1.2949235254910985e-06
3097,15531,15532,1,0.24559556523201259,0,-0.085945571322328607,0.24559707399020034,0,-0.085944062564140861,1.5087581877459844e-06
3098,15541,15542,0,0.062093801914276929,0,-0.26944733464006426,0.062088319737730581,0,-0.2694528168166106,5.4821765463480832e-06
3099,15545,15546,1,0.70994991076355629,1,0.37840877420921509,0.70990975902238862,1,0.37836862246804742,4.0151741167671062e-05
3100,15548,15549,1,0.010955824739772822,0,-0.3205853118145684,0.01095335655071146,0,-0.32058778000362975,2.4681890613623136e-06
3101,15557,15558,0,0.0081063936972692631,0,-0.32343474285707191,0.0081217087949745029,0,-0.32341942775936672,1.5315097705239852e-05
3102,15568,15569,0,0.10861048101303282,0,-0.22293065554130836,0.10861679750562882,0,-0.22292433904871239,6.3164925959979801e-06
3103,15573,15574,0,0.28615935159558753,0,-0.045381784958753668,0.28615920790518967,0,-0.045381928649151526,1.4369039785799842e-07
3104,15586,15587,0,0.17691790874676583,0,-0.15462322780757537,0.17691936738081424,0,-0.15462176917352696,1.4586340484068483e-06
3105,15588,15589,0,0.023445894345415632,0,-0.30809524220892559,0.023518981179955826,0,-0.30802215537438538,7.3086834540193879e-05
3106,15590,15591,0,0.18409639271731079,0,-0.14744474383703041,0.18395197757117596,0,-0.14758915898316524,0.0001444151461348353
3107,15593,15594,1,0.63849966689126636,1,0.30695853033692516,0.63842382402190223,1,0.30688268746756103,7.5842869364128873e-05
3108,15596,15597,0,0.16567058158999173,0,-0.16587055496434946,0.16559197288969446,0,-0.16594916366464674,7.8608700297272405e-05
3109,15599,15600,1,0.73480734843690965,1,0.40326621188256845,0.73479682001235025,1,0.40325568345800905,1.0528424559397287e-05
3110,15603,15604,0,0.12249292446409688,0,-0.20904821209024432,0.12250145008264465,0,-0.20903968647169655,8.5256185477777802e-06
3111,15613,15614,0,0.062695081866409028,0,-0.26884605468793216,0.062884049186394606,0,-0.26865708736794658,0.00018896731998557792
3112,15615,15616,1,0.62624673337415926,1,0.29470559681981806,0.62624396747809763,1,0.29470283092375643,2.7658960616294692e-06
3113,15617,15618,0,0,0,-0.3315411365543412,0.10337241159849221,0,-0.228168724955849,0.10337241159849221
3114,15618,15619,1,0.060960810892464933,0,-0.27058032566187629,0.06095846789358908,0,-0.27058266866075209,2.3429988758524867e-06
3115,15621,15622,0,0.045875112815913596,0,-0.28566602373842759,0.045934794154368026,0,-0.28560634239997318,5.9681338454430077e-05
3116,15635,15636,0,0.116273991990578,0,-0.2152671445637632,0.11628164372331282,0,-0.21525949283102838,7.6517327348146758e-06
3117,15639,15640,0,0.61686240031749973,1,0.28532126376315853,0.61694741840986256,1,0.28540628185552136,8.5018092362831865e-05
3118,15641,15642,0,0.15430149540830393,0,-0.17723964114603727,0.15423143536888798,0,-0.17730970118545322,7.0060039415953401e-05
3119,15653,15654,0,0.14443335014376146,0,-0.18710778641057974,0.14445712655732715,0,-0.18708400999701405,2.3776413565684829e-05
3120,15654,15655,0,0.06528306503312159,0,-0.26625807152121961,0.065294215391454746,0,-0.26624692116288645,1.1150358333156252e-05
3121,15659,15660,0,0.10878615985931847,0,-0.22275497669502273,0.10878771580921651,0,-0.22275342074512469,1.5559498980355357e-06
3122,15660,15661,0,0.25080701836619701,0,-0.080734118188144188,0.25080880848614395,0,-0.080732328068197245,1.7901199469427809e-06
3123,15666,15667,0,0.29582879120697886,0,-0.03571234534736234,0.2958659987742881,0,-0.035675137780053101,3.7207567309238687e-05
3124,15669,15670,0,0.19902706465004064,0,-0.13251407190430056,0.19904911761407632,0,-0.13249201894026488,2.2052964035679246e-05
3125,15674,15675,0,0.3480916415046007,1,0.016550504950259504,0.34808948774896659,1,0.016548351194625388,2.1537556341155728e-06
3126,15681,15682,1,0.37280750053210787,1,0.041266363977766674,0.37281316481757071,1,0.04127202826322951,5.6642854628363715e-06
3127,15683,15684,0,0.46407782071497977,1,0.13253668416063857,0.46406233272313513,1,0.13252119616879393,1.5487991844642668e-05
3128,15690,15691,0,0.17732918747461379,0,-0.15421194907972741,0.17741989177231077,0,-0.15412124478203043,9.0704297696975189e-05
3129,15692,15693,0,0.18395270261146984,0,-0.14758843394287136,0.18395855112114204,0,-0.14758258543319916,5.8485096721960783e-06
3130,15693,15694,0,0,0,-0.3315411365543412,8.4838794608525612e-08,0,-0.3315410517155466,8.4838794608525612e-08
3131,15697,15698,0,0.031864159183785254,0,-0.29967697737055593,0.031853501514990154,0,-0.29968763503935103,1.0657668795099884e-05
3132,15699,15700,0,0.48264263985113043,1,0.15110150329678923,0.48264679334158522,1,0.15110565678724402,4.1534904547946283e-06
3133,15702,15703,0,0.10691584102072763,0,-0.22462529553361357,0.10692780417605195,0,-0.22461333237828923,1.1963155324326569e-05
3134,15703,15704,0,0.18438707124892523,0,-0.14715406530541597,0.18405597164163812,0,-0.14748516491270308,0.00033109960728711085
3135,15705,15706,0,0.23094979211996602,0,-0.10059134443437517,0.23092901330627982,0,-0.10061212324806137,2.0778813686200825e-05
3136,15712,15713,0,0.31557732519421178,0,-0.015963811360129421,0.3154098061506091,0,-0.016131330403732103,0.00016751904360268188
3137,15717,15718,0,0.090250646244844981,0,-0.24129049030949623,0.09025124769493767,0,-0.24128988885940353,6.0145009268819383e-07
3138,15720,15721,0,0.096229198585068745,0,-0.23531193796927247,0.096258872901586773,0,-0.23528226365275443,2.9674316518027433e-05
3139,15722,15723,0,0.16851085838678168,0,-0.16303027816755952,0.1685932121378784,0,-0.1629479244164628,8.2353751096719829e-05
3140,15728,15729,0,0.11738820157478677,0,-0.21415293497955443,0.11739399925688346,0,-0.21414713729745774,5.7976820966865183e-06
3141,15730,15731,0,0.21638492272299389,0,-0.1151562138313473,0.2165656005777665,0,-0.1149755359765747,0.00018067785477260401
3142,15731,15732,0,0.1950320828942608,0,-0.1365090536600804,0.19501940244320123,0,-0.13652173411113996,1.2680451059565723e-05
3143,15743,15744,0,0.10633096884060503,0,-0.22521016771373617,0.10633510148726051,0,-0.2252060350670807,4.1326466554830743e-06
3144,15752,15753,0,0.63345849513773378,1,0.30191735858339258,0.63345859790606673,1,0.30191746135172554,1.0276833295463916e-07
3145,15757,15758,1,0.65231598801004242,1,0.32077485145570123,0.65231879345179022,1,0.32077765689744903,2.8054417477996196e-06
3146,15761,15762,0,0.1085121398429405,0,-0.2230289967114007,0.10851225622046562,0,-0.22302888033387558,1.1637752511672872e-07
3147,15764,15765,0,0.10698797471904431,0,-0.22455316183529689,0.10674133896685099,0,-0.22479979758749019,0.00024663575219331657
3148,15767,15768,0,0.21737492926826632,0,-0.11416620728607488,0.21737786871020562,0,-0.11416326784413558,2.9394419392980708e-06
3149,15769,15770,0,0.15836000523050203,0,-0.17318113132383917,0.15849498818348026,0,-0.17304614837086094,0.00013498295297822982
3150,15774,15775,1,0.73388770317435692,1,0.40234656662001572,0.73387718700816218,1,0.40233605045382098,1.0516166194740606e-05
3151,15777,15778,1,0.51199938098777165,1,0.18045824443343045,0.51200751012808809,1,0.1804663735737469,8.1291403164485132e-06
3152,15784,15785,1,0.70457868131589674,1,0.37303754476155554,0.7045408346212424,1,0.3729996980669012,3.7846694654342095e-05
3153,15787,15788,0,0.15562639062355405,0,-0.17591474593078715,0.15563769897386592,0,-0.17590343758047527,1.1308350311878268e-05
3154,15790,15791,0,0.11428484295225601,0,-0.2172562936020852,0.1143725177508563,0,-0.2171686188034849,8.7674798600292925e-05
3155,15793,15794,0,0.12343418035858199,0,-0.2081069561957592,0.1236148464529004,0,-0.20792629010144081,0.00018066609431841019
3156,15794,15795,0,0.17568791818728346,0,-0.15585321836705773,0.17562998743983985,0,-0.15591114911450135,5.7930747443618591e-05
3157,15799,15800,0,0.23466511627047273,0,-0.096876020283868464,0.23473732417655566,0,-0.096803812377785542,7.2207906082921713e-05
3158,15801,15802,0,0.07757938245524082,0,-0.25396175409910038,0.077585904850695539,0,-0.25395523170364565,6.5223954547194429e-06
3159,15806,15807,0,0.025896789212583718,0,-0.30564434734175749,0.025967739560902904,0,-0.30557339699343827,7.0950348319186174e-05
3160,15810,15811,1,0.58589229833230627,1,0.25435116177796507,0.58584948614319787,1,0.25430834958885667,4.281218910839879e-05
3161,15818,15819,0,0.02579315840370118,0,-0.30574797815064003,0.025830213291255847,0,-0.30571092326308535,3.7054887554666821e-05
3162,15821,15822,0,0.13046500919016621,0,-0.20107612736417499,0.13037106946676494,0,-0.20117006708757626,9.3939723401270658e-05
3163,15836,15837,0,0.17943027325476771,0,-0.15211086329957349,0.17955569141239597,0,-0.15198544514194523,0.00012541815762825981
3164,15847,15848,0,0.11115576615352753,0,-0.22038537040081368,0.11101948114957891,0,-0.22052165540476229,0.00013628500394861909
3165,15848,15849,0,0.12980183500853823,0,-0.20173930154580297,0.13015629678303683,0,-0.20138483977130436,0.0003544617744986045
3166,15859,15860,0,0.11703846608943291,0,-0.21450267046490828,0.11704332085052301,0,-0.21449781570381821,4.8547610900923077e-06
3167,15861,15862,1,0.58909809731637996,1,0.25755696076203877,0.58906622679405929,1,0.25752509023971809,3.1870522320676109e-05
3168,15868,15869,0,0.09922295359243373,0,-0.23231818296190748,0.099226960424289204,0,-0.23231417613005201,4.0068318554742355e-06
3169,15872,15873,0,0.034312915455957556,0,-0.29722822109838365,0.03436307483505352,0,-0.29717806171928768,5.0159379095963963e-05
3170,15877,15878,1,0.36907534861891711,1,0.037534212064575911,0.36812075510482889,1,0.036579618550487691,0.00095459351408822002
3171,15882,15883,0,0.09667510159974485,0,-0.23486603495459635,0.096631674291588074,0,-0.23490946226275311,4.3427308156776534e-05
3172,15886,15887,0,0.20168978714860569,0,-0.12985134940573551,0.20168503503996538,0,-0.12985610151437582,4.752108640315722e-06
3173,15887,15888,0,0.039958431002089408,0,-0.2915827055522518,0.039969949628657207,0,-0.29157118692568401,1.1518626567799672e-05
3174,15888,15889,0,0.38330153291115115,1,0.051760396356809957,0.38330283148671684,1,0.051761694932375646,1.2985755656891307e-06
3175,15889,15890,0,0.21335415129110188,0,-0.11818698526323931,0.21342504050429179,0,-0.11811609605004941,7.0889213189900824e-05
3176,15890,15891,1,0.51870874314818083,1,0.18716760659383963,0.51870075552409767,1,0.18715961896975647,7.9876240831611156e-06
3177,15897,15898,0,0.25593105928029675,0,-0.075610077274044452,0.25590134718891716,0,-0.075639789365424037,2.9712091379585637e-05
3178,15899,15900,0,0.10057322506446831,0,-0.23096791148987289,0.10057284623395504,0,-0.23096829032038615,3.7883051326459416e-07
3179,15900,15901,0,0.10682596512073055,0,-0.22471517143361064,0.10683298389633848,0,-0.2247081526580027,7.0187756079365116e-06
3180,15906,15907,0,0.083250848019720589,0,-0.2482902885346206,0.083374449355216942,0,-0.24816668719912427,0.00012360133549635388
3181,15909,15910,0,0.59799579414709614,1,0.26645465759275494,0.5979661714352853,1,0.2664250348809441,2.9622711810839419e-05
3182,15923,15924,0,0.036737654366913799,0,-0.29480348218742741,0.036747601620679221,0,-0.294793534933662,9.9472537654216042e-06
3183,15925,15926,0,0.16723068286923315,0,-0.16431045368510805,0.16728496698022746,0,-0.16425616957411374,5.4284110994312629e-05
3184,15930,15931,0,0.10405503127942735,0,-0.22748610527491386,0.10391305390254996,0,-0.22762808265179124,0.00014197737687739187
3185,15935,15936,1,0.71721617777001268,1,0.38567504121567148,0.71720033747952994,1,0.38565920092518874,1.5840290482738162e-05
3186,15945,15946,0,0.041243977950478072,0,-0.29029715860386313,0.041365764400879065,0,-0.29017537215346212,0.00012178645040099301
3187,15950,15951,1,0.44468135953796645,1,0.11314022298362525,0.4446597164996422,1,0.113118579945301,2.1643038324248298e-05
3188,15955,15956,0,0.064341685968712856,0,-0.26719945058562833,0.064377411000735338,0,-0.26716372555360585,3.5725032022482228e-05
3189,15960,15961,0,0.07330843303788992,0,-0.25823270351645128,0.073375983238078341,0,-0.25816515331626289,6.755020018842095e-05
3190,15964,15965,1,0.55175223383914462,1,0.22021109728480343,0.55174195945997107,1,0.22020082290562987,1.0274379173558223e-05
3191,15972,15973,1,0.38418002457137906,1,0.052638888017037866,0.38412613597191403,1,0.052584999417572831,5.3888599465035103e-05
3192,15974,15975,0,0.11230669526178132,0,-0.21923444129255987,0.11228917631860148,0,-0.21925196023573973,1.7518943179833935e-05
3193,15976,15977,1,0.37404283953016498,1,0.042501702975823785,0.37405134673318835,1,0.042510210178847152,8.5072030233668272e-06
3194,15980,15981,0,0.50468257727784216,1,0.17314144072350096,0.50471255845646357,1,0.17317142190212237,2.99811786214077e-05
3195,15988,15989,1,0.044680998932386758,0,-0.28686013762195445,0.04466086148770896,0,-0.28688027506663222,2.0137444677797989e-05
3196,15996,15997,1,0.069212695351829848,0,-0.26232844120251136,0.06931421424549164,0,-0.26222692230884959,0.00010151889366179223
3197,16005,16006,0,0.17096454385089788,0,-0.16057659270344332,0.17096236922144079,0,-0.16057876733290041,2.1746294570912372e-06
3198,16007,16008,0,0.61435668242957653,1,0.28281554587523533,0.61436008235843365,1,0.28281894580409245,3.3999288571173736e-06
3199,16009,16010,0,0.24460267591119036,0,-0.086938460643150833,0.24426853367299353,0,-0.087272602881347666,0.00033414223819683286
3200,16012,16013,0,0.16590358780655987,0,-0.16563754874778133,0.1659210694941394,0,-0.1656200670602018,1.7481687579534722e-05
3201,16018,16019,0,0.053862535093293945,0,-0.27767860146104728,0.053902804057378198,0,-0.27763833249696301,4.0268964084252956e-05
3202,16050,16051,0,0.11996648636126352,0,-0.2115746501930777,0.11996553566789732,0,-0.21157560088644389,9.5069336619735267e-07
3203,16051,16052,0,0.080310193777374403,0,-0.25123094277696678,0.080304617640276896,0,-0.25123651891406429,5.57613709750715e-06
3204,16055,16056,0,0.089457013992763776,0,-0.24208412256157741,0.08946066187178911,0,-0.24208047468255209,3.6478790253341442e-06
3205,16056,16057,0,0.10977051000619804,0,-0.22177062654814317,0.10976658543896921,0,-0.22177455111537198,3.9245672288357181e-06
3206,16069,16070,0,0.20948213759667933,0,-0.12205899895766187,0.20947660438679636,0,-0.12206453216754484,5.5332098829741216e-06
3207,16071,16072,0,0.1285459271110499,0,-0.2029952094432913,0.12855473844746612,0,-0.20298639810687508,8.811336416225668e-06
3208,16073,16074,0,0.10106965986567974,0,-0.23047147668866147,0.10106337987424027,0,-0.23047775668010093,6.2799914394701117e-06
3209,16080,16081,0,0.037000504736382583,0,-0.29454063181795864,0.037038589680813895,0,-0.29450254687352728,3.8084944431311663e-05
3210,16081,16082,0,0.084282501686187811,0,-0.24725863486815339,0.084340735831726202,0,-0.24720040072261501,5.8234145538391124e-05
3211,16087,16088,1,0.15876580865785039,0,-0.1727753278964908,0.15840620228767224,0,-0.17313493426666896,0.00035960637017815045
3212,16088,16089,1,0.095787930250956624,0,-0.23575320630338459,0.095809904195796269,0,-0.23573123235854493,2.1973944839645543e-05
3213,16099,16100,1,0.1268492451257886,0,-0.2046918914285526,0.12685335587735916,0,-0.20468778067698204,4.1107515705574027e-06
3214,16100,16101,1,0.17547581403209339,0,-0.15606532252224781,0.17547643334204757,0,-0.15606470321229363,6.1930995418069124e-07
3215,16103,16104,0,0.56250874256553707,1,0.23096760601119587,0.56250917245783982,1,0.23096803590349863,4.2989230275569668e-07
3216,16104,16105,1,0.086330878857001414,0,-0.24521025769733978,0.086443605424903522,0,-0.24509753112943766,0.00011272656790210778
3217,16121,16122,1,0.49621386249996469,1,0.16467272594562349,0.49622013217529293,1,0.16467899562095173,6.2696753282409645e-06
3218,16123,16124,0,0.12609572096501082,0,-0.20544541558933038,0.12609552932589707,0,-0.20544560722844413,1.9163911374464604e-07
3219,16125,16126,1,0.58358575023085912,1,0.25204461367651793,0.58355940070047285,1,0.25201826414613165,2.6349530386271525e-05
3220,16128,16129,1,0.094430884571930135,0,-0.23711025198241106,0.094440732323662402,0,-0.2371004042306788,9.8477517322670405e-06
3221,16129,16130,0,0.092477162785911837,0,-0.23906397376842936,0.09252030436779031,0,-0.2390208321865509,4.3141581878472501e-05
3222,16131,16132,0,0.30106967277705188,0,-0.03047146377728932,0.30093556915942699,0,-0.030605567394914213,0.0001341036176248922
3223,16132,16133,1,0.63728666036347903,1,0.30574552380913783,0.63715958844763743,1,0.30561845189329623,0.00012707191584160338
3224,16139,16140,0,0.030784053557226809,0,-0.3007570829971144,0.030773758244113904,0,-0.30076737831022732,1.0295313112904103e-05
3225,16143,16144,0,0.0089182382975854287,0,-0.32262289825675577,0.0089255770533594962,0,-0.3226155595009817,7.3387557740674236e-06
3226,16147,16148,0,0.11890771826327126,0,-0.21263341829106994,0.11901341070498413,0,-0.21252772584935709,0.00010569244171286518
3227,16176,16177,0,0.14695458951221163,0,-0.18458654704212957,0.14676581403379171,0,-0.18477532252054948,0.00018877547841991693
3228,16192,16193,0,0.039597142599439257,0,-0.29194399395490195,0.039598949359108709,0,-0.29194218719523246,1.8067596694523735e-06
3229,16195,16196,1,0.019270198297358931,0,-0.31227093825698227,0.019273746353652862,0,-0.31226739020068833,3.5480562939303739e-06
3230,16219,16220,1,0.16745212826531947,0,-0.16408900828902173,0.16742144731599906,0,-0.16411968923834214,3.0680949320405215e-05
3231,16240,16241,0,0.10861207292659598,0,-0.22292906362774523,0.10863997277564334,0,-0.22290116377869784,2.7899849047358094e-05
3232,16249,16250,0,0.22476801315584086,0,-0.10677312339850034,0.22477255837594165,0,-0.10676857817839955,4.5452201007933901e-06
3233,16250,16251,0,0.26677802414526514,0,-0.064763112409076062,0.26668749497488797,0,-0.064853641579453225,9.0529170377162682e-05
3234,16254,16255,1,0.27193567546949976,0,-0.059605461084841438,0.27193116489822694,0,-0.059609971656114258,4.5105712728199521e-06
3235,16256,16257,0,0.18974948292213392,0,-0.14179165363220728,0.18975623580531747,0,-0.14178490074902372,6.7528831835528269e-06
3236,16262,16263,0,0.062317466546913967,0,-0.26922367000742725,0.06229949711734746,0,-0.26924163943699375,1.7969429566506989e-05
3237,16266,16267,0,0.053026201859188327,0,-0.27851493469515287,0.053010022188008515,0,-0.27853111436633271,1.6179671179811228e-05
3238,16271,16272,0,0.069840387230811471,0,-0.26170074932352971,0.069840140962075983,0,-0.26170099559226523,2.4626873548760919e-07
3239,16273,16274,0,0.14680654279814342,0,-0.18473459375619777,0.14662422755847046,0,-0.18491690899587074,0.00018231523967296437
3240,16276,16277,1,0.089775537119650764,0,-0.24176559943469045,0.089802325120109106,0,-0.24173881143423209,2.678800045834151e-05
3241,16277,16278,0,0.095643918857322707,0,-0.23589721769701849,0.095659267420501307,0,-0.23588186913383991,1.5348563178599339e-05
3242,16279,16280,0,0.062012486229829779,0,-0.2695286503245114,0.061953151386167478,0,-0.26958798516817373,5.9334843662300907e-05
3243,16283,16284,0,0.028095251007399704,0,-0.30344588554694152,0.028123555017324421,0,-0.30341758153701676,2.8304009924717127e-05
3244,16294,16295,1,0.41210933568361918,1,0.080568199129277984,0.41207554688409703,1,0.080534410329755834,3.3788799522149748e-05
3245,16308,16309,0,0.062773843475784338,0,-0.26876729307855685,0.062790444001746118,0,-0.26875069255259509,1.6600525961779633e-05
3246,16312,16313,0,0.1216847453850978,0,-0.2098563911692434,0.12167786842212661,0,-0.20986326813221459,6.8769629711917801e-06
3247,16321,16322,0,0.1393679645774886,0,-0.1921731719768526,0.13936544623580735,0,-0.19217569031853385,2.5183416812457615e-06
3248,16325,16326,0,0.35814961237137061,1,0.026608475817029409,0.35815440063050591,1,0.026613264076164711,4.7882591353021198e-06
3249,16327,16328,0,0.38224780599219499,1,0.050706669437853791,0.38229684871193448,1,0.05075571215759328,4.9042719739489371e-05
3250,16335,16336,0,0.35252309934269555,1,0.020981962788354347,0.34892796259927716,1,0.017386826044935966,0.0035951367434183812
3251,16342,16343,0,0.02799581502645572,0,-0.30354532152788549,0.028021148524707711,0,-0.30351998802963348,2.533349825199066e-05
3252,16344,16345,0,0.22567803991806523,0,-0.10586309663627597,0.2256893345423587,0,-0.10585180201198249,1.1294624293473055e-05
3253,16362,16363,0,0.35010188900642825,1,0.018560752452087048,0.35004393913012466,1,0.018502802575783461,5.7949876303586834e-05
3254,16367,16368,1,0.17116248198421383,0,-0.16037865457012737,0.17175927130398222,0,-0.15978186525035898,0.00059678931976839267
3255,16373,16374,0,0.036248306830938805,0,-0.29529282972340237,0.036212229265416326,0,-0.29532890728892486,3.6077565522478483e-05
3256,16377,16378,0,0.019831491614538097,0,-0.31170964493980308,0.019842090277730075,0,-0.3116990462766111,1.0598663191977581e-05
3257,16380,16381,1,0.25682750287753064,0,-0.074713633676810554,0.25694615861785153,0,-0.07459497793648967,0.00011865574032088322
3258,16387,16388,0,0.021229131188856568,0,-0.31031200536548464,0.02122167465771272,0,-0.31031946189662846,7.4565311438470894e-06
3259,16392,16393,0,0.11087372576463424,0,-0.22066741078970697,0.11086652961016943,0,-0.22067460694417176,7.1961544648030396e-06
3260,16393,16394,0,0.11359016028364585,0,-0.21795097627069535,0.11360034130242025,0,-0.21794079525192095,1.01810187743967e-05
3261,16395,16396,0,0.057873258668681676,0,-0.27366787788565949,0.057878801868850728,0,-0.27366233468549045,5.5432001690516874e-06
3262,16401,16402,0,0.23252914206638772,0,-0.099011994487953475,0.23250764949404601,0,-0.099033487060295189,2.1492572341713645e-05
3263,16406,16407,1,0.15131840479039685,0,-0.18022273176394435,0.15134571015019027,0,-0.18019542640415093,2.7305359793422523e-05
3264,16417,16418,0,0.10312700919988224,0,-0.22841412735445896,0.10317743922589037,0,-0.22836369732845083,5.0430026008130291e-05
3265,16424,16425,0,0.13275605087249742,0,-0.19878508568184378,0.13262401706004759,0,-0.19891711949429361,0.00013203381244983325
3266,16429,16430,0,0.23689773144929716,0,-0.094643405105044043,0.23689924420429703,0,-0.094641892350044166,1.5127549998772416e-06
3267,16435,16436,0,0.19623101108024607,0,-0.13531012547409513,0.19639845958000038,0,-0.13514267697434082,0.00016744849975430798
3268,16436,16437,0,0.26731743086638576,0,-0.064223705687955435,0.26731802333793764,0,-0.06422311321640356,5.9247155187458489e-07
3269,16445,16446,0,0.097406087851163434,0,-0.23413504870317775,0.097436740596109406,0,-0.23410439595823179,3.0652744945972032e-05
3270,16446,16447,1,0.4053867167506493,1,0.073845580196308103,0.40538848605183625,1,0.073847349497495052,1.7693011869490682e-06
3271,16452,16453,0,0.065473363712814828,0,-0.26606777284152638,0.065490389717780914,0,-0.26605074683656027,1.7026004966086417e-05
3272,16456,16457,1,0.12106614201738312,0,-0.21047499453695806,0.12105814532345742,0,-0.21048299123088376,7.9966939257047898e-06
3273,16459,16460,1,0.44401575354914463,1,0.11247461699480343,0.44388836607453391,1,0.11234722952019272,0.00012738747461071842
3274,16460,16461,0,0.14122444639945245,0,-0.19031669015488875,0.14126064920862358,0,-0.19028048734571762,3.6202809171131944e-05
3275,16463,16464,1,0.67331493343654913,1,0.34177379688220794,0.67334109086765814,1,0.34179995431331694,2.6157431109008478e-05
3276,16468,16469,0,0.10582851945147846,0,-0.22571261710286272,0.10593774191403255,0,-0.22560339464030865,0.00010922246255408441
3277,16470,16471,0,0.10345927347461664,0,-0.22808186307972456,0.10349111511787962,0,-0.22805002143646158,3.1841643262975339e-05
3278,16490,16491,1,0.52331661215299008,1,0.19177547559864888,0.52332048164170253,1,0.19177934508736133,3.8694887124490762e-06
3279,16494,16495,0,0.10518113017883152,0,-0.22636000637550968,0.10518728559337505,0,-0.22635385096096616,6.1554145435321894e-06
3280,16503,16504,0,0.15845560918672147,0,-0.17308552736761973,0.15850931534839832,0,-0.17303182120594288,5.3706161676853048e-05
3281,16508,16509,0,0.072484434092652553,0,-0.25905670246168866,0.072503919470197395,0,-0.25903721708414379,1.9485377544842253e-05
3282,16516,16517,0,0.13983721175314934,0,-0.19170392480119186,0.13981976888196032,0,-0.19172136767238088,1.7442871189016218e-05
3283,16519,16520,1,0.5481119104741945,1,0.2165707739198533,0.54809944499070928,1,0.21655830843636809,1.2465483485213369e-05
3284,16522,16523,0,0.38052828460230242,1,0.048987148047961226,0.38054585928687895,1,0.049004722732537753,1.7574684576526778e-05
3285,16523,16524,0,0.17172929003509271,0,-0.15981184651924848,0.17194970618032171,0,-0.15959143037401949,0.00022041614522899655
3286,16524,16525,0,0.38156578473662883,1,0.050024648182287634,0.38152621995649616,1,0.049985083402154962,3.9564780132672617e-05
3287,16526,16527,0,0.69981040289036833,1,0.36826926633602713,0.69974918690777665,1,0.36820805035343546,6.1215982591678042e-05
3288,16533,16534,0,0.094091986059887889,0,-0.23744915049445331,0.094160578519497287,0,-0.23738055803484392,6.8592459609398415e-05
3289,16542,16543,1,0.77440683631931717,1,0.44286569976497597,0.77440311749451596,1,0.44286198094017476,3.7188248012132163e-06
3290,16545,16546,0,0.19314020977633087,0,-0.13840092677801033,0.19318782903314968,0,-0.13835330752119152,4.7619256818814959e-05
3291,16554,16555,1,0.79604820550605671,1,0.46450706895171551,0.79591952455640935,1,0.46437838800206815,0.00012868094964735288
3292,16564,16565,0,0.043409425709091551,0,-0.28813171084524963,0.043395311856418525,0,-0.28814582469792266,1.4113852673025562e-05
3293,16571,16572,0,0.72509384500025176,1,0.39355270844591056,0.72508811424461261,1,0.39354697769027142,5.7307556391439363e-06
3294,16575,16576,0,0.20155862700741423,0,-0.12998250954692697,0.20168442225344635,0,-0.12985671430089485,0.00012579524603212322
3295,16580,16581,0,0.062817333355976362,0,-0.26872380319836486,0.062836321438012363,0,-0.26870481511632882,1.8988082036000553e-05
3296,16582,16583,1,0.14526764080710103,0,-0.18627349574724017,0.14511149328936732,0,-0.18642964326497388,0.00015614751773371238
3297,16585,16586,0,0,0,-0.3315411365543412,6.5701440786450089e-08,0,-0.33154107085290041,6.5701440786450089e-08
3298,16586,16587,0,0.06525796614383407,0,-0.26628317041050714,0.065287276839037317,0,-0.26625385971530391,2.9310695203246806e-05
3299,16594,16595,1,0.52501218138900008,1,0.19347104483465888,0.52501334667556077,1,0.19347221012121957,1.1652865606892604e-06
3300,16597,16598,0,0.068432605431001575,0,-0.26310853112333965,0.068435729162556649,0,-0.26310540739178456,3.1237315550741718e-06
3301,16606,16607,0,0.20973213748789032,0,-0.12180899906645087,0.20973442469639461,0,-0.12180671185794659,2.2872085042868751e-06
3302,16611,16612,0,0.35268720472672055,1,0.021146068172379351,0.35268630419268782,1,0.021145167638346618,9.0053403273282484e-07
3303,16612,16613,1,0.62861214605192817,1,0.29707100949758697,0.62860048591925799,1,0.29705934936491679,1.166013267017707e-05
3304,16622,16623,1,0.62096214132370675,1,0.28942100476936555,0.62100227123232332,1,0.28946113467798212,4.0129908616570731e-05
3305,16625,16626,1,0.78168118001659903,1,0.45014004346225783,0.78159472082029413,1,0.45005358426595293,8.6459196304899955e-05
3306,16629,16630,0,0.094458634818196177,0,-0.23708250173614503,0.094504340737187179,0,-0.23703679581715403,4.5705918991001404e-05
3307,16630,16631,0,0.15085636744355213,0,-0.18068476911078907,0.15085003206146386,0,-0.18069110449287734,6.3353820882738887e-06
3308,16638,16639,0,0.14898020647720786,0,-0.18256093007713334,0.1490004812404761,0,-0.1825406553138651,2.0274763268240958e-05
3309,16642,16643,0,0.48842651032280221,1,0.15688537376846101,0.48839295249055842,1,0.15685181593621722,3.3557832243791275e-05
3310,16655,16656,0,0.048427111386652739,0,-0.28311402516768847,0.048434444464320513,0,-0.28310669209002071,7.3330776677732468e-06
3311,16656,16657,0,0.19520521629383253,0,-0.13633592026050867,0.19522227208142992,0,-0.13631886447291128,1.7055787597392014e-05
3312,16658,16659,0,0.17839636429484712,0,-0.15314477225949408,0.17854967319092077,0,-0.15299146336342043,0.00015330889607365061
3313,16660,16661,0,0.083404688898796431,0,-0.24813644765554477,0.083426014371411145,0,-0.24811512218293005,2.1325472614713847e-05
3314,16664,16665,0,0.08096668278309721,0,-0.25057445377124399,0.080962947908318011,0,-0.25057818864602321,3.7348747791987602e-06
3315,16665,16666,0,0.067094607531879041,0,-0.26444652902246213,0.067098697182448666,0,-0.26444243937189255,4.0896505696247365e-06
3316,16672,16673,0,0.35819463522454847,1,0.026653498670207276,0.35806266488836475,1,0.026521528334023547,0.00013197033618372878
3317,16682,16683,0,0.13303256260371876,0,-0.19850857395062244,0.13310292659752965,0,-0.19843820995681155,7.0363993810884651e-05
3318,16685,16686,0,0.23811627402130239,0,-0.093424862533038805,0.23812110567072686,0,-0.093420030883614336,4.831649424469342e-06
3319,16686,16687,1,0.5229333453782683,1,0.1913922088239271,0.52292717643140785,1,0.19138603987706665,6.1689468604519959e-06
3320,16689,16690,1,0.77266861346204785,1,0.44112747690770665,0.77255600544396008,1,0.44101486888961888,0.00011260801808776755
3321,16702,16703,0,0.1825169566198834,0,-0.1490241799344578,0.18251259953926965,0,-0.14902853701507154,4.3570806137482876e-06
3322,16704,16705,0,0.63104434811045429,1,0.29950321155611309,0.63106733679513727,1,0.29952620024079607,2.2988684682978544e-05
3323,16706,16707,0,0.11220793128858013,0,-0.21933320526576106,0.11219446328167147,0,-0.21934667327266971,1.3468006908656793e-05
3324,16712,16713,0,0.19527056667832332,0,-0.13627056987601788,0.1952967741999809,0,-0.1362443623543603,2.6207521657578559e-05
3325,16716,16717,0,0.090434812328038378,0,-0.24110632422630282,0.090464374431276404,0,-0.24107676212306478,2.9562103238026105e-05
3326,16729,16730,1,0.66338714868860782,1,0.33184601213426662,0.66335336789306998,1,0.33181223133872878,3.378079553784108e-05
3327,16734,16735,0,0.23721954190568251,0,-0.094321594648658691,0.23722853021577639,0,-0.094312606338564808,8.9883100938825677e-06
3328,16748,16749,0,0.78075100326191726,1,0.44920986670757607,0.78075849515404072,1,0.44921735859969952,7.4918921234568003e-06
3329,16756,16757,0,0.12782707673495042,0,-0.20371405981939078,0.12783014801576859,0,-0.20371098853857261,3.0712808181676543e-06
3330,16760,16761,0,0.085516771437230674,0,-0.24602436511711051,0.08554413013632764,0,-0.24599700641801356,2.7358699096965977e-05
3331,16761,16762,0,0.20949021569998041,0,-0.12205092085436078,0.20946484813034394,0,-0.12207628842399726,2.536756963647524e-05
3332,16768,16769,0,0.72283364893124413,1,0.39129251237690293,0.72281911088681627,1,0.39127797433247508,1.4538044427858665e-05
3333,16782,16783,1,0.29896225445068242,0,-0.032578882103658779,0.29894644863119563,0,-0.032594687923145571,1.5805819486791606e-05
3334,16785,16786,1,0.63783683484667841,1,0.30629569829233722,0.63782978418449288,1,0.30628864763015168,7.050662185537071e-06
3335,16788,16789,1,0.81951431404153252,1,0.48797317748719132,0.81911995009460614,1,0.48757881354026494,0.00039436394692637933
3336,16795,16796,0,0.050419901396975858,0,-0.28112123515736531,0.050497732137502124,0,-0.28104340441683906,7.7830740526266262e-05
3337,16803,16804,0,0.021947498151514089,0,-0.30959363840282711,0.021939972950273556,0,-0.30960116360406764,7.5252012405324642e-06
3338,16808,16809,0,0.072750678796355911,0,-0.25879045775798526,0.072833624145884415,0,-0.2587075124084568,8.2945349528504297e-05
3339,16810,16811,0,0.10580902598126811,0,-0.22573211057307307,0.10600210225325744,0,-0.22553903430108374,0.00019307627198933419
3340,16818,16819,0,0.2187602069776021,0,-0.1127809295767391,0.21874531378694209,0,-0.11279582276739911,1.4893190660003608e-05
3341,16820,16821,0,0.13754876116712994,0,-0.19399237538721126,0.13755091073777981,0,-0.19399022581656139,2.1495706498675382e-06
3342,16823,16824,0,0.094984738122941018,0,-0.23655639843140019,0.094999208311849145,0,-0.23654192824249204,1.447018890812779e-05
3343,16830,16831,0,0.17072719715304094,0,-0.16081393940130026,0.1707314399389312,0,-0.16080969661541,4.2427858902571725e-06
3344,16833,16834,0,0.60929083615050306,1,0.27774969959616186,0.60930112331480257,1,0.27775998676046137,1.0287164299516149e-05
3345,16841,16842,0,0.1873363795106745,0,-0.1442047570436667,0.18731972238757943,0,-0.14422141416676176,1.6657123095065174e-05
3346,16842,16843,0,0.11798978028582892,0,-0.21355135626851229,0.11807234937826816,0,-0.21346878717607304,8.2569092439241376e-05
3347,16846,16847,0,0.16795054033931808,0,-0.16359059621502312,0.16802855670665384,0,-0.16351257984768736,7.8016367335759229e-05
3348,16853,16854,1,0.77687701815173471,1,0.44533588159739351,0.77689638324041088,1,0.44535524668606968,1.9365088676170927e-05
3349,16856,16857,0,0.63408561759094595,1,0.30254448103660475,0.6340857583288424,1,0.3025446217745012,1.407378964479733e-07
3350,16866,16867,0,0.057078962901252306,0,-0.27446217365308889,0.057085524307087424,0,-0.27445561224725379,6.5614058351176618e-06
3351,16882,16883,0,0.091195423828398861,0,-0.24034571272594235,0.091189729146325768,0,-0.24035140740801542,5.6946820730929826e-06
3352,16884,16885,1,0.095770393117769095,0,-0.23577074343657212,0.095907055844931699,0,-0.2356340807094095,0.00013666272716260364
3353,16890,16891,0,0.038599205830543916,0,-0.29294193072379726,0.038602804691703942,0,-0.29293833186263724,3.5988611600257236e-06
3354,16891,16892,0,0.26028271550753679,0,-0.07125842104680441,0.26033713434982952,0,-0.071204002204511674,5.441884229273608e-05
3355,16906,16907,0,0.09797395025654039,0,-0.23356718629780082,0.097978720328894181,0,-0.23356241622544702,4.7700723537907885e-06
3356,16909,16910,0,0.1292878548391023,0,-0.2022532817152389,0.12929412443267796,0,-0.20224701212166324,6.2695935756640342e-06
3357,16913,16914,0,0.19322888050837747,0,-0.13831225604596373,0.19320597710305099,0,-0.13833515945129021,2.2903405326485382e-05
3358,16915,16916,0,0.042527123014013506,0,-0.28901401354032769,0.042560383344429992,0,-0.28898075320991123,3.3260330416486072e-05
3359,16921,16922,0,0.12225187558190448,0,-0.20928926097243672,0.1221574376350885,0,-0.20938369891925268,9.4437946815975615e-05
3360,16931,16932,0,0.25877874306313409,0,-0.072762393491207111,0.2588237157117026,0,-0.072717420842638603,4.4972648568508689e-05
3361,16934,16935,0,0.18089518928257234,0,-0.15064594727176886,0.18091872384650162,0,-0.15062241270783958,2.353456392928388e-05
3362,16938,16939,0,0.05707567057616842,0,-0.27446546597817278,0.05704107105118094,0,-0.27450006550316025,3.4599524987480312e-05
3363,16940,16941,1,0.22956917282016184,0,-0.10197196373417935,0.22957283073046392,0,-0.10196830582387728,3.6579103020739634e-06
3364,16945,16946,0,0.63277521741836074,1,0.30123408086401954,0.63281149898621514,1,0.30127036243187394,3.6281567854401509e-05
3365,16947,16948,0,0.14144544979792617,0,-0.19009568675641503,0.14144016548803925,0,-0.19010097106630194,5.2843098869159721e-06
3366,16954,16955,0,0.19974696984044757,0,-0.13179416671389363,0.19974576567456134,0,-0.13179537087977986,1.2041658862260718e-06
3367,16964,16965,0,0.038703621947970016,0,-0.2928375146063712,0.038707374119952113,0,-0.29283376243438908,3.7521719820979293e-06
3368,16969,16970,1,0.050472290937428957,0,-0.28106884561691226,0.050469212443523363,0,-0.28107192411081783,3.0784939055936156e-06
3369,16991,16992,1,0.70272702395790598,1,0.37118588740356478,0.7027045139619853,1,0.3711633774076441,2.2509995920683146e-05
3370,16994,16995,1,0.71659107362220154,1,0.38504993706786034,0.71660027000071858,1,0.38505913344637738,9.196378517040138e-06
3371,16996,16997,0,0.11126555061279725,0,-0.22027558594154395,0.11126237941107278,0,-0.22027875714326842,3.1712017244667212e-06
3372,17004,17005,0,0.7211510203743805,1,0.3896098838200393,0.72112456678030001,1,0.38958343022595882,2.6453594080488863e-05
3373,17005,17006,0,0.15006985088854083,0,-0.18147128566580037,0.15006656227155538,0,-0.18147457428278582,3.2886169854529079e-06
3374,17011,17012,0,0.43988344106144139,1,0.1083423045071002,0.43987608660486222,1,0.10833495005052102,7.3544565791783256e-06
3375,17016,17017,0,0.015907058829897448,0,-0.31563407772444374,0.015952540364138432,0,-0.31558859619020274,4.5481534240984778e-05
3376,17021,17022,0,0.36601252468150053,1,0.03447138812715933,0.36600992267160076,1,0.034468786117259564,2.6020098997658891e-06
3377,17023,17024,1,0.10618783566711001,0,-0.22535330088723118,0.10623475562571189,0,-0.22530638092862931,4.6919958601870926e-05
3378,17029,17030,0,0.18040289367267812,0,-0.15113824288166308,0.18022522469718871,0,-0.15131591185715249,0.00017766897548940341
3379,17042,17043,0,0.10666470758452011,0,-0.22487642896982107,0.10667261675332305,0,-0.22486851980101813,7.9091688029442331e-06
3380,17043,17044,1,0.68700195508409834,1,0.35546081852975714,0.68702642846522133,1,0.35548529191088013,2.4473381122991356e-05
3381,17056,17057,0,0.17800167010034382,0,-0.15353946645399738,0.17803619456907735,0,-0.15350494198526385,3.452446873353221e-05
3382,17060,17061,1,0.14585630065378996,0,-0.18568483590055124,0.14584228481671255,0,-0.18569885173762865,1.4015837077413495e-05
3383,17061,17062,0,0.69575694982711622,1,0.36421581327277502,0.69568915962679312,1,0.36414802307245192,6.7790200323103456e-05
3384,17065,17066,0,0.17703169203790253,0,-0.15450944451643867,0.17703760486079756,0,-0.15450353169354364,5.9128228950267037e-06
3385,17074,17075,0,0.21799011922371692,0,-0.11355101733062428,0.21794629167452206,0,-0.11359484487981913,4.3827549194852544e-05
3386,17076,17077,1,0.75756675561756925,1,0.42602561906322806,0.75758460001960626,1,0.42604346346526506,1.7844402037003881e-05
3387,17085,17086,1,0.47800861387589189,1,0.14646747732155069,0.47796389882130391,1,0.14642276226696271,4.4715054587973757e-05
3388,17089,17090,0,0.38088581365839963,1,0.049344677104058432,0.38053833000667453,1,0.048997193452333332,0.0003474836517251001
3389,17093,17094,0,0.17906178045208421,0,-0.15247935610225699,0.17906075204924057,0,-0.15248038450510062,1.0284028436335912e-06
3390,17102,17103,0,0.20686639104179139,0,-0.12467474551254981,0.20693503496387297,0,-0.12460610159046823,6.8643922081584874e-05
3391,17110,17111,0,0.29930934179873209,0,-0.032231794755609111,0.29910157382355823,0,-0.032439562730782967,0.00020776797517385592
3392,17111,17112,0,0.34896586541816776,1,0.017424728863826566,0.34886118227751206,1,0.017320045723170863,0.00010468314065570361
3393,17119,17120,0,0.053502482625788862,0,-0.27803865392855232,0.053479479078626081,0,-0.2780616574757151,2.3003547162780968e-05
3394,17120,17121,0,0.19685046758563732,0,-0.13469066896870388,0.19673860884706401,0,-0.13480252770727719,0.00011185873857330608
3395,17121,17122,1,0.78569254259625909,1,0.45415140604191789,0.78568564474172276,1,0.45414450818738156,6.8978545363362898e-06
3396,17128,17129,0,0.21568329505201439,0,-0.11585784150232681,0.21558239685969141,0,-0.11595873969464979,0.00010089819232297903
3397,17133,17134,1,0.54627568179144603,1,0.21473454523710483,0.54627037068704365,1,0.21472923413270245,5.3111044023834708e-06
3398,17137,17138,1,0.27708844369813651,0,-0.054452692856204687,0.27708930503548951,0,-0.05445183151885169,8.6133735299753766e-07
3399,17142,17143,1,0.41965503082679162,1,0.088113894272450421,0.41962519306761298,1,0.08808405651327178,2.9837759178641399e-05
3400,17157,17158,0,0.11039486523803674,0,-0.22114627131630446,0.11044643487713508,0,-0.22109470167720613,5.1569639098344999e-05
3401,17163,17164,0,0.21263775936971352,0,-0.11890337718462768,0.2125850979215089,0,-0.1189560386328323,5.2661448204621708e-05
3402,17165,17166,0,0.14601986485225701,0,-0.18552127170208418,0.14602662854782306,0,-0.18551450800651814,6.7636955660421716e-06
3403,17166,17167,0,0.080860885719657868,0,-0.25068025083468332,0.081011673114998253,0,-0.25052946343934296,0.00015078739534038488
3404,17168,17169,0,0.17144269957793165,0,-0.16009843697640955,0.17149362660985012,0,-0.16004750994449107,5.0927031918474031e-05
3405,17172,17173,0,0.034355135121799635,0,-0.29718600143254159,0.034535331505810521,0,-0.29700580504853069,0.00018019638401088611
3406,17174,17175,1,0.61451813366165231,1,0.28297699710731111,0.61446633580541299,1,0.28292519925107179,5.179785623932176e-05
3407,17175,17176,0,0.11193718773139565,0,-0.21960394882294554,0.11196040744898725,0,-0.21958072910535395,2.3219717591602129e-05
3408,17176,17177,0,0.060405892574978033,0,-0.27113524397936317,0.060416765090926382,0,-0.27112437146341484,1.0872515948348593e-05
3409,17177,17178,0,0.17735744527102487,0,-0.15418369128331633,0.17734059038778283,0,-0.15420054616655837,1.6854883242045648e-05
3410,17182,17183,0,0.029228350537245332,0,-0.30231278601709588,0.02923200952560602,0,-0.30230912702873519,3.6589883606885643e-06
3411,17184,17185,0,0.043751421525606966,0,-0.28778971502873424,0.04372887428866766,0,-0.28781226226567352,2.2547236939306214e-05
3412,17192,17193,0,0.092721034325497664,0,-0.23882010222884353,0.092711469706905428,0,-0.23882966684743578,9.5646185922365623e-06
3413,17207,17208,1,0.77396365259793121,1,0.44242251604359001,0.77395839472634964,1,0.44241725817200844,5.257871581565432e-06
3414,17209,17210,0,0.19252406278677789,0,-0.13901707376756331,0.19249968271001561,0,-0.13904145384432559,2.4380076762281488e-05
3415,17212,17213,0,0.19112406435741974,0,-0.14041707219692146,0.19111868315267944,0,-0.14042245340166176,5.3812047403067886e-06
3416,17213,17214,1,0.5419749658229055,1,0.2104338292685643,0.54197643729808398,1,0.21043530074374278,1.471475178482784e-06
3417,17222,17223,0,0.080711685205014552,0,-0.25082945134932666,0.080592783539040924,0,-0.25094835301530027,0.00011890166597362806
3418,17230,17231,1,0.75586964764115394,1,0.42432851108681274,0.75585193453508714,1,0.42431079798074595,1.7713106066796769e-05
3419,17237,17238,0,0.032121721883480295,0,-0.29941941467086092,0.03217733118609039,0,-0.2993638053682508,5.5609302610094835e-05
3420,17240,17241,0,0.45782334251164719,1,0.12628220595730599,0.45779237181223181,1,0.12625123525789061,3.0970699415378e-05
3421,17242,17243,0,0.23020013475043583,0,-0.10134100180390537,0.23018712532804311,0,-0.10135401122629809,1.3009422392712411e-05
3422,17243,17244,0,0.079178484676824187,0,-0.252362651877517,0.07889288273992176,0,-0.25264825381441947,0.00028560193690242708
3423,17248,17249,1,0.78545821342491262,1,0.45391707687057142,0.78546813792275272,1,0.45392700136841152,9.9244978400969686e-06
3424,17252,17253,0,0.57665751359093953,1,0.24511637703659833,0.57658516807671079,1,0.24504403152236959,7.2345514228744356e-05
3425,17257,17258,1,0.10584125226307131,0,-0.22569988429126989,0.10583214127258704,0,-0.22570899528175414,9.1109904842706646e-06
3426,17266,17267,0,0.23260399142411686,0,-0.098937145130224335,0.23258722086051176,0,-0.098953915693829442,1.6770563605106314e-05
3427,17269,17270,0,0.043588213922298398,0,-0.28795292263204281,0.043667551434401805,0,-0.28787358511993938,7.933751210340706e-05
3428,17275,17276,0,0.10659702301258775,0,-0.22494411354175345,0.10660709970428045,0,-0.22493403685006075,1.0076691692700868e-05
3429,17282,17283,1,0.24948753224677284,0,-0.082053604307568362,0.25013898223524389,0,-0.081402154319097308,0.0006514499884710534
3430,17294,17295,0,0.67190571170122748,1,0.34036457514688628,0.67191774284210426,1,0.34037660628776306,1.2031140876778146e-05
3431,17295,17296,0,0.062498357870398653,0,-0.26904277868394255,0.062494657531641344,0,-0.26904647902269985,3.7003387573092406e-06
3432,17300,17301,0,0.12016003607977715,0,-0.21138110047456404,0.12023891972791247,0,-0.21130221682642875,7.8883648135311124e-05
3433,17301,17302,0,0.074685584581204445,0,-0.25685555197313675,0.074721734702629508,0,-0.2568194018517117,3.6150121425063131e-05
3434,17304,17305,1,0.64383957952112914,1,0.31229844296678794,0.64383841013880339,1,0.31229727358446219,1.1693823257497016e-06
3435,17314,17315,0,0.41226669283983441,1,0.080725556285493216,0.4122454230107398,1,0.0807042864563986,2.1269829094616721e-05
3436,17318,17319,0,0.68197050849112673,1,0.35042937193678553,0.68197305891263182,1,0.35043192235829063,2.5504215050986545e-06
3437,17319,17320,1,0.66118596809459607,1,0.32964483154025487,0.66117105286558553,1,0.32962991631124433,1.491522901053699e-05
3438,17323,17324,1,0.54844008193395211,1,0.21689894537961091,0.54839985538846137,1,0.21685871883412017,4.0226545490740229e-05
3439,17328,17329,0,0.24239449061488647,0,-0.089146645939454733,0.24240521442670368,0,-0.089135922127637518,1.0723811817214823e-05
3440,17338,17339,0,0.22901146655665569,0,-0.10252966999768551,0.22899711269054301,0,-0.10254402386379818,1.4353866112676306e-05
3441,17349,17350,1,0.61992754523963611,1,0.28838640868529491,0.61992065550224895,1,0.28837951894790775,6.8897373871612544e-06
3442,17354,17355,0,0.2094515720517269,0,-0.1220895645026143,0.20947514271665085,0,-0.12206599383769035,2.3570664923949769e-05
3443,17361,17362,0,0.45256409830135785,1,0.12102296174701666,0.45269699545974429,1,0.12115585890540309,0.00013289715838643579
3444,17375,17376,0,0.31578579654065186,0,-0.015755340013689334,0.31581027098157438,0,-0.015730865572766817,2.4474440922517271e-05
3445,17376,17377,0,0.039867815191753725,0,-0.2916733213625875,0.039966816948496554,0,-0.29157431960584462,9.9001756742829461e-05
3446,17379,17380,0,0.28038982859496303,0,-0.051151307959378167,0.28040538940421417,0,-0.051135747150127031,1.5560809251136121e-05
3447,17382,17383,0,0.07152748824193686,0,-0.26001364831240437,0.071615227705077625,0,-0.25992590884926359,8.7739463140765195e-05
3448,17391,17392,0,0.030564878554272534,0,-0.30097625800006866,0.030638399855276954,0,-0.30090273669906425,7.3521301004419309e-05
3449,17393,17394,1,0.76880404261358404,1,0.43726290605924284,0.76877584298965085,1,0.43723470643530965,2.8199623933189422e-05
3450,17395,17396,0,0.70779799558107792,1,0.37625685902673672,0.70788801446932059,1,0.37634687791497939,9.0018888242671125e-05
3451,17399,17400,0,0.15835740158376124,0,-0.17318373497057996,0.1583391644187068,0,-0.1732019721356344,1.8237165054446614e-05
3452,17401,17402,0,0.11405565629524328,0,-0.21748548025909792,0.11404133912045387,0,-0.21749979743388731,1.4317174789404974e-05
3453,17404,17405,0,0.027122058011768351,0,-0.30441907854257283,0.027131003424014331,0,-0.30441013313032689,8.9454122459801944e-06
3454,17405,17406,0,0.28104055754015872,0,-0.050500579014182478,0.2838847211406384,0,-0.047656415413702802,0.0028441636004796766
3455,17408,17409,0,0.13626796193895888,0,-0.19527317461538232,0.13637275215414671,0,-0.19516838440019449,0.00010479021518783327
3456,17410,17411,0,0.19310686785573697,0,-0.13843426869860423,0.19315159933244944,0,-0.13838953722189176,4.4731476712467355e-05
3457,17412,17413,0,0.10717373603732711,0,-0.22436740051701409,0.10719064061712692,0,-0.22435049593721429,1.690457979981741e-05
3458,17413,17414,1,0.80654080727872701,1,0.47499967072438581,0.80652714224730082,1,0.47498600569295962,1.3665031426191021e-05
3459,17417,17418,0,0.24569330962773633,0,-0.085847826926604864,0.24580449143743702,0,-0.085736645116904181,0.00011118180970068336
3460,17420,17421,0,0.65626888665810978,1,0.32472775010376859,0.65625849746225784,1,0.32471736090791664,1.038919585194531e-05
3461,17423,17424,1,0.21423274356161826,0,-0.11730839299272294,0.21426236813053393,0,-0.11727876842380727,2.9624568915670446e-05
3462,17426,17427,0,0.26224698241501188,0,-0.069294154139329323,0.26220870201959262,0,-0.069332434534748577,3.8280395419254543e-05
3463,17434,17435,0,0.19139323040326944,0,-0.14014790615107175,0.19142728315836208,0,-0.14011385339597912,3.4052755092633946e-05
3464,17435,17436,0,0.10749117938792629,0,-0.2240499571664149,0.10759403780574835,0,-0.22394709874859287,0.00010285841782205207
3465,17448,17449,1,0.10885446435816398,0,-0.22268667219617722,0.10882780858212446,0,-0.22271332797221674,2.6655776039524737e-05
3466,17454,17455,0,0.10994679999871654,0,-0.22159433655562466,0.10996803388341692,0,-0.22157310267092428,2.1233884700377903e-05
3467,17461,17462,1,0.18276516702401291,0,-0.14877596953032829,0.18278522884768991,0,-0.14875590770665129,2.0061823677003376e-05
3468,17462,17463,0,0.063357645990605588,0,-0.26818349056373558,0.063407668978539583,0,-0.26813346757580159,5.0022987933995289e-05
3469,17467,17468,0,0.077641484338509301,0,-0.25389965221583188,0.077698509112784295,0,-0.25384262744155689,5.7024774274994083e-05
3470,17469,17470,0,0.14632534706508515,0,-0.18521578948925604,0.14626680236664483,0,-0.18527433418769637,5.8544698440327059e-05
3471,17472,17473,0,0.085640854267930347,0,-0.24590028228641087,0.085555522777830309,0,-0.2459856137765109,8.5331490100037932e-05
3472,17474,17475,0,0.01841881887434868,0,-0.31312231767999255,0.018426513223758517,0,-0.31311462333058271,7.6943494098369314e-06
3473,17482,17483,1,0.56386429625743206,1,0.23232315970309086,0.56381121833161774,1,0.23227008177727654,5.3077925814326576e-05
3474,17485,17486,1,0.73968625786210807,1,0.40814512130776687,0.73969236477258204,1,0.40815122821824085,6.1069104739797098e-06
3475,17490,17491,0,0.1078881771066746,0,-0.22365295944766661,0.10789219360295013,0,-0.22364894295139107,4.0164962755301348e-06
3476,17495,17496,0,0.068356433257719895,0,-0.2631847032966213,0.068364342710757212,0,-0.263176793843584,7.9094530373163829e-06
3477,17503,17504,0,0.05157750767825299,0,-0.27996362887608822,0.051435956634214269,0,-0.28010517992012696,0.00014155104403872076
3478,17505,17506,0,0.011913259535864754,0,-0.31962787701847645,0.01190247020946263,0,-0.31963866634487859,1.078932640212471e-05
3479,17508,17509,1,0.037589610998926833,0,-0.29395152555541437,0.037612005512615058,0,-0.29392913104172613,2.239451368822587e-05
3480,17510,17511,1,0.34638303272852344,1,0.014841896174182245,0.34638524929549175,1,0.01484411274115055,2.2165669683049671e-06
3481,17518,17519,0,0.073192041601460214,0,-0.258349094952881,0.073234504825107197,0,-0.25830663172923402,4.2463223646982406e-05
3482,17519,17520,0,0.44878238929762859,1,0.11724125274328739,0.44876144243457455,1,0.11722030588023336,2.0946863054038811e-05
3483,17522,17523,0,0.1012018826938442,0,-0.230339253860497,0.10093600575497061,0,-0.23060513079937059,0.00026587693887358821
3484,17531,17532,0,0.16333312067509198,0,-0.16820801587924922,0.1633383623579843,0,-0.1682027741963569,5.2416828923151915e-06
3485,17535,17536,0,0.030668392587132134,0,-0.30087274396720909,0.030742850341231573,0,-0.30079828621310961,7.4457754099439138e-05
3486,17539,17540,0,0.40489796457648758,1,0.073356828022146381,0.40485665647676511,1,0.073315519922423911,4.1308099722470182e-05
3487,17541,17542,1,0.47279425727699881,1,0.14125312072265761,0.47277172017391889,1,0.14123058361957769,2.2537103079922627e-05
3488,17547,17548,1,0.58510850491659538,1,0.25356736836225419,0.58506363503912295,1,0.25352249848478176,4.4869877472430986e-05
3489,17555,17556,0,0.1782721515359561,0,-0.1532689850183851,0.17827237725167658,0,-0.15326875930266462,2.2571572047547228e-07
3490,17557,17558,0,0,0,-0.3315411365543412,8.4916829638081586e-08,0,-0.33154105163751157,8.4916829638081586e-08
3491,17558,17559,0,0.65274413875515125,1,0.32120300220081005,0.65274393926355379,1,0.32120280270921259,1.9949159746346368e-07
3492,17564,17565,0,0.097887894097087688,0,-0.2336532424572535,0.097856086845948154,0,-0.23368504970839304,3.1807251139534531e-05
3493,17569,17570,1,0.70869611832123014,1,0.37715498176688894,0.70874646213808901,1,0.37720532558374781,5.0343816858866575e-05
3494,17571,17572,0,0.071411591171129385,0,-0.26012954538321181,0.071300041647025802,0,-0.2602410949073154,0.00011154952410358243
3495,17575,17576,1,0.252798213772985,0,-0.078742922781356195,0.25279008016246357,0,-0.078751056391877627,8.1336105214324661e-06
3496,17583,17584,1,0.092843633868697539,0,-0.23869750268564366,0.092836119703756492,0,-0.23870501685058471,7.5141649410470635e-06
3497,17585,17586,1,0.65062420142425048,1,0.31908306486990928,0.65065512313692631,1,0.31911398658258511,3.0921712675824331e-05
3498,17588,17589,0,0.156197657401134,0,-0.17534347915320719,0.15625225157672057,0,-0.17528888497762063,5.4594175586564209e-05
3499,17597,17598,0,0.12658661164881749,0,-0.20495452490552371,0.12660210717446926,0,-0.20493902937987193,1.5495525651776365e-05
3500,17598,17599,1,0.26442430344108103,0,-0.067116833113260166,0.26415740709784208,0,-0.06738372945649912,0.00026689634323895373
3501,17600,17601,0,0.19883375255806751,0,-0.13270738399627369,0.19881710931633678,0,-0.13272402723800442,1.6643241730729397e-05
3502,17603,17604,0,0.024771759356651966,0,-0.30676937719768921,0.024861237171893383,0,-0.30667989938244783,8.9477815241417041e-05
3503,17618,17619,1,0.40662663274164546,1,0.075085496187304257,0.40658667260620235,1,0.07504553605186115,3.9960135443106726e-05
3504,17619,17620,1,0.72825723035218359,1,0.3967160937978424,0.7282668055492979,1,0.3967256689949567,9.5751971143087644e-06
3505,17620,17621,0,0.16711951234264186,0,-0.16442162421169934,0.16711752697697693,0,-0.16442360957736427,1.9853656649249096e-06
3506,17621,17622,0,0.16053487007517447,0,-0.17100626647916672,0.16053053769865575,0,-0.17101059885568545,4.3323765187286423e-06
3507,17626,17627,0,0.22533872288478074,0,-0.10620241366956046,0.22528813468146594,0,-0.10625300187287526,5.058820331479974e-05
3508,17635,17636,0,0.04305450741074969,0,-0.28848662914359152,0.043025078534041306,0,-0.28851605802029989,2.9428876708384455e-05
3509,17646,17647,0,0.057786809754779171,0,-0.27375432679956202,0.057783090673926792,0,-0.27375804588041441,3.7190808523795971e-06
3510,17647,17648,1,0.42963040847469464,1,0.098089271920353438,0.42838838494561265,1,0.096847248391271457,0.0012420235290819814
3511,17649,17650,1,0.75243568129934491,1,0.42089454474500371,0.75243255786549623,1,0.42089142131115503,3.123433848672974e-06
3512,17662,17663,0,0.047467262603975706,0,-0.28407387395036549,0.047472115935526076,0,-0.28406902061881512,4.8533315503695995e-06
3513,17664,17665,0,0.091586551573562713,0,-0.23995458498077848,0.091589628529035572,0,-0.23995150802530563,3.0769554728582449e-06
3514,17672,17673,0,0.034516313504195699,0,-0.29702482305014549,0.034499580944859443,0,-0.29704155560948176,1.6732559336256336e-05
3515,17679,17680,0,0.045871971085367107,0,-0.28566916546897408,0.045894794552405187,0,-0.285646342001936,2.2823467038080025e-05
3516,17681,17682,1,0.24224879365845237,0,-0.089292342895888832,0.24223011087881369,0,-0.089311025675527511,1.8682779638679037e-05
3517,17683,17684,0,0.027644746048005747,0,-0.30389639050633543,0.0276614793791355,0,-0.30387965717520571,1.6733331129753504e-05
3518,17685,17686,1,0.68107530074155664,1,0.34953416418721545,0.68103905725565239,1,0.34949792070131119,3.6243485904252637e-05
3519,17691,17692,0,0.20831355427512097,0,-0.12322758227922023,0.20831547212111076,0,-0.12322566443323044,1.9178459897961631e-06
3520,17693,17694,0,0.50026707966999784,1,0.16872594311565664,0.50028898056293147,1,0.16874784400859028,2.1900892933635063e-05
3521,17694,17695,0,0.098961480718444086,0,-0.23257965583589713,0.099114657170248033,0,-0.23242647938409317,0.00015317645180394635
3522,17701,17702,0,0.21852386166124929,0,-0.11301727489309191,0.21852341998056557,0,-0.11301771657377563,4.4168068372152369e-07
3523,17707,17708,0,0.24831581994723512,0,-0.083225316607106081,0.24849869215191484,0,-0.083042444402426363,0.00018287220467971821
3524,17720,17721,0,0.19208549645917489,0,-0.13945564009516631,0.19217438690342015,0,-0.13936674965092105,8.8890444245259825e-05
3525,17728,17729,0,0.48084838468948687,1,0.14930724813514568,0.48083959749979333,1,0.14929846094545213,8.787189693548747e-06
3526,17730,17731,0,0.18398846775977254,0,-0.14755266879456866,0.18395780710386925,0,-0.14758332945047195,3.0660655903291811e-05
3527,17735,17736,1,0.075414898650399353,0,-0.25612623790394184,0.07546966038714456,0,-0.25607147616719661,5.4761736745206901e-05
3528,17737,17738,1,0.31664626796112944,0,-0.014894868593211763,0.31660659770275695,0,-0.014934538851584245,3.9670258372481726e-05
3529,17738,17739,1,0.47055771291663273,1,0.13901657636229153,0.4705489065486943,1,0.1390077699943531,8.8063679384298155e-06
3530,17739,17740,0,0.42296442200718765,1,0.091423285452846448,0.42299878771240945,1,0.091457651158068254,3.4365705221806042e-05
3531,17753,17754,0,0.071087871475357722,0,-0.26045326507898348,0.07108550979256785,0,-0.26045562676177336,2.3616827898725878e-06
3532,17758,17759,1,0.52342420419206892,1,0.19188306763772772,0.51922746006167797,1,0.18768632350733677,0.0041967441303909503
3533,17759,17760,0,0.10571197803077752,0,-0.22582915852356367,0.1058177219804108,0,-0.22572341457393041,0.00010574394963328015
3534,17762,17763,0,0.35030371869262883,1,0.018762582138287631,0.35031905491489274,1,0.018777918360551538,1.5336222263906407e-05
3535,17767,17768,0,0.051522838374135217,0,-0.28001829818020596,0.051518338261588387,0,-0.28002279829275278,4.5001125468305259e-06
3536,17769,17770,0,0.15292614857389863,0,-0.17861498798044256,0.15295914487570414,0,-0.17858199167863706,3.2996301805504613e-05
3537,17773,17774,0,0.11322710878904887,0,-0.21831402776529232,0.11330593173147696,0,-0.21823520482286424,7.8822942428086185e-05
3538,17774,17775,1,0.6928444077621877,1,0.3613032712078465,0.69280590638620365,1,0.36126476983186245,3.8501375984045794e-05
3539,17778,17779,0,0.6379121190380681,1,0.30637098248372691,0.6379166577847829,1,0.30637552123044171,4.5387467147994798e-06
3540,17795,17796,0,0.38629772056730449,1,0.054756584012963294,0.38629515553940846,1,0.054754018985067265,2.5650278960287487e-06
3541,17799,17800,0,0.055826624081062565,0,-0.27571451247327861,0.055851696239814098,0,-0.27568944031452708,2.5072158751533735e-05
3542,17806,17807,1,0.67904008344595523,1,0.34749894689161404,0.67883398702782682,1,0.34729285047348563,0.00020609641812840973
3543,17807,17808,0,0.11949836194224515,0,-0.21204277461209603,0.11960136140278403,0,-0.21193977515155715,0.00010299946053887732
3544,17809,17810,1,0.12744330513431265,0,-0.20409783142002855,0.12747376833178717,0,-0.20406736822255403,3.0463197474517312e-05
3545,17815,17816,0,0.12132645020323549,0,-0.21021468635110571,0.12117353542176183,0,-0.21036760113257935,0.00015291478147365367
3546,17818,17819,0,0.136112772176012,0,-0.19542836437832919,0.13609021094764823,0,-0.19545092560669297,2.2561228363776609e-05
3547,17823,17824,1,0.69052704637267626,1,0.35898590981833506,0.69050292381006562,1,0.35896178725572442,2.4122562610640053e-05
3548,17836,17837,1,0.6929785334869164,1,0.36143739693257521,0.69298365143023744,1,0.36144251487589624,5.1179433210313263e-06
3549,17846,17847,1,0.67662830609013092,1,0.34508716953578972,0.67658690634374929,1,0.3450457697894081,4.1399746381620695e-05
3550,17848,17849,0,0.20873909358499018,0,-0.12280204296935102,0.20882513336996852,0,-0.12271600318437267,8.6039784978342304e-05
3551,17857,17858,0,0.049918625244160457,0,-0.28162251131018073,0.049933129185266781,0,-0.28160800736907443,1.4503941106323859e-05
3552,17861,17862,0,0.22538669190625135,0,-0.10615444464808985,0.22542976422112415,0,-0.10611137233321705,4.3072314872799611e-05
3553,17867,17868,0,0.11588573309265868,0,-0.21565540346168252,0.11589863278668269,0,-0.21564250376765851,1.2899694024015584e-05
3554,17875,17876,0,0.10313245248794367,0,-0.22840868406639753,0.10310829866160962,0,-0.22843283789273158,2.4153826334055717e-05
3555,17878,17879,0,0.24660557532496058,0,-0.084935561229380618,0.24645141181558117,0,-0.085089724738760031,0.00015416350937941248
3556,17886,17887,0,0.0075897264166499461,0,-0.32395141013769124,0.0076083376756982124,0,-0.32393279887864301,1.861125904826632e-05
3557,17891,17892,1,0.58705953346053319,1,0.25551839690619199,0.58707150137743158,1,0.25553036482309038,1.1967916898392161e-05
3558,17892,17893,0,0.20125272743312242,0,-0.13028840912121878,0.20124856559271478,0,-0.13029257096162641,4.161840407634898e-06
3559,17893,17894,0,0.060669252266284529,0,-0.27087188428805664,0.060696769797674646,0,-0.27084436675666657,2.7517531390117145e-05
3560,17895,17896,0,0.25778467298184432,0,-0.073756463572496878,0.25779273533549096,0,-0.073748401218850235,8.0623536466428725e-06
3561,17900,17901,0,0.38603647917077416,1,0.054495342616432962,0.38602764780625631,1,0.054486511251915115,8.8313645178472733e-06
3562,17911,17912,1,0.20617288162530498,0,-0.12536825492903622,0.20618277987923864,0,-0.12535835667510256,9.8982539336600617e-06
3563,17923,17924,1,0.71774829099018045,1,0.38620715443583925,0.71768204040917516,1,0.38614090385483396,6.6250581005289355e-05
3564,17927,17928,0,0.24229707593415334,0,-0.089244060620187859,0.24229519496492688,0,-0.089245941589414318,1.8809692264587508e-06
3565,17931,17932,1,0.57862351550461111,1,0.24708237895026991,0.57861375708945517,1,0.24707262053511397,9.7584151559360066e-06
3566,17932,17933,0,0.14454198649646152,0,-0.18699915005787968,0.14449090883289023,0,-0.18705022772145097,5.1077663571291732e-05
3567,17942,17943,0,0.048760146692090632,0,-0.28278098986225059,0.048763714952980132,0,-0.28277742160136105,3.5682608894999079e-06
3568,17947,17948,0,0.28818583440831358,0,-0.043355302146027619,0.28821322199945199,0,-0.043327914554889213,2.7387591138405831e-05
3569,17948,17949,0,0.10900512567537086,0,-0.22253601087897035,0.10900513455304328,0,-0.22253600200129792,8.877672416640614e-09
3570,17975,17976,0,0.18868633247183947,0,-0.14285480408250173,0.1885936777317295,0,-0.1429474588226117,9.2654740109970879e-05
3571,17979,17980,0,0.155888009010727,0,-0.1756531275436142,0.15589475051019888,0,-0.17564638604414232,6.7414994718850707e-06
3572,17987,17988,0,0.053925320692835295,0,-0.27761581586150591,0.053957279445869422,0,-0.27758385710847178,3.1958753034126708e-05
3573,17992,17993,0,0.02795017436954431,0,-0.30359096218479686,0.027959587078239478,0,-0.30358154947610172,9.412708695168831e-06
3574,17998,17999,0,0.18994062092437969,0,-0.14160051562996151,0.18993934872715454,0,-0.14160178782718666,1.2721972251494851e-06
3575,18003,18004,0,0.71640500876340463,1,0.38486387220906343,0.71637272584820388,1,0.38483158929386269,3.2282915200743112e-05
3576,18005,18006,1,0.74959080261987443,1,0.41804966606553323,0.74957002911763115,1,0.41802889256328996,2.0773502243276454e-05
3577,18016,18017,0,0.31493836140035242,0,-0.01660277515398878,0.31494840978699873,0,-0.016592726767342469,1.0048386646310803e-05
3578,18017,18018,0,0.18310258853089287,0,-0.14843854802344833,0.18328812411105525,0,-0.14825301244328595,0.00018553558016237703
3579,18022,18023,1,0.13536289905739568,0,-0.19617823749694552,0.13538244323733828,0,-0.19615869331700292,1.9544179942598827e-05
3580,18025,18026,0,0.11094280975874085,0,-0.22059832679560035,0.11093876147891567,0,-0.22060237507542552,4.0482798251834096e-06
3581,18030,18031,0,0.14392489720355603,0,-0.18761623935078517,0.14371023083789797,0,-0.18783090571644323,0.00021466636565806163
3582,18040,18041,0,0.087586044911996397,0,-0.2439550916423448,0.08758931622322845,0,-0.24395182033111273,3.2713112320531534e-06
3583,18041,18042,0,0.37486503868709065,1,0.043323902132749448,0.37489414902150991,1,0.043353012467168717,2.9110334419268913e-05
3584,18056,18057,0,0.060134049190746809,0,-0.27140708736359437,0.060133756217510159,0,-0.27140738033683104,2.9297323664995156e-07
3585,18059,18060,0,0.053479654926583332,0,-0.27806148162775784,0.053504825109849045,0,-0.27803631144449215,2.5170183265713075e-05
3586,18069,18070,0,0.19649277827511186,0,-0.13504835827922934,0.19650388535449545,0,-0.13503725119984575,1.1107079383593232e-05
3587,18071,18072,1,0.77267872115264946,1,0.44113758459830826,0.77260909754271112,1,0.44106796098836992,6.9623609938340714e-05
3588,18081,18082,0,0.39503575482552722,1,0.063494618271186021,0.39506535769466555,1,0.063524221140324355,2.960286913833432e-05
3589,18084,18085,0,0.3864615280483929,1,0.054920391494051701,0.38861422180556687,1,0.057073085251225675,0.0021526937571739735
3590,18086,18087,1,0.075096178216144782,0,-0.25644495833819642,0.075106707111140661,0,-0.25643442944320055,1.0528894995878724e-05
3591,18088,18089,0,0.2395445835454893,0,-0.0919965530088519,0.23946062181436836,0,-0.092080514739972835,8.3961731120935079e-05
3592,18092,18093,1,0.68766547204751971,1,0.35612433549317851,0.68765379636634705,1,0.35611265981200585,1.16756811726626e-05
3593,18093,18094,0,0.15525867980003755,0,-0.17628245675430365,0.15523795254007425,0,-0.17630318401426695,2.072725996329905e-05
3594,18094,18095,1,0.83316271358963745,1,0.50162157703529631,0.83308687628562117,1,0.50154573973127992,7.5837304016279639e-05
3595,18095,18096,0,0.039045285565597568,0,-0.29249585098874364,0.038987187542387225,0,-0.29255394901195397,5.8098023210342853e-05
3596,18098,18099,0,0.4405054070806188,1,0.10896427052627761,0.4404980308311639,1,0.1089568942768227,7.3762494549045599e-06
3597,18105,18106,0,0.15316722650123019,0,-0.17837391005311101,0.15318071038012224,0,-0.17836042617421896,1.3483878892051049e-05
3598,18108,18109,0,0.063412875638361774,0,-0.26812826091597941,0.063381886417619035,0,-0.26815925013672215,3.0989220742738688e-05
3599,18115,18116,0,0.085657176964683474,0,-0.24588395958965772,0.085661696215444227,0,-0.24587944033889697,4.519250760753879e-06
3600,18117,18118,0,0.1794150992261333,0,-0.1521260373282079,0.17945091553220574,0,-0.15209022102213546,3.5816306072439241e-05
3601,18123,18124,0,0.22237109595943472,0,-0.10917004059490648,0.22218343067879684,0,-0.10935770587554436,0.00018766528063787757
3602,18131,18132,0,0.048034952375150895,0,-0.28350618417919032,0.048040157736631159,0,-0.28350097881771003,5.2053614802635706e-06
3603,18133,18134,1,0.1927284870919789,0,-0.1388126494623623,0.19264505376511665,0,-0.13889608278922455,8.3433326862253354e-05
3604,18134,18135,0,0.48242440626998417,1,0.15088326971564298,0.48271885473229542,1,0.15117771817795422,0.00029444846231124755
3605,18136,18137,0,0.23111791952593941,0,-0.10042321702840179,0.23113664289882932,0,-0.10040449365551188,1.872337288991166e-05
3606,18139,18140,0,0.012009600046230999,0,-0.31953153650811023,0.011997334602351988,0,-0.31954380195198923,1.2265443879010823e-05
3607,18156,18157,0,0.14616663281697598,0,-0.18537450373736522,0.1461982880482271,0,-0.1853428485061141,3.1655231251120908e-05
3608,18159,18160,0,0.039983668560644788,0,-0.29155746799369642,0.039982595039875883,0,-0.29155854151446531,1.0735207689044346e-06
3609,18163,18164,0,0.016031529558843592,0,-0.31550960699549763,0.016060835466031341,0,-0.31548030108830988,2.9305907187748836e-05
3610,18164,18165,1,0.13146803954946323,0,-0.20007309700487796,0.13148174451550002,0,-0.20005939203884118,1.3704966036781618e-05
3611,18165,18166,0,0.24388086331306044,0,-0.087660273241280756,0.2437010959065134,0,-0.0878400406478278,0.00017976740654704337
3612,18171,18172,0,0.15153564151299861,0,-0.18000549504134258,0.15151312553337545,0,-0.18002801102096574,2.2515979623161098e-05
3613,18175,18176,0,0.16642992430682227,0,-0.16511121224751893,0.16643666993806189,0,-0.16510446661627931,6.7456312396185769e-06
3614,18182,18183,0,0.046651129893927418,0,-0.28489000666041375,0.046667829454607734,0,-0.28487330709973346,1.6699560680316639e-05
3615,18188,18189,1,0.20054170459572632,0,-0.13099943195861488,0.2005773387874708,0,-0.13096379776687039,3.5634191744488009e-05
3616,18191,18192,0,0.16561216487253957,0,-0.16592897168180162,0.16553971684957119,0,-0.16600141970477,7.2448022968379933e-05
3617,18194,18195,0,0.15829342321878379,0,-0.17324771333555741,0.15829483218854998,0,-0.17324630436579122,1.408969766192314e-06
3618,18197,18198,0,0.078391284070162812,0,-0.25314985248417837,0.078393797401597909,0,-0.25314733915274329,2.5133314350972435e-06
3619,18199,18200,0,0.067874634192611499,0,-0.26366650236172973,0.06780262999270939,0,-0.26373850656163178,7.2004199902109267e-05
3620,18206,18207,0,0.14433087266936215,0,-0.18721026388497905,0.14433932234468652,0,-0.18720181420965468,8.4496753243734624e-06
3621,18211,18212,0,0.032360748228718955,0,-0.29918038832562222,0.032414873646343531,0,-0.29912626290799765,5.41254176245759e-05
3622,18213,18214,1,0.13275329701711566,0,-0.19878783953722554,0.13273649249504951,0,-0.19880464405929169,1.6804522066149463e-05
3623,18233,18234,0,0.078681542500108323,0,-0.25285959405423286,0.078682626663834021,0,-0.25285850989050718,1.0841637256980841e-06
3624,18234,18235,0,0.63764742739651248,1,0.30610629084217128,0.63767451304611122,1,0.30613337649177003,2.7085649598745931e-05
3625,18235,18236,0,0.097285149038160032,0,-0.23425598751618115,0.097297698905983124,0,-0.23424343764835809,1.2549867823091754e-05
3626,18239,18240,0,0.050842073215102569,0,-0.28069906333923861,0.050841736717564569,0,-0.28069939983677661,3.3649753800046867e-07
3627,18245,18246,0,0.1110650647859695,0,-0.2204760717683717,0.11105932960954763,0,-0.22048180694479358,5.7351764218699364e-06
3628,18248,18249,0,0.1604433278956483,0,-0.1710978086586929,0.16049517002882252,0,-0.17104596652551868,5.1842133174218041e-05
3629,18252,18253,1,0.32343553043285544,0,-0.0081056061214857533,0.32342172578659806,0,-0.0081194107677431404,1.3804646257387088e-05
3630,18254,18255,0,0.19636331355853692,0,-0.13517782299580428,0.1962107401502759,0,-0.1353303964040653,0.00015257340826102528
3631,18255,18256,0,0.25130187551427224,0,-0.080239261040068954,0.25129442294458176,0,-0.080246713609759435,7.4525696904803596e-06
3632,18256,18257,1,0.83811668978258091,1,0.50657555322823966,0.83812225808075724,1,0.50658112152641599,5.5682981763283124e-06
3633,18263,18264,1,0.15455420814822388,0,-0.17698692840611732,0.15455496238463629,0,-0.17698617416970491,7.5423641240912609e-07
3634,18268,18269,0,0.16776132340845151,0,-0.16377981314588969,0.16776382099272391,0,-0.16377731556161729,2.4975842723984343e-06
3635,18269,18270,0,0.090605271900530165,0,-0.24093586465381103,0.090645748788690847,0,-0.24089538776565034,4.0476888160681512e-05
3636,18274,18275,0,0.038741337669112239,0,-0.29279979888522895,0.038742894490296095,0,-0.29279824206404509,1.5568211838568047e-06
3637,18277,18278,1,0.80757576376511475,1,0.47603462721077355,0.80755911339866138,1,0.47601797684432018,1.6650366453374588e-05
3638,18280,18281,0,0.32626873515830823,0,-0.0052724013960329663,0.32626922856276508,0,-0.0052719079915761191,4.934044568472018e-07
3639,18283,18284,0,0.12842305607521315,0,-0.20311808047912805,0.12845752423831178,0,-0.20308361231602942,3.4468163098627658e-05
3640,18290,18291,0,0.19942343071240037,0,-0.13211770584194082,0.19942045508236475,0,-0.13212068147197645,2.975630035623178e-06
3641,18291,18292,1,0.29903230598497327,0,-0.03250883056936793,0.29892100601595012,0,-0.032620130538391079,0.00011129996902314865
3642,18295,18296,1,0.43479830287010457,1,0.10325716631576337,0.43475750696859944,1,0.10321637041425824,4.0795901505130683e-05
3643,18296,18297,1,0.438318784996308,1,0.1067776484419668,0.4383519935693847,1,0.1068108570150435,3.3208573076703995e-05
3644,18297,18298,0,0.11879470064022438,0,-0.21274643591411682,0.11885256341690849,0,-0.21268857313743272,5.7862776684111661e-05
3645,18300,18301,0,0.16024265010984981,0,-0.17129848644449139,0.16030502124291426,0,-0.17123611531142693,6.2371133064453854e-05
3646,18305,18306,0,0.054318415085118622,0,-0.27722272146922255,0.054348631760180656,0,-0.27719250479416052,3.0216675062033627e-05
3647,18308,18309,0,0.11961862036115087,0,-0.21192251619319033,0.11960976447286885,0,-0.21193137208147234,8.8558882820194418e-06
3648,18309,18310,0,0.14896633184324715,0,-0.18257480471109405,0.14896241537225896,0,-0.18257872118208224,3.9164709881855941e-06
3649,18315,18316,0,0.158120694178712,0,-0.1734204423756292,0.15814182723377221,0,-0.17339930932056899,2.1133055060212902e-05
3650,18319,18320,0,0.10055106041623983,0,-0.23099007613810135,0.10069722070620558,0,-0.23084391584813563,0.00014616028996575214
3651,18330,18331,0,0.12150208563122224,0,-0.21003905092311898,0.12149128032037669,0,-0.21004985623396449,1.0805310845546368e-05
3652,18344,18345,0,0.12712510540534036,0,-0.20441603114900084,0.12712869484463762,0,-0.20441244170970357,3.5894392972635192e-06
3653,18348,18349,0,0.09745041805669323,0,-0.23409071849764795,0.097462246341611949,0,-0.23407889021272926,1.1828284918719012e-05
3654,18352,18353,0,0.098890166510452265,0,-0.23265097004388893,0.098902696945056198,0,-0.23263843960928499,1.2530434603932883e-05
3655,18357,18358,0,0.54195153261904305,1,0.21041039606470185,0.54182467143602542,1,0.21028353488168422,0.00012686118301763472
3656,18362,18363,1,0.16295267761169618,0,-0.16858845894264501,0.16297155171092376,0,-0.16856958484341744,1.887409922757266e-05
3657,18363,18364,0,0.10235332305683392,0,-0.22918781349750728,0.10211091324567828,0,-0.22943022330866292,0.00024240981115564164
3658,18365,18366,0,0.15919691899832206,0,-0.17234421755601914,0.15919613799879617,0,-0.17234499855554503,7.8099952588450705e-07
3659,18366,18367,0,0.1939488301661276,0,-0.1375923063882136,0.19395804806284686,0,-0.13758308849149434,9.2178967192602101e-06
3660,18384,18385,0,0.17348798393786613,0,-0.15805315261647507,0.17349748590777331,0,-0.15804365064656789,9.5019699071774433e-06
3661,18388,18389,0,0.1326218800848957,0,-0.1989192564694455,0.132603128611088,0,-0.1989380079432532,1.8751473807698815e-05
3662,18389,18390,0,0.064415229899671786,0,-0.2671259066546694,0.064388551290664953,0,-0.26715258526367625,2.6678609006833276e-05
3663,18391,18392,0,0.089365781567272901,0,-0.2421753549870683,0.089371214872167898,0,-0.2421699216821733,5.4333048949972707e-06
3664,18393,18394,1,0.56552478969813114,1,0.23398365314378994,0.56551418694119338,1,0.23397305038685218,1.0602756937760915e-05
3665,18408,18409,0,0.11882859536555662,0,-0.21271254118878458,0.11890108260191369,0,-0.21264005395242752,7.2487236357068885e-05
3666,18409,18410,1,0.35060245640726617,1,0.019061319852924974,0.35055700298879511,1,0.01901586643445391,4.5453418471064211e-05
3667,18410,18411,0,0.20580570765244691,0,-0.12573542890189429,0.20581300921250267,0,-0.12572812734183852,7.3015600557668758e-06
3668,18418,18419,0,0.080913994060640149,0,-0.25062714249370105,0.080910003753073736,0,-0.25063113280126748,3.9903075664121657e-06
3669,18421,18422,1,0.17087645901613996,0,-0.16066467753820124,0.17087387591494491,0,-0.16066726063939629,2.5831011950527838e-06
3670,18423,18424,1,0.049024840195066796,0,-0.28251629635927439,0.049026279559789332,0,-0.28251485699455187,1.4393647225358075e-06
3671,18434,18435,0,0.083658489714275017,0,-0.24788264684006617,0.083691079064358229,0,-0.24785005748998296,3.2589350083211954e-05
3672,18445,18446,0,0.068976534150668442,0,-0.26256460240367274,0.06897918766329883,0,-0.26256194889104234,2.653512630387822e-06
3673,18454,18455,1,0.56241204941344181,1,0.23087091285910061,0.5624242883223316,1,0.2308831517679904,1.2238908889794509e-05
3674,18459,18460,0,0.26296111840681069,0,-0.068580018147530508,0.26296115988508201,0,-0.068579976669259191,4.147827131761872e-08
3675,18462,18463,0,0.24764959290279179,0,-0.083891543651549411,0.24745704007648975,0,-0.08408409647785145,0.00019255282630203929
3676,18471,18472,0,0.24566127312900832,0,-0.085879863425332881,0.24568942879753924,0,-0.085851707756801954,2.8155668530926992e-05
3677,18476,18477,0,0.093481640591589352,0,-0.23805949596275183,0.09269162834683603,0,-0.23884950820750517,0.00079001224475332144
3678,18480,18481,0,0.042474356777487038,0,-0.28906677977685413,0.042467722824934738,0,-0.28907341372940648,6.633952552299871e-06
3679,18482,18483,0,0.043541295596530964,0,-0.28799984095781023,0.043529811117206899,0,-0.28801132543713431,1.1484479324065655e-05
3680,18484,18485,0,0.15621961538851617,0,-0.17532152116582503,0.15616438728999926,0,-0.17537674926434194,5.5228098516907353e-05
3681,18485,18486,0,0.29961775873161772,0,-0.031923377822723475,0.29954738370981526,0,-0.031993752844525936,7.0375021802460136e-05
3682,18486,18487,0,0.14450572414661281,0,-0.18703541240772839,0.14450105255749973,0,-0.18704008399684147,4.6715891130755249e-06
3683,18489,18490,1,0.50922779163936893,1,0.17768665508502773,0.50928658508020153,1,0.17774544852586033,5.8793440832594079e-05
3684,18491,18492,0,0.086004456607230023,0,-0.24553667994711117,0.086146056372880767,0,-0.24539508018146045,0.00014159976565074339
3685,18502,18503,0,0.094094209377553056,0,-0.23744692717678814,0.094079500811303243,0,-0.23746163574303797,1.4708566249813093e-05
3686,18509,18510,0,0.18987498832878763,0,-0.14166614822555357,0.18989367305981436,0,-0.14164746349452684,1.8684731026730184e-05
3687,18510,18511,0,0.16582259250778267,0,-0.16571854404655853,0.16589222459560996,0,-0.16564891195873124,6.9632087827287137e-05
3688,18511,18512,1,0.14258044341733336,0,-0.18896069313700783,0.14273839990871684,0,-0.18880273664562436,0.00015795649138347634
3689,18518,18519,1,0.78255057027892749,1,0.45100943372458629,0.78254392729524869,1,0.45100279074090749,6.6429836788062246e-06
3690,18527,18528,0,0.26125038237013576,0,-0.07029075418420544,0.26130707773539213,0,-0.070234058818949063,5.6695365256376196e-05
3691,18539,18540,1,0.65566548356411769,1,0.32412434700977649,0.65568070264250933,1,0.32413956608816813,1.5219078391637275e-05
3692,18541,18542,0,0.046944115639085501,0,-0.28459702091525568,0.046955651903710115,0,-0.2845854846506311,1.1536264624613379e-05
3693,18542,18543,0,0.10965578160449901,0,-0.22188535494984218,0.10965912357893884,0,-0.22188201297540236,3.3419744398244244e-06
3694,18547,18548,0,0.18958747774797222,0,-0.14195365880636898,0.18962262579196187,0,-0.14191851076237932,3.5148043989657873e-05
3695,18558,18559,0,0.072773264943101448,0,-0.25876787161123976,0.07276029604347789,0,-0.25878084051086331,1.2968899623558294e-05
3696,18559,18560,0,0.10270633451305172,0,-0.22883480204128948,0.10274029944740598,0,-0.22880083710693522,3.396493435425807e-05
3697,18566,18567,0,0.096569083751597867,0,-0.23497205280274333,0.096618924148276081,0,-0.23492221240606512,4.9840396678213494e-05
3698,18571,18572,0,0.16612596291384954,0,-0.16541517364049166,0.16639433674752396,0,-0.16514679980681723,0.00026837383367442347
3699,18573,18574,1,0.069723607656986264,0,-0.26181752889735493,0.069725044740605369,0,-0.26181609181373583,1.4370836191046621e-06
3700,18576,18577,0,0.28453374317892655,0,-0.047007393375414652,0.28453920152869161,0,-0.047001935025649588,5.4583497650639856e-06
3701,18577,18578,0,0.04934367551587291,0,-0.28219746103846827,0.049342614002729358,0,-0.28219852255161182,1.061513143552073e-06
3702,18578,18579,0,0.12007618866446559,0,-0.2114649478898756,0.12007708880036617,0,-0.21146404775397504,9.0013590058057869e-07
3703,18579,18580,0,0.47363575532906316,1,0.14209461877472196,0.47368849779214112,1,0.14214736123779992,5.2742463077959378e-05
3704,18581,18582,0,0.089885578637397365,0,-0.24165555791694382,0.089885878771654576,0,-0.24165525778268662,3.0013425721120424e-07
3705,18585,18586,0,0.047078318537105382,0,-0.28446281801723583,0.047104059708505973,0,-0.28443707684583525,2.5741171400590901e-05
3706,18586,18587,0,0.10702240436175932,0,-0.22451873219258189,0.10703365458009145,0,-0.22450748197424975,1.1250218332134465e-05
3707,18590,18591,0,0.10669603282664525,0,-0.22484510372769595,0.10667606133460886,0,-0.22486507521973234,1.9971492036391369e-05
3708,18599,18600,0,0.028188142721932704,0,-0.30335299383240849,0.028220136965933378,0,-0.3033209995884078,3.1994244000674299e-05
3709,18600,18601,0,0.15385057625667339,0,-0.1776905602976678,0.1539688402677685,0,-0.1775722962865727,0.00011826401109510387
3710,18606,18607,1,0.23100045822583509,0,-0.10054067832850611,0.23102395897599926,0,-0.10051717757834194,2.3500750164162643e-05
3711,18610,18611,1,0.1152434317604826,0,-0.2162977047938586,0.11525763295206694,0,-0.21628350360227427,1.4201191584337081e-05
3712,18612,18613,0,0.028076139511942804,0,-0.30346499704239838,0.028089320318109342,0,-0.30345181623623185,1.3180806166537828e-05
3713,18614,18615,1,0.73934092910524785,1,0.40779979255090665,0.73922996663468143,1,0.40768883008034024,0.0001109624705664114
3714,18621,18622,0,0.21901520840035227,0,-0.11252592815398893,0.21883995529607009,0,-0.11270118125827111,0.00017525310428218033
3715,18633,18634,0,0.07010088631048797,0,-0.2614402502438532,0.070100406612026225,0,-0.26144072994231499,4.7969846174444886e-07
3716,18651,18652,0,0.076170047342109581,0,-0.25537108921223162,0.076200274314283251,0,-0.25534086224005792,3.0226972173669209e-05
3717,18659,18660,0,0.19692147933584991,0,-0.13461965721849128,0.19689868301986041,0,-0.13464245353448079,2.2796315989503935e-05
3718,18671,18672,0,0.16029216328338328,0,-0.17124897327095792,0.15898975703025725,0,-0.17255137952408395,0.0013024062531260261
3719,18674,18675,0,0.11982947458558325,0,-0.21171166196875796,0.11985142034894908,0,-0.21168971620539212,2.1945763365824322e-05
3720,18678,18679,0,0.17934117997364249,0,-0.15219995658069871,0.17936103285474622,0,-0.15218010369959498,1.98528811037324e-05
3721,18682,18683,1,0.10035376574614652,0,-0.23118737080819468,0.10033281887872129,0,-0.23120831767561989,2.0946867425222782e-05
3722,18683,18684,0,0.18845608568031813,0,-0.14308505087402307,0.18841520195309169,0,-0.1431259346012495,4.0883727226437294e-05
3723,18688,18689,1,0.18611942191132796,0,-0.14542171464301323,0.18612219331551627,0,-0.14541894323882493,2.7714041883064588e-06
3724,18690,18691,0,0.15362794722248652,0,-0.17791318933185468,0.15368118222804836,0,-0.17785995432629284,5.3235005561841353e-05
3725,18696,18697,0,0.078416465579958197,0,-0.25312467097438301,0.078422694657062461,0,-0.25311844189727872,6.2290771042639026e-06
3726,18698,18699,0,0.32799721995111519,0,-0.003543916603226005,0.32799381432884156,0,-0.0035473222254996384,3.4056222736333908e-06
3727,18699,18700,0,0.04009864900206532,0,-0.29144248755227586,0.039793994943411785,0,-0.29174714161092941,0.00030465405865353484
3728,18707,18708,0,0.42348943791130306,1,0.091948301356961859,0.42353121809527244,1,0.091990081540931246,4.1780183969386542e-05
3729,18709,18710,1,0.089037689541940149,0,-0.24250344701240106,0.089114707397353901,0,-0.24242642915698731,7.701785541375239e-05
3730,18711,18712,0,0.064692723478364522,0,-0.26684841307597668,0.064397289445944708,0,-0.2671438471083965,0.00029543403241981403
3731,18730,18731,1,0.18581135855180922,0,-0.14572977800253198,0.18570337681097057,0,-0.14583775974337063,0.00010798174083864742
3732,18733,18734,0,0.19686175006318662,0,-0.13467938649115457,0.19686556841946667,0,-0.13467556813487452,3.8183562800497839e-06
3733,18744,18745,0,0.1310300206375595,0,-0.2005111159167817,0.13102786645757178,0,-0.20051327009676942,2.1541799877233814e-06
3734,18745,18746,0,0.028681920977125738,0,-0.30285921557721546,0.028707647910431601,0,-0.30283348864390958,2.572693330586337e-05
3735,18746,18747,0,0.22760143635502286,0,-0.10393970019931834,0.22766894963694595,0,-0.10387218691739525,6.7513281923087254e-05
3736,18750,18751,0,0.031643924408172798,0,-0.29989721214616838,0.031637530322504888,0,-0.29990360623183632,6.3940856679101099e-06
3737,18753,18754,0,0.045278392575750143,0,-0.28626274397859108,0.045315486133185277,0,-0.28622565042115594,3.7093557435134705e-05
3738,18757,18758,0,0.63451775106463504,1,0.30297661451029384,0.63454629563076692,1,0.30300515907642572,2.8544566131882831e-05
3739,18761,18762,0,0.030114029253839533,0,-0.30142710730050165,0.030107655274930534,0,-0.30143348127941066,6.3739789089994892e-06
3740,18770,18771,1,0.36469690299359264,1,0.033155766439251444,0.36474084472018753,1,0.033199708165846331,4.3941726594887154e-05
3741,18773,18774,1,0.59957432159045454,1,0.26803318503611334,0.59950579968602902,1,0.26796466313168782,6.8521904425522528e-05
3742,18779,18780,0,0.12994605336894663,0,-0.20159508318539457,0.12994662112532115,0,-0.20159451542902004,5.6775637452544103e-07
3743,18781,18782,0,0.45057283306086926,1,0.11903169650652806,0.45057971788419388,1,0.11903858132985268,6.8848233246154855e-06
3744,18802,18803,0,0.028667165876728677,0,-0.30287397067761251,0.028687296997450651,0,-0.30285383955689055,2.0131120721973705e-05
3745,18803,18804,0,0.040784678053718146,0,-0.29075645850062304,0.040781971443217303,0,-0.29075916511112387,2.7066105008424768e-06
3746,18808,18809,0,0.067430758836445767,0,-0.26411037771789542,0.067442705576098591,0,-0.26409843097824259,1.194673965282389e-05
3747,18813,18814,0,0.18346467798572635,0,-0.14807645856861484,0.18341278616256929,0,-0.14812835039177191,5.1891823157068639e-05
3748,18816,18817,0,0.087449327949437133,0,-0.24409180860490406,0.087454344405053647,0,-0.24408679214928755,5.0164556165133156e-06
3749,18819,18820,0,0.20689605657418145,0,-0.12464507998015975,0.20694868212138759,0,-0.12459245443295361,5.2625547206142098e-05
3750,18824,18825,0,0.020152415860571631,0,-0.31138872069376955,0.020258902887868167,0,-0.31128223366647301,0.00010648702729653542
3751,18838,18839,0,0.15873805543440256,0,-0.17280308111993864,0.15880598041215988,0,-0.17273515614218132,6.792497775731654e-05
3752,18839,18840,0,0.18091290282443026,0,-0.15062823372991094,0.18093536201722701,0,-0.15060577453711418,2.2459192796753236e-05
3753,18853,18854,0,0.2080762643783883,0,-0.12346487217595289,0.20804222518997684,0,-0.12349891136436436,3.4039188411466581e-05
3754,18863,18864,0,0.026559180412849392,0,-0.30498195614149182,0.026595271358860865,0,-0.30494586519548034,3.6090946011473057e-05
3755,18866,18867,0,0.039129000902719389,0,-0.29241213565162183,0.039152861906158597,0,-0.29238827464818262,2.3861003439207273e-05
3756,18872,18873,0,0.19209475135694187,0,-0.13944638519739933,0.19214506925728592,0,-0.13939606729705528,5.0317900344043487e-05
3757,18877,18878,0,0.064292902666934701,0,-0.26724823388740648,0.064249659545839777,0,-0.26729147700850142,4.324312109492412e-05
3758,18880,18881,0,0.052804055373336205,0,-0.27873708118100499,0.052821859165848736,0,-0.27871927738849245,1.7803792512531558e-05
3759,18882,18883,0,0.21265618653994822,0,-0.11888495001439298,0.21261163242949715,0,-0.11892950412484404,4.4554110451067164e-05
3760,18883,18884,0,0.34317517102752693,1,0.011634034473185728,0.33953680144038423,1,0.0079956648860430302,0.003638369587142698
3761,18887,18888,0,0.19034883083936197,0,-0.14119230571497923,0.19036602160468838,0,-0.14117511494965282,1.7190765326413615e-05
3762,18898,18899,1,0.058215356707273055,0,-0.27332577984706813,0.058218766278515771,0,-0.2733223702758254,3.409571242715681e-06
3763,18901,18902,0,0.10150295773364065,0,-0.23003817882070055,0.10037227822172137,0,-0.23116885833261983,0.0011306795119192803
3764,18902,18903,0,0.28859894656407425,0,-0.042942189990266944,0.28852679886495725,0,-0.043014337689383952,7.2147699117008912e-05
3765,18905,18906,0,0.26378693356487448,0,-0.067754202989466716,0.26379290339645678,0,-0.067748233157884419,5.96983158229758e-06
3766,18909,18910,0,0.19339393879793082,0,-0.13814719775641038,0.19342725916945619,0,-0.13811387738488501,3.3320371525369374e-05
3767,18912,18913,0,0.15338409456938007,0,-0.17815704198496113,0.15338942095960562,0,-0.17815171559473558,5.3263902255462625e-06
3768,18915,18916,0,0.17331014411886672,0,-0.15823099243547448,0.1732944006372886,0,-0.1582467359170526,1.574348157812322e-05
3769,18918,18919,1,0.69168154285043981,1,0.36014040629609861,0.69171480597482138,1,0.36017366942048018,3.32631243815662e-05
3770,18921,18922,0,0.030892283588978952,0,-0.30064885296536226,0.030893522194364181,0,-0.300647614359977,1.238605385228686e-06
3771,18922,18923,0,0.10120327708068493,0,-0.23033785947365626,0.10122323489606505,0,-0.23031790165827615,1.9957815380125532e-05
3772,18923,18924,0,0.059013462210246836,0,-0.27252767434409436,0.059013295257092223,0,-0.272527841297249,1.6695315461362492e-07
3773,18929,18930,0,0.073705147511858971,0,-0.25783598904248223,0.07373478216135633,0,-0.25780635439298488,2.9634649497359278e-05
3774,18949,18950,0,0.036876859239897239,0,-0.29466427731444395,0.036554621778153711,0,-0.29498651477618748,0.00032223746174352835
3775,18950,18951,1,0.39433582128776457,1,0.062794684733423367,0.39440744944012618,1,0.062866312885784981,7.1628152361613573e-05
3776,18955,18956,1,0.18204758918372549,0,-0.14949354737061571,0.18204052973753557,0,-0.14950060681680563,7.0594461899220473e-06
3777,18958,18959,0,0.096232503049828194,0,-0.235308633504513,0.096210637626142653,0,-0.23533049892819854,2.1865423685540897e-05
3778,18960,18961,1,0.18355558311243017,0,-0.14798555344191103,0.18352766514901922,0,-0.14801347140532198,2.7917963410950541e-05
3779,18961,18962,0,0.63811599177306155,1,0.30657485521872035,0.63808778919259179,1,0.30654665263825059,2.8202580469760541e-05
3780,18963,18964,1,0.23999840238421061,0,-0.091542734170130591,0.23999538620324309,0,-0.091545750351098104,3.0161809675133266e-06
3781,18965,18966,0,0.056704973723908481,0,-0.27483616283043272,0.056716901682502145,0,-0.27482423487183905,1.1927958593664634e-05
3782,18974,18975,0,0.0090134827981538865,0,-0.3225276537561873,0.0090178784065428896,0,-0.32252325814779831,4.3956083890031583e-06
3783,18976,18977,0,0.068274182232086172,0,-0.263266954322255,0.068307860815604568,0,-0.26323327573873662,3.3678583518395588e-05
3784,19001,19002,0,0.20844243480379113,0,-0.12309870175055007,0.20844196806993365,0,-0.12309916848440755,4.6673385747930674e-07
3785,19008,19009,0,0.031510280868477826,0,-0.30003085568586335,0.031504168087174364,0,-0.30003696846716682,6.1127813034619893e-06
3786,19013,19014,1,0.062695743173792701,0,-0.26884539338054847,0.062717882153253718,0,-0.26882325440108745,2.2138979461017172e-05
3787,19018,19019,0,0.11069448172691666,0,-0.22084665482742455,0.1106930632336334,0,-0.2208480733207078,1.4184932832644881e-06
3788,19026,19027,1,0.12643632989509646,0,-0.20510480665924474,0.12637456792780599,0,-0.20516656862653521,6.176196729046346e-05
3789,19029,19030,1,0.64934245043346073,1,0.31780131387911953,0.64932014170401264,1,0.31777900514967145,2.230872944808393e-05
3790,19044,19045,0,0.15070961013734482,0,-0.18083152641699637,0.15070679941699974,0,-0.18083433713734146,2.8107203450811191e-06
3791,19046,19047,0,0.025841681508509604,0,-0.30569945504583157,0.025879034686037559,0,-0.30566210186830362,3.7353177527954529e-05
3792,19058,19059,0,0.21250614826347836,0,-0.11903498829086284,0.21249644810114549,0,-0.11904468845319571,9.7001623328707431e-06
3793,19060,19061,1,0.13017852005333003,0,-0.20136261650101117,0.13018296818405845,0,-0.20135816837028275,4.4481307284183202e-06
3794,19071,19072,0,0.038121778737825476,0,-0.29341935781651574,0.038145510297191002,0,-0.29339562625715021,2.3731559365525179e-05
3795,19074,19075,0,0.046178671880180065,0,-0.28536246467416115,0.046219998762801917,0,-0.28532113779153928,4.1326882621851857e-05
3796,19077,19078,0,0.62685635771432813,1,0.29531522115998693,0.62705078429030503,1,0.29550964773596383,0.0001944265759769026
3797,19079,19080,0,0.024948396455911331,0,-0.30659274009842985,0.024975712754683129,0,-0.30656542379965807,2.731629877179842e-05
3798,19090,19091,0,0.065007790434532434,0,-0.26653334611980878,0.065023853881278751,0,-0.26651728267306246,1.6063446746317211e-05
3799,19101,19102,1,0.67030259457431118,1,0.33876145801996999,0.67022793925053226,1,0.33868680269619106,7.4655323778927141e-05
3800,19118,19119,0,0.10247625529299899,0,-0.22906488126134222,0.10246180488673591,0,-0.2290793316676053,1.445040626307792e-05
3801,19119,19120,0,0.056732084758824068,0,-0.27480905179551712,0.056831007068983613,0,-0.27471012948535756,9.8922310159545168e-05
3802,19124,19125,0,0.029388243073790371,0,-0.30215289348055085,0.029391229197747105,0,-0.30214990735659408,2.9861239567337272e-06
3803,19135,19136,0,0.18596301888642983,0,-0.14557811766791137,0.1859851939394008,0,-0.1455559426149404,2.2175052970974107e-05
3804,19150,19151,0,0.17152138816010501,0,-0.16001974839423619,0.17149490137259851,0,-0.16004623518174269,2.648678750649669e-05
3805,19156,19157,0,0.076138574002297468,0,-0.25540256255204374,0.076171518590903334,0,-0.25536961796343788,3.2944588605865466e-05
3806,19162,19163,0,0.1110353261007582,0,-0.220505810453583,0.11107708734788822,0,-0.22046404920645296,4.1761247130026047e-05
3807,19189,19190,1,0.37066213875797138,1,0.039121002203630184,0.37069032705909194,1,0.039149190504750742,2.818830112055748e-05
3808,19202,19203,0,0.023189969272477209,0,-0.30835116728186401,0.023244062923919302,0,-0.30829707363042191,5.4093651442092827e-05
3809,19209,19210,0,0.32010598340408097,0,-0.011435153150260224,0.32549864994562938,0,-0.0060424866087118168,0.0053926665415484076
3810,19220,19221,1,0.60352003300043877,1,0.27197889644609757,0.60351771734287807,1,0.27197658078853687,2.3156575607030661e-06
3811,19224,19225,0,0.078615895623003043,0,-0.25292524093133817,0.078617481729808786,0,-0.25292365482453238,1.5861068057426708e-06
3812,19238,19239,0,0.075391952994885242,0,-0.25614918355945593,0.075421135454298516,0,-0.25612000110004268,2.9182459413273909e-05
3813,19240,19241,0,0.035386704237481588,0,-0.29615443231685962,0.035397761358960195,0,-0.29614337519538103,1.1057121478606768e-05
3814,19242,19243,0,0.13284981111539526,0,-0.19869132543894594,0.132651702436237,0,-0.1988894341181042,0.0001981086791582598
3815,19245,19246,0,0.17656993365937881,0,-0.15497120289496238,0.17657361100634442,0,-0.15496752554799678,3.6773469656026236e-06
3816,19246,19247,0,0.6488563563368952,1,0.317315219782554,0.64883987490714834,1,0.31729873835280714,1.6481429746861842e-05
3817,19250,19251,1,0.088194806315669186,0,-0.24334633023867203,0.088196991400085537,0,-0.24334414515425568,2.18508441635068e-06
3818,19253,19254,0,0.073100334649062501,0,-0.25844080190527868,0.073077359703267827,0,-0.25846377685107336,2.297494579467374e-05
3819,19258,19259,1,0.68877616468214586,1,0.35723502812780467,0.68876733909901078,1,0.35722620254466958,8.8255831350858571e-06
3820,19266,19267,0,0.17230461658922688,0,-0.15923651996511431,0.17236609627785882,0,-0.15917504027648238,6.1479688631932428e-05
3821,19268,19269,0,0.097184682860033206,0,-0.23435645369430799,0.097214860412163498,0,-0.23432627614217771,3.0177552130292162e-05
3822,19277,19278,0,0.097933992675677969,0,-0.23360714387866321,0.097936201109224394,0,-0.23360493544511679,2.2084335464245264e-06
3823,19280,19281,0,0.45524069792415289,1,0.12369956136981169,0.45498441123989875,1,0.12344327468555755,0.0002562866842541478
3824,19284,19285,1,0.69867403277119866,1,0.36713289621685746,0.69864871902591408,1,0.36710758247157288,2.5313745284583078e-05
3825,19285,19286,1,0.098218195293028804,0,-0.23332294126131239,0.098220606719679138,0,-0.23332052983466206,2.4114266503338921e-06
3826,19286,19287,0,0.12189242846745116,0,-0.20964870808689004,0.12188463422370903,0,-0.20965650233063216,7.7942437421291144e-06
3827,19294,19295,0,0.093339835052961936,0,-0.23820130150137925,0.093241579415674056,0,-0.23829955713866713,9.8255637287880671e-05
3828,19297,19298,1,0.34244863518809882,1,0.010907498633757617,0.34219433113955217,1,0.010653194585210968,0.00025430404854664967
3829,19304,19305,0,0.21055831680548356,0,-0.12098281974885763,0.21055525639373721,0,-0.12098588016060399,3.0604117463584046e-06
3830,19306,19307,0,0.016048599528661282,0,-0.31549253702567992,0.016084528633857398,0,-0.3154566079204838,3.5929105196116223e-05
3831,19307,19308,0,0.093644048423350154,0,-0.23789708813099103,0.093663501336192348,0,-0.23787763521814886,1.9452912842193859e-05
3832,19330,19331,0,0.019769358965667089,0,-0.31177177758867414,0.019770046695839354,0,-0.31177108985850183,6.8773017226561595e-07
3833,19331,19332,0,0.1080898194590834,0,-0.22345131709525778,0.10809242557375293,0,-0.22344871098058827,2.6061146695260939e-06
3834,19338,19339,0,0.10224454976251814,0,-0.22929658679182308,0.10223682083926988,0,-0.22930431571507132,7.7289232482541381e-06
3835,19341,19342,0,0.09551821179538672,0,-0.23602292475895448,0.095470568836038466,0,-0.23607056771830273,4.7642959348254132e-05
3836,19343,19344,0,0.6572040297837658,1,0.3256628932294246,0.657155462459169,1,0.32561432590482781,4.8567324596793249e-05
3837,19344,19345,1,0.74864735031124385,1,0.41710621375690266,0.74862906653515693,1,0.41708792998081573,1.8283776086924775e-05
3838,19350,19351,1,0.24945658018243394,0,-0.082084556371907258,0.24936070111351735,0,-0.082180435440823846,9.5879068916587817e-05
3839,19354,19355,1,0.2155683381739455,0,-0.1159727983803957,0.21554088613592673,0,-0.11600025041841447,2.7452038018765945e-05
3840,19355,19356,0,0.074174578604562683,0,-0.25736655794977853,0.074219045429042521,0,-0.25732209112529869,4.4466824479838518e-05
3841,19364,19365,0,0.083348139311250666,0,-0.24819299724309052,0.08334022977151341,0,-0.2482009067828278,7.9095397372552778e-06
3842,19372,19373,0,0.020511195584177102,0,-0.31102994097016412,0.020508924786188053,0,-0.31103221176815316,2.2707979890485008e-06
3843,19382,19383,0,0.18164799167707574,0,-0.14989314487726546,0.1816410432502745,0,-0.1499000933040667,6.9484268012398598e-06
3844,19390,19391,0,0.075579904222642852,0,-0.25596123233169832,0.075522166262011234,0,-0.25601897029232995,5.7737960631618068e-05
3845,19399,19400,0,0.12910640969458667,0,-0.20243472685975453,0.12910050235579124,0,-0.20244063419854996,5.9073387954355905e-06
3846,19400,19401,0,0.27980668597259417,0,-0.051734450581747027,0.27980317500085533,0,-0.051737961553485867,3.5109717388404071e-06
3847,19406,19407,0,0.11015611065314559,0,-0.2213850259011956,0.11015423624397568,0,-0.22138690031036551,1.8744091699191001e-06
3848,19415,19416,1,0.054092783893529221,0,-0.27744835266081197,0.054125152845820472,0,-0.27741598370852072,3.2368952291250697e-05
3849,19416,19417,1,0.42557772027507063,1,0.094036583720729428,0.42600840150996316,1,0.094467264955621966,0.00043068123489253818
3850,19421,19422,1,0.15068151795545739,0,-0.1808596185988838,0.15068103422297799,0,-0.18086010233136321,4.8373247940602937e-07
3851,19428,19429,0,0.24284086143203407,0,-0.088700275122307132,0.2428210596874831,0,-0.088720076866858094,1.9801744550962397e-05
3852,19433,19434,1,0.30972478288495675,0,-0.021816353669384447,0.30851682567110367,0,-0.023024310883237531,0.0012079572138530836
3853,19453,19454,1,0.26420853181676701,0,-0.067332604737574187,0.26464339763387251,0,-0.066897738920468686,0.00043486581710550087
3854,19454,19455,0,0.15282089183166583,0,-0.17872024472267536,0.15281461311836636,0,-0.17872652343597484,6.2787132994734929e-06
3855,19455,19456,0,0.038953236794198813,0,-0.29258789976014238,0.038956144925399346,0,-0.29258499162894186,2.90813120053246e-06
3856,19462,19463,1,0.15799107223584483,0,-0.17355006431849637,0.15799649488283737,0,-0.17354464167150382,5.4226469925477971e-06
3857,19468,19469,0,0.032046531610374233,0,-0.29949460494396696,0.032022676937654787,0,-0.29951845961668644,2.3854672719446357e-05
3858,19483,19484,0,0.074139815264509371,0,-0.25740132128983184,0.074214752977086948,0,-0.25732638357725424,7.493771257757742e-05
3859,19485,19486,1,0.4900133147244366,1,0.1584721781700954,0.4900058443120997,1,0.15846470775775851,7.4704123368962705e-06
3860,19487,19488,0,0,0,-0.3315411365543412,0.17071448946007703,0,-0.16082664709426417,0.17071448946007703
3861,19501,19502,0,0.087050636261170253,0,-0.24449050029317093,0.087059467371741625,0,-0.24448166918259956,8.8311105713723137e-06
3862,19503,19504,0,0.20490566110305103,0,-0.12663547545129017,0.20494281273457618,0,-0.12659832381976502,3.7151631525150774e-05
3863,19504,19505,0,0.29597998879638848,0,-0.035561147757952716,0.29610620846694502,0,-0.035434928087396178,0.00012621967055653771
3864,19505,19506,0,0.09580631792221618,0,-0.23573481863212503,0.09581134176996961,0,-0.23572979478437159,5.0238477534297887e-06
3865,19509,19510,0,0.04956475753307174,0,-0.28197637902126949,0.049565340159440897,0,-0.28197579639490028,5.8262636915690225e-07
3866,19516,19517,0,0,0,-0.3315411365543412,1.1948261232714713e-07,0,-0.33154101707172889,1.1948261232714713e-07
3867,19522,19523,1,0.53561230645130053,1,0.20407116989695934,0.5354309125664346,1,0.2038897760120934,0.00018139388486593244
3868,19527,19528,1,0.13955655175122753,0,-0.19198458480311367,0.1395535021847758,0,-0.1919876343695654,3.0495664517238286e-06
3869,19537,19538,0,0.15704589889105944,0,-0.17449523766328176,0.15705258781157372,0,-0.17448854874276748,6.6889205142806052e-06
3870,19540,19541,0,0.040287750963238091,0,-0.29125338559110309,0.040280189430930445,0,-0.29126094712341077,7.5615323076455576e-06
3871,19545,19546,0,0.65839759686797039,1,0.32685646031362919,0.65832714562917061,1,0.32678600907482941,7.0451238799784655e-05
3872,19546,19547,0,0.25687070703497744,0,-0.074670429519363757,0.25667087844618375,0,-0.07487025810815745,0.00019982858879369347
3873,19551,19552,0,0.54782835180763467,1,0.21628721525329347,0.54782391232924132,1,0.21628277577490013,4.4394783933476845e-06
3874,19552,19553,1,0.14940898829667443,0,-0.18213214825766677,0.14941333049675473,0,-0.18212780605758647,4.3422000803039484e-06
3875,19559,19560,0,0.078012887916062743,0,-0.25352824863827844,0.078018868443087169,0,-0.253522268111254,5.9805270244267517e-06
3876,19564,19565,1,0.25113000302318833,0,-0.080411133531152867,0.2510704565599291,0,-0.080470679994412098,5.9546463259230187e-05
3877,19566,19567,0,0.23053483172991973,0,-0.10100630482442147,0.23052895471885682,0,-0.10101218183548438,5.8770110629158268e-06
3878,19569,19570,1,0.074309504318101377,0,-0.25723163223623979,0.074340184511626606,0,-0.25720095204271459,3.0680193525228772e-05
3879,19571,19572,0,0.24672566798639348,0,-0.084815468567947722,0.24648712270256334,0,-0.085054013851777854,0.00023854528383013274
3880,19573,19574,0,0.22685449856083623,0,-0.10468663799350497,0.22685642745966228,0,-0.10468470909467892,1.9288988260535156e-06
3881,19574,19575,0,0.035808034061706781,0,-0.2957331024926344,0.035843064408037952,0,-0.29569807214630323,3.503034633117047e-05
3882,19579,19580,0,0.15563748124364277,0,-0.17590365531069843,0.15565839437814807,0,-0.17588274217619312,2.0913134505307074e-05
3883,19582,19583,0,0.056520980205592347,0,-0.27502015634874888,0.056529295446102155,0,-0.27501184110823906,8.3152405098083082e-06
3884,19594,19595,0,0.15129830370982783,0,-0.18024283284451337,0.15144346213599172,0,-0.18009767441834948,0.0001451584261638883
3885,19595,19596,1,0.7122198801609313,1,0.3806787436065901,0.71218814756427562,1,0.38064701100993442,3.1732596655675849e-05
3886,19603,19604,1,0.22656881787790964,0,-0.10497231867643156,0.22658221288300692,0,-0.10495892367133428,1.3395005097283086e-05
3887,19604,19605,0,0,0,-0.3315411365543412,0.1577339262038063,0,-0.1738072103505349,0.1577339262038063
3888,19615,19616,0,0.12753196275127385,0,-0.20400917380306735,0.12753802871395614,0,-0.20400310784038506,6.0659626822945345e-06
3889,19620,19621,0,0.064176010583038762,0,-0.26736512597130246,0.064202531759820172,0,-0.26733860479452104,2.6521176781410527e-05
3890,19634,19635,0,0.12875388869962112,0,-0.20278724785472008,0.12875519141215877,0,-0.20278594514218243,1.302712537648576e-06
3891,19643,19644,0,0.01759934173888747,0,-0.3139417948154537,0.017614243827766957,0,-0.31392689272657426,1.4902088879487768e-05
3892,19645,19646,0,0.069077694715649979,0,-0.26246344183869119,0.06910682571349476,0,-0.26243431084084645,2.9130997844781237e-05
3893,19647,19648,0,0.11393809740344564,0,-0.21760303915089557,0.113949370391582,0,-0.21759176616275921,1.1272988136357132e-05
3894,19650,19651,0,0.022811071599766839,0,-0.30873006495457433,0.022789707961468304,0,-0.30875142859287291,2.1363638298535492e-05
3895,19655,19656,0,0.10072525588630794,0,-0.23081588066803327,0.10079599397807648,0,-0.23074514257626472,7.0738091768537958e-05
3896,19657,19658,0,0.36206822331337252,1,0.030527086759031319,0.36206217937924562,1,0.030521042824904421,6.0439341268980762e-06
3897,19661,19662,0,0.33019549095345008,0,-0.0013456456008911211,0.33018987128731458,0,-0.0013512652670266134,5.6196661354923627e-06
3898,19667,19668,0,0.58652806340045405,1,0.25498692684611285,0.58652452990538129,1,0.25498339335104009,3.533495072760573e-06
3899,19670,19671,0,0.39098370330806997,1,0.059442566753728776,0.39104439777764616,1,0.05950326122330496,6.0694469576183518e-05
3900,19679,19680,0,0.19365953111465761,0,-0.13788160543968359,0.19365538875774119,0,-0.13788574779660001,4.1423569164256158e-06
3901,19686,19687,1,0.53701135371596431,1,0.20547021716162311,0.5368925101199884,1,0.2053513735656472,0.00011884359597591487
3902,19688,19689,0,0.044527788033842296,0,-0.28701334852049892,0.044580955566405123,0,-0.28696018098793608,5.3167532562826969e-05
3903,19697,19698,1,0.77317167294470057,1,0.44163053639035937,0.77325501038157995,1,0.44171387382723876,8.3337436879382665e-05
3904,19701,19702,0,0.053651091879066894,0,-0.27789004467527428,0.053641662464776897,0,-0.27789947408956428,9.4294142899964406e-06
3905,19703,19704,0,0.047143848365257604,0,-0.28439728818908361,0.047148422107386997,0,-0.28439271444695419,4.5737421293934322e-06
3906,19708,19709,0,0.025036169180510819,0,-0.30650496737383037,0.025119767889304385,0,-0.30642136866503683,8.3598708793566207e-05
3907,19710,19711,0,0.19457226743182546,0,-0.13696886912251574,0.19458027220937829,0,-0.13696086434496291,8.0047775528335752e-06
3908,19713,19714,0,0.23983844673892399,0,-0.09170268981541721,0.24647503596978401,0,-0.085066100584557186,0.0066365892308600238
3909,19717,19718,0,0.037007501962568003,0,-0.29453363459177317,0.037012966514554498,0,-0.29452817003978671,5.46455198649487e-06
3910,19727,19728,1,0.088361087861873105,0,-0.24318004869246809,0.088365619566947329,0,-0.24317551698739387,4.5317050742232912e-06
3911,19734,19735,0,0.1265364038839096,0,-0.20500473267043159,0.12657584250166279,0,-0.20496529405267841,3.943861775318469e-05
3912,19735,19736,0,0.07230429299060212,0,-0.25923684356373911,0.072166160526844214,0,-0.25937497602749698,0.00013813246375790622
3913,19738,19739,0,0.095142725053260296,0,-0.2363984115010809,0.095189638725192566,0,-0.23635149782914863,4.6913671932269363e-05
3914,19741,19742,0,0.074970694075034663,0,-0.25657044247930655,0.074937311371182175,0,-0.25660382518315905,3.3382703852488649e-05
3915,19743,19744,0,0.030788464207122751,0,-0.30075267234721847,0.030784539616312629,0,-0.30075659693802859,3.9245908101219473e-06
3916,19747,19748,0,0.10437870336181669,0,-0.22716243319252449,0.10433022405261608,0,-0.22721091250172512,4.8479309200613607e-05
3917,19757,19758,0,0.23863029036489167,0,-0.092910846189449531,0.23862919165308299,0,-0.092911944901258203,1.0987118086724923e-06
3918,19764,19765,0,0.090052283407804024,0,-0.24148885314653717,0.090137968708374691,0,-0.24140316784596649,8.5685300570667589e-05
3919,19771,19772,0,0.1193056145387993,0,-0.21223552201554191,0.11930464096425888,0,-0.21223649559008231,9.7357454041657743e-07
3920,19773,19774,0,0.097209045610659919,0,-0.23433209094368129,0.097213282974317389,0,-0.23432785358002381,4.2373636574694062e-06
3921,19774,19775,0,0.023566469716613293,0,-0.3079746668377279,0.023554998488703054,0,-0.30798613806563813,1.1471227910238302e-05
3922,19781,19782,0,0.19639849708953272,0,-0.13514263946480848,0.19635702295291216,0,-0.13518411360142904,4.1474136620561763e-05
3923,19787,19788,0,0.42168066292481265,1,0.090139526370471457,0.4195475958457906,1,0.088006459291449401,0.0021330670790220552
3924,19794,19795,0,0.079902903185059687,0,-0.25163823336928148,0.079902291527845642,0,-0.25163884502649558,6.1165721404465856e-07
3925,19799,19800,0,0.24179163798791931,0,-0.089749498566421892,0.24176438812439685,0,-0.089776748429944347,2.7249863522454953e-05
3926,19808,19809,0,0.086425691120015635,0,-0.24511544543432556,0.086458055503405892,0,-0.24508308105093529,3.2364383390257045e-05
3927,19814,19815,1,0.64579532963126129,1,0.3142541930769201,0.64579246815620595,1,0.31425133160186475,2.8614750553490609e-06
3928,19817,19818,1,0.69268500252202159,1,0.36114386596768039,0.69269343354967428,1,0.36115229699533308,8.4310276526888828e-06
3929,19824,19825,1,0.68353259455500981,1,0.35199145800066861,0.68353196522510318,1,0.35199082867076198,6.2932990663178145e-07
3930,19837,19838,0,0.15952193659407657,0,-0.17201919996026463,0.15951965105718,0,-0.1720214854971612,2.2855368965735146e-06
3931,19841,19842,0,0.04178584443340546,0,-0.28975529212093576,0.041775025558473726,0,-0.28976611099586747,1.0818874931733946e-05
3932,19847,19848,0,0.34516705256101871,1,0.013625916006677508,0.34518873447817283,1,0.013647597923831634,2.168191715412604e-05
3933,19851,19852,0,0.032426633069374398,0,-0.29911450348496682,0.032406978001205261,0,-0.29913415855313596,1.9655068169137369e-05
3934,19866,19867,0,0.10152137883948166,0,-0.23001975771485955,0.10153325924510041,0,-0.23000787730924077,1.1880405618752699e-05
3935,19877,19878,0,0.12172361351546193,0,-0.20981752303887927,0.12176189833498229,0,-0.2097792382193589,3.8284819520353897e-05
3936,19883,19884,0,0.13130455776050523,0,-0.20023657879383597,0.1310349474089966,0,-0.2005061891453446,0.00026961035150863122
3937,19886,19887,0,0.069327801526488805,0,-0.26221333502785238,0.069329388862075167,0,-0.26221174769226602,1.5873355863615934e-06
3938,19890,19891,0,0.16237988188965907,0,-0.16916125466468213,0.1623152632843349,0,-0.16922587327000629,6.4618605324168188e-05
3939,19893,19894,0,0.061727060819197981,0,-0.26981407573514321,0.061836827676002189,0,-0.26970430887833902,0.00010976685680420817
3940,19898,19899,1,0.50460540661380682,1,0.17306427005946562,0.50452817544770689,1,0.1729870388933657,7.7231166099922532e-05
3941,19899,19900,1,0.61116312736840883,1,0.27962199081406763,0.61128483305847015,1,0.27974369650412895,0.00012170569006131338
3942,19902,19903,0,0.11349560917062612,0,-0.21804552738371508,0.11350967500237306,0,-0.21803146155196812,1.4065831746942759e-05
3943,19904,19905,0,0.093498151470187529,0,-0.23804298508415367,0.093488954449325645,0,-0.23805218210501555,9.1970208618841198e-06
3944,19915,19916,0,0.07467776492590178,0,-0.25686337162843942,0.074713994561193958,0,-0.25682714199314727,3.6229635292178708e-05
3945,19916,19917,0,0.12882192672383427,0,-0.20271920983050692,0.12882152362608959,0,-0.20271961292825161,4.0309774468338944e-07
3946,19920,19921,0,0.14021481807289202,0,-0.19132631848144918,0.1402086490973545,0,-0.19133248745698669,6.168975537512722e-06
3947,19921,19922,0,0.12644706646434034,0,-0.20509407009000086,0.12641126625659302,0,-0.20512987029774818,3.5800207747321844e-05
3948,19923,19924,0,0.074184684954656008,0,-0.25735645159968518,0.074148843986769949,0,-0.25739229256757123,3.5840967886058284e-05
3949,19925,19926,1,0.31767248202340098,0,-0.013868654530940216,0.31729835358151121,0,-0.014242782972829993,0.00037412844188977612
3950,19926,19927,1,0.1761567524873727,0,-0.1553843840669685,0.17612067477573809,0,-0.15542046177860311,3.6077711634607823e-05
3951,19930,19931,0,0.08442986477913407,0,-0.24711127177520714,0.084515420144516504,0,-0.24702571640982468,8.555536538243369e-05
3952,19931,19932,1,0.29151545046978156,0,-0.040025686084559642,0.29113780503382947,0,-0.040403331520511732,0.00037764543595208977
3953,19936,19937,0,0.23358931521399248,0,-0.097951821340348716,0.23360281615281142,0,-0.097938320401529777,1.3500938818938879e-05
3954,19938,19939,0,0.036563273613459318,0,-0.29497786294088191,0.036519832658695982,0,-0.29502130389564524,4.3440954763336592e-05
3955,19951,19952,0,0.099787241250447703,0,-0.23175389530389351,0.099786216162679242,0,-0.23175492039166196,1.0250877684608861e-06
3956,19961,19962,0,0.27179501472424711,0,-0.05974612183009409,0.27178324512974472,0,-0.059757891424596477,1.1769594502386571e-05
3957,19962,19963,0,0.076104787356375561,0,-0.25543634919796565,0.076110645145776618,0,-0.25543049140856455,5.8577894010564124e-06
3958,19971,19972,0,0.068454407905924705,0,-0.26308672864841648,0.068502135365331701,0,-0.26303900118900947,4.7727459406995965e-05
3959,19976,19977,0,0.18945501240563786,0,-0.14208612414870334,0.18947137606490022,0,-0.14206976048944098,1.6363659262358388e-05
3960,19989,19990,0,0.043534974728458249,0,-0.28800616182588296,0.043580472046413993,0,-0.28796066450792723,4.5497317955743577e-05
3961,19990,19991,0,0.27602884077327011,0,-0.055512295781071086,0.27603339424781487,0,-0.055507742306526331,4.5534745447550762e-06
3962,19991,19992,0,0.41705742456850387,1,0.085516288014162667,0.41714621353153536,1,0.085605076977194161,8.8788963031494195e-05
3963,19995,19996,0,0.093617006681953649,0,-0.23792412987238754,0.093375047339710512,0,-0.23816608921463067,0.00024195934224313653
3964,19996,19997,1,0.1246642542853523,0,-0.2068768822689889,0.12471178455039421,0,-0.20682935200394698,4.7530265041909048e-05
3965,19999,20000,0,0.28228764699262793,0,-0.049253489561713271,0.28228129786029355,0,-0.049259838694047653,6.3491323343822792e-06
3966,20003,20004,0,0.11572226409369382,0,-0.21581887246064738,0.11572930463775402,0,-0.21581183191658718,7.040544060199494e-06
3967,20009,20010,0,0.085431223058192188,0,-0.24610991349614902,0.08539887019322423,0,-0.24614226636111697,3.2352864967957751e-05
3968,20010,20011,1,0.21754651558178681,0,-0.11399462097255439,0.21760712461760712,0,-0.11393401193673408,6.0609035820308188e-05
3969,20018,20019,0,0.087479695071784255,0,-0.24406144148255693,0.08752052526858517,0,-0.24402061128575603,4.0830196800914487e-05
3970,20024,20025,0,0.124127660845225,0,-0.2074134757091162,0.1241520173415918,0,-0.20738911921274938,2.4356496366798042e-05
3971,20040,20041,0,0.074891442999575827,0,-0.25664969355476536,0.07490011286675699,0,-0.25664102368758424,8.6698671811630268e-06
3972,20050,20051,0,0.27143757382428829,0,-0.060103562730052906,0.27142413009823746,0,-0.060117006456103739,1.3443726050832439e-05
3973,20059,20060,0,0.019706824657707088,0,-0.31183431189663413,0.019707631571534493,0,-0.31183350498280671,8.0691382740513684e-07
3974,20072,20073,0,0.029470991983298521,0,-0.3020701445710427,0.029484609335143148,0,-0.30205652721919807,1.361735184462684e-05
3975,20075,20076,0,0.04825682095247337,0,-0.28328431560186784,0.048262288953856022,0,-0.28327884760048516,5.4680013826524654e-06
3976,20081,20082,0,0.19766373674280735,0,-0.13387739981153385,0.19766052834724598,0,-0.13388060820709521,3.2083955613659842e-06
3977,20083,20084,0,0.40908400380172416,1,0.077542867247382963,0.39971836094833019,1,0.068177224393988989,0.009365642853393974
3978,20084,20085,0,0.075342837066905907,0,-0.25619829948743528,0.075370138055259286,0,-0.25617099849908193,2.7300988353379241e-05
3979,20086,20087,0,0.207963359946674,0,-0.12357777660766719,0.20796192739093078,0,-0.12357920916341042,1.4325557432248726e-06
3980,20089,20090,0,0.22403803445798492,0,-0.10750310209635627,0.22402325826505734,0,-0.10751787828928386,1.4776192927584697e-05
3981,20092,20093,0,0.085859886482736417,0,-0.2456812500716048,0.085906471779138377,0,-0.24563466477520282,4.6585296401960297e-05
3982,20093,20094,0,0.19702369866319186,0,-0.13451743789114934,0.19699538656737089,0,-0.1345457499869703,2.8312095820964833e-05
3983,20095,20096,0,0.076759065435860072,0,-0.25478207111848111,0.077190349502801264,0,-0.25435078705153991,0.0004312840669411927
3984,20096,20097,0,0.094096586811924884,0,-0.2374445497424163,0.094110191869613891,0,-0.23743094468472731,1.3605057689006217e-05
3985,20107,20108,0,0.12644828944571335,0,-0.20509284710862785,0.12648017991060689,0,-0.2050609566437343,3.1890464893546966e-05
3986,20120,20121,1,0.070930977060431777,0,-0.26061015949390942,0.070768495671593309,0,-0.26077264088274787,0.00016248138883846741
3987,20126,20127,0,0.087530779413186099,0,-0.2440103571411551,0.087533487748138086,0,-0.24400764880620313,2.7083349519868571e-06
3988,20129,20130,1,0.64123025951476409,1,0.30968912296042289,0.6412081790469778,1,0.3096670424926366,2.2080467786289582e-05
3989,20131,20132,0,0.044643058895622673,0,-0.28689807765871855,0.044679202694157844,0,-0.28686193386018333,3.6143798535170912e-05
3990,20143,20144,0,0.038730102704680941,0,-0.29281103384966023,0.038733990533784506,0,-0.29280714602055669,3.8878291035646106e-06
3991,20144,20145,0,0.081384901481074051,0,-0.25015623507326712,0.081429343615149585,0,-0.25011179293919161,4.4442134075534101e-05
3992,20165,20166,0,0.086698589656223762,0,-0.24484254689811744,0.086542884725826871,0,-0.24499825182851431,0.00015570493039689104
3993,20170,20171,1,0.17620716899688857,0,-0.15533396755745263,0.1762163344805518,0,-0.1553248020737894,9.1654836632260039e-06
3994,20175,20176,0,0.15477304723285665,0,-0.17676808932148455,0.15462751236662606,0,-0.17691362418771514,0.00014553486623058998
3995,20176,20177,0,0.35826339966012744,1,0.026722263105786237,0.35839285369220064,1,0.026851717137859443,0.00012945403207320627
3996,20177,20178,0,0.10402441540857536,0,-0.22751672114576582,0.1041630795818325,0,-0.22737805697250868,0.00013866417325714142
3997,20178,20179,0,0.13266874973514503,0,-0.19887238681919617,0.13267039640316611,0,-0.19887074015117509,1.6466680210769358e-06
3998,20182,20183,0,0.044397973914980966,0,-0.28714316263936024,0.044416279520250089,0,-0.28712485703409113,1.8305605269122727e-05
3999,20186,20187,0,0.10787524175955029,0,-0.2236658947947909,0.1078817727968599,0,-0.2236593637574813,6.5310373096039154e-06
4000,20189,20190,0,0.072892564110506125,0,-0.2586485724438351,0.072902312503657501,0,-0.25863882405068372,9.7483931513764333e-06
4001,20190,20191,0,0.031912038947425246,0,-0.29962909760691597,0.031974575521879114,0,-0.2995665610324621,6.2536574453868343e-05
4002,20219,20220,0,0.047853211645159516,0,-0.28368792490918171,0.047861556771621593,0,-0.28367957978271963,8.3451264620768018e-06
4003,20224,20225,0,0.5636602989612095,1,0.23211916240686831,0.5636332884141918,1,0.2320921518598506,2.7010547017702891e-05
4004,20230,20231,0,0.39336324441267834,1,0.061822107858337139,0.39341068107738925,1,0.061869544523048048,4.7436664710909238e-05
4005,20234,20235,0,0.05710581373473269,0,-0.27443532281960853,0.057123576419208608,0,-0.27441756013513258,1.7762684475917945e-05
4006,20235,20236,0,0.23588956525009283,0,-0.095651571304248367,0.23590645542200261,0,-0.095634681132338584,1.6890171909783591e-05
4007,20237,20238,0,0.19628640032176492,0,-0.13525473623257628,0.1963639932695205,0,-0.13517714328482069,7.7592947755583674e-05
4008,20238,20239,0,0.38560213626243983,1,0.054060999708098634,0.38560399756062314,1,0.054062861006281937,1.8612981833032727e-06
4009,20240,20241,0,0.18678980010163851,0,-0.14475133645270269,0.1867946167474559,0,-0.1447465198068853,4.8166458173903859e-06
4010,20245,20246,0,0.62459708672867897,1,0.29305595017433778,0.62458673563676548,1,0.29304559908242428,1.0351091913496369e-05
4011,20248,20249,1,0.58790514582213194,1,0.25636400926779074,0.58789862975890528,1,0.25635749320456408,6.5160632266580976e-06
4012,20249,20250,0,0.20770180597057089,0,-0.12383933058377031,0.20770174078587569,0,-0.1238393957684655,6.5184695197118003e-08
4013,20254,20255,1,0.76151994472719264,1,0.42997880817285145,0.76151141140572576,1,0.42997027485138456,8.5333214668859014e-06
4014,20272,20273,1,0.65714243695388241,1,0.32560130039954122,0.65711033866867063,1,0.32556920211432944,3.2098285211779043e-05
4015,20277,20278,0,0.1314926354876513,0,-0.20004850106668989,0.13165245384869062,0,-0.19988868270565058,0.00015981836103931557
4016,20278,20279,1,0.096592960272526368,0,-0.23494817628181483,0.096600972959089426,0,-0.23494016359525177,8.0126865630580912e-06
4017,20284,20285,0,0.74442039004661642,1,0.41287925349227522,0.74441243782945921,1,0.41287130127511801,7.9522171572143918e-06
4018,20290,20291,0,0.35517228615250818,1,0.023631149598166978,0.35516097662275253,1,0.023619840068411335,1.1309529755643144e-05
4019,20299,20300,0,0.04849347657842993,0,-0.28304765997591125,0.048497999304190097,0,-0.28304313725015112,4.5227257601671011e-06
4020,20301,20302,0,0.056652868650986697,0,-0.27488826790335452,0.056681847709372381,0,-0.2748592888449688,2.8979058385683598e-05
4021,20306,20307,1,0.2302039497753377,0,-0.1013371867790035,0.2302071825730955,0,-0.1013339539812457,3.2327977577961686e-06
4022,20325,20326,0,0.14870963069066606,0,-0.18283150586367514,0.14865272396737225,0,-0.18288841258696895,5.6906723293809192e-05
4023,20326,20327,0,0.10451497436513082,0,-0.22702616218921037,0.10452529699985075,0,-0.22701583955449045,1.0322634719922563e-05
4024,20328,20329,0,0.19708207841400363,0,-0.13445905814033757,0.19704510539612771,0,-0.13449603115821349,3.6973017875918668e-05
4025,20329,20330,0,0.092561328037563159,0,-0.23897980851677803,0.092553578930738678,0,-0.23898755762360252,7.7491068244811556e-06
4026,20333,20334,0,0.067864303869903317,0,-0.26367683268443787,0.067786415024348054,0,-0.26375472152999313,7.7888845555262876e-05
4027,20335,20336,1,0.72542903914947465,1,0.39388790259513345,0.72540654756880718,1,0.39386541101446598,2.2491580667471922e-05
4028,20338,20339,0,0.73894038177942034,1,0.40739924522507914,0.73894629927460487,1,0.40740516272026367,5.9174951845264445e-06
4029,20339,20340,1,0.086686831129325473,0,-0.24485430542501574,0.086637680109406395,0,-0.2449034564449348,4.9151019919077554e-05
4030,20344,20345,0,0.056694150807907968,0,-0.27484698574643324,0.05671452400769747,0,-0.27482661254664376,2.0373199789501528e-05
4031,20351,20352,0,0.1402944166987688,0,-0.1912467198555724,0.14035892893778484,0,-0.19118220761655635,6.4512239016045747e-05
4032,20357,20358,1,0.17895286799790508,0,-0.15258826855643612,0.17897651969912282,0,-0.15256461685521838,2.3651701217736187e-05
4033,20365,20366,0,0.12884857127809984,0,-0.20269256527624135,0.128862562466251,0,-0.2026785740880902,1.3991188151152301e-05
4034,20376,20377,0,0.11706292944999173,0,-0.21447820710434945,0.11706569326866317,0,-0.21447544328567802,2.7638186714390445e-06
4035,20380,20381,1,0.083412732126399325,0,-0.24812840442794187,0.083405006767936246,0,-0.24813612978640495,7.7253584630787575e-06
4036,20382,20383,0,0.13028419948708281,0,-0.20125693706725839,0.13030358269589476,0,-0.20123755385844644,1.9383208811951658e-05
4037,20385,20386,0,0.42698229849535008,1,0.095441161941008879,0.42700509547351245,1,0.095463958919171255,2.2796978162376025e-05
4038,20389,20390,0,0.48064531225940194,1,0.14910417570506074,0.48062091803142082,1,0.14907978147707962,2.4394227981117123e-05
4039,20390,20391,0,0.17258171804302416,0,-0.15895941851131704,0.17257660028175686,0,-0.15896453627258433,5.1177612672981265e-06
4040,20393,20394,0,0.10791341507559926,0,-0.22362772147874194,0.10792021736864905,0,-0.22362091918569216,6.8022930497929623e-06
4041,20404,20405,0,0.16544600903420553,0,-0.16609512752013567,0.16545189626425691,0,-0.16608924029008429,5.8872300513768128e-06
4042,20412,20413,0,0.068684197183701556,0,-0.26285693937063964,0.068655050055836053,0,-0.26288608649850514,2.9147127865503109e-05
4043,20414,20415,0,0.14219640645689338,0,-0.18934473009744782,0.14224392439411426,0,-0.18929721216022694,4.7517937220881157e-05
4044,20419,20420,0,0.18168223715475931,0,-0.14985889939958189,0.18166368280080691,0,-0.14987745375353428,1.8554353952399127e-05
4045,20426,20427,0,0.22018975533831894,0,-0.11135138121602225,0.22024293482193338,0,-0.11129820173240781,5.3179483614440581e-05
4046,20429,20430,1,0.48789301889966075,1,0.15635188234531955,0.48785532376520219,1,0.15631418721086099,3.7695134458559654e-05
4047,20435,20436,0,0.12489558939282826,0,-0.20664554716151295,0.12491583075219473,0,-0.20662530580214647,2.0241359366471312e-05
4048,20439,20440,1,0.5117435755725539,1,0.1802024390182127,0.51174731518549033,1,0.18020617863114913,3.7396129364264397e-06
4049,20447,20448,0,0.2154928581810481,0,-0.1160482783732931,0.21555251675289047,0,-0.11598861980145073,5.9658571842369224e-05
4050,20448,20449,0,0.14613624856205651,0,-0.18540488799228469,0.14616304128868324,0,-0.18537809526565796,2.6792726626728713e-05
4051,20452,20453,1,0.081593756772292525,0,-0.24994737978204867,0.081667568197871757,0,-0.24987356835646946,7.3811425579231593e-05
4052,20464,20465,1,0.63875816262642449,1,0.30721702607208329,0.6387754747666694,1,0.30723433821232821,1.7312140244918339e-05
4053,20465,20466,0,0.15881335729113175,0,-0.17272777926320945,0.15882933215471268,0,-0.17271180439962852,1.597486358093092e-05
4054,20467,20468,0,0.17219015631805135,0,-0.15935098023628985,0.17203073391878251,0,-0.15951040263555868,0.00015942239926883262
4055,20472,20473,1,0.56446112751510225,1,0.23291999096076105,0.5644483102377722,1,0.232907173683431,1.2817277330046117e-05
4056,20481,20482,0,0.21176357929538231,0,-0.11977755725895889,0.21177703952287355,0,-0.11976409703146765,1.3460227491240984e-05
4057,20486,20487,0,0.1107238880685697,0,-0.2208172484857715,0.11093743876956001,0,-0.22060369778478117,0.00021355070099031426
4058,20490,20491,0,0.29125910471083316,0,-0.040282031843508037,0.29125518530438804,0,-0.040285951249953156,3.9194064451186783e-06
4059,20501,20502,0,0.093877275577311167,0,-0.23766386097703002,0.093937148778927643,0,-0.23760398777541356,5.9873201616475469e-05
4060,20513,20514,0,0.10368161022497396,0,-0.22785952632936723,0.10369410737468812,0,-0.22784702917965308,1.249714971415794e-05
4061,20516,20517,0,0.047524650728440754,0,-0.28401648582590044,0.047530915044200213,0,-0.28401022151014099,6.264315759459127e-06
4062,20519,20520,0,0.12629281132428999,0,-0.20524832523005121,0.12624971653000147,0,-0.20529142002433973,4.3094794288517368e-05
4063,20551,20552,0,0.17727718556373895,0,-0.15426395099060225,0.17727833301193849,0,-0.15426280354240271,1.1474481995399355e-06
4064,20558,20559,0,0.20877751249926857,0,-0.12276362405507263,0.20863107433789033,0,-0.12291006221645087,0.00014643816137824284
4065,20563,20564,0,0.17468310374082391,0,-0.15685803281351729,0.17468836640623869,0,-0.1568527701481025,5.2626654147847063e-06
4066,20570,20571,0,0.064386308852399057,0,-0.26715482770194215,0.064369449726450728,0,-0.2671716868278905,1.6859125948329168e-05
4067,20572,20573,1,0.22600692046562315,0,-0.10553421608871805,0.22602522080606144,0,-0.10551591574827976,1.8300340438287543e-05
4068,20575,20576,0,0.035670256712150399,0,-0.29587087984219079,0.035696978919265182,0,-0.29584415763507599,2.6722207114783514e-05
4069,20578,20579,0,0.1888352499362782,0,-0.14270588661806299,0.18883279485148791,0,-0.14270834170285329,2.455084790298212e-06
4070,20580,20581,0,0.22683042357915414,0,-0.10471071297518705,0.22683598315200745,0,-0.10470515340233374,5.5595728533086586e-06
4071,20585,20586,0,0.0076902848263731231,0,-0.32385085172796807,0.00770366202159691,0,-0.32383747453274431,1.337719522378697e-05
4072,20592,20593,0,0.1045455850664975,0,-0.2269955514878437,0.10475756576380361,0,-0.22678357079053757,0.00021198069730611613
4073,20597,20598,1,0.11175769116641722,0,-0.21978344538792399,0.11174945207130778,0,-0.21979168448303343,8.239095109441319e-06
4074,20598,20599,0,0.10192448501450647,0,-0.22961665153983474,0.10201697454124908,0,-0.22952416201309211,9.2489526742609018e-05
4075,20604,20605,0,0.10059264015198799,0,-0.23094849640235321,0.10131140888195043,0,-0.23022972767239075,0.00071876872996244623
4076,20606,20607,0,0.1214169221601849,0,-0.21012421439415629,0.12141205793754964,0,-0.21012907861679156,4.8642226352646478e-06
4077,20609,20610,0,0.6335595567381207,1,0.3020184201837795,0.6334775907695811,1,0.3019364542152399,8.1965968539599032e-05
4078,20611,20612,1,0.077317251295971348,0,-0.25422388525836986,0.077325239280064351,0,-0.25421589727427685,7.9879840930024981e-06
4079,20613,20614,0,0.16365281156410122,0,-0.16788832499023998,0.16366310055558625,0,-0.16787803599875495,1.0288991485030152e-05
4080,20623,20624,0,0.13099233085258125,0,-0.20054880570175995,0.13099025202579087,0,-0.20055088452855033,2.0788267903748547e-06
4081,20624,20625,0,0.20726418844453057,0,-0.12427694810981063,0.20727459135130852,0,-0.12426654520303268,1.0402906777950971e-05
4082,20631,20632,0,0.072196958359201549,0,-0.25934417819513966,0.072219972691254256,0,-0.25932116386308696,2.3014332052706532e-05
4083,20635,20636,0,0.20510283355134729,0,-0.12643830300299391,0.20510588021978832,0,-0.12643525633455288,3.0466684410312972e-06
4084,20639,20640,1,0.45599066006644767,1,0.12444952351210647,0.45597465540241522,1,0.12443351884807402,1.6004664032454041e-05
4085,20641,20642,0,0.15370113753294218,0,-0.17783999902139902,0.15371303939563835,0,-0.17782809715870285,1.1901862696173104e-05
4086,20644,20645,1,0.26831041832133068,0,-0.063230718233010519,0.26833249419533883,0,-0.063208642359002365,2.2075874008153917e-05
4087,20647,20648,0,0.036345706856550072,0,-0.29519542969779111,0.036369245471801419,0,-0.29517189108253977,2.3538615251346429e-05
4088,20656,20657,1,0.084337696668709675,0,-0.24720343988563154,0.084354615367853575,0,-0.24718652118648762,1.6918699143900207e-05
4089,20660,20661,1,0.12404203662830167,0,-0.20749909992603954,0.12403382516722181,0,-0.20750731138711939,8.211461079862814e-06
4090,20664,20665,1,0.29628248016667513,0,-0.035258656387666065,0.29631909781670518,0,-0.035222038737636019,3.6617650030046356e-05
4091,20673,20674,1,0.48871424296363714,1,0.15717310640929594,0.48871199997229547,1,0.15717086341795428,2.2429913416610603e-06
4092,20692,20693,0,0.14040471660524903,0,-0.19113641994909217,0.1404769612245797,0,-0.1910641753297615,7.2244619330669169e-05
4093,20698,20699,1,0.12908563008162857,0,-0.20245550647271263,0.12911462983598287,0,-0.20242650671835832,2.899975435430302e-05
4094,20705,20706,0,0.080523506361784944,0,-0.25101763019255624,0.080621928408767474,0,-0.25091920814557372,9.8422046982529765e-05
4095,20708,20709,0,0.066686136429686946,0,-0.26485500012465424,0.06669307798341681,0,-0.26484805857092442,6.9415537298639363e-06
4096,20715,20716,0,0.065336031740629213,0,-0.26620510481371196,0.065424185123975048,0,-0.26611695143036618,8.8153383345834779e-05
4097,20716,20717,0,0.13219341752980374,0,-0.19934771902453746,0.13217939334940124,0,-0.19936174320493996,1.4024180402499864e-05
4098,20717,20718,0,0.10472203223233192,0,-0.22681910432200927,0.10466301770665526,0,-0.22687811884768594,5.9014525676664986e-05
4099,20720,20721,0,0.05054071036239096,0,-0.28100042619195026,0.050539914886273254,0,-0.28100122166806796,7.954761177056402e-07
4100,20721,20722,1,0.86952922623899387,1,0.53798808968465273,0.86641081255543473,1,0.53486967600109359,0.0031184136835591403
4101,20722,20723,0,0.48664611229096594,1,0.15510497573662474,0.48658465795313016,1,0.15504352139878896,6.1454337835775696e-05
4102,20724,20725,1,0.71279064919166046,1,0.38124951263731927,0.71279355390016796,1,0.38125241734582677,2.9047085075006862e-06
4103,20731,20732,0,0.086726524931300245,0,-0.24481461162304097,0.086742059670060712,0,-0.24479907688428049,1.5534738760467071e-05
4104,20736,20737,0,0.46588255320772398,1,0.13434141665338278,0.46587884827755077,1,0.13433771172320957,3.7049301732094975e-06
4105,20737,20738,0,0.68902832520468593,1,0.35748718865034473,0.68904350345445686,1,0.35750236690011566,1.5178249770930741e-05
4106,20745,20746,0,0.1396596030785634,0,-0.1918815334757778,0.13965822006073542,0,-0.19188291649360578,1.3830178279827798e-06
4107,20746,20747,0,0.13715082158884886,0,-0.19439031496549233,0.1371564266237395,0,-0.1943847099306017,5.6050348906377945e-06
4108,20748,20749,0,0.041116812479382175,0,-0.29042432407495899,0.041114486047930984,0,-0.2904266505064102,2.3264314511911577e-06
4109,20750,20751,0,0.17952107117602417,0,-0.15202006537831703,0.17951928812296516,0,-0.15202184843137603,1.7830530590068339e-06
4110,20756,20757,1,0.76095244570839626,1,0.42941130915405507,0.76095448021416878,1,0.42941334365982758,2.0345057725190685e-06
4111,20760,20761,0,0.23918400293369341,0,-0.092357133620647791,0.23918049899909016,0,-0.092360637555251035,3.5039346032439411e-06
4112,20762,20763,0,0.11648559580444821,0,-0.21505554074989297,0.11645857525654084,0,-0.21508256129780035,2.7020547907374848e-05
4113,20766,20767,0,0.15014727043670389,0,-0.1813938661176373,0.15018328801497033,0,-0.18135784853937087,3.6017578266434036e-05
4114,20767,20768,1,0.11194289614662294,0,-0.21959824040771825,0.11193816701967037,0,-0.21960296953467084,4.729126952568441e-06
4115,20769,20770,0,0.096673741824987253,0,-0.23486739472935395,0.096638685075304598,0,-0.2349024514790366,3.505674968265482e-05
4116,20771,20772,0,0.16706136628341864,0,-0.16447977027092256,0.16706806969069807,0,-0.16447306686364313,6.7034072794291966e-06
4117,20783,20784,0,0.05959454411952203,0,-0.27194659243481917,0.059593435833403964,0,-0.27194770072093721,1.1082861180664039e-06
4118,20787,20788,0,0,0,-0.3315411365543412,7.4133982201231081e-08,0,-0.33154106242035902,7.4133982201231081e-08
4119,20792,20793,0,0.093398649471976986,0,-0.23814248708236421,0.093384069924473082,0,-0.23815706662986813,1.4579547503904e-05
4120,20797,20798,1,0.61960835769984424,1,0.28806722114550304,0.61967113658406636,1,0.28813000002972516,6.2778884222125519e-05
4121,20805,20806,1,0.048226420554672043,0,-0.28331471599966918,0.04823387935820718,0,-0.28330725719613403,7.4588035351361159e-06
4122,20811,20812,0,0.07482348173932403,0,-0.25671765481501718,0.074854841349847379,0,-0.25668629520449382,3.1359610523348791e-05
4123,20814,20815,0,0.061533592654183844,0,-0.27000754390015735,0.061531147259189393,0,-0.2700099892951518,2.4453949944505671e-06
4124,20823,20824,1,0.17621804011031778,0,-0.15532309644402342,0.17623391410876266,0,-0.15530722244557854,1.5873998444881909e-05
4125,20831,20832,0,0.080590774327487347,0,-0.25095036222685385,0.08057484882224443,0,-0.25096628773209678,1.5925505242916915e-05
4126,20833,20834,1,0.39669223661795239,1,0.065151100063611189,0.39667952600914341,1,0.065138389454802215,1.2710608808974566e-05
4127,20837,20838,0,0.028975510858466162,0,-0.30256562569587503,0.028977480196021397,0,-0.30256365635831978,1.9693375552347347e-06
4128,20842,20843,1,0.4168769363782579,1,0.085335799823916703,0.41718075825055745,1,0.08563962169621625,0.00030382187229954782
4129,20844,20845,0,0.18509673256379044,0,-0.14644440399055075,0.18512137140119761,0,-0.14641976515314359,2.4638837407164882e-05
4130,20845,20846,0,0.11853321623082244,0,-0.21300792032351876,0.11841637855974715,0,-0.21312475799459404,0.0001168376710752872
4131,20853,20854,0,0.15490522257610961,0,-0.17663591397823158,0.15490179230706141,0,-0.17663934424727978,3.4302690481990972e-06
4132,20854,20855,1,0.60641880903361622,1,0.27487767247927503,0.60639259333420914,1,0.27485145677986794,2.6215699407083903e-05
4133,20863,20864,0,0.096862208391415225,0,-0.23467892816292596,0.096867436139429497,0,-0.2346737004149117,5.22774801427206e-06
4134,20866,20867,0,0.62140706436870286,1,0.28986592781436166,0.62137834453424046,1,0.28983720797989926,2.8719834462398453e-05
4135,20869,20870,0,0.087229883112927342,0,-0.24431125344141386,0.08717615994575624,0,-0.24436497660858497,5.3723167171101927e-05
4136,20895,20896,0,0.084280471571404739,0,-0.24726066498293647,0.084262413036614428,0,-0.24727872351772678,1.805853479031061e-05
4137,20901,20902,0,0.085810791698901462,0,-0.24573034485543974,0.085820931927934593,0,-0.24572020462640659,1.0140229033131498e-05
4138,20912,20913,0,0.35987252197797209,1,0.028331385423630895,0.3600350368107969,1,0.028493900256455706,0.00016251483282481161
4139,20917,20918,1,0.37516693091022146,1,0.043625794355880265,0.37515202531711733,1,0.043610888762776134,1.4905593104130865e-05
4140,20919,20920,1,0.53789075250320173,1,0.20634961594886053,0.53788061622680572,1,0.20633947967246452,1.0136276396011112e-05
4141,20922,20923,1,0.063401511643683836,0,-0.26813962491065735,0.063379198900671146,0,-0.26816193765367002,2.2312743012689595e-05
4142,20931,20932,0,0.044068224771590246,0,-0.28747291178275097,0.044036222887309365,0,-0.28750491366703185,3.200188428088141e-05
4143,20934,20935,0,0.081858108677533653,0,-0.24968302787680755,0.081853537821452424,0,-0.24968759873288876,4.570856081229091e-06
4144,20938,20939,0,0.071181183648137136,0,-0.26035995290620406,0.07118028522033476,0,-0.26036085133400644,8.9842780237603392e-07
4145,20943,20944,1,0.64031398357101332,1,0.30877284701667213,0.64032046387299113,1,0.30877932731864993,6.4803019778070237e-06
4146,20945,20946,0,0.079906261805938752,0,-0.25163487474840246,0.079918940401730684,0,-0.2516221961526105,1.2678595791931757e-05
4147,20947,20948,0,0.078344687356494455,0,-0.25319644919784673,0.078346858773677877,0,-0.25319427778066333,2.1714171834219531e-06
4148,20953,20954,0,0.22817428600070228,0,-0.10336685055363892,0.22813773516591387,0,-0.10340340138842732,3.6550834788401376e-05
4149,20957,20958,0,0.44958189884388955,1,0.11804076228954835,0.44959146773285313,1,0.11805033117851194,9.5688889635847652e-06
4150,20962,20963,1,0.39315562736098913,1,0.061614490806647937,0.39315954378364443,1,0.061618407229303229,3.9164226552923509e-06
4151,20967,20968,1,0.66438245895780357,1,0.33284132240346237,0.66439115537884719,1,0.33285001882450599,8.6964210436191181e-06
4152,20970,20971,0,0.12611553570907336,0,-0.20542560084526784,0.12605877242586674,0,-0.20548236412847445,5.6763283206612281e-05
4153,20977,20978,1,0.67907333419428284,1,0.34753219763994164,0.67909657306173943,1,0.34755543650739823,2.3238867456587542e-05
4154,20984,20985,0,0.060133370460507651,0,-0.27140776609383355,0.060131246662017607,0,-0.27140988989232362,2.1237984900446261e-06
4155,20985,20986,0,0.019934420047289406,0,-0.3116067165070518,0.01993742878885707,0,-0.31160370776548413,3.008741567663703e-06
4156,20990,20991,0,0.60118894614717922,1,0.26964780959283802,0.60119699051626929,1,0.26965585396192809,8.044369090076664e-06
4157,20992,20993,1,0.72230489074018578,1,0.39076375418584458,0.72229662579443976,1,0.39075548924009856,8.264945746017105e-06
4158,20994,20995,0,0.16383937797014977,0,-0.16770175858419142,0.16357645783019009,0,-0.16796467872415111,0.00026292013995968255
4159,21001,21002,1,0.60414985372828911,1,0.27260871717394791,0.60414474588902767,1,0.27260360933468647,5.1078392614423151e-06
4160,21009,21010,0,0.24022509150088142,0,-0.091316045053459777,0.23978036320363744,0,-0.091760773350703762,0.00044472829724398477
4161,21011,21012,0,0.22640679386706403,0,-0.10513434268727717,0.2259322672256403,0,-0.10560886932870089,0.00047452664142372258
4162,21018,21019,0,0.10174605093533053,0,-0.22979508561901069,0.10174477474829699,0,-0.22979636180604421,1.276187033535936e-06
4163,21022,21023,0,0.12635939611635139,0,-0.20518174043798981,0.12636432219933083,0,-0.20517681435501037,4.9260829794450789e-06
4164,21023,21024,1,0.088730169343147341,0,-0.24281096721119386,0.088740779070028794,0,-0.24280035748431239,1.0609726881452564e-05
4165,21028,21029,0,0.22282097325880892,0,-0.10872016329553227,0.22284460141971124,0,-0.10869653513462996,2.3628160902317008e-05
4166,21041,21042,0,0.25420601031264489,0,-0.077335126241696306,0.25375873465702037,0,-0.07778240189732083,0.00044727565562452387
4167,21043,21044,0,0.1760497223031435,0,-0.1554914142511977,0.17596211257763397,0,-0.15557902397670723,8.7609725509529834e-05
4168,21046,21047,1,0.25033886749625484,0,-0.081202269058086363,0.25033712387210488,0,-0.081204012682236315,1.7436241499524385e-06
4169,21051,21052,0,0.10024938744717264,0,-0.23129174910716854,0.10027113916305685,0,-0.23126999739128434,2.1751715884213429e-05
4170,21052,21053,1,0.74964578492576894,1,0.41810464837142775,0.74963431532352953,1,0.41809317876918833,1.1469602239411181e-05
4171,21057,21058,1,0.7503595828872861,1,0.4188184463329449,0.75036473532854064,1,0.41882359877419945,5.1524412545411735e-06
4172,21058,21059,0,0.064744006190565306,0,-0.26679713036377589,0.06475593912288595,0,-0.26678519743145523,1.1932932320643519e-05
4173,21062,21063,0,0.36148505215531779,1,0.029943915600976589,0.3608777320665385,1,0.029336595512197305,0.00060732008877928401
4174,21101,21102,0,0.23117390723599926,0,-0.10036722931834194,0.23091551244717992,0,-0.10062562410716128,0.00025839478881933831
4175,21103,21104,0,0.095358487315086601,0,-0.23618264923925458,0.095386656698961736,0,-0.23615447985537946,2.8169383875134568e-05
4176,21104,21105,0,0.18493937115832179,0,-0.14660176539601941,0.18494756441168581,0,-0.14659357214265539,8.193253364013886e-06
4177,21106,21107,0,0.067021518046252657,0,-0.26451961850808853,0.067042215271472555,0,-0.26449892128286867,2.0697225219898363e-05
4178,21108,21109,1,0.084968409446217613,0,-0.24657272710812358,0.085006308708336656,0,-0.24653482784600456,3.7899262119042709e-05
4179,21113,21114,0,0.1771212103469027,0,-0.1544199262074385,0.17712336304666268,0,-0.15441777350767852,2.15269975997745e-06
4180,21116,21117,0,0.29574188701562665,0,-0.03579924953871455,0.29571683489526185,0,-0.035824301659079349,2.5052120364799091e-05
4181,21124,21125,0,0.06292714491013672,0,-0.26861399164420446,0.062908652734542769,0,-0.26863248381979843,1.8492175593950999e-05
4182,21129,21130,0,0.30551773609691868,0,-0.026023400457422519,0.30559651172227309,0,-0.025944624832068108,7.8775625354410295e-05
4183,21132,21133,0,0.016475622411622981,0,-0.31506551414271822,0.016491244318209121,0,-0.31504989223613206,1.5621906586139878e-05
4184,21143,21144,1,0.072654411992098572,0,-0.2588867245622426,0.072619027320161164,0,-0.25892210923418002,3.5384671937407908e-05
4185,21145,21146,0,0.12673574564986509,0,-0.20480539090447611,0.12693062859194318,0,-0.20461050796239802,0.00019488294207808954
4186,21147,21148,1,0.32040774776450193,0,-0.011133388789839271,0.32042474708081725,0,-0.011116389473523947,1.6999316315324808e-05
4187,21149,21150,0,0.12757242062055318,0,-0.20396871593378801,0.12747572517779893,0,-0.20406541137654227,9.6695442754257677e-05
4188,21150,21151,0,0.094697827534500664,0,-0.23684330901984052,0.094421869885128434,0,-0.23711926666921276,0.00027595764937222989
4189,21152,21153,0,0.15754328780533816,0,-0.17399784874900304,0.15754721618451015,0,-0.17399392036983105,3.9283791719857408e-06
4190,21160,21161,0,0.19508438690668334,0,-0.13645674964765786,0.19512215737352911,0,-0.13641897918081208,3.7770466845776784e-05
4191,21165,21166,1,0.53616132451970422,1,0.20462018796536302,0.5361388001553854,1,0.2045976636010442,2.25243643188211e-05
4192,21166,21167,1,0.58561316666516505,1,0.25407203011082385,0.58560970245457034,1,0.25406856590022914,3.46421059471691e-06
4193,21176,21177,0,0.068845132633690312,0,-0.2626960039206509,0.068975978522890877,0,-0.26256515803145031,0.00013084588920056484
4194,21177,21178,0,0,0,-0.3315411365543412,8.0040638949513722e-08,0,-0.33154105651370225,8.0040638949513722e-08
4195,21188,21189,1,0.17959801084776678,0,-0.15194312570657442,0.17957600604783991,0,-0.15196513050650129,2.200479992686688e-05
4196,21190,21191,0,0.031256370177657124,0,-0.30028476637668405,0.031249130337088118,0,-0.3002920062172531,7.2398405690059231e-06
4197,21191,21192,0,0,0,-0.3315411365543412,8.194929339748758e-08,0,-0.33154105460504779,8.194929339748758e-08
4198,21196,21197,0,0.061913604484187361,0,-0.26962753207015383,0.062014480673533094,0,-0.2695266558808081,0.00010087618934573328
4199,21199,21200,0,0.15098465253294283,0,-0.18055648402139837,0.15097973580711305,0,-0.18056140074722815,4.9167258297788674e-06
4200,21203,21204,1,0.27135414101771421,0,-0.060186995536626986,0.27134859613091883,0,-0.060192540423422369,5.5448867953833414e-06
4201,21211,21212,0,0.078589467384102579,0,-0.25295166917023859,0.07859358770918462,0,-0.25294754884515658,4.1203250820409654e-06
4202,21212,21213,0,0.72887726362922511,1,0.39733612707488392,0.72882835491545517,1,0.39728721836111397,4.890871376994621e-05
4203,21219,21220,0,0.24012678793052841,0,-0.091414348623812786,0.24004738891863989,0,-0.091493747635701311,7.9399011888525717e-05
4204,21220,21221,0,0.80798354859109389,1,0.47644241203675269,0.80799016843704985,1,0.47644903188270865,6.6198459559574374e-06
4205,21222,21223,0,0.1466600859584847,0,-0.18488105059585649,0.1466622476531565,0,-0.1848788889011847,2.1616946717928354e-06
4206,21227,21228,0,0.14462818033795116,0,-0.18691295621639004,0.14465277122976611,0,-0.18688836532457509,2.4590891814946225e-05
4207,21228,21229,0,0.15302468984014495,0,-0.17851644671419625,0.1530381536536933,0,-0.17850298290064789,1.3463813548358905e-05
4208,21229,21230,0,0.13327069529646923,0,-0.19827044125787197,0.13328332012170552,0,-0.19825781643263568,1.2624825236284831e-05
4209,21231,21232,0,0.14526162361125852,0,-0.18627951294308268,0.14524293296756721,0,-0.18629820358677399,1.8690643691310349e-05
4210,21238,21239,0,0.15044951580757063,0,-0.18109162074677057,0.15044846981262386,0,-0.18109266674171734,1.0459949467689356e-06
4211,21240,21241,0,0.59270829629471611,1,0.26116715974037491,0.59271332969866131,1,0.26117219314432011,5.0334039451982449e-06
4212,21243,21244,0,0.10295383849849958,0,-0.2285872980558416,0.10294878409861909,0,-0.22859235245572213,5.0543998804941648e-06
4213,21244,21245,0,0.24664709824997513,0,-0.084894038304366065,0.24662720180446812,0,-0.084913934749873077,1.989644550701164e-05
4214,21245,21246,0,0.12842755852863708,0,-0.20311357802570412,0.1284294126736302,0,-0.203111723880711,1.854144993124196e-06
4215,21247,21248,0,0.22547989511363378,0,-0.10606124144070742,0.22546685903977168,0,-0.10607427751456952,1.3036073862104924e-05
4216,21249,21250,0,0.14710493027208513,0,-0.18443620628225607,0.14708632693072171,0,-0.18445480962361949,1.8603341363415682e-05
4217,21258,21259,0,0.019905323640315796,0,-0.31163581291402542,0.019905545810781342,0,-0.31163559074355984,2.2217046554556807e-07
4218,21261,21262,0,0.14437663581345639,0,-0.18716450074088481,0.14436264938408297,0,-0.18717848717025823,1.3986429373419318e-05
4219,21263,21264,0,0.11519384500255193,0,-0.21634729155178928,0.11520891801598186,0,-0.21633221853835932,1.5073013429928173e-05
4220,21273,21274,1,0.78783359202496395,1,0.45629245547062275,0.78785961575224983,1,0.45631847919790863,2.6023727285884313e-05
4221,21286,21287,0,0.22182490386960341,0,-0.10971623268473779,0.22202789143130602,0,-0.10951324512303517,0.00020298756170261667
4222,21302,21303,0,0.24111804807194179,0,-0.090423088482399411,0.24113760951344612,0,-0.090403527040895076,1.9561441504334365e-05
4223,21306,21307,0,0.075103681033056771,0,-0.25643745552128444,0.075336310483522143,0,-0.25620482607081907,0.00023262945046537142
4224,21310,21311,1,0.47068458225249882,1,0.13914344569815762,0.47067696951704363,1,0.13913583296270243,7.6127354551869253e-06
4225,21311,21312,1,0.62763100865451193,1,0.29608987210017074,0.63060491928362361,1,0.29906378272928241,0.0029739106291116757
4226,21313,21314,0,0.28259264799150735,0,-0.048948488562833847,0.28267068350615687,0,-0.048870453048184326,7.803551464952152e-05
4227,21314,21315,1,0.31635581397440471,0,-0.015185322579936489,0.31639446890993755,0,-0.015146667644403644,3.8654935532844714e-05
4228,21324,21325,0,0.21536073852350612,0,-0.11618039803083507,0.21531832354671848,0,-0.11622281300762272,4.241497678764139e-05
4229,21326,21327,1,0.18663716012365605,0,-0.14490397643068514,0.18664625936111703,0,-0.14489487719322416,9.0992374609799587e-06
4230,21328,21329,0,0.0858901579855922,0,-0.24565097856874901,0.085903698802938494,0,-0.2456374377514027,1.3540817346294198e-05
4231,21337,21338,0,0.11001014248575072,0,-0.22153099406859048,0.11097415734628951,0,-0.22056697920805168,0.00096401486053879215
4232,21340,21341,0,0.27793355496136113,0,-0.053607581592980069,0.27789238211578549,0,-0.053648754438555712,4.1172845575643269e-05
4233,21345,21346,0,0.099001341143362037,0,-0.23253979541097916,0.099000689773817874,0,-0.23254044678052332,6.5136954416344928e-07
4234,21362,21363,0,0.65766788687536393,1,0.32612675032102273,0.65767400737773607,1,0.32613287082339487,6.1205023721422336e-06
4235,21366,21367,0,0.066685009053592717,0,-0.26485612750074849,0.066747533098963155,0,-0.26479360345537806,6.2524045370437875e-05
4236,21374,21375,0,0.22753812463289017,0,-0.10400301192145103,0.22753851300468111,0,-0.10400262354966008,3.883717909491935e-07
4237,21380,21381,1,0.79983692190277511,1,0.46829578534843391,0.79984236728147862,1,0.46830123072713742,5.4453787035058099e-06
4238,21386,21387,0,0.17176757866287368,0,-0.15977355789146752,0.17176358633431552,0,-0.15977755022002568,3.9923285581611179e-06
4239,21387,21388,0,0.36462038704203015,1,0.033079250487688949,0.364666549463523,1,0.033125412909181806,4.6162421492856875e-05
4240,21392,21393,1,0.72012642599880994,1,0.38858528944446874,0.72014063589880273,1,0.38859949934446153,1.4209899992789765e-05
4241,21393,21394,1,0.41466931643415356,1,0.083128179879812358,0.41463846138650229,1,0.08309732483216109,3.0855047651268119e-05
4242,21398,21399,1,0.18306912197260714,0,-0.14847201458173406,0.18307987655581895,0,-0.14846125999852225,1.0754583211813884e-05
4243,21399,21400,0,0.14893252619272973,0,-0.18260861036161147,0.14892996642354964,0,-0.18261117013079156,2.5597691800938183e-06
4244,21407,21408,0,0.069707992957550563,0,-0.26183314359679066,0.069709441710833542,0,-0.26183169484350766,1.4487532829787764e-06
4245,21410,21411,0,0.60609239557388006,1,0.27455125901953886,0.60605035564643828,1,0.27450921909209708,4.2039927441783753e-05
4246,21414,21415,0,0.15514597955485712,0,-0.17639515699948408,0.15516712973249339,0,-0.17637400682184781,2.1150177636264367e-05
4247,21416,21417,0,0.14629075639890543,0,-0.18525038015543577,0.14629670221677843,0,-0.18524443433756277,5.9458178729987488e-06
4248,21417,21418,0,0.16935440511697925,0,-0.16218673143736195,0.1690598973555501,0,-0.16248123919879109,0.00029450776142914137
4249,21421,21422,0,0.043169008372443113,0,-0.28837212818189806,0.043143220358930263,0,-0.28839791619541094,2.5788013512849373e-05
4250,21426,21427,0,0.071988608030135279,0,-0.25955252852420591,0.072081590121235398,0,-0.25945954643310581,9.2982091100118902e-05
4251,21428,21429,0,0.18703889004722438,0,-0.14450224650711682,0.18706241051079314,0,-0.14447872604354806,2.3520463568765804e-05
4252,21436,21437,0,0.15058263693850935,0,-0.18095849961583185,0.15055806869223534,0,-0.18098306786210586,2.456824627400378e-05
4253,21439,21440,1,0.094127185745997363,0,-0.23741395080834382,0.094185084216721116,0,-0.23735605233762008,5.7898470723752316e-05
4254,21442,21443,0,0.054989426614221751,0,-0.27655170994011946,0.054686650254837196,0,-0.27685448629950399,0.00030277635938455449
4255,21444,21445,0,0.022982744139883327,0,-0.30855839241445787,0.023038374159895177,0,-0.30850276239444602,5.5630020011850773e-05
4256,21475,21476,0,0.097049952211555504,0,-0.23449118434278571,0.096979792096996045,0,-0.23456134445734517,7.0160114559458808e-05
4257,21480,21481,1,0.5626561927572602,1,0.231115056202919,0.56265767007629031,1,0.23111653352194911,1.4773190301076156e-06
4258,21486,21487,0,0.22965155477693344,0,-0.10188958177740776,0.22963546611496211,0,-0.10190567043937909,1.6088661971336293e-05
4259,21493,21494,1,0.10728858524559425,0,-0.22425255130874694,0.10730135349144833,0,-0.22423978306289288,1.2768245854083426e-05
4260,21498,21499,0,0.23902666712526013,0,-0.092514469429081064,0.23894907285238631,0,-0.092592063701954885,7.7594272873821035e-05
4261,21503,21504,0,0.082156438473837093,0,-0.24938469808050412,0.082346465344404901,0,-0.2491946712099363,0.0001900268705678082
4262,21504,21505,0,0.20794064836600873,0,-0.12360048818833247,0.20805932716900929,0,-0.1234818093853319,0.00011867880300056588
4263,21511,21512,1,0.15626891060900047,0,-0.17527222594534073,0.15627343891778023,0,-0.17526769763656097,4.5283087797554078e-06
4264,21528,21529,0,0.068827906574424808,0,-0.26271322997991642,0.068830419779467064,0,-0.26271071677487412,2.5132050422566055e-06
4265,21529,21530,0,0.15243546228843408,0,-0.17910567426590712,0.15234072463594375,0,-0.17920041191839745,9.4737652490323176e-05
4266,21531,21532,0,0.20655644808428458,0,-0.12498468847005662,0.20652057881115471,0,-0.12502055774318649,3.5869273129873758e-05
4267,21542,21543,0,0.10515836531224301,0,-0.22638277124209819,0.10512895315291888,0,-0.22641218340142233,2.9412159324129772e-05
4268,21552,21553,0,0.11444764114495509,0,-0.21709349540938611,0.11446971626976465,0,-0.21707142028457654,2.2075124809561864e-05
4269,21561,21562,0,0.64916405727555526,1,0.31762292072121406,0.649161196277802,1,0.3176200597234608,2.8609977532623176e-06
4270,21567,21568,0,0.047279356095058726,0,-0.28426178045928246,0.047299041417437335,0,-0.28424209513690385,1.9685322378608372e-05
4271,21574,21575,0,0.064005506775347332,0,-0.26753562977899387,0.063982871725908094,0,-0.26755826482843309,2.2635049439237442e-05
4272,21576,21577,0,0.10041911144605567,0,-0.23112202510828553,0.10042115859288576,0,-0.23111997796145545,2.0471468300947704e-06
4273,21578,21579,0,0.16709985567925001,0,-0.16444128087509119,0.16718936127043915,0,-0.16435177528390205,8.9505591189142919e-05
4274,21587,21588,0,0.25873199448204198,0,-0.072809142072299216,0.25878139845845594,0,-0.072759738095885262,4.940397641395311e-05
4275,21588,21589,0,0.095779279471455661,0,-0.23576185708288555,0.095788154303989709,0,-0.23575298225035149,8.8748325340476386e-06
4276,21595,21596,0,0.083761178950719398,0,-0.24777995760362181,0.084169308206121146,0,-0.24737182834822005,0.00040812925540174849
4277,21596,21597,0,0.23209832376654585,0,-0.099442812787795348,0.23217486512228036,0,-0.099366271432060838,7.6541355734510708e-05
4278,21600,21601,1,0.11973004731733849,0,-0.2118110892370027,0.1198068726142104,0,-0.21173426394013078,7.6825296871904647e-05
4279,21606,21607,0,0.1492965600418647,0,-0.1822445765124765,0.14929174842409737,0,-0.18224938813024383,4.8116177673307448e-06
4280,21611,21612,0,0.379928146315896,1,0.0483870097615548,0.37982251661527061,1,0.048281380060929413,0.00010562970062538701
4281,21618,21619,0,0.21779741686040521,0,-0.11374371969393599,0.21775984033967827,0,-0.11378129621466293,3.7576520726945173e-05
4282,21630,21631,0,0.22594435314040257,0,-0.10559678341393863,0.22592681784331234,0,-0.10561431871102886,1.7535297090226498e-05
4283,21631,21632,0,0.093495477043220018,0,-0.23804565951112117,0.093515109876316574,0,-0.23802602667802464,1.9632833096555613e-05
4284,21634,21635,1,0.7268304662248658,1,0.3952893296705246,0.72686449070201575,1,0.39532335414767455,3.4024477149952048e-05
4285,21648,21649,0,0.33075937478420553,0,-0.00078176177013566939,0.33115671791660883,0,-0.0003844186377323644,0.00039734313240330499
4286,21661,21662,0,0.10768702631024117,0,-0.22385411024410001,0.10762177038289047,0,-0.22391936617145072,6.5255927350696408e-05
4287,21663,21664,0,0.062054918750592193,0,-0.26948621780374898,0.062154576600248077,0,-0.26938655995409311,9.9657849655883368e-05
4288,21672,21673,1,0.74001400474374346,1,0.40847286818940226,0.73999380403926407,1,0.40845266748492287,2.0200704479389486e-05
4289,21675,21676,0,0.22638446743154078,0,-0.10515666912280042,0.22638521560622329,0,-0.1051559209481179,7.4817468251331398e-07
4290,21676,21677,0,0.17541106237143947,0,-0.15613007418290173,0.17542957564367129,0,-0.15611156091066991,1.8513272231818201e-05
4291,21680,21681,0,0.084783113137122099,0,-0.24675802341721909,0.08483807389024127,0,-0.24670306266409991,5.4960753119170924e-05
4292,21683,21684,0,0.25756219671299446,0,-0.073978939841346736,0.25764645501498495,0,-0.073894681539356244,8.4258301990491891e-05
4293,21695,21696,0,0.031957803341368406,0,-0.29958333321297281,0.032126163300277163,0,-0.29941497325406402,0.00016835995890875782
4294,21700,21701,0,0.069861180300127751,0,-0.26167995625421347,0.069860947374255064,0,-0.26168018918008612,2.3292587268686216e-07
4295,21701,21702,1,0.64146164524096783,1,0.30992050868662663,0.64172437711000707,1,0.31018324055566587,0.0002627318690392455
4296,21702,21703,0,0.73074381359221796,1,0.39920267703787676,0.73071820751281735,1,0.39917707095847615,2.560607940060855e-05
4297,21706,21707,0,0.10867660430108525,0,-0.22286453225325595,0.10867982848505921,0,-0.222861308069282,3.2241839739571843e-06
4298,21708,21709,0,0.64221710579494096,1,0.31067596924059976,0.64221843046860294,1,0.31067729391426174,1.3246736619842991e-06
4299,21715,21716,1,0.58313013941087199,1,0.2515890028565308,0.58313729729148256,1,0.25159616073714136,7.1578806105643267e-06
4300,21721,21722,0,0.08360141838767185,0,-0.24793971816666935,0.083732996291271816,0,-0.24780814026306938,0.00013157790359996646
4301,21722,21723,0,0.11339677574298873,0,-0.21814436081135247,0.11352592455445304,0,-0.21801521199988816,0.00012914881146430801
4302,21731,21732,0,0.083096046007900576,0,-0.24844509054644062,0.08312562631037744,0,-0.24841551024396374,2.9580302476864273e-05
4303,21737,21738,0,0.077751538967436515,0,-0.25378959758690467,0.077756394811783314,0,-0.25378474174255788,4.8558443467988655e-06
4304,21750,21751,0,0.10057574684817645,0,-0.23096538970616476,0.10057451732715736,0,-0.23096661922718384,1.2295210190943484e-06
4305,21771,21772,0,0.48164976506180174,1,0.15010862850746054,0.48160804404053542,1,0.15006690748619422,4.1721021266316605e-05
4306,21802,21803,0,0.27458252802349192,0,-0.056958608530849275,0.27456649205790812,0,-0.05697464449643308,1.6035965583804934e-05
4307,21806,21807,0,0.12832399882893789,0,-0.20321713772540331,0.12840822876842706,0,-0.20313290778591414,8.4229939489172123e-05
4308,21809,21810,1,0.70997776527071166,1,0.37843662871637046,0.70996088396908208,1,0.37841974741474088,1.6881301629578793e-05
4309,21811,21812,1,0.75804277376945972,1,0.42650163721511852,0.75805152158777267,1,0.42651038503343147,8.7478183129485743e-06
4310,21812,21813,0,0.20807714702711019,0,-0.12346398952723101,0.2083228349911001,0,-0.12321830156324109,0.00024568796398991011
4311,21819,21820,0,0.28133814413600805,0,-0.050202992418333148,0.28131990911517274,0,-0.050221227439168459,1.8235020835311033e-05
4312,21824,21825,0,0.079356204604458747,0,-0.25218493194988245,0.079362089410402334,0,-0.25217904714393885,5.8848059435873123e-06
4313,21826,21827,0,0.033614852582304892,0,-0.2979262839720363,0.033681622365147088,0,-0.2978595141891941,6.6769782842195091e-05
4314,21839,21840,0,0.049564510519727462,0,-0.28197662603461371,0.049564954356607238,0,-0.28197618219773396,4.4383687977656017e-07
4315,21849,21850,0,0.055689350297183297,0,-0.27585178625715789,0.055708096528953158,0,-0.27583304002538805,1.8746231769860289e-05
4316,21857,21858,0,0.13704312214922701,0,-0.19449801440511419,0.13707415223545896,0,-0.19446698431888224,3.1030086231953469e-05
4317,21866,21867,0,0.14742661184635525,0,-0.18411452470798595,0.14742950981219183,0,-0.18411162674214937,2.8979658365790861e-06
4318,21881,21882,0,0.18368974361737261,0,-0.14785139293696858,0.18386156194638267,0,-0.14767957460795852,0.00017181832901005945
4319,21883,21884,0,0.088257248339154257,0,-0.24328388821518693,0.088176389139418151,0,-0.24336474741492303,8.0859199736105225e-05
4320,21887,21888,0,0.02884132705527782,0,-0.30269980949906339,0.028857565535191095,0,-0.30268357101915011,1.6238479913274068e-05
4321,21894,21895,0,0.28917368108677771,0,-0.042367455467563486,0.28912306720011183,0,-0.042418069354229371,5.0613886665884511e-05
4322,21896,21897,0,0.19878092719168641,0,-0.13276020936265479,0.19878021699403053,0,-0.13276091956031066,7.1019765587876371e-07
4323,21900,21901,1,0.65983833358214317,1,0.32829719702780197,0.65955056504399079,1,0.32800942848964959,0.00028776853815237757
4324,21901,21902,0,0.070644578052432128,0,-0.26089655850190907,0.070660973651521089,0,-0.26088016290282012,1.6395599088961377e-05
4325,21904,21905,0,0.13818483510589533,0,-0.19335630144844587,0.13818634330173216,0,-0.19335479325260904,1.5081958368301507e-06
4326,21906,21907,0,0.17260500545210011,0,-0.15893613110224108,0.17258662359781088,0,-0.15895451295653032,1.8381854289234445e-05
4327,21911,21912,0,0.19428259393035638,0,-0.13725854262398482,0.19427209206680618,0,-0.13726904448753502,1.0501863550199664e-05
4328,21912,21913,0,0.08423702241155813,0,-0.24730411414278308,0.084250342043857271,0,-0.24729079451048391,1.3319632299141348e-05
4329,21915,21916,0,0.22296242572443517,0,-0.10857871082990603,0.22291930125396078,0,-0.10862183530038041,4.3124470474387167e-05
4330,21920,21921,1,0.13626352482589338,0,-0.19527761172844782,0.13625122169751419,0,-0.19528991485682701,1.2303128379187456e-05
4331,21935,21936,0,0.078454727924273215,0,-0.25308640863006798,0.07857259974408333,0,-0.25296853681025788,0.00011787181981011419
4332,21940,21941,0,0.090358214337927262,0,-0.24118292221641394,0.09039897647732896,0,-0.24114216007701222,4.0762139401698261e-05
4333,21957,21958,0,0.30485643672385387,0,-0.026684699830487324,0.30002415369387792,0,-0.031516982860463283,0.0048322830299759589
4334,21962,21963,0,0.097335714124963918,0,-0.23420542242937728,0.097338229588960434,0,-0.23420290696538076,2.515463996516365e-06
4335,21963,21964,0,0.064881346537094986,0,-0.26665979001724621,0.064898431670606424,0,-0.26664270488373476,1.7085133511438033e-05
4336,21968,21969,0,0.11217339720062784,0,-0.21936773935371334,0.11216269933322442,0,-0.21937843722111677,1.0697867403416939e-05
4337,21969,21970,0,0.026546156343632447,0,-0.30499498021070875,0.026579293060689613,0,-0.30496184349365157,3.3136717057166698e-05
4338,21971,21972,0,0.3425146461033638,1,0.010973509549022598,0.34259992611719126,1,0.011058789562850058,8.5280013827460088e-05
4339,21984,21985,0,0.14657105524715175,0,-0.18497008130718945,0.14655791045895028,0,-0.18498322609539092,1.3144788201469026e-05
4340,21988,21989,0,0.074553843874952078,0,-0.25698729267938913,0.07456390841820236,0,-0.25697722813613882,1.0064543250282165e-05
4341,21992,21993,0,0.11552123788693532,0,-0.2160198986674059,0.11553789529067053,0,-0.21600324126367065,1.6657403735215182e-05
4342,21994,21995,0,0.079680436275935643,0,-0.25186070027840557,0.079689512606586563,0,-0.25185162394775462,9.0763306509200614e-06
4343,21998,21999,0,0.077471581400009246,0,-0.25406955515433194,0.077375861230342943,0,-0.25416527532399824,9.5720169666302368e-05
4344,22002,22003,0,0.16632535844578758,0,-0.16521577810855362,0.1663145621630778,0,-0.1652265743912634,1.0796282709779614e-05
4345,22007,22008,0,0.13602337740492879,0,-0.19551775914941241,0.13602915045388764,0,-0.19551198610045356,5.7730489588514455e-06
4346,22008,22009,0,0.038034284681732776,0,-0.29350685187260844,0.038054951853607133,0,-0.29348618470073407,2.0667171874357015e-05
4347,22027,22028,0,0.060067980017525426,0,-0.27147315653681575,0.060068917094677002,0,-0.27147221945966421,9.3707715157625993e-07
4348,22028,22029,0,0.050350282851514307,0,-0.28119085370282687,0.050347343024659992,0,-0.28119379352968121,2.9398268543145978e-06
4349,22031,22032,0,0.066851849269613975,0,-0.26468928728472724,0.066902802061882108,0,-0.2646383344924591,5.0952792268132985e-05
4350,22032,22033,0,0.082234380759595938,0,-0.24930675579474526,0.082264483659534426,0,-0.24927665289480677,3.0102899938488914e-05
4351,22035,22036,0,0.10032431535917116,0,-0.23121682119517004,0.10031975655243267,0,-0.23122138000190853,4.5588067384971787e-06
4352,22041,22042,0,0.082788817766239947,0,-0.24875231878810125,0.082777576823081483,0,-0.24876355973125971,1.124094315846369e-05
4353,22042,22043,0,0.28716906476167586,0,-0.044372071792665335,0.2871182175427387,0,-0.044422919011602502,5.0847218937166705e-05
4354,22043,22044,0,0.051177777241166712,0,-0.28036335931317447,0.051170011387038999,0,-0.28037112516730223,7.7658541277128568e-06
4355,22046,22047,0,0.05386658594154,0,-0.27767455061280122,0.053825388282637353,0,-0.27771574827170387,4.1197658902647483e-05
4356,22056,22057,0,0.40152920908151818,1,0.069988072527176981,0.40158346075113632,1,0.070042324196795125,5.4251669618143872e-05
4357,22057,22058,0,0.062415926045646941,0,-0.26912521050869426,0.062287418121611225,0,-0.26925371843272999,0.00012850792403571593
4358,22058,22059,0,0.20223802416040243,0,-0.12930311239393877,0.2022733310526304,0,-0.1292678055017108,3.5306892227970899e-05
4359,22061,22062,0,0.071493484543322078,0,-0.26004765201101909,0.071494965979611275,0,-0.2600461705747299,1.4814362891968358e-06
4360,22070,22071,0,0.069425513311961867,0,-0.26211562324237936,0.069426138160957634,0,-0.26211499839338359,6.248489957672021e-07
4361,22072,22073,0,0.091916141720287919,0,-0.23962499483405328,0.091911345246681375,0,-0.23962979130765982,4.7964736065442271e-06
4362,22075,22076,0,0.17793390004402121,0,-0.15360723651031999,0.17769806162179258,0,-0.15384307493254862,0.00023583842222862916
4363,22080,22081,1,0.71833791949386583,1,0.38679678293952463,0.71826262857723788,1,0.38672149202289668,7.5290916627945847e-05
4364,22081,22082,0,0.21070882375104155,0,-0.12083231280329965,0.21070692318792292,0,-0.12083421336641828,1.9005631186341798e-06
4365,22088,22089,0,0.19006187338823122,0,-0.14147926316610998,0.19005429900956827,0,-0.14148683754477293,7.5743786629445253e-06
4366,22089,22090,0,0.32518723774216246,0,-0.0063538988121787376,0.32519014596078438,0,-0.0063509905935568156,2.9082186219220318e-06
4367,22090,22091,1,0.23088963036847998,0,-0.10065150618586122,0.23089371963122909,0,-0.1006474169231121,4.0892627491129208e-06
4368,22091,22092,0,0.01727864805895166,0,-0.31426248849538951,0.017297279878578771,0,-0.31424385667576243,1.8631819627110829e-05
4369,22092,22093,0,0.025765098897740372,0,-0.30577603765660083,0.02571168311566252,0,-0.30582945343867868,5.3415782077851498e-05
4370,22095,22096,0,0.086714500820720256,0,-0.24482663573362096,0.086724967440504383,0,-0.2448161691138368,1.046661978412744e-05
4371,22098,22099,0,0.069170295291142325,0,-0.26237084126319887,0.069171483990229946,0,-0.26236965256411127,1.1886990876203152e-06
4372,22101,22102,1,0.14549581082001076,0,-0.18604532573433044,0.14552307258081482,0,-0.18601806397352638,2.7261760804059287e-05
4373,22102,22103,0,0.084120193924208109,0,-0.24742094263013309,0.084159402488765245,0,-0.24738173406557595,3.9208564557136061e-05
4374,22104,22105,0,0.087260410284264747,0,-0.24428072627007646,0.087267997563585414,0,-0.24427313899075578,7.5872793206671618e-06
4375,22105,22106,0,0.156510619066036,0,-0.1750305174883052,0.1564863828786644,0,-0.1750547536756768,2.423618737160127e-05
4376,22111,22112,1,0.71467141634766107,1,0.38313027979331987,0.71465581768841002,1,0.38311468113406882,1.5598659251048197e-05
4377,22112,22113,0,0.13519089725007469,0,-0.19635023930426651,0.13557402657166931,0,-0.19596710998267189,0.00038312932159462187
4378,22116,22117,0,0.077188383676343494,0,-0.25435275287799769,0.077191627963501069,0,-0.25434950859084016,3.2442871575749654e-06
4379,22128,22129,0,0.19379779476988435,0,-0.13774334178445685,0.19381717763179021,0,-0.13772395892255099,1.9382861905864468e-05
4380,22129,22130,0,0.05038878912536935,0,-0.28115234742897183,0.050388710949838496,0,-0.28115242560450271,7.8175530854318609e-08
4381,22139,22140,0,0.11479458863230346,0,-0.21674654792203774,0.11480261013215119,0,-0.21673852642218999,8.0214998477295962e-06
4382,22168,22169,1,0.61446607487277538,1,0.28292493831843418,0.61448532370443032,1,0.28294418715008912,1.9248831654938847e-05
4383,22176,22177,1,0.67754539916505785,1,0.34600426261071665,0.67747369571801408,1,0.34593255916367288,7.1703447043769408e-05
4384,22179,22180,0,0.094223540031283998,0,-0.2373175965230572,0.094212569364286333,0,-0.23732856719005485,1.0970666997664469e-05
4385,22188,22189,0,0.079555633312644924,0,-0.25198550324169627,0.079560204326092412,0,-0.2519809322282488,4.5710134474880038e-06
4386,22189,22190,0,0.14682463662350015,0,-0.18471649993084105,0.1462620088134908,0,-0.1852791277408504,0.00056262781000934736
4387,22195,22196,0,0.069037051905952246,0,-0.26250408464838892,0.069080028872357271,0,-0.26246110768198394,4.2976966405025574e-05
4388,22196,22197,0,0.02771697341837118,0,-0.30382416313596999,0.027735682406852504,0,-0.30380545414748872,1.8708988481323796e-05
4389,22198,22199,0,0.10550312857590013,0,-0.22603800797844106,0.10539408747033557,0,-0.22614704908400562,0.00010904110556456126
4390,22214,22215,0,0.13352423316926065,0,-0.19801690338508054,0.13353733161634429,0,-0.19800380493799691,1.3098447083637055e-05
4391,22226,22227,0,0.11180508604030831,0,-0.21973605051403289,0.11180160674963451,0,-0.21973952980470668,3.4792906738051466e-06
4392,22241,22242,0,0.13001911983618211,0,-0.20152201671815909,0.13003482514095099,0,-0.2015063114133902,1.5705304768881545e-05
4393,22250,22251,1,0.11387728665450679,0,-0.21766384989983439,0.11391593474114733,0,-0.21762520181319386,3.8648086640544199e-05
4394,22252,22253,0,0.05135378924876835,0,-0.28018734730557282,0.05139570990594193,0,-0.28014542664839925,4.1920657173580289e-05
4395,22254,22255,0,0.1021289660886929,0,-0.2294121704656483,0.10214046870887802,0,-0.22940066784546317,1.1502620185122048e-05
4396,22256,22257,1,0.058847278437620741,0,-0.27269385811672048,0.058850568486537781,0,-0.2726905680678034,3.2900489170401004e-06
4397,22261,22262,0,0.27256896360273036,0,-0.058972172951610835,0.27525475702459695,0,-0.056286379529744246,0.0026857934218665891
4398,22262,22263,1,0.062729470571703361,0,-0.26881166598263784,0.062633450748915465,0,-0.26890768580542573,9.6019822787896114e-05
4399,22264,22265,0,0.052002239797553577,0,-0.27953889675678761,0.051730854940725962,0,-0.27981028161361521,0.00027138485682761532
4400,22266,22267,1,0.16446505470537393,0,-0.16707608184896727,0.16447710694609857,0,-0.16706402960824263,1.2052240724647056e-05
4401,22281,22282,0,0.19738757661008946,0,-0.13415355994425174,0.19740950681365643,0,-0.13413162974068477,2.1930203566972173e-05
4402,22285,22286,1,0.70831623154788148,1,0.37677509499354028,0.70823055710139271,1,0.37668942054705151,8.5674446488770428e-05
4403,22286,22287,1,0.36792746035916118,1,0.036386323804819987,0.36795079040103568,1,0.036409653846694479,2.3330041874491947e-05
4404,22290,22291,1,0.65808174761681593,1,0.32654061106247473,0.65808609669788087,1,0.32654496014353968,4.3490810649471356e-06
4405,22306,22307,1,0.28339594930280276,0,-0.048145187251538435,0.28340274632025447,0,-0.048138390234086725,6.7970174517095749e-06
4406,22307,22308,0,0.19682182410845897,0,-0.13471931244588223,0.19674006735547336,0,-0.13480106919886783,8.1756752985606695e-05
4407,22311,22312,0,0.048454347550383386,0,-0.28308678900395778,0.048483886226439531,0,-0.28305725032790169,2.9538676056144186e-05
4408,22319,22320,0,0.29908425876559108,0,-0.032456877788750116,0.29672514308719922,0,-0.034815993467141981,0.0023591156783918654
4409,22321,22322,0,0.077543992534315515,0,-0.25399714402002571,0.077572688504506798,0,-0.25396844804983443,2.8695970191283671e-05
4410,22323,22324,0,0.018723826665078446,0,-0.31281730988926276,0.018732346535821561,0,-0.31280879001851963,8.5198707431149989e-06
4411,22328,22329,0,0.10368315396535467,0,-0.22785798258898654,0.10366759664904074,0,-0.22787353990530046,1.5557316313932756e-05
4412,22333,22334,0,0.066046474020578116,0,-0.26549466253376308,0.065997319310876559,0,-0.26554381724346465,4.9154709701557109e-05
4413,22338,22339,0,0.064910276263808964,0,-0.26663086029053223,0.064947510839953121,0,-0.26659362571438805,3.7234576144157261e-05
4414,22352,22353,0,0.18863295261753987,0,-0.14290818393680133,0.18863330155730465,0,-0.14290783499703655,3.4893976477712307e-07
4415,22357,22358,0,0.096273691019444677,0,-0.23526744553489654,0.096282606518075242,0,-0.23525853003626596,8.9154986305656214e-06
4416,22360,22361,0,0.073852358462210652,0,-0.25768877809213053,0.073864476681631527,0,-0.25767665987270966,1.2118219420875764e-05
4417,22364,22365,0,0.08422126659627252,0,-0.24731986995806868,0.084286814369312679,0,-0.24725432218502852,6.5547773040158797e-05
4418,22366,22367,0,0.14893514593383578,0,-0.18260599062050542,0.14893515245125502,0,-0.18260598410308618,6.5174192431793898e-09
4419,22368,22369,0,0.18106952212923544,0,-0.15047161442510576,0.18106349669341129,0,-0.15047763986092991,6.0254358241473849e-06
4420,22372,22373,0,0.029509285387644902,0,-0.30203185116669629,0.029511279163764885,0,-0.30202985739057631,1.9937761199829984e-06
4421,22377,22378,0,0.044509078657999239,0,-0.28703205789634195,0.044569571021916124,0,-0.28697156553242509,6.0492363916885006e-05
4422,22378,22379,0,0.025136259246135769,0,-0.30640487730820543,0.025194695457116788,0,-0.30634644109722442,5.8436210981019365e-05
4423,22382,22383,0,0.01702808644992793,0,-0.31451305010441327,0.017063797763922837,0,-0.31447733879041834,3.5711313994907234e-05
4424,22385,22386,1,0.11075289828194977,0,-0.22078823827239141,0.11075183512832436,0,-0.22078930142601683,1.0631536254135376e-06
4425,22387,22388,0,0.1160597329804873,0,-0.2154814035738539,0.11604445280381434,0,-0.21549668375052686,1.5280176672960444e-05
4426,22396,22397,0,0.15025000369874686,0,-0.18129113285559434,0.1502224109356986,0,-0.1813187256186426,2.7592763048256419e-05
4427,22399,22400,0,0.14511595168509159,0,-0.18642518486924961,0.14504537838819143,0,-0.18649575816614977,7.0573296900161564e-05
4428,22402,22403,0,0.33731133534173535,1,0.005770198787394154,0.33727078730005339,1,0.0057296507457121892,4.0548041681964797e-05
4429,22404,22405,0,0.029508350089755258,0,-0.30203278646458592,0.029522311430737701,0,-0.30201882512360351,1.3961340982443504e-05
4430,22407,22408,0,0.025670138429893824,0,-0.3058709981244474,0.025629841976536272,0,-0.30591129457780492,4.0296453357551582e-05
4431,22408,22409,0,0.10235767748947898,0,-0.2291834590648622,0.10226442105671181,0,-0.2292767154976294,9.3256432767169217e-05
4432,22412,22413,0,0.13514133178510024,0,-0.19639980476924096,0.13527256859168579,0,-0.1962685679626554,0.00013123680658555514
4433,22416,22417,0,0.69494497003082012,1,0.36340383347647892,0.69491579161817862,1,0.36337465506383743,2.9178412641495122e-05
4434,22420,22421,0,0.24920687722013293,0,-0.082334259334208265,0.24915308264766867,0,-0.082388053906672531,5.3794572464266333e-05
4435,22424,22425,0,0.21787841991393342,0,-0.11366271664040778,0.21790850260583292,0,-0.11363263394850828,3.008269189949675e-05
4436,22430,22431,0,0.25219198867452219,0,-0.079349147879819004,0.25223544827714711,0,-0.079305688277194086,4.3459602624917881e-05
4437,22434,22435,0,0.098411428163452691,0,-0.23312970839088851,0.098367855774205412,0,-0.23317328078013577,4.3572389247278909e-05
4438,22439,22440,0,0.027927910149494594,0,-0.30361322640484661,0.027952837417867468,0,-0.30358829913647373,2.4927268372873512e-05
4439,22442,22443,1,0.17860078518129807,0,-0.15294035137304313,0.17858278624867785,0,-0.15295835030566335,1.7998932620222341e-05
4440,22445,22446,0,0.069871919880072603,0,-0.26166921667426857,0.069871257543656945,0,-0.26166987901068428,6.6233641565771606e-07
4441,22447,22448,0,0.12817651486276363,0,-0.20336462169157757,0.128178193256727,0,-0.2033629432976142,1.6783939633668865e-06
4442,22448,22449,0,0.06949472886067054,0,-0.26204640769367066,0.069495912228102558,0,-0.26204522432623867,1.1833674320171905e-06
4443,22450,22451,0,0.088397258130833697,0,-0.24314387842350749,0.088413072213015101,0,-0.24312806434132611,1.5814082181403455e-05
4444,22451,22452,0,0.22485827555182181,0,-0.10668286100251939,0.22483810133330376,0,-0.10670303522103744,2.0174218518048681e-05
4445,22452,22453,0,0.1226803526581324,0,-0.2088607838962088,0.1227200517525833,0,-0.2088210848017579,3.96990944508957e-05
4446,22453,22454,0,0.17396337006211268,0,-0.15757776649222852,0.17397286517492916,0,-0.15756827137941204,9.4951128164766363e-06
4447,22468,22469,1,0.12267337200225398,0,-0.20886776455208722,0.12273644287097731,0,-0.20880469368336391,6.3070868723327789e-05
4448,22472,22473,1,0.70651604375335941,1,0.37497490719901821,0.70645252623959542,1,0.37491138968525423,6.3517513763988731e-05
4449,22481,22482,0,0.090835855173401217,0,-0.24070528138093999,0.09082918454539847,0,-0.24071195200894274,6.6706280027473142e-06
4450,22496,22497,1,0.13884092812030913,0,-0.19270020843403207,0.13891349365759656,0,-0.19262764289674464,7.2565537287433424e-05
4451,22500,22501,0,0.15672716045301172,0,-0.17481397610132948,0.15677130455188204,0,-0.17476983200245916,4.4144098870324555e-05
4452,22501,22502,0,0.058920100737334634,0,-0.27262103581700659,0.058962401616900438,0,-0.27257873493744078,4.2300879565804195e-05
4453,22502,22503,1,0.40653761784687603,1,0.074996481292534833,0.406538104999073,1,0.074996968444731804,4.8715219697070822e-07
4454,22505,22506,1,0.18688665162504889,0,-0.14465448492929231,0.18691959373353739,0,-0.14462154282080381,3.2942108488503985e-05
4455,22513,22514,0,0.089008901910273289,0,-0.24253223464406792,0.089009827657502261,0,-0.24253130889683894,9.257472289719848e-07
4456,22514,22515,0,0.083456842867057138,0,-0.24808429368728407,0.083525166070050672,0,-0.24801597048429053,6.8323202993533783e-05
4457,22517,22518,0,0.10771781117188052,0,-0.22382332538246069,0.10771971405423615,0,-0.22382142250010506,1.9028823556310748e-06
4458,22524,22525,0,0.010271502380684756,0,-0.32126963417365645,0.010270523211552186,0,-0.321270613342789,9.7916913257070637e-07
4459,22527,22528,0,0.099043104954611688,0,-0.23249803159972951,0.09904658374602833,0,-0.23249455280831288,3.4787914166417577e-06
4460,22529,22530,0,0.52261327850269801,1,0.19107214194835681,0.52263808388646049,1,0.19109694733211929,2.4805383762482869e-05
4461,22533,22534,0,0.0784404136779355,0,-0.25310072287640573,0.078465161292658181,0,-0.25307597526168302,2.4747614722681055e-05
4462,22543,22544,1,0.27996911549063308,0,-0.051572021063708118,0.28024411698582219,0,-0.051297019568519009,0.00027500149518910888
4463,22547,22548,1,0.089275712378029129,0,-0.24226542417631208,0.088558243367307041,0,-0.24298289318703414,0.00071746901072208824
4464,22549,22550,0,0.31503182052531969,0,-0.016509316029021504,0.3150153338999882,0,-0.016525802654352995,1.6486625331491034e-05
4465,22552,22553,0,0.067794995853600826,0,-0.26374614070074037,0.067817214765491476,0,-0.26372392178884974,2.2218911890650728e-05
4466,22553,22554,0,0.32588774715862673,0,-0.0056533893957144699,0.32454307794792214,0,-0.0069980586064190553,0.0013446692107045854
4467,22557,22558,0,0.24007394849720168,0,-0.09146718805713952,0.23951744598558922,0,-0.092023690568751981,0.00055650251161246111
4468,22561,22562,0,0.24898834192402139,0,-0.082552794630319809,0.2489713688984789,0,-0.082569767655862297,1.6973025542488251e-05
4469,22566,22567,0,0.80955882647759325,1,0.47801768992325205,0.8095255266286715,1,0.4779843900743303,3.3299848921752861e-05
4470,22585,22586,0,0.13050557109658065,0,-0.20103556545776055,0.13061238910142278,0,-0.20092874745291842,0.00010681800484213522
4471,22589,22590,0,0.098087725713544405,0,-0.23345341084079679,0.098088541229649148,0,-0.23345259532469204,8.1551610474350777e-07
4472,22592,22593,0,0.18443672405476777,0,-0.14710441249957343,0.18467067644029925,0,-0.14687046011404195,0.00023395238553147735
4473,22616,22617,0,0.02600379518287585,0,-0.30553734137146538,0.02603478005193233,0,-0.30550635650240887,3.0984869056480818e-05
4474,22619,22620,0,0.13490728129338342,0,-0.19663385526095778,0.13489344104668263,0,-0.19664769550765857,1.3840246700785874e-05
4475,22626,22627,0,0.015492165180383393,0,-0.31604897137395782,0.015536139733747513,0,-0.31600499682059369,4.3974553364120594e-05
4476,22627,22628,1,0.20354426183806776,0,-0.12799687471627344,0.20353570802131857,0,-0.12800542853302263,8.5538167491905348e-06
4477,22632,22633,0,0.1137074470235972,0,-0.217833689530744,0.11371708969765892,0,-0.21782404685668227,9.6426740617272522e-06
4478,22634,22635,0,0.086482559151638022,0,-0.24505857740270318,0.086318150255308063,0,-0.24522298629903314,0.00016440889632995948
4479,22636,22637,0,0.08252081146328763,0,-0.24902032509105357,0.082417494561941834,0,-0.24912364199239936,0.00010331690134579574
4480,22649,22650,0,0.044049318110911742,0,-0.28749181844342947,0.044043448808133052,0,-0.28749768774620815,5.8693027786896335e-06
4481,22656,22657,1,0.69240007795987102,1,0.36085894140552982,0.69243670769556387,1,0.36089557114122267,3.6629735692850218e-05
4482,22661,22662,0,0.30001813279147899,0,-0.031523003762862212,0.29998666187271456,0,-0.031554474681626643,3.147091876443131e-05
4483,22682,22683,0,0.096108019655579024,0,-0.23543311689876217,0.09609392384536837,0,-0.23544721270897284,1.4095810210654203e-05
4484,22688,22689,1,0.75282217887784586,1,0.42128104232350466,0.75274860995978188,1,0.42120747340544068,7.3568918063982025e-05
4485,22689,22690,0,0.063235396578457503,0,-0.26830573997588369,0.063254866528310263,0,-0.26828627002603095,1.9469949852760071e-05
4486,22690,22691,0,0.72717154196017741,1,0.39563040540583622,0.72713083195159989,1,0.39558969539725869,4.0710008577526935e-05
4487,22697,22698,0,0.10223505746391226,0,-0.22930607909042894,0.10222866152286016,0,-0.22931247503148106,6.3959410521036153e-06
4488,22705,22706,0,0.21285889181544848,0,-0.11868224473889272,0.21278995682247473,0,-0.11875117973186647,6.8934992973751497e-05
4489,22710,22711,1,0.43362930903938557,1,0.10208817248504437,0.42907075586193688,1,0.097529619307595683,0.0045585531774486876
4490,22711,22712,1,0.040257125060669786,0,-0.29128401149367139,0.040267441177704165,0,-0.29127369537663705,1.0316117034378514e-05
4491,22712,22713,0,0.15253510192663558,0,-0.17900603462770562,0.15249509478310158,0,-0.17904604177123962,4.0007143533998812e-05
4492,22715,22716,0,0.22722199637610582,0,-0.10431914017823538,0.22721289472734141,0,-0.10432824182699979,9.1016487644146604e-06
4493,22729,22730,0,0.25473436473732852,0,-0.076806771817012676,0.25476305134392874,0,-0.076778085210412461,2.8686606600214493e-05
4494,22738,22739,0,0.064889404759837066,0,-0.26665173179450413,0.064691260447216861,0,-0.26684987610712435,0.00019814431262020482
4495,22747,22748,0,0.15816573748308368,0,-0.17337539907125751,0.15811419961847567,0,-0.17342693693586553,5.1537864608014461e-05
4496,22752,22753,0,0.075110144617229604,0,-0.25643099193711161,0.075118487464419487,0,-0.25642264908992174,8.3428471898822076e-06
4497,22753,22754,1,0.66493888757912945,1,0.33339775102478825,0.66492771362016101,1,0.33338657706581981,1.1173958968435649e-05
4498,22755,22756,1,0.093194857555085359,0,-0.23834627899925584,0.093191470911074034,0,-0.23834966564326715,3.3866440113244911e-06
4499,22757,22758,0,0.13352092343874122,0,-0.19802021311559997,0.13352682128044191,0,-0.19801431527389929,5.8978417006860795e-06
4500,22759,22760,1,0.84423649962196512,1,0.51269536306762387,0.84422699625187803,1,0.51268585969753677,9.5033700870938986e-06
4501,22763,22764,0,0.03052584612258144,0,-0.30101529043175979,0.030523018197464249,0,-0.30101811835687697,2.8279251171915709e-06
4502,22767,22768,0,0.15731021701615,0,-0.1742309195381912,0.1573115995417898,0,-0.17422953701255139,1.3825256398036778e-06
4503,22768,22769,1,0.12711126164765146,0,-0.20442987490668973,0.1271125056695834,0,-0.20442863088475779,1.2440219319398427e-06
4504,22776,22777,1,0.043838196996791513,0,-0.28770293955754966,0.043822682108503389,0,-0.28771845444583782,1.5514888288124806e-05
4505,22778,22779,0,0.032427187679604633,0,-0.29911394887473658,0.032501222557441152,0,-0.29903991399690005,7.4034877836519353e-05
4506,22779,22780,0,0.068063680194769299,0,-0.26347745635957187,0.068076846292442511,0,-0.26346429026189866,1.3166097673211752e-05
4507,22780,22781,0,0.079611894926837581,0,-0.25192924162750363,0.079716409434529789,0,-0.25182472711981141,0.00010451450769220771
4508,22789,22790,1,0.15127649161492393,0,-0.18026464493941727,0.15120106107224299,0,-0.18034007548209821,7.543054268094318e-05
4509,22790,22791,0,0.14856168549796103,0,-0.18297945105638017,0.14609630849370689,0,-0.18544482806063431,0.0024653770042541434
4510,22792,22793,0,0.11220642225788355,0,-0.21933471429645765,0.11218312175863014,0,-0.21935801479571104,2.3300499253406382e-05
4511,22801,22802,0,0.09454744493603659,0,-0.23699369161830461,0.094612181586417959,0,-0.23692895496792324,6.4736650381369554e-05
4512,22803,22804,0,0.034304289710834213,0,-0.29723684684350699,0.034277087651992312,0,-0.29726404890234887,2.7202058841900578e-05
4513,22819,22820,0,0.034677481140318933,0,-0.29686365541402226,0.034727874986537975,0,-0.29681326156780324,5.0393846219042027e-05
4514,22820,22821,0,0.072181880886479033,0,-0.25935925566786217,0.072176606400351284,0,-0.25936453015398991,5.2744861277487232e-06
4515,22822,22823,0,0.01779763426358142,0,-0.31374350229075976,0.022563091865782026,0,-0.30897804468855916,0.0047654576022006061
4516,22826,22827,0,0.14343014708908497,0,-0.18811098946525623,0.14321804074158145,0,-0.18832309581275974,0.00021210634750351565
4517,22833,22834,0,0.043311342813682596,0,-0.2882297937406586,0.043299604834047128,0,-0.2882415317202941,1.1737979635467743e-05
4518,22841,22842,0,0.10530596418576037,0,-0.22623517236858082,0.10531220438858389,0,-0.22622893216575729,6.2402028235264417e-06
4519,22851,22852,1,0.61473498566978091,1,0.28319384911543971,0.61476968653918274,1,0.28322854998484154,3.4700869401826928e-05
4520,22862,22863,1,0.68121421996629361,1,0.34967308341195241,0.68118993398297634,1,0.34964879742863514,2.4285983317273718e-05
4521,22866,22867,0,0.25317282753171133,0,-0.078368309022629867,0.25273022517375071,0,-0.078810911380590487,0.00044260235796061975
4522,22873,22874,0,0.15348667281460174,0,-0.17805446373973946,0.15349958782756656,0,-0.17804154872677463,1.2915012964825889e-05
4523,22875,22876,0,0.047295269529219683,0,-0.2842458670251215,0.047204699735687576,0,-0.28433643681865362,9.0569793532106757e-05
4524,22880,22881,0,0.64977543982806485,1,0.31823430327372365,0.64984329979804523,1,0.31830216324370403,6.7859969980377244e-05
4525,22881,22882,1,0.093304241714686223,0,-0.23823689483965499,0.093157609245229867,0,-0.23838352730911133,0.00014663246945635644
4526,22882,22883,0,0.08763215122261242,0,-0.24390898533172878,0.087613711735533048,0,-0.24392742481880814,1.843948707937193e-05
4527,22888,22889,0,0.017683676223634186,0,-0.31385746033070699,0.017693634792181841,0,-0.31384750176215936,9.958568547654284e-06
4528,22893,22894,1,0.050617192074376219,0,-0.28092394447996499,0.050618869355047807,0,-0.28092226719929336,1.6772806715886768e-06
4529,22894,22895,0,0.084509282761895316,0,-0.24703185379244588,0.084521438002329349,0,-0.24701969855201183,1.2155240434033598e-05
4530,22897,22898,1,0.74793738229136819,1,0.41639624573702699,0.7478665499737136,1,0.4163254134193724,7.0832317654589971e-05
4531,22900,22901,1,0.78561380485147936,1,0.45407266829713816,0.78556679314192912,1,0.45402565658758792,4.701170955023759e-05
4532,22904,22905,0,0.23177925843367708,0,-0.099761878120664116,0.2316961834886436,0,-0.0998449530656976,8.3074945033484449e-05
4533,22913,22914,0,0.15467966474547068,0,-0.17686147180887052,0.15466672771650414,0,-0.17687440883783706,1.293702896654203e-05
4534,22914,22915,0,0.25666719739372756,0,-0.074873939160613634,0.25683434948818734,0,-0.074706787066153857,0.00016715209445977708
4535,22927,22928,0,0.16465039370172882,0,-0.16689074285261238,0.16465620325464878,0,-0.16688493329969242,5.8095529199553297e-06
4536,22930,22931,0,0.096558826988076746,0,-0.23498230956626445,0.096565986685496166,0,-0.23497514986884505,7.1596974194204632e-06
4537,22936,22937,0,0.31711729264936545,0,-0.014423843904975753,0.31712660240016977,0,-0.014414534154171432,9.3097508043205046e-06
4538,22937,22938,0,0.17648876799757532,0,-0.15505236855676588,0.17649598786584064,0,-0.15504514868850056,7.2198682653235036e-06
4539,22938,22939,0,0.084583808500068067,0,-0.24695732805427312,0.084608195781389353,0,-0.24693294077295186,2.4387281321286425e-05
4540,22939,22940,0,0.06953277752866531,0,-0.26200835902567587,0.069570390084850067,0,-0.26197074646949114,3.761255618475734e-05
4541,22940,22941,0,0.11692102654489617,0,-0.21462011000944503,0.11667373396618916,0,-0.21486740258815204,0.00024729257870700905
4542,22944,22945,0,0.016210595284873269,0,-0.31533054126946791,0.016334563529832178,0,-0.315206573024509,0.0001239682449589094
4543,22979,22980,0,0.19089123496759489,0,-0.14064990158674631,0.19083282924126183,0,-0.14070830731307937,5.8405726333060626e-05
4544,22988,22989,0,0.042938621801373505,0,-0.28860251475296772,0.042925430969548824,0,-0.28861570558479238,1.3190831824681781e-05
4545,22996,22997,0,0,0,-0.3315411365543412,8.5211362422945227e-08,0,-0.33154105134297879,8.5211362422945227e-08
4546,22997,22998,0,0,0,-0.3315411365543412,6.599066140753938e-08,0,-0.33154107056367982,6.599066140753938e-08
4547,22999,23000,0,0.057467580815030533,0,-0.27407355573931069,0.057382899761705894,0,-0.27415823679263529,8.4681053324639488e-05
4548,23005,23006,1,0.60894646339751124,1,0.27740532684317004,0.60891011652573179,1,0.27736897997139059,3.6346871779446843e-05
4549,23007,23008,0,0.059028327100175845,0,-0.27251280945416534,0.059040122515557465,0,-0.27250101403878374,1.1795415381619934e-05
4550,23009,23010,0,0.27847628906186495,0,-0.053064847492476253,0.27837686577193932,0,-0.053164270782401879,9.9423289925626435e-05
4551,23016,23017,0,0.15280570434825902,0,-0.17873543220608218,0.15278226814807688,0,-0.17875886840626432,2.3436200182136435e-05
4552,23022,23023,0,0.19522026730683167,0,-0.13632086924750952,0.19522881927742528,0,-0.13631231727691592,8.5519705936010215e-06
4553,23024,23025,0,0.07077832414437131,0,-0.2607628124099699,0.070802827966373494,0,-0.2607383085879677,2.4503822002183706e-05
4554,23029,23030,0,0.14925950434712607,0,-0.18228163220721513,0.14928765490918666,0,-0.18225348164515454,2.8150562060597073e-05
4555,23038,23039,0,0.10407557880941698,0,-0.22746555774492422,0.10408772960372353,0,-0.22745340695061766,1.2150794306553525e-05
4556,23039,23040,1,0.59995030695266671,1,0.26840917039832551,0.59982560237195204,1,0.26828446581761084,0.00012470458071467405
4557,23041,23042,0,0.32410530961976985,0,-0.0074358269345713435,0.32202989616685723,0,-0.0095112403874839657,0.0020754134529126222
4558,23043,23044,1,0.18660711035807065,0,-0.14493402619627055,0.18661022802476832,0,-0.14493090852957288,3.1176666976662215e-06
4559,23044,23045,0,0.061090158383752702,0,-0.2704509781705885,0.061087856808496814,0,-0.27045327974584438,2.3015752558877556e-06
4560,23051,23052,0,0.2945698290690254,0,-0.036971307485315796,0.29454443606863767,0,-0.036996700485703526,2.5393000387730069e-05
4561,23067,23068,0,0.029470416788091432,0,-0.30207071976624977,0.029474073667157166,0,-0.30206706288718405,3.6568790657345862e-06
4562,23069,23070,0,0.35536142225681283,1,0.023820285702471633,0.35536334849806206,1,0.023822211943720861,1.9262412492282444e-06
4563,23070,23071,1,0.12813901998288429,0,-0.2034021165714569,0.12814201512977841,0,-0.20339912142456279,2.9951468941136206e-06
4564,23078,23079,0,0.026712985532435878,0,-0.3048281510219053,0.026723420074739074,0,-0.3048177164796021,1.0434542303195543e-05
4565,23079,23080,0,0.04988150797814328,0,-0.28165962857619792,0.049968538864031777,0,-0.2815725976903094,8.7030885888496334e-05
4566,23092,23093,1,0.19969836980415345,0,-0.13184276675018775,0.19961527830174663,0,-0.13192585825259456,8.3091502406817952e-05
4567,23098,23099,0,0.023490616885062779,0,-0.30805051966927843,0.023539068416031997,0,-0.30800206813830922,4.8451530969217949e-05
4568,23104,23105,0,0.082880392246562684,0,-0.24866074430777851,0.082625588483815474,0,-0.24891554807052574,0.0002548037627472105
4569,23107,23108,0,0.035592331433708581,0,-0.2959488051206326,0.035648405823295967,0,-0.29589273073104522,5.6074389587386364e-05
4570,23108,23109,0,0.19939025974049532,0,-0.13215087681384588,0.19938617483167259,0,-0.13215496172266861,4.0849088227268293e-06
4571,23109,23110,0,0.64898716369219911,1,0.31744602713785791,0.64904628962724298,1,0.31750515307290178,5.9125935043868871e-05
4572,23112,23113,0,0.20824507455596014,0,-0.12329606199838106,0.20824821571476437,0,-0.12329292083957683,3.141158804231825e-06
4573,23115,23116,0,0.089187390558665647,0,-0.24235374599567555,0.089187957322136496,0,-0.2423531792322047,5.6676347084949619e-07
4574,23122,23123,0,0.0086629847602319211,0,-0.32287815179410928,0.0086706886754490259,0,-0.32287044787889219,7.7039152171047565e-06
4575,23125,23126,1,0.098152226956744568,0,-0.23338890959759662,0.098153611126627363,0,-0.23338752542771385,1.3841698827954385e-06
4576,23127,23128,0,0.042927356802105451,0,-0.28861377975223573,0.042997175735122947,0,-0.28854396081921824,6.9818933017495866e-05
4577,23133,23134,1,0.066037452423796023,0,-0.26550368413054515,0.066059325874812377,0,-0.26548181067952881,2.187345101635485e-05
4578,23136,23137,0,0.047586454268468782,0,-0.2839546822858724,0.047598779529523794,0,-0.2839423570248174,1.2325261055011472e-05
4579,23145,23146,0,0.08049814319115077,0,-0.25104299336319041,0.080515572379798589,0,-0.25102556417454258,1.7429188647818949e-05
4580,23159,23160,0,0.10978710644352957,0,-0.22175403011081163,0.10969945662808168,0,-0.22184167992625953,8.7649815447884971e-05
4581,23163,23164,0,0.13614443496769479,0,-0.1953967015866464,0.136152671329617,0,-0.19538846522472419,8.2363619222092233e-06
4582,23164,23165,1,0.20922040626102881,0,-0.12232073029331239,0.20921475840974782,0,-0.12232637814459338,5.6478512809876591e-06
4583,23169,23170,0,0.6838176812830411,1,0.3522765447286999,0.68381725682808636,1,0.35227612027374516,4.2445495473941719e-07
4584,23172,23173,0,0.14749573248959491,0,-0.18404540406474629,0.14750019611148757,0,-0.18404094044285363,4.4636218926585869e-06
4585,23183,23184,0,0.065699238324496395,0,-0.26584189822984483,0.065640917586070144,0,-0.26590021896827104,5.8320738426251295e-05
4586,23186,23187,1,0.12631922669602105,0,-0.20522190985832015,0.12634754125949704,0,-0.20519359529484416,2.8314563475989596e-05
4587,23201,23202,0,0.06137324937375311,0,-0.2701678871805881,0.061372207590291626,0,-0.27016892896404959,1.0417834614834254e-06
4588,23205,23206,1,0.5530114015990143,1,0.2214702650446731,0.55301603751091755,1,0.22147490095657635,4.6359119032501894e-06
4589,23213,23214,1,0.1210225269977402,0,-0.21051860955660101,0.12101945714869081,0,-0.21052167940565039,3.0698490493946684e-06
4590,23232,23233,1,0.22030266851635261,0,-0.11123846803798859,0.22797281798947316,0,-0.10356831856486803,0.0076701494731205577
4591,23236,23237,0,0.40755806558294494,1,0.076016929028603741,0.40732520801049638,1,0.075784071456155178,0.00023285757244856375
4592,23238,23239,0,0.13400141302624985,0,-0.19753972352809135,0.13404797381351119,0,-0.19749316274083001,4.6560787261340497e-05
4593,23240,23241,0,0.10944206839479446,0,-0.22209906815954672,0.10953163748378315,0,-0.22200949907055806,8.9569088988689094e-05
4594,23243,23244,0,0.11767296712553535,0,-0.21386816942880585,0.11749477469548636,0,-0.21404636185885484,0.0001781924300489901
4595,23244,23245,0,0.13166184334111677,0,-0.19987929321322442,0.13165374378750547,0,-0.19988739276683573,8.0995536113070976e-06
4596,23250,23251,0,0.10035186165516675,0,-0.23118927489917446,0.10045847485059707,0,-0.23108266170374414,0.00010661319543031622
4597,23251,23252,0,0.074004011748912718,0,-0.25753712480542845,0.074147116801230262,0,-0.25739401975311094,0.00014310505231754367
4598,23254,23255,0,0.1314007379710137,0,-0.20014039858332749,0.13141362964026337,0,-0.20012750691407782,1.2891669249670556e-05
4599,23259,23260,0,0.15445069730201197,0,-0.17709043925232923,0.15444115133545933,0,-0.17709998521888187,9.5459665526431703e-06
4600,23270,23271,0,0.10610788690661455,0,-0.22543324964772665,0.10622830824262071,0,-0.2253128283117205,0.00012042133600616289
4601,23272,23273,0,0.19468215241461437,0,-0.13685898413972683,0.19471044104491395,0,-0.13683069550942725,2.8288630299577733e-05
4602,23273,23274,0,0.06482018973170027,0,-0.26672094682264091,0.064838402942961434,0,-0.26670273361137975,1.8213211261164375e-05
4603,23276,23277,0,0.0078229949627146821,0,-0.32371814159162654,0.0078409961796406212,0,-0.32370014037470057,1.8001216925939145e-05
4604,23278,23279,0,0.092638485996470288,0,-0.23890265055787091,0.092624871756081431,0,-0.23891626479825978,1.3614240388856724e-05
4605,23284,23285,0,0.075960798897123274,0,-0.25558033765721794,0.075965396888380859,0,-0.25557573966596037,4.5979912575849768e-06
4606,23286,23287,0,0.19593563185836652,0,-0.13560550469597468,0.19592441360788046,0,-0.13561672294646074,1.1218250486055847e-05
4607,23289,23290,0,0.080053345348860619,0,-0.25148779120548059,0.080051608767088861,0,-0.25148952778725231,1.7365817717579501e-06
4608,23300,23301,0,0.057432697063695574,0,-0.27410843949064562,0.05743673663689744,0,-0.27410439991744373,4.0395732018652653e-06
4609,23301,23302,0,0.72973743930878077,1,0.39819630275443957,0.72972044864859509,1,0.39817931209425389,1.6990660185678408e-05
4610,23303,23304,0,0.25538891360347432,0,-0.076152222950866877,0.25469982878916153,0,-0.076841307765179667,0.00068908481431279034
4611,23304,23305,0,0.17049033668260694,0,-0.16105079987173426,0.17046946020593906,0,-0.16107167634840214,2.0876476667874844e-05
4612,23307,23308,1,0.049577938166302148,0,-0.28196319838803907,0.049586753057795099,0,-0.28195438349654611,8.8148914929517264e-06
4613,23308,23309,0,0.14973558301796347,0,-0.18180555353637773,0.14975310253792035,0,-0.18178803401642085,1.7519519956876728e-05
4614,23318,23319,1,0.099374519988014706,0,-0.23216661656632648,0.099172167144031084,0,-0.2323689694103101,0.00020235284398362197
4615,23322,23323,1,0.22968231095370664,0,-0.10185882560063456,0.22971036563842392,0,-0.10183077091591727,2.8054684717282452e-05
4616,23324,23325,0,0.16251219061337532,0,-0.16902894594096587,0.16250382823471493,0,-0.16903730831962627,8.3623786603925776e-06
4617,23327,23328,0,0.030140960119171185,0,-0.30140017643517003,0.03014259161315333,0,-0.3013985449411879,1.6314939821453212e-06
4618,23329,23330,0,0.057380211600604747,0,-0.27416092495373645,0.057396248382873341,0,-0.27414488817146787,1.6036782268594174e-05
4619,23333,23334,0,0.044107222894761287,0,-0.28743391365957993,0.044157669632667658,0,-0.28738346692167355,5.0446737906370553e-05
4620,23337,23338,0,0.047001578721091321,0,-0.28453955783324986,0.04701232840268308,0,-0.2845288081516581,1.0749681591759597e-05
4621,23339,23340,1,0.49737654688046307,1,0.16583541032612187,0.49721152702692156,1,0.16567039047258036,0.00016501985354150372
4622,23341,23342,1,0.22593288361187075,0,-0.10560825294247045,0.22590852456421492,0,-0.10563261199012627,2.4359047655825306e-05
4623,23350,23351,1,0.045549868908642523,0,-0.28599126764569865,0.045583659797417637,0,-0.28595747675692357,3.3790888775114825e-05
4624,23351,23352,0,0.11739921428044924,0,-0.21414192227389195,0.11740295344971149,0,-0.2141381831046297,3.7391692622595896e-06
4625,23352,23353,1,0.13512859476684436,0,-0.19641254178749684,0.13516826495744799,0,-0.19637287159689321,3.9670190603635636e-05
4626,23355,23356,1,0.74768245034161529,1,0.41614131378727409,0.74781344650178294,1,0.41627230994744174,0.00013099616016765125
4627,23365,23366,0,0.046081859622948002,0,-0.28545927693139317,0.046030817379099073,0,-0.28551031917524211,5.1042243848928304e-05
4628,23383,23384,0,0.14838511689062533,0,-0.18315601966371586,0.14838817669605209,0,-0.18315295985828911,3.0598054267527708e-06
4629,23387,23388,1,0.076782994155264711,0,-0.25475814239907646,0.076787605919146379,0,-0.25475353063519479,4.6117638816678408e-06
4630,23388,23389,0,0.032930444736046262,0,-0.29861069181829492,0.03299322567413198,0,-0.29854791088020921,6.2780938085718607e-05
4631,23395,23396,0,0.18625223134494476,0,-0.14528890520939644,0.18626699766394125,0,-0.14527413889039995,1.4766318996495276e-05
4632,23399,23400,1,0.38739578331070079,1,0.055854646756359594,0.38671615950117505,1,0.055175022946833852,0.00067962380952574231
4633,23402,23403,0,0.16917775962204409,0,-0.1623633769322971,0.16917640837995643,0,-0.16236472817438477,1.3512420876660158e-06
4634,23411,23412,0,0.077993224579754425,0,-0.25354791197458676,0.078295460344454018,0,-0.25324567620988719,0.00030223576469959323
4635,23412,23413,0,0.028657927296914028,0,-0.30288320925742718,0.028663019597787234,0,-0.30287811695655398,5.0923008732065012e-06
4636,23415,23416,1,0.77993036522028603,1,0.44838922866594483,0.77993386112547025,1,0.44839272457112905,3.4959051842253785e-06
4637,23421,23422,0,0.023275616767468081,0,-0.30826551978687311,0.023254369596095913,0,-0.30828676695824531,2.1247171372168472e-05
4638,23424,23425,0,0.097980704354315981,0,-0.2335604322000252,0.097979904937288254,0,-0.23356123161705294,7.9941702772756695e-07
4639,23431,23432,1,0.36578183686040172,1,0.034240700306060523,0.36726441176812957,1,0.035723275213788375,0.0014825749077278516
4640,23433,23434,0,0.060786513650192858,0,-0.27075462290414831,0.060798263285614065,0,-0.27074287326872715,1.1749635421207105e-05
4641,23434,23435,0,0.10835336514704667,0,-0.22318777140729451,0.10835823483137393,0,-0.22318290172296729,4.8696843272522106e-06
4642,23442,23443,0,0.21451048169927148,0,-0.11703065485506972,0.2144812897838568,0,-0.11705984677048439,2.9191915414672476e-05
4643,23447,23448,0,0.37693431567221708,1,0.045393179117875881,0.37575415366204368,1,0.044213017107702479,0.0011801620101734023
4644,23451,23452,0,0.65601125464935905,1,0.32447011809501786,0.65607581049467545,1,0.32453467394033425,6.4555845316394134e-05
4645,23457,23458,0,0.079563071916008768,0,-0.25197806463833244,0.07955620755528911,0,-0.25198492899905212,6.8643607196577916e-06
4646,23461,23462,0,0.027057513108369978,0,-0.30448362344597124,0.02706748967779728,0,-0.30447364687654394,9.9765694273022676e-06
4647,23463,23464,1,0.27103665989758563,0,-0.060504476656755568,0.2710310939886611,0,-0.0605100425656801,5.5659089245319038e-06
4648,23465,23466,1,0.48588422565107359,1,0.15434308909673239,0.48588338860036273,1,0.15434225204602153,8.3705071085571348e-07
4649,23467,23468,0,0.049586516566278577,0,-0.28195461998806259,0.049587029792158371,0,-0.2819541067621828,5.1322587979463208e-07
4650,23468,23469,1,0.64725035426899113,1,0.31570921771464994,0.64726156866045736,1,0.31572043210611617,1.1214391466229934e-05
4651,23471,23472,0,0.53992745618980498,1,0.20838631963546378,0.53990416220663873,1,0.20836302565229753,2.329398316625042e-05
4652,23476,23477,0,0.0083039387212772049,0,-0.32323719783306398,0.0083100560303723155,0,-0.32323108052396887,6.1173090951105458e-06
4653,23483,23484,0,0.1706908932757755,0,-0.1608502432785657,0.17072126155577835,0,-0.16081987499856285,3.0368280002857073e-05
4654,23485,23486,0,0.12249736259608764,0,-0.20904377395825358,0.12249623592901712,0,-0.20904490062532408,1.1266670705140092e-06
4655,23494,23495,0,0.11030476796216156,0,-0.22123636859217966,0.11030491818155172,0,-0.22123621837278948,1.5021939016313102e-07
4656,23495,23496,1,0.31861183700574314,0,-0.012929299548598061,0.3186643965271807,0,-0.012876740027160494,5.2559521437567369e-05
4657,23496,23497,0,0.091167012758270854,0,-0.24037412379607034,0.091201878399240502,0,-0.24033925815510071,3.4865640969647393e-05
4658,23499,23500,0,0.16425193023744186,0,-0.16728920631689934,0.16426146918827436,0,-0.16727966736606684,9.5389508324994488e-06
4659,23501,23502,0,0.48261392153091703,1,0.15107278497657584,0.48268582512960706,1,0.15114468857526586,7.1903598690026271e-05
4660,23504,23505,0,0.083538872125362748,0,-0.24800226442897844,0.083514122206588465,0,-0.24802701434775273,2.4749918774283342e-05
4661,23505,23506,1,0.66442633282319141,1,0.33288519626885021,0.66439032420373922,1,0.33284918764939803,3.6008619452188029e-05
4662,23509,23510,0,0.59985250618666131,1,0.26831136963232011,0.59985743441245887,1,0.26831629785811767,4.9282257975624688e-06
4663,23513,23514,0,0.068104012216830198,0,-0.26343712433751099,0.068301977460302102,0,-0.26323915909403911,0.0001979652434719037
4664,23518,23519,0,0.13244092338393046,0,-0.19910021317041074,0.13243575222587572,0,-0.19910538432846547,5.1711580547342262e-06
4665,23528,23529,0,0.1172066682035415,0,-0.2143344683507997,0.11720934908313965,0,-0.21433178747120155,2.6808795981492217e-06
4666,23532,23533,1,0.45547058249563399,1,0.12392944594129279,0.45553870776202571,1,0.12399757120768451,6.8125266391716455e-05
4667,23538,23539,0,0.12864817092830166,0,-0.20289296562603953,0.12866534383134379,0,-0.20287579272299741,1.7172903042123044e-05
4668,23540,23541,0,0.31040594807250588,0,-0.021135188481835321,0.31042094426313221,0,-0.021120192291208983,1.4996190626337391e-05
4669,23544,23545,0,0.1830110852605161,0,-0.1485300512938251,0.18299546427099325,0,-0.14854567228334795,1.5620989522846518e-05
4670,23549,23550,0,0.10393701905446871,0,-0.22760411749987247,0.10398268798989674,0,-0.22755844856444446,4.5668935428025415e-05
4671,23553,23554,0,0.11476957608410204,0,-0.21677156047023916,0.1147401721337948,0,-0.21680096442054642,2.9403950307246851e-05
4672,23562,23563,1,0.1969404526306103,0,-0.1346006839237309,0.19696724105907382,0,-0.13457389549526738,2.678842846351448e-05
4673,23563,23564,0,0.16806211216966196,0,-0.16347902438467923,0.16811328939687009,0,-0.16342784715747111,5.1177227208126785e-05
4674,23569,23570,0,0.16051571607446755,0,-0.17102542047987365,0.16053457678304398,0,-0.17100655977129722,1.8860708576429186e-05
4675,23572,23573,0,0.026757062834271341,0,-0.30478407372006988,0.0267709028447605,0,-0.30477023370958067,1.3840010489159227e-05
4676,23575,23576,0,0.39263925351745987,1,0.061098116963118676,0.39263910715207606,1,0.061097970597734863,1.4636538381296305e-07
4677,23583,23584,0,0.062949834898946705,0,-0.26859130165539447,0.062849452166844996,0,-0.26869168438749619,0.00010038273210170867
4678,23597,23598,0,0.0086207062116223088,0,-0.32292043034271889,0.0086254324385729546,0,-0.32291570411576825,4.7262269506458121e-06
4679,23599,23600,0,0.14788348739135257,0,-0.18365764916298863,0.14789783539662157,0,-0.18364330115771962,1.4348005269004815e-05
4680,23601,23602,0,0.12385168099483859,0,-0.20768945555950261,0.12384666207544784,0,-0.20769447447889336,5.0189193907534957e-06
4681,23602,23603,1,0.56065942815553194,1,0.22911829160119074,0.56046258751355571,1,0.22892145095921451,0.00019684064197622586
4682,23607,23608,1,0.75331003195175883,1,0.42176889539741763,0.75333618526766843,1,0.42179504871332724,2.6153315909605013e-05
4683,23612,23613,0,0.091296150216189115,0,-0.24024498633815208,0.091291904305477567,0,-0.24024923224886363,4.2459107115477845e-06
4684,23626,23627,0,0.058199971823001906,0,-0.27334116473133929,0.058206754209432866,0,-0.27333438234490831,6.7823864309604631e-06
4685,23629,23630,0,0.11133878318986985,0,-0.22020235336447136,0.111300166127125,0,-0.22024097042721619,3.8617062744855657e-05
4686,23635,23636,1,0.54290920712606472,1,0.21136807057172352,0.54291274726678085,1,0.21137161071243965,3.540140716129514e-06
4687,23642,23643,0,0.069615436628075678,0,-0.26192569992626552,0.069619296565336705,0,-0.26192183998900448,3.8599372610276239e-06
4688,23643,23644,0,0.079104252395176461,0,-0.25243688415916476,0.079046765821206885,0,-0.2524943707331343,5.7486573969575683e-05
4689,23653,23654,0,0.071748946909666739,0,-0.25979218964467443,0.071744317981820349,0,-0.25979681857252085,4.6289278463895744e-06
4690,23656,23657,0,0.38810067131747333,1,0.056559534763132135,0.38809192136030668,1,0.056550784805965482,8.7499571666538323e-06
4691,23658,23659,0,0.21159518284832632,0,-0.11994595370601488,0.21159052937210018,0,-0.11995060718224101,4.6534762261352114e-06
4692,23663,23664,1,0.16393462904055242,0,-0.16760650751378878,0.16391597113748219,0,-0.16762516541685901,1.865790307023496e-05
4693,23667,23668,0,0.17627567140701003,0,-0.15526546514733117,0.1763337101943328,0,-0.15520742636000839,5.8038787322772789e-05
4694,23683,23684,0,0,0,-0.3315411365543412,8.3573363038023107e-08,0,-0.33154105298097813,8.3573363038023107e-08
4695,23686,23687,0,0.077183431243391804,0,-0.25435770531094937,0.07718796858039878,0,-0.25435316797394242,4.5373370069767827e-06
4696,23690,23691,0,0.10610313857732367,0,-0.22543799797701752,0.10610813880770439,0,-0.2254329977466368,5.0002303807195059e-06
4697,23692,23693,0,0.10151169401160763,0,-0.23002944254273355,0.1015066162388879,0,-0.23003452031545329,5.0777727197276468e-06
4698,23694,23695,0,0.48868431839524912,1,0.15714318184090792,0.48870075985986294,1,0.15715962330552175,1.6441464613825563e-05
4699,23695,23696,0,0.079069643320434965,0,-0.25247149323390622,0.079070401265898954,0,-0.25247073528844222,7.5794546398888496e-07
4700,23704,23705,1,0.73741455546412371,1,0.40587341890978251,0.73740284809597967,1,0.40586171154163847,1.1707368144042718e-05
4701,23707,23708,0,0.15889609115875641,0,-0.17264504539558478,0.15889671375499451,0,-0.17264442279934669,6.2259623809235443e-07
4702,23714,23715,0,0.12850235860039069,0,-0.20303877795395051,0.12857377985674254,0,-0.20296735669759866,7.1421256351844598e-05
4703,23727,23728,0,0.22529218124030057,0,-0.10624895531404063,0.22530114076641589,0,-0.10623999578792531,8.9595261153208039e-06
4704,23735,23736,0,0.081548882525139879,0,-0.24999225402920133,0.081391668651079024,0,-0.2501494679032622,0.00015721387406085474
4705,23736,23737,1,0.25165321229338117,0,-0.07988792426096003,0.25166144876112562,0,-0.079879687793215581,8.236467744449083e-06
4706,23748,23749,0,0.25136571184266931,0,-0.080175424711671883,0.25137804217522519,0,-0.080163094379116007,1.2330332555876566e-05
4707,23750,23751,0,0.12137099720764363,0,-0.21017013934669757,0.12136812534529304,0,-0.21017301120904816,2.8718623505952223e-06
4708,23753,23754,0,0.33319100947540392,1,0.0016498729210627228,0.33319942977067663,1,0.0016582932163354269,8.4202952727041591e-06
4709,23756,23757,0,0.0090764469397159649,0,-0.32246468961462521,0.0090800590002319426,0,-0.32246107755410924,3.6120605159777053e-06
4710,23759,23760,1,0.3700398064900543,1,0.038498669935713103,0.37003645439505217,1,0.038495317840710974,3.3520950021292961e-06
4711,23762,23763,0,0.17423219136995355,0,-0.15730894518438765,0.17424356295218926,0,-0.15729757360215194,1.1371582235714106e-05
4712,23767,23768,0,0.38278073677020469,1,0.05123960021586349,0.38275139341935954,1,0.051210256865018344,2.9343350845145721e-05
4713,23771,23772,0,0.079463435774322841,0,-0.25207770078001834,0.07945947574338949,0,-0.25208166081095174,3.9600309333504002e-06
4714,23773,23774,0,0.18238256996913929,0,-0.14915856658520191,0.18237770498469646,0,-0.14916343156964473,4.8649844428261257e-06
4715,23776,23777,0,0.038980654855161938,0,-0.29256048169917925,0.038989382057251241,0,-0.29255175449708998,8.727202089303665e-06
4716,23779,23780,0,0.034344254837781217,0,-0.29719688171656,0.034328967189313969,0,-0.29721216936502726,1.5287648467247894e-05
4717,23782,23783,0,0.36857607724374919,1,0.037034940689407991,0.36987390030082606,1,0.038332763746484866,0.0012978230570768745
4718,23784,23785,0,0.080748773456200462,0,-0.25079236309814074,0.080750521171731232,0,-0.25079061538260994,1.747715530769911e-06
4719,23789,23790,0,0.24679263850314595,0,-0.084748498051195248,0.24680025980412421,0,-0.084740876750216992,7.6213009782555297e-06
4720,23808,23809,0,0.16415199757767338,0,-0.16738913897666782,0.16415941345096824,0,-0.16738172310337296,7.4158732948637063e-06
4721,23817,23818,1,0.18030777049493027,0,-0.15123336605941093,0.1803028448042438,0,-0.1512382917500974,4.9256906864691974e-06
4722,23822,23823,1,0.32139635978568498,0,-0.010144776768656216,0.32140344969143553,0,-0.01013768686290567,7.0899057505457996e-06
4723,23824,23825,0,0.12023093015675684,0,-0.21131020639758435,0.12031759825587249,0,-0.21122353829846871,8.6668099115644326e-05
4724,23827,23828,1,0.63776949582903775,1,0.30622835927469655,0.63774887296419114,1,0.30620773640984994,2.0622864846608913e-05
4725,23829,23830,0,0.12784675842758189,0,-0.20369437812675931,0.12768391770334353,0,-0.20385721885099767,0.00016284072423836116
4726,23846,23847,0,0.32808461612516809,0,-0.0034565204291731044,0.32810911322816882,0,-0.0034320233261723732,2.4497103000731268e-05
4727,23851,23852,0,0.31948182178417739,0,-0.012059314770163809,0.31949759511487469,0,-0.01204354143946651,1.5773330697299581e-05
4728,23858,23859,0,0.11122848187380517,0,-0.22031265468053601,0.11131691544277553,0,-0.22022422111156567,8.8433568970355814e-05
4729,23866,23867,0,0.20414827542041916,0,-0.12739286113392204,0.20413179035666495,0,-0.12740934619767624,1.6485063754206886e-05
4730,23871,23872,0,1,1,0.66845886344565875,0.71423498925632234,1,0.38269385270198114,0.28576501074367766
4731,23879,23880,0,0.084803091830114682,0,-0.2467380447242265,0.084821265966476017,0,-0.24671987058786518,1.8174136361334692e-05
4732,23886,23887,0,0.018284653692685223,0,-0.31325648286165597,0.01829502408473541,0,-0.31324611246960576,1.0370392050186583e-05
4733,23889,23890,0,0.21594107110007987,0,-0.11560006545426132,0.21595047471400508,0,-0.11559066184033612,9.403613925207388e-06
4734,23893,23894,0,0.14747868515851942,0,-0.18406245139582178,0.14749669763578035,0,-0.18404443891856084,1.801247726093691e-05
4735,23894,23895,0,0.16280945941567573,0,-0.16873167713866546,0.16278166131110666,0,-0.16875947524323454,2.7798104569071169e-05
4736,23895,23896,1,0.60286139192575783,1,0.27132025537141663,0.60287469359871038,1,0.27133355704436918,1.3301672952548138e-05
4737,23896,23897,0,0.091716362102409826,0,-0.23982477445193137,0.091706761920632554,0,-0.23983437463370866,9.6001817772722875e-06
4738,23907,23908,1,0.1078231862448126,0,-0.2237179503095286,0.10803854835726141,0,-0.2235025881970798,0.00021536211244881087
4739,23909,23910,0,0.5553744438965319,1,0.2238333073421907,0.55539150033412021,1,0.22385036377977902,1.7056437588314211e-05
4740,23911,23912,0,0.053117412964655907,0,-0.27842372358968531,0.053095218476656006,0,-0.27844591807768521,2.2194487999900592e-05
4741,23921,23922,0,0.14505286511627083,0,-0.18648827143807037,0.14505857222359933,0,-0.18648256433074187,5.7071073285008822e-06
4742,23931,23932,0,0.37335412831951775,1,0.041812991765176555,0.37338248064813018,1,0.041841344093788979,2.8352328612424316e-05
4743,23937,23938,0,0.17176987093685364,0,-0.15977126561748756,0.17178665641351692,0,-0.15975448014082427,1.6785476663283561e-05
4744,23939,23940,1,0.38091894868652676,1,0.049377812132185561,0.38095562612658906,1,0.049414489572247866,3.6677440062304889e-05
4745,23947,23948,0,0.095578831659764982,0,-0.2359623048945762,0.095734877177975075,0,-0.23580625937636612,0.00015604551821009338
4746,23948,23949,0,0.12056625250497691,0,-0.21097488404936429,0.12060776740085589,0,-0.21093336915348532,4.1514895878988489e-05
4747,23950,23951,0,0.32744437699844919,0,-0.0040967595558920045,0.32746746579192559,0,-0.0040736707624156043,2.3088793476400138e-05
4748,23954,23955,0,0.21837862340932179,0,-0.11316251314501941,0.21843929859084196,0,-0.11310183796349924,6.0675181520170041e-05
4749,23967,23968,0,0.036754535207876339,0,-0.29478660134646484,0.03676523428849867,0,-0.29477590226584255,1.0699080622331159e-05
4750,23973,23974,0,0.082760669630910763,0,-0.24878046692343042,0.082836294333204052,0,-0.24870484222113715,7.5624702293289325e-05
4751,23985,23986,1,0.17343753116630201,0,-0.15810360538803919,0.1732328766453351,0,-0.1583082599090061,0.00020465452096690706
4752,23988,23989,0,0.16285192628965667,0,-0.16868921026468453,0.16286735832566637,0,-0.16867377822867483,1.5432036009704886e-05
4753,23993,23994,0,0.17811886337053973,0,-0.15342227318380147,0.17812062666917611,0,-0.15342050988516509,1.7632986363813608e-06
4754,23995,23996,0,0.5011445718458003,1,0.1696034352914591,0.50119969069900905,1,0.16965855414466785,5.5118853208746543e-05
4755,24002,24003,0,0.063324913213737136,0,-0.26821622334060408,0.063311196923664201,0,-0.26822993963067698,1.3716290072934845e-05
4756,24010,24011,0,0.12151507748647995,0,-0.21002605906786126,0.12151709750452329,0,-0.21002403904981792,2.0200180433360693e-06
4757,24012,24013,1,0.66283726085538441,1,0.33129612430104322,0.66283364270378387,1,0.33129250614944267,3.6181516005484582e-06
4758,24016,24017,0,0.17444489706671593,0,-0.15709623948762527,0.17447197435506676,0,-0.15706916219927444,2.7077288350829676e-05
4759,24017,24018,0,0.088943824002809646,0,-0.24259731255153155,0.088946306553926949,0,-0.24259483000041426,2.4825511173026671e-06
4760,24026,24027,0,0.18155902846293573,0,-0.14998210809140547,0.18154971547068674,0,-0.14999142108365446,9.3129922489887385e-06
4761,24032,24033,1,0.47218761855228614,1,0.14064648199794494,0.47219980403645279,1,0.14065866748211159,1.2185484166649108e-05
4762,24040,24041,0,0.08660612398009078,0,-0.24493501257425043,0.086618830282749429,0,-0.24492230627159178,1.270630265864936e-05
4763,24046,24047,0,0.099022662681138754,0,-0.23251847387320246,0.099024760590435662,0,-0.23251637596390554,2.0979092969081181e-06
4764,24061,24062,0,0.11040388365304593,0,-0.22113725290129527,0.11047843404762574,0,-0.22106270250671545,7.4550394579805945e-05
4765,24062,24063,0,0.34507752591373925,1,0.013536389359398049,0.34512710464593832,1,0.013585968091597123,4.9578732199073716e-05
4766,24065,24066,0,0.16262562434886818,0,-0.16891551220547302,0.16261600213156396,0,-0.16892513442277723,9.6222173042170844e-06
4767,24073,24074,0,0.17056334043036978,0,-0.16097779612397142,0.17048268697171351,0,-0.16105844958262769,8.065345865626572e-05
4768,24075,24076,0,0.577851906657457,1,0.24631077010311581,0.57784446494286523,1,0.24630332838852403,7.4417145917715644e-06
4769,24077,24078,0,0.064132410241035054,0,-0.26740872631330614,0.064145224005392271,0,-0.2673959125489489,1.2813764357216817e-05
4770,24090,24091,0,0.15036318148765071,0,-0.18117795506669049,0.15035743137857094,0,-0.18118370517577026,5.7501090797718035e-06
4771,24092,24093,0,0.63600358370455556,1,0.30446244715021437,0.6359821295447271,1,0.30444099299038591,2.1454159828460106e-05
4772,24095,24096,0,0.11923812857029005,0,-0.21230300798405116,0.11955947919832088,0,-0.21198165735602031,0.0003213506280308337
4773,24096,24097,0,0.096328944294756427,0,-0.23521219225958478,0.096333547192296295,0,-0.23520758936204489,4.6028975398682004e-06
4774,24098,24099,0,0.096561029903855997,0,-0.23498010665048519,0.096570667667663854,0,-0.23497046888667733,9.6377638078570804e-06
4775,24118,24119,0,0.06184668640845821,0,-0.269694450145883,0.061840790665923823,0,-0.2697003458884174,5.8957425343869607e-06
4776,24121,24122,0,0.10430264859631647,0,-0.22723848795802473,0.10431168418212973,0,-0.22722945237221148,9.0355858132634692e-06
4777,24126,24127,1,0.56383819113248101,1,0.23229705457813982,0.56380501085274137,1,0.23226387429840017,3.3180279739641882e-05
4778,24128,24129,0,0.10059508758714017,0,-0.23094604896720103,0.10060762125074141,0,-0.23093351530359979,1.2533663601238532e-05
4779,24133,24134,0,0.083381690876847839,0,-0.24815944567749337,0.082463271290992943,0,-0.24907786526334824,0.00091841958585489603
4780,24136,24137,0,0.10831888924312581,0,-0.22322224731121537,0.10847192345715019,0,-0.22306921309719102,0.00015303421402437789
4781,24139,24140,1,0.23128109806658162,0,-0.10026003848775958,0.23127547100185233,0,-0.10026566555248886,5.6270647292855358e-06
4782,24144,24145,0,0.078333921847849458,0,-0.25320721470649177,0.078327568704451803,0,-0.25321356784988941,6.3531433976554696e-06
4783,24145,24146,0,0.080247799723738703,0,-0.25129333683060251,0.080242551113533719,0,-0.25129858544080746,5.2486102049831285e-06
4784,24147,24148,1,0.21833184164680802,0,-0.11320929490753318,0.21829701812336721,0,-0.11324411843097398,3.4823523440807858e-05
4785,24148,24149,0,0.15627004702894159,0,-0.1752710895253996,0.15634818519920302,0,-0.17519295135513818,7.8138170261421447e-05
4786,24154,24155,1,0.62047827346815054,1,0.28893713691380934,0.62046026638802143,1,0.28891912983368023,1.8007080129112119e-05
4787,24162,24163,0,0.076793328020622678,0,-0.25474780853371853,0.076896477687796311,0,-0.25464465886654486,0.00010314966717363261
4788,24169,24170,0,0.091111143338092351,0,-0.24042999321624886,0.091096763165080683,0,-0.2404443733892605,1.4380173011668829e-05
4789,24176,24177,0,0.21103547811454693,0,-0.12050565843979427,0.21103013953919622,0,-0.12051099701514498,5.3385753507051437e-06
4790,24177,24178,0,0.13346173514889068,0,-0.19807940140545052,0.13332874269084516,0,-0.19821239386349604,0.00013299245804551663
4791,24187,24188,0,0.144934465766798,0,-0.1866066707875432,0.14491713011728255,0,-0.18662400643705865,1.7335649515448637e-05
4792,24192,24193,1,0.59983789341745175,1,0.26829675686311055,0.59987338011734226,1,0.26833224356300106,3.54866998905079e-05
4793,24196,24197,0,0.1231946887168241,0,-0.2083464478375171,0.12317794483400042,0,-0.20836319172034079,1.6743882823674894e-05
4794,24197,24198,1,0.66788968192485543,1,0.33634854537051423,0.66819771956259066,1,0.33665658300824947,0.00030803763773523674
4795,24198,24199,0,0.32490590372105205,0,-0.0066352328332891508,0.32490925598803266,0,-0.0066318805663085345,3.352266980616303e-06
4796,24207,24208,0,0.08543636339300778,0,-0.24610477316133342,0.085452319934593235,0,-0.24608881661974796,1.5956541585454564e-05
4797,24210,24211,0,0.040152685905638447,0,-0.29138845064870278,0.040153071614487376,0,-0.29138806493985381,3.857088489295224e-07
4798,24219,24220,0,0.33579531770838672,1,0.0042541811540455221,0.33579830030218699,1,0.0042571637478457935,2.9825938002714381e-06
4799,24223,24224,0,0.041034948225018665,0,-0.29050618832932251,0.041029538152392714,0,-0.29051159840194851,5.4100726259512233e-06
4800,24235,24236,0,0.30121366334459221,0,-0.03032747320974899,0.30118549892736257,0,-0.030355637626978627,2.8164417229636918e-05
4801,24265,24266,0,0,0,-0.3315411365543412,6.1489884141651086e-08,0,-0.33154107506445707,6.1489884141651086e-08
4802,24266,24267,0,0.076712374323721189,0,-0.25482876223062001,0.076719459087967359,0,-0.25482167746637385,7.0847642461707716e-06
4803,24274,24275,0,0.074971835991939226,0,-0.25656930056240196,0.074989928406015649,0,-0.25655120814832555,1.8092414076423258e-05
4804,24276,24277,0,0.1041730014218932,0,-0.227368135132448,0.1041954742604228,0,-0.22734566229391839,2.2472838529602468e-05
4805,24288,24289,0,0.089931145518970454,0,-0.24160999103537073,0.089931242368261985,0,-0.2416098941860792,9.6849291530975989e-08
4806,24303,24304,1,0.48570822366201388,1,0.15416708710767268,0.48572226627153403,1,0.15418112971719283,1.4042609520148464e-05
4807,24305,24306,0,0.060269721344917183,0,-0.27127141520942399,0.060296367628030208,0,-0.271244768926311,2.6646283113024305e-05
4808,24308,24309,0,0.047855808287471747,0,-0.28368532826686943,0.047871889264462099,0,-0.28366924728987908,1.6080976990351381e-05
4809,24309,24310,0,0.06449215497078066,0,-0.26704898158356055,0.064475698240708521,0,-0.26706543831363266,1.6456730072139658e-05
4810,24318,24319,0,0.17276099423674529,0,-0.15878014231759591,0.17232292950712402,0,-0.15921820704721718,0.00043806472962126808
4811,24320,24321,0,0.028426745856377705,0,-0.30311439069796348,0.02843802543266764,0,-0.30310311112167354,1.1279576289935367e-05
4812,24328,24329,0,0.051677239018110145,0,-0.27986389753623103,0.051659896611937164,0,-0.27988123994240405,1.7342406172980718e-05
4813,24332,24333,1,0.48691821690254211,1,0.15537708034820091,0.48700779861259036,1,0.15546666205824916,8.9581710048247665e-05
4814,24341,24342,1,0.64499298340710021,1,0.31345184685275901,0.64494549450574801,1,0.31340435795140681,4.748890135219952e-05
4815,24348,24349,0,0.090165802865034783,0,-0.24137533368930641,0.090165973423983942,0,-0.24137516313035726,1.7055894915851688e-07
4816,24355,24356,0,0.23030133383071708,0,-0.10123980272362412,0.23036450133959815,0,-0.10117663521474304,6.3167508881079026e-05
4817,24359,24360,1,0.63932933733496689,1,0.30778820078062569,0.63932862087439213,1,0.30778748432005093,7.1646057475671654e-07
4818,24362,24363,0,0.22146828076959096,0,-0.11007285578475023,0.221460643471904,0,-0.1100804930824372,7.6372976869631959e-06
4819,24365,24366,0,0.18951013128123215,0,-0.14203100527310905,0.18950643998719383,0,-0.14203469656714737,3.6912940383215798e-06
4820,24368,24369,0,0.3901123665315202,1,0.058571229977179007,0.39031277158975752,1,0.058771635035416325,0.00020040505823731847
4821,24375,24376,0,0.209108016392104,0,-0.1224331201622372,0.20910309591998713,0,-0.12243804063435407,4.9204721168649712e-06
4822,24379,24380,0,0.098662635439652563,0,-0.23287850111468864,0.098666799762783308,0,-0.23287433679155789,4.1643231307453288e-06
4823,24384,24385,0,0.026793091019935475,0,-0.30474804553440571,0.026805744920527914,0,-0.3047353916338133,1.2653900592438788e-05
4824,24387,24388,0,0.071797597905305446,0,-0.25974353864903577,0.071801828620847982,0,-0.2597393079334932,4.2307155425358456e-06
4825,24389,24390,0,0.11708986839070804,0,-0.21445126816363316,0.11709827543089329,0,-0.2144428611234479,8.4070401852598398e-06
4826,24391,24392,0,0.15982900677023792,0,-0.17171212978410327,0.15984436852068262,0,-0.17169676803365858,1.5361750444697897e-05
4827,24392,24393,1,0.17035230189867162,0,-0.16118883465566958,0.17034964546965645,0,-0.16119149108468475,2.6564290151742664e-06
4828,24397,24398,1,0.84533004642566656,1,0.51378890987132531,0.84526416087251932,1,0.51372302431817807,6.5885553147237985e-05
4829,24399,24400,0,0.12589822382028315,0,-0.20564291273405805,0.12590348290495829,0,-0.20563765364938291,5.2590846751354725e-06
4830,24400,24401,1,0.80440654706961501,1,0.47286541051527381,0.80438610258426879,1,0.47284496602992759,2.0444485346216013e-05
4831,24401,24402,0,0.17804619874159591,0,-0.15349493781274529,0.17802678429968191,0,-0.15351435225465929,1.9414441914000768e-05
4832,24402,24403,0,0.039083027836910894,0,-0.29245810871743028,0.039085631071205502,0,-0.2924555054831357,2.6032342946083475e-06
4833,24407,24408,1,0.19698378607439923,0,-0.13455735047994197,0.19701158892583082,0,-0.13452954762851038,2.780285143158534e-05
4834,24412,24413,1,0.46721814800387457,1,0.13567701144953337,0.46736340878345251,1,0.13582227222911131,0.00014526077957793815
4835,24414,24415,0,0.137938581578538,0,-0.1936025549758032,0.13797589796723453,0,-0.19356523858710667,3.7316388696528868e-05
4836,24418,24419,0,0.29079068201217845,0,-0.040750454542162751,0.29087876407443436,0,-0.040662372479906839,8.8082062255911975e-05
4837,24420,24421,0,0.13001390357945539,0,-0.20152723297488581,0.13000692392109628,0,-0.20153421263324492,6.9796583591075212e-06
4838,24421,24422,0,0.13788484927116854,0,-0.19365628728317266,0.13779281342276398,0,-0.19374832313157722,9.203584840455914e-05
4839,24426,24427,0,0.071218465422960689,0,-0.26032267113138052,0.071216670858740616,0,-0.26032446569560058,1.7945642200728473e-06
4840,24429,24430,1,0.10612496584375837,0,-0.22541617071058284,0.10609163454611617,0,-0.22544950200822503,3.3331297642200108e-05
4841,24433,24434,0,0.068809579881613056,0,-0.26273155667272813,0.068814297885651007,0,-0.26272683866869018,4.7180040379513066e-06
4842,24436,24437,0,0.12904567152374519,0,-0.20249546503059601,0.1288936243170912,0,-0.20264751223725,0.00015204720665398797
4843,24437,24438,0,0.14888115412270828,0,-0.18265998243163292,0.1491620812319559,0,-0.1823790553223853,0.0002809271092476251
4844,24448,24449,1,0.72725173986404401,1,0.39571060330970281,0.7272410104318624,1,0.3956998738775212,1.0729432181610932e-05
4845,24449,24450,0,0.34319306254738663,1,0.011651925993045431,0.34310420963712429,1,0.011563073082783093,8.8852910262338103e-05
4846,24453,24454,0,0.037720834629760856,0,-0.29382030192458036,0.037731262368631557,0,-0.29380987418570964,1.0427738870701087e-05
4847,24454,24455,0,0.10248574207228774,0,-0.22905539448205348,0.10242838557650308,0,-0.22911275097783812,5.7356495784657846e-05
4848,24459,24460,0,0.29649111593510868,0,-0.035050020619232514,0.2964867746340269,0,-0.035054361920314303,4.3413010817894282e-06
4849,24477,24478,0,0.014997457178803091,0,-0.31654367937553812,0.015046255381923224,0,-0.31649488117241797,4.8798203120132763e-05
4850,24488,24489,0,0.11189179868050925,0,-0.21964933787383195,0.11187603345086096,0,-0.21966510310348025,1.5765229648287415e-05
4851,24491,24492,0,0.041304019797618663,0,-0.29023711675672254,0.041300213702842294,0,-0.29024092285149888,3.8060947763693398e-06
4852,24492,24493,0,0.044022843994262109,0,-0.2875182925600791,0.04414746015379279,0,-0.28739367640054841,0.00012461615953068134
4853,24503,24504,0,0.1236546589963088,0,-0.20788647755803241,0.12364351084311802,0,-0.20789762571122317,1.1148153190781995e-05
4854,24508,24509,0,0.073336510044843178,0,-0.25820462650949805,0.073329951905710941,0,-0.25821118464863024,6.5581391322372395e-06
4855,24520,24521,0,0.21559017072103676,0,-0.11595096583330444,0.21555683765503317,0,-0.11598429889930803,3.3333066003587986e-05
4856,24525,24526,1,0.11224391003661735,0,-0.21929722651772385,0.11238679210238836,0,-0.21915434445195284,0.00014288206577101059
4857,24531,24532,1,0.24273008940764965,0,-0.088811047146691552,0.24285584494484622,0,-0.088685291609494982,0.00012575553719657018
4858,24537,24538,0,0.20219064153247504,0,-0.12935049502186616,0.20215520052253141,0,-0.12938593603180978,3.5441009943626423e-05
4859,24540,24541,0,0.057912466539839849,0,-0.27362867001450136,0.057882955101239961,0,-0.27365818145310122,2.9511438599888473e-05
4860,24546,24547,0,0.27788406096093599,0,-0.053657075593405212,0.27788416686886758,0,-0.053656969685473621,1.0590793159126477e-07
4861,24548,24549,0,0.25081155753816325,0,-0.080729579016177944,0.25085580523871198,0,-0.080685331315629216,4.4247700548727398e-05
4862,24551,24552,1,0.13542043449024932,0,-0.19612070206409188,0.13543617147577341,0,-0.19610496507856778,1.5736985524095193e-05
4863,24555,24556,0,0.092570046016071508,0,-0.2389710905382697,0.092557118256957518,0,-0.23898401829738369,1.2927759113989801e-05
4864,24574,24575,0,0.070603445520239796,0,-0.26093769103410142,0.070713301395688613,0,-0.2608278351586526,0.00010985587544881659
4865,24575,24576,0,0.14548734910871652,0,-0.18605378744562467,0.14546698577080336,0,-0.18607415078353784,2.0363337913165136e-05
4866,24581,24582,0,0.15947913012794901,0,-0.17206200642639219,0.15951489635259156,0,-0.17202624020174964,3.5766224642547195e-05
4867,24586,24587,0,0.22529039273184401,0,-0.10625074382249719,0.22529636934894123,0,-0.10624476720539996,5.9766170972253008e-06
4868,24587,24588,0,0.041606531671567352,0,-0.28993460488277384,0.041597019455119275,0,-0.28994411709922191,9.5122164480779259e-06
4869,24594,24595,1,0.42856875085194079,1,0.097027614297599596,0.427894268670859,1,0.096353132116517803,0.00067448218108179248
4870,24597,24598,0,0.058076841965145912,0,-0.2734642945891953,0.058079233062158439,0,-0.27346190349218275,2.3910970125273767e-06
4871,24601,24602,1,0.6434919396205534,1,0.3119508030662122,0.64349377991160595,1,0.31195264335726475,1.840291052546128e-06
4872,24605,24606,0,0.052012021733323387,0,-0.27952911482101783,0.052012420807987521,0,-0.27952871574635368,3.9907466413413584e-07
4873,24611,24612,0,0.14878447705259756,0,-0.18275665950174363,0.14877669283893927,0,-0.18276444371540193,7.7842136582961796e-06
4874,24613,24614,0,0.017132041727151982,0,-0.31440909482718921,0.017149208828306988,0,-0.31439192772603419,1.716710115500647e-05
4875,24615,24616,0,0.082622273695906273,0,-0.24891886285843492,0.082950395982673841,0,-0.24859074057166736,0.00032812228676756816
4876,24617,24618,1,0.6492473000989557,1,0.31770616354461451,0.649260403971888,1,0.3177192674175468,1.3103872932296312e-05
4877,24618,24619,0,0.15498878562789478,0,-0.17655235092644642,0.15496406375913485,0,-0.17657707279520635,2.4721868759930432e-05
4878,24620,24621,0,0.14210196206246281,0,-0.18943917449187839,0.14212288534301964,0,-0.18941825121132155,2.092328055683379e-05
4879,24622,24623,0,0.022758941287644812,0,-0.30878219526669637,0.022757521621042453,0,-0.30878361493329876,1.4196666023591487e-06
4880,24623,24624,0,0.05070113411423989,0,-0.28084000244010132,0.050615045878260927,0,-0.28092609067608026,8.608823597896359e-05
4881,24625,24626,0,0.10189384198173382,0,-0.22964729457260738,0.10188483541771684,0,-0.22965630113662436,9.0065640169778582e-06
4882,24630,24631,0,0.11162292929552797,0,-0.21991820725881323,0.11161897143993703,0,-0.21992216511440416,3.9578555909441926e-06
4883,24631,24632,0,0.18797949228443961,0,-0.14356164426990159,0.18799486344919927,0,-0.14354627310514192,1.537116475966438e-05
4884,24632,24633,0,0.16752761284185733,0,-0.16401352371248387,0.16751164944717897,0,-0.16402948710716223,1.5963394678353282e-05
4885,24641,24642,0,0.091815451314672544,0,-0.23972568523966864,0.091825410340180214,0,-0.23971572621416098,9.9590255076692502e-06
4886,24643,24644,1,0.094237441835512206,0,-0.23730369471882901,0.094263170950062244,0,-0.23727796560427894,2.5729114550038235e-05
4887,24652,24653,0,0.095311716030568164,0,-0.23622942052377305,0.095429520272587956,0,-0.23611161628175326,0.00011780424201979223
4888,24655,24656,1,0.061480297322320042,0,-0.27006083923202118,0.061387321993453765,0,-0.27015381456088744,9.2975328866276574e-05
4889,24657,24658,0,0.11580182443449417,0,-0.21573931211984704,0.11583759866525505,0,-0.21570353788908614,3.5774230760871051e-05
4890,24659,24660,0,0.13242856756629254,0,-0.19911256898804866,0.13246770018318013,0,-0.19907343637116107,3.9132616887593841e-05
4891,24660,24661,0,0.17955513224653144,0,-0.15198600430780976,0.17954099960987319,0,-0.15200013694446801,1.4132636658253928e-05
4892,24666,24667,0,0.44585767986113101,1,0.11431654330678981,0.44582875880209871,1,0.11428762224775751,2.8921059032294139e-05
4893,24667,24668,0,0.085390421976379569,0,-0.24615071457796162,0.085417363119963299,0,-0.24612377343437791,2.6941143583730787e-05
4894,24674,24675,1,0.48796959057615769,1,0.15642845402181649,0.48793935359284835,1,0.15639821703850715,3.023698330933966e-05
4895,24678,24679,0,0.07640379179350254,0,-0.25513734476083866,0.076411949250640973,0,-0.25512918730370021,8.1574571384329664e-06
4896,24681,24682,0,0.0079198100587889834,0,-0.3236213264955522,0.0079320647215045358,0,-0.32360907183283666,1.2254662715552311e-05
4897,24682,24683,0,0,0,-0.3315411365543412,7.9354966774016081e-08,0,-0.33154105719937443,7.9354966774016081e-08
4898,24684,24685,1,0.72490663963275315,1,0.39336550307841195,0.72489130017474568,1,0.39335016362040448,1.5339458007468387e-05
4899,24686,24687,0,0.03967348642338752,0,-0.29186765013095367,0.039674682867009287,0,-0.29186645368733188,1.1964436217662411e-06
4900,24688,24689,0,0.056784921993721614,0,-0.2747562145606196,0.056804093516464364,0,-0.27473704303787683,1.9171522742750247e-05
4901,24692,24693,0,0.31003291666072053,0,-0.021508219893620673,0.31003371289075432,0,-0.021507423663586878,7.9623003379492019e-07
4902,24694,24695,0,0.25752723682036144,0,-0.07401389973397976,0.25753207235622039,0,-0.074009064198120811,4.835535858949136e-06
4903,24700,24701,0,0.072755726094488299,0,-0.25878541045985293,0.072809668131150723,0,-0.2587314684231905,5.3942036662424364e-05
4904,24707,24708,0,0.049806582073712059,0,-0.28173455448062912,0.049810643793364695,0,-0.2817304927609765,4.0617196526357424e-06
4905,24708,24709,0,0.69262032824163289,1,0.36107919168729169,0.69248307267560416,1,0.36094193612126296,0.00013725556602872668
4906,24711,24712,0,0.62868604234174508,1,0.29714490578740388,0.62865123997594186,1,0.29711010342160066,3.4802365803221491e-05
4907,24717,24718,0,0.24156038955586184,0,-0.089980746998479355,0.24160417523507849,0,-0.089936961319262709,4.3785679216645779e-05
4908,24721,24722,0,0.17669648594801804,0,-0.15484465060632316,0.17670298450695704,0,-0.15483815204738416,6.4985589389998655e-06
4909,24725,24726,0,0.1380423807486118,0,-0.19349875580572939,0.13804344749302425,0,-0.19349768906131695,1.0667444124423664e-06
4910,24728,24729,0,0.063973929948651462,0,-0.26756720660568972,0.064015511671672881,0,-0.26752562488266829,4.1581723021419381e-05
4911,24731,24732,0,0.063808857634973126,0,-0.26773227891936807,0.063801422074243247,0,-0.26773971448009792,7.4355607298792759e-06
4912,24733,24734,0,0.16618457461997987,0,-0.16535656193436132,0.16622290460407835,0,-0.16531823195026285,3.8329984098472991e-05
4913,24742,24743,0,0.10157871814983357,0,-0.22996241840450762,0.10155686282499482,0,-0.22998427372934638,2.1855324838754298e-05
4914,24744,24745,0,0.070510172789385206,0,-0.26103096376495599,0.070516571981158904,0,-0.26102456457318229,6.3991917736982984e-06
4915,24749,24750,0,0.18491729839808807,0,-0.14662383815625313,0.18492922383460592,0,-0.14661191271973528,1.1925436517845611e-05
4916,24751,24752,0,0.18141502111917301,0,-0.15012611543516818,0.18141383342581657,0,-0.15012730312852463,1.1876933564414216e-06
4917,24755,24756,0,0.12679720159286936,0,-0.20474393496147184,0.12680729307842023,0,-0.20473384347592097,1.0091485550867141e-05
4918,24759,24760,1,0.62821286903440343,1,0.29667173248006223,0.62817787534949765,1,0.29663673879515645,3.4993684905781919e-05
4919,24766,24767,0,0.028914436704907009,0,-0.30262669984943419,0.02891821892337466,0,-0.30262291763096655,3.7822184676510051e-06
4920,24767,24768,1,0.63596205385751658,1,0.30442091730317539,0.63603700025971543,1,0.30449586370537424,7.494640219884996e-05
4921,24771,24772,0,0.23382013318042805,0,-0.097721003373913151,0.23382750370673133,0,-0.097713632847609866,7.3705263032852741e-06
4922,24773,24774,0,0.11479783964015475,0,-0.21674329691418645,0.11499009386740587,0,-0.21655104268693531,0.00019225422725112351
4923,24788,24789,0,0.094937979062306943,0,-0.23660315749203426,0.094999851064626842,0,-0.23654128548971437,6.1872002319898756e-05
4924,24795,24796,0,0.08007619858656792,0,-0.25146493796777325,0.080072585055536452,0,-0.25146855149880476,3.6135310314683311e-06
4925,24796,24797,0,0.2262787911852947,0,-0.10526234536904649,0.22629073683165671,0,-0.10525039972268449,1.1945646362004902e-05
4926,24802,24803,0,0.097902434516118991,0,-0.23363870203822221,0.097924812041388601,0,-0.23361632451295261,2.2377525269609566e-05
4927,24823,24824,0,0.15295123113189632,0,-0.17858990542244488,0.152998230763008,0,-0.1785429057913332,4.6999631111682705e-05
4928,24825,24826,0,0.16377368799061098,0,-0.16776744856373021,0.1637801109540884,0,-0.1677610256002528,6.4229634774148892e-06
4929,24841,24842,0,0.18833015432676972,0,-0.14321098222757148,0.18835200316710429,0,-0.14318913338723691,2.1848840334570685e-05
4930,24848,24849,0,0.057641925149298966,0,-0.27389921140504225,0.057655669542673448,0,-0.27388546701166777,1.3744393374481856e-05
4931,24853,24854,0,0.037501818818904853,0,-0.29403931773543635,0.037514273179940438,0,-0.29402686337440076,1.2454361035585393e-05
4932,24856,24857,1,0.17567385923730133,0,-0.15586727731703987,0.1756770996846321,0,-0.15586403686970909,3.2404473307712234e-06
4933,24860,24861,0,0.19652192683958905,0,-0.13501920971475215,0.19643463079562531,0,-0.13510650575871588,8.7296043963736025e-05
4934,24866,24867,0,0.18036372103741027,0,-0.15117741551693092,0.18038155210441051,0,-0.15115958444993069,1.7831067000234624e-05
4935,24885,24886,0,0.11656953918075033,0,-0.21497159737359087,0.11657391874290338,0,-0.21496721781143782,4.3795621530451356e-06
4936,24889,24890,0,0.28500698959341031,0,-0.046534146960930889,0.28503787166281341,0,-0.046503264891527785,3.0882069403104229e-05
4937,24890,24891,0,0.43439381150259737,1,0.10285267494825617,0.43438088614903864,1,0.10283974959469744,1.2925353558734809e-05
4938,24893,24894,0,0.0423556032727819,0,-0.28918553328155927,0.042363135342928737,0,-0.28917800121141246,7.5320701468373219e-06
4939,24898,24899,0,0.11874701586769305,0,-0.21279412068664816,0.11874964442175667,0,-0.21279149213258453,2.6285540636189486e-06
4940,24907,24908,1,0.15641458398366534,0,-0.17512655257067586,0.15642070116652479,0,-0.17512043538781641,6.1171828594497324e-06
4941,24909,24910,0,0.035922684768912562,0,-0.29561845178542862,0.035940039861188801,0,-0.29560109669315238,1.7355092276238882e-05
4942,24913,24914,1,0.53362799096646518,1,0.20208685441212398,0.53365541560934104,1,0.20211427905499985,2.7424642875861771e-05
4943,24919,24920,0,0.32719415731646001,0,-0.0043469792378811878,0.32711626361774881,0,-0.0044248729365923833,7.7893698711195558e-05
4944,24922,24923,0,0.028858267919021432,0,-0.30268286863531979,0.028861334279750302,0,-0.3026798022745909,3.0663607288698713e-06
4945,24923,24924,0,0,0,-0.3315411365543412,8.2459707952090782e-08,0,-0.33154105409463325,8.2459707952090782e-08
4946,24925,24926,0,0.25184353142848975,0,-0.079697605125851445,0.25154794397848318,0,-0.079993192575858019,0.0002955874500065736
4947,24927,24928,0,0.43522255867991333,1,0.10368142212557213,0.43127563394228319,1,0.099734497387941989,0.003946924737630142
4948,24936,24937,0,0.15032416766136375,0,-0.18121696889297745,0.1503695365861438,0,-0.1811715999681974,4.536892478004817e-05
4949,24937,24938,1,0.34029565877230844,1,0.0087545222179672422,0.34032545073518866,1,0.0087843141808474634,2.9791962880221234e-05
4950,24940,24941,0,0.29182284565208338,0,-0.039718290902257813,0.29179935816173963,0,-0.039741778392601568,2.3487490343754303e-05
4951,24961,24962,0,0.19098869355365122,0,-0.14055244300068997,0.19096639838375051,0,-0.14057473817059069,2.2295169900710121e-05
4952,24963,24964,0,0.069408014499779458,0,-0.26213312205456174,0.069409913066522236,0,-0.26213122348781898,1.8985667427778852e-06
4953,24975,24976,0,0.10490827731673824,0,-0.22663285923760296,0.10487643546273659,0,-0.22666470109160461,3.1841854001651848e-05
4954,24987,24988,0,0.086618792601946312,0,-0.24492234395239487,0.086670897974885114,0,-0.24487023857945608,5.2105372938801575e-05
4955,24988,24989,1,0.58069749606702037,1,0.24915635951267917,0.58067792602640489,1,0.24913678947206369,1.9570040615479734e-05
4956,24997,24998,0,0.095103942490503524,0,-0.23643719406383767,0.095110999453917766,0,-0.23643013710042343,7.0569634142425564e-06
4957,25005,25006,0,0.32469064922184188,0,-0.0068504873324993221,0.32469519970976984,0,-0.0068459368445713542,4.5504879279678612e-06
4958,25025,25026,0,0.009188653374190791,0,-0.32235248318015042,0.0091931976276172517,0,-0.32234793892672392,4.5442534264607953e-06
4959,25031,25032,0,0.16213394116597471,0,-0.16940719538836649,0.16201887127089001,0,-0.16952226528345118,0.00011506989508469623
4960,25038,25039,0,0.018923251434081433,0,-0.31261788512025979,0.018927228693150371,0,-0.31261390786119081,3.9772590689386711e-06
4961,25045,25046,0,0.173981490742976,0,-0.1575596458113652,0.17400997140202257,0,-0.15753116515231863,2.8480659046564716e-05
4962,25046,25047,0,0.076417752663946889,0,-0.2551233838903943,0.076428498085143667,0,-0.25511263846919752,1.0745421196778349e-05
4963,25051,25052,0,0.02826753874635746,0,-0.30327359780798374,0.028271928667442794,0,-0.30326920788689843,4.3899210853334814e-06
4964,25054,25055,1,0.17427368918629879,0,-0.15726744736804241,0.17425913962239856,0,-0.15728199693194264,1.4549563900234652e-05
4965,25059,25060,1,0.10570870677090338,0,-0.22583242978343782,0.10571422286464267,0,-0.22582691368969854,5.5160937392911835e-06
4966,25060,25061,0,0.078457783963572045,0,-0.25308335259076914,0.078459463070642388,0,-0.25308167348369881,1.6791070703431332e-06
4967,25071,25072,0,0.65610823145450614,1,0.32456709490016494,0.65613024275230525,1,0.32458910619796405,2.2011297799107155e-05
4968,25075,25076,0,0.038015562447249879,0,-0.29352557410709135,0.038023216064786036,0,-0.29351792048955516,7.6536175361574532e-06
4969,25079,25080,0,0.18761437230105374,0,-0.14392676425328746,0.18759144799027491,0,-0.14394968856406629,2.292431077882684e-05
4970,25082,25083,0,0.078578922492640355,0,-0.25296221406170083,0.078663811375818099,0,-0.25287732517852313,8.4888883177744456e-05
4971,25088,25089,0,0.071403417026731683,0,-0.2601377195276095,0.071399239479426405,0,-0.26014189707491481,4.1775473052785284e-06
4972,25093,25094,0,0.097328390698699072,0,-0.23421274585564211,0.097353856305258307,0,-0.23418728024908289,2.5465606559235687e-05
4973,25094,25095,0,0.038683133499852147,0,-0.29285800305448906,0.03868472945360478,0,-0.2928564071007364,1.5959537526324952e-06
4974,25097,25098,1,0.12276943543957602,0,-0.20877170111476517,0.12281586369895686,0,-0.20872527285538434,4.6428259380837389e-05
4975,25105,25106,0,0.075897311263035047,0,-0.25564382529130614,0.075912777301834392,0,-0.25562835925250682,1.5466038799344384e-05
4976,25106,25107,0,0.15578236646982538,0,-0.17575877008451582,0.15578615693622505,0,-0.17575497961811615,3.7904663996723986e-06
4977,25107,25108,0,0.2241175321697518,0,-0.10742360438458939,0.22423781919969277,0,-0.10730331735464843,0.00012028702994096307
4978,25113,25114,0,0.19499802786459269,0,-0.1365431086897485,0.19527423942599814,0,-0.13626689712834306,0.00027621156140544834
4979,25116,25117,1,0.11696067998575299,0,-0.21458045656858821,0.11696356188149022,0,-0.21457757467285099,2.8818957372306331e-06
4980,25124,25125,0,0.17708049865815848,0,-0.15446063789618272,0.17708248865832804,0,-0.15445864789601316,1.9900001695660752e-06
4981,25128,25129,0,0.062503610149192312,0,-0.26903752640514889,0.062563130092104069,0,-0.26897800646223713,5.9519942911756551e-05
4982,25130,25131,0,0.040255160785396558,0,-0.29128597576894466,0.040266450273982055,0,-0.29127468628035913,1.128948858549611e-05
4983,25137,25138,0,0.48693507685325427,1,0.15539394029891307,0.48695632987060922,1,0.15541519331626802,2.1253017354949666e-05
4984,25140,25141,0,0.040735599353929272,0,-0.29080553720041191,0.040732340657363905,0,-0.29080879589697728,3.2586965653669253e-06
4985,25142,25143,0,0.20481933353301363,0,-0.12672180302132757,0.20480164305144197,0,-0.12673949350289923,1.7690481571658312e-05
4986,25151,25152,0,0.016200612162417,0,-0.31534052439192417,0.016220597165739325,0,-0.31532053938860188,1.9985003322325195e-05
4987,25152,25153,0,0.13546327228818636,0,-0.19607786426615484,0.13547870200057402,0,-0.19606243455376718,1.5429712387660111e-05
4988,25153,25154,1,0.69667605824230516,1,0.36513492168796396,0.69665103679332174,1,0.36510990023898054,2.5021448983419958e-05
4989,25154,25155,1,0.5787779133996821,1,0.2472367768453409,0.57885337474425291,1,0.24731223818991172,7.5461344570815214e-05
4990,25155,25156,0,0.59193201432333342,1,0.26039087776899222,0.59197596308927303,1,0.26043482653493183,4.3948765939605394e-05
4991,25163,25164,0,0.099163755262919734,0,-0.23237738129142146,0.09926174927594611,0,-0.23227938727839509,9.799401302637567e-05
4992,25171,25172,0,0.10692840077423652,0,-0.22461273578010468,0.10694953083977168,0,-0.22459160571456951,2.1130065535168718e-05
4993,25175,25176,0,0.67612471647321937,1,0.34458357991887817,0.67613941522254117,1,0.34459827866819998,1.4698749321806481e-05
4994,25176,25177,0,0.6047890307330922,1,0.27324789417875101,0.60478117185628788,1,0.27324003530194668,7.8588768043230672e-06
4995,25177,25178,0,0.50226394141397512,1,0.17072280485963393,0.50227038460033679,1,0.1707292480459956,6.4431863616709606e-06
4996,25179,25180,0,0.075213357425224461,0,-0.25632777912911675,0.075197365193711549,0,-0.25634377136062964,1.5992231512912403e-05
4997,25181,25182,0,0.16965943691165228,0,-0.16188169964268892,0.16965633865135238,0,-0.16188479790298882,3.09826029989968e-06
4998,25182,25183,1,0.51286254779548124,1,0.18132141124114004,0.51286607193937661,1,0.18132493538503541,3.524143895372589e-06
4999,25193,25194,1,0.6995479923647745,1,0.3680068558104333,0.6996018776596945,1,0.36806074110535331,5.3885294920008597e-05
5000,25196,25197,1,0.73143093274480153,1,0.39988979619046033,0.73138934500259689,1,0.39984820844825569,4.1587742204640676e-05
5001,25199,25200,0,0.25313745032251878,0,-0.078403686231822423,0.25313052054756452,0,-0.078410616006776679,6.9297749542562848e-06
5002,25206,25207,0,0.098992038349163994,0,-0.23254909820517722,0.099004727370750431,0,-0.23253640918359075,1.2689021586437255e-05
5003,25208,25209,0,0.077973235291455389,0,-0.25356790126288581,0.077985295437049129,0,-0.25355584111729207,1.2060145593739691e-05
5004,25220,25221,0,0.6464457805905498,1,0.3149046440362086,0.64643712541730369,1,0.31489598886296249,8.6551732461082054e-06
5005,25222,25223,0,0.05914801015532236,0,-0.27239312639901886,0.059151679581326146,0,-0.27238945697301503,3.6694260037856141e-06
5006,25226,25227,0,0.4343724703129217,1,0.1028313337585805,0.43382760314807345,1,0.10228646659373225,0.0005448671648482506
5007,25230,25231,0,0.12285163808470352,0,-0.20868949846963769,0.12325423302050306,0,-0.20828690353383814,0.0004025949357995412
5008,25236,25237,0,0.097058271672997076,0,-0.23448286488134412,0.097064875574723833,0,-0.23447626097961738,6.6039017267566225e-06
5009,25240,25241,0,0.089252231330462534,0,-0.24228890522387866,0.089253236451878964,0,-0.24228790010246223,1.005121416430832e-06
5010,25244,25245,0,0.089285167179984706,0,-0.24225596937435651,0.089284979063732214,0,-0.24225615749060897,1.881162524919322e-07
5011,25251,25252,0,0.029125544936984264,0,-0.30241559161735693,0.029140100252548491,0,-0.30240103630179271,1.4555315564226956e-05
5012,25256,25257,0,0.24524013026337557,0,-0.086301006290965626,0.24526699755837741,0,-0.086274138995963784,2.6867295001842262e-05
5013,25260,25261,0,0.54929535556172315,1,0.21775421900738196,0.54934642094621766,1,0.21780528439187646,5.1065384494508592e-05
5014,25263,25264,0,0.27589493135637372,0,-0.05564620519796748,0.27586740820442712,0,-0.055673728349914076,2.7523151946595714e-05
5015,25264,25265,0,0.092947061824322622,0,-0.23859407473001859,0.093008904686398261,0,-0.23853223186794292,6.1842862075639493e-05
5016,25268,25269,0,0.1094912980167745,0,-0.22204983853756671,0.10943321418324863,0,-0.22210792237109256,5.8083833525873763e-05
5017,25278,25279,1,0.058894355174771873,0,-0.27264678137956933,0.058901526337745244,0,-0.27263961021659594,7.1711629733711701e-06
5018,25282,25283,0,0.1351455348419128,0,-0.1963956017124284,0.13521138683131767,0,-0.19632974972302353,6.5851989404869249e-05
5019,25296,25297,0,0.16091227179906628,0,-0.17062886475527492,0.16089580168457659,0,-0.1706453348697646,1.6470114489686161e-05
5020,25298,25299,1,0.73602237705878881,1,0.40448124050444761,0.73572762319961615,1,0.40418648664527496,0.00029475385917265839
5021,25299,25300,0,0.16488799522581271,0,-0.16665314132852849,0.16484514129109867,0,-0.16669599526324252,4.2853934714037756e-05
5022,25302,25303,0,0.2678525484438839,0,-0.0636885881104573,0.26788440677623337,0,-0.063656729778107823,3.1858332349476992e-05
5023,25323,25324,0,0.070029597085722109,0,-0.2615115394686191,0.070026189427971716,0,-0.26151494712636947,3.4076577503927563e-06
5024,25335,25336,0,0.18492892964336768,0,-0.14661220691097351,0.18501590903049192,0,-0.14652522752384928,8.6979387124236363e-05
5025,25344,25345,0,0.17510142273271262,0,-0.15643971382162858,0.17506159293698303,0,-0.15647954361735816,3.9829795729584561e-05
5026,25360,25361,0,0.10629384995924054,0,-0.22524728659510065,0.10638443024768972,0,-0.22515670630665147,9.0580288449174096e-05
5027,25363,25364,0,0.62734710594686727,1,0.29580596939252607,0.62736737596991443,1,0.29582623941557323,2.0270023047164187e-05
5028,25367,25368,0,0.12983010993075345,0,-0.20171102662358775,0.12986505435724685,0,-0.20167608219709435,3.4944426493405123e-05
5029,25371,25372,0,0.049590985668009617,0,-0.28195015088633157,0.049596769841326521,0,-0.2819443667130147,5.7841733169042286e-06
5030,25385,25386,0,0.13487040452785798,0,-0.19667073202648322,0.13482803925001391,0,-0.19671309730432729,4.2365277844069738e-05
5031,25395,25396,0,0.14307564198394188,0,-0.18846549457039932,0.14306868637014622,0,-0.18847245018419498,6.9556137956561237e-06
5032,25413,25414,1,0.11753658058117655,0,-0.21400455597316465,0.11756480601049207,0,-0.21397633054384912,2.8225429315520412e-05
5033,25420,25421,1,0.24763023955404048,0,-0.083910897000300716,0.24763228623227299,0,-0.083908850322068212,2.0466782325034849e-06
5034,25423,25424,0,0.08843664636245431,0,-0.2431044901918869,0.088442200074197092,0,-0.24309893648014411,5.5537117427811866e-06
5035,25424,25425,0,0.069238661154750775,0,-0.2623024753995904,0.069556347506312469,0,-0.26198478904802874,0.000317686351561694
5036,25425,25426,0,0.18304027453802971,0,-0.14850086201631149,0.18298836698514578,0,-0.14855276956919541,5.1907552883923014e-05
5037,25431,25432,0,0.079419297280575576,0,-0.25212183927376564,0.079419128484975829,0,-0.25212200806936536,1.6879559974758429e-07
5038,25436,25437,0,0.074119961698826772,0,-0.25742117485551441,0.074184125658302472,0,-0.25735701089603874,6.4163959475699306e-05
5039,25447,25448,0,0.12537774448144826,0,-0.20616339207289294,0.12538730909183923,0,-0.20615382746250197,9.564610390977446e-06
5040,25450,25451,0,0.1653702948146889,0,-0.1661708417396523,0.16553171977459424,0,-0.16600941677974695,0.000161424959905343
5041,25476,25477,0,0.12611431751719326,0,-0.20542681903714793,0.12612391575248491,0,-0.20541722080185629,9.5982352916468283e-06
5042,25481,25482,0,0.059684294908943419,0,-0.27185684164539781,0.059683676487474607,0,-0.27185746006686662,6.1842146881208038e-07
5043,25490,25491,0,0.39949885270103735,1,0.067957716146696157,0.39970279655696361,1,0.068161660002622415,0.00020394385592625852
5044,25491,25492,0,0.061219891112303963,0,-0.27032124544203723,0.061212683555953391,0,-0.27032845299838781,7.2075563505719087e-06
5045,25496,25497,0,0.0095412313235036066,0,-0.3219999052308376,0.0095443965748577379,0,-0.32199673997948347,3.1652513541313709e-06
5046,25507,25508,0,0.039116215513644886,0,-0.29242492104069628,0.03911871913767645,0,-0.29242241741666475,2.5036240315634561e-06
5047,25510,25511,1,0.85789825049474755,1,0.52635711394040641,0.85788289497379067,1,0.52634175841944941,1.5355520956883417e-05
5048,25513,25514,0,0.048764279529630736,0,-0.28277685702471045,0.048769069199781766,0,-0.28277206735455945,4.7896701510299899e-06
5049,25519,25520,0,0.15510858401555178,0,-0.17643255253878942,0.15511455813899638,0,-0.17642657841534481,5.9741234446075708e-06
5050,25524,25525,0,0.19121831897908437,0,-0.14032281757525683,0.19086596295281405,0,-0.14067517360152715,0.00035235602627031737
5051,25528,25529,0,0.18196143111789059,0,-0.14957970543645061,0.18198323033407668,0,-0.14955790622026452,2.1799216186085824e-05
5052,25531,25532,0,0.36510916647724329,1,0.033568029922902087,0.3649797787858734,1,0.033438642231532201,0.00012938769136988659
5053,25536,25537,0,0.32590610281050769,0,-0.0056350337438335063,0.32585866623389376,0,-0.0056824703204474414,4.7436576613935078e-05
5054,25544,25545,0,0.043546418682160103,0,-0.28799471787218112,0.043601811123470433,0,-0.28793932543087075,5.5392441310329887e-05
5055,25559,25560,0,0.039248708351554071,0,-0.29229242820278711,0.039259718325191172,0,-0.29228141822915005,1.1009973637100823e-05
5056,25560,25561,0,0.066156105430053708,0,-0.26538503112428746,0.066117806706221804,0,-0.26542332984811939,3.8298723831903247e-05
5057,25563,25564,0,0.036177849228934925,0,-0.29536328732540629,0.036209851900906663,0,-0.29533128465343456,3.2002671971738395e-05
5058,25567,25568,0,0.029810898053999359,0,-0.30173023850034186,0.029811444364442847,0,-0.30172969218989837,5.4631044348746327e-07
5059,25569,25570,1,0.74180947769243644,1,0.41026834113809524,0.74180859194331938,1,0.41026745538897819,8.857491170521925e-07
5060,25571,25572,0,0.03213184471437059,0,-0.29940929183997061,0.032114273942842386,0,-0.29942686261149881,1.757077152820391e-05
5061,25588,25589,0,0.11029099871836594,0,-0.22125013783597525,0.11026407613481476,0,-0.22127706041952644,2.692258355117827e-05
5062,25592,25593,0,0.10386749719452917,0,-0.22767363935981202,0.10030523351610859,0,-0.2312359030382326,0.0035622636784205797
5063,25593,25594,0,0.076582663448126975,0,-0.25495847310621422,0.076383411997107714,0,-0.25515772455723351,0.00019925145101926112
5064,25598,25599,0,0.089005287350082035,0,-0.24253584920425916,0.089033927469508528,0,-0.24250720908483267,2.8640119426492916e-05
5065,25599,25600,0,0.24296792413053442,0,-0.08857321242380678,0.2429420623331926,0,-0.088599074221148599,2.5861797341819592e-05
5066,25601,25602,0,0.15880131605800116,0,-0.17273982049634004,0.15880260318657261,0,-0.17273853336776859,1.2871285714477487e-06
5067,25603,25604,0,0.14387071982409655,0,-0.18767041673024465,0.14388563635960025,0,-0.18765550019474095,1.4916535503700645e-05
5068,25609,25610,0,0.11523534140578121,0,-0.21630579514855999,0.11525123070133268,0,-0.2162899058530085,1.5889295551477223e-05
5069,25614,25615,0,0.046790671022044962,0,-0.28475046553229622,0.046717493421556323,0,-0.28482364313278485,7.3177600488638639e-05
5070,25615,25616,0,0.057628372297422084,0,-0.27391276425691913,0.057637542246790817,0,-0.2739035943075504,9.1699493687327771e-06
5071,25619,25620,1,0.2730964635631225,0,-0.058444672991218694,0.27308336691543489,0,-0.05845776963890631,1.3096647687615981e-05
5072,25620,25621,0,0.067501599411457738,0,-0.26403953714288347,0.067627065333955974,0,-0.26391407122038524,0.00012546592249823574
5073,25621,25622,0,0.01753341616398698,0,-0.31400772039035424,0.017554864127550619,0,-0.31398627242679056,2.1447963563639427e-05
5074,25622,25623,0,0.37484543625109557,1,0.043304299696754367,0.37482890155545595,1,0.043287765001114753,1.6534695639613961e-05
5075,25625,25626,0,0.056120576405860247,0,-0.27542056014848093,0.056140167211027853,0,-0.27540096934331337,1.9590805167606085e-05
5076,25630,25631,0,0.056838279223161411,0,-0.27470285733117977,0.056857672681288704,0,-0.27468346387305248,1.939345812729254e-05
5077,25637,25638,0,0.0488377192843195,0,-0.28270341727002168,0.048840838720561768,0,-0.28270029783377942,3.1194362422673483e-06
5078,25642,25643,0,0.23846931539742539,0,-0.093071821156915813,0.23846874023523096,0,-0.09307239631911024,5.751621944272145e-07
5079,25645,25646,1,0.76091701332923767,1,0.42937587677489647,0.76089409076562919,1,0.429352954211288,2.2922563608474e-05
5080,25651,25652,0,0.044566614874506964,0,-0.28697452167983423,0.044600979882567351,0,-0.28694015667177386,3.436500806038717e-05
5081,25663,25664,0,0.032604990085574735,0,-0.29893614646876648,0.032589440971385622,0,-0.29895169558295559,1.5549114189113145e-05
5082,25665,25666,0,0.14515913197234565,0,-0.18638200458199555,0.14516550915586243,0,-0.18637562739847877,6.3771835167869551e-06
5083,25671,25672,0,0.0077434619012382664,0,-0.32379767465310294,0.0077560542740738887,0,-0.32378508228026731,1.2592372835622256e-05
5084,25673,25674,0,0.17334861320316147,0,-0.15819252335117973,0.17332813169677153,0,-0.15821300485756967,2.0481506389946613e-05
5085,25676,25677,0,0.25102788911017349,0,-0.080513247444167713,0.25099953384709722,0,-0.080541602707243976,2.8355263076262904e-05
5086,25684,25685,0,0.027850293876569218,0,-0.30369084267777197,0.027875668949168673,0,-0.30366546760517255,2.5375072599455317e-05
5087,25687,25688,0,0.06388545972057208,0,-0.26765567683376912,0.063868896862138078,0,-0.26767223969220311,1.6562858434002181e-05
5088,25692,25693,0,0.02643983552745403,0,-0.30510130102688715,0.026450852853753856,0,-0.30509028370058733,1.1017326299826019e-05
5089,25697,25698,0,0.2247433203400401,0,-0.10679781621430109,0.2247080136569338,0,-0.1068331228974074,3.5306683106306469e-05
5090,25698,25699,0,0.13311952105566136,0,-0.19842161549867984,0.13324514227665649,0,-0.19829599427768471,0.00012562122099513129
5091,25704,25705,1,0.3392901857710573,1,0.0077490492167160974,0.33930423453802439,1,0.007763097983683187,1.4048766967089676e-05
5092,25705,25706,0,0.015960057190390873,0,-0.3155810793639503,0.015999447938738497,0,-0.31554168861560272,3.9390748347623711e-05
5093,25711,25712,0,0.21507564855654748,0,-0.11646548799779372,0.21508002445919908,0,-0.11646111209514212,4.3759026515932664e-06
5094,25713,25714,1,0.083982738623710029,0,-0.24755839793063117,0.083968457430883714,0,-0.24757267912345748,1.4281192826315348e-05
5095,25720,25721,1,0.17990960701471065,0,-0.15163152953963055,0.17993390322377831,0,-0.15160723333056289,2.4296209067659058e-05
5096,25729,25730,0,0.052314118974168135,0,-0.27922701758017304,0.052318031536075074,0,-0.27922310501826614,3.9125619069393935e-06
5097,25730,25731,0,0.30114203981921606,0,-0.030399096735125142,0.30113644427825476,0,-0.030404692276086442,5.5955409613006601e-06
5098,25734,25735,0,0.059022409377667152,0,-0.27251872717667402,0.059037026123009644,0,-0.27250411043133155,1.4616745342491133e-05
5099,25737,25738,0,0.12262493608999579,0,-0.20891620046434539,0.12261425132014725,0,-0.20892688523419395,1.0684769848542941e-05
5100,25740,25741,0,0.097351108802776976,0,-0.23419002775156422,0.097330182556468345,0,-0.23421095399787284,2.0926246308630714e-05
5101,25742,25743,1,0.080593306141816243,0,-0.25094783041252494,0.080648074710773052,0,-0.25089306184356813,5.4768568956808927e-05
5102,25744,25745,0,0.16804008889053046,0,-0.16350104766381074,0.1680403953459037,0,-0.16350074120843749,3.0645537324458516e-07
5103,25745,25746,0,0.16873195099135682,0,-0.16280918556298438,0.1687702155602861,0,-0.1627709209940551,3.8264568929274878e-05
5104,25750,25751,1,0.27711184324703886,0,-0.05442929330730234,0.27713597937035223,0,-0.054405157183988972,2.4136123313367452e-05
5105,25753,25754,0,0.25124905859127256,0,-0.080292077963068642,0.25109774176831329,0,-0.080443394786027911,0.00015131682295926874
5106,25778,25779,0,0.1871533930808042,0,-0.144387743473537,0.18711658738924355,0,-0.14442454916509764,3.680569156064295e-05
5107,25783,25784,0,0.10382467304707783,0,-0.22771646350726338,0.10383810120038849,0,-0.2277030353539527,1.3428153310651725e-05
5108,25785,25786,0,0.06624210637850321,0,-0.265299030175838,0.066285184172881595,0,-0.2652559523814596,4.3077794378384993e-05
5109,25788,25789,0,0.06511949517779822,0,-0.26642164137654301,0.065148536327969922,0,-0.26639260022637129,2.9041150171701946e-05
5110,25789,25790,0,0.14810133702851577,0,-0.18343979952582543,0.14810466577768047,0,-0.18343647077666073,3.328749164699385e-06
5111,25793,25794,0,0.11916949131005235,0,-0.21237164524428886,0.11917053641207707,0,-0.21237060014226411,1.0451020247270737e-06
5112,25794,25795,0,0.082392597552666438,0,-0.24914853900167477,0.08243122622329202,0,-0.24910991033104918,3.8628670625581729e-05
5113,25805,25806,0,0.28321041819212284,0,-0.048330718362218361,0.28322226578694076,0,-0.048318870767400435,1.184759481792641e-05
5114,25806,25807,0,0.045082187504001316,0,-0.28645894905033986,0.045118239495371332,0,-0.28642289705896984,3.6051991370016079e-05
5115,25811,25812,0,0.070736153043637243,0,-0.26080498351070397,0.07073080849666033,0,-0.2608103280576809,5.3445469769125564e-06
5116,25812,25813,0,0.21726263800258663,0,-0.11427849855175456,0.21726485443705162,0,-0.11427628211728957,2.2164344649910905e-06
5117,25816,25817,0,0.15733654605820591,0,-0.17420459049613529,0.15733406340162434,0,-0.17420707315271686,2.4826565815649904e-06
5118,25819,25820,0,0.094501938781987649,0,-0.23703919777235355,0.094514989614044503,0,-0.23702614694029669,1.3050832056854533e-05
5119,25826,25827,0,0.034157090509776764,0,-0.29738404604456442,0.034194307003203944,0,-0.29734682955113723,3.7216493427180697e-05
5120,25832,25833,0,0.22842639256952199,0,-0.10311474398481921,0.22842444425225178,0,-0.10311669230208942,1.9483172702117191e-06
5121,25836,25837,0,0.054113770614166862,0,-0.27742736594017436,0.054176512436504287,0,-0.27736462411783691,6.2741822337425424e-05
5122,25843,25844,0,0.11848303726699905,0,-0.21305809928734215,0.11848229776530908,0,-0.21305883878903212,7.3950168996694821e-07
5123,25846,25847,0,0.14662904311724079,0,-0.18491209343710041,0.14666790099410854,0,-0.18487323556023266,3.8857876867748331e-05
5124,25850,25851,1,0.2965991677459216,0,-0.034941968808419599,0.2945361642776208,0,-0.037004972276720394,0.0020630034683007947
5125,25851,25852,1,0.57461520606953098,1,0.24307406951518978,0.57460798204617869,1,0.24306684549183749,7.2240233522924413e-06
5126,25854,25855,0,0.13311949338208742,0,-0.19842164317225378,0.13309112256482417,0,-0.19845001398951703,2.8370817263256853e-05
5127,25860,25861,0,0.018259203582042569,0,-0.31328193297229862,0.018262410182693735,0,-0.31327872637164744,3.206600651166347e-06
5128,25863,25864,0,0.056099391922039055,0,-0.27544174463230214,0.056127112744481435,0,-0.27541402380985974,2.772082244238e-05
5129,25865,25866,0,0.02700524813724705,0,-0.30453588841709417,0.027032974187165035,0,-0.30450816236717615,2.7726049917985163e-05
5130,25866,25867,0,0.20105296483605956,0,-0.13048817171828164,0.20103826606265615,0,-0.13050287049168505,1.4698773403404308e-05
5131,25871,25872,0,0.049563945923157472,0,-0.28197719063118371,0.04956490907548692,0,-0.28197622747885426,9.6315232944732543e-07
5132,25872,25873,0,0.11280603998328827,0,-0.21873509657105294,0.1127793804823298,0,-0.2187617560720114,2.6659500958467475e-05
5133,25879,25880,0,0.099113318051815655,0,-0.23242781850252553,0.099114535170506751,0,-0.23242660138383445,1.2171186910964193e-06
5134,25882,25883,0,0.14246948973154319,0,-0.18907164682279801,0.14247700503882166,0,-0.18906413151551954,7.5153072784661656e-06
5135,25886,25887,1,0.62158959218987531,1,0.29004845563553411,0.6215895841441097,1,0.2900484475897685,8.0457656093102514e-09
5136,25898,25899,0,0.10158378209777646,0,-0.22995735445656473,0.10172552222296152,0,-0.22981561433137968,0.00014174012518505807
5137,25900,25901,0,0.026466349952340096,0,-0.3050747866020011,0.026512563913107887,0,-0.30502857264123329,4.6213960767791523e-05
5138,25901,25902,0,0.06164462750604318,0,-0.26989650904829804,0.061767006815214166,0,-0.26977412973912701,0.00012237930917098627
5139,25905,25906,0,0.15451128026820524,0,-0.17702985628613596,0.15462501192915118,0,-0.17691612462519002,0.00011373166094594267
5140,25908,25909,0,0.13310045481936697,0,-0.19844068173497423,0.13313910942883342,0,-0.19840202712550778,3.8654609466448608e-05
5141,25912,25913,0,0.56828398115101353,1,0.23674284459667233,0.56827641572099763,1,0.23673527916665643,7.5654300158989329e-06
5142,25914,25915,0,0.28527608790220516,0,-0.046265048652136043,0.28528762949663422,0,-0.046253507057706977,1.1541594429065327e-05
5143,25917,25918,0,0.054420247299062252,0,-0.27712088925527895,0.054431607077227176,0,-0.27710952947711404,1.1359778164923839e-05
5144,25928,25929,1,0.29907648125482683,0,-0.032464655299514367,0.29859684478167769,0,-0.032944291772663503,0.00047963647314913649
5145,25930,25931,0,0.11485457492495717,0,-0.21668656162938404,0.11452568088627381,0,-0.2170154556680674,0.00032889403868335831
5146,25939,25940,0,0.10971380352744579,0,-0.22182733302689539,0.10971759409058057,0,-0.22182354246376063,3.7905631347784352e-06
5147,25940,25941,0,0.034342230438936049,0,-0.29719890611540517,0.034320061807554841,0,-0.29722107474678638,2.2168631381207227e-05
5148,25942,25943,0,0.250535125009899,0,-0.081006011544442202,0.25044034913043789,0,-0.081100787423903309,9.4775879461106438e-05
5149,25973,25974,0,0.16202785249689125,0,-0.16951328405744995,0.16202765060325447,0,-0.16951348595108673,2.0189363678091432e-07
5150,25974,25975,0,0.47136706065213346,1,0.13982592409779226,0.47137396855302283,1,0.13983283199868163,6.9079008893635496e-06
5151,25979,25980,0,0.06545582183205334,0,-0.26608531472228786,0.065461334306125357,0,-0.26607980224821581,5.5124740720169374e-06
5152,25982,25983,0,0.63685940304730926,1,0.30531826649296806,0.63704501995416496,1,0.30550388339982376,0.0001856169068557012
5153,25988,25989,0,0.10004771276267559,0,-0.2314934237916656,0.099974957185778326,0,-0.23156617936856289,7.2755576897259866e-05
5154,25989,25990,0,0.10986570962890119,0,-0.22167542692544001,0.10986579342757156,0,-0.22167534312676962,8.3798670377777107e-08
5155,25992,25993,0,0.21437210996702488,0,-0.11716902658731632,0.21437979948492436,0,-0.11716133706941684,7.6895178994784708e-06
5156,25993,25994,0,0.18587759750187055,0,-0.14566353905247065,0.18588172649584322,0,-0.14565941005849797,4.1289939726740776e-06
5157,25994,25995,0,0.062112052847868415,0,-0.26942908370647278,0.062108234681465778,0,-0.26943290187287544,3.8181664026373796e-06
5158,25995,25996,1,0.59562208647698267,1,0.26408094992264147,0.59566564226288443,1,0.26412450570854323,4.3555785901761013e-05
5159,26000,26001,0,0.09602226779922618,0,-0.23551886875511502,0.096041724133672554,0,-0.23549941242066863,1.9456334446374401e-05
5160,26008,26009,0,0.12368029165895349,0,-0.2078608448953877,0.1237874662995572,0,-0.207753670254784,0.00010717464060371051
5161,26010,26011,0,0.026781330895615595,0,-0.30475980565872562,0.026798565703574518,0,-0.30474257085076667,1.7234807958923376e-05
5162,26022,26023,0,0.56880395387489369,1,0.23726281732055249,0.56866096809737554,1,0.23711983154303434,0.00014298577751814534
5163,26028,26029,0,0.0099634609301485731,0,-0.32157767562419265,0.0099639559495041698,0,-0.32157718060483703,4.9501935559664867e-07
5164,26031,26032,0,0.037503686462414414,0,-0.29403745009192678,0.037521541288156449,0,-0.29401959526618476,1.7854825742034952e-05
5165,26033,26034,0,0.079816090791504812,0,-0.25172504576283639,0.079855825077081499,0,-0.2516853114772597,3.9734285576686901e-05
5166,26043,26044,1,0.58257104172341267,1,0.25102990516907148,0.58257287724720275,1,0.25103174069286155,1.8355237900724575e-06
5167,26056,26057,0,0.045940563651908586,0,-0.28560057290243263,0.045889083158391207,0,-0.28565205339595001,5.1480493517379322e-05
5168,26057,26058,1,0.69664036463069912,1,0.36509922807635792,0.69663625068350332,1,0.36509511412916212,4.1139471957940543e-06
5169,26059,26060,0,0.073017031115305997,0,-0.2585241054390352,0.073062804769127271,0,-0.25847833178521396,4.5773653821273852e-05
5170,26073,26074,0,0.26354504785349003,0,-0.067996088700851165,0.26357054007228359,0,-0.06797059648205761,2.5492218793554677e-05
5171,26082,26083,0,0.68724490720113107,1,0.35570377064678987,0.68725967155931234,1,0.35571853500497114,1.4764358181262871e-05
5172,26083,26084,1,0.17118984722928432,0,-0.16035128932505688,0.17125479083821771,0,-0.16028634571612349,6.4943608933387686e-05
5173,26089,26090,0,0.16694860193452113,0,-0.16459253461982007,0.16695214469677974,0,-0.16458899185756146,3.5427622586126084e-06
5174,26090,26091,0,0.12818761121211994,0,-0.20335352534222126,0.12820677197404071,0,-0.20333436458030049,1.9160761920766767e-05
5175,26095,26096,0,0.091657856473580518,0,-0.23988328008076068,0.091653998140563214,0,-0.23988713841377798,3.8583330173036501e-06
5176,26105,26106,0,0.065805620998015693,0,-0.26573551555632552,0.065639276653067416,0,-0.2659018599012738,0.0001663443449482771
5177,26116,26117,0,0.070409497448130715,0,-0.26113163910621051,0.070535203836600474,0,-0.26100593271774075,0.00012570638846975957
5178,26118,26119,0,0.082870834297752341,0,-0.24867030225658887,0.082676472852361446,0,-0.24886466370197974,0.00019436144539089484
5179,26120,26121,0,0.17714016190791476,0,-0.15440097464642644,0.17714263794359331,0,-0.15439849861074789,2.476035678544708e-06
5180,26141,26142,0,0.087452387744687152,0,-0.24408874880965403,0.087455818829893922,0,-0.24408531772444728,3.431085206770379e-06
5181,26145,26146,0,0.18898141998758242,0,-0.14255971656675878,0.1889827138932354,0,-0.1425584226611058,1.2939056529825965e-06
5182,26151,26152,0,0.078582335873668474,0,-0.25295880068067272,0.078585152665101007,0,-0.25295598388924018,2.8167914325333276e-06
5183,26156,26157,0,0.04356377377663629,0,-0.28797736277770491,0.043635246955611461,0,-0.28790588959872976,7.147317897517047e-05
5184,26162,26163,0,0.099462027074494766,0,-0.23207910947984645,0.099461909216785147,0,-0.23207922733755604,1.1785770961947328e-07
5185,26171,26172,0,0.09206415493073665,0,-0.23947698162360453,0.09213596622328922,0,-0.23940517033105196,7.181129255257046e-05
5186,26179,26180,0,0.10168659927987637,0,-0.22985453727446481,0.10217280590313543,0,-0.22936833065120577,0.00048620662325905839
5187,26200,26201,0,0.1172817506029787,0,-0.21425938595136251,0.11731253922433106,0,-0.21422859733001015,3.0788621352362266e-05
5188,26203,26204,0,0.20883734984193272,0,-0.12270378671240847,0.20896573815335973,0,-0.12257539840098147,0.00012838831142700236
5189,26205,26206,0,0.19846006018387541,0,-0.13308107637046579,0.19843821239341194,0,-0.13310292416092925,2.1847790463463967e-05
5190,26215,26216,0,0.27161733667012222,0,-0.059923799884218976,0.27162045016837,0,-0.0599206863859712,3.1134982477754036e-06
5191,26219,26220,0,0.09738670943800741,0,-0.23415442711633377,0.09726858055959238,0,-0.23427255599474883,0.00011812887841503028
5192,26220,26221,0,0.20550988097273593,0,-0.12603125558160527,0.20579474705294057,0,-0.12574638950140063,0.00028486608020464321
5193,26221,26222,0,0.21867043983846426,0,-0.11287069671587693,0.21868104908490693,0,-0.11286008746943427,1.0609246442666587e-05
5194,26224,26225,0,0.049569490514380095,0,-0.28197164603996111,0.049568030725883672,0,-0.28197310582845753,1.4597884964231977e-06
5195,26246,26247,1,0.45742912455736134,1,0.12588798800302015,0.45753085151548212,1,0.12598971496114092,0.00010172695812077359
5196,26248,26249,0,0.10662085993729545,0,-0.22492027661704575,0.10663321557221812,0,-0.22490792098212309,1.2355634922675551e-05
5197,26250,26251,0,0.069387571145458612,0,-0.26215356540888257,0.069389555136369241,0,-0.26215158141797196,1.9839909106283971e-06
5198,26253,26254,0,0.15571097073797988,0,-0.17583016581636132,0.15574098419711896,0,-0.17580015235722224,3.0013459139083265e-05
5199,26259,26260,0,0.38590574912107417,1,0.054364612566732973,0.38260060835877913,1,0.051059471804437928,0.0033051407622950446
5200,26269,26270,0,0.084470235862439819,0,-0.24707090069190138,0.084450902791741542,0,-0.24709023376259964,1.9333070698276944e-05
5201,26270,26271,1,0.15917779080749914,0,-0.17236334574684206,0.15917722241162099,0,-0.1723639141427202,5.6839587814216941e-07
5202,26281,26282,0,0.037927798705695417,0,-0.29361333784864579,0.037942679485361445,0,-0.29359845706897975,1.4880779666028021e-05
5203,26296,26297,0,0.049375993929888388,0,-0.2821651426244528,0.049379396219282175,0,-0.28216174033505903,3.4022893937862841e-06
5204,26304,26305,0,0.036274476722943004,0,-0.29526665983139821,0.036287470331207668,0,-0.29525366622313354,1.299360826466367e-05
5205,26318,26319,1,0.27377342958291839,0,-0.057767706971422805,0.27387258203743886,0,-0.057668554516902337,9.9152454520468059e-05
5206,26319,26320,0,0.085303710085931683,0,-0.24623742646840951,0.085322987661259717,0,-0.24621814889308147,1.9277575328033314e-05
5207,26324,26325,1,0.086144742008525302,0,-0.24539639454581591,0.086150319535434935,0,-0.24539081701890625,5.5775269096336455e-06
5208,26329,26330,0,0.28407126685556044,0,-0.047469869698780753,0.28405689659717237,0,-0.047484239957168828,1.4370258388074486e-05
5209,26331,26332,0,0.054265648902362754,0,-0.27727548765197846,0.054325009680372495,0,-0.27721612687396868,5.9360778009741322e-05
5210,26344,26345,0,0.080059701960268209,0,-0.25148143459407302,0.080058988978144091,0,-0.25148214757619713,7.1298212411807782e-07
5211,26353,26354,0,0.38780475703001077,1,0.056263620475669573,0.38780118148886317,1,0.056260044934521969,3.5755411476046106e-06
5212,26354,26355,0,0.16642991360508949,0,-0.16511122294925171,0.16643561984666416,0,-0.16510551670767704,5.7062415746711448e-06
5213,26357,26358,0,0.11441314981559264,0,-0.21712798673874856,0.11437893482698319,0,-0.21716220172735801,3.4214988609448937e-05
5214,26361,26362,0,0.14722079751821571,0,-0.18432033903612549,0.14723184080519428,0,-0.18430929574914692,1.1043286978568156e-05
5215,26367,26368,1,0.22332467375749654,0,-0.10821646279684466,0.22333289693163744,0,-0.10820823962270376,8.2231741408977932e-06
5216,26377,26378,0,0.035732932653838811,0,-0.29580820390050239,0.035774992454799169,0,-0.29576614409954205,4.2059800960357607e-05
5217,26379,26380,0,0.32072514853993911,0,-0.010815988014402089,0.31396405569575159,0,-0.017577080858589611,0.0067610928441875218
5218,26383,26384,0,0.10710185281722567,0,-0.22443928373711552,0.10711089031615631,0,-0.22443024623818489,9.0374989306363229e-06
5219,26386,26387,0,0.55293773464515406,1,0.22139659809081286,0.55293429031215091,1,0.22139315375780971,3.4443330031441732e-06
5220,26392,26393,0,0.10319009735992025,0,-0.22835103919442096,0.10316655437699604,0,-0.22837458217734516,2.3542982924215639e-05
5221,26394,26395,0,0.61932345462609417,1,0.28778231807175297,0.61931017376292175,1,0.28776903720858055,1.3280863172426827e-05
5222,26395,26396,0,0.074805016661404516,0,-0.25673611989293665,0.074842568953983404,0,-0.25669856760035781,3.7552292578887925e-05
5223,26396,26397,0,0.054585823161086532,0,-0.27695531339325469,0.05457285260203084,0,-0.27696828395231038,1.2970559055691666e-05
5224,26400,26401,0,0.0096856668896682426,0,-0.32185546966467293,0.0096867284707019049,0,-0.3218544080836393,1.0615810336622733e-06
5225,26403,26404,0,0.10772495252200481,0,-0.22381618403233638,0.10772786354192157,0,-0.22381327301241963,2.9110199167570183e-06
5226,26406,26407,0,0.20211068458125794,0,-0.12943045197308325,0.2021035796723879,0,-0.1294375568819533,7.1049088700425589e-06
5227,26407,26408,0,0.17960262491463266,0,-0.15193851163970853,0.17962088595486939,0,-0.15192025059947181,1.8261040236722259e-05
5228,26408,26409,1,0.13807599771902943,0,-0.19346513883531177,0.13818518396235355,0,-0.19335595259198765,0.00010918624332412197
5229,26416,26417,0,0.12461483907553189,0,-0.20692629747880931,0.12459479709142832,0,-0.20694633946291288,2.0041984103574828e-05
5230,26418,26419,0,0.11841575728490859,0,-0.21312537926943259,0.1184169928154459,0,-0.21312414373889529,1.2355305373107361e-06
5231,26419,26420,0,0.1393712818583015,0,-0.1921698546960397,0.13943892247847134,0,-0.19210221407586986,6.7640620169839849e-05
5232,26420,26421,1,0.15936815895660655,0,-0.17217297759773464,0.15936561761382798,0,-0.17217551894051322,2.5413427785780929e-06
5233,26423,26424,0,0.048236183172118044,0,-0.28330495338222317,0.048241078984177475,0,-0.28330005757016374,4.8958120594314036e-06
5234,26425,26426,0,0.038280772625905443,0,-0.29326036392843574,0.03829027733207966,0,-0.29325085922226152,9.5047061742167815e-06
5235,26427,26428,0,0.049160796421974948,0,-0.28238034013236624,0.049186846763441178,0,-0.28235428979090005,2.6050341466229976e-05
5236,26431,26432,0,0.14157773547424982,0,-0.18996340108009138,0.14155027754167501,0,-0.18999085901266619,2.7457932574803667e-05
5237,26432,26433,0,0.049097411533856349,0,-0.28244372502048487,0.049099020193047363,0,-0.28244211636129385,1.6086591910144388e-06
5238,26435,26436,0,0.24928704265491827,0,-0.082254093899422925,0.24932062025529766,0,-0.082220516299043533,3.3577600379391948e-05
5239,26439,26440,0,0.14875119189452971,0,-0.18278994465981149,0.14879609122991089,0,-0.18274504532443031,4.4899335381182182e-05
5240,26441,26442,1,0.39607169841645512,1,0.064530561862113922,0.39989773705643528,1,0.068356600502094078,0.003826038639980156
5241,26443,26444,0,0.052911205267976234,0,-0.27862993128636498,0.052968397665453686,0,-0.27857273888888751,5.7192397477451307e-05
5242,26447,26448,0,0.14121398107171002,0,-0.19032715548263118,0.14120031124854163,0,-0.19034082530579957,1.3669823168388495e-05
5243,26449,26450,0,0.072258251200869733,0,-0.25928288535347144,0.072249142964121466,0,-0.2592919935902197,9.1082367482675508e-06
5244,26451,26452,0,0.19611812222828898,0,-0.13542301432605222,0.19613046922144237,0,-0.13541066733289883,1.2346993153389274e-05
5245,26454,26455,1,0.66437796488803169,1,0.33283682833369049,0.66432727673290481,1,0.33278614017856362,5.0688155126876744e-05
5246,26455,26456,0,0.022244234771016991,0,-0.3092969017833242,0.022240085109807253,0,-0.30930105144453396,4.1496612097381702e-06
5247,26456,26457,1,0.20924071339032529,0,-0.1223004231640159,0.20921122077003848,0,-0.12232991578430272,2.9492620286813986e-05
5248,26459,26460,1,0.17409425479604335,0,-0.15744688175829785,0.17413675452974048,0,-0.15740438202460072,4.2499733697132225e-05
5249,26462,26463,0,0.22384709571537517,0,-0.10769404083896603,0.22385642993560334,0,-0.10768470661873786,9.3342202281687658e-06
5250,26466,26467,1,0.062346274113205723,0,-0.2691948624411355,0.062338589474876263,0,-0.26920254707946495,7.6846383294595921e-06
5251,26467,26468,0,0.033588835209795422,0,-0.29795230134454576,0.033653567874967066,0,-0.29788756867937416,6.4732665171644832e-05
5252,26472,26473,1,0.1259093769505602,0,-0.20563175960378099,0.12592760004544543,0,-0.20561353650889577,1.8223094885222446e-05
5253,26475,26476,1,0.41194598515388647,1,0.080404848599545276,0.41195218572680109,1,0.080411049172459892,6.2005729146163979e-06
5254,26477,26478,0,0.09177936451546706,0,-0.23976177203887414,0.092726228289929213,0,-0.23881490826441198,0.00094686377446215331
5255,26487,26488,0,0.18870760717046961,0,-0.14283352938387159,0.18870839994814242,0,-0.14283273660619877,7.9277767281449307e-07
5256,26489,26490,0,0.07389622664885058,0,-0.2576449099054906,0.073834791717174941,0,-0.25770634483716626,6.1434931675638516e-05
5257,26490,26491,0,0.4046123525229694,1,0.0730712159686282,0.4046529394382431,1,0.0731118028839019,4.0586915273699287e-05
5258,26492,26493,1,0.038663977735553766,0,-0.29287715881878745,0.038671216750476016,0,-0.29286991980386518,7.2390149222500977e-06
5259,26499,26500,0,0.20018403767068974,0,-0.13135709888365146,0.20018019627723227,0,-0.13136094027710893,3.8413934574654807e-06
5260,26503,26504,0,0.1628068993900102,0,-0.168734237164331,0.16286517176914131,0,-0.16867596478519989,5.8272379131113494e-05
5261,26504,26505,0,0.098172279679866817,0,-0.2333688568744744,0.09817515148758002,0,-0.23336598506676118,2.8718077132033892e-06
5262,26512,26513,0,0.18295549559441018,0,-0.14858564095993101,0.18296681774699267,0,-0.14857431880734853,1.1322152582482481e-05
5263,26517,26518,1,0.14283232039225846,0,-0.18870881616208274,0.14287111199893779,0,-0.18867002455540341,3.8791606679328128e-05
5264,26526,26527,0,0.22877980226984446,0,-0.10276133428449674,0.22877889357584016,0,-0.10276224297850103,9.0869400429238745e-07
5265,26532,26533,0,0.14046544711748576,0,-0.19107568943685543,0.14053234818297097,0,-0.19100878837137023,6.6901065485208688e-05
5266,26538,26539,0,0.14279365609604797,0,-0.18874748045829323,0.1427624872492268,0,-0.1887786493051144,3.1168846821166829e-05
5267,26539,26540,0,0.21527127239233868,0,-0.11626986416200252,0.2152569287701929,0,-0.1162842077841483,1.4343622145779333e-05
5268,26543,26544,0,0.17591241600352892,0,-0.15562872055081228,0.17591796923976077,0,-0.15562316731458042,5.5532362318588824e-06
5269,26547,26548,0,0.18242334828301737,0,-0.14911778827132383,0.1824123852013475,0,-0.14912875135299369,1.0963081669868036e-05
5270,26548,26549,0,0.14076621996829167,0,-0.19077491658604953,0.14076065170793325,0,-0.19078048484640794,5.5682603584128465e-06
5271,26550,26551,1,0.079889037945770805,0,-0.25165209860857041,0.079889044769750339,0,-0.25165209178459086,6.8239795342206477e-09
5272,26551,26552,1,0.12533724981786873,0,-0.20620388673647247,0.12535195745576183,0,-0.20618917909857937,1.4707637893102143e-05
5273,26558,26559,1,0.13038539636146518,0,-0.20115574019287602,0.13038170334905286,0,-0.20115943320528834,3.693012412320229e-06
5274,26567,26568,0,0.21562509132204158,0,-0.11591604523229962,0.21555148825004192,0,-0.11598964830429928,7.3603071999661651e-05
5275,26570,26571,0,0.1745966077296881,0,-0.1569445288246531,0.17460555109023718,0,-0.15693558546410402,8.9433605490740753e-06
5276,26572,26573,0,0.059479611162845343,0,-0.27206152539149586,0.059605604727562475,0,-0.27193553182677871,0.00012599356471713202
5277,26582,26583,1,0.12813111530942015,0,-0.20341002124492105,0.12820587021429458,0,-0.20333526634004662,7.475490487443559e-05
5278,26590,26591,0,0.12176224708149697,0,-0.20977888947284423,0.12199810244930064,0,-0.20954303410504055,0.00023585536780366956
5279,26593,26594,0,0.10562153538070111,0,-0.22591960117364007,0.10557785979835677,0,-0.22596327675598443,4.367558234434632e-05
5280,26595,26596,0,0.33988997919833258,1,0.0083488426439913832,0.33673857862819373,1,0.0051974420738525318,0.0031514005701388514
5281,26596,26597,0,0.13075955543274803,0,-0.20078158112159317,0.13075531552023034,0,-0.20078582103411086,4.2399125176895147e-06
5282,26609,26610,1,0.48510543975395903,1,0.15356430319961784,0.48512347001073874,1,0.15358233345639755,1.8030256779710818e-05
5283,26621,26622,0,0.10250201083210857,0,-0.22903912572223262,0.10267941651349403,0,-0.22886172004084715,0.00017740568138546742
5284,26625,26626,0,0.044904918023713304,0,-0.28663621853062787,0.044953686216460571,0,-0.28658745033788063,4.8768192747267181e-05
5285,26631,26632,0,0.39889797187519127,1,0.067356835320850073,0.39892115615646107,1,0.067380019602119867,2.318428126979466e-05
5286,26647,26648,1,0.71322686150118919,1,0.38168572494684799,0.71320148499528158,1,0.38166034844094038,2.5376505907614977e-05
5287,26650,26651,0,0.63408794399718982,1,0.30254680744284862,0.63405097209642258,1,0.30250983554208138,3.6971900767235333e-05
5288,26655,26656,0,0.40728774006468749,1,0.075746603510346289,0.40736897279956558,1,0.075827836245224378,8.1232734878089463e-05
5289,26659,26660,0,0.24963344858146375,0,-0.081907687972877452,0.24963152724153709,0,-0.08190960931280411,1.9213399266582165e-06
5290,26667,26668,0,0.13333760879626039,0,-0.19820352775808081,0.13333062596223058,0,-0.19821051059211062,6.9828340298061509e-06
5291,26675,26676,0,0.19597600424171352,0,-0.13556513231262768,0.19608352927896486,0,-0.13545760727537634,0.00010752503725133811
5292,26679,26680,0,0.17022403035772524,0,-0.16131710619661596,0.17022253314524957,0,-0.16131860340909163,1.4972124756651439e-06
5293,26681,26682,0,0.10202071439275825,0,-0.22952042216158294,0.10203473138236985,0,-0.22950640517197135,1.4016989611592701e-05
5294,26690,26691,0,0.045580389505505185,0,-0.28596074704883601,0.045606618965481842,0,-0.28593451758885935,2.6229459976656599e-05
5295,26706,26707,1,0.59961626110490762,1,0.26807512455056642,0.59937741985736204,1,0.26783628330302084,0.00023884124754558478
5296,26708,26709,0,0.1061348065446034,0,-0.22540633000973781,0.10611623938324893,0,-0.22542489717109226,1.8567161354468564e-05
5297,26712,26713,0,0.71492031686017543,1,0.38337918030583423,0.71491967363155984,1,0.38337853707721864,6.4322861559329425e-07
5298,26719,26720,1,0.60230609431392257,1,0.27076495775958137,0.60226960133946461,1,0.27072846478512341,3.649297445795785e-05
5299,26720,26721,0,0.17257514126299706,0,-0.15896599529134414,0.1725844650629485,0,-0.1589566714913927,9.3237999514439451e-06
5300,26722,26723,0,0.11424426869958972,0,-0.2172968678547515,0.11423742437510974,0,-0.21730371217923145,6.8443244799765157e-06
5301,26725,26726,0,0,0,-0.3315411365543412,6.8332241873336397e-08,0,-0.33154106822209933,6.8332241873336397e-08
5302,26727,26728,0,0.099696446363655267,0,-0.23184469019068593,0.099696444496428283,0,-0.23184469205791292,1.8672269841424338e-09
5303,26731,26732,0,0.051766753523332945,0,-0.27977438303100827,0.051725495758983969,0,-0.27981564079535726,4.1257764348975878e-05
5304,26732,26733,0,0.060888866805643156,0,-0.27065226974869805,0.060884139216901466,0,-0.27065699733743975,4.7275887416903251e-06
5305,26735,26736,0,0.13952047998744579,0,-0.1920206565668954,0.13932641887399558,0,-0.19221471768034562,0.00019406111345021682
5306,26749,26750,1,0.707636191295274,1,0.3760950547409328,0.70759800187365018,1,0.37605686531930899,3.8189421623813224e-05
5307,26752,26753,0,0.039715537750552303,0,-0.29182559880378889,0.039730553516271326,0,-0.29181058303806989,1.5015765719023078e-05
5308,26762,26763,0,0.28427945146474815,0,-0.047261685089593053,0.28428159987263574,0,-0.047259536681705461,2.1484078875921853e-06
5309,26765,26766,1,0.18001703130599125,0,-0.15152410524834994,0.18001525669162338,0,-0.15152587986271782,1.7746143678720738e-06
5310,26766,26767,0,0.08863495550627154,0,-0.24290618104806966,0.08909607666175931,0,-0.24244505989258189,0.00046112115548777033
5311,26773,26774,1,0.6017754759947308,1,0.2702343394403896,0.60177814863807622,1,0.27023701208373502,2.6726433454138387e-06
5312,26774,26775,0,0.61440150911053437,1,0.28286037255619317,0.61446155441416561,1,0.28292041785982441,6.0045303631239832e-05
5313,26782,26783,0,0.017737913867336617,0,-0.31380322268700456,0.017752413796809096,0,-0.31378872275753211,1.44999294724793e-05
5314,26783,26784,0,0.065589401638902395,0,-0.26595173491543878,0.065603274687526206,0,-0.26593786186681501,1.3873048623810891e-05
5315,26786,26787,0,0.1062183791240468,0,-0.2253227574302944,0.10622723731444228,0,-0.22531389923989892,8.8581903954776386e-06
5316,26789,26790,0,0.20569709380034182,0,-0.12584404275399938,0.20570324750216132,0,-0.12583788905217988,6.1537018195001458e-06
5317,26806,26807,0,0,0,-0.3315411365543412,6.1224888240443125e-08,0,-0.33154107532945298,6.1224888240443125e-08
5318,26810,26811,0,0.14935262496067264,0,-0.18218851159366856,0.14925208370816404,0,-0.18228905284617716,0.0001005412525086069
5319,26811,26812,0,0.22192540744990841,0,-0.10961572910443279,0.22185745537538742,0,-0.10968368117895377,6.795207452098273e-05
5320,26812,26813,0,0.091772682967666261,0,-0.23976845358667492,0.091770329092958305,0,-0.23977080746138291,2.3538747079554501e-06
5321,26816,26817,0,0.17682357524954648,0,-0.15471756130479472,0.1768463281148871,0,-0.1546948084394541,2.2752865340619488e-05
5322,26829,26830,1,0.069816711774475126,0,-0.26172442477986607,0.069830042871124959,0,-0.26171109368321621,1.3331096649832341e-05
5323,26838,26839,0,0.14441946939969455,0,-0.18712166715464665,0.14442571548400671,0,-0.18711542107033449,6.2460843121558973e-06
5324,26849,26850,1,0.61748741364245496,1,0.28594627708811376,0.61757064227577374,1,0.28602950572143254,8.3228633318777057e-05
5325,26851,26852,0,0.33123175374818692,0,-0.00030938280615427916,0.33127266208433587,0,-0.00026847447000533098,4.0908336148948177e-05
5326,26856,26857,1,0.46968869515197675,1,0.13814755859763556,0.47126112438847007,1,0.13971998783412887,0.0015724292364933112
5327,26860,26861,0,0.10536326842798141,0,-0.22617786812635979,0.10538589558533933,0,-0.22615524096900186,2.262715735791565e-05
5328,26861,26862,0,0.083316644152375566,0,-0.24822449240196565,0.083421247349997951,0,-0.24811988920434325,0.00010460319762238546
5329,26865,26866,1,0.75464718110812012,1,0.42310604455377893,0.75463222398950702,1,0.42309108743516582,1.495711861310145e-05
5330,26866,26867,1,0.11552927020125069,0,-0.2160118663530905,0.11553968915543111,0,-0.21600144739891008,1.0418954180427265e-05
5331,26872,26873,0,0.10325967009205222,0,-0.22828146646228897,0.10323785843386903,0,-0.22830327812047219,2.1811658183198968e-05
5332,26874,26875,0,0.020528549469995157,0,-0.31101258708434604,0.020526877264301212,0,-0.31101425929004001,1.6722056939456886e-06
5333,26878,26879,0,0.057324734471196126,0,-0.27421640208314507,0.057335058489395317,0,-0.2742060780649459,1.0324018199191209e-05
5334,26880,26881,0,0.71395195780949439,1,0.38241082125515319,0.71395051239594121,1,0.38240937584160001,1.4454135531805079e-06
5335,26881,26882,0,0.12773565907871748,0,-0.20380547747562372,0.12772991443832751,0,-0.20381122211601368,5.7446403899652498e-06
5336,26892,26893,0,0.50924833498552158,1,0.17770719843118038,0.50925725348080253,1,0.17771611692646133,8.9184952809517881e-06
5337,26893,26894,0,0.20359430946772486,0,-0.12794682708661634,0.20360357403649865,0,-0.12793756251784255,9.2645687737868965e-06
5338,26908,26909,0,0.15760152390761759,0,-0.17393961264672361,0.15782549278211547,0,-0.17371564377222573,0.00022396887449788183
5339,26911,26912,0,0.06498809082977848,0,-0.26655304572456273,0.0649349851778937,0,-0.2666061513764475,5.3105651884780003e-05
5340,26916,26917,0,0.52086721502137689,1,0.1893260784670357,0.52087220897484721,1,0.18933107242050601,4.9939534703113964e-06
5341,26917,26918,0,0.3427467468317919,1,0.011205610277450706,0.34279621319478493,1,0.011255076640443729,4.9466362993022539e-05
5342,26930,26931,1,0.18793264266287024,0,-0.14360849389147096,0.1878931222528181,0,-0.1436480143015231,3.9520410052146238e-05
5343,26931,26932,0,0.070184096297132154,0,-0.26135704025720907,0.070182630219360206,0,-0.26135850633498098,1.4660777719471829e-06
5344,26938,26939,1,0.11216124559281794,0,-0.21937989096152327,0.11217639520985992,0,-0.21936474134448128,1.5149617041979035e-05
5345,26944,26945,0,0.092850521879885434,0,-0.23869061467445576,0.092852644871368337,0,-0.23868849168297285,2.1229914829029584e-06
5346,26953,26954,0,0.042038304960491858,0,-0.28950283159384932,0.042030728333834456,0,-0.28951040822050672,7.5766266574017749e-06
5347,26966,26967,0,0.20819714121158581,0,-0.12334399534275539,0.20817411517983714,0,-0.12336702137450406,2.3026031748668574e-05
5348,26967,26968,0,0.016031520464054996,0,-0.31550961609028622,0.016056362240701425,0,-0.31548477431363975,2.4841776646428865e-05
5349,26974,26975,1,0.15383923699570537,0,-0.17770189955863583,0.15384795779874247,0,-0.17769317875559873,8.7208030370988787e-06
5350,26979,26980,0,0.12432931703694775,0,-0.20721181951739345,0.12434075619896551,0,-0.20720038035537569,1.1439162017762294e-05
5351,26992,26993,0,0.083677592593145472,0,-0.24786354396119573,0.08365337482871936,0,-0.24788776172562182,2.4217764426112676e-05
5352,27004,27005,0,0.15665162051723319,0,-0.17488951603710801,0.15684701959521316,0,-0.17469411695912804,0.00019539907797996858
5353,27017,27018,0,0.070754272576876456,0,-0.26078686397746476,0.070747803024934011,0,-0.2607933335294072,6.4695519424451398e-06
5354,27020,27021,1,0.47337821511052597,1,0.14183707855618477,0.47065628135244947,1,0.13911514479810827,0.0027219337580765002
5355,27023,27024,0,0.19105992058248508,0,-0.14048121597185612,0.19107877910320173,0,-0.14046235745113947,1.8858520716646954e-05
5356,27024,27025,0,0.67682286091569821,1,0.34528172436135701,0.67683294060675125,1,0.34529180405241006,1.0079691053044293e-05
5357,27042,27043,0,0.17982462028257795,0,-0.15171651627176325,0.17981354518475634,0,-0.15172759136958486,1.1075097821611202e-05
5358,27053,27054,1,0.73483840936658207,1,0.40329727281224087,0.73483482770453801,1,0.40329369115019681,3.5816620440609626e-06
5359,27058,27059,0,0.10587857429470802,0,-0.22566256225963316,0.10585863670892197,0,-0.22568249984541922,1.99375857860562e-05
5360,27088,27089,1,0.21593206142228452,0,-0.11560907513205668,0.21596576184702013,0,-0.11557537470732107,3.3700424735605417e-05
5361,27090,27091,0,0.23712869256969898,0,-0.094412443984642214,0.23721313284149187,0,-0.094328003712849329,8.4440271792884936e-05
5362,27092,27093,0,0.064756480925748566,0,-0.26678465562859266,0.064738229056501145,0,-0.26680290749784008,1.8251869247420949e-05
5363,27095,27096,0,0.041445462231591158,0,-0.29009567432275002,0.041440401036180768,0,-0.2901007355181604,5.0611954103899071e-06
5364,27097,27098,0,0.1182401166351375,0,-0.21330101991920369,0.11824068669194003,0,-0.21330044986240115,5.7005680252630864e-07
5365,27106,27107,0,0.238584394073239,0,-0.092956742481102195,0.23855902328399484,0,-0.092982113270346362,2.5370789244166803e-05
5366,27113,27114,0,0.15975647290721587,0,-0.17178466364712533,0.15973718770712564,0,-0.17180394884721556,1.9285200090229937e-05
5367,27115,27116,0,0.2247369397317022,0,-0.106804196822639,0.22472310167673767,0,-0.10681803487760352,1.3838054964521174e-05
5368,27120,27121,0,0.063560190160547494,0,-0.26798094639379372,0.063546712397412788,0,-0.26799442415692842,1.3477763134706056e-05
5369,27133,27134,0,0.13858919431894828,0,-0.19295194223539291,0.13858762435896232,0,-0.19295351219537887,1.5699599859586577e-06
5370,27135,27136,0,0.047133365749087615,0,-0.28440777080525359,0.047150284784839146,0,-0.28439085176950207,1.6919035751530864e-05
5371,27142,27143,0,0.14021699821397682,0,-0.19132413834036438,0.14023432874890665,0,-0.19130680780543455,1.7330534929832497e-05
5372,27143,27144,0,0.12822403307592303,0,-0.20331710347841817,0.12822515044575775,0,-0.20331598610858345,1.1173698347133332e-06
5373,27144,27145,0,0.13147964334376311,0,-0.20006149321057809,0.13146749026023427,0,-0.20007364629410693,1.2153083528837483e-05
5374,27160,27161,1,0.87114060198415688,1,0.53959946542981574,0.87111929775325025,1,0.539578161198909,2.130423090662692e-05
5375,27161,27162,0,0.035795423512086616,0,-0.29574571304225461,0.035747187901211244,0,-0.29579394865312997,4.8235610875371759e-05
5376,27165,27166,0,0.37990402818421454,1,0.048362891629873339,0.37997974798735396,1,0.048438611433012757,7.5719803139417952e-05
5377,27168,27169,0,0.21184055346846209,0,-0.11970058308587911,0.21191276913581455,0,-0.11962836741852664,7.2215667352465429e-05
5378,27171,27172,0,0.092620132146223888,0,-0.23892100440811731,0.092808440725802632,0,-0.23873269582853857,0.00018830857957874425
5379,27173,27174,0,0.22553810159496876,0,-0.10600303495937244,0.22550588837512101,0,-0.10603524817922019,3.2213219847754271e-05
5380,27180,27181,0,0.047251457495833593,0,-0.28428967905850761,0.047206990080648478,0,-0.28433414647369271,4.4467415185114878e-05
5381,27181,27182,0,0.021870923013772432,0,-0.30967021354056878,0.021884402264178454,0,-0.30965673429016272,1.3479250406022575e-05
5382,27183,27184,0,0.050352197841019783,0,-0.2811889387133214,0.05034967870009828,0,-0.28119145785424293,2.5191409215030713e-06
5383,27184,27185,1,0.28140989259252885,0,-0.050131243961812344,0.28139531836987353,0,-0.050145818184467672,1.457422265532804e-05
5384,27185,27186,0,0.18160161835582705,0,-0.14993951819851414,0.18164122981828423,0,-0.14989990673605696,3.9611462457178614e-05
5385,27189,27190,1,0.22206064967143144,0,-0.10948048688290976,0.22202720934313133,0,-0.10951392721120987,3.3440328300105016e-05
5386,27190,27191,0,0.69519404436616328,1,0.36365290781182208,0.69518635003853158,1,0.36364521348419038,7.6943276317020803e-06
5387,27198,27199,1,0.20237159328465662,0,-0.12916954326968458,0.20238104644352006,0,-0.12916009011082114,9.4531588634427788e-06
5388,27201,27202,0,0.092379967146877739,0,-0.23916116940746346,0.092334450718727271,0,-0.23920668583561394,4.5516428150468857e-05
5389,27202,27203,0,0.059455209157346138,0,-0.27208592739699505,0.05949204213901059,0,-0.27204909441533059,3.6832981664451647e-05
5390,27221,27222,1,0.69509226197968932,1,0.36355112542534812,0.69507545487324052,1,0.36353431831889932,1.680710644880179e-05
5391,27226,27227,0,0.029047354992331631,0,-0.30249378156200957,0.029054470472263578,0,-0.30248666608207764,7.1154799319468609e-06
5392,27228,27229,1,0.63994693511561862,1,0.30840579856127742,0.63994956992237395,1,0.30840843336803275,2.6348067553305654e-06
5393,27230,27231,1,0.6634192605834166,1,0.33187812402907541,0.66341957202277491,1,0.33187843546843371,3.1143935830257874e-07
5394,27232,27233,0,0.10873308118603615,0,-0.22280805536830506,0.10875681945742194,0,-0.22278431709691926,2.3738271385784215e-05
5395,27235,27236,0,0.62576646405714287,1,0.29422532750280167,0.62578423773236025,1,0.29424310117801905,1.7773675217380713e-05
5396,27238,27239,0,0.20071972135776781,0,-0.13082141519657339,0.20071659333183073,0,-0.13082454322251047,3.1280259370769503e-06
5397,27243,27244,1,0.19109250203597836,0,-0.14044863451836284,0.19107885277305328,0,-0.14046228378128792,1.3649262925075067e-05
5398,27250,27251,0,0.11400239426749818,0,-0.217538742286843,0.11402288973351847,0,-0.21751824682082271,2.0495466020287179e-05
5399,27257,27258,0,0.11095874957446723,0,-0.22058238697987398,0.11102903268962476,0,-0.22051210386471642,7.0283115157526721e-05
5400,27264,27265,0,0.21282824870242592,0,-0.11871288785191528,0.21282005954737959,0,-0.11872107700696161,8.1891550463286666e-06
5401,27269,27270,0,0.1270181255129349,0,-0.2045230110414063,0.12713396452988723,0,-0.20440717202445396,0.00011583901695233489
5402,27275,27276,0,0.10239676360889854,0,-0.22914437294544265,0.10244010005813511,0,-0.22910103649620608,4.3336449236569541e-05
5403,27277,27278,0,0.53497174065839403,1,0.20343060410405284,0.53496773998528668,1,0.20342660343094549,4.0006731073516377e-06
5404,27278,27279,1,0.092744791840921284,0,-0.23879634471341993,0.092737112063439944,0,-0.23880402449090127,7.6797774813397446e-06
5405,27289,27290,0,0.075962619261414219,0,-0.25557851729292697,0.075983179883771221,0,-0.25555795667056996,2.0560622357002067e-05
5406,27290,27291,0,0.07661276156443278,0,-0.25492837498990839,0.076624873029710952,0,-0.25491626352463026,1.2111465278172306e-05
5407,27296,27297,0,0.20832094840560408,0,-0.12322018814873711,0.20833132808393845,0,-0.12320980847040275,1.0379678334365705e-05
5408,27302,27303,0,0.18796846770825545,0,-0.14357266884608574,0.18797064927143545,0,-0.14357048728290575,2.1815631799926294e-06
5409,27309,27310,0,0.048800195148550926,0,-0.28274094140579026,0.048802154070421253,0,-0.28273898248391993,1.9589218703264244e-06
5410,27314,27315,1,0.18563374270271515,0,-0.14590739385162604,0.1855873694691822,0,-0.145953767085159,4.637323353295919e-05
5411,27320,27321,1,0.64595411915857426,1,0.31441298260423306,0.64594427755702466,1,0.31440314100268346,9.8416015495983444e-06
5412,27323,27324,0,0.17752897286957028,0,-0.15401216368477091,0.17753247202180289,0,-0.15400866453253831,3.4991522326055513e-06
5413,27330,27331,0,0.097337564149836533,0,-0.23420357240450468,0.097341866173298,0,-0.23419927038104321,4.3020234614665753e-06
5414,27342,27343,0,0.026326210446431696,0,-0.30521492610790951,0.026348639628853154,0,-0.30519249692548805,2.2429182421457305e-05
5415,27343,27344,0,0.16216457944872398,0,-0.16937655710561722,0.1620866593715731,0,-0.1694544771827681,7.792007715087812e-05
5416,27348,27349,0,0.097305198895384248,0,-0.23423593765895695,0.097308719967428556,0,-0.23423241658691263,3.5210720443074051e-06
5417,27349,27350,0,0.21211559055878432,0,-0.11942554599555688,0.21208815440139761,0,-0.11945298215294359,2.7436157386706572e-05
5418,27351,27352,0,0,0,-0.3315411365543412,0.052529149780119827,0,-0.27901198677422134,0.052529149780119827
5419,27352,27353,0,0.13039517498218867,0,-0.20114596157215253,0.13039025160770135,0,-0.20115088494663985,4.9233744873200536e-06
5420,27356,27357,0,0.10826640321194402,0,-0.22327473334239717,0.10803198604112572,0,-0.22350915051321546,0.00023441717081829072
5421,27362,27363,0,0.10795385934880189,0,-0.22358727720553931,0.10801156003899876,0,-0.22352957651534244,5.7700690196865745e-05
5422,27364,27365,0,0.24157747263965523,0,-0.089963663914685965,0.24146216460338299,0,-0.090078971950958209,0.00011530803627224362
5423,27368,27369,0,0.39183545556533111,1,0.060294319010989916,0.39192114467058431,1,0.060380008116243111,8.5689105253194953e-05
5424,27370,27371,0,0.12989488408313246,0,-0.20164625247120874,0.12997612288995855,0,-0.20156501366438265,8.1238806826089416e-05
5425,27387,27388,0,0.12967064887713675,0,-0.20187048767720445,0.12966976821779563,0,-0.20187136833654556,8.8065934111813959e-07
5426,27397,27398,0,0.30157556659986656,0,-0.029965569954474636,0.30159686216838921,0,-0.029944274385951986,2.1295568522650132e-05
5427,27402,27403,0,0.22728019650245518,0,-0.10426094005188602,0.22728183394263771,0,-0.10425930261170349,1.6374401825280938e-06
5428,27419,27420,1,0.25673314839052869,0,-0.074807988163812511,0.25674798525783948,0,-0.074793151296501714,1.4836867310796809e-05
5429,27422,27423,0,0.17141456108214853,0,-0.16012657547219267,0.17140655855329159,0,-0.1601345780010496,8.0025288569374187e-06
5430,27424,27425,1,0.15807256144487764,0,-0.17346857510946356,0.15821454653275893,0,-0.17332659002158227,0.00014198508788129671
5431,27428,27429,1,0.13778581379732505,0,-0.19375532275701615,0.13775425483194334,0,-0.19378688172239786,3.1558965381706106e-05
5432,27433,27434,0,0.13347578889880471,0,-0.19806534765553649,0.13348838303101748,0,-0.19805275352332372,1.2594132212773168e-05
5433,27443,27444,0,0.25546294762550842,0,-0.07607818892883278,0.25544359474552941,0,-0.076097541808811786,1.9352879979006588e-05
5434,27447,27448,0,0.11328302674972673,0,-0.21825810980461446,0.11327340590427902,0,-0.21826773065006216,9.6208454477136884e-06
5435,27449,27450,0,0.19614318374430409,0,-0.13539795281003711,0.19614599076817671,0,-0.13539514578616449,2.8070238726196628e-06
5436,27450,27451,0,0.11195667165354413,0,-0.21958446490079708,0.11198099567561555,0,-0.21956014087872566,2.4324022071420259e-05
5437,27454,27455,0,0.33213264638047674,1,0.00059150982613553893,0.33218214564291626,1,0.00064100908857506189,4.9499262439522962e-05
5438,27460,27461,0,0.30799349660521042,0,-0.023547639949130783,0.30801361275698841,0,-0.02352752379735279,2.0116151777993529e-05
5439,27464,27465,0,0.19477683204211646,0,-0.13676430451222474,0.19456286269951048,0,-0.13697827385483072,0.00021396934260597966
5440,27472,27473,0,0.050578676243890723,0,-0.28096246031045047,0.050579331507519552,0,-0.28096180504682167,6.5526362882928346e-07
5441,27475,27476,0,0.16556909080836327,0,-0.16597204574597793,0.16557928782787937,0,-0.16596184872646183,1.0197019516100525e-05
5442,27481,27482,1,0.31524246321322558,0,-0.016298673341115621,0.31527439487771691,0,-0.016266741676624286,3.1931664491335887e-05
5443,27486,27487,1,0.20131461443408907,0,-0.13022652212025213,0.2013122272111752,0,-0.130228909343166,2.3872229138743872e-06
5444,27489,27490,0,0.10949595065384875,0,-0.22204518590049244,0.10959726495951351,0,-0.2219438715948277,0.00010131430566476252
5445,27493,27494,1,0.14455767218422472,0,-0.18698346437011648,0.14456309840526263,0,-0.18697803814907857,5.4262210379130149e-06
5446,27495,27496,1,0.18349015259130078,0,-0.14805098396304042,0.1834992870069162,0,-0.148041849547425,9.1344156154249401e-06
5447,27498,27499,1,0.65645009416339184,1,0.32490895760905064,0.65644558410838527,1,0.32490444755404407,4.5100550065679812e-06
5448,27506,27507,1,0.18063525370828037,0,-0.15090588284606082,0.18080436940840891,0,-0.15073676714593229,0.00016911570012853594
5449,27513,27514,0,0.089713927502856713,0,-0.24182720905148447,0.089672888775636145,0,-0.24186824777870505,4.1038727220568672e-05
5450,27514,27515,0,0.043612230726919901,0,-0.28792890582742131,0.043595788687018404,0,-0.28794534786732279,1.644203990149723e-05
5451,27516,27517,0,0.19662597554538627,0,-0.13491516100895493,0.19627487832690874,0,-0.13526625822743246,0.00035109721847753628
5452,27527,27528,1,0.10770692509680266,0,-0.22383421145753854,0.1077132967968555,0,-0.22382783975748571,6.3717000528401568e-06
5453,27528,27529,0,0.06289616507073309,0,-0.26864497148360811,0.062888986968444652,0,-0.26865214958589656,7.1781022884381818e-06
5454,27531,27532,0,0.039027003218371714,0,-0.29251413333596948,0.039032236299801404,0,-0.29250890025453979,5.233081429689701e-06
5455,27532,27533,0,0.18424783938584735,0,-0.14729329716849385,0.1842676757986822,0,-0.147273460755659,1.9836412834844941e-05
5456,27536,27537,1,0.90149394637048785,1,0.5699528098161466,0.90139903470883864,1,0.5698578981544975,9.4911661649210721e-05
5457,27539,27540,1,0.20650472491819333,0,-0.12503641163614787,0.20647728351739575,0,-0.12506385303694545,2.744140079757873e-05
5458,27554,27555,1,0.40861830903055674,1,0.077077172476215539,0.40863213035183654,1,0.077090993797495344,1.382132127980551e-05
5459,27561,27562,0,0.018391041042869448,0,-0.31315009551147177,0.01840434465026914,0,-0.31313679190407206,1.3303607399692274e-05
5460,27563,27564,0,0.087732732544141975,0,-0.24380840401019921,0.087781386861841282,0,-0.24375974969249992,4.8654317699306504e-05
5461,27566,27567,0,0.70969716716780518,1,0.37815603061346398,0.70973355094900648,1,0.37819241439466528,3.6383781201299037e-05
5462,27572,27573,0,0.1227567770063594,0,-0.2087843595479818,0.12259439354497004,0,-0.20894674300937116,0.00016238346138935933
5463,27580,27581,1,0.61902829595094944,1,0.28748715939660824,0.61901623015996454,1,0.28747509360562334,1.2065790984894242e-05
5464,27585,27586,1,0.55363766448502005,1,0.22209652793067886,0.55363404573405561,1,0.22209290917971442,3.6187509644403093e-06
5465,27595,27596,1,0.15095402317778603,0,-0.18058711337655517,0.15058810185254046,0,-0.18095303470180074,0.00036592132524557175
5466,27596,27597,0,0.12960513767364534,0,-0.20193599888069586,0.12960077490418359,0,-0.20194036165015761,4.3627694617520696e-06
5467,27598,27599,0,0.19875678809895944,0,-0.13278434845538176,0.19996805325298633,0,-0.13157308330135487,0.0012112651540268915
5468,27602,27603,0,0.039353193129131575,0,-0.2921879434252096,0.039358167754576678,0,-0.29218296879976452,4.9746254451032978e-06
5469,27605,27606,0,0.19784796364029381,0,-0.13369317291404739,0.19784962618569024,0,-0.13369151036865096,1.6625453964358439e-06
5470,27607,27608,0,0.065902154329564436,0,-0.26563898222477678,0.065855411931301344,0,-0.26568572462303985,4.6742398263091567e-05
5471,27611,27612,0,0.17402070059681413,0,-0.15752043595752707,0.17402731970319046,0,-0.15751381685115073,6.619106376337669e-06
5472,27613,27614,1,0.55595014559369882,1,0.22440900903935762,0.55595370446749193,1,0.22441256791315073,3.5588737931080416e-06
5473,27616,27617,0,0.083828600263520098,0,-0.2477125362908211,0.083852336539116792,0,-0.24768880001522442,2.3736275596694667e-05
5474,27623,27624,1,0.57830546240779424,1,0.24676432585345304,0.57828658726041726,1,0.24674545070607606,1.8875147376973267e-05
5475,27625,27626,0,0.1483259812446214,0,-0.1832151553097198,0.14832740399281885,0,-0.18321373256152235,1.4227481974493639e-06
5476,27627,27628,1,0.53694404238318005,1,0.20540290582883886,0.5369356967114316,1,0.2053945601570904,8.3456717484553522e-06
5477,27631,27632,1,0.4954683542978322,1,0.163927217743491,0.49546926823044685,1,0.16392813167610565,9.1393261464345343e-07
5478,27633,27634,0,0.24753996350535876,0,-0.084001173048982442,0.24760942455727816,0,-0.083931711997063035,6.9461051919406103e-05
5479,27635,27636,1,0.23112696918058098,0,-0.10041416737376022,0.23086587920220394,0,-0.10067525735213725,0.00026108997837703818
5480,27636,27637,0,0.38719668627711629,1,0.055655549722775088,0.38719416872350493,1,0.05565303216916373,2.5175536113586361e-06
5481,27640,27641,0,0.082940800991512395,0,-0.24860033556282879,0.082988321032940793,0,-0.24855281552140041,4.7520041428397719e-05
5482,27641,27642,0,0.26546425968795179,0,-0.066076876866389411,0.26508628138353196,0,-0.066454855170809235,0.00037797830441982372
5483,27643,27644,1,0.49329772302906078,1,0.16175658647471958,0.49334931344610211,1,0.16180817689176091,5.1590417041336156e-05
5484,27649,27650,0,0.12451242636979162,0,-0.20702871018454957,0.12451892653471347,0,-0.20702221001962773,6.500164921846574e-06
5485,27650,27651,0,0.79428484467012883,1,0.46274370811578763,0.7942779239016059,1,0.4627367873472647,6.9207685229333293e-06
5486,27652,27653,0,0.3139997658025227,0,-0.017541370751818497,0.31402299930449307,0,-0.017518137249848131,2.3233501970365555e-05
5487,27662,27663,0,0.3440880668637048,1,0.012546930309363602,0.34408211994462273,1,0.012540983390281535,5.9469190820671258e-06
5488,27668,27669,1,0.38904125755849045,1,0.057500121004149252,0.38911786218176986,1,0.05757672562742866,7.6604623279408202e-05
5489,27669,27670,0,0.51624015228485121,1,0.18469901573051001,0.51646412867202018,1,0.18492299211767899,0.00022397638716897816
5490,27672,27673,0,0.21902712669698027,0,-0.11251400985736093,0.21892735100087377,0,-0.11261378555346743,9.9775696106502165e-05
5491,27675,27676,0,0.69577852153954611,1,0.36423738498520492,0.69580281795464494,1,0.36426168140030374,2.429641509882341e-05
5492,27676,27677,0,0.078973344989170635,0,-0.25256779156517056,0.078977730924691417,0,-0.2525634056296498,4.385935520781481e-06
5493,27679,27680,0,0.13832989323650594,0,-0.19321124331783526,0.13833124454518506,0,-0.19320989200915614,1.3513086791205886e-06
5494,27683,27684,1,0.70034730599581929,1,0.36880616944147809,0.7003859158917608,1,0.3688447793374196,3.860989594151043e-05
5495,27685,27686,0,0.23117405146350112,0,-0.10036708509084008,0.23130759738751464,0,-0.10023353916682656,0.00013354592401351728
5496,27689,27690,0,0.17565006324179025,0,-0.15589107331255095,0.17577939675988374,0,-0.15576173979445745,0.00012933351809349403
5497,27690,27691,0,0.19187771146003896,0,-0.13966342509430224,0.19196855861998641,0,-0.13957257793435479,9.0847159947449185e-05
5498,27696,27697,1,0.46882850656317648,1,0.13728737000883529,0.46881833082479657,1,0.13727719427045537,1.0175738379913923e-05
5499,27701,27702,1,0.65907686065686277,1,0.32753572410252157,0.65905749357100951,1,0.32751635701666831,1.9367085853261301e-05
5500,27703,27704,1,0.57641717206792131,1,0.24487603551358011,0.57641388333957644,1,0.24487274678523524,3.2887283448745919e-06
5501,27704,27705,0,0.60546002452321424,1,0.27391888796887304,0.60546129551443628,1,0.27392015896009508,1.2709912220465469e-06
5502,27705,27706,0,0.16556433637458207,0,-0.16597680017975913,0.16556939774611551,0,-0.16597173880822569,5.0613715334435483e-06
5503,27708,27709,1,0.27301349964211147,0,-0.05852763691222973,0.27271842855236728,0,-0.058822708001973922,0.00029507108974419216
5504,27717,27718,0,0.042765573144321452,0,-0.28877556341001975,0.042837484074746898,0,-0.28870365247959429,7.191093042544644e-05
5505,27721,27722,1,0.16821764959881144,0,-0.16332348695552976,0.16828182860508609,0,-0.16325930794925511,6.4179006274645012e-05
5506,27728,27729,0,0.15697370907339389,0,-0.17456742748094731,0.15700262071226137,0,-0.17453851584207983,2.8911638867479272e-05
5507,27730,27731,1,0.79213646170169194,1,0.46059532514735074,0.79213680383922846,1,0.46059566728488727,3.4213753652423406e-07
5508,27732,27733,0,0.17554579882106774,0,-0.15599533773327345,0.17551091565371682,0,-0.15603022090062438,3.4883167350924227e-05
5509,27733,27734,0,0.32764507499451218,0,-0.0038960615598290227,0.32764347984458742,0,-0.0038976567097537829,1.5951499247601753e-06
5510,27740,27741,0,0.083962991198490114,0,-0.2475781453558511,0.084099282721329521,0,-0.24744185383301168,0.00013629152283940738
5511,27743,27744,0,0.1287127757427273,0,-0.2028283608116139,0.12871373319844057,0,-0.20282740335590063,9.5745571326855128e-07
5512,27744,27745,0,0.13080330189981615,0,-0.20073783465452505,0.13081671586391466,0,-0.20072442069042654,1.3413964098513143e-05
5513,27745,27746,0,0.12194201367431835,0,-0.20959912288002286,0.12195391634274279,0,-0.20958722021159842,1.1902668424434992e-05
5514,27748,27749,1,0.69465490420445031,1,0.36311376765010911,0.69441926003337962,1,0.36287812347903842,0.00023564417107069247
5515,27760,27761,0,0.077442833561036165,0,-0.25409830299330505,0.077421072491802967,0,-0.25412006406253823,2.176106923319765e-05
5516,27764,27765,0,0.12409723314587047,0,-0.20744390340847074,0.12410532513824987,0,-0.20743581141609133,8.0919923794026127e-06
5517,27766,27767,1,0.32409996731055324,0,-0.0074411692437879595,0.32289949151529557,0,-0.0086416450390456312,0.0012004757952576717
5518,27776,27777,0,0.097368450555387731,0,-0.23417268599895347,0.097374127383989817,0,-0.23416700917035138,5.6768286020858483e-06
5519,27782,27783,0,0.087284449868780159,0,-0.24425668668556105,0.087231352221038505,0,-0.24430978433330269,5.3097647741653931e-05
5520,27784,27785,0,0.051588565706919609,0,-0.27995257084742159,0.051604917439916818,0,-0.2799362191144244,1.6351732997209323e-05
5521,27785,27786,0,0.059057973934013713,0,-0.27248316262032746,0.059061531180314125,0,-0.27247960537402705,3.5572463004118759e-06
5522,27793,27794,0,0.63810691450444157,1,0.30656577795010037,0.63814005403140239,1,0.30659891747706119,3.3139526960823673e-05
5523,27796,27797,0,0.061278630561065299,0,-0.27026250599327589,0.061347010096669374,0,-0.27019412645767182,6.8379535604075337e-05
5524,27815,27816,0,0.037260781256935757,0,-0.29428035529740543,0.037280773339329609,0,-0.29426036321501159,1.9992082393852084e-05
5525,27822,27823,0,0.12824466009476973,0,-0.20329647645957147,0.12827948020990393,0,-0.20326165634443727,3.4820115134198693e-05
5526,27834,27835,0,0.029464029029991221,0,-0.30207710752434996,0.02947908395009019,0,-0.30206205260425101,1.5054920098969693e-05
5527,27836,27837,0,0.12017316377002232,0,-0.21136797278431887,0.1202218245767871,0,-0.2113193119775541,4.8660806764772024e-05
5528,27843,27844,0,0.41743347695140176,1,0.085892340397060563,0.41747417985121066,1,0.08593304329686946,4.070289980889763e-05
5529,27849,27850,0,0.71945436232157844,1,0.38791322576723725,0.71941407687128223,1,0.38787294031694103,4.0285450296217995e-05
5530,27851,27852,0,0.65009628886147075,1,0.31855515230712955,0.65013922613002595,1,0.31859808957568475,4.2937268555198749e-05
5531,27854,27855,0,0.11782807080010944,0,-0.21371306575423177,0.11805480629205738,0,-0.21348633026228381,0.00022673549194793252
5532,27864,27865,0,0.12860907370839889,0,-0.20293206284594231,0.1286154827429207,0,-0.2029256538114205,6.4090345218148492e-06
5533,27866,27867,0,0.12004218696036806,0,-0.21149894959397314,0.12004221640660624,0,-0.21149892014773497,2.9446238183905571e-08
5534,27868,27869,1,0.13703028270884635,0,-0.19451085384549485,0.13703471766988065,0,-0.19450641888446055,4.4349610343052959e-06
5535,27870,27871,0,0.23824256290529544,0,-0.093298573649045757,0.23831840985161901,0,-0.093222726702722192,7.5846946323565589e-05
5536,27873,27874,0,0.061078571192707806,0,-0.27046256536163338,0.06104325758733626,0,-0.27049787896700495,3.5313605371546652e-05
5537,27883,27884,0,0.61339049446270899,1,0.28184935790836779,0.61329394263028181,1,0.28175280607594061,9.6551832427183015e-05
5538,27885,27886,1,0.07448740501424575,0,-0.25705373154009548,0.07450618934452008,0,-0.25703494720982112,1.8784330274329575e-05
5539,27893,27894,0,0.097783871750492357,0,-0.23375726480384884,0.097320743333495358,0,-0.23422039322084584,0.00046312841699699958
5540,27894,27895,0,0.051750934606779417,0,-0.27979020194756177,0.051749489509643018,0,-0.27979164704469817,1.445097136398843e-06
5541,27900,27901,0,0.053610082446462426,0,-0.27793105410787877,0.053681808983162341,0,-0.27785932757117887,7.17265366999148e-05
5542,27902,27903,0,0.037963260938301921,0,-0.29357787561603926,0.037976206183495294,0,-0.29356493037084591,1.2945245193372867e-05
5543,27915,27916,1,0.76519230561401141,1,0.43365116905967022,0.76523740802809403,1,0.43369627147375284,4.5102414082620612e-05
5544,27916,27917,0,0.0098902305575110459,0,-0.32165090599683016,0.0098911550198649018,0,-0.32164998153447627,9.2446235385595932e-07
5545,27922,27923,1,0.62639013791458475,1,0.29484900136024356,0.62640891399487508,1,0.29486777744053388,1.8776080290328068e-05
5546,27925,27926,0,0.50262463439057359,1,0.17108349783623239,0.50252367196099279,1,0.17098253540665159,0.0001009624295807976
5547,27927,27928,0,0.088056684195480794,0,-0.2434844523588604,0.088098227224329889,0,-0.24344290933001131,4.1543028849094776e-05
5548,27934,27935,0,0.087731994677055045,0,-0.24380914187728614,0.087738763464361547,0,-0.24380237308997965,6.7687873065019888e-06
5549,27935,27936,0,0.19482898819432512,0,-0.13671214836001608,0.19491914798199184,0,-0.13662198857234936,9.0159787666715951e-05
5550,27939,27940,0,0.19640364990124937,0,-0.13513748665309183,0.1964065183190235,0,-0.13513461823531769,2.8684177741378214e-06
5551,27943,27944,0,0.25247719286419923,0,-0.079063943690141969,0.25245344108859158,0,-0.079087695465749619,2.3751775607649961e-05
5552,27945,27946,0,0.17838615834477706,0,-0.15315497820956414,0.17826027659869284,0,-0.15328085995564836,0.00012588174608421654
5553,27948,27949,0,0.069079917716382055,0,-0.26246121883795914,0.068918064582382171,0,-0.262623071971959,0.0001618531339998841
5554,27953,27954,0,0.034437410091137925,0,-0.29710372646320327,0.034493676906998803,0,-0.29704745964734242,5.6266815860878117e-05
5555,27956,27957,0,0.097367119098994814,0,-0.23417401745534638,0.097373297102288439,0,-0.23416783945205277,6.1780032936248341e-06
5556,27960,27961,0,0.17915579389757458,0,-0.15238534265676662,0.17915484891223332,0,-0.15238628764210788,9.4498534125575517e-07
5557,27962,27963,0,0.43189854199111122,1,0.10035740543677002,0.43190856457494126,1,0.10036742802060006,1.002258383003829e-05
5558,27979,27980,0,0.19567197374770676,0,-0.13586916280663444,0.19554213678535401,0,-0.13599899976898719,0.00012983696235274733
5559,27981,27982,0,0.13114119721741554,0,-0.20039993933692565,0.13107367578289483,0,-0.20046746077144637,6.752143452071202e-05
5560,27982,27983,0,0.087087187970207411,0,-0.24445394858413377,0.087131006458384758,0,-0.24441013009595644,4.3818488177346793e-05
5561,27985,27986,0,0.080373293408032925,0,-0.25116784314630825,0.080234364328451366,0,-0.25130677222588982,0.00013892907958155953
5562,27986,27987,0,0.041115587971157719,0,-0.29042554858318348,0.041120269950666109,0,-0.29042086660367511,4.6819795083904991e-06
5563,27991,27992,0,0.19424216537403111,0,-0.13729897118031009,0.19424810680638807,0,-0.13729302974795313,5.9414323569650929e-06
5564,27993,27994,0,0.21362243882450013,0,-0.11791869772984107,0.2136030997295405,0,-0.1179380368248007,1.9339094959630598e-05
5565,27995,27996,0,0.10626542268932362,0,-0.22527571386501757,0.10626974122983412,0,-0.22527139532450707,4.3185405105006236e-06
5566,28003,28004,0,0.087320527102485432,0,-0.24422060945185575,0.08732325039977934,0,-0.24421788615456186,2.7232972939078559e-06
5567,28011,28012,0,0.06625105222246408,0,-0.26529008433187712,0.06626721408202238,0,-0.26527392247231885,1.6161859558300185e-05
5568,28014,28015,0,0.071051509765256038,0,-0.26048962678908516,0.071048995013484412,0,-0.26049214154085676,2.5147517716261891e-06
5569,28032,28033,0,0.7559347357028533,1,0.4243935991485121,0.75593138218276357,1,0.42439024562842237,3.3535200897327755e-06
5570,28038,28039,1,0.086778946137041651,0,-0.24476219041729955,0.086823100442042112,0,-0.24471803611229909,4.4154305000460026e-05
5571,28040,28041,0,0.13614381528429703,0,-0.19539732127004417,0.13614755995970265,0,-0.19539357659463855,3.7446754056202902e-06
5572,28043,28044,0,0.67780351885949819,1,0.34626238230515699,0.67779569625639124,1,0.34625455970205005,7.8226031069439372e-06
5573,28054,28055,1,0.8379552059950155,1,0.50641406944067424,0.83741760814798782,1,0.50587647159364657,0.00053759784702767099
5574,28056,28057,0,0.32747231163062201,0,-0.0040688249237191831,0.32747624122048558,0,-0.0040648953338556226,3.929589863560512e-06
5575,28058,28059,0,0.14574602109494098,0,-0.18579511545940022,0.14572895442456288,0,-0.18581218212977832,1.7066670378096394e-05
5576,28064,28065,0,0.11636591524232909,0,-0.21517522131201211,0.11637834782795899,0,-0.21516278872638223,1.2432585629898463e-05
5577,28068,28069,0,0.071577788721094299,0,-0.25996334783324693,0.071728217272558334,0,-0.25981291928178285,0.00015042855146403522
5578,28069,28070,0,0.018623499153908225,0,-0.31291763740043299,0.018629892861457019,0,-0.3129112436928842,6.3937075487942308e-06
5579,28070,28071,0,0.047687238633686971,0,-0.28385389792065424,0.047715975506294674,0,-0.2838251610480465,2.8736872607702801e-05
5580,28075,28076,0,0.17609640048772823,0,-0.15544473606661297,0.17610516809384333,0,-0.15543596846049787,8.7676061150954165e-06
5581,28077,28078,0,0.21373034014298697,0,-0.11781079641135422,0.21375702733940474,0,-0.11778410921493646,2.66871964177684e-05
5582,28079,28080,0,0.1173777833357606,0,-0.2141633532185806,0.11740783239636134,0,-0.21413330415797988,3.0049060600736976e-05
5583,28081,28082,1,0.67718799666858376,1,0.34564686011424256,0.67719464111205319,1,0.34565350455771199,6.6444434694279408e-06
5584,28083,28084,0,0.10910288139281185,0,-0.22243825516152935,0.10902789286503756,0,-0.22251324368930364,7.4988527774294544e-05
5585,28089,28090,0,0.095333021590625858,0,-0.23620811496371535,0.095292132265654805,0,-0.23624900428868639,4.0889324971052354e-05
5586,28095,28096,0,0.23983481571124518,0,-0.091706320843096018,0.23981313590025077,0,-0.091728000654090425,2.1679810994407189e-05
5587,28096,28097,1,0.4909368983054852,1,0.15939576175114401,0.49105402254497654,1,0.15951288599063534,0.00011712423949133965
5588,28104,28105,0,0.34553940780344355,1,0.013998271249102356,0.34554152389180925,1,0.014000387337468057,2.1160883657000973e-06
5589,28106,28107,0,0.057593543198665831,0,-0.27394759335567537,0.057599275761554138,0,-0.27394186079278704,5.7325628883067581e-06
5590,28109,28110,1,0.15093704898489532,0,-0.18060408756944588,0.15097714385658911,0,-0.18056399269775208,4.0094871693791001e-05
5591,28112,28113,0,0.034114947981920031,0,-0.29742618857242115,0.034125367061164154,0,-0.29741576949317705,1.0419079244122775e-05
5592,28114,28115,0,0.09102830451322072,0,-0.24051283204112048,0.091028738162577449,0,-0.24051239839176375,4.3364935672918214e-07
5593,28116,28117,0,0.04683823887068686,0,-0.28470289768365431,0.04677336609159332,0,-0.28476777046274787,6.4872779093540223e-05
5594,28123,28124,1,0.19953847804548375,0,-0.13200265850885745,0.19941261260859594,0,-0.13212852394574526,0.00012586543688780649
5595,28129,28130,0,0.21318138492216226,0,-0.11835975163217893,0.213152000877431,0,-0.1183891356769102,2.9384044731267656e-05
5596,28140,28141,0,0.14989524929976999,0,-0.1816458872545712,0.14991655332896797,0,-0.18162458322537323,2.1304029197977137e-05
5597,28162,28163,0,0.17832764233498102,0,-0.15321349421936017,0.17808330168840275,0,-0.15345783486593845,0.0002443406465782727
5598,28163,28164,0,0.51276500204736608,1,0.18122386549302488,0.51277983338055377,1,0.18123869682621258,1.4831333187692586e-05
5599,28166,28167,1,0.10822008888909208,0,-0.22332104766524913,0.10824125685155402,0,-0.2232998797027872,2.1167962461932088e-05
5600,28171,28172,0,0.10558183990955564,0,-0.22595929664478556,0.10576503167768522,0,-0.22577610487665598,0.00018319176812958693
5601,28173,28174,1,0.37161768703033382,1,0.040076550475992623,0.36978830996107109,1,0.038247173406729895,0.0018293770692627276
5602,28184,28185,0,0.044566947186501796,0,-0.28697418936783942,0.044659339551150347,0,-0.28688179700319083,9.2392364648551106e-05
5603,28187,28188,1,0.19740541737062139,0,-0.1341357191837198,0.1975521652361221,0,-0.1339889713182191,0.00014674786550070151
5604,28195,28196,0,0.039157459418943392,0,-0.29238367713539781,0.039158937869686876,0,-0.29238219868465432,1.478450743483406e-06
5605,28201,28202,1,0.43163359469618956,1,0.10009245814184836,0.43163915679939241,1,0.10009802024505121,5.5621032028496664e-06
5606,28202,28203,0,0.17309472706720325,0,-0.15844640948713795,0.17310633928260794,0,-0.15843479727173326,1.1612215404688264e-05
5607,28203,28204,0,0.040978343948679816,0,-0.29056279260566137,0.040974620602784464,0,-0.29056651595155675,3.7233458953511711e-06
5608,28204,28205,1,0.24381411640739509,0,-0.087727020146946111,0.24812693808971348,0,-0.08341419846462772,0.0043128216823183907
5609,28206,28207,1,0.47595730374709411,1,0.14441616719275291,0.47495273196361532,1,0.14341159540927412,0.0010045717834787915
5610,28207,28208,0,0.29705442846040686,0,-0.034486708093934337,0.29705542855125383,0,-0.034485708003087368,1.0000908469698366e-06
5611,28215,28216,0,0.28620921772121322,0,-0.045331918833127982,0.28609513746585497,0,-0.045445999088486233,0.00011408025535825095
5612,28218,28219,0,0.1813319963242121,0,-0.1502091402301291,0.18135226806363056,0,-0.15018886849071064,2.0271739418459278e-05
5613,28219,28220,0,0.12877786980474959,0,-0.20276326674959161,0.12874425923306601,0,-0.20279687732127519,3.3610571683578838e-05
5614,28224,28225,0,0.42468984302969398,1,0.093148706475352783,0.42397673069697056,1,0.092435594142629363,0.00071311233272342012
5615,28226,28227,0,0.0090780992229199005,0,-0.32246303733142129,0.0090815109722374131,0,-0.32245962558210378,3.4117493175125913e-06
5616,28230,28231,0,0.2410016285628577,0,-0.090539507991483498,0.24101981264061376,0,-0.090521323913727442,1.8184077756056016e-05
5617,28231,28232,1,0.53380485826348445,1,0.20226372170914325,0.53381314258236046,1,0.20227200602801926,8.2843188760062247e-06
5618,28232,28233,0,0.11469881420888925,0,-0.21684232234545195,0.11445619871923024,0,-0.21708493783511096,0.00024261548965900936
5619,28234,28235,0,0.1376763928562455,0,-0.1938647436980957,0.13752529683675174,0,-0.19401583971758946,0.00015109601949375717
5620,28236,28237,0,0.088733940302651013,0,-0.24280719625169017,0.08873763311755492,0,-0.24280350343678628,3.6928149039078262e-06
5621,28237,28238,0,0.0086634375157986481,0,-0.32287769903854258,0.0086687170677802027,0,-0.32287241948656098,5.2795519815546088e-06
5622,28241,28242,0,0.24187368834082634,0,-0.089667448213514855,0.24205155998484662,0,-0.089489576569494578,0.00017787164402027766
5623,28242,28243,1,0.66956938646318531,1,0.33802824990884411,0.66941685757820679,1,0.33787572102386559,0.00015252888497852002
5624,28247,28248,0,0.14664203068994297,0,-0.18489910586439823,0.14664437552591497,0,-0.18489676102842623,2.3448359720013023e-06
5625,28253,28254,0,0.10317063122074097,0,-0.22837050533360023,0.10321705952702502,0,-0.22832407702731616,4.642830628405481e-05
5626,28258,28259,0,0.14890786955086721,0,-0.18263326700347399,0.14890788301047,0,-0.18263325354387119,1.3459602793419734e-08
5627,28266,28267,0,0.18246474819697842,0,-0.14907638835736278,0.18245059649218073,0,-0.14909054006216046,1.4151704797682463e-05
5628,28267,28268,0,0.028146361083289884,0,-0.30339477547105131,0.028162606917197054,0,-0.30337852963714412,1.6245833907170548e-05
5629,28268,28269,0,0.22637026146644743,0,-0.10517087508789377,0.22719807028526176,0,-0.10434306626907944,0.0008278088188143351
5630,28271,28272,0,0.019701931408717951,0,-0.31183920514562324,0.019709817898219351,0,-0.31183131865612185,7.8864895013998348e-06
5631,28274,28275,0,0.04855760690672966,0,-0.28298352964761153,0.048553946920924101,0,-0.28298718963341707,3.659985805558319e-06
5632,28278,28279,0,0.15376546317166839,0,-0.17777567338267281,0.15374906607784219,0,-0.177792070476499,1.6397093826198139e-05
5633,28279,28280,0,0.13559368323455687,0,-0.19594745331978433,0.13563394044411631,0,-0.19590719611022489,4.0257209559441121e-05
5634,28282,28283,1,0.12177139414899049,0,-0.20976974240535071,0.12184296050984782,0,-0.20969817604449337,7.1566360857325262e-05
5635,28284,28285,0,0.076390129891990358,0,-0.25515100666235085,0.076347421958492451,0,-0.25519371459584872,4.2707933497906914e-05
5636,28298,28299,0,0.29002140858958259,0,-0.041519727964758613,0.2898657810827408,0,-0.041675355471600395,0.00015562750684178228
5637,28313,28314,0,0.12747560246441705,0,-0.20406553408992414,0.12747805096230977,0,-0.20406308559203143,2.4484978927152845e-06
5638,28316,28317,0,0.055539751089610824,0,-0.27600138546473035,0.055555451181829592,0,-0.27598568537251161,1.570009221876778e-05
5639,28321,28322,1,0.11734193607113777,0,-0.21419920048320343,0.11734651698638407,0,-0.21419461956795713,4.580915246299444e-06
5640,28351,28352,0,0.36764997525090598,1,0.036108838696564782,0.36766752409604975,1,0.036126387541708549,1.7548845143766645e-05
5641,28357,28358,0,0.15548041733644211,0,-0.17606071921789909,0.15548783024781773,0,-0.17605330630652347,7.4129113756260523e-06
5642,28361,28362,0,0.10622493827062188,0,-0.22531619828371932,0.10622844236106925,0,-0.22531269419327193,3.5040904473732093e-06
5643,28363,28364,0,0.31597439007593814,0,-0.01556674647840306,0.31853595392191214,0,-0.013005182632429058,0.002561563845974002
5644,28367,28368,0,0.094847871615256513,0,-0.23669326493908469,0.094855428001030334,0,-0.23668570855331086,7.5563857738214502e-06
5645,28369,28370,0,0.10565910960961129,0,-0.22588202694472992,0.10546386960779339,0,-0.22607726694654781,0.00019524000181790624
5646,28400,28401,0,0.29284010835530555,0,-0.038701028199035648,0.29448988102581614,0,-0.037051255528525062,0.0016497726705105853
5647,28406,28407,0,1,1,0.66845886344565875,0.67282027244007714,1,0.34127913588573594,0.32717972755992286
5648,28408,28409,0,0.024264786967460678,0,-0.30727634958688055,0.024225961331944004,0,-0.30731517522239721,3.8825635516673285e-05
5649,28412,28413,0,0.051053036540095735,0,-0.28048810001424546,0.051051147100808457,0,-0.28048998945353276,1.8894392872781385e-06
5650,28413,28414,0,0.19534116956226222,0,-0.13619996699207898,0.19532210568752598,0,-0.13621903086681522,1.9063874736241493e-05
5651,28416,28417,0,0.034555504938736756,0,-0.29698563161560443,0.034573915853415106,0,-0.29696722070092607,1.8410914678350376e-05
5652,28419,28420,1,0.21985932740296671,0,-0.11168180915137449,0.21985003712636395,0,-0.11169109942797725,9.290276602763603e-06
5653,28423,28424,0,0.040273368111706752,0,-0.29126776844263447,0.040272700110077941,0,-0.29126843644426326,6.6800162881047731e-07
5654,28424,28425,0,0.045458226480313703,0,-0.28608291007402747,0.045490589863963135,0,-0.28605054669037805,3.2363383649432198e-05
5655,28426,28427,0,0.68500716949126905,1,0.35346603293692785,0.6851967321120972,1,0.353655595557756,0.00018956262082814312
5656,28429,28430,0,0.10176940118265874,0,-0.22977173537168244,0.10176971590211027,0,-0.22977142065223094,3.1471945152738989e-07
5657,28440,28441,0,0.10652753028762198,0,-0.22501360626671923,0.1066620648923669,0,-0.22487907166197429,0.0001345346047449264
5658,28442,28443,0,0.64354748668502948,1,0.31200635013068828,0.64351154248163323,1,0.31197040592729203,3.594420339625426e-05
5659,28443,28444,0,0.078115718814498081,0,-0.25342541773984312,0.078121043989310565,0,-0.25342009256503062,5.3251748124844012e-06
5660,28445,28446,0,0.037334058046590041,0,-0.29420707850775119,0.037353142925244782,0,-0.29418799362909642,1.9084878654741788e-05
5661,28450,28451,0,0.10570807839874677,0,-0.22583305815559443,0.10571166024608154,0,-0.22582947630825967,3.5818473347742907e-06
5662,28452,28453,0,0.21153880366291272,0,-0.12000233289142848,0.21151332041392357,0,-0.12002781614041763,2.5483248989155438e-05
5663,28453,28454,1,0.57467485010362118,1,0.24313371354927998,0.5746520232764778,1,0.2431108867221366,2.2826827143385131e-05
5664,28457,28458,0,0.21095575983334827,0,-0.12058537672099293,0.21098497503414876,0,-0.12055616152019244,2.9215200800486452e-05
5665,28473,28474,0,0.1614038460389938,0,-0.1701372905153474,0.16141969620286656,0,-0.17012144035147464,1.5850163872760392e-05
5666,28483,28484,0,0.1489366906346058,0,-0.1826044459197354,0.14893655770249806,0,-0.18260457885184314,1.3293210773812625e-07
5667,28484,28485,0,0.10669544143539812,0,-0.22484569511894309,0.10674283432149337,0,-0.22479830223284783,4.7392886095246056e-05
5668,28487,28488,0,0.28189005291882996,0,-0.049651083635511239,0.2819359830042874,0,-0.049605153550053793,4.5930085457446257e-05
5669,28489,28490,0,0.017290308380986667,0,-0.31425082817335454,0.017318608152154944,0,-0.31422252840218623,2.8299771168277532e-05
5670,28494,28495,0,0.16315835894275107,0,-0.16838277761159012,0.16316800027037318,0,-0.16837313628396802,9.6413276221007926e-06
5671,28499,28500,0,0.10079675459676218,0,-0.23074438195757901,0.10079375118801757,0,-0.23074738536632361,3.0034087446090263e-06
5672,28501,28502,0,0.51533667839427555,1,0.18379554183993435,0.51535813237885642,1,0.18381699582451522,2.1453984580865892e-05
5673,28504,28505,0,0.23630440634220756,0,-0.095236730212133636,0.23630465049609228,0,-0.095236486058248915,2.4415388472087685e-07
5674,28519,28520,0,0.10851718251064565,0,-0.22302395404369554,0.1085322539093755,0,-0.22300888264496571,1.5071398729846197e-05
5675,28520,28521,0,0.46612816427608905,1,0.13458702772174785,0.46614092270896218,1,0.13459978615462098,1.2758432873127834e-05
5676,28528,28529,0,0.081076704111750122,0,-0.25046443244259109,0.081190168939596449,0,-0.25035096761474473,0.00011346482784632683
5677,28531,28532,1,0.73826970870778208,1,0.40672857215344088,0.73826123983990477,1,0.40672010328556357,8.4688678773092718e-06
5678,28532,28533,1,0.65532697774417104,1,0.32378584118982984,0.65533958697223593,1,0.32379845041789473,1.260922806489706e-05
5679,28538,28539,0,0.15894525595310202,0,-0.17259588060123918,0.15898321955689901,0,-0.17255791699744219,3.79636037969866e-05
5680,28539,28540,0,0.049834072590003164,0,-0.28170706396433803,0.049836542715371412,0,-0.28170459383896979,2.4701253682479773e-06
5681,28541,28542,0,0.10456775507265458,0,-0.22697338148168661,0.10460305691538463,0,-0.22693807963895657,3.5301842730053878e-05
5682,28550,28551,0,0.16547604697659563,0,-0.16606508957774557,0.16549363813985632,0,-0.16604749841448488,1.7591163260693987e-05
5683,28551,28552,0,0.19018916052443138,0,-0.14135197602990981,0.19020953262334417,0,-0.14133160393099703,2.0372098912785352e-05
5684,28553,28554,0,0.3120581124163101,0,-0.019483024138031102,0.31207417011131733,0,-0.01946696644302387,1.6057695007232198e-05
5685,28559,28560,1,0.14135433750235366,0,-0.19018679905198754,0.14135052581917334,0,-0.19019061073516785,3.8116831803103324e-06
5686,28561,28562,0,0,0,-0.3315411365543412,8.2411787413931454e-08,0,-0.3315410541425538,8.2411787413931454e-08
5687,28565,28566,0,0.17565766950678424,0,-0.15588346704755696,0.17566240287296897,0,-0.15587873368137223,4.7333661847281938e-06
5688,28567,28568,0,0.208162191574779,0,-0.1233789449795622,0.20826522069785589,0,-0.12327591585648531,0.0001030291230768865
5689,28571,28572,0,0.096842242636469303,0,-0.23469889391787191,0.096825370692642826,0,-0.23471576586169837,1.6871943826476943e-05
5690,28574,28575,0,0.16463953265055162,0,-0.16690160390378958,0.16464801614699101,0,-0.16689312040735019,8.4834964393931678e-06
5691,28578,28579,0,0.02715561983175363,0,-0.30438551672258757,0.027163926280124949,0,-0.30437721027421627,8.3064483713188308e-06
5692,28581,28582,0,0.58505136967676619,1,0.25351023312242499,0.58505089059956239,1,0.25350975404522119,4.7907720379658514e-07
5693,28589,28590,0,0.069915663255378971,0,-0.26162547329896224,0.069915016422700829,0,-0.26162612013164038,6.4683267814169554e-07
5694,28590,28591,1,0.39081002427668393,1,0.059268887722342734,0.39080001227889483,1,0.059258875724553628,1.0011997789105553e-05
5695,28592,28593,0,0.07501951262816664,0,-0.25652162392617456,0.075147505523397745,0,-0.25639363103094348,0.00012799289523110491
5696,28601,28602,0,0.05638730102692488,0,-0.27515383552741635,0.056403386104624212,0,-0.275137750449717,1.6085077699332095e-05
5697,28608,28609,0,0.19691008507517163,0,-0.13463105147916957,0.19694749722699914,0,-0.13459363932734206,3.7412151827509454e-05
5698,28617,28618,0,0.076058991232288264,0,-0.25548214532205293,0.075933860478090087,0,-0.25560727607625111,0.00012513075419817721
5699,28618,28619,0,0.067442802070668745,0,-0.26409833448367248,0.067449423028373603,0,-0.26409171352596761,6.6209577048587098e-06
5700,28622,28623,0,0.1329539301384153,0,-0.19858720641592589,0.13298625333836769,0,-0.1985548832159735,3.2323199952388748e-05
5701,28623,28624,0,0.24680784932621908,0,-0.084733287228122123,0.24679119813828751,0,-0.084749938416053688,1.6651187931565614e-05
5702,28626,28627,0,0.10944751051993203,0,-0.22209362603440919,0.10947889616322218,0,-0.22206224039111902,3.1385643290152143e-05
5703,28627,28628,0,0.20195068851832984,0,-0.12959044803601136,0.20196320189988384,0,-0.12957793465445736,1.251338155400239e-05
5704,28628,28629,0,0.077713393394517605,0,-0.25382774315982359,0.077713586642711982,0,-0.2538275499116292,1.9324819437727125e-07
5705,28629,28630,0,0.098710280829503561,0,-0.23283085572483764,0.09871212948463505,0,-0.23282900706970616,1.8486551314894628e-06
5706,28630,28631,0,0.020595592299192271,0,-0.31094554425514892,0.02059494397274942,0,-0.31094619258159178,6.4832644285084395e-07
5707,28633,28634,1,0.72442139801180228,1,0.39288026145746108,0.72437888031589792,1,0.39283774376155672,4.2517695904353836e-05
5708,28634,28635,0,0.10261378418106923,0,-0.22892735237327197,0.10262479752444298,0,-0.22891633902989822,1.1013343373750262e-05
5709,28635,28636,1,0.78020324392423646,1,0.44866210736989526,0.78019533814681719,1,0.44865420159247599,7.9057774192703434e-06
5710,28641,28642,1,0.67915201853596274,1,0.34761088198162154,0.6791931106477288,1,0.34765197409338761,4.1092111766061201e-05
5711,28642,28643,0,0.11845329102305491,0,-0.21308784553128629,0.11848193334195545,0,-0.21305920321238575,2.8642318900540253e-05
5712,28643,28644,0,0.10758088495780541,0,-0.22396025159653579,0.10758420401298943,0,-0.22395693254135177,3.3190551840256433e-06
5713,28649,28650,0,0.098392969361950466,0,-0.23314816719239073,0.098397046826666529,0,-0.23314408972767467,4.0774647160624067e-06
5714,28653,28654,0,0,0,-0.3315411365543412,9.7310187953338764e-08,0,-0.33154103924415324,9.7310187953338764e-08
5715,28661,28662,0,0.47971055367946719,1,0.14816941712512599,0.47970031003524316,1,0.14815917348090196,1.0243644224028348e-05
5716,28666,28667,1,0.13233037089053279,0,-0.19921076566380841,0.13232498223277195,0,-0.19921615432156925,5.3886577608408537e-06
5717,28668,28669,0,0.058223204967032031,0,-0.27331793158730916,0.058227185469738325,0,-0.27331395108460288,3.9805027062939091e-06
5718,28677,28678,0,0.022949927576679612,0,-0.30859120897766157,0.023010429596084323,0,-0.30853070695825685,6.0502019404710949e-05
5719,28685,28686,1,0.098521356449089201,0,-0.23301978010525198,0.098624391611819032,0,-0.23291674494252218,0.00010303516272983093
5720,28689,28690,0,0.20866311217761727,0,-0.12287802437672393,0.20866378555992227,0,-0.12287735099441893,6.7338230499980334e-07
5721,28690,28691,0,0.16178061439219951,0,-0.16976052216214169,0.16177150057820611,0,-0.16976963597613509,9.1138139934054951e-06
5722,28691,28692,0,0.0093802549493777459,0,-0.32216088160496348,0.0093820409309854705,0,-0.32215909562335571,1.7859816077245988e-06
5723,28697,28698,0,0.10130751775217746,0,-0.23023361880216375,0.1012965208004877,0,-0.23024461575385349,1.0996951689754009e-05
5724,28704,28705,0,0.23669761037001474,0,-0.094843526184326454,0.23665605323283387,0,-0.09488508332150733,4.1557137180875392e-05
5725,28710,28711,0,0.078363131239088168,0,-0.25317800531525303,0.078307862219472668,0,-0.25323327433486853,5.5269019615500348e-05
5726,28713,28714,0,0.1705834832554603,0,-0.1609576532988809,0.17061563734038676,0,-0.16092549921395444,3.2154084926461213e-05
5727,28720,28721,0,0.17498592225888604,0,-0.15655521429545516,0.17499892535327322,0,-0.15654221120106798,1.3003094387176173e-05
5728,28721,28722,0,0.093140732593417652,0,-0.23840040396092355,0.093164567996085926,0,-0.23837656855825529,2.3835402668273553e-05
5729,28725,28726,0,0.060317655849908322,0,-0.27122348070443286,0.060316472384990411,0,-0.27122466416935076,1.1834649179115475e-06
5730,28729,28730,0,0.050187681137182055,0,-0.28135345541715917,0.05018876987873238,0,-0.28135236667560881,1.0887415503244013e-06
5731,28733,28734,0,0.17901062303746162,0,-0.15253051351687957,0.17897043644519153,0,-0.15257070010914967,4.0186592270091692e-05
5732,28738,28739,0,0.1564656977523336,0,-0.1750754388020076,0.15650435928717621,0,-0.17503677726716499,3.8661534842610035e-05
5733,28739,28740,0,0.27400364523170717,0,-0.057537491322634027,0.2740307841526004,0,-0.057510352401740794,2.7138920893232665e-05
5734,28746,28747,0,0.17627217410378704,0,-0.15526896245055416,0.17628074203615218,0,-0.15526039451818902,8.567932365144415e-06
5735,28747,28748,0,0.8149336484254649,1,0.4833925118711237,0.81459154738588202,1,0.48305041083154082,0.00034210103958287608
5736,28749,28750,0,0.23933819894194505,0,-0.092202937612396146,0.23943200725078242,0,-0.092109129303558773,9.3808308837373122e-05
5737,28754,28755,0,0.048199764714809253,0,-0.28334137183953195,0.048203236764406097,0,-0.28333789978993512,3.4720495968448839e-06
5738,28755,28756,0,0.046199300269589412,0,-0.28534183628475179,0.046161454809669149,0,-0.28537968174467204,3.7845459920263225e-05
5739,28759,28760,0,0.013059463277445322,0,-0.31848167327689586,0.013033468879065634,0,-0.31850766767527555,2.5994398379688283e-05
5740,28760,28761,0,0.11202751592650928,0,-0.21951362062783192,0.1120063430168219,0,-0.21953479353751931,2.1172909687380836e-05
5741,28763,28764,1,0.041636029610472823,0,-0.2899051069438684,0.041681706345557595,0,-0.28985943020878358,4.5676735084772269e-05
5742,28765,28766,0,0.030575197658624837,0,-0.30096593889571638,0.030573925712463392,0,-0.30096721084187783,1.2719461614449368e-06
5743,28767,28768,0,0.04757667715813927,0,-0.28396445939620191,0.047596918347922353,0,-0.28394421820641885,2.0241189783082314e-05
5744,28768,28769,0,0.034007985757466379,0,-0.29753315079687481,0.034057250348538827,0,-0.29748388620580235,4.9264591072448183e-05
5745,28770,28771,1,0.29084870831476567,0,-0.040692428239575529,0.29082295522940083,0,-0.040718181324940372,2.5753085364843553e-05
5746,28780,28781,0,0.049288795667933247,0,-0.28225234088640794,0.049290066209709243,0,-0.28225107034463193,1.2705417759967252e-06
5747,28796,28797,1,0.28711743992948369,0,-0.044423696624857512,0.2870939432071935,0,-0.044447193347147695,2.3496722290183847e-05
5748,28799,28800,0,0.20310157554486666,0,-0.12843956100947454,0.20309259902945648,0,-0.12844853752488472,8.9765154101806299e-06
5749,28802,28803,0,0.1386825791342422,0,-0.192858557420099,0.13870251047332685,0,-0.19283862608101435,1.9931339084650057e-05
5750,28806,28807,1,0.41207246391974833,1,0.080531327365407135,0.41200302842520781,1,0.080461891870866609,6.9435494540526221e-05
5751,28812,28813,0,0.027894799544153193,0,-0.30364633701018801,0.027908710359204367,0,-0.30363242619513681,1.391081505117478e-05
5752,28813,28814,0,0.090107981558920233,0,-0.24143315499542095,0.092007206759146781,0,-0.23953392979519442,0.0018992252002265481
5753,28814,28815,0,0.21790405401697022,0,-0.11363708253737098,0.21792939565904579,0,-0.11361174089529541,2.5341642075571436e-05
5754,28816,28817,0,0.055173725985536076,0,-0.27636741056880509,0.055218415300896571,0,-0.27632272125344465,4.4689315360495196e-05
5755,28832,28833,0,0.027640992918132028,0,-0.30390014363620915,0.027657945728234583,0,-0.3038831908261066,1.6952810102555116e-05
5756,28834,28835,1,0.1095100439578431,0,-0.22203109259649811,0.10950805296241103,0,-0.22203308359193016,1.9909954320634915e-06
5757,28850,28851,0,0.0090241947482937318,0,-0.32251694180604745,0.0090275894959749355,0,-0.32251354705836627,3.3947476812037219e-06
5758,28866,28867,0,0.11051448755209425,0,-0.22102664900224694,0.11042883231747182,0,-0.22111230423686939,8.5655234622436516e-05
5759,28867,28868,0,0.065285843110969563,0,-0.26625529344337162,0.065315778424019741,0,-0.26622535813032144,2.9935313050177825e-05
5760,28884,28885,0,0.047748548415814877,0,-0.28379258813852631,0.047760047445459558,0,-0.28378108910888167,1.1499029644680692e-05
5761,28885,28886,0,0.24665718354504079,0,-0.084883953009300406,0.24517287234523863,0,-0.086368264209102569,0.001484311199802163
5762,28886,28887,0,0.20174166524127582,0,-0.12979947131306538,0.20172355141314974,0,-0.12981758514119146,1.8113828126081755e-05
5763,28893,28894,0,0.57210399920165278,1,0.24056286264731158,0.57208942158547316,1,0.24054828503113196,1.4577616179622943e-05
5764,28901,28902,0,0.087169434299471688,0,-0.24437170225486951,0.087179944456858144,0,-0.24436119209748305,1.0510157386456331e-05
5765,28902,28903,0,0.28834383066024744,0,-0.043197305894093763,0.28842895079645703,0,-0.043112185757884169,8.5120136209593245e-05
5766,28903,28904,0,0.01970001849958521,0,-0.31184111805475601,0.019705346386888943,0,-0.31183579016745228,5.3278873037333752e-06
5767,28906,28907,0,0.21227967173638154,0,-0.11926146481795966,0.21227288846151049,0,-0.11926824809283071,6.7832748710527913e-06
5768,28907,28908,0,0.16073527854941194,0,-0.17080585800492926,0.16076534984297697,0,-0.17077578671136423,3.0071293565026025e-05
5769,28908,28909,1,0.079591909455489676,0,-0.25194922709885154,0.079591328801986272,0,-0.25194980775235493,5.8065350340419375e-07
5770,28914,28915,0,0.16523133884709515,0,-0.16630979770724605,0.16524270697261093,0,-0.16629842958173027,1.136812551577604e-05
5771,28920,28921,1,0.30934625684022715,0,-0.022194879714114046,0.31110419871589018,0,-0.020436937838451019,0.0017579418756630272
5772,28926,28927,1,0.33460704052132623,1,0.0030659039669850285,0.33484695374072337,1,0.0033058171863821761,0.0002399132193971476
5773,28932,28933,1,0.25788984410003707,0,-0.073651292454304129,0.25788558467489192,0,-0.073655551879449277,4.259425145147766e-06
5774,28934,28935,0,0.10595909537642309,0,-0.22558204117791811,0.10596516908793377,0,-0.22557596746640743,6.0737115106790363e-06
5775,28937,28938,0,0.13992785950335315,0,-0.19161327705098805,0.13992549884389538,0,-0.19161563771044582,2.3606594577729734e-06
5776,28945,28946,0,0.093619365840811847,0,-0.23792177071352935,0.093724360978259674,0,-0.23781677557608152,0.00010499513744782751
5777,28948,28949,0,0.12317105415416468,0,-0.20837008240017652,0.12319569305844841,0,-0.20834544349589279,2.4638904283724727e-05
5778,28950,28951,1,0.28711303473699118,0,-0.044428101817350019,0.28713795433475103,0,-0.044403182219590165,2.4919597759853751e-05
5779,28956,28957,0,0.061211924169442086,0,-0.2703292123848991,0.061209166169689126,0,-0.27033197038465206,2.7579997529600386e-06
5780,28962,28963,0,0.14516908714655477,0,-0.18637204940778643,0.14519558661666176,0,-0.18634554993767943,2.6499470106994272e-05
5781,28969,28970,0,0.14439176072310475,0,-0.18714937583123645,0.14436709701745634,0,-0.18717403953688486,2.4663705648408918e-05
5782,28972,28973,0,0.17029571246280775,0,-0.16124542409153345,0.17029213134157861,0,-0.16124900521276259,3.5811212291403383e-06
5783,28987,28988,0,0.18423140195944959,0,-0.14730973459489161,0.18421726150534268,0,-0.14732387504899852,1.4140454106914557e-05
5784,28988,28989,1,0.3637483676603856,1,0.032207231106044398,0.36373986241176426,1,0.032198725857423061,8.5052486213377243e-06
5785,28990,28991,0,0.34537022869884826,1,0.01382909214450706,0.34521816890791468,1,0.013677032353573482,0.00015205979093357858
5786,28992,28993,0,0.093056246917640736,0,-0.23848488963670045,0.093001148347995444,0,-0.23853998820634575,5.5098569645292694e-05
5787,28993,28994,1,0.058881118045974908,0,-0.2726600185083663,0.058883548641415366,0,-0.27265758791292583,2.4305954404585384e-06
5788,29007,29008,0,0.091021612835426716,0,-0.2405195237189145,0.091103855396792985,0,-0.2404372811575482,8.2242561366269173e-05
5789,29008,29009,0,0.022774819483855065,0,-0.30876631707048613,0.02276416203060987,0,-0.30877697452373132,1.0657453245195569e-05
5790,29013,29014,0,0.15131141864585587,0,-0.18022971790848533,0.15129730622962229,0,-0.18024383032471891,1.4112416233585945e-05
5791,29015,29016,1,0.58572334277155513,1,0.25418220621721394,0.58558834575359953,1,0.25404720919925833,0.00013499701795560703
5792,29018,29019,0,0.10973478566900001,0,-0.22180635088534117,0.1097347067246259,0,-0.2218064298297153,7.8944374107270399e-08
5793,29027,29028,1,0.20815438581078388,0,-0.12338675074355732,0.20816993040163126,0,-0.12337120615270994,1.5544590847377249e-05
5794,29029,29030,0,0.044120828142351715,0,-0.28742030841198951,0.044181141592009331,0,-0.28735999496233189,6.0313449657616036e-05
5795,29041,29042,1,0.15502956715090904,0,-0.17651156940343216,0.15499807700581938,0,-0.17654305954852181,3.149014508965764e-05
5796,29059,29060,0,0.16367543911076698,0,-0.16786569744357421,0.16370027529659137,0,-0.16784086125774983,2.4836185824383961e-05
5797,29060,29061,0,0.13156250467000302,0,-0.19997863188433818,0.13156076754672455,0,-0.19998036900761665,1.7371232784724189e-06
5798,29066,29067,0,0.16917199435381633,0,-0.16236914220052487,0.16923565084581702,0,-0.16230548570852418,6.3656492000685461e-05
5799,29072,29073,0,0.16062803644091642,0,-0.17091310011342478,0.16061961344585965,0,-0.17092152310848155,8.4229950567671352e-06
5800,29074,29075,1,0.33704824156037272,1,0.0055071050060315208,0.33707028353339874,1,0.005529146979057542,2.2041973026021289e-05
5801,29080,29081,1,0.15655551659584943,0,-0.17498561995849177,0.15656005857419902,0,-0.17498107798014217,4.5419783495925792e-06
5802,29081,29082,1,0.53867261235290076,1,0.20713147579855956,0.53870009342088487,1,0.20715895686654368,2.7481067984114205e-05
5803,29084,29085,1,0.35384133698500231,1,0.02230020043066111,0.35415595972149644,1,0.02261482316715524,0.00031462273649413008
5804,29085,29086,0,0.18702135279793747,0,-0.14451978375640373,0.18704751886643545,0,-0.14449361768790575,2.61660684979792e-05
5805,29086,29087,0,0.090919090443561307,0,-0.24062204611077989,0.090973535863365748,0,-0.24056760069097544,5.4445419804441397e-05
5806,29087,29088,0,0.50429381565484366,1,0.17275267910050246,0.50429420590513674,1,0.17275306935079554,3.9025029308081827e-07
5807,29092,29093,0,0.1227538366926319,0,-0.2087872998617093,0.12274106246211217,0,-0.20880007409222903,1.2774230519735363e-05
5808,29094,29095,0,0.18911226134840339,0,-0.1424288752059378,0.18911181164482713,0,-0.14242932490951407,4.4970357626628044e-07
5809,29099,29100,0,0.12407908585810352,0,-0.20746205069623769,0.12409200613592712,0,-0.20744913041841406,1.2920277823597059e-05
5810,29100,29101,0,0.083445184565202696,0,-0.2480959519891385,0.08342722358924895,0,-0.24811391296509225,1.7960975953745795e-05
5811,29103,29104,0,0.14346175845785458,0,-0.18807937809648662,0.14332210225676609,0,-0.18821903429757511,0.00013965620108849497
5812,29116,29117,0,0.20428215732929303,0,-0.12725897922504817,0.20422872936138123,0,-0.12731240719295997,5.3427967911801044e-05
5813,29118,29119,1,0.68024748010986369,1,0.34870634355552249,0.68023771171900604,1,0.34869657516466485,9.7683908576451373e-06
5814,29120,29121,0,0.18873558347937397,0,-0.14280555307496723,0.18873484087698147,0,-0.14280629567735972,7.4260239249501758e-07
5815,29123,29124,0,0.13670926497241487,0,-0.19483187158192633,0.13689104386853737,0,-0.19465009268580383,0.00018177889612250309
5816,29129,29130,0,0.2040280925395534,0,-0.1275130440147878,0.20401927420006311,0,-0.12752186235427809,8.8183394902907608e-06
5817,29134,29135,0,0.10656154570390146,0,-0.22497959085043973,0.10656991391616651,0,-0.22497122263817471,8.36821226504747e-06
5818,29139,29140,0,0.12305964567466439,0,-0.20848149087967682,0.12316043116458442,0,-0.20838070538975678,0.00010078548992002723
5819,29141,29142,0,0.022683593489602784,0,-0.30885754306473839,0.022672878678157499,0,-0.30886825787618372,1.0714811445284439e-05
5820,29142,29143,0,0.1473053951899217,0,-0.1842357413644195,0.14730874051846576,0,-0.18423239603587543,3.3453285440687708e-06
5821,29144,29145,0,0.16654534421125766,0,-0.16499579234308354,0.16657812551029616,0,-0.16496301104404504,3.2781299038497913e-05
5822,29145,29146,1,0.16150224650032313,0,-0.17003889005401807,0.16149182506984766,0,-0.17004931148449354,1.0421430475471283e-05
5823,29146,29147,0,0.17005468087553804,0,-0.16148645567880315,0.16999674632161638,0,-0.16154439023272482,5.7934553921668019e-05
5824,29150,29151,1,0.62998830030175157,1,0.29844716374741037,0.62987351803062497,1,0.29833238147628377,0.00011478227112660111
5825,29151,29152,1,0.79593618048020254,1,0.46439504392586134,0.7958153545266542,1,0.464274217972313,0.00012082595354834247
5826,29156,29157,0,0.13685903118776968,0,-0.19468210536657152,0.13686510318392198,0,-0.19467603337041922,6.071996152295922e-06
5827,29159,29160,0,0.04730621445045316,0,-0.28423492210388801,0.047310189620403925,0,-0.28423094693393725,3.9751699507650784e-06
5828,29170,29171,1,0.47097761346102496,1,0.13943647690668376,0.47103783029255203,1,0.13949669373821083,6.0216831527071246e-05
5829,29171,29172,0,0.14968758804078169,0,-0.1818535485135595,0.14973324328452009,0,-0.18180789326982111,4.5655243738396134e-05
5830,29173,29174,0,0.14592271742240673,0,-0.18561841913193447,0.14591130715106904,0,-0.18562982940327216,1.1410271337691791e-05
5831,29176,29177,1,0.54823456132979242,1,0.21669342477545123,0.54822801836738033,1,0.21668688181303913,6.5429624120927343e-06
5832,29184,29185,1,0.22877956008322847,0,-0.10276157647111273,0.22877643971324893,0,-0.10276469684109227,3.1203699795423478e-06
5833,29186,29187,0,0.23277552072929231,0,-0.098765615825048891,0.23275262668912797,0,-0.098788509865213231,2.2894040164339602e-05
5834,29187,29188,0,0.092846374238919199,0,-0.238694762315422,0.092843264341993859,0,-0.23869787221234734,3.1098969253406938e-06
5835,29190,29191,0,0.078003571095134033,0,-0.25353756545920714,0.078140214597526,0,-0.25340092195681518,0.0001366435023919671
5836,29191,29192,0,0.034359445856173648,0,-0.29718169069816758,0.034396727360309222,0,-0.29714440919403196,3.7281504135573684e-05
5837,29203,29204,0,0.14176958155187769,0,-0.18977155500246351,0.14188631746714897,0,-0.18965481908719223,0.00011673591527128213
5838,29206,29207,0,0.09842319419373681,0,-0.2331179423606044,0.098485491395416333,0,-0.23305564515892485,6.2297201679523129e-05
5839,29211,29212,0,0.18855563882802803,0,-0.14298549772631317,0.18855654493940699,0,-0.14298459161493421,9.0611137895657556e-07
5840,29214,29215,1,0.54598423751248548,1,0.21444310095814428,0.54597743381274455,1,0.21443629725840335,6.8036997409315347e-06
5841,29221,29222,0,0.20493309235608206,0,-0.12660804419825913,0.20478237315539979,0,-0.1267587633989414,0.00015071920068226996
5842,29226,29227,0,0.18979100344502906,0,-0.14175013310931214,0.18963637859656357,0,-0.14190475795777763,0.00015462484846548441
5843,29242,29243,1,0.16940962513076158,0,-0.16213151142357962,0.16939610445387507,0,-0.16214503210046613,1.3520676886508154e-05
5844,29245,29246,0,0.15652166252185948,0,-0.17501947403248172,0.15652595646240841,0,-0.17501518009193279,4.2939405489328397e-06
5845,29246,29247,0,0.36334809122220374,1,0.031806954667862541,0.36342119200210332,1,0.031880055447762123,7.3100779899581969e-05
5846,29248,29249,1,0.20353244213124644,0,-0.12800869442309476,0.20351413235448726,0,-0.12802700419985394,1.8309776759178886e-05
5847,29253,29254,0,0.24767440656851583,0,-0.083866729985825367,0.2476767594203915,0,-0.083864377133949702,2.3528518756643635e-06
5848,29255,29256,1,0.18219819018333006,0,-0.14934294637101114,0.18218495817570679,0,-0.14935617837863441,1.3232007623265041e-05
5849,29259,29260,0,0.030277014144756125,0,-0.30126412240958506,0.030279088643215386,0,-0.30126204791112582,2.0744984592611926e-06
5850,29260,29261,0,0.24515912335573325,0,-0.086382013198607943,0.24516677756974831,0,-0.086374358984592892,7.6542140150515081e-06
5851,29262,29263,0,0.16741199116144909,0,-0.16412914539289211,0.16741872378960418,0,-0.16412241276473702,6.7326281550927902e-06
5852,29276,29277,0,0.15935755164722959,0,-0.17218358490711161,0.15979159903871418,0,-0.17174953751562702,0.00043404739148458771
5853,29287,29288,0,0.35540904435879289,1,0.023867907804451693,0.35540832310245507,1,0.023867186548113872,7.2125633782116338e-07
5854,29289,29290,0,0.09028463491296719,0,-0.24125650164137402,0.090281565188166074,0,-0.24125957136617512,3.0697248011163358e-06
5855,29291,29292,0,0.21424092709664341,0,-0.11730020945769778,0.21425279999128324,0,-0.11728833656305795,1.1872894639830545e-05
5856,29295,29296,0,0.59077935686580363,1,0.25923822031146243,0.59080587210224222,1,0.25926473554790103,2.6515236438595657e-05
5857,29300,29301,1,0.71427562143996848,1,0.38273448488562728,0.71430066045412188,1,0.38275952389978068,2.5039014153405148e-05
5858,29303,29304,0,0.15265060079437423,0,-0.17889053575996697,0.15265898125295987,0,-0.17888215530138132,8.3804585856439573e-06
5859,29309,29310,1,0.54128586377004517,1,0.20974472721570397,0.54129265553432127,1,0.20975151897998007,6.7917642760928487e-06
5860,29315,29316,0,0.095474653796171663,0,-0.23606648275816955,0.095479884539437038,0,-0.23606125201490416,5.2307432653747599e-06
5861,29316,29317,0,1,1,0.66845886344565875,0.78971545099328377,1,0.45817431443894258,0.21028454900671623
5862,29318,29319,0,0.18269712076172623,0,-0.14884401579261497,0.18270596753690005,0,-0.14883516901744115,8.84677517382082e-06
5863,29319,29320,0,0.17259206644778244,0,-0.15894907010655876,0.17258519274604675,0,-0.15895594380829445,6.8737017356879093e-06
5864,29327,29328,0,0.042416480476766244,0,-0.28912465607757498,0.042479106185513586,0,-0.2890620303688276,6.2625708747342246e-05
5865,29331,29332,0,0.11643510538558499,0,-0.21510603116875621,0.11644490616630508,0,-0.2150962303880361,9.8007807200900521e-06
5866,29346,29347,0,0.031822627042743697,0,-0.29971850951159751,0.031820390522209877,0,-0.29972074603213134,2.2365205338201188e-06
5867,29363,29364,0,0.22174766300285051,0,-0.10979347355149069,0.22174196933424867,0,-0.10979916722009253,5.6936686018416172e-06
5868,29364,29365,0,0.10024230892979921,0,-0.23129882762454199,0.10023864373841522,0,-0.23130249281592596,3.6651913839919059e-06
5869,29371,29372,0,0.12610702320643158,0,-0.20543411334790962,0.12612230110606037,0,-0.20541883544828082,1.527789962879611e-05
5870,29377,29378,0,0.10275540534298808,0,-0.22878573121135312,0.10283952321133773,0,-0.22870161334300348,8.4117868349650737e-05
5871,29382,29383,0,0.48035757535254564,1,0.14881643879820444,0.48034966123531264,1,0.14880852468097144,7.9141172329988407e-06
5872,29383,29384,0,0.028620886298164352,0,-0.30292025025617686,0.028625906177221529,0,-0.30291523037711965,5.0198790571762131e-06
5873,29390,29391,0,0.1688920948071721,0,-0.1626490417471691,0.1688615731158869,0,-0.1626795634384543,3.0521691285201324e-05
5874,29391,29392,1,0.19178929064902767,0,-0.13975184590531353,0.19178557516416939,0,-0.13975556139017181,3.7154848582798827e-06
5875,29399,29400,0,0.2230420556298095,0,-0.1084990809245317,0.22305350996563569,0,-0.1084876265887055,1.1454335826194262e-05
5876,29413,29414,1,0.63124737073670922,1,0.29970623418236803,0.63126543309832761,1,0.29972429654398641,1.8062361618387257e-05
5877,29428,29429,0,0.10470990187598704,0,-0.22683123467835414,0.10506421715357581,0,-0.22647691940076539,0.00035431527758876535
5878,29429,29430,0,0.12148866740039228,0,-0.21005246915394893,0.12143160913594897,0,-0.21010952741839223,5.7058264443313189e-05
5879,29434,29435,0,0.076933839544629165,0,-0.25460729700971202,0.076940219620717676,0,-0.25460091693362352,6.3800760885107666e-06
5880,29437,29438,0,0.13195935148819429,0,-0.19958178506614691,0.13197221168592466,0,-0.19956892486841654,1.2860197730363288e-05
5881,29441,29442,0,0.0768265767652547,0,-0.25471455978908653,0.076875012516057911,0,-0.25466612403828326,4.843575080321072e-05
5882,29448,29449,0,0.26396897206562897,0,-0.067572164488712227,0.26395143565667839,0,-0.067589700897662808,1.7536408950580284e-05
5883,29450,29451,0,0.245705330303264,0,-0.085835806251077201,0.2457850453848868,0,-0.085756091169454401,7.9715081622799833e-05
5884,29454,29455,1,0.25949076506629815,0,-0.072050371488043052,0.25950657319759046,0,-0.072034563356750736,1.5808131292316396e-05
5885,29455,29456,0,0.36737717030391359,1,0.035836033749572394,0.36733424338677945,1,0.035793106832438248,4.2926917134145093e-05
5886,29466,29467,0,0.6211728707362052,1,0.289631734181864,0.62115965308030008,1,0.28961851652595888,1.3217655905117809e-05
5887,29467,29468,0,0.034729654760393254,0,-0.29681148179394795,0.034759777280440968,0,-0.29678135927390026,3.0122520047713708e-05
5888,29468,29469,0,0.18645803802366143,0,-0.14508309853067977,0.18646884463308089,0,-0.14507229192126031,1.0806609419461433e-05
5889,29480,29481,0,0.2621231692100715,0,-0.069417967344269693,0.2621420317907886,0,-0.069399104763552599,1.8862580717093902e-05
5890,29483,29484,1,0.072272034119626891,0,-0.25926910243471429,0.072102532477333364,0,-0.25943860407700781,0.00016950164229352638
5891,29489,29490,0,0.17192960108800157,0,-0.15961153546633963,0.17194281158675767,0,-0.15959832496758353,1.3210498756105471e-05
5892,29491,29492,1,0.34449287887956614,1,0.012951742325224946,0.34169287166695145,1,0.01015173511261025,0.0028000072126146969
5893,29495,29496,0,0.045603879527803023,0,-0.28593725702653816,0.04557405846962876,0,-0.28596707808471244,2.9821058174263337e-05
5894,29512,29513,1,0.24271484234265828,0,-0.088826294211682921,0.2426926791330026,0,-0.088848457421338595,2.2163209655673421e-05
5895,29513,29514,0,0.31360077627222138,0,-0.017940360282119816,0.31348808047581522,0,-0.018053056078525975,0.00011269579640615923
5896,29514,29515,0,0.10567448669409446,0,-0.22586664986024674,0.10570245264017986,0,-0.22583868391416134,2.7965946085395377e-05
5897,29520,29521,1,0.16820655883527769,0,-0.16333457771906351,0.16837055680591853,0,-0.16317057974842267,0.00016399797064084454
5898,29524,29525,1,0.62092777231148299,1,0.2893866357571418,0.62092502127331783,1,0.28938388471897664,2.7510381651607574e-06
5899,29526,29527,0,0.19661140116446324,0,-0.13492973538987796,0.19672573911438951,0,-0.13481539743995169,0.00011433794992626867
5900,29527,29528,0,0.11519820479368388,0,-0.21634293176065733,0.11516330384727669,0,-0.21637783270706451,3.4900946407193101e-05
5901,29530,29531,0,0.10838716394684368,0,-0.22315397260749753,0.10838895142767915,0,-0.22315218512666204,1.7874808354717553e-06
5902,29532,29533,0,0.084650354563728977,0,-0.24689078199061221,0.084569361744078059,0,-0.24697177481026314,8.0992819650918535e-05
5903,29540,29541,1,0.23332577260264545,0,-0.09821536395169575,0.23327702581788007,0,-0.09826411073646113,4.8746784765379969e-05
5904,29545,29546,1,0.19150405585428651,0,-0.14003708070005469,0.19154137626116466,0,-0.13999976029317654,3.7320406878149637e-05
5905,29546,29547,0,0.077106982783049366,0,-0.25443415377129186,0.077363486423661837,0,-0.25417765013067939,0.000256503640612471
5906,29549,29550,0,0.22942745054676636,0,-0.10211368600757484,0.22942390351176603,0,-0.10211723304257517,3.5470350003286022e-06
5907,29562,29563,0,0.059753377551611496,0,-0.27178775900272972,0.059752057341984501,0,-0.27178907921235668,1.3202096269954167e-06
5908,29568,29569,0,0.31244072275800633,0,-0.01910041379633487,0.31247012603354651,0,-0.019071010520794685,2.9403275540185181e-05
5909,29570,29571,1,0.71136803320684705,1,0.37982689665250585,0.71137343551686016,1,0.37983229896251897,5.4023100131139756e-06
5910,29576,29577,1,0.66170376337769232,1,0.33016262682335112,0.66170879106566438,1,0.33016765451132318,5.0276879720589918e-06
5911,29577,29578,1,0.22965880345067749,0,-0.10188233310366371,0.22967108421913204,0,-0.10187005233520915,1.2280768454553392e-05
5912,29580,29581,0,0.033070397898630539,0,-0.29847073865571067,0.033053969583504109,0,-0.2984871669708371,1.6428315126430781e-05
5913,29581,29582,0,0.13463636093298653,0,-0.19690477562135467,0.13464480325628278,0,-0.19689633329805842,8.4423232962482775e-06
5914,29583,29584,0,0.21668021710754448,0,-0.11486091944679672,0.21671233677367185,0,-0.11482879978066934,3.2119666127372604e-05
5915,29596,29597,0,0.07228135748710858,0,-0.25925977906723263,0.072270213180706921,0,-0.25927092337363428,1.1144306401658644e-05
5916,29597,29598,0,0.10253991090060206,0,-0.22900122565373915,0.10248040701502295,0,-0.22906072953931825,5.9503885579112459e-05
5917,29598,29599,1,0.17329634370457581,0,-0.15824479284976539,0.17318295077846479,0,-0.1583581857758764,0.00011339292611101115
5918,29599,29600,0,0.081292517631017067,0,-0.25024861892332412,0.08128836500645116,0,-0.25025277154789005,4.1526245659062599e-06
5919,29615,29616,1,0.34179583904860689,1,0.010254702494265688,0.34180745665376183,1,0.010266320099420634,1.1617605154945476e-05
5920,29616,29617,0,0.045726432384417773,0,-0.28581470416992344,0.045736177030727472,0,-0.28580495952361373,9.7446463096992342e-06
5921,29618,29619,0,0.1563927415531845,0,-0.1751483950011567,0.1563981123166388,0,-0.17514302423770239,5.370763454304317e-06
5922,29628,29629,0,0.14228324434429546,0,-0.18925789221004574,0.14232751390618437,0,-0.18921362264815683,4.4269561888909958e-05
5923,29631,29632,0,0.19517234749694815,0,-0.13636878905739305,0.19518479887375964,0,-0.13635633768058156,1.2451376811495329e-05
5924,29634,29635,0,0,0,-0.3315411365543412,5.3259614921039372e-08,0,-0.33154108329472626,5.3259614921039372e-08
5925,29635,29636,0,0.1483855054916334,0,-0.1831556310627078,0.14838607755582778,0,-0.18315505899851342,5.7206419437627609e-07
5926,29641,29642,0,0.054924585290439601,0,-0.27661655126390161,0.055049932067660678,0,-0.27649120448668052,0.00012534677722107757
5927,29649,29650,0,0.081827754046790019,0,-0.24971338250755118,0.081827526966660777,0,-0.24971360958768041,2.2708012924199661e-07
5928,29651,29652,1,0.63067137644627369,1,0.29913023989193249,0.63071472243987403,1,0.29917358588553283,4.3345993600341082e-05
5929,29652,29653,0,0.047018952461102104,0,-0.28452218409323909,0.0470247025302446,0,-0.2845164340240966,5.7500691424960948e-06
5930,29664,29665,0,0.16510598383235683,0,-0.16643515272198436,0.16513800312829752,0,-0.16640313342604368,3.2019295940682868e-05
5931,29669,29670,0,0.14246052924194588,0,-0.18908060731239532,0.14253643717883685,0,-0.18900469937550435,7.5907936890967642e-05
5932,29670,29671,0,0.54879307292711232,1,0.21725193637277113,0.54869017011307386,1,0.21714903355873266,0.00010290281403846357
5933,29675,29676,0,0.034345512022013538,0,-0.29719562453232767,0.034323891239164801,0,-0.2972172453151764,2.1620782848737197e-05
5934,29680,29681,0,0.44974980101101808,1,0.11820866445667688,0.44974404223413567,1,0.11820290567979447,5.7587768824141072e-06
5935,29681,29682,1,0.37328165912380595,1,0.041740522569464755,0.37328623031910241,1,0.04174509376476121,4.5711952964544444e-06
5936,29689,29690,0,0.24775268317930946,0,-0.083788453375031741,0.24773602225694882,0,-0.083805114297392375,1.666092236063399e-05
5937,29690,29691,0,0.063744761675084513,0,-0.26779637487925667,0.063769463770061693,0,-0.26777167278427949,2.4702094977180344e-05
5938,29695,29696,0,0.25075054573374461,0,-0.080790590820596586,0.2507450629404252,0,-0.080796073613915997,5.482793319411261e-06
5939,29704,29705,0,0.1618059975067033,0,-0.1697351390476379,0.16180298477476207,0,-0.16973815177957913,3.0127319412265319e-06
5940,29717,29718,1,0.16263286137921959,0,-0.16890827517512161,0.16262115862375873,0,-0.16891997793058247,1.1702755460862857e-05
5941,29718,29719,0,0.12977772506957572,0,-0.20176341148476548,0.13002266265194623,0,-0.20151847390239497,0.00024493758237051355
5942,29720,29721,0,0.052552313295208895,0,-0.27898882325913232,0.052534003082392505,0,-0.27900713347194872,1.8310212816390059e-05
5943,29726,29727,1,0.79655777506257996,1,0.46501663850823877,0.79643587533336946,1,0.46489473877902826,0.00012189972921050618
5944,29736,29737,0,0.083422694395588845,0,-0.24811844215875234,0.083450256081309501,0,-0.24809088047303168,2.7561685720656204e-05
5945,29737,29738,1,0.59647759343414097,1,0.26493645687979978,0.59677177113709123,1,0.26523063458275004,0.00029417770295026013
5946,29754,29755,0,0.44631699299288774,1,0.11477585643854654,0.44587969528327326,1,0.11433855872893206,0.00043729770961448144
5947,29756,29757,0,0.54859938767658534,1,0.21705825112224414,0.54866144505133219,1,0.21712030849699099,6.2057374746848915e-05
5948,29757,29758,0,0.1513201057456719,0,-0.1802210308086693,0.15135265818999932,0,-0.18018847836434188,3.255244432742721e-05
5949,29766,29767,0,0.26312261410140608,0,-0.068418522452935115,0.26315569675562317,0,-0.068385439798718028,3.3082654217087004e-05
5950,29770,29771,1,0.80102470518599844,1,0.46948356863165724,0.80089856062911668,1,0.46935742407477549,0.00012614455688175763
5951,29772,29773,0,0.10538583797442753,0,-0.22615529857991368,0.10545034574468125,0,-0.22609079080965994,6.4507770253713348e-05
5952,29780,29781,0,0.09792492500044532,0,-0.23361621155389589,0.097926514195709788,0,-0.2336146223586314,1.5891952644675467e-06
5953,29788,29789,0,0.19090291022442521,0,-0.14063822632991599,0.19086572103214963,0,-0.14067541552219157,3.7189192275577376e-05
5954,29790,29791,0,0.11852052574246641,0,-0.21302061081187479,0.11852523876938048,0,-0.21301589778496072,4.7130269140716052e-06
5955,29813,29814,0,0.094495963187048282,0,-0.23704517336729292,0.094511384721970584,0,-0.23702975183237063,1.5421534922302471e-05
5956,29815,29816,0,0.23499852267418353,0,-0.096542613880157668,0.2351600218778849,0,-0.096381114676456298,0.00016149920370137072
5957,29822,29823,0,0.11663313114906677,0,-0.21490800540527444,0.11663799688131354,0,-0.21490313967302765,4.8657322467698938e-06
5958,29837,29838,0,0.11599187915248878,0,-0.21554925740185243,0.1154589124211584,0,-0.21608222413318279,0.00053296673133038097
5959,29838,29839,1,0.069473213876989695,0,-0.26206792267735152,0.069335130038760059,0,-0.26220600651558112,0.00013808383822963566
5960,29840,29841,1,0.77263998721848237,1,0.44109885066414117,0.77263633808317023,1,0.44109520152882903,3.6491353121448356e-06
5961,29841,29842,0,0.038677927802589558,0,-0.29286320875175165,0.038685350657531807,0,-0.29285578589680938,7.4228549422489243e-06
5962,29842,29843,0,0.046839010606156598,0,-0.28470212594818461,0.046854866545084174,0,-0.284686270009257,1.5855938927576696e-05
5963,29844,29845,0,0.048184080465462381,0,-0.28335705608887884,0.04818873730177807,0,-0.28335239925256311,4.656836315689028e-06
5964,29850,29851,0,0.14820573436288664,0,-0.18333540219145456,0.14815116034090839,0,-0.18338997621343281,5.4574021978254228e-05
5965,29858,29859,0,0.28102585362179427,0,-0.050515282932546923,0.28097704261897438,0,-0.050564093935366816,4.8811002819892924e-05
5966,29867,29868,0,0.057465084895699188,0,-0.27407605165864202,0.05746989920549668,0,-0.27407123734884453,4.8143097974920335e-06
5967,29879,29880,0,0.080749255759807986,0,-0.25079188079453318,0.080832116321470568,0,-0.25070902023287062,8.28605616625816e-05
5968,29895,29896,0,0.16362556488860164,0,-0.16791557166573956,0.16359199071128869,0,-0.16794914584305251,3.3574177312950537e-05
5969,29899,29900,1,0.14093968613446542,0,-0.19060145041987578,0.14092843411420117,0,-0.19061270244014003,1.1252020264251872e-05
5970,29900,29901,1,0.15178707673618846,0,-0.17975405981815273,0.15153603002635577,0,-0.18000510652798543,0.00025104670983269739
5971,29903,29904,0,0.079071636293146216,0,-0.25246950026119497,0.079072415180666475,0,-0.25246872137367471,7.7888752025856434e-07
5972,29905,29906,1,0.55757743429514894,1,0.22603629774080775,0.5574897546895361,1,0.2259486181351949,8.7679605612844824e-05
5973,29912,29913,0,0.15214648864116684,0,-0.17939464791317436,0.15216451272977999,0,-0.17937662382456121,1.8024088613149969e-05
5974,29915,29916,0,0.66111457545821517,1,0.32957343890387397,0.66119277725397863,1,0.32965164069963743,7.8201795763455095e-05
5975,29916,29917,0,0.038134670827062532,0,-0.29340646572727869,0.038053984977089526,0,-0.29348715157725169,8.0685849973005652e-05
5976,29918,29919,0,0.097430261877128818,0,-0.23411087467721237,0.097591549217335552,0,-0.23394958733700566,0.00016128734020673385
5977,29931,29932,0,0.091163077385451333,0,-0.24037805916888988,0.091160065779054278,0,-0.24038107077528692,3.011606397054778e-06
5978,29933,29934,0,0.32228265127190486,0,-0.0092584852824363351,0.32228980578885003,0,-0.0092513307654911725,7.154516945162559e-06
5979,29935,29936,1,0.19166843246847187,0,-0.13987270408586933,0.19167952001955121,0,-0.13986161653478998,1.1087551079341784e-05
5980,29939,29940,0,0.095301056928153272,0,-0.23624007962618793,0.095310491777529954,0,-0.23623064477681124,9.434849376682708e-06
5981,29944,29945,1,0.5273135160143082,1,0.19577237945996701,0.52730953785959378,1,0.19576840130525258,3.9781547144235319e-06
5982,29945,29946,0,0.087192096186348864,0,-0.24434904036799232,0.087242263684665589,0,-0.24429887286967561,5.0167498316724957e-05
5983,29946,29947,0,0.13194427536620798,0,-0.19959686118813322,0.13195903913333565,0,-0.19958209742100555,1.4763767127667915e-05
5984,29958,29959,0,0.15505258628698484,0,-0.17648855026735635,0.15505873111473389,0,-0.1764824054396073,6.1448277490494529e-06
5985,29959,29960,0,0.11633573663598604,0,-0.21520539991835516,0.11634613820684925,0,-0.21519499834749195,1.0401570863211029e-05
5986,29963,29964,0,0.088073868573013775,0,-0.24346726798132742,0.088075517410286408,0,-0.24346561914405479,1.6488372726330969e-06
5987,29967,29968,0,0.23288200911038176,0,-0.098659127443959438,0.23287301977341981,0,-0.098668116780921383,8.9893369619453711e-06
5988,29968,29969,0,0.13283876650978188,0,-0.19870237004455932,0.13282846027727691,0,-0.19871267627706429,1.0306232504975199e-05
5989,29969,29970,0,0.070914192728551637,0,-0.26062694382578955,0.070911302287128344,0,-0.26062983426721287,2.8904414232922004e-06
5990,29970,29971,0,0.078715363389458282,0,-0.25282577316488292,0.078743497204413912,0,-0.25279763934992727,2.8133814955630387e-05
5991,29972,29973,0,0.05123907976971763,0,-0.28030205678462355,0.051236172372420036,0,-0.28030496418192119,2.9073972975940388e-06
5992,29976,29977,1,0.72644593656433165,1,0.39490480000999045,0.72644053243227513,1,0.39489939587793393,5.4041320565190176e-06
5993,29977,29978,0,0,0,-0.3315411365543412,5.8403095316476362e-08,0,-0.33154107815124589,5.8403095316476362e-08
5994,29982,29983,1,0.1530267086264499,0,-0.17851442792789129,0.15305183486251581,0,-0.17848930169182539,2.5126236065903251e-05
5995,29985,29986,0,0.3223288945536304,0,-0.0092122420007108019,0.32349667523184206,0,-0.0080444613224991413,0.0011677806782116606
5996,29988,29989,0,0.17797981701830454,0,-0.15356131953603666,0.17798702324694909,0,-0.1535541133073921,7.2062286445573331e-06
5997,29993,29994,0,0.04850532731588339,0,-0.28303580923845784,0.048509783500491746,0,-0.28303135305384947,4.4561846083562839e-06
5998,29994,29995,1,0.74854165725633914,1,0.41700052070199795,0.74854861013604634,1,0.41700747358170515,6.9528797072004878e-06
5999,29996,29997,0,0.092883968417422788,0,-0.2386571681369184,0.092868228786117696,0,-0.2386729077682235,1.5739631305092261e-05
