training_position,row_id,original_id,fold,y_true,probability_class_1
0,0,1,5,1,0.37573618801351838
1,2,3,3,0,0.11661526558455695
2,3,4,3,0,0.098832825414884279
3,4,5,3,0,0.094553624810036804
4,5,6,1,0,0.22374695808826939
5,6,7,4,0,0.091739681011270752
6,7,8,4,0,0.17265971242061801
7,8,9,2,0,0.18724283846365472
8,9,10,5,0,0.12630866487837841
9,10,11,2,0,0.15594669289095667
10,12,13,4,0,0.099435872766883732
11,13,14,1,1,0.60647664009349034
12,15,16,1,0,0.45838243525676764
13,16,17,4,1,0.44496687172913896
14,18,19,4,0,0
15,19,20,2,0,0.3539621490901072
16,22,23,2,1,0.64730803108772572
17,23,24,2,1,0.045007620004044166
18,24,25,2,0,0.046856874306152367
19,25,26,5,0,0.13580035568941706
20,27,28,5,0,0.084055126346454928
21,28,29,3,0,0.15279599935982124
22,29,30,1,0,0.04974344341150698
23,30,31,2,0,0.083803219381345037
24,31,32,4,1,0.70056466151880248
25,32,33,2,0,0.13438142145555548
26,35,36,2,0,0.15850887034433547
27,36,37,2,0,0.065567684074674018
28,37,38,4,0,0.10134565841780227
29,38,39,2,1,0.25892396263671341
30,39,40,3,0,0.20766052385092307
31,40,41,2,0,0.085265868096795858
32,41,42,5,0,0.067236272724476256
33,42,43,1,0,0.24023839323005391
34,43,44,1,0,0.031766522334361932
35,44,45,2,0,0.23817408012327598
36,46,47,5,1,0.16757984882673224
37,47,48,2,1,0.17265449256606644
38,48,49,5,0,0.048090916725713882
39,49,50,5,0,0.092166224698076865
40,50,51,3,1,0.60937037387438975
41,51,52,1,0,0.086167864982795328
42,52,53,1,0,0.0093250234403542374
43,53,54,1,0,0.33348546104454346
44,55,56,5,0,0.094931562279844034
45,56,57,5,0,0.075851421149567264
46,57,58,3,0,0.067263138188073002
47,58,59,3,0,0.55757071221634902
48,59,60,2,0,0.10101146949718623
49,60,61,4,1,0.035855220345313916
50,61,62,1,0,0.1489903424168931
51,62,63,2,1,0.70176819452190664
52,64,65,1,0,0.10364702508438048
53,67,68,5,0,0.18521644141284668
54,68,69,1,0,0.18455260383151725
55,69,70,2,0,0.7168063759026968
56,70,71,1,0,0.15050132970570715
57,71,72,5,1,0.79530408229790284
58,72,73,1,0,0.19246517758976034
59,74,75,2,0,0.036473626889745626
60,76,77,4,0,0.18405633454612594
61,77,78,3,0,0.17220977581595098
62,78,79,4,1,0.18404759129511217
63,79,80,1,1,0.29268411763702573
64,80,81,2,0,0.010026145098355269
65,81,82,3,0,0.023412432613963866
66,84,85,5,0,0.1042323161320285
67,85,86,2,0,0.14728417762506302
68,86,87,1,1,0.25470818225981545
69,87,88,3,0,0.043030763448996902
70,88,89,5,0,0.070797354646938065
71,89,90,1,0,0.61921850787537214
72,91,92,4,0,0.20167688304578721
73,93,94,5,0,0.22205397967641313
74,94,95,2,0,0.17224779825921066
75,95,96,4,0,0.17389489769786434
76,96,97,1,0,0.16772984632568491
77,97,98,2,0,0.06421206349712856
78,98,99,1,0,0.11920485691784631
79,99,100,1,1,0.10084626799234524
80,100,101,3,0,0.088521281820195807
81,101,102,5,0,0.084464139945946537
82,102,103,4,0,0.28415212606854812
83,103,104,5,1,0.11016956703194922
84,105,106,3,0,0.15332151825532481
85,106,107,3,0,0.1327110138989481
86,107,108,1,0,0.14805081364445233
87,108,109,1,0,0.13471819274024838
88,110,111,5,0,0.15814693367359914
89,111,112,1,0,0.22848650913232393
90,112,113,1,0,0.75473725438159878
91,114,115,1,0,0.19739742810444003
92,115,116,4,1,0.53404619603772552
93,116,117,1,0,0.18611933130052646
94,117,118,1,1,0.67625163828480528
95,119,120,2,0,0.087247837493350341
96,120,121,4,1,0.71862203028900473
97,121,122,3,1,0.3720840490117765
98,122,123,2,0,0.38344992981242459
99,123,124,1,1,0.63240022221731396
100,124,125,4,0,0.16818629839903826
101,125,126,3,0,0.37718590461122248
102,126,127,2,0,0.068029624670055369
103,127,128,3,1,0.13414811718919634
104,128,129,2,1,0.11978834008564977
105,129,130,3,0,0.6221441759029277
106,130,131,4,0,0.087243710273711333
107,132,133,2,0,0.12599679588134638
108,133,134,3,0,0.058048378271680225
109,134,135,4,0,0.11281589886331954
110,135,136,4,0,0.39979828960569763
111,136,137,3,0,0.037092383690190522
112,137,138,3,0,0.048913229034307559
113,138,139,4,1,0.15620687455626547
114,139,140,1,0,0.13428376559490782
115,140,141,1,1,0.38744390858288574
116,142,143,2,0,0.45140427570407921
117,143,144,1,0,0.034993288769012511
118,144,145,1,0,0.12586073701832706
119,145,146,5,0,0.20573908820143944
120,146,147,2,1,0.066434712041677974
121,147,148,3,0,0.353543939467932
122,148,149,2,0,0.5326623313131611
123,150,151,3,0,0.18590663137107788
124,151,152,2,0,0.075217923781231405
125,152,153,5,0,0.16523295877224414
126,153,154,1,0,0.027790232967509102
127,155,156,3,0,0.036231052377517774
128,156,157,2,0,0.024337608936191205
129,157,158,1,0,0.10775014706618094
130,159,160,3,0,0.52906343468435757
131,160,161,2,0,0.66554607672703181
132,161,162,4,0,0.23610950098310612
133,162,163,5,0,0.19094934468076791
134,165,166,3,0,0.042224218804507337
135,166,167,4,0,0.038031772610741227
136,167,168,2,0,0.38829202177623812
137,168,169,4,0,0.22343501577588556
138,169,170,5,0,0.097180504303719578
139,170,171,3,0,0.047731614693893143
140,171,172,3,0,0.11415695361690631
141,172,173,4,0,0.12143122493201391
142,173,174,3,1,0.36363323117856972
143,174,175,2,0,0.32703155742529977
144,175,176,5,1,0.76982858970326984
145,177,178,2,0,0.43782107870670689
146,179,180,4,0,0.18553644354347887
147,180,181,2,0,0.19277438872870417
148,182,183,3,0,0.0086966233439202921
149,183,184,3,1,0.20127903647805356
150,184,185,3,0,0.086440739310963993
151,185,186,3,1,0.32817381171617477
152,186,187,2,0,0.068219735177838414
153,187,188,3,1,0.67431628468787264
154,189,190,2,0,0.63478306368199811
155,190,191,3,0,0
156,191,192,2,1,0.62428504670456286
157,193,194,3,0,0.32413728410761561
158,194,195,1,0,0.11316932654447506
159,195,196,4,1,0.60229454050721698
160,196,197,5,0,0.19774293608713941
161,199,200,2,1,0.49470615805901308
162,200,201,2,0,0.2410633198613622
163,202,203,2,0,0.073677685388601491
164,203,204,1,0,0.084957695086784704
165,204,205,2,0,0.035657686023554999
166,206,207,5,0,0.23615487873620228
167,207,208,2,1,0.21106526352915822
168,208,209,4,1,0.12057859171604951
169,211,212,3,1,0.21986513449231646
170,213,214,2,0,0.22084080855159316
171,216,217,5,1,0.25153907907292827
172,217,218,5,0,0.69609034871336783
173,218,219,2,0,0.11496488834382991
174,219,220,3,0,0.18408250693827352
175,221,222,4,0,0.13359131970441082
176,222,223,4,0,0.10765573985083159
177,223,224,5,0,0.0088937267823483383
178,224,225,3,1,0.46055057732628646
179,225,226,5,0,0.04767864888272904
180,227,228,5,0,0.24183972420230851
181,228,229,5,1,0.73528822060233789
182,229,230,3,0,0.4497495369230291
183,230,231,4,0,0.066670894718315388
184,231,232,1,1,0.48283865619613614
185,232,233,4,0,0.15870968344793468
186,233,234,3,1,0.6860986095342243
187,234,235,3,0,0.15660218590886882
188,235,236,5,0,0.10803866682892906
189,236,237,2,0,0.14176829619642148
190,237,238,2,0,0.14235885175911084
191,240,241,1,0,0.38744885842629884
192,241,242,5,0,0.20565514073749405
193,242,243,2,0,0.16885209645948315
194,245,246,1,0,0.21943450487887933
195,251,252,3,0,0.078309626270080562
196,252,253,1,1,0.063834797221153122
197,254,255,1,0,0.13886515626019019
198,256,257,4,0,0.14543391961900867
199,257,258,1,0,0.13959719440695798
200,258,259,1,0,0.17954736130159754
201,259,260,5,1,0.63318655975215954
202,264,265,2,0,0.20302096171745349
203,267,268,1,1,0.050335879550759646
204,268,269,5,0,0.11772133703818498
205,269,270,3,1,0.67497312056136227
206,270,271,1,0,0.05972739917137769
207,271,272,1,0,0.28134635491664162
208,272,273,1,1,0.46096557756908979
209,273,274,1,0,0.0094542621668506389
210,274,275,2,1,0.32898521418228999
211,275,276,1,0,0.13134483860975718
212,276,277,1,1,0.30396517568531439
213,278,279,2,0,0.19256022008699913
214,280,281,3,0,0.15281499788432668
215,281,282,5,0,0.054940854750336526
216,282,283,4,0,0.10125059342449988
217,283,284,4,0,0.037126369876400042
218,284,285,3,0,0.089757213229673879
219,285,286,1,0,0.028046970024431919
220,286,287,2,0,0.71361663154435451
221,287,288,5,0,0.031887675759254268
222,288,289,4,1,0.7139180789431514
223,289,290,4,0,0.06402838506945166
224,290,291,3,1,0.10782460911274058
225,291,292,1,1,0
226,292,293,3,0,0.8481363558268149
227,293,294,4,1,0.22459862109750725
228,295,296,4,0,0.13998229421542471
229,296,297,5,0,0.20373043153445858
230,297,298,2,0,0.039910557181232507
231,298,299,1,0,0.030124253915398927
232,299,300,2,1,0.20145406007621183
233,300,301,2,0,0.093386707051924575
234,301,302,5,0,0.34793943157357432
235,302,303,3,0,0.10818920329587542
236,303,304,4,1,0.25706135485488285
237,307,308,3,0,0.25072981747822809
238,308,309,5,1,0.73775215903929048
239,310,311,1,0,0.11124637859904665
240,311,312,5,0,0.02549459846241969
241,312,313,1,0,0.20302182051171991
242,314,315,2,0,0.05910769576263681
243,316,317,1,0,0.02671583227713754
244,317,318,4,0,0.28977918874699843
245,318,319,2,0,0.59706768384974163
246,319,320,3,0,0.37845191615142976
247,320,321,3,1,0.55640232633214026
248,321,322,2,0,0.048801827998389537
249,322,323,5,0,0.1462420262457938
250,323,324,3,1,0.088956415089324975
251,324,325,5,0,0.0085713036109186722
252,325,326,5,0,0.16180612146040269
253,327,328,3,1,0.69749014140725074
254,328,329,4,0,0.059872686866760831
255,329,330,2,0,0.72041769544888701
256,330,331,2,1,0.20154583436772244
257,331,332,4,1,0.17453092338999793
258,332,333,2,0,0.38031396291900577
259,333,334,1,0,0.14165232370777583
260,334,335,3,0,0.10454659612649296
261,335,336,1,0,0.042128798168705982
262,336,337,1,0,0.051657759342598766
263,339,340,3,0,0.1683218228596349
264,340,341,4,0,0.079733635704555147
265,341,342,5,0,0.16905709670762537
266,342,343,3,0,0.28247111352048893
267,343,344,4,0,0.21502989854559507
268,344,345,1,0,0.026290973570251855
269,345,346,3,0,0.093569623366878144
270,346,347,3,0,0.10441726776751667
271,347,348,1,1,0.14250164222251166
272,348,349,1,0,0.084265228893104754
273,349,350,3,1,0.23763956807966347
274,350,351,3,0,0.075700419592481333
275,352,353,4,1,0.35708614945859629
276,353,354,5,0,0.19101187671942593
277,355,356,1,1,0.10767051466285292
278,356,357,1,0,0.11499997728656387
279,357,358,4,0,0.10339758752118873
280,358,359,4,0,0.059694456998049768
281,359,360,5,0,0.078330108379977031
282,360,361,1,1,0.64007425811685059
283,362,363,4,0,0.60830036796641607
284,363,364,2,1,0.24993495817850939
285,364,365,2,0,0.11615424531903178
286,365,366,3,0,0.24096090845104787
287,366,367,4,0,0.15838963100118339
288,369,370,5,1,0.60376406607718014
289,370,371,3,1,0.46591766164615295
290,371,372,2,0,0.065313491029393586
291,372,373,2,0,0.29551770972438418
292,373,374,2,0,0.23747424090889119
293,374,375,5,0,0.16562474705031532
294,375,376,4,0,0.19090986172323063
295,376,377,4,0,0.49787640997972255
296,377,378,2,0,0.056942387521706016
297,378,379,5,0,0.0092543444313365683
298,380,381,2,0,0.064322702507842985
299,381,382,1,1,0.57476749422885776
300,382,383,1,0,0.057775535130648696
301,383,384,2,1,0.24804892210982138
302,384,385,4,0,0.15851841052329535
303,386,387,5,0,0.21637324034282668
304,388,389,5,0,0.10838092137389224
305,389,390,2,1,0.21704445184874077
306,390,391,5,0,0.58830020835575014
307,392,393,4,0,0.071568695678422403
308,393,394,4,0,0.053565234947250802
309,394,395,4,0,0.18051563321588185
310,397,398,3,0,0.15272702239573269
311,398,399,2,0,0.038483045464455204
312,399,400,2,0,0.68795735400598856
313,400,401,1,0,0.09401387523090346
314,401,402,1,0,0.087271289986014258
315,402,403,1,1,0.28686428277070758
316,403,404,2,0,0.20896336707745169
317,404,405,3,1,0.6739364962314488
318,405,406,5,0,0.12329554598349186
319,406,407,1,0,0.11772163452564199
320,407,408,3,0,0.30645504925449218
321,408,409,2,0,0.015974969330461261
322,409,410,3,0,0.040822023664371328
323,410,411,5,1,0.60444588251570097
324,412,413,1,0,0.18612866712949996
325,413,414,1,1,0.37947829140013961
326,414,415,2,0,0.028633762278079213
327,415,416,2,0,0.16480980867889106
328,416,417,1,0,0.086820505573981271
329,417,418,5,0,0.19916772574161729
330,418,419,5,0,0.16581520518933773
331,419,420,5,1,0.29654557813660587
332,420,421,1,0,0.57282125904618009
333,421,422,2,0,0.039729394339413734
334,422,423,2,0,0.1964877839375728
335,423,424,2,1,0.60660752583492061
336,424,425,4,0,0.062402275528676984
337,425,426,2,0,0.172268771780348
338,426,427,1,1,0.7041300945301725
339,427,428,1,1,0.20479798269327848
340,428,429,2,0,0.16603476725308255
341,429,430,5,0,0.055403934942448378
342,430,431,5,0,0.10946602982855079
343,432,433,4,0,0.067986080673782645
344,433,434,2,0,0.032043732270643388
345,434,435,2,0,0.10253483376167334
346,436,437,1,0,0.15540833666520151
347,437,438,3,0,0.068950943371561699
348,438,439,2,0,0.1767523850680407
349,439,440,1,1,0.0093262802435059404
350,440,441,2,0,0.079240383846373053
351,442,443,5,0,0.19960817834872793
352,444,445,2,1,0.16319206933725941
353,445,446,1,0,0.06960401147434056
354,447,448,2,0,0.15147892301653235
355,449,450,1,0,0.22035912091309567
356,450,451,5,1,0.4877635072253893
357,451,452,4,1,0.44277910806594523
358,452,453,2,0,0.14144948057210668
359,453,454,3,0,0.098296049242729486
360,454,455,3,0,0.12443674397026061
361,455,456,4,0,0.24288988253469357
362,456,457,3,0,0.66779230778201504
363,457,458,3,0,0.13473275709118765
364,458,459,1,0,0.10097493087097165
365,459,460,5,1,0.15257171978275727
366,460,461,1,0,0.072315776213140504
367,462,463,2,0,0.075044413830598164
368,463,464,1,0,0.019712366029291745
369,464,465,3,0,0.1828972474547931
370,465,466,3,1,0.13475082012106357
371,466,467,5,1,0.1125309360271021
372,467,468,2,0,0.067375717183224437
373,468,469,3,0,0.046522306693853412
374,470,471,5,1,0.10124215708848647
375,471,472,1,0,0.12017795600726602
376,472,473,2,0,0.20908261577616252
377,473,474,2,0,0.62869592662604901
378,475,476,3,0,0.1256439305190574
379,478,479,1,0,0.24184484080772467
380,479,480,3,0,0.3485726685541356
381,480,481,5,0,0.21485179883640546
382,481,482,3,1,0.41354008875253767
383,482,483,2,0,0.13616753482275429
384,483,484,1,0,0.69496402316496175
385,484,485,4,0,0.19529619573693657
386,485,486,2,0,0.17487564431057206
387,486,487,3,0,0.17001761637219914
388,488,489,5,1,0.23083901402348256
389,489,490,5,0,0.0792825369185155
390,490,491,1,0,0.15958456687915298
391,491,492,5,0,0.70161199835921295
392,492,493,5,0,0.18905311761965363
393,493,494,2,0,0.1042094000462641
394,494,495,2,1,0.049454588294661928
395,495,496,2,0,0.28889245632991184
396,496,497,2,0,0.11186231218484201
397,497,498,3,0,0.2784538561008757
398,498,499,4,0,0.099384640867639235
399,500,501,3,0,0.28577162220976426
400,502,503,3,0,0.11806398657424177
401,503,504,5,1,0.076369096042267437
402,504,505,4,0,0.3168451257723599
403,506,507,1,0,0.11022125854035757
404,509,510,5,0,0.15108842802071079
405,510,511,2,0,0.24711524297042817
406,511,512,2,1,0.24553457225826622
407,512,513,5,0,0.083034228577628641
408,513,514,3,1,0.74749635228755396
409,514,515,2,0,0.2150522767326373
410,515,516,1,0,0.13482805138164469
411,516,517,5,0,0.16737128338499191
412,517,518,1,0,0.13461513873684575
413,518,519,5,0,0.39507219386387366
414,519,520,2,0,0.026968854155453446
415,520,521,4,0,0.11262583366299259
416,521,522,5,0,0.10069079308204537
417,522,523,5,1,0.027637436473348643
418,525,526,3,0,0.10270214652861948
419,527,528,3,1,0.45805496427167719
420,528,529,2,0,0.21710921753023149
421,529,530,4,0,0.20574428053706967
422,530,531,5,0,0.13894334023855082
423,531,532,2,0,0.19772801681133423
424,532,533,3,1,0.41554448102884661
425,534,535,4,0,0.11110792974812943
426,536,537,1,0,0.10937220815919453
427,537,538,2,0,0.17664378095286337
428,538,539,3,0,0.17519667748309725
429,539,540,4,0,0.66310895583250606
430,541,542,5,0,0.2578846080393144
431,542,543,2,1,0.52226561832175811
432,544,545,5,0,0.1009079763241774
433,545,546,4,0,0.035220316236256509
434,546,547,2,1,0.31694425760724243
435,547,548,1,0,0.20256284009253406
436,548,549,4,0,0.05547264799424912
437,549,550,3,0,0.026582501170922309
438,550,551,5,1,0.35930991054726469
439,551,552,2,1,0.2761008442537361
440,552,553,2,1,0.1332103709208346
441,553,554,1,0,0.24595092548702302
442,554,555,3,0,0.078565127618612188
443,555,556,3,0,0.08989496892337373
444,556,557,5,0,0.054743703890624669
445,557,558,5,0,0.3512933627873509
446,558,559,5,0,0.13938454264486869
447,559,560,5,0,0.057972484694298325
448,560,561,1,0,0.12891311934886154
449,561,562,2,0,0.075143469161815732
450,562,563,2,0,0.22870105868498605
451,563,564,5,0,0.090841833347289805
452,565,566,4,0,0.045432283887107849
453,566,567,5,1,0.092471092257776291
454,567,568,1,0,0.15092729153973772
455,568,569,1,0,0.10999677833426311
456,569,570,2,0,0.095417735122237848
457,572,573,5,0,0.14875633478973602
458,573,574,1,1,0.19544738290133856
459,574,575,1,0,0.12115801078307867
460,575,576,3,1,0.64529795531294676
461,576,577,1,0,0.10226748246807255
462,578,579,4,0,0.17667546669244344
463,579,580,3,0,0.14580219013115331
464,581,582,4,0,0.12175217464786477
465,582,583,3,0,0.10417117718939567
466,583,584,5,0,0.10719033266461338
467,584,585,5,0,0.093607172478002182
468,585,586,2,0,0.20322921590256252
469,586,587,3,1,0.46002989455175203
470,588,589,3,0,0.084669501889391721
471,589,590,5,0,0.046004299057007883
472,590,591,4,0,0.050828417934265936
473,591,592,3,0,0.040410882814291234
474,593,594,3,0,0.11027800304189131
475,594,595,2,0,0.096553410140676255
476,595,596,2,0,0.074942868651676223
477,596,597,1,0,0.10259824813788782
478,597,598,2,0,0.35052370052796356
479,598,599,5,0,0.74197298152107283
480,600,601,2,0,0.035731644137634667
481,601,602,2,1,0.29125176579302925
482,602,603,5,0,0.05598730480899506
483,603,604,4,0,0.67796627869760018
484,604,605,1,0,0.32559512770869381
485,605,606,2,0,0.61117347960988211
486,606,607,2,0,0.14722287426648656
487,607,608,1,0,0.18386126571321521
488,608,609,4,0,0.044184311664442102
489,609,610,2,0,0.22693421412361464
490,610,611,1,0,0.072572979637673576
491,611,612,3,1,0.15826078607016528
492,613,614,4,0,0.56941062089756089
493,614,615,3,0,0.70860174955933386
494,615,616,1,0,0.027605163486944095
495,616,617,1,0,0.20999970291693462
496,617,618,4,0,0.031097832969053857
497,619,620,2,0,0.015005135622308491
498,620,621,1,0,0
499,621,622,5,0,0.13495165002150472
500,622,623,1,0,0.18904863240836739
501,623,624,4,0,0.20217644186878556
502,624,625,4,0,0.22969713478272669
503,627,628,5,0,0.22330536601462042
504,628,629,4,0,0.19767736727122795
505,630,631,3,0,0.20362121793869722
506,631,632,4,0,0.20757706640048276
507,632,633,2,0,0.1222918443611271
508,633,634,2,0,0.32057150311997579
509,634,635,2,0,0.068339629042822703
510,635,636,2,0,0.24833432570783762
511,636,637,4,0,0.13310322049292436
512,637,638,2,0,0.10953573589206297
513,638,639,2,0,0.063275976796784192
514,640,641,1,0,0.076966279490845543
515,642,643,2,0,0.034450500773946104
516,643,644,2,0,0.10849625475249061
517,644,645,2,0,0.205940788756965
518,646,647,2,1,0.27191439581312699
519,647,648,5,0,0.12319968642975122
520,648,649,2,1,0.76153274245566649
521,649,650,1,0,0.55323140699539863
522,650,651,1,0,0.23216631378619779
523,651,652,4,0,0.086962282433984794
524,652,653,3,0,0.12447847647498857
525,656,657,2,0,0.083750008576239945
526,657,658,4,1,0.046256278127620128
527,658,659,5,0,0.088548889165564054
528,659,660,4,0,0.26335838537837064
529,660,661,5,0,0.056533313964515615
530,661,662,5,1,0.1470633308684616
531,662,663,1,0,0.12770320466990548
532,663,664,5,0,0.057350114492384613
533,664,665,3,0,0.32662329627544912
534,666,667,5,0,0.19547238784150578
535,667,668,4,0,0.12553941796687623
536,671,672,2,1,0.18208981371993802
537,672,673,2,1,0.70335392735405378
538,674,675,5,0,0.027012543312529065
539,675,676,4,1,0.72397090720903645
540,676,677,4,1,0.728668767706936
541,677,678,4,0,0.01816423463770726
542,679,680,4,0,0.15742681502274247
543,680,681,1,0,0.037031675320212828
544,681,682,2,0,0.284946739380467
545,682,683,4,0,0.12225486509745159
546,683,684,4,0,0.035198354631578242
547,684,685,4,0,0.10743313728323395
548,685,686,1,0,0.16119833151504498
549,686,687,1,1,0.11767123894905851
550,687,688,1,0,0.083552939855323333
551,688,689,3,0,0.087517430849808772
552,690,691,4,0,0.09861508585250281
553,692,693,2,1,0.67070189257334312
554,693,694,4,0,0.26264839566826198
555,694,695,3,0,0.051586972080946099
556,695,696,5,0,0.27732592441758425
557,697,698,4,0,0.31421308195779429
558,698,699,2,0,0.068148105002744139
559,699,700,4,0,0.16784553528926041
560,700,701,1,0,0.13070936441695544
561,701,702,4,0,0.1310471074217093
562,703,704,2,1,0.50674940559397297
563,704,705,2,0,0.61759436129931478
564,707,708,2,0,0.64221406773109546
565,708,709,1,0,0.23937288571734458
566,709,710,4,0,0.2772669751463932
567,710,711,1,0,0.13964724800919545
568,712,713,1,0,0.26616335130134239
569,713,714,3,0,0.23575152685645728
570,715,716,4,0,0.11145257919284894
571,716,717,1,0,0.059506146509239077
572,717,718,3,1,0.14614604418955829
573,718,719,1,0,0.28478453859238229
574,719,720,5,0,0.10718478606617786
575,720,721,3,0,0.23317630982902474
576,721,722,4,1,0.12356062642820197
577,722,723,4,0,0.18391391154869233
578,723,724,3,0,0.13952191805976419
579,724,725,1,0,0.32553995586951961
580,725,726,3,1,0.25996278754216651
581,729,730,3,1,0.37538419357369007
582,731,732,5,0,0.068937862454057419
583,732,733,2,0,0.22162805596076088
584,733,734,2,0,0.24200992485216288
585,734,735,3,0,0.083692704743565605
586,735,736,2,0,0.080223774062107484
587,736,737,5,0,0.10138946129954171
588,737,738,4,0,0.026507890439116309
589,738,739,5,0,0.056905355178357341
590,739,740,4,1,0.64341401004345622
591,740,741,3,0,0.044113377007595406
592,741,742,3,0,0.1860182475564742
593,742,743,4,0,0.044291219248436341
594,743,744,2,0,0.13856621889213941
595,744,745,4,0,0.027776021275079204
596,745,746,4,0,0.051990647861237929
597,747,748,3,1,0.1382401142745959
598,748,749,4,1,0.19245684901325846
599,750,751,1,0,0.12577036840401601
600,751,752,4,0,0.58822094423461413
601,752,753,2,1,0.18810637471909666
602,753,754,3,0,0.087992070239208728
603,754,755,1,0,0.1388279166565603
604,755,756,3,0,0.069386493531584076
605,757,758,4,1,0.23688578511747133
606,758,759,3,0,0.093885909617076851
607,759,760,3,0,0.257685671220793
608,761,762,2,0,0.18812275736671044
609,763,764,3,0,0.20650166332490194
610,764,765,2,0,0.063751226277413947
611,765,766,2,0,0.1058059094510357
612,766,767,1,0,0.04801049016863472
613,767,768,5,0,0.093534454276517159
614,768,769,4,0,0.17381162346737616
615,769,770,1,0,0.063224690244684759
616,770,771,1,0,0.10072123262258591
617,771,772,5,0,0.2659845008955366
618,772,773,3,0,0.16477151012070188
619,773,774,5,0,0.043063677910658328
620,774,775,5,0,0.20808875938349181
621,775,776,2,0,0.44497797430322161
622,776,777,4,0,0.11360433359338222
623,778,779,3,1,0.64033216911757018
624,779,780,3,0,0.20260518164098282
625,781,782,4,0,0.19037139789854013
626,782,783,1,1,0.8019153575851653
627,783,784,4,1,0.2512501710026005
628,785,786,5,0,0.25293219447241416
629,786,787,5,0,0.20307250568833063
630,787,788,1,0,0.067003854496638884
631,789,790,3,0,0.20426318469120194
632,790,791,3,0,0.52127085765458547
633,791,792,4,0,0.19089899889369707
634,792,793,4,0,0.17411437505519267
635,793,794,4,0,0.2751071415990593
636,794,795,3,0,0.13726263828168864
637,795,796,5,0,0.077757326772325372
638,796,797,5,0,0.30999929913191776
639,800,801,4,0,0.17760244395686192
640,801,802,2,1,0.61467303498495107
641,803,804,3,0,0.24896372119322993
642,805,806,2,0,0.057687980334770343
643,806,807,2,0,0.21985859794991849
644,807,808,5,1,0.43159153538697725
645,808,809,3,0,0.19755949623702476
646,809,810,3,0,0.039804772802213471
647,810,811,2,0,0.14122786932145864
648,811,812,5,0,0.019106923458215103
649,812,813,1,0,0.21655755727486245
650,813,814,4,0,0.08365640920233372
651,814,815,4,1,0.68174123317024082
652,815,816,5,0,0.20123552354470406
653,816,817,5,1,0.52677347771243621
654,817,818,5,0,0.14347644295978507
655,819,820,5,0,0.071588097524205613
656,820,821,5,0,0.21726072098957558
657,821,822,3,1,0.34616497645015326
658,822,823,2,0,0.16251373926307705
659,823,824,1,0,0.15364492907971186
660,826,827,4,0,0.52126099695143424
661,827,828,4,0,0.25202630516940999
662,828,829,4,0,0.13856019607129505
663,829,830,5,0,0.066230122878719697
664,830,831,5,0,0.086495925070100885
665,831,832,5,0,0.57443548300830116
666,832,833,5,1,0.065042688639359122
667,833,834,1,0,0.14323057378557374
668,834,835,3,0,0.17034530104845183
669,835,836,4,1,0.19714566664195268
670,836,837,2,0,0.70344987591459796
671,837,838,4,0,0.088186020955216701
672,839,840,4,1,0.39346639121282129
673,840,841,5,0,0.38716308988812193
674,842,843,3,0,0.16076405406185537
675,843,844,3,1,0.30893702919592175
676,844,845,5,0,0.10970624734782099
677,847,848,2,1,0.68606452651686622
678,848,849,2,1,0.70139737063559204
679,849,850,1,0,0.27280561436143713
680,850,851,2,0,0.34568556210129703
681,853,854,3,0,0.076963613529512892
682,854,855,3,0,0.10501469044443808
683,855,856,1,0,0.11590622978533789
684,857,858,5,1,0.78126491195807191
685,858,859,4,0,0.088506479788007228
686,859,860,3,0,0.15513720733497668
687,860,861,5,0,0.18486978468240542
688,861,862,2,0,0.038529509329141377
689,862,863,3,1,0.7570504030975197
690,863,864,4,0,0.17193350381604433
691,865,866,1,0,0.13872434446221685
692,866,867,2,0,0.13495582381545851
693,867,868,3,0,0.13172937054672151
694,868,869,1,0,0.047385359962903023
695,870,871,3,0,0.21429820049394824
696,872,873,3,0,0.01855151637153717
697,875,876,4,0,0.22922048267895506
698,876,877,4,0,0.016551633239096409
699,877,878,5,0,0.18864470443841025
700,878,879,3,0,0.085756494709357034
701,879,880,5,0,0.61307696734883266
702,880,881,1,0,0.1355378358081907
703,881,882,4,1,0
704,882,883,3,0,0.079711773403540936
705,884,885,2,1,0.15491588060580361
706,886,887,5,0,0.080317679136194434
707,887,888,2,0,0.10381671236436597
708,888,889,1,0,0.19083708089856113
709,889,890,4,0,0.064847497585120858
710,890,891,5,0,0.20853715180852828
711,891,892,3,0,0.49818662208139974
712,892,893,3,0,0.13461494908478785
713,893,894,2,0,0.0078155987088056687
714,894,895,4,1,0.18035826777452063
715,895,896,4,0,0.093518675076881816
716,896,897,3,1,0.71780743138691483
717,898,899,5,1,0.17247584516887376
718,899,900,2,0,0.1422042061243749
719,900,901,5,0,0.20952338037904258
720,901,902,4,0,0.13020997461540437
721,902,903,4,0,0.086689008306992346
722,903,904,2,0,0.13100569134071424
723,904,905,2,0,0.66604162316100934
724,905,906,1,0,0.27051959785580576
725,906,907,2,1,0.69587313397175909
726,907,908,2,0,0.098234831666554612
727,909,910,1,0,0.06718623553355485
728,911,912,4,0,0.086727682491485866
729,913,914,3,0,0.14424987926666377
730,914,915,5,0,0.084011952195667372
731,915,916,1,0,0.33478907433576865
732,916,917,1,0,0.0084395768826614655
733,917,918,1,1,0.39708204711735468
734,919,920,2,0,0.05304929361751997
735,921,922,1,0,0.22529085458516815
736,922,923,2,0,0.056363911368576887
737,923,924,4,0,0.24311101329421905
738,924,925,5,0,0.10421253640291085
739,925,926,5,1,0.29993956128094257
740,926,927,1,0,0.23056021604096169
741,927,928,5,0,0.18285947800391134
742,928,929,5,0,0.026233865417841628
743,929,930,3,0,0.081908808364952637
744,930,931,5,0,0.017637308288943044
745,933,934,5,1,0.62932289357256244
746,934,935,1,0,0.11682118823086803
747,935,936,1,0,0.14800416353797449
748,936,937,1,0,0.08590480205108568
749,937,938,4,0,0.23936716010634057
750,938,939,1,1,0.52688228097911904
751,939,940,3,0,0.060429113500966566
752,940,941,5,0,0.16060175634422491
753,941,942,5,0,0.19152301140645947
754,942,943,1,0,0.16104537834448637
755,944,945,3,0,0.13392876637237872
756,945,946,1,0,0.082986892035616253
757,946,947,2,0,0.067421277423270976
758,947,948,2,0,0.18679560086408106
759,948,949,2,0,0.068046355239811535
760,949,950,5,0,0.25416387472872104
761,950,951,3,1,0.1478534108517835
762,951,952,5,0,0.084391344014923667
763,952,953,1,0,0.0672861175091852
764,953,954,5,0,0.15060484780430886
765,954,955,2,0,0.067270409881246163
766,955,956,3,0,0.17656358728338148
767,956,957,1,0,0.028275257366913418
768,957,958,4,1,0.15485300633799379
769,958,959,4,0,0.071432509965169963
770,959,960,3,1,0.19504442460958302
771,961,962,3,0,0.2590616597576163
772,962,963,2,0,0.072922516659833556
773,963,964,4,0,0.19494257266721196
774,964,965,3,0,0.099092618491391685
775,965,966,1,0,0.091068502434179077
776,966,967,2,0,0.24702353365034505
777,967,968,3,0,0.1433393201833896
778,968,969,4,0,0.22690095764091597
779,972,973,1,1,0.6499422999311022
780,974,975,4,1,0.17520417547210079
781,975,976,2,0,0.2159343036955591
782,976,977,5,1,0.49311322325994683
783,978,979,5,1,0.082006496247170282
784,979,980,5,0,0.20972454685016986
785,980,981,4,0,0.061407656678653652
786,981,982,4,0,0.5472164295325056
787,983,984,5,0,0.088075312185952825
788,984,985,1,0,0.080278600931695046
789,986,987,4,0,0.064478068034382552
790,988,989,2,0,0.6529010064998696
791,991,992,2,1,0.35474482513831479
792,992,993,1,0,0.096781438661849392
793,993,994,3,1,0.12693592139800242
794,994,995,4,1,0.21558450135807311
795,995,996,4,0,0.26618409724895942
796,997,998,1,1,0.28156785283609848
797,998,999,1,1,0.21099684045533493
798,1000,1001,5,0,0.11780595022472308
799,1001,1002,5,0,0.048785285110205516
800,1002,1003,3,0,0.21703658494403952
801,1003,1004,5,1,0.41512007776309434
802,1005,1006,5,0,0.19385626808826412
803,1006,1007,4,0,0.15506705188235506
804,1007,1008,2,0,0.06673746366274913
805,1008,1009,1,0,0.44119724443461061
806,1010,1011,3,0,0.16289913252049917
807,1011,1012,1,0,0.25399246602005049
808,1012,1013,4,0,0.046293530225917208
809,1013,1014,2,0,0.15145566265757707
810,1014,1015,5,0,0.16827572035963645
811,1015,1016,1,0,0.077534237113376092
812,1016,1017,1,1,0.15385122418346234
813,1017,1018,4,1,0.50092349701045902
814,1018,1019,5,0,0.17722995419380391
815,1019,1020,2,0,0.1788742482504459
816,1020,1021,4,0,0.14634518176134007
817,1021,1022,1,0,0.067747615787177543
818,1023,1024,3,0,0.11014069018432426
819,1025,1026,2,0,0.24016565507345569
820,1026,1027,3,0,0.11380644082651477
821,1027,1028,5,0,0.018654616624152656
822,1028,1029,2,0,0.23290477475518834
823,1029,1030,3,1,0.63985021332090997
824,1030,1031,5,0,0.17393830295950216
825,1031,1032,4,0,0.1713326570984274
826,1032,1033,3,1,0.28587223678810297
827,1033,1034,4,0,0.021677902255829044
828,1036,1037,1,0,0.031023472018602633
829,1039,1040,5,0,0.069743871565939711
830,1040,1041,2,0,0.18780819356213901
831,1041,1042,1,1,0.28200447898694558
832,1042,1043,2,0,0.041244824060948808
833,1043,1044,3,0,0.049079211821709018
834,1044,1045,5,1,0.73053894425452326
835,1045,1046,3,0,0.097869835796093957
836,1047,1048,5,1,0.50934208080346344
837,1050,1051,3,0,0.71679758564907725
838,1051,1052,5,0,0.066658332553414495
839,1052,1053,1,0,0.12654586973342202
840,1054,1055,5,0,0.46106761287188724
841,1055,1056,5,0,0.12673003135189087
842,1057,1058,5,0,0.21226172209184385
843,1058,1059,3,0,0.04075965172915922
844,1059,1060,4,1,0.67878882099845117
845,1061,1062,5,0,0.10927981951078471
846,1062,1063,1,1,0.11179480225560204
847,1063,1064,5,0,0.068902612507289948
848,1064,1065,4,1,0.64700261684065685
849,1065,1066,3,0,0.056658334926326291
850,1066,1067,4,0,0.13210102249971259
851,1067,1068,4,1,0.17764319922711688
852,1068,1069,4,0,0.12737380267763462
853,1069,1070,1,0,0.24779371078387433
854,1070,1071,1,0,0.13165118844974055
855,1072,1073,1,0,0.066955448003742604
856,1073,1074,3,0,0.039227004862210348
857,1074,1075,1,0,0.20285691686236912
858,1075,1076,1,0,0.092052174900761966
859,1076,1077,2,0,0
860,1079,1080,2,0,0.22749256722383759
861,1080,1081,1,0,0.098314289751461975
862,1081,1082,3,0,0.63149404519339514
863,1082,1083,3,0,0.74750702044753792
864,1083,1084,5,1,0.64041972321497087
865,1085,1086,3,0,0.24823006871277403
866,1086,1087,4,1,0.086352444913017343
867,1090,1091,5,0,0.12764233291795044
868,1092,1093,1,0,0.39539766707040724
869,1097,1098,5,0,0.24808574406684672
870,1098,1099,3,0,0.18770657650050035
871,1099,1100,5,0,0.075196784844227468
872,1100,1101,1,1,0.27610147638533317
873,1102,1103,5,0,0.36480362289498247
874,1103,1104,3,0,0.10401236094442108
875,1104,1105,4,1,0.60886395069223087
876,1105,1106,2,0,0.16844280839668804
877,1106,1107,5,0,0.15024040920532786
878,1108,1109,5,1,0.17148588572385476
879,1110,1111,1,0,0.57546731466773049
880,1111,1112,5,0,0.20605256679843953
881,1112,1113,5,0,0.076712845119214834
882,1113,1114,4,0,0.026986638665899711
883,1114,1115,4,0,0.13089065182142451
884,1116,1117,2,1,0.015969974699174105
885,1117,1118,5,0,0.32185494633983669
886,1118,1119,5,1,0.39611485113366329
887,1119,1120,3,0,0.13979345626362238
888,1120,1121,1,1,0.6089975164710929
889,1121,1122,4,1,0.61210069893265517
890,1122,1123,1,0,0.15108684771687095
891,1123,1124,5,0,0.02011124425403546
892,1124,1125,3,0,0.056408187298358781
893,1126,1127,2,0,0.047294532365795706
894,1127,1128,5,0,0.064311992915339802
895,1128,1129,2,0,0.26979566229868407
896,1129,1130,2,1,0.26678918793667411
897,1130,1131,5,1,0.058694355074784321
898,1131,1132,2,0,0.20111681262283232
899,1133,1134,4,0,0.69446985860231136
900,1134,1135,2,0,0.49673177922961315
901,1135,1136,5,0,0.19159458921285333
902,1136,1137,2,0,0.15803344007666889
903,1138,1139,4,0,0.25303309486170283
904,1140,1141,3,0,0.19666130573852952
905,1141,1142,2,0,0.21578593144170458
906,1143,1144,2,0,0.13544885071101337
907,1144,1145,1,1,0.69447914700142677
908,1145,1146,3,1,0.63768142333800426
909,1146,1147,3,1,0.74564820530907738
910,1148,1149,2,0,0.38760140609862659
911,1149,1150,1,0,0.37839673492639953
912,1150,1151,4,0,0.26505374709061214
913,1151,1152,3,0,0.44300112214770138
914,1152,1153,4,1,0.82918531000356333
915,1153,1154,1,0,0.14375664056772003
916,1154,1155,1,0,0.46544769904306565
917,1155,1156,5,0,0.10255477682456283
918,1156,1157,1,0,0.13417693987825616
919,1157,1158,2,0,0.42184173775202949
920,1158,1159,3,0,0.20405123143970189
921,1160,1161,4,0,0.1740994465258916
922,1161,1162,4,0,0.024008601685906537
923,1162,1163,1,0,0.15358602374161334
924,1163,1164,1,0,0.048393733074363364
925,1164,1165,3,0,0.2427244798146643
926,1165,1166,1,0,0.55430173677105421
927,1167,1168,5,0,0.15678610503141904
928,1169,1170,1,0,0.18688187975978102
929,1170,1171,1,1,0.14001618746240682
930,1171,1172,4,0,0.11688264569089658
931,1174,1175,5,1,0.059307007625733127
932,1175,1176,2,1,0.6042341369342823
933,1176,1177,5,0,0.16223267639716754
934,1177,1178,2,0,0.053960850465223059
935,1178,1179,1,0,0.21232391556649219
936,1179,1180,3,0,0.18243167798582047
937,1180,1181,5,0,0.15169341254580476
938,1182,1183,5,1,0.46381917522391058
939,1183,1184,3,0,0.057283595418403346
940,1184,1185,5,0,0.067116291882167625
941,1185,1186,1,0,0.16738423112946652
942,1186,1187,5,1,0.182296933642763
943,1187,1188,2,0,0.23437818783026126
944,1188,1189,2,0,0.017927740661170415
945,1190,1191,1,0,0.096202050034455949
946,1191,1192,1,0,0.099941285780910771
947,1193,1194,4,0,0.11886934040907594
948,1194,1195,5,0,0.10716193706150152
949,1195,1196,3,0,0.094769851933041646
950,1196,1197,2,0,0.14382025295568668
951,1197,1198,3,0,0.35476801566163912
952,1198,1199,2,1,0.0092043081990532908
953,1199,1200,4,0,0.13435470294966886
954,1200,1201,4,0,0.17171012881400546
955,1201,1202,5,0,0.052369815157936768
956,1202,1203,4,0,0.10824604314568986
957,1203,1204,1,0,0.23006578728351354
958,1204,1205,4,0,0.027678564824314095
959,1206,1207,1,1,0.80980656892952407
960,1207,1208,5,0,0.13489284520852884
961,1208,1209,1,1,0.024755618745635696
962,1210,1211,1,0,0.054784603887468725
963,1212,1213,2,1,0.14875157311286955
964,1213,1214,1,0,0.098916659010760064
965,1214,1215,4,0,0.14820094419832444
966,1218,1219,3,0,0.11526658444117317
967,1219,1220,3,0,0.19692928875181176
968,1220,1221,5,0,0.12792501647543025
969,1221,1222,3,0,0.11810566046165026
970,1222,1223,1,0,0.088101017438486959
971,1223,1224,2,1,0.11088716159023443
972,1224,1225,3,0,0.16116185576905034
973,1226,1227,3,0,0.14334253874062944
974,1227,1228,2,0,0.059813375609547387
975,1228,1229,1,1,0.077718612936200249
976,1229,1230,3,0,0.14485946026512866
977,1230,1231,1,1,0.17703974179500062
978,1231,1232,4,0,0.0092477102838620946
979,1232,1233,5,0,0.42763668034473878
980,1234,1235,5,0,0.082863085468573142
981,1236,1237,3,1,0.51092499210379083
982,1237,1238,1,0,0.05064324689559014
983,1238,1239,3,1,0.12602783556584488
984,1239,1240,5,0,0.17657583101017871
985,1240,1241,2,0,0.19680066264047552
986,1241,1242,2,0,0.45318865721685014
987,1243,1244,4,1,0.52017380644894062
988,1244,1245,2,0,0.16553109037004979
989,1245,1246,1,0,0.14917269980959352
990,1247,1248,5,0,0.15925655673200104
991,1248,1249,5,0,0.040730785300134208
992,1249,1250,4,1,0.71961166421180633
993,1250,1251,5,0,0.093259878174799332
994,1251,1252,3,1,0.11471225425948506
995,1252,1253,1,0,0.15316900150372775
996,1253,1254,5,0,0.1169400218611735
997,1254,1255,2,0,0.11463278455246963
998,1255,1256,2,0,0.36322587607000628
999,1256,1257,3,0,0.090055779453478257
1000,1257,1258,3,0,0.073266795358766248
1001,1258,1259,2,0,0.22290810820813917
1002,1261,1262,5,1,0.1234756527578709
1003,1262,1263,3,0,0.1601504566377713
1004,1263,1264,1,1,0.26144309847430186
1005,1264,1265,3,0,0.13685182474274807
1006,1265,1266,5,0,0.079179936312829255
1007,1266,1267,4,0,0.05058235848261268
1008,1267,1268,3,0,0.55807651185883178
1009,1268,1269,4,1,0.26681454374842634
1010,1269,1270,1,0,0.020657922750966139
1011,1271,1272,5,0,0.37767251507424404
1012,1272,1273,4,0,0.14804739104528095
1013,1273,1274,5,0,0.16908653667330228
1014,1277,1278,3,0,0.19416470128176996
1015,1278,1279,2,0,0.084319615029060213
1016,1279,1280,3,0,0.1298069414067724
1017,1280,1281,5,0,0.068841755657408382
1018,1281,1282,1,0,0.33449879910559238
1019,1282,1283,4,0,0.03967356698815494
1020,1284,1285,4,0,0.034765556136503388
1021,1285,1286,3,0,0.042028182387346721
1022,1286,1287,5,0,0.029226812291041491
1023,1287,1288,2,0,0.10467876877360102
1024,1288,1289,1,1,0.67658735465749953
1025,1289,1290,4,0,0.074442282274222921
1026,1293,1294,1,1,0.11060536449907464
1027,1295,1296,1,0,0.01877865297727142
1028,1296,1297,3,0,0.53965966877222349
1029,1298,1299,1,1,0.073424035526123546
1030,1299,1300,5,1,0.28870439075321563
1031,1300,1301,5,0,0.63003482109970355
1032,1301,1302,1,1,0.26062502407434512
1033,1303,1304,2,1,0.70897558765243252
1034,1304,1305,4,0,0.14028309140916254
1035,1305,1306,3,0,0.055567399114461381
1036,1306,1307,2,0,0.18850476515323306
1037,1307,1308,2,0,0.17813473945172378
1038,1308,1309,5,0,0.2513549917887466
1039,1309,1310,5,0,0.12693929595044837
1040,1310,1311,3,1,0.59002356606049011
1041,1311,1312,5,0,0.5529682918838128
1042,1312,1313,3,0,0.049602008305000521
1043,1313,1314,5,0,0
1044,1314,1315,1,0,0.65872084006905707
1045,1315,1316,5,1,0.31545819889573778
1046,1316,1317,4,0,0.051265734115076858
1047,1317,1318,2,0,0.062787184607888277
1048,1318,1319,3,0,0.24707895933215637
1049,1319,1320,3,0,0.14911874625776023
1050,1320,1321,5,0,0.036257437968907541
1051,1321,1322,2,0,0.046819079900875547
1052,1322,1323,3,0,0.036460625300776324
1053,1323,1324,2,0,0.17596230316407266
1054,1324,1325,3,0,0.07175073955215816
1055,1325,1326,3,0,0.31653102417118006
1056,1326,1327,5,0,0.095134421337091088
1057,1327,1328,1,0,0.23257151480075677
1058,1328,1329,3,0,0.1060512449428289
1059,1329,1330,5,0,0.11876921668226145
1060,1330,1331,5,0,0.36641384894656559
1061,1331,1332,2,0,0.11834583473451429
1062,1332,1333,3,1,0.22863386592284643
1063,1333,1334,1,0,0.1461395412588313
1064,1334,1335,2,1,0.11165971576090869
1065,1335,1336,3,0,0.13070176542330503
1066,1336,1337,2,1,0.75582562488405303
1067,1337,1338,4,0,0.14308409835797498
1068,1338,1339,4,0,0.14854726414223501
1069,1339,1340,3,1,0.37498447113132566
1070,1340,1341,3,0,0.057474917242179971
1071,1341,1342,2,0,0.074478385566640909
1072,1342,1343,5,1,0.1546282376664789
1073,1343,1344,3,0,0.54364162819103778
1074,1344,1345,4,1,0.10986456227285807
1075,1345,1346,3,0,0.2881596275976529
1076,1346,1347,2,0,0.099589149970540386
1077,1347,1348,5,0,0.057166942167505716
1078,1349,1350,4,1,0.35185731893042743
1079,1351,1352,3,1,0.11145246053555126
1080,1353,1354,1,0,0.22107258892035045
1081,1355,1356,2,0,0.062679299228070612
1082,1356,1357,5,0,0.1166963931263935
1083,1358,1359,3,0,0.1386044841717762
1084,1359,1360,5,0,0.017663514278617547
1085,1360,1361,4,0,0.17348764337622569
1086,1361,1362,3,0,0.24112787524787077
1087,1362,1363,3,1,0.60651316501682784
1088,1363,1364,5,0,0.17420789913388623
1089,1364,1365,3,0,0.41587638214355971
1090,1365,1366,4,0,0.2197777839152395
1091,1367,1368,5,1,0.11330595704442736
1092,1368,1369,4,0,0.64069975895791886
1093,1369,1370,1,0,0.27615654600107514
1094,1370,1371,2,0,0.048280559909196441
1095,1371,1372,1,0,0.027589644533763592
1096,1372,1373,2,0,0.77233922549571854
1097,1373,1374,5,0,0.13830059577164971
1098,1374,1375,2,0,0.09829307346043642
1099,1377,1378,1,0,0.18189004308084009
1100,1378,1379,3,0,0.1012747946521447
1101,1379,1380,3,0,0.63032615267854075
1102,1380,1381,2,0,0.31396627445396802
1103,1381,1382,3,0,0.25834106151564529
1104,1382,1383,4,0,0.060009415017396699
1105,1385,1386,2,0,0.15099106283815245
1106,1386,1387,5,0,0.047979055607908078
1107,1387,1388,5,0,0.49243419567413077
1108,1389,1390,4,0,0.28355963331490436
1109,1390,1391,1,1,0.79380419748454412
1110,1391,1392,4,0,0.11699091174055402
1111,1392,1393,5,0,0.019032725340978721
1112,1393,1394,1,0,0.081147941513701388
1113,1395,1396,3,0,0.14091514098911243
1114,1397,1398,3,0,0.13500256752243375
1115,1398,1399,5,0,0.64359854013815743
1116,1400,1401,3,0,0.030636885703627711
1117,1404,1405,1,0,0.21811248236693825
1118,1405,1406,3,1,0.16841978918174605
1119,1406,1407,3,0,0.069593933658592941
1120,1407,1408,4,0,0.032374887841097204
1121,1408,1409,3,1,0.05771364512538632
1122,1409,1410,1,0,0.086066468540430888
1123,1410,1411,4,0,0.076273395196449767
1124,1411,1412,4,0,0.045443256083221771
1125,1412,1413,3,0,0.21398553894439645
1126,1413,1414,1,0,0.12244308024521382
1127,1414,1415,4,0,0.099989010748615617
1128,1415,1416,5,0,0.03288822254422194
1129,1418,1419,2,0,0.0918913419961363
1130,1419,1420,5,0,0.054784676679759434
1131,1421,1422,3,0,0.043767903132075847
1132,1422,1423,5,0,0.1197332973289042
1133,1423,1424,2,0,0.31400904810635544
1134,1424,1425,1,0,0.092547000654819939
1135,1426,1427,4,0,0.093885545814820878
1136,1427,1428,1,0,0.60338152954778346
1137,1428,1429,3,1,0.74615458963206904
1138,1429,1430,4,0,0.063484230891752869
1139,1430,1431,1,0,0.16261224335727065
1140,1431,1432,5,1,0.75647325857887227
1141,1432,1433,3,1,0.71820562735009696
1142,1433,1434,5,0,0.086771489068156765
1143,1434,1435,2,0,0.20491897555793404
1144,1435,1436,5,1,0.74132545496595126
1145,1436,1437,2,1,0.15825132841456521
1146,1438,1439,3,0,0.35548952442325016
1147,1440,1441,2,0,0.31761874017599145
1148,1444,1445,4,1,0.60569935752297532
1149,1445,1446,1,0,0.80192557700121414
1150,1447,1448,1,0,0.18967465323087837
1151,1449,1450,2,1,0.078631733359691036
1152,1451,1452,1,1,0.18816069591370263
1153,1452,1453,3,0,0.13069530854038419
1154,1453,1454,3,0,0.23333310402275292
1155,1454,1455,4,0,0.1737737854313193
1156,1455,1456,2,0,0.257279347180143
1157,1456,1457,4,0,0.058841886733367647
1158,1457,1458,1,1,0.28381322858454461
1159,1459,1460,2,0,0.1578555821696144
1160,1460,1461,1,1,0.80437831620678801
1161,1461,1462,2,0,0.20436094604119528
1162,1462,1463,3,0,0.023552578332472526
1163,1465,1466,1,0,0.1890719277807667
1164,1466,1467,1,1,0.31897451340197192
1165,1467,1468,5,0,0.20437429966157605
1166,1469,1470,5,1,0.27342068922452217
1167,1470,1471,2,0,0.10618313966014034
1168,1471,1472,1,1,0.22534175870897341
1169,1472,1473,4,0,0.031383056613842907
1170,1473,1474,3,0,0.23861882857676306
1171,1475,1476,1,0,0.07621148681495199
1172,1476,1477,4,0,0.066791741240579655
1173,1477,1478,3,0,0.18971350293703051
1174,1478,1479,5,1,0.15467535017292727
1175,1479,1480,1,0,0.19475154952220208
1176,1480,1481,1,0,0.075171494699058511
1177,1481,1482,1,0,0.17173584158545646
1178,1482,1483,4,0,0.029057334145797788
1179,1484,1485,1,0,0.087829111081472969
1180,1485,1486,2,1,0.8154619220100674
1181,1487,1488,2,0,0.1813790536028427
1182,1488,1489,3,1,0.64711640443657337
1183,1489,1490,1,1,0.46231429122282663
1184,1491,1492,3,0,0.096774941013515539
1185,1493,1494,3,0,0.057477803462849683
1186,1494,1495,2,0,0.074538414099282926
1187,1495,1496,4,0,0.65970236971990859
1188,1497,1498,5,0,0.19212306674405832
1189,1498,1499,3,0,0.1554992529577148
1190,1500,1501,4,0,0.049065607304027689
1191,1501,1502,3,0,0.24711453155458205
1192,1502,1503,2,0,0.42809478602731182
1193,1503,1504,5,0,0.174248283370009
1194,1504,1505,1,0,0.019275351970864826
1195,1505,1506,2,0,0.041885145280311065
1196,1506,1507,4,0,0.15877809835753068
1197,1507,1508,3,0,0.086338515566169449
1198,1508,1509,3,0,0.12098111855322705
1199,1509,1510,2,1,0.683562520958516
1200,1510,1511,2,0,0.086298793917838082
1201,1511,1512,4,0,0.64792133318408374
1202,1512,1513,4,0,0.22340612605032881
1203,1513,1514,1,1,0.17919905113711626
1204,1514,1515,3,0,0.23999842576394728
1205,1515,1516,3,0,0.15740057568470961
1206,1516,1517,2,0,0.17363385610901311
1207,1517,1518,1,1,0.70597367892039442
1208,1518,1519,1,0,0.67572196506319981
1209,1519,1520,4,0,0.092587605848563057
1210,1520,1521,3,0,0.66596203892263128
1211,1522,1523,4,0,0.0066233361889878111
1212,1523,1524,2,1,0.68650898145926686
1213,1524,1525,3,0,0.15089993804949933
1214,1525,1526,2,0,0.54926268658951583
1215,1528,1529,4,0,0.39194588253946377
1216,1529,1530,4,0,0.12326909135532689
1217,1530,1531,5,0,0.10000954710396345
1218,1531,1532,1,0,0.07214474991089101
1219,1532,1533,1,0,0.51151861808622889
1220,1533,1534,3,0,0.081677372029601125
1221,1535,1536,1,0,0.11218177854641261
1222,1536,1537,3,0,0.21074468098537757
1223,1537,1538,3,0,0.23014370326072595
1224,1539,1540,3,0,0.31611300901103323
1225,1540,1541,2,1,0.40215243316384958
1226,1541,1542,2,0,0.27407925227239183
1227,1542,1543,1,0,0.10492897475198887
1228,1544,1545,4,1,0.25023573126068771
1229,1545,1546,5,1,0.12315212592438687
1230,1546,1547,2,0,0.16697162227240417
1231,1547,1548,4,0,0.20639698559639075
1232,1548,1549,1,1,0.24183643749177861
1233,1549,1550,3,0,0.039429923296518496
1234,1550,1551,3,1,0.071474426281742207
1235,1552,1553,3,0,0.17967851909032798
1236,1553,1554,2,0,0.25853038980586052
1237,1554,1555,1,0,0.34823924251151417
1238,1555,1556,5,1,0.027598724235164136
1239,1556,1557,4,0,0.12542641321843231
1240,1557,1558,1,0,0.12226298663886248
1241,1558,1559,1,1,0.74097838305387365
1242,1560,1561,3,0,0.1024167894645971
1243,1561,1562,1,0,0.30723356031724774
1244,1562,1563,3,0,0.13575702661164607
1245,1563,1564,2,0,0.32561386035454126
1246,1564,1565,4,1,0.037183302864276284
1247,1568,1569,1,0,0.090772246041661661
1248,1569,1570,4,1,0.10594318320768795
1249,1570,1571,1,0,0.36174073172484955
1250,1571,1572,1,0,0.55979927665729601
1251,1572,1573,2,0,0.14263667001289709
1252,1573,1574,1,1,0.13949389448516114
1253,1574,1575,4,0,0.34037209789706852
1254,1575,1576,3,0,0.19799308377764824
1255,1576,1577,2,0,0.069007320479229098
1256,1577,1578,3,0,0.18550635356294859
1257,1580,1581,4,0,0.12203938590880653
1258,1581,1582,5,0,0.25630133194404869
1259,1582,1583,5,0,0.24942691228921396
1260,1583,1584,1,0,0.48088915787691427
1261,1584,1585,4,0,0.098442239073959395
1262,1585,1586,5,0,0.11286158480514619
1263,1586,1587,5,0,0.15826816002404226
1264,1588,1589,3,0,0.20008748939359941
1265,1589,1590,5,0,0.056966019239017174
1266,1590,1591,4,0,0.1129097366659942
1267,1592,1593,3,0,0.060553573598244197
1268,1593,1594,3,0,0.14930960895568024
1269,1594,1595,2,0,0.13719951755921184
1270,1595,1596,1,0,0.26009259197033352
1271,1596,1597,1,0,0.36514698862262662
1272,1597,1598,3,0,0.26938283702836285
1273,1598,1599,4,0,0.088487017331163056
1274,1599,1600,3,1,0.21081568319877098
1275,1600,1601,3,0,0.14032164372886877
1276,1601,1602,4,0,0
1277,1603,1604,2,0,0.15773560098567263
1278,1604,1605,2,0,0.090935794220923211
1279,1605,1606,3,0,0.20927280020123354
1280,1606,1607,1,1,0.6081706347409539
1281,1607,1608,3,1,0.16318651731465217
1282,1608,1609,4,0,0.11755815924518549
1283,1610,1611,4,0,0.26642316487657769
1284,1611,1612,2,0,0.094146641817520568
1285,1612,1613,5,0,0.076387472428820297
1286,1613,1614,1,1,0.25085222255945433
1287,1615,1616,1,1,0.1110142792385382
1288,1616,1617,3,1,0.36285829805302383
1289,1617,1618,4,0,0.09188491175556103
1290,1618,1619,5,0,0.10845684578751864
1291,1619,1620,3,1,0.071688578081032822
1292,1620,1621,4,0,0.19563272544180965
1293,1621,1622,4,0,0.11554317690106326
1294,1622,1623,2,0,0.065979381802232617
1295,1623,1624,4,0,0.10146318047237511
1296,1624,1625,1,0,0.011204440360810744
1297,1625,1626,3,1,0.69572060877018482
1298,1627,1628,1,1,0.17777767043144493
1299,1628,1629,5,0,0.65416694359606786
1300,1629,1630,2,0,0.17711708742999804
1301,1630,1631,4,0,0.0082770018585538244
1302,1632,1633,2,0,0.10270340999789346
1303,1633,1634,5,0,0.079279685924683346
1304,1635,1636,1,0,0.12979592071391882
1305,1636,1637,1,0,0.20369468966015344
1306,1638,1639,4,1,0.53847174939574816
1307,1639,1640,5,0,0.20084945244237051
1308,1640,1641,5,0,0.21335450955826421
1309,1641,1642,4,0,0.20401529448810932
1310,1642,1643,2,1,0.25465381374809809
1311,1643,1644,1,0,0.19798601123709966
1312,1644,1645,5,1,0.63730349635022709
1313,1645,1646,5,1,0.16197387497504148
1314,1646,1647,5,1,0.63724977542321604
1315,1647,1648,1,0,0.065786718041581052
1316,1648,1649,2,0,0.16134864961080495
1317,1650,1651,4,0,0.13413200882359516
1318,1651,1652,1,0,0.16757718656877857
1319,1652,1653,1,0,0.19042291285287732
1320,1653,1654,4,1,0.38997650163000469
1321,1655,1656,5,0,0.14087443416220238
1322,1656,1657,5,1,0.20349883643020522
1323,1657,1658,4,0,0.081711832274257434
1324,1658,1659,1,0,0.17102873052872855
1325,1660,1661,4,0,0.61224181946157719
1326,1661,1662,5,1,0.20129420676738696
1327,1663,1664,1,1,0.12488706276094515
1328,1665,1666,5,0,0.19686023157234619
1329,1666,1667,1,0,0.83193877475249678
1330,1667,1668,4,1,0.55728771731640303
1331,1668,1669,2,0,0.029618460318695354
1332,1669,1670,5,0,0.40983194572765108
1333,1671,1672,5,0,0.18649069955598729
1334,1672,1673,1,0,0.14018656767840243
1335,1673,1674,1,0,0.053244178884144296
1336,1676,1677,3,0,0.15226506550893398
1337,1677,1678,1,0,0.033990607506394876
1338,1679,1680,1,0,0.15983787908803967
1339,1680,1681,1,1,0.14337577205750474
1340,1681,1682,2,0,0.086064023984810972
1341,1682,1683,5,0,0.059026788139671084
1342,1683,1684,5,0,0.14478353138553457
1343,1685,1686,2,0,0.027679398701936912
1344,1686,1687,3,0,0.047074863121909512
1345,1687,1688,2,0,0.14331057015589166
1346,1688,1689,4,0,0.31488400924987753
1347,1690,1691,1,0,0.053387505139416196
1348,1691,1692,1,0,0.24180802991772612
1349,1692,1693,2,0,0.055131715366258306
1350,1693,1694,4,0,0.082288568051951103
1351,1694,1695,1,1,0.08422108627544822
1352,1695,1696,2,0,0.1409800526847329
1353,1696,1697,3,1,0.4853715889211353
1354,1697,1698,1,0,0.20272222591905459
1355,1698,1699,4,0,0.22680770389795674
1356,1699,1700,1,0,0.093801972932437486
1357,1700,1701,1,0,0.13027315094236011
1358,1701,1702,5,0,0.10727705560535877
1359,1703,1704,5,0,0.15816992681729636
1360,1704,1705,2,0,0.058371137396965297
1361,1708,1709,4,0,0.13272541386393005
1362,1709,1710,4,0,0.028148226239799835
1363,1710,1711,5,1,0.17494353204089269
1364,1711,1712,3,0,0.24023472654502348
1365,1712,1713,1,1,0.61470988066424725
1366,1713,1714,1,0,0.025777441177714713
1367,1714,1715,1,0,0.19327882933423096
1368,1715,1716,3,0,0.18373944161553976
1369,1716,1717,4,0,0.13541565731541411
1370,1717,1718,4,1,0.19730673497517512
1371,1718,1719,2,0,0.044987759901892896
1372,1719,1720,2,1,0.47942265336256445
1373,1720,1721,4,0,0.051281399035398481
1374,1721,1722,4,0,0.33032221361635994
1375,1722,1723,2,1,0.63623005655733655
1376,1724,1725,2,0,0.064047938326151813
1377,1725,1726,1,0,0.05191233066994027
1378,1726,1727,3,0,0.42240830812275576
1379,1727,1728,4,1,0.55833724629820181
1380,1728,1729,1,0,0.13843117876068761
1381,1729,1730,4,0,0.55708375766088758
1382,1730,1731,1,1,0.11290987024819425
1383,1731,1732,4,1,0.09207108317041135
1384,1732,1733,5,0,0.15134548429974981
1385,1733,1734,4,0,0.1121448171130514
1386,1735,1736,4,0,0.14287700328145364
1387,1736,1737,4,1,0.64883063152097864
1388,1738,1739,3,1,0.24604121708514884
1389,1739,1740,4,0,0.3553095726232704
1390,1740,1741,4,1,0.21947972431377324
1391,1741,1742,2,0,0.29031438274054955
1392,1742,1743,1,0,0.10390228185024918
1393,1744,1745,2,0,0.13652993933477722
1394,1745,1746,2,0,0.12278666695726111
1395,1746,1747,1,0,0.089711414879718246
1396,1747,1748,4,0,0.033463825158403349
1397,1748,1749,2,0,0.12032843640011719
1398,1749,1750,1,0,0.065977816033373965
1399,1750,1751,4,0,0.076797581793161304
1400,1751,1752,4,1,0.80922630755080316
1401,1752,1753,2,0,0.066694609731934806
1402,1754,1755,1,0,0.10776689191913721
1403,1756,1757,3,0,0.063876717451234036
1404,1760,1761,3,0,0.25869747823505995
1405,1761,1762,2,0,0.056326632253899445
1406,1762,1763,1,0,0.17283205444080149
1407,1763,1764,4,0,0.10795220821583044
1408,1764,1765,4,0,0.60085628319616757
1409,1765,1766,5,1,0.11701172079409837
1410,1766,1767,2,1,0.60843792175930456
1411,1767,1768,3,0,0.094971831252936706
1412,1769,1770,2,1,0.23356672630215627
1413,1770,1771,4,0,0.14619009833260932
1414,1771,1772,3,0,0.11045667811496089
1415,1772,1773,2,0,0.10731573751040924
1416,1774,1775,4,0,0.056460762349638711
1417,1775,1776,3,1,0.83687432550902052
1418,1776,1777,3,0,0.13261273877003429
1419,1777,1778,3,1,0.14454452930437031
1420,1778,1779,3,0,0.1326074088687563
1421,1779,1780,2,0,0.14739763625589919
1422,1780,1781,3,0,0.19628415038609606
1423,1781,1782,1,0,0.17236426313753281
1424,1782,1783,2,0,0.31368672742284415
1425,1783,1784,4,0,0.12554273880745576
1426,1785,1786,4,1,0.09388872680791209
1427,1786,1787,1,1,0.49306010342270257
1428,1787,1788,1,0,0.1205793488599288
1429,1789,1790,4,0,0.13987041873523803
1430,1790,1791,1,0,0.080291494938220215
1431,1791,1792,3,0,0.090065732392303727
1432,1792,1793,5,0,0.04427406182406747
1433,1793,1794,2,0,0.12636026425371905
1434,1796,1797,5,0,0.082645592380680505
1435,1797,1798,3,0,0.060894402182159225
1436,1798,1799,2,0,0.016731187434426989
1437,1799,1800,2,0,0.11981322055742259
1438,1800,1801,1,1,0.2045155384653787
1439,1801,1802,1,0,0.19887284872850905
1440,1802,1803,2,0,0.19540328707649438
1441,1803,1804,2,0,0.10349325482229156
1442,1804,1805,2,1,0.1325266160930641
1443,1805,1806,5,0,0.032902781578950512
1444,1806,1807,5,0,0.12704934746189445
1445,1807,1808,1,0,0.032304113825477258
1446,1808,1809,5,0,0.1173342651927822
1447,1809,1810,3,0,0.043240083392154668
1448,1810,1811,4,0,0.11878465030276354
1449,1811,1812,3,0,0.14733654417532976
1450,1812,1813,2,1,0.11362857333047534
1451,1814,1815,4,0,0.024748274724540959
1452,1815,1816,1,0,0.21538671043177587
1453,1816,1817,4,0,0.22734898443757798
1454,1818,1819,5,0,0.046121322034540967
1455,1819,1820,1,0,0.11253370754355209
1456,1820,1821,2,1,0.23231722023540954
1457,1822,1823,1,0,0.0919547661601368
1458,1823,1824,3,0,0.12121862554678553
1459,1824,1825,5,0,0.18262714375364522
1460,1826,1827,5,1,0.1904534745833551
1461,1827,1828,3,0,0.15313270491590777
1462,1828,1829,4,0,0.088030511772454287
1463,1829,1830,1,0,0.2417199235836518
1464,1831,1832,5,0,0.023101624311542005
1465,1832,1833,5,0,0.095144665183144031
1466,1833,1834,5,0,0.17774158008837651
1467,1834,1835,3,0,0.13564158402174778
1468,1836,1837,3,0,0.1481672246657027
1469,1838,1839,2,0,0.079730646914735609
1470,1839,1840,5,1,0.7521915095706736
1471,1841,1842,2,1,0.25780127828866245
1472,1842,1843,5,0,0.11282502953007903
1473,1845,1846,2,1,0.29566793257361024
1474,1846,1847,1,0,0.18440926625544285
1475,1847,1848,5,1,0.53766226271777773
1476,1848,1849,4,0,0.078517002969107588
1477,1849,1850,4,1,0.28945391054892661
1478,1850,1851,1,0,0.17747436242580528
1479,1851,1852,1,0,0.06037273347359997
1480,1852,1853,2,0,0.021806521178835938
1481,1853,1854,1,0,0.071836918744399569
1482,1854,1855,2,0,0.077622411889082629
1483,1855,1856,5,0,0.1913742216014368
1484,1856,1857,5,0,0.189766734754934
1485,1857,1858,4,0,0.15033589370895478
1486,1858,1859,2,0,0.072529106117246986
1487,1859,1860,3,0,0.37450968217058461
1488,1861,1862,2,1,0.63161410731007972
1489,1862,1863,5,0,0.11405173729095369
1490,1863,1864,3,0,0.15092626950670174
1491,1864,1865,4,0,0.066430311764515387
1492,1865,1866,1,0,0.22616189598682432
1493,1866,1867,3,0,0.22956313602491588
1494,1867,1868,3,0,0.10638134454982186
1495,1868,1869,1,1,0.68152696070085605
1496,1869,1870,5,1,0.71335787442815979
1497,1870,1871,5,0,0.12670211390709479
1498,1871,1872,1,0,0.082424028030871538
1499,1872,1873,5,0,0.18851032718110991
1500,1873,1874,5,0,0.094832505384108132
1501,1874,1875,4,1,0.14923518402471511
1502,1875,1876,4,0,0.19289730797602131
1503,1876,1877,5,0,0.22606182910240041
1504,1877,1878,3,0,0.062864674500847692
1505,1878,1879,2,0,0.069263043601368757
1506,1879,1880,5,1,0.77568032072142146
1507,1880,1881,2,0,0.098951215795193032
1508,1881,1882,4,1,0.64573721127523576
1509,1882,1883,2,0,0.043608211461850045
1510,1883,1884,5,0,0.15476378425641826
1511,1884,1885,4,1,0.15060147169147944
1512,1885,1886,2,0,0.19353067930683257
1513,1886,1887,1,0,0.10301697996305598
1514,1887,1888,5,0,0.083513974203117222
1515,1889,1890,4,1,0.22977053763202546
1516,1890,1891,4,0,0.11788092239859593
1517,1891,1892,1,0,0.22313772281799168
1518,1892,1893,2,0,0.20456740565236875
1519,1893,1894,2,1,0.13849027149623538
1520,1895,1896,1,0,0.12611021467316297
1521,1896,1897,1,0,0.058803076109877096
1522,1897,1898,4,0,0.0089021967580890753
1523,1898,1899,3,0,0.096625356823712219
1524,1899,1900,5,0,0.11667770431797302
1525,1900,1901,2,0,0.12427139460918706
1526,1901,1902,4,0,0.36398291825688184
1527,1903,1904,4,0,0.031513865243052795
1528,1904,1905,4,0,0.018546492318061592
1529,1905,1906,3,0,0.046870743951008813
1530,1906,1907,5,0,0.10731200706594606
1531,1907,1908,3,0,0.18872453400595968
1532,1908,1909,5,0,0.78514633218924545
1533,1909,1910,2,0,0.074886293598303885
1534,1910,1911,3,1,0.14662248862902769
1535,1912,1913,3,0,0.21181441695064296
1536,1913,1914,3,0,0.12722265334990759
1537,1914,1915,5,0,0.10099479662431893
1538,1915,1916,5,0,0.084142423641271585
1539,1916,1917,3,0,0.10797413996831855
1540,1917,1918,4,0,0.10914681077699578
1541,1918,1919,2,0,0.030905881885825895
1542,1919,1920,5,0,0.12083397491625827
1543,1920,1921,2,1,0.23133580231558284
1544,1921,1922,4,0,0.10013128831447868
1545,1922,1923,1,1,0.13153116344602309
1546,1923,1924,5,0,0.025856279065378733
1547,1924,1925,4,1,0.11470499584702955
1548,1925,1926,4,0,0.030163190137932928
1549,1926,1927,4,0,0.10648814662567002
1550,1927,1928,3,0,0.077710853388250151
1551,1928,1929,3,0,0.15422226676644207
1552,1929,1930,5,0,0.082381474822042861
1553,1930,1931,1,0,0.1114692626761208
1554,1931,1932,4,1,0.36876763554442604
1555,1934,1935,1,1,0.19335029422446257
1556,1936,1937,5,1,0.23067427403570678
1557,1937,1938,4,1,0.081347381093132748
1558,1938,1939,5,0,0.03889169937668608
1559,1939,1940,5,0,0.087268628607926807
1560,1940,1941,3,0,0.16337490114056405
1561,1941,1942,2,0,0.39168193415006675
1562,1943,1944,3,0,0.088780376014708728
1563,1944,1945,3,1,0.51669433645823348
1564,1945,1946,5,1,0.15810996137519281
1565,1946,1947,1,0,0.018259057898110592
1566,1947,1948,4,0,0.11156021020360382
1567,1948,1949,5,0,0.11630466251884918
1568,1950,1951,1,0,0.14716921531587859
1569,1952,1953,4,0,0.12101275161079413
1570,1953,1954,2,1,0.21390792515112378
1571,1954,1955,4,0,0.11988272010651554
1572,1955,1956,1,0,0.66300323157122054
1573,1957,1958,1,0,0.10544252898415385
1574,1958,1959,3,0,0.050449300171021796
1575,1959,1960,1,0,0.12537726566966298
1576,1962,1963,1,0,0.053406440232160485
1577,1963,1964,2,0,0.19996167361901038
1578,1964,1965,4,1,1
1579,1965,1966,4,0,0.17204813816443776
1580,1967,1968,3,0,0.11577174768708567
1581,1968,1969,5,1,0.46457260741464579
1582,1969,1970,1,0,0.13936376449383472
1583,1970,1971,3,0,0.11307719016986741
1584,1971,1972,3,1,0.39022295023372672
1585,1973,1974,3,0,0.28586639382488421
1586,1974,1975,2,1,0.31613153753548462
1587,1975,1976,4,0,0.22562408916010268
1588,1977,1978,4,0,0.064272064333960516
1589,1979,1980,4,1,0.0090667733140085416
1590,1980,1981,1,1,1
1591,1982,1983,4,0,0.075002782947064736
1592,1983,1984,2,1,0
1593,1984,1985,4,0,0.060267413893384136
1594,1985,1986,3,1,0.34253257302203466
1595,1986,1987,5,0,0.21480521294242627
1596,1987,1988,4,0,0.45510409977345018
1597,1990,1991,4,0,0.10738510343471731
1598,1991,1992,5,1,0.50300147724766886
1599,1992,1993,1,0,0.76110315886318103
1600,1993,1994,5,0,0.0080091656008720521
1601,1995,1996,5,0,0.059384810467420217
1602,1996,1997,2,0,0.073436405558638784
1603,1997,1998,3,0,0.23065358615174789
1604,1998,1999,5,0,0.24615821394273341
1605,1999,2000,5,0,0.18334661621502743
1606,2000,2001,3,1,0.20936602925438688
1607,2001,2002,2,0,0.157417944000041
1608,2002,2003,3,0,0.090397407490509604
1609,2004,2005,1,0,0
1610,2005,2006,5,0,0.1092618268202895
1611,2006,2007,3,0,0.23990050168743235
1612,2007,2008,1,0,0.19817656673199016
1613,2009,2010,3,0,0.27017889309233795
1614,2010,2011,1,0,0.20249857496327942
1615,2011,2012,1,0,0.22475164433833938
1616,2012,2013,4,1,0.62439240044228983
1617,2013,2014,1,0,0.19655104040655424
1618,2014,2015,4,0,0.094649847130582845
1619,2016,2017,3,1,0.61040692744367486
1620,2017,2018,3,1,0.066532897769036869
1621,2018,2019,5,0,0.095240542952676421
1622,2019,2020,2,1,0.65828190164990941
1623,2020,2021,4,0,0.051011907917865265
1624,2021,2022,5,0,0.090185312535785961
1625,2022,2023,3,0,0.060980146290165918
1626,2024,2025,5,0,0.13452517666343644
1627,2025,2026,1,1,0.63891208283124001
1628,2026,2027,1,0,0.20249050326545756
1629,2027,2028,3,0,0.11235661235301728
1630,2028,2029,4,1,0.21325471942678431
1631,2029,2030,2,1,0.52599663148139364
1632,2031,2032,3,0,0.19184439412999926
1633,2032,2033,5,0,0.028735733982913216
1634,2033,2034,4,0,0.093298004124668488
1635,2035,2036,1,0,0.0075970122179657715
1636,2037,2038,1,0,0.024651079785892517
1637,2038,2039,5,0,0.1523491930147583
1638,2039,2040,5,0,0.058641968969131701
1639,2040,2041,1,0,0.18811599767554807
1640,2041,2042,2,0,0.27529555752316787
1641,2042,2043,5,0,0.21976187745250544
1642,2043,2044,4,1,0.16925124569100022
1643,2044,2045,2,0,0.124079242903363
1644,2046,2047,2,0,0.37348554449545512
1645,2047,2048,3,0,0.046617974722182709
1646,2048,2049,1,0,0.12692741552088743
1647,2049,2050,4,0,0.2218122671567076
1648,2050,2051,2,0,0.62467607574105255
1649,2051,2052,1,0,0.76913295668932558
1650,2053,2054,3,0,0.76520874512860215
1651,2055,2056,4,1,0.31803926449904302
1652,2056,2057,3,1,0.37049186765116771
1653,2057,2058,3,0,0.07566956985417965
1654,2058,2059,3,0,0.62372346115048316
1655,2059,2060,3,0,0.045319888602473102
1656,2060,2061,3,0,0.17658122098903889
1657,2061,2062,1,0,0.13546199827386202
1658,2062,2063,4,0,0.095265142663944022
1659,2063,2064,4,0,0.057793900617955536
1660,2064,2065,3,1,0.20291939949297999
1661,2065,2066,5,0,0.08198117310826962
1662,2066,2067,2,0,0.3943195127721984
1663,2067,2068,4,0,0.14526346239422408
1664,2068,2069,3,1,0.15794289927089492
1665,2069,2070,5,0,0.14631199694046224
1666,2071,2072,5,0,0.62416101724261996
1667,2072,2073,1,0,0.14874556050166446
1668,2074,2075,4,0,0.017614400033468761
1669,2075,2076,5,0,0.26735189356456568
1670,2077,2078,4,1,0.55446059156421623
1671,2078,2079,5,0,0.12373767275615201
1672,2083,2084,3,0,0.17716063568843421
1673,2084,2085,4,0,0.029855958122382502
1674,2086,2087,5,1,0.75410080887955233
1675,2087,2088,3,0,0.12095458913713233
1676,2088,2089,5,0,0.20522673104676117
1677,2089,2090,4,1,0.71594097946220714
1678,2093,2094,1,0,0.28953090411614146
1679,2094,2095,5,0,0.48369916331176066
1680,2095,2096,3,0,0.22486066737473076
1681,2096,2097,5,1,0.56372644968490637
1682,2097,2098,1,0,0.026416052440755625
1683,2098,2099,5,0,0.056046876395256857
1684,2099,2100,3,1,0.62169896610488207
1685,2100,2101,2,0,0.031646333041911272
1686,2102,2103,4,1,0.63603318534798547
1687,2104,2105,2,0,0.090600144496561022
1688,2105,2106,4,1,0.65371324450633794
1689,2106,2107,5,0,0.1410814058037814
1690,2107,2108,3,0,0.24438668152185566
1691,2108,2109,3,0,0.79541130700936713
1692,2110,2111,1,0,0.1264123981386566
1693,2111,2112,1,1,0.32230130971912968
1694,2112,2113,1,0,0.1227957821438915
1695,2114,2115,1,1,0.72728107123367813
1696,2115,2116,5,0,0.14149341967319362
1697,2117,2118,1,1,0.33826162991619635
1698,2118,2119,4,0,0.40327409623198385
1699,2119,2120,2,0,0.16028431262421999
1700,2120,2121,1,0,0.091424550161753659
1701,2121,2122,4,0,0.60716098953839981
1702,2122,2123,2,0,0.51221216393666436
1703,2123,2124,1,0,0.026286725870943852
1704,2124,2125,2,1,0.72837795565912522
1705,2125,2126,5,0,0.18426906671865087
1706,2126,2127,4,0,0.32386189527162501
1707,2127,2128,4,0,0.53659826973611169
1708,2128,2129,4,1,0.10308879329940904
1709,2129,2130,2,0,0.058717110906245977
1710,2130,2131,3,1,0.72767099403227387
1711,2131,2132,5,0,0.098810529629543328
1712,2132,2133,1,0,0.46564331381015711
1713,2134,2135,3,1,0.78164479290077371
1714,2135,2136,2,0,0.076920451634279796
1715,2136,2137,2,0,0.27416909984423898
1716,2137,2138,5,0,0.029972967223018024
1717,2138,2139,2,0,0.27673768206000576
1718,2140,2141,3,0,0.66530765933434477
1719,2142,2143,3,1,0.57895361689124947
1720,2143,2144,5,1,0.62578568359405951
1721,2144,2145,2,1,0.74345064088157531
1722,2145,2146,1,0,0.07732260826892047
1723,2146,2147,4,0,0.077304630863651663
1724,2147,2148,5,0,0.2276027473384202
1725,2148,2149,4,1,0.60818620829965842
1726,2149,2150,5,0,0.10814506460774005
1727,2152,2153,5,0,0.21488807091869805
1728,2153,2154,3,0,0.03715654616076091
1729,2157,2158,2,0,0
1730,2158,2159,5,0,0.10638121218279877
1731,2160,2161,3,0,0.094864172804059815
1732,2161,2162,4,0,0.072327506800890534
1733,2162,2163,1,0,0.16783259084359353
1734,2163,2164,2,0,0.25774150035139398
1735,2164,2165,1,0,0.021323093047670903
1736,2165,2166,4,0,0.30906315517773053
1737,2166,2167,1,0,0.12662583165072369
1738,2167,2168,1,1,0.78674375248071982
1739,2168,2169,5,0,0.35170138347167912
1740,2169,2170,3,0,0.3437149939043182
1741,2172,2173,3,0,0.19147465262021965
1742,2173,2174,3,0,0.065301675830611999
1743,2174,2175,1,0,0.07527591644669869
1744,2176,2177,4,0,0.077545761275561495
1745,2177,2178,2,0,0.11887008148800864
1746,2178,2179,2,0,0.089377902861330932
1747,2179,2180,1,0,0.081612693123959495
1748,2180,2181,1,0,0.046577527920684043
1749,2181,2182,3,0,0.14580099889875003
1750,2182,2183,1,0,0.087739198795495452
1751,2184,2185,1,0,0.17382288293019851
1752,2185,2186,4,0,0.059221323705811069
1753,2186,2187,3,1,0.11648739624202839
1754,2188,2189,2,0,0.12360281533758526
1755,2189,2190,2,0,0.16256152061098031
1756,2190,2191,4,0,0.11646543024748798
1757,2191,2192,4,0,0.15482893839413042
1758,2192,2193,3,0,0.11198932694368297
1759,2193,2194,4,0,0.069567678079050385
1760,2195,2196,4,0,0.24346535984296211
1761,2196,2197,2,0,0.21744995199031952
1762,2197,2198,4,0,0.11139859718371196
1763,2198,2199,5,0,0.065354026491916656
1764,2199,2200,5,1,0.15681889373471167
1765,2201,2202,4,0,0.37551612394602979
1766,2202,2203,3,0,0.069861752670249383
1767,2204,2205,2,0,0.15152054854604396
1768,2205,2206,3,0,0.11720091618490486
1769,2207,2208,5,1,0.21899478590624785
1770,2208,2209,5,0,0.2148794589278992
1771,2209,2210,5,0,0.0635992360984661
1772,2210,2211,4,0,0.20769754125300713
1773,2211,2212,1,0,0.066084914345060947
1774,2212,2213,5,0,0.18963736774748069
1775,2216,2217,1,0,0.16857711585620475
1776,2217,2218,3,1,0.081708312582435619
1777,2218,2219,1,1,0.83414635078070876
1778,2220,2221,2,1,0.19178536562556744
1779,2221,2222,5,0,0.38448872320942029
1780,2222,2223,5,0,0.15379483568345503
1781,2223,2224,2,0,0.090795360566985756
1782,2224,2225,4,0,0.066684733220293183
1783,2226,2227,2,1,0.1713292184548337
1784,2227,2228,3,0,0.20212162996522742
1785,2229,2230,3,0,0.23751215118655317
1786,2230,2231,2,0,0.2034026489657752
1787,2231,2232,3,1,0.29395288440390555
1788,2232,2233,5,0,0.14688780306611721
1789,2233,2234,2,0,0.26507447476776147
1790,2234,2235,1,0,0.56546283793585095
1791,2235,2236,4,0,0.018187660574556824
1792,2236,2237,2,0,0.17575977702822521
1793,2238,2239,3,0,0.21181867777799723
1794,2239,2240,5,0,0.10746042412619806
1795,2241,2242,3,1,0.63989142954188327
1796,2242,2243,5,0,0.55812075672130279
1797,2244,2245,4,0,0.050655778823076508
1798,2248,2249,4,1,0.14637521999459499
1799,2249,2250,4,1,0.088912279825817411
1800,2250,2251,5,0,0.18314157114785495
1801,2252,2253,2,0,0.18308313884601563
1802,2256,2257,3,1,0.6697757733469587
1803,2257,2258,5,0,0.05341754983176196
1804,2258,2259,3,0,0.057806802011193349
1805,2259,2260,1,0,0.12197021150993678
1806,2260,2261,4,0,0.090257660650517088
1807,2262,2263,3,0,0.626448084416106
1808,2263,2264,2,0,0.097801096542755248
1809,2264,2265,5,0,0.069705143823430182
1810,2265,2266,3,1,0.16337567794766522
1811,2266,2267,2,0,0.030683920165932747
1812,2269,2270,3,0,0.37373683423069926
1813,2271,2272,3,0,0.29287966993739339
1814,2272,2273,3,0,0.1681016310595054
1815,2273,2274,4,0,0.24591016077459812
1816,2275,2276,1,0,0.30489940636774521
1817,2276,2277,1,0,0.057996002022422152
1818,2277,2278,5,0,0.10819884789851873
1819,2278,2279,2,1,0.61936315551106513
1820,2279,2280,2,0,0.28802665332966948
1821,2280,2281,2,0,0.23551355734203977
1822,2281,2282,1,0,0.040481652308650695
1823,2282,2283,5,0,0.12439481586626205
1824,2283,2284,5,0,0.3056366672928304
1825,2285,2286,1,0,0.086963034476598075
1826,2286,2287,1,0,0.58338360723492266
1827,2287,2288,4,0,0.1096603457229043
1828,2288,2289,2,0,0.32465626851264151
1829,2289,2290,3,1,0.18800602429632765
1830,2290,2291,5,0,0.40100607484034823
1831,2292,2293,5,1,0.76086716997829951
1832,2293,2294,1,0,0.32586653671079735
1833,2294,2295,3,1,0.41587581369427506
1834,2295,2296,2,0,0.41269581437316055
1835,2296,2297,1,0,0.055026049501584705
1836,2297,2298,1,1,0.35788939709503254
1837,2298,2299,1,0,0.05909473169911697
1838,2299,2300,4,0,0.17324500934893233
1839,2301,2302,4,1,0.078872003300536231
1840,2302,2303,1,0,0.36090946828450693
1841,2303,2304,1,1,0.49847344910494423
1842,2304,2305,1,0,0.16504830305569962
1843,2305,2306,4,0,0.41713322774218364
1844,2307,2308,1,0,0.18104899506554117
1845,2308,2309,3,0,0.18858595343227727
1846,2309,2310,2,0,0.076216890029868326
1847,2311,2312,4,0,0.099022934939750451
1848,2312,2313,3,0,0.63335524796513942
1849,2313,2314,2,0,0.074331679831017516
1850,2315,2316,2,0,0.11418017836156409
1851,2316,2317,1,0,0.21806534688066084
1852,2318,2319,3,1,0.25141973973753962
1853,2319,2320,1,0,0.076386466102422251
1854,2320,2321,2,0,0.097735387179433919
1855,2322,2323,3,0,0.16035359031583374
1856,2323,2324,2,0,0.15264833907142003
1857,2324,2325,1,1,0.6258182735202884
1858,2326,2327,5,0,0.074339000187573265
1859,2327,2328,1,0,0.1575238116111215
1860,2328,2329,3,0,0.19945293472598066
1861,2330,2331,4,0,0.083445923585554943
1862,2331,2332,5,1,0.073426349893956716
1863,2332,2333,4,0,0.58708140970537115
1864,2334,2335,2,0,0.083314395003943012
1865,2336,2337,3,1,0.09815925499050121
1866,2337,2338,3,0,0.1562954857389941
1867,2338,2339,5,0,0.078372187186266609
1868,2339,2340,3,0,0.061849062655756563
1869,2340,2341,4,0,0.50070934031002279
1870,2341,2342,5,0,0.20436788190058733
1871,2342,2343,4,0,0.058908731558323206
1872,2343,2344,4,0,0.16796678097649262
1873,2344,2345,5,0,0.17035505027396863
1874,2345,2346,3,0,0.17731749805159669
1875,2346,2347,1,0,0.1832082645183094
1876,2347,2348,2,1,0.090668359301847537
1877,2348,2349,4,0,0.55169378310811135
1878,2349,2350,4,1,0.18364272087812547
1879,2350,2351,4,0,0.045700577739142156
1880,2351,2352,4,0,0.078700301933065195
1881,2352,2353,3,1,0.27578669228297703
1882,2354,2355,3,0,0.14802303976719364
1883,2355,2356,2,0,0.16030861984816464
1884,2356,2357,4,1,0.58518120728391554
1885,2357,2358,2,0,0.058430990583920629
1886,2358,2359,1,0,0.027570669158405295
1887,2359,2360,1,0,0.16465900197831493
1888,2361,2362,3,0,0.11766756832026447
1889,2362,2363,3,0,0.52805994934452249
1890,2363,2364,4,1,0.18077963552658841
1891,2364,2365,5,0,0.038180336362112537
1892,2365,2366,2,1,0.67407344116759405
1893,2367,2368,4,0,0.11148132227719432
1894,2371,2372,4,0,0.17895221640560022
1895,2372,2373,1,0,0.13790797123632606
1896,2373,2374,5,0,0.11477708096127917
1897,2375,2376,5,1,0.74594615711231771
1898,2376,2377,2,0,0.17427677235514394
1899,2377,2378,5,1,0.19907486464012591
1900,2378,2379,2,1,0.33135263576314605
1901,2379,2380,1,0,0.019615123038540426
1902,2380,2381,1,0,0.067662720834106432
1903,2382,2383,4,0,0.15908028644514538
1904,2383,2384,5,0,0.086621258634570403
1905,2384,2385,5,0,0.19558227785238125
1906,2385,2386,1,0,0.0081841523913105986
1907,2387,2388,4,0,0.039661274708128115
1908,2388,2389,5,0,0.21956669519839322
1909,2389,2390,2,0,0.56192114970116647
1910,2391,2392,5,0,0.087596244718624108
1911,2392,2393,3,1,0.73424441846731936
1912,2393,2394,1,0,0.19402605960007024
1913,2394,2395,4,0,0.15924970622054618
1914,2396,2397,4,0,0.33660027069885062
1915,2397,2398,1,0,0.11334441102587008
1916,2398,2399,1,0,0.16051730998847083
1917,2399,2400,1,0,0.1781737306426224
1918,2400,2401,1,0,0.10585262586074572
1919,2402,2403,3,0,0.57714878257109059
1920,2404,2405,2,0,0.14571520072729185
1921,2405,2406,2,1,0.81583040360374937
1922,2406,2407,2,0,0.16595629654860974
1923,2407,2408,3,1,0.52622470746891448
1924,2408,2409,5,0,0.16403981071004947
1925,2409,2410,4,0,0.019985533740037809
1926,2410,2411,5,0,0.11495044514790319
1927,2411,2412,1,0,0.20782548691778219
1928,2412,2413,3,1,0.66066600285063593
1929,2413,2414,4,0,0.11457423077126483
1930,2414,2415,4,1,0.18167739907426417
1931,2415,2416,2,0,0.28122712609283979
1932,2416,2417,2,0,0.13402441682244112
1933,2419,2420,5,0,0.041364430902008614
1934,2420,2421,3,0,0.44003856450350032
1935,2423,2424,5,0,0.087044026545329028
1936,2424,2425,5,0,0.10299935777425304
1937,2427,2428,5,1,0.62048024575807292
1938,2428,2429,2,0,0.1190241726432095
1939,2429,2430,2,1,0.25984343405572075
1940,2431,2432,4,0,0.40771054841937526
1941,2433,2434,5,0,0.202541229959492
1942,2434,2435,3,1,0.78903745148448834
1943,2435,2436,4,1,0.149586148089278
1944,2436,2437,5,1,0.40512970742568649
1945,2437,2438,5,1,0.6117338833100221
1946,2438,2439,1,0,0.052110119200405418
1947,2439,2440,3,0,0.038358917945313237
1948,2440,2441,1,0,0.11972264895542852
1949,2441,2442,2,1,0.19636850956561358
1950,2445,2446,5,1,0.16142387246098991
1951,2446,2447,3,0,0.10492286359268298
1952,2447,2448,4,1,0.68071834974428636
1953,2448,2449,1,0,0.026404307646240809
1954,2449,2450,1,1,0.46222109206019496
1955,2450,2451,1,1,0.17529666676367456
1956,2451,2452,1,0,0.033700270586808759
1957,2452,2453,4,0,0.13978218110617549
1958,2455,2456,2,0,0.14863627883174135
1959,2456,2457,3,0,0.047171841105270132
1960,2458,2459,5,0,0.6747158085223478
1961,2459,2460,1,0,0.15909492277273826
1962,2461,2462,2,1,0.69741331680465268
1963,2462,2463,1,1,0.70496131570816412
1964,2463,2464,1,1,0.59993381217475994
1965,2464,2465,5,1,0.079852322514519222
1966,2466,2467,5,1,0.14462974849759003
1967,2467,2468,3,0,0.17742443522371462
1968,2468,2469,4,0,0.060415400128100004
1969,2469,2470,5,0,0.089821583762940652
1970,2472,2473,5,0,0.059631728670490089
1971,2474,2475,1,0,0.18129215611508112
1972,2475,2476,3,0,0.230726755419076
1973,2476,2477,5,0,0.20786662376576881
1974,2477,2478,3,0,0.077108875493618945
1975,2480,2481,2,1,0.3630259119108199
1976,2482,2483,2,1,0.24584399681559987
1977,2483,2484,3,1,0.14864698373249527
1978,2485,2486,3,0,0.13783314877709643
1979,2486,2487,2,0,0.093720495558186026
1980,2487,2488,4,1,0.19415224940309905
1981,2488,2489,1,1,0.66229426529837354
1982,2490,2491,3,0,0.19762962681043908
1983,2491,2492,5,1,0.21804086482519952
1984,2492,2493,1,0,0.14393982755942186
1985,2495,2496,1,0,0.091326153036201105
1986,2496,2497,4,0,0.14209652654198152
1987,2498,2499,5,1,0.26921750767357566
1988,2499,2500,4,0,0.064889546113272745
1989,2500,2501,1,1,0.046551070864800211
1990,2501,2502,4,0,0
1991,2502,2503,4,0,0.13343364615135156
1992,2504,2505,5,0,0.20023358074966205
1993,2505,2506,1,0,0.35119583877989435
1994,2506,2507,3,1,0.039007791305548066
1995,2507,2508,4,1,0.23970305165955397
1996,2509,2510,4,1,0.77725288702496298
1997,2510,2511,1,1,0.52197515280571283
1998,2511,2512,3,1,0.098490685603415853
1999,2512,2513,5,1,0.08082252051660907
2000,2513,2514,4,0,0.38431847459040069
2001,2514,2515,2,0,0.098798234206466426
2002,2515,2516,2,0,0.2477820006999174
2003,2516,2517,4,0,0.13346678933568901
2004,2517,2518,5,0,0.058485884872364113
2005,2518,2519,3,0,0.090290114225419812
2006,2519,2520,2,0,0.09350142805580236
2007,2520,2521,1,0,0.065224733927869663
2008,2521,2522,3,0,0.098154839223522722
2009,2523,2524,5,0,0.24978311689259303
2010,2525,2526,2,0,0.12017520175044305
2011,2526,2527,3,0,0.3383312150985881
2012,2527,2528,2,0,0.47330298688109612
2013,2528,2529,2,0,0.25059763957887116
2014,2529,2530,5,0,0.21551205260754527
2015,2530,2531,1,1,0.23498354634165733
2016,2531,2532,5,1,0.31455738719699267
2017,2532,2533,5,0,0.04726067675086431
2018,2533,2534,2,0,0.1084796575158872
2019,2534,2535,4,0,0.13499486107922276
2020,2536,2537,5,1,0.029319085321068236
2021,2537,2538,3,1,0.26378803497985276
2022,2539,2540,5,0,0.18653927195995204
2023,2540,2541,4,0,0.12322251555125341
2024,2541,2542,5,1,0.70654167588442462
2025,2542,2543,2,0,0.076832342193460135
2026,2545,2546,2,1,0.14645144390179637
2027,2546,2547,5,0,0.048400620387368434
2028,2547,2548,2,0,0.17001871135585386
2029,2548,2549,2,0,0.082862476998628434
2030,2549,2550,4,0,0.58215947444728766
2031,2550,2551,2,0,0.084886537724465555
2032,2553,2554,5,0,0.088780337075538313
2033,2554,2555,3,0,0.19732103531672712
2034,2555,2556,1,0,0.050163991841109409
2035,2556,2557,2,0,0.16887734915760166
2036,2557,2558,3,1,0.60273105513370184
2037,2558,2559,5,0,0.1099871950180934
2038,2560,2561,1,1,0.038177389717741643
2039,2561,2562,5,0,0.18838671586743877
2040,2564,2565,3,0,0.39074873268791854
2041,2566,2567,3,0,0.25012154057774433
2042,2567,2568,5,0,0.10462059481454687
2043,2569,2570,5,0,0.12731850453637233
2044,2570,2571,5,0,0.10145902737256285
2045,2571,2572,2,0,0.35830851476917602
2046,2572,2573,5,0,0.27905543157854235
2047,2574,2575,4,0,0.044326349990555867
2048,2575,2576,1,0,0.13835595642859866
2049,2576,2577,3,0,0.052837598948643393
2050,2577,2578,2,0,0.21691281201191445
2051,2578,2579,4,0,0.15055645416719854
2052,2579,2580,3,1,0.53898042840669813
2053,2580,2581,2,0,0.14663471552375948
2054,2582,2583,5,1,0.29459219003595882
2055,2583,2584,3,0,0.20592246759375979
2056,2585,2586,4,0,0.15884824977305123
2057,2586,2587,4,1,0.09800639277400329
2058,2587,2588,2,0,0.1692876929112139
2059,2588,2589,1,0,0.12820296072389639
2060,2589,2590,2,1,0.59926535417868643
2061,2591,2592,3,0,0.49449339500505779
2062,2592,2593,2,0,0.10726010742901501
2063,2594,2595,1,0,0.065309024483238484
2064,2595,2596,1,0,0.21492509969631629
2065,2596,2597,2,0,0.058995090686751288
2066,2597,2598,5,0,0.070563959857493141
2067,2598,2599,2,0,0.18905116197066282
2068,2599,2600,3,0,0.14431566435846702
2069,2600,2601,5,1,0.33507053340538845
2070,2601,2602,2,0,0.065151151838818214
2071,2602,2603,3,1,0.34690874581982378
2072,2603,2604,3,0,0.076080810622617373
2073,2605,2606,5,0,0.1847445524947785
2074,2606,2607,5,0,0.32417724933383824
2075,2608,2609,4,1,0.25646396148327111
2076,2609,2610,3,0,0.11478772101160704
2077,2611,2612,4,0,0.11152763349246163
2078,2612,2613,2,0,0.15041511024701865
2079,2613,2614,2,0,0.45856079762630408
2080,2614,2615,5,0,0.046843085541700663
2081,2616,2617,3,1,0.09090790136886015
2082,2617,2618,5,1,0.6994072468500695
2083,2619,2620,4,1,0.14589517237806812
2084,2620,2621,4,0,0.16450258069879192
2085,2621,2622,1,0,0
2086,2622,2623,2,0,0.16268520680742082
2087,2623,2624,1,0,0.067890392650115081
2088,2624,2625,4,0,0.071742465563481239
2089,2625,2626,3,0,0.088900187520410276
2090,2626,2627,4,0,0.24989486315599221
2091,2627,2628,3,0,0.20623520436210613
2092,2628,2629,5,0,0.14421255949154416
2093,2629,2630,4,1,0.53234891505786841
2094,2630,2631,5,0,0.099521323387494143
2095,2632,2633,5,1,0.081464221037332918
2096,2633,2634,4,1,0.49779031139392727
2097,2635,2636,4,0,0.18933023124232701
2098,2636,2637,3,0,0.47754734292382434
2099,2637,2638,4,0,0.089003547196903968
2100,2640,2641,3,1,0.71218867927712537
2101,2641,2642,2,1,0.64448661443726107
2102,2643,2644,3,0,0.17837062345463423
2103,2645,2646,3,0,0.19336752306958993
2104,2646,2647,1,1,0.64791630481247831
2105,2647,2648,2,1,0.22524908229871332
2106,2648,2649,4,0,0.11755535949325867
2107,2649,2650,5,0,0.04360916236548585
2108,2650,2651,3,1,0.10871532338054318
2109,2651,2652,2,1,0.1899818642143293
2110,2652,2653,4,0,0.18552797903020848
2111,2653,2654,2,0,0.14481253191651894
2112,2654,2655,1,0,0.17637917640578862
2113,2657,2658,3,0,0.23528410999024627
2114,2658,2659,2,0,0.72621639064116683
2115,2659,2660,5,0,0.67522538275423694
2116,2661,2662,3,0,0.064448366531608348
2117,2662,2663,1,0,0.16182350515681829
2118,2663,2664,1,0,0.079110942167679346
2119,2664,2665,4,1,0.181504120691483
2120,2666,2667,2,0,0.019776132039606095
2121,2667,2668,2,0,0.16598320898749777
2122,2668,2669,4,0,0.15426132473378734
2123,2670,2671,5,0,0.056471711582459172
2124,2672,2673,3,0,0.26258907593648462
2125,2673,2674,1,0,0.041301145907115318
2126,2675,2676,1,0,0.28110761806481022
2127,2676,2677,3,0,0.24604832236765709
2128,2677,2678,5,0,0.2112532580647625
2129,2678,2679,3,0,0.072975157229004342
2130,2679,2680,4,0,0.19780861031034058
2131,2680,2681,4,0,0.033229091249875317
2132,2681,2682,2,0,0.17493833840456652
2133,2683,2684,3,0,0.097812491409482685
2134,2684,2685,4,1,0.56712993921014221
2135,2685,2686,3,0,0.034574784621981894
2136,2687,2688,1,0,0.11650488380913634
2137,2689,2690,3,0,0.22323017060747785
2138,2690,2691,3,0,0.081944395949516677
2139,2691,2692,3,0,0.022937871203151234
2140,2692,2693,4,0,0.10237371030609967
2141,2693,2694,2,0,0.097267505651090283
2142,2694,2695,3,0,0.3727600132673724
2143,2695,2696,4,0,0.22288136392931582
2144,2696,2697,1,0,0.10967470271949339
2145,2699,2700,5,0,0.56386791133328895
2146,2700,2701,5,0,0.16294728284868465
2147,2703,2704,5,0,0.61801583212809297
2148,2704,2705,1,0,0.14481742038872555
2149,2707,2708,3,0,0.1016084616834686
2150,2708,2709,4,0,0.0087259253050525776
2151,2713,2714,1,0,0.061893649002182777
2152,2714,2715,5,0,0.65832808026998124
2153,2715,2716,2,0,0.39331896068851668
2154,2716,2717,1,0,0.037645545960023813
2155,2717,2718,3,0,0.22014452107279844
2156,2718,2719,5,0,0.1586069790093802
2157,2720,2721,1,0,0.1736188015700709
2158,2721,2722,2,0,0.038979553714461025
2159,2722,2723,5,1,0.62826540894612348
2160,2724,2725,4,0,0.18478098973159046
2161,2725,2726,3,0,0.40939145182515246
2162,2726,2727,2,0,0.15128105268754943
2163,2728,2729,4,0,0.25400515012567138
2164,2729,2730,5,0,0.14685596824468417
2165,2730,2731,2,0,0.6524460000840141
2166,2732,2733,5,0,0.10752579139053456
2167,2734,2735,2,0,0.036538240595471262
2168,2735,2736,5,0,0.074779538735205792
2169,2736,2737,5,0,0.17307698080434519
2170,2737,2738,5,1,0.6145590292281381
2171,2738,2739,5,0,0.10859717203483436
2172,2739,2740,5,0,0.19391780921793078
2173,2740,2741,2,0,0.15835694115016291
2174,2741,2742,1,0,0.12839383257745285
2175,2742,2743,3,0,0.32061356064230884
2176,2743,2744,5,0,0.092377297116611232
2177,2744,2745,1,0,0.14020006681155667
2178,2745,2746,2,0,0.082240456302511936
2179,2748,2749,4,1,0.051273335343605141
2180,2749,2750,2,1,0.43876153136692886
2181,2750,2751,2,0,0.16070610093735446
2182,2752,2753,4,1,0.13782624419495379
2183,2753,2754,1,1,0.22180089759427779
2184,2754,2755,1,0,0.12533582088644304
2185,2755,2756,2,0,0.093831676848815257
2186,2756,2757,3,1,0.62052874845356165
2187,2757,2758,1,0,0.20165349957409776
2188,2759,2760,1,0,0.12828676787441298
2189,2760,2761,4,0,0.049586856144662586
2190,2761,2762,3,0,0.019526394967967427
2191,2762,2763,2,0,0.079705134098212532
2192,2763,2764,2,0,0.1741446542859795
2193,2764,2765,4,0,0.026371742454424231
2194,2765,2766,1,0,0.029066758712078106
2195,2767,2768,2,1,0.10747894861366962
2196,2768,2769,2,0,0.044981875096359418
2197,2769,2770,4,0,0.17503797287596948
2198,2770,2771,3,0,0.64784996153655816
2199,2771,2772,2,0,0.092648947078279559
2200,2772,2773,1,1,0.73296942426535394
2201,2773,2774,5,0,0.29745542351934884
2202,2774,2775,3,0,0.077808747704446096
2203,2778,2779,2,1,0.62025162994378658
2204,2779,2780,3,0,0.058302916028167659
2205,2781,2782,2,0,0.13355277217587427
2206,2782,2783,1,0,0.027271682925378581
2207,2783,2784,2,0,0.37332173399136848
2208,2784,2785,5,1,0.28659682593948044
2209,2785,2786,2,0,0.18965892892628192
2210,2786,2787,4,0,0.1959369373142815
2211,2787,2788,1,1,0.11390930295229998
2212,2788,2789,5,0,0.22881143434440929
2213,2789,2790,1,1,0.25880159254238633
2214,2790,2791,2,1,0.075721087248758298
2215,2791,2792,3,0,0.24639977018298581
2216,2792,2793,4,0,0.14700441006486223
2217,2794,2795,4,1,0.20635578266560201
2218,2795,2796,4,1,0.40050019662398617
2219,2796,2797,5,0,0.34603645588999021
2220,2797,2798,3,0,0.10758829645528875
2221,2798,2799,5,0,0.13821338077385725
2222,2799,2800,5,0,0.11532865787792124
2223,2800,2801,2,0,0.18737100258560158
2224,2801,2802,5,1,0.56129338463392864
2225,2802,2803,4,1,0.17932606541591267
2226,2803,2804,2,0,0.12113074421202659
2227,2805,2806,4,0,0.21730389679831083
2228,2806,2807,1,0,0.13997830817366486
2229,2808,2809,5,0,0.018509168045882436
2230,2809,2810,3,0,0.098140021057751367
2231,2810,2811,1,0,0.20268057926315408
2232,2811,2812,3,1,0.23386169482848337
2233,2812,2813,1,0,0.018556217462288496
2234,2813,2814,5,0,0.15514827878731466
2235,2814,2815,4,0,0.18504440745210701
2236,2815,2816,4,0,0.1326647575168354
2237,2817,2818,3,1,0.81586462449043629
2238,2818,2819,4,0,0.04967172436960389
2239,2819,2820,1,0,0.28537353799635268
2240,2821,2822,1,1,0.51521405865138192
2241,2822,2823,3,0,0.026574956218566367
2242,2823,2824,3,1,0.22732575840642816
2243,2824,2825,5,1,0.16645587669558801
2244,2825,2826,3,1,0.10007682480442584
2245,2828,2829,1,1,0.18573758969858872
2246,2829,2830,5,0,0.15586382180737612
2247,2830,2831,2,0,0.1795609203809192
2248,2832,2833,5,0,0.085393746340147153
2249,2834,2835,4,0,0.099261429469624726
2250,2837,2838,4,0,0.098817544823480916
2251,2838,2839,3,0,0.083296344333079239
2252,2839,2840,2,0,0.016903334505128553
2253,2841,2842,1,0,0.097395213335086744
2254,2842,2843,4,0,0.37040039099065875
2255,2843,2844,1,0,0.69845916201934954
2256,2844,2845,3,0,0.10556848239161407
2257,2845,2846,4,0,0.022760746968193839
2258,2846,2847,3,0,0.14574803570491304
2259,2847,2848,2,0,0.076219306728111183
2260,2848,2849,1,0,0.046408392821644918
2261,2849,2850,2,0,0.40660884079405973
2262,2850,2851,1,0,0.26685637253354
2263,2851,2852,2,1,0.52837256451963788
2264,2852,2853,4,1,0.70812559079022341
2265,2853,2854,3,0,0.027411713284096594
2266,2855,2856,2,0,0.049149903594048146
2267,2857,2858,4,0,0.033865428752127093
2268,2858,2859,4,1,0.086062482631947046
2269,2860,2861,2,1,0.74642761792942669
2270,2861,2862,3,1,0.22605565526651941
2271,2862,2863,5,0,0.20214623090839373
2272,2863,2864,3,0,0.10926739544667896
2273,2864,2865,4,0,0.7465406298921069
2274,2865,2866,2,0,0.19958241425854306
2275,2867,2868,1,0,0.1795693088875539
2276,2868,2869,3,0,0.19793306229173785
2277,2869,2870,5,0,0.12913757674910187
2278,2870,2871,5,0,0.084405831196721653
2279,2871,2872,1,0,0.040474236487533184
2280,2873,2874,4,0,0.016910574289192959
2281,2874,2875,2,0,0.24845740161049493
2282,2875,2876,2,0,0.16904767150551381
2283,2876,2877,1,0,0.53185296629531253
2284,2877,2878,1,0,0.26757990981663554
2285,2878,2879,3,0,0.041998486732333785
2286,2879,2880,4,0,0.22859340318963303
2287,2880,2881,2,0,0.13076457656183588
2288,2881,2882,3,0,0.097618810087154242
2289,2882,2883,4,0,0.077084929480375805
2290,2883,2884,5,0,0.11753099167807841
2291,2886,2887,5,0,0.045707409674311889
2292,2887,2888,3,0,0.08118034731490939
2293,2888,2889,1,0,0.087971146658200952
2294,2889,2890,1,0,0.057454991295409222
2295,2890,2891,4,0,0.16439001381485038
2296,2891,2892,2,0,0.2441046417677763
2297,2892,2893,3,0,0.07985271900248396
2298,2893,2894,4,0,0.39105865830953412
2299,2894,2895,3,0,0.06042784642528104
2300,2895,2896,4,1,0.36855519980511287
2301,2896,2897,1,0,0.33306501667147353
2302,2897,2898,1,0,0.038151559079069454
2303,2898,2899,5,1,0.17028367149562651
2304,2899,2900,1,0,0.3024414092035782
2305,2900,2901,1,0,0.12476851488491293
2306,2902,2903,5,1,0.23411321783867442
2307,2903,2904,4,1,0.56046386896874745
2308,2904,2905,3,0,0.087552678979223628
2309,2905,2906,5,0,0.17910390075172519
2310,2906,2907,4,0,0.015526127388080031
2311,2910,2911,2,0,0.20914906650736381
2312,2911,2912,3,0,0.1464613627718426
2313,2912,2913,5,1,0.16449119786310934
2314,2913,2914,1,0,0.055355967142558617
2315,2914,2915,3,0,0.24889709303974011
2316,2915,2916,3,0,0.31015967712756104
2317,2916,2917,1,0,0.58260759591588984
2318,2917,2918,1,0,0.23072504988362547
2319,2919,2920,4,0,0.13434899147010934
2320,2920,2921,2,0,0.18395898716032649
2321,2921,2922,4,0,0.14939914406536842
2322,2922,2923,1,0,0.12575093035970847
2323,2923,2924,3,1,0.24261192282226315
2324,2924,2925,4,0,0.18472324954048863
2325,2925,2926,4,0,0.71044216813579086
2326,2926,2927,3,1,0.76399469257804076
2327,2927,2928,2,1,0.22131313253491983
2328,2928,2929,5,0,0.21338040799044483
2329,2929,2930,2,0,0.066544651721445761
2330,2930,2931,4,0,0.11902982120913132
2331,2932,2933,2,0,0.016870595837476833
2332,2933,2934,3,0,0.073393405050762944
2333,2934,2935,5,0,0.27079183615957381
2334,2935,2936,4,1,0.34803319439890129
2335,2937,2938,1,0,0.048327547892776358
2336,2938,2939,4,0,0.50866543469521319
2337,2940,2941,4,0,0.19125011983886822
2338,2941,2942,2,0,0.55195013034684282
2339,2942,2943,3,1,0.10774458323639857
2340,2943,2944,3,0,0.27471249676607629
2341,2944,2945,4,1,0.39785404176695671
2342,2946,2947,4,0,0.12636995011307359
2343,2947,2948,2,1,0.52366009851739403
2344,2948,2949,1,0,0.054228257483580081
2345,2950,2951,2,0,0.61038850295119829
2346,2953,2954,3,0,0.12998565786428345
2347,2954,2955,2,0,0.11457056348085097
2348,2955,2956,1,0,0.10609899423754834
2349,2956,2957,1,1,0.049321802159397493
2350,2957,2958,4,0,0.12099419854451716
2351,2958,2959,4,0,0.34583040887004279
2352,2959,2960,3,0,0.15194192552754798
2353,2960,2961,3,0,0.14424824783515422
2354,2961,2962,1,0,0.039169720542240417
2355,2962,2963,3,1,0.2322837551764802
2356,2963,2964,4,0,0.69170195156693393
2357,2964,2965,5,0,0.050803522848684085
2358,2965,2966,3,0,0.14237303714804322
2359,2967,2968,1,1,0.18336102350478842
2360,2968,2969,4,0,0.26931539280417122
2361,2969,2970,4,0,0.098988745947387741
2362,2970,2971,4,0,0.029351207956833186
2363,2971,2972,4,0,0.018451440686102182
2364,2972,2973,5,0,0.1182650133116845
2365,2973,2974,4,0,0.79029964963550736
2366,2974,2975,3,0,0.10979080282847976
2367,2975,2976,1,0,0.16747803489137794
2368,2977,2978,1,0,0.0087047719192390911
2369,2978,2979,3,0,0.1822576158074008
2370,2979,2980,2,0,0.11712431589555308
2371,2980,2981,1,0,0.12468325622294903
2372,2981,2982,5,0,0.18044813990663511
2373,2982,2983,5,0,0.092779380997807193
2374,2983,2984,1,0,0.10886198836710173
2375,2984,2985,1,0,0.069861543120397995
2376,2985,2986,3,0,0.1076843765044451
2377,2986,2987,1,0,0.12343553355572082
2378,2987,2988,5,1,0.10792417705336264
2379,2988,2989,1,0,0.048960408192228688
2380,2990,2991,1,1,0.65195646687305131
2381,2991,2992,5,1,0.15210060708915776
2382,2992,2993,4,0,0.042559358966198196
2383,2993,2994,5,1,0.29475573927621096
2384,2994,2995,1,0,0.099837863905246529
2385,2995,2996,1,1,0.1789875137289324
2386,2996,2997,2,1,0.56138782910228835
2387,2998,2999,1,1,0.20445776791629444
2388,2999,3000,4,0,0.1558122664364856
2389,3000,3001,5,0,0.13886061802030664
2390,3001,3002,5,0,0.05959121886559314
2391,3002,3003,2,1,0.68833173236539558
2392,3004,3005,3,0,0.46204684217658737
2393,3005,3006,3,0,0.038602780918147866
2394,3007,3008,5,0,0.57817719031646608
2395,3008,3009,1,0,0.12507553902346322
2396,3010,3011,3,0,0.23594002415341236
2397,3011,3012,4,0,0.21565608827842764
2398,3012,3013,4,0,0.12945583363631902
2399,3013,3014,2,0,0.11379887205568227
2400,3015,3016,2,1,0.041965377066801812
2401,3016,3017,4,0,0.10853509235274862
2402,3017,3018,5,1,0.15964134354251741
2403,3018,3019,2,0,0.63486242508083013
2404,3019,3020,4,1,0.56298300699364723
2405,3020,3021,3,1,0.61674953377103403
2406,3021,3022,3,0,0.15075128984337152
2407,3022,3023,3,0,0.22181629966062164
2408,3023,3024,3,1,0.73801711260157699
2409,3024,3025,2,1,0.26206494801646685
2410,3025,3026,1,0,0.20735472146314901
2411,3026,3027,4,1,0.17560930329790236
2412,3027,3028,1,0,0.12839262594681292
2413,3028,3029,1,0,0.042657429983037017
2414,3029,3030,1,0,0.078364615429690629
2415,3032,3033,2,0,0.12492484834202305
2416,3033,3034,2,0,0.6358917136951836
2417,3035,3036,2,0,0.21771121950033298
2418,3036,3037,3,0,0.17791627515513586
2419,3037,3038,3,0,0.15586307540963448
2420,3038,3039,5,0,0.058006563167974305
2421,3039,3040,1,0,0.17939727078242451
2422,3040,3041,3,1,0.67422832506929342
2423,3041,3042,3,0,0.12143850020420265
2424,3042,3043,2,0,0.16892946195015071
2425,3043,3044,1,1,0.70328604013380525
2426,3044,3045,5,0,0.042477239533378459
2427,3046,3047,4,0,0.61129977069417907
2428,3047,3048,1,0,0.10549640481888445
2429,3049,3050,4,0,0.22599494906195064
2430,3050,3051,4,0,0.096716221010052103
2431,3051,3052,1,0,0.37452349826679837
2432,3052,3053,3,0,0.25581222361928813
2433,3053,3054,5,0,0.09306482413366024
2434,3055,3056,1,0,0.29017196240158744
2435,3056,3057,2,0,0.079420916930813948
2436,3058,3059,5,0,0.13913867325287996
2437,3061,3062,5,0,0.17663426118114023
2438,3062,3063,3,0,0.088675733100081033
2439,3063,3064,5,0,0.61189116872978733
2440,3065,3066,4,1,0.54425931136321748
2441,3066,3067,2,0,0.21486321236083067
2442,3067,3068,5,1,0.24930439362977638
2443,3070,3071,4,0,0.037912216231444647
2444,3071,3072,3,1,0.2420892067908722
2445,3072,3073,5,0,0.12737711216401998
2446,3074,3075,1,0,0.45732875378620574
2447,3075,3076,3,0,0.53242565159033439
2448,3077,3078,5,1,0.16893236438197129
2449,3078,3079,3,0,0.075693618502353024
2450,3079,3080,2,0,0.1502026589053618
2451,3080,3081,5,0,0.1546834276163935
2452,3081,3082,1,0,0.020020661684866454
2453,3082,3083,3,0,0.039131176834315565
2454,3083,3084,5,0,0.12392191821349742
2455,3085,3086,5,0,0.10254468336096609
2456,3086,3087,2,0,0.81551640614911269
2457,3087,3088,2,0,0.56829345528513331
2458,3088,3089,5,0,0.3180116336237318
2459,3089,3090,5,0,0.028315076537782282
2460,3090,3091,3,0,0.24744482822641375
2461,3091,3092,1,0,0.025843347516215108
2462,3092,3093,4,0,0.31362880927752562
2463,3093,3094,2,0,0.64044927672751428
2464,3094,3095,4,1,0.17912532254562649
2465,3095,3096,3,0,0.18526401377505455
2466,3096,3097,1,0,0.049561024701543145
2467,3097,3098,4,0,0.11431319900075859
2468,3098,3099,5,0,0.13965808719224015
2469,3099,3100,1,0,0.027308760519751792
2470,3100,3101,4,1,0.070623132059502255
2471,3102,3103,3,0,0.088843444417706363
2472,3103,3104,3,1,0.12135198146549386
2473,3104,3105,1,0,0.070180788488376833
2474,3105,3106,1,0,0.06430410657225813
2475,3106,3107,3,0,0.065823452110907912
2476,3107,3108,1,0,0.025197738618650239
2477,3108,3109,1,0,0.096770591191777749
2478,3109,3110,5,0,0.091759149111745458
2479,3110,3111,3,0,0.16629035891633437
2480,3111,3112,1,0,0.13917190762483581
2481,3113,3114,1,0,0.093428854061328295
2482,3114,3115,1,0,0.17141329143807271
2483,3116,3117,3,0,0.27037332373702877
2484,3120,3121,4,0,0.16333729468656083
2485,3122,3123,5,0,0.04375581342057859
2486,3123,3124,4,0,0.22083462290046885
2487,3125,3126,2,0,0.029042009043759462
2488,3126,3127,4,0,0.56523858975477481
2489,3127,3128,3,0,0.070374666577487574
2490,3129,3130,2,0,0.20358882339378181
2491,3130,3131,3,0,0.019532038602864357
2492,3132,3133,1,1,0.28614557477962116
2493,3133,3134,2,1,0.057795208018752285
2494,3134,3135,5,0,0.033448087629570043
2495,3135,3136,1,0,0.095748311070930417
2496,3137,3138,4,0,0.13638551469409796
2497,3138,3139,5,0,0.10546391939699944
2498,3139,3140,5,0,0.14061483169115596
2499,3141,3142,1,0,0.22985999672753754
2500,3142,3143,5,0,0.11211470701129815
2501,3143,3144,1,1,0.76627236830030643
2502,3144,3145,2,0,0.04032248776306601
2503,3145,3146,1,0,0.16835568516390106
2504,3147,3148,1,1,0.15726648795685702
2505,3148,3149,5,0,0.078912683358366709
2506,3149,3150,4,0,0.026326592932284495
2507,3150,3151,3,1,0.39263694623627593
2508,3152,3153,5,0,0.019006482462770702
2509,3153,3154,4,1,0.61117084638851316
2510,3154,3155,3,0,0.26385217799487531
2511,3155,3156,5,0,0.1513927130460766
2512,3156,3157,3,1,0.59991220573271564
2513,3157,3158,2,0,0.069455878863305537
2514,3158,3159,4,0,0.088626040451455224
2515,3159,3160,1,0,0.15777386629130691
2516,3161,3162,3,0,0.13971710419739777
2517,3162,3163,5,1,0.20445448471237512
2518,3163,3164,2,0,0.38523137599929141
2519,3164,3165,3,0,0.25092209530371568
2520,3165,3166,2,0,0.26778123660750786
2521,3166,3167,1,1,0.2206334006511721
2522,3167,3168,3,0,0.13437033523753725
2523,3168,3169,4,0,0.097173710592982535
2524,3170,3171,2,1,0.47061017666705091
2525,3171,3172,3,1,0.25077373495821004
2526,3173,3174,4,0,0.39136756523532246
2527,3174,3175,2,0,0.089638180226013719
2528,3176,3177,1,0,0.18769471458908268
2529,3177,3178,1,0,0.099476265045833942
2530,3178,3179,1,1,0.58267130849354398
2531,3180,3181,5,0,0.095902988541462453
2532,3181,3182,2,0,0.020821219477917537
2533,3182,3183,4,0,0.13479649684589801
2534,3184,3185,2,0,0.069272972685349862
2535,3185,3186,5,1,0.41819326574642807
2536,3186,3187,1,0,0.60560805913972582
2537,3187,3188,2,1,0.44757469124168464
2538,3189,3190,3,0,0.14247566179267682
2539,3190,3191,1,0,0.16915112267260168
2540,3191,3192,1,1,0.5756528405898792
2541,3192,3193,5,0,0.043622793955066179
2542,3193,3194,2,0,0.097862157703770505
2543,3194,3195,4,1,0.45638953406858879
2544,3195,3196,4,0,0.28244317582302675
2545,3196,3197,1,0,0.083989597803689156
2546,3199,3200,5,1,0.053499626049106686
2547,3200,3201,4,1,0.24747182141973259
2548,3201,3202,2,1,0.58092012157696882
2549,3203,3204,3,0,0.13745590075267469
2550,3204,3205,5,0,0.055355983420251373
2551,3205,3206,2,1,0.29588337375996188
2552,3207,3208,5,0,0.1256117420092944
2553,3208,3209,2,0,0.22644902224417482
2554,3209,3210,1,0,0.065444000012327294
2555,3210,3211,2,0,0.59528546953458084
2556,3211,3212,2,0,0.39560818224242761
2557,3212,3213,5,0,0.022127389467984083
2558,3213,3214,2,0,0.071125193728089328
2559,3215,3216,1,0,0.064381472929448999
2560,3216,3217,3,1,0.71671009208687209
2561,3217,3218,3,0,0.037254411245123527
2562,3218,3219,4,0,0.53994669136622586
2563,3219,3220,3,0,0.089186581823138281
2564,3220,3221,1,0,0.069974296458983079
2565,3221,3222,3,0,0.072035674051907028
2566,3222,3223,3,0,0.50476084520948139
2567,3223,3224,1,1,0.15138200102732072
2568,3224,3225,4,0,0.10506689703609109
2569,3225,3226,2,0,0.21149307372203846
2570,3226,3227,2,0,0.13255087798936058
2571,3227,3228,1,0,0.1015730685566154
2572,3228,3229,3,0,0.15116216270094437
2573,3229,3230,3,0,0.069395498637432412
2574,3230,3231,1,1,0.012390316790278338
2575,3231,3232,2,0,0.019182242637792574
2576,3232,3233,2,0,0.090538508159901554
2577,3233,3234,4,0,0.76698569877763767
2578,3234,3235,4,0,0.2562813417953313
2579,3235,3236,1,1,0.19141516177969289
2580,3237,3238,5,0,0.11143859816934827
2581,3238,3239,5,0,0.18336307230507559
2582,3239,3240,5,0,0.32755401171486442
2583,3242,3243,1,1,0.53130595744418541
2584,3243,3244,4,1,0.17082760265889074
2585,3244,3245,2,0,0.16514305478809921
2586,3245,3246,2,0,0.65860477944001683
2587,3246,3247,5,0,0.42088953303262239
2588,3247,3248,3,1,0.63887481319181005
2589,3248,3249,5,0,0.0074827143574551815
2590,3249,3250,1,0,0.21218201153750099
2591,3251,3252,3,0,0.18218952313201653
2592,3252,3253,4,0,0.25273665043027932
2593,3254,3255,2,0,0.29211188306961688
2594,3255,3256,1,0,0.27969431671148592
2595,3257,3258,1,1,0.52153891190201085
2596,3259,3260,4,0,0.17182808595568366
2597,3260,3261,5,0,0.075060876748695438
2598,3261,3262,2,0,0.21933787186059742
2599,3263,3264,3,0,0.16366969377542528
2600,3265,3266,5,1,0.34221303355749666
2601,3266,3267,2,0,0.12078799213550354
2602,3267,3268,2,0,0.0073931644705496156
2603,3268,3269,2,0,0.20173286578536662
2604,3269,3270,5,0,0.20050901490143988
2605,3270,3271,1,1,0.62499563864732977
2606,3271,3272,2,0,0.077734538504113188
2607,3272,3273,4,0,0.18725905494948308
2608,3273,3274,1,0,0.099511943171913017
2609,3274,3275,2,0,0.089058180486570465
2610,3275,3276,1,1,0.60131527146296271
2611,3276,3277,1,0,0.071881248887349106
2612,3277,3278,1,1,0.3045625828626366
2613,3278,3279,3,0,0.49006328141379069
2614,3280,3281,2,0,0.21692888836219335
2615,3281,3282,2,0,0.13954156588093708
2616,3282,3283,2,0,0.30722885245721554
2617,3284,3285,1,0,0.12393412409469594
2618,3286,3287,5,0,0.21090862989016015
2619,3287,3288,5,1,0.68054417005586398
2620,3288,3289,2,0,0.17855290315431208
2621,3289,3290,4,0,0.28970012748215651
2622,3290,3291,2,1,0.19713184074987841
2623,3291,3292,1,1,0.66401614271663878
2624,3292,3293,3,0,0.24393499733421914
2625,3293,3294,3,0,0.088816557829975745
2626,3295,3296,1,1,0.5989637469420197
2627,3296,3297,4,0,0.10502294266262192
2628,3297,3298,1,0,0.26482544391299834
2629,3299,3300,4,1,0.61698563269555651
2630,3300,3301,1,0,0.50242630347570283
2631,3301,3302,5,0,0.23138542017286964
2632,3304,3305,1,1,0.018463258114463914
2633,3305,3306,2,0,0.12294158086978312
2634,3306,3307,1,0,0.22633529637089728
2635,3307,3308,2,0,0.047893173059377091
2636,3308,3309,2,0,0.15781074628859393
2637,3310,3311,3,1,0.57715950383862547
2638,3311,3312,2,0,0.022099136030887145
2639,3312,3313,1,0,0.10143510256254785
2640,3313,3314,3,0,0.16252036276922441
2641,3314,3315,2,0,0.15994052956577942
2642,3315,3316,3,0,0.037023417691140564
2643,3316,3317,3,0,0.023056844473901158
2644,3317,3318,2,0,0.15160068487840392
2645,3318,3319,2,1,0.20882196609954332
2646,3320,3321,5,0,0.072551433311212721
2647,3321,3322,5,0,0.15708627250347021
2648,3322,3323,5,0,0.13577474306436274
2649,3323,3324,3,0,0.11806352121473683
2650,3324,3325,1,0,0.50089958270332746
2651,3325,3326,1,1,0.077924241326427127
2652,3326,3327,4,0,0.15949709731363948
2653,3327,3328,4,1,0.068589896617912371
2654,3328,3329,3,0,0.021282344437754844
2655,3329,3330,2,0,0.17858903822285543
2656,3333,3334,1,0,0.10671860958794019
2657,3334,3335,3,0,0.23332351263509798
2658,3335,3336,1,1,0.16208843601080283
2659,3336,3337,2,1,0.61420515696026812
2660,3337,3338,5,0,0.21415931282488784
2661,3338,3339,3,0,0.68069719676622631
2662,3340,3341,2,0,0.12569549283473408
2663,3342,3343,5,0,0.16605139507670374
2664,3344,3345,5,1,0.72251834959605832
2665,3345,3346,3,1,0.29703009289516397
2666,3346,3347,2,1,0.45460883168158706
2667,3349,3350,5,0,0.36012319406664356
2668,3351,3352,3,0,0.17736196724209502
2669,3352,3353,3,0,0.19342533612585777
2670,3353,3354,1,0,0.35550454604035231
2671,3354,3355,1,0,0.039545906797994246
2672,3355,3356,4,0,0.10943116897082113
2673,3356,3357,1,0,0.19892983500950687
2674,3357,3358,2,1,0.17629776711726688
2675,3358,3359,1,1,0.20814012162300105
2676,3359,3360,3,0,0.16856333237479132
2677,3360,3361,3,0,0.22803432924097536
2678,3362,3363,1,0,0.10557183389208274
2679,3363,3364,1,1,0.091153421699783688
2680,3364,3365,5,1,0.18701306857752337
2681,3365,3366,5,1,0.2789116550044205
2682,3367,3368,5,1,0.28364073082480712
2683,3368,3369,4,0,0.15895412524737004
2684,3369,3370,3,0,0.46650955648440484
2685,3371,3372,5,0,0.01662253167205377
2686,3372,3373,5,0,0.0086468410857773945
2687,3373,3374,2,0,0.30705183168613309
2688,3375,3376,5,0,0.19634777949907872
2689,3376,3377,2,0,0.0088105785733782888
2690,3377,3378,3,0,0.21730560189283904
2691,3378,3379,4,0,0.75524191785275341
2692,3379,3380,5,0,0.18104183551906444
2693,3380,3381,3,0,0.077186650405559554
2694,3381,3382,2,0,0.074306597227531371
2695,3382,3383,5,0,0.072080693992966419
2696,3384,3385,3,1,0.17596864243518837
2697,3385,3386,5,0,0.037412365505158841
2698,3386,3387,2,0,0.11165125154147655
2699,3387,3388,2,0,0.19705005027770428
2700,3388,3389,3,0,0.1654760135592532
2701,3389,3390,5,0,0.62308885101884481
2702,3390,3391,3,1,0.4163545485079862
2703,3392,3393,5,0,0.15438534772154566
2704,3393,3394,5,0,0.032408619116482899
2705,3394,3395,5,0,0.20876879612599644
2706,3395,3396,3,0,0.039953485211668464
2707,3396,3397,5,0,0.13460637303718795
2708,3398,3399,4,0,0.17871073169629922
2709,3399,3400,3,1,0.11243203337653734
2710,3400,3401,5,0,0.099673752661778192
2711,3401,3402,2,0,0.12014171354524199
2712,3402,3403,2,1,0.17407220198201878
2713,3403,3404,3,0,0.18545863448470126
2714,3406,3407,2,0,0.073497624912897949
2715,3407,3408,4,0,0.15960261258816794
2716,3408,3409,2,0,0.078817920280291165
2717,3409,3410,2,0,0.14354571012429471
2718,3410,3411,3,1,0.10333328065626025
2719,3411,3412,2,0,0.077050988782157742
2720,3412,3413,3,0,0.10057166508466543
2721,3414,3415,5,0,0.085289126057914583
2722,3415,3416,5,0,0.048033314803450501
2723,3416,3417,3,0,0.11523033008469355
2724,3417,3418,5,0,0.050742248346578173
2725,3418,3419,5,0,0.55739147914863585
2726,3419,3420,5,0,0.0951305307483509
2727,3420,3421,4,0,0.080679642122810424
2728,3421,3422,3,0,0.24107196160237793
2729,3426,3427,1,0,0.056180932003865008
2730,3427,3428,3,0,0.24134080811057865
2731,3428,3429,2,0,0.2590480161544832
2732,3429,3430,3,0,0.1440495073750642
2733,3430,3431,4,1,0.22166073606059736
2734,3432,3433,5,0,0.28808173888418431
2735,3434,3435,3,1,0.21419158071551389
2736,3436,3437,5,0,0.13029737883193648
2737,3437,3438,1,0,0.065457755824976108
2738,3438,3439,5,0,0.070868402637856417
2739,3439,3440,2,0,0.10620835623186708
2740,3440,3441,1,0,0.033095512262581027
2741,3442,3443,1,1,0.12947889034321694
2742,3443,3444,5,0,0.19464562796753868
2743,3444,3445,1,0,0.16741030019934761
2744,3445,3446,4,0,0.14259397913777241
2745,3446,3447,5,1,0.094401261234658682
2746,3447,3448,1,1,0.12171075549175631
2747,3448,3449,5,0,0.19840298948983892
2748,3449,3450,4,0,0.15351979830376938
2749,3450,3451,1,1,0.20998206996734514
2750,3451,3452,5,0,0.27508595244281958
2751,3452,3453,4,0,0.19465284116517742
2752,3453,3454,5,0,0.210035258072789
2753,3454,3455,5,0,0.69577183629951211
2754,3455,3456,5,0,0.12239608017647098
2755,3456,3457,2,0,0.65801433863064995
2756,3457,3458,5,1,0.69282068788508488
2757,3458,3459,4,0,0.10539258747967203
2758,3460,3461,5,0,0.10817930641789181
2759,3461,3462,2,0,0.22550318080356474
2760,3462,3463,4,0,0.10834048454724342
2761,3464,3465,1,0,0.0088820957940974835
2762,3465,3466,2,0,0.13415110745904962
2763,3467,3468,3,0,0.13452960892187538
2764,3470,3471,5,1,0.22571645234446161
2765,3471,3472,1,1,0.12429620721704132
2766,3472,3473,5,0,0.10340303536780565
2767,3473,3474,3,0,0.015521522939849045
2768,3474,3475,1,0,0.20898635183380021
2769,3476,3477,4,1,0.16575846101728861
2770,3477,3478,2,0,0.14280378800800081
2771,3478,3479,3,0,0.10005734547828478
2772,3479,3480,1,0,0.032815213659756357
2773,3480,3481,5,0,0.22265440542613427
2774,3481,3482,5,1,0.61960756985598697
2775,3482,3483,4,0,0.17841383466654556
2776,3483,3484,4,1,0.19065391551307473
2777,3484,3485,5,0,0.078297335468221804
2778,3485,3486,5,1,0.65587877551655205
2779,3486,3487,4,0,0.077082764256591427
2780,3488,3489,5,0,0.18995314128043764
2781,3489,3490,1,0,0.10724716539699311
2782,3490,3491,1,1,0.079951507292543064
2783,3492,3493,4,0,0.12433575494255852
2784,3493,3494,1,0,0.047016985771982663
2785,3494,3495,4,0,0.620526822838675
2786,3495,3496,4,0,0.20310294326018499
2787,3496,3497,3,0,0.10230455167934485
2788,3498,3499,5,0,0.21626440246582662
2789,3499,3500,2,1,0.053834637360820753
2790,3500,3501,2,1,0.77651042893187894
2791,3503,3504,4,1,0.14196385299208836
2792,3504,3505,2,0,0.20096336041844201
2793,3505,3506,4,0,0.14666078098807744
2794,3506,3507,1,0,0.1255207870033038
2795,3507,3508,5,0,0.12343421711169547
2796,3508,3509,3,0,0.28668265600345844
2797,3509,3510,1,1,0.61867704818029412
2798,3510,3511,4,0,0.11577333030144618
2799,3511,3512,2,0,0.02674352474381108
2800,3513,3514,2,0,0.085678460319045996
2801,3514,3515,1,0,0.028076544370728474
2802,3515,3516,3,0,0.16599580040590659
2803,3516,3517,5,0,0.016568213039956328
2804,3517,3518,5,0,0.22032105398568544
2805,3518,3519,3,0,0.1529920143600107
2806,3519,3520,3,0,0.088364576076210233
2807,3521,3522,1,0,0.06343168592979477
2808,3522,3523,3,0,0.086059595452287196
2809,3524,3525,3,0,0.17220597607439239
2810,3525,3526,1,0,0.11814819896003166
2811,3526,3527,5,0,0.21064594612813448
2812,3527,3528,5,0,0.70355163818432798
2813,3528,3529,3,0,0.08025330090068411
2814,3529,3530,2,0,0.4522114461923713
2815,3531,3532,3,0,0.34766151547516128
2816,3533,3534,5,1,0.19746216461590574
2817,3534,3535,5,0,0.051576423816870026
2818,3535,3536,2,1,0.33298448181045798
2819,3539,3540,5,1,0.68172756762432318
2820,3540,3541,5,1,0.39828662151024347
2821,3541,3542,1,0,0.12940024214914644
2822,3542,3543,3,0,0.18164074633418456
2823,3543,3544,3,0,0.02799654967125222
2824,3544,3545,5,1,0.33618396149111246
2825,3545,3546,1,0,0.088124495936721642
2826,3546,3547,4,0,0.07561150654645854
2827,3547,3548,4,0,0.096102569810157967
2828,3548,3549,3,1,0.49584804121623816
2829,3549,3550,5,0,0.10031385494993154
2830,3550,3551,5,1,0.49991834249952855
2831,3552,3553,4,0,0.71393353260157844
2832,3553,3554,5,0,0.12001403645978855
2833,3554,3555,1,0,0.18198291130133654
2834,3556,3557,2,0,0.047977826001210012
2835,3558,3559,1,0,0.038777452466998139
2836,3559,3560,4,0,0.11472751708232645
2837,3561,3562,3,1,0.70942908249223791
2838,3562,3563,2,1,0.1046225921750475
2839,3563,3564,1,1,0.57345990086476761
2840,3564,3565,1,0,0.23056205030291901
2841,3565,3566,5,1,0.20438427322572139
2842,3566,3567,5,0,0.1175849302300784
2843,3567,3568,1,0,0.62979757827121496
2844,3568,3569,5,1,0.43566225445721485
2845,3569,3570,3,0,0.028100253652928939
2846,3570,3571,2,0,0.02378490664685393
2847,3571,3572,1,0,0.10956229439989587
2848,3572,3573,5,0,0.61330573727848725
2849,3573,3574,3,1,0.28783768258561021
2850,3574,3575,1,0,0.1010059734882339
2851,3575,3576,3,0,0.73109280976808166
2852,3577,3578,2,1,0.32351244308852706
2853,3578,3579,4,0,0.19824820408014723
2854,3579,3580,4,0,0.44492710503280969
2855,3580,3581,4,1,0.2198613635570168
2856,3581,3582,4,0,0.12234119621804157
2857,3585,3586,3,0,0.25250072522405592
2858,3586,3587,4,0,0.18827064909115571
2859,3587,3588,5,0,0.24230401255803619
2860,3588,3589,5,0,0.12850781660481292
2861,3590,3591,2,0,0.23999937909132699
2862,3592,3593,2,1,0.60384925292475267
2863,3595,3596,2,0,0.12086821133234826
2864,3596,3597,5,1,0.71375036555845983
2865,3597,3598,3,0,0.60999688699272425
2866,3598,3599,4,0,0.22591754168936862
2867,3599,3600,3,0,0.11073101944837573
2868,3600,3601,1,0,0.5
2869,3601,3602,5,1,0.28145546708621594
2870,3602,3603,1,0,0.041207629926200216
2871,3603,3604,1,0,0.21125726499681549
2872,3604,3605,3,0,0.10952538263845146
2873,3605,3606,5,1,0.61927469918965361
2874,3606,3607,2,0,0.033707855065939721
2875,3607,3608,1,0,0.35474266843591429
2876,3608,3609,1,0,0.026785345412936142
2877,3609,3610,5,0,0.029096663367431275
2878,3611,3612,4,0,0.010088982578562807
2879,3612,3613,4,0,0.26304229019917669
2880,3613,3614,1,1,0.15800746353402989
2881,3614,3615,3,0,0.11099369695562
2882,3615,3616,4,0,0.15180676868159484
2883,3616,3617,3,0,0.11553780312118796
2884,3617,3618,5,0,0.028133646600904082
2885,3618,3619,2,1,0.31984133017498562
2886,3619,3620,5,1,0.059081963226038134
2887,3620,3621,1,0,0.17208706885354497
2888,3622,3623,5,0,0.056398453676593317
2889,3623,3624,5,1,0.12602823434644045
2890,3624,3625,3,0,0.1162051486250507
2891,3625,3626,5,1,0.20528580143261008
2892,3627,3628,3,0,0.073757078905439033
2893,3628,3629,1,0,0.036847380148039705
2894,3629,3630,2,0,0.065848283067237445
2895,3630,3631,5,0,0.068252277462042724
2896,3631,3632,2,0,0.036871885652981981
2897,3634,3635,1,0,0.080607265694715005
2898,3635,3636,3,0,0.019100417854530333
2899,3636,3637,3,0,0.18570224763344181
2900,3637,3638,4,1,0.17889663721143378
2901,3638,3639,3,0,0.038402757950278824
2902,3639,3640,4,0,0.14145328398137078
2903,3640,3641,4,0,0.62442672577435021
2904,3641,3642,1,0,0.084496329779737075
2905,3642,3643,3,0,0.2506091124513703
2906,3643,3644,5,1,0.15820652386814493
2907,3644,3645,3,0,0.69313145743343918
2908,3647,3648,5,0,0.10792615020360115
2909,3648,3649,4,0,0.31262565812798199
2910,3649,3650,2,0,0.35277947122721021
2911,3651,3652,5,0,0.12875238268867908
2912,3652,3653,2,0,0.15724535620231844
2913,3653,3654,3,0,0.09533326078119532
2914,3654,3655,2,0,0.096768801220905754
2915,3655,3656,4,0,0.15446015927815337
2916,3656,3657,5,0,0.68725248618042623
2917,3658,3659,1,0,0.18914742245053875
2918,3659,3660,5,0,0.04107185258636626
2919,3660,3661,3,0,0.046942545248784426
2920,3661,3662,1,0,0.095629378445420521
2921,3664,3665,2,0,0.59708292739616664
2922,3665,3666,5,0,0.022108010466747423
2923,3666,3667,1,0,0.079603007918238253
2924,3667,3668,2,0,0.13254984471838177
2925,3670,3671,5,0,0.29395409072704026
2926,3673,3674,1,1,0.682611650667306
2927,3674,3675,3,0,0.12012100067551186
2928,3676,3677,2,0,0.071905574499455491
2929,3677,3678,3,0,0.22207695414132478
2930,3678,3679,1,0,0.13646104428346595
2931,3679,3680,4,0,0.066221257334533115
2932,3680,3681,1,0,0.097220277938746102
2933,3681,3682,4,1,0.59289916099132434
2934,3682,3683,4,0,0.17198659263498692
2935,3683,3684,5,0,0.18153788435451501
2936,3684,3685,4,0,0.15549023297283429
2937,3686,3687,1,0,0.65332241278971592
2938,3687,3688,5,1,0.079940960234541378
2939,3688,3689,2,0,0.43216110367976385
2940,3690,3691,4,0,0.22317461217204954
2941,3691,3692,4,0,0.0264129351507696
2942,3692,3693,3,1,0.39796344394497257
2943,3694,3695,4,1,0.64510931050500697
2944,3695,3696,3,0,0.2697409580187245
2945,3697,3698,2,0,0.27642272036339488
2946,3698,3699,2,1,0.33242343268044738
2947,3699,3700,2,0,0.19018162252916232
2948,3700,3701,4,0,0.11811280487154099
2949,3702,3703,3,0,0.21995594757529624
2950,3703,3704,3,0,0.22954189113942258
2951,3704,3705,5,1,0.16125640334253302
2952,3705,3706,4,0,0.38191366241386832
2953,3706,3707,1,0,0.25217533996300689
2954,3707,3708,3,0,0.038787394688525829
2955,3708,3709,2,0,0
2956,3709,3710,4,1,0.16392190328736511
2957,3710,3711,4,0,0.020261342905867934
2958,3711,3712,4,0,0.041874485018541095
2959,3712,3713,4,0,0.2281936866961764
2960,3713,3714,5,0,0.42400516054639864
2961,3714,3715,4,0,0.19328809937729061
2962,3715,3716,2,0,0.66365055603692902
2963,3716,3717,4,0,0.34834716525886378
2964,3717,3718,4,0,0.29507174453238777
2965,3721,3722,1,0,0.12604065354233074
2966,3722,3723,3,0,0.097194297376576172
2967,3723,3724,1,1,0.67763655430825831
2968,3724,3725,3,0,0.13712364885477585
2969,3726,3727,2,0,0.20245821764492306
2970,3727,3728,2,0,0.18763353080513823
2971,3729,3730,2,0,0.16592342925305051
2972,3730,3731,3,0,0.60243217664418192
2973,3731,3732,3,0,0.077064411362572804
2974,3732,3733,3,0,0.057009163505784742
2975,3733,3734,1,0,0.0097876185714131439
2976,3734,3735,4,0,0.24153701148869783
2977,3735,3736,2,0,0.3522063292166166
2978,3736,3737,2,0,0.02816896071279773
2979,3737,3738,3,0,0.086400691204294541
2980,3738,3739,4,1,0.26045610964787103
2981,3739,3740,2,0,0.12964791836473535
2982,3740,3741,3,0,0.073705230653952569
2983,3741,3742,4,0,0.66625245518905329
2984,3742,3743,1,1,0.10018717636569947
2985,3743,3744,5,0,0.7429916345558033
2986,3745,3746,5,0,0.17071127572594905
2987,3746,3747,2,0,0.20875059582995864
2988,3748,3749,4,0,0.181991749035913
2989,3749,3750,4,0,0.061592976492667463
2990,3750,3751,1,1,0.11478435781441268
2991,3751,3752,4,0,0.14791951234119463
2992,3752,3753,1,0,0.15615994942912859
2993,3753,3754,5,0,0.23701994082099173
2994,3755,3756,5,0,0.15635479012184042
2995,3756,3757,1,0,0.072510086187960246
2996,3759,3760,3,0,0.14776167463088663
2997,3760,3761,3,0,0.085160208125116765
2998,3761,3762,1,0,0.18685566969533154
2999,3762,3763,5,0,0.26633272122847601
3000,3763,3764,4,0,0.14218581100197
3001,3764,3765,5,0,0.10818723383903375
3002,3765,3766,5,0,0.17579260933365368
3003,3767,3768,1,0,0.17871376666174144
3004,3768,3769,2,0,1
3005,3769,3770,2,0,0.20320503595059736
3006,3770,3771,4,0,0.12336594917463596
3007,3771,3772,5,0,0.077940785559307404
3008,3772,3773,2,0,0.11243269484973061
3009,3773,3774,3,0,0.29730499700444701
3010,3774,3775,2,0,0.032759745995470997
3011,3775,3776,4,0,0.14797472125757782
3012,3777,3778,3,0,0.27305738714866157
3013,3778,3779,3,0,0.1227757710694883
3014,3779,3780,5,0,0.093885348028929116
3015,3781,3782,3,0,0.15791231398926422
3016,3782,3783,3,1,0.38308593315271322
3017,3783,3784,3,0,0.1052826789206224
3018,3784,3785,4,0,0.2422268866855091
3019,3785,3786,1,1,0.61772438180323364
3020,3786,3787,4,0,0.15766751702657267
3021,3787,3788,4,0,0.99998589204162147
3022,3788,3789,2,0,0.12228430258346012
3023,3789,3790,1,0,0.37279855482719154
3024,3792,3793,4,0,0.21760797834797938
3025,3794,3795,3,0,0.033728821271252089
3026,3795,3796,3,0,0.2590376502757965
3027,3796,3797,5,0,0.19306814557182289
3028,3797,3798,4,0,0.17422783038479842
3029,3798,3799,2,0,0.12240112664865127
3030,3799,3800,4,0,0.36415553273656176
3031,3800,3801,4,0,0.12714986224887237
3032,3801,3802,1,0,0.14634449827428406
3033,3802,3803,1,0,0.18167680406796863
3034,3804,3805,1,1,0.13981594431679414
3035,3806,3807,2,0,0.19335939411504738
3036,3808,3809,1,0,0.11000576302605874
3037,3809,3810,2,0,0.076578466810881152
3038,3811,3812,3,1,0.45382921802460385
3039,3812,3813,2,0,0.33663260934873906
3040,3814,3815,5,0,0.10969465093679641
3041,3815,3816,5,1,0.24799333374991719
3042,3816,3817,1,1,0.18922624105254163
3043,3817,3818,5,0,0.18770404441935673
3044,3819,3820,4,1,0.54188332613431045
3045,3820,3821,4,0,0.23686140687324977
3046,3821,3822,2,0,0.049882686206988443
3047,3822,3823,4,1,0.45312324220413641
3048,3824,3825,5,1,0.30020645366148968
3049,3825,3826,3,0,0.077268133930499763
3050,3826,3827,3,0,0.067084520402684256
3051,3827,3828,5,0,0.091588052306820975
3052,3828,3829,3,0,0.11886917541258493
3053,3829,3830,1,0,0.062004003920869133
3054,3830,3831,1,0,0.27924583965905192
3055,3831,3832,3,0,0.19150169585269741
3056,3834,3835,1,1,0.54912375102606159
3057,3835,3836,1,0,0.10712245835315701
3058,3836,3837,1,1,0.17424801906751083
3059,3838,3839,2,0,0.11975384715502752
3060,3839,3840,1,1,0.65908325569149162
3061,3840,3841,4,0,0.20891163777787425
3062,3841,3842,5,0,0.0069731041875698381
3063,3843,3844,4,0,0.13456462529309207
3064,3844,3845,5,0,0.1772083485098388
3065,3845,3846,1,0,0.15609843706749896
3066,3846,3847,4,0,0.11078831157357541
3067,3848,3849,1,0,0.36504977563114716
3068,3849,3850,1,0,0.17627064993871489
3069,3850,3851,4,1,0.36806406501034278
3070,3851,3852,5,1,0.17048072395514977
3071,3853,3854,2,0,0.67714062937469377
3072,3854,3855,3,0,0.18501564659963576
3073,3855,3856,5,0,0.14185791169210987
3074,3856,3857,2,0,0.033034531787518785
3075,3857,3858,2,0,0.18168801477949634
3076,3858,3859,1,0,0.18247872415677352
3077,3859,3860,2,1,0.66749971478173153
3078,3860,3861,3,0,0.08808409623485694
3079,3861,3862,2,1,0.12784943054065401
3080,3863,3864,3,1,0.53968544176042998
3081,3865,3866,5,0,0.23348739152291165
3082,3866,3867,5,1,0.67235802284468615
3083,3867,3868,4,0,0.50435881208084166
3084,3868,3869,1,1,0.12626944444568997
3085,3869,3870,1,0,0.44345585985727104
3086,3870,3871,1,1,0.32529355570398655
3087,3871,3872,3,1,0.64691045235806988
3088,3874,3875,3,0,0.10396180024661038
3089,3875,3876,2,0,0.18560735499635503
3090,3876,3877,2,0,0.0080100788816550479
3091,3877,3878,1,0,0.18152759098609347
3092,3878,3879,5,1,0.77475335664958045
3093,3879,3880,3,0,0.10536269336710721
3094,3880,3881,4,0,0.046765947515781767
3095,3881,3882,3,0,0.032174250485441362
3096,3882,3883,4,0,0.12598286348085333
3097,3883,3884,2,0,0.12609127350706559
3098,3884,3885,3,1,0.22617914906622225
3099,3885,3886,5,0,0.039037788698551963
3100,3887,3888,1,0,0.065043359242048571
3101,3888,3889,1,0,0.076902019982139219
3102,3889,3890,5,0,0.10632864273034601
3103,3890,3891,1,0,0.11570493884115562
3104,3891,3892,1,0,0.17620851130068479
3105,3892,3893,2,0,0.15197578851566348
3106,3893,3894,4,0,0.14535201346699106
3107,3895,3896,3,0,0.16023826618480377
3108,3896,3897,3,0,0.097036443793097699
3109,3897,3898,5,0,0.065577455648089214
3110,3898,3899,5,1,0.19325287617630826
3111,3899,3900,5,0,0.15140082027461921
3112,3900,3901,2,0,0.069336223545617442
3113,3901,3902,5,1,0.61536253693574505
3114,3902,3903,4,0,0.13039632771354936
3115,3903,3904,1,0,0.21536583687666147
3116,3904,3905,5,0,0.31663995914859622
3117,3905,3906,5,0,0.095415501277185899
3118,3906,3907,1,0,0.028116257488068723
3119,3907,3908,4,1,0.57565999046480842
3120,3908,3909,2,0,0.14883235068377124
3121,3909,3910,3,1,0.26773537939918868
3122,3910,3911,5,1,0.25764678336518471
3123,3913,3914,3,0,0.07508708082073294
3124,3914,3915,5,0,0.16446324163590656
3125,3915,3916,2,0,0.082354315235392647
3126,3917,3918,3,1,0.13956778620803209
3127,3918,3919,1,1,0.093151733511502091
3128,3919,3920,4,0,0.23087379980573872
3129,3920,3921,3,1,0.17251603159052023
3130,3921,3922,5,0,0.074850498454982831
3131,3922,3923,1,0,0.21997393645606911
3132,3923,3924,5,0,0.13549753634983136
3133,3924,3925,5,0,0.031637554872059319
3134,3925,3926,1,0,0.081531598083577711
3135,3927,3928,3,1,0.11717954116654325
3136,3929,3930,5,0,0.097356189672658008
3137,3931,3932,2,1,0.31394521157125205
3138,3932,3933,3,0,0.048309507549009451
3139,3933,3934,1,0,0.18009320822356964
3140,3934,3935,5,0,0.18142723672752514
3141,3935,3936,1,0,0.72981199460164559
3142,3936,3937,4,0,0.24360251748778863
3143,3937,3938,2,0,0.60972713191274364
3144,3938,3939,3,0,0.056421501886952129
3145,3939,3940,4,0,0.14602450005121681
3146,3940,3941,2,0,0.023278939366121489
3147,3941,3942,5,1,0.19875491320133115
3148,3942,3943,1,0,0.52761109986654087
3149,3943,3944,1,0,0.17425467323497093
3150,3944,3945,4,0,0.12280354257323893
3151,3945,3946,1,1,0.38355937077243929
3152,3947,3948,2,0,0.51319771983918672
3153,3948,3949,5,0,0.20367178801921421
3154,3949,3950,4,0,0.17382305611967383
3155,3950,3951,4,0,0.66015239651740476
3156,3952,3953,5,0,0.079147838952930663
3157,3954,3955,2,0,0.079489021397861015
3158,3955,3956,5,0,0.028266021115743327
3159,3956,3957,4,0,0
3160,3957,3958,4,0,0.14116431929496789
3161,3958,3959,3,1,0.48292734454325936
3162,3959,3960,5,0,0.28945196887682834
3163,3960,3961,4,0,0.22665180257314121
3164,3962,3963,1,1,0.23894235239066899
3165,3963,3964,2,1,0.70293268757892746
3166,3964,3965,3,0,0.13020287053223836
3167,3966,3967,1,0,0.46466574736605809
3168,3967,3968,3,0,0.31014514065718124
3169,3969,3970,2,0,0.098161317350664509
3170,3970,3971,2,0,0.049260124670671174
3171,3971,3972,1,1,0.56367714685986015
3172,3972,3973,4,0,0.16578662593482912
3173,3973,3974,1,0,0.14761623629197293
3174,3974,3975,5,0,0
3175,3975,3976,1,0,0.049312700816513309
3176,3977,3978,1,0,0.16512425254914312
3177,3978,3979,3,0,0.20764272802947165
3178,3979,3980,3,0,0.032774726079561084
3179,3981,3982,4,0,0.21577712960996873
3180,3982,3983,5,0,0.13532900507715398
3181,3983,3984,2,0,0.19934856237944312
3182,3984,3985,1,0,0.034791367406920966
3183,3985,3986,2,1,0.22358422339785475
3184,3986,3987,1,0,0.055520625034493593
3185,3987,3988,4,0,0.02472101308859859
3186,3989,3990,1,1,0.19611287606646094
3187,3990,3991,1,1,0.75742102113174103
3188,3991,3992,1,0,0.072217919548091411
3189,3992,3993,5,1,0.79815322851042092
3190,3993,3994,2,1,0.10765776725301908
3191,3994,3995,5,0,0.2245924001425659
3192,3995,3996,1,0,0.19938312906953332
3193,3996,3997,2,1,0.11087765506968654
3194,3997,3998,5,0,0.12484012976064923
3195,3998,3999,5,1,0.72304336595576235
3196,3999,4000,4,1,0.20590951657803505
3197,4000,4001,2,0,0.27254313128786795
3198,4001,4002,1,1,0.14487187644703287
3199,4002,4003,3,1,0.10278853861217191
3200,4003,4004,1,0,0.15987729013663465
3201,4004,4005,4,0,0.13854034900929402
3202,4005,4006,3,0,0.15021851692989002
3203,4006,4007,2,1,0.84545519491904009
3204,4008,4009,5,0,0.34264342034650236
3205,4009,4010,4,0,0.19730199851256361
3206,4010,4011,5,0,0.09996517630617982
3207,4011,4012,3,0,0.1981384182903913
3208,4012,4013,3,0,0.061664047052098429
3209,4014,4015,3,0,0.074579584351701519
3210,4015,4016,1,1,0.68747658818430546
3211,4016,4017,3,0,0.11471045621516353
3212,4017,4018,5,0,0.082516874620695693
3213,4019,4020,1,1,0.7031053575452576
3214,4020,4021,1,0,0.17450792961344622
3215,4021,4022,4,0,0.35403667974058739
3216,4022,4023,3,0,0.093378037168284508
3217,4023,4024,5,0,0.11912579003169539
3218,4024,4025,1,0,0.16873654051634426
3219,4025,4026,4,0,0.058148232551863376
3220,4026,4027,4,0,0.132421379238744
3221,4027,4028,5,0,0.65665558737545837
3222,4029,4030,3,1,0.24286564459562465
3223,4030,4031,3,0,0.10731595517136154
3224,4031,4032,5,0,0.21009948317725607
3225,4032,4033,5,0,0.11201216590412764
3226,4033,4034,3,0,0.029087279499845655
3227,4036,4037,3,1,0.47251875200117394
3228,4037,4038,4,0,0.068779430167316746
3229,4039,4040,1,0,0.71417139484604586
3230,4040,4041,2,0,0.18939381600078331
3231,4041,4042,2,0,0.48787242415000459
3232,4043,4044,1,1,0.18559492050527501
3233,4044,4045,3,0,0.082211445386383933
3234,4045,4046,5,0,0.1236706169224914
3235,4046,4047,5,0,0.23518064075714776
3236,4047,4048,5,1,0.69345453495896636
3237,4049,4050,1,0,0.169039500524547
3238,4050,4051,1,0,0.11925941195406142
3239,4051,4052,1,0,0.036325997466310399
3240,4052,4053,2,0,0.1763869401769203
3241,4053,4054,4,1,0.18457535809832742
3242,4054,4055,3,0,0.21619937972201983
3243,4055,4056,5,0,0.052823902277233784
3244,4056,4057,3,0,0.17553970279584813
3245,4058,4059,2,0,0.14222650417217717
3246,4059,4060,5,0,0.060658115202301369
3247,4061,4062,3,0,0.18228908605604827
3248,4062,4063,2,0,0.15086701531806013
3249,4063,4064,2,1,0.41700798663130462
3250,4064,4065,3,1,0.61950481915178934
3251,4065,4066,3,0,0.51624039191166837
3252,4066,4067,3,0,0.093876744496973946
3253,4067,4068,5,1,0.20326940469420418
3254,4068,4069,5,1,0.16709253910575278
3255,4069,4070,5,0,0.45771616228189643
3256,4070,4071,1,0,0.095451621542805412
3257,4071,4072,4,0,0.085870856788949512
3258,4073,4074,3,0,0.093669420427179018
3259,4074,4075,1,0,0.15009180376491388
3260,4075,4076,5,1,0.15205057202934599
3261,4076,4077,1,0,0.57745231679636266
3262,4077,4078,1,1,0.59130607322531226
3263,4079,4080,2,0,0.118580548152636
3264,4080,4081,1,0,0.056904174971675589
3265,4081,4082,3,0,0.15889253472782242
3266,4082,4083,4,0,0.24692303488711675
3267,4083,4084,4,0,0.1927982967057747
3268,4085,4086,2,0,0.13277244533847382
3269,4086,4087,2,0,0.50547091394488597
3270,4087,4088,3,0,0.13244810404388455
3271,4088,4089,5,0,0.094538356853707622
3272,4089,4090,5,1,8.2527746822560795e-06
3273,4091,4092,5,1,0.13379265033448715
3274,4092,4093,4,0,0.67284082598976214
3275,4093,4094,3,1,0.68059271623541406
3276,4095,4096,4,0,0.40809204564744739
3277,4096,4097,1,0,0.13147962211396641
3278,4097,4098,5,0,0.097590784080456044
3279,4098,4099,2,1,0.68658114031901796
3280,4099,4100,5,0,0.11903762388092923
3281,4100,4101,5,1,0.21929445203430994
3282,4101,4102,2,0,0.10732475654221275
3283,4102,4103,4,1,0.20496419855124565
3284,4105,4106,5,0,0.099947313932472914
3285,4106,4107,5,0,0.0082402214026149629
3286,4107,4108,3,1,0.15439864777986304
3287,4108,4109,2,0,0.19071453399577332
3288,4109,4110,3,0,0.15205785948255759
3289,4111,4112,1,0,0.22126687139663273
3290,4112,4113,2,0,0.063247843498622613
3291,4113,4114,5,0,0.10865920174679169
3292,4114,4115,5,0,0.18760243006350513
3293,4115,4116,5,0,0.077180416996776344
3294,4116,4117,2,1,0.078565119538958214
3295,4117,4118,2,0,0.14419328754836702
3296,4118,4119,3,0,0.21308674276330167
3297,4119,4120,3,0,0.14349059863954741
3298,4120,4121,4,0,0.042934250497414998
3299,4121,4122,5,0,0.17906007032274948
3300,4122,4123,4,0,0.14784117409517802
3301,4123,4124,5,0,0.15294573753213928
3302,4124,4125,2,1,0.66910974704325232
3303,4125,4126,2,0,0.085660900204526144
3304,4126,4127,3,0,0.09524000496215447
3305,4127,4128,3,1,0.15951974621396675
3306,4128,4129,3,0,0.12664087569922608
3307,4129,4130,3,0,0.17323172527751118
3308,4130,4131,3,1,0.21858284443993581
3309,4131,4132,1,0,0.029988824045634896
3310,4132,4133,1,0,0.028429610535744346
3311,4133,4134,5,1,0.23888790158904519
3312,4134,4135,5,0,0.040573053261454002
3313,4135,4136,5,1,0.59855798967683094
3314,4136,4137,1,0,0.11442432472821974
3315,4137,4138,4,0,0.10971530675584919
3316,4138,4139,5,0,0.062061540501672952
3317,4139,4140,3,0,0.18226669823394276
3318,4140,4141,3,0,0.22213958805932596
3319,4142,4143,4,0,0.1970326245488376
3320,4143,4144,3,1,0.37154946918262222
3321,4144,4145,2,1,0.1856117734127711
3322,4145,4146,1,1,0.65514138930042198
3323,4146,4147,3,0,0.1094358494033866
3324,4147,4148,2,1,0.67625026515196029
3325,4148,4149,2,0,0.072170937099517524
3326,4149,4150,4,0,0.142846850220439
3327,4150,4151,1,0,0.13604314118081862
3328,4151,4152,4,0,0.024796519763768576
3329,4152,4153,5,0,0.086964983460636747
3330,4155,4156,3,0,0.33964067178896745
3331,4156,4157,4,0,0.11767869767588791
3332,4158,4159,2,0,0.27551576294545238
3333,4159,4160,5,0,0.047704907300164329
3334,4160,4161,1,0,0.74912105760635839
3335,4161,4162,3,1,0.50526159311331564
3336,4162,4163,1,1,0.20023325023528518
3337,4163,4164,1,0,0.13765916305448611
3338,4164,4165,3,0,0.21423138434501765
3339,4166,4167,3,0,0.03148750213738731
3340,4167,4168,1,0,0.020171073887594641
3341,4168,4169,5,1,0.089866889418222046
3342,4169,4170,1,1,0.3257240688402363
3343,4171,4172,3,0,0.10461245078815382
3344,4172,4173,3,0,0.095449320198133999
3345,4173,4174,5,0,0.10174120170322912
3346,4174,4175,1,1,0.13790714104683052
3347,4175,4176,4,1,0.030597247999083827
3348,4176,4177,4,0,0
3349,4177,4178,2,0,0.059363214338816556
3350,4178,4179,3,0,0.02807154635857714
3351,4179,4180,4,0,0.017993632150251973
3352,4180,4181,1,0,0.10901326507455796
3353,4181,4182,4,0,0.11541477886900754
3354,4182,4183,4,0,0.14474847034134675
3355,4183,4184,4,1,0.10989206242384271
3356,4184,4185,1,0,0.3333640283703046
3357,4185,4186,3,0,0.22814953406556096
3358,4187,4188,5,1,0.21841717644317921
3359,4188,4189,3,1,0.63678255521383553
3360,4189,4190,1,0,0.4002507459864687
3361,4190,4191,5,0,0.0088932972673061092
3362,4191,4192,3,1,0.21983069138766761
3363,4192,4193,5,1,0.63846005683813589
3364,4195,4196,2,0,0.23978762460121233
3365,4196,4197,2,1,0.38639942475605082
3366,4198,4199,2,0,0.070023275817708133
3367,4199,4200,2,0,0.32651007752962641
3368,4200,4201,3,0,0.21858330025797995
3369,4202,4203,1,0,0.19702511951932425
3370,4203,4204,1,0,0.049496986043754472
3371,4205,4206,3,0,0.47827331611022728
3372,4206,4207,4,0,0.18353731198681991
3373,4207,4208,2,0,0.086611984148628987
3374,4210,4211,2,0,0.048248003172145983
3375,4211,4212,3,0,0.11135880217578187
3376,4212,4213,3,0,0.66422820639834956
3377,4213,4214,5,0,0.23538337933729891
3378,4214,4215,3,0,0.071631849760931482
3379,4216,4217,2,0,0.14912466865035157
3380,4217,4218,4,1,0.6977316552116487
3381,4218,4219,4,0,0.14662195760763636
3382,4219,4220,2,0,0.3174249859510157
3383,4220,4221,5,0,0.072429015102742356
3384,4221,4222,1,1,0.20163820093902321
3385,4223,4224,2,0,0.19174047348015921
3386,4224,4225,4,1,0.26752958281972306
3387,4225,4226,3,0,0.19736773797187546
3388,4227,4228,1,0,0.12363745362953922
3389,4228,4229,2,0,0.050381915944775452
3390,4230,4231,4,0,0.28496934520964828
3391,4231,4232,4,0,0.18633440950447897
3392,4232,4233,2,0,0.10176410057284699
3393,4233,4234,4,0,0.22760936401893042
3394,4234,4235,5,0,0.11323912473052407
3395,4235,4236,1,1,0.10905062826625715
3396,4236,4237,1,0,0.14088498403285485
3397,4237,4238,2,0,0.38487147011756628
3398,4238,4239,1,0,0.1231629319184436
3399,4239,4240,1,1,0.172333947504382
3400,4242,4243,2,0,0.19999433677583536
3401,4244,4245,4,0,0.095930669129188337
3402,4245,4246,4,0,0.023469839540614282
3403,4246,4247,2,0,0.20830530928703697
3404,4247,4248,5,0,0.15161482308551011
3405,4248,4249,2,0,0.75295025395706983
3406,4250,4251,2,0,0.22963766606966546
3407,4251,4252,5,0,0.066630720799881679
3408,4254,4255,5,0,0.11059750420320327
3409,4256,4257,5,0,0.085686455890933141
3410,4257,4258,2,0,0.066866410360676198
3411,4258,4259,2,0,0.14816867417287263
3412,4260,4261,1,0,0.17972933843529698
3413,4263,4264,5,1,0.48380291247989715
3414,4264,4265,4,0,0.13687696608182773
3415,4266,4267,4,0,0.20022306969771028
3416,4267,4268,5,0,0.10069435007135084
3417,4268,4269,5,0,0.023549505627741926
3418,4270,4271,1,0,0.030471573438883768
3419,4271,4272,1,0,0.18626333034471948
3420,4272,4273,2,0,0.4217291011885087
3421,4273,4274,4,1,0.20246685859878874
3422,4274,4275,2,0,0.029069120075608468
3423,4278,4279,5,0,0.080969540353465055
3424,4279,4280,1,0,0.083740141860592282
3425,4280,4281,5,0,0.039637596497568581
3426,4281,4282,1,0,0.18127724564310327
3427,4282,4283,5,0,0.04178327511988611
3428,4283,4284,1,1,0.087161075909967439
3429,4284,4285,3,1,0.035772570319581261
3430,4285,4286,1,1,0.44301486310174187
3431,4287,4288,4,0,0.16326674581931791
3432,4288,4289,3,0,0.094548590401752425
3433,4290,4291,1,0,0.10391903381375685
3434,4291,4292,5,0,0.19178408624923179
3435,4292,4293,5,0,0.10967097585297374
3436,4293,4294,5,0,0.017297522213550933
3437,4294,4295,5,1,0.34705529207637775
3438,4295,4296,4,0,0.33038844106185672
3439,4296,4297,4,0,0.22666803223145651
3440,4297,4298,3,0,0.18645702775915446
3441,4298,4299,4,0,0.17003269816535335
3442,4299,4300,3,0,0.17238667310018468
3443,4300,4301,1,1,0.21509465949293546
3444,4301,4302,4,1,0.50974713654280479
3445,4302,4303,1,0,0.18444197322509154
3446,4303,4304,4,0,0.059640477479024109
3447,4306,4307,5,0,0.21603039417287082
3448,4307,4308,1,0,0.029198860786706984
3449,4308,4309,2,0,0.094867356881857115
3450,4309,4310,1,0,0.20839931398382933
3451,4311,4312,3,0,0.21413746682282611
3452,4312,4313,5,0,0.070480923853783434
3453,4313,4314,5,0,0.12806511044213573
3454,4314,4315,1,0,0.20111283920693637
3455,4315,4316,3,0,0.21827420544289036
3456,4316,4317,2,0,0.15474682964963685
3457,4317,4318,5,0,0.20925969377960391
3458,4319,4320,2,0,0.21044599273404188
3459,4320,4321,4,1,0.1534087441806021
3460,4321,4322,1,0,0.066397881967281441
3461,4322,4323,5,0,0.13801579482564649
3462,4323,4324,1,0,0.51069400720028213
3463,4325,4326,3,0,0.046916884231662223
3464,4327,4328,3,0,0.22217697412972923
3465,4328,4329,3,0,0.15931807998413711
3466,4329,4330,1,0,0.21544388011711987
3467,4330,4331,3,0,0.64765869442928281
3468,4332,4333,3,0,0.34085992059593079
3469,4333,4334,1,0,0.17320463610818193
3470,4334,4335,3,0,0.11617495191865916
3471,4335,4336,2,0,0.21320668467451021
3472,4336,4337,4,1,0.59270731902368523
3473,4339,4340,4,0,0.18954396107163551
3474,4340,4341,5,0,0.66168091336619783
3475,4341,4342,5,0,0.17914504661887282
3476,4342,4343,1,0,0.080503294288612137
3477,4343,4344,5,0,0.088899882029834051
3478,4345,4346,5,0,0.13620122940879373
3479,4346,4347,3,0,0.30196231880659252
3480,4347,4348,5,0,0.31019290716942743
3481,4349,4350,1,0,0.50241353540318079
3482,4352,4353,2,0,0.096974094236719405
3483,4353,4354,4,1,0.60932572552375031
3484,4354,4355,4,0,0.23976247582742516
3485,4355,4356,2,0,0.11997037618030049
3486,4358,4359,5,1,0.29697906536900187
3487,4360,4361,1,0,0.069666091462297353
3488,4361,4362,2,0,0.21065170451412063
3489,4362,4363,1,0,0.15606129528580584
3490,4363,4364,3,0,0.13656836910891174
3491,4364,4365,4,0,0.10973596207194883
3492,4365,4366,2,0,0.079258362190041981
3493,4367,4368,2,0,0.21897639148998438
3494,4369,4370,3,0,0.049708442621150269
3495,4370,4371,3,0,0.13964320895469848
3496,4371,4372,3,0,0.090972467028043083
3497,4373,4374,3,0,0.17651390068679015
3498,4374,4375,1,1,0.67629656669562122
3499,4375,4376,5,1,0.36879289471381577
3500,4376,4377,5,0,0.37113584704749381
3501,4377,4378,5,1,0.53897893140017372
3502,4378,4379,2,1,0.7324014458631265
3503,4379,4380,5,0,0.27670751197471594
3504,4380,4381,1,0,0.15167324673493157
3505,4381,4382,1,0,0.2395617697238713
3506,4383,4384,3,0,0.05552487432156121
3507,4385,4386,5,0,0.15290648350618299
3508,4386,4387,1,0,0.091851498700028691
3509,4388,4389,2,0,0.047314402323851298
3510,4389,4390,2,0,0.13731782215209121
3511,4390,4391,1,1,0.22982265688840217
3512,4391,4392,5,0,0.14674938442663363
3513,4393,4394,2,0,0.033549509566853562
3514,4394,4395,2,0,0.1088535665062509
3515,4396,4397,3,0,0.29606536705533426
3516,4399,4400,2,0,0.040240262644673432
3517,4400,4401,2,0,0.33500023849012733
3518,4402,4403,1,0,0.65390874044688407
3519,4403,4404,2,0,0.16774666728499146
3520,4404,4405,2,1,0.63147966096987285
3521,4405,4406,3,0,0.079072254012235901
3522,4406,4407,3,0,0.18616630089477121
3523,4407,4408,4,0,0.21769595797345376
3524,4408,4409,2,0,0.34964005459226677
3525,4410,4411,2,0,0.10576242530557575
3526,4411,4412,1,0,0.22532017525674972
3527,4412,4413,4,0,0.15389821342029958
3528,4413,4414,3,0,0.03556963885973799
3529,4416,4417,2,0,0.27296914767227659
3530,4417,4418,4,0,0.083952127585714381
3531,4420,4421,3,0,0.18789398945502089
3532,4421,4422,5,0,0.12658024194240633
3533,4422,4423,4,0,0.085342366581417556
3534,4424,4425,2,0,0.54206073347468009
3535,4425,4426,1,1,0.14088097070845557
3536,4426,4427,1,0,0.069516106427990235
3537,4427,4428,1,0,0.14405318303013634
3538,4428,4429,5,0,0.12306430826837113
3539,4429,4430,3,0,0.18987058868067705
3540,4431,4432,2,0,0.070835558017299072
3541,4434,4435,3,0,0.23582847501218357
3542,4435,4436,1,0,0.25041424932377221
3543,4437,4438,4,0,0.12255509116375748
3544,4438,4439,4,0,0.048470712809080926
3545,4439,4440,3,0,0.15811864402260797
3546,4440,4441,3,0,0.14559714748526012
3547,4441,4442,3,0,0.1739708479498514
3548,4442,4443,1,1,0.26147801866271581
3549,4443,4444,3,0,0.075704187610286897
3550,4444,4445,2,0,0.61099608305162389
3551,4445,4446,3,0,0.10371578364307758
3552,4446,4447,5,0,0.16993385160964306
3553,4447,4448,5,0,0.79161473897452139
3554,4448,4449,2,1,0.16156643765972523
3555,4449,4450,5,0,0.042801901215664066
3556,4450,4451,2,0,0.24705700953141341
3557,4451,4452,3,1,0.085763555724761256
3558,4452,4453,1,0,0.084945457610782316
3559,4453,4454,2,0,0.17234480854567774
3560,4454,4455,4,1,0.38286409989654469
3561,4456,4457,2,1,0.2826509224345814
3562,4457,4458,3,0,0.16988640913167319
3563,4458,4459,2,0,0.067572538671406529
3564,4459,4460,1,0,0.15963645972068935
3565,4460,4461,5,0,0.059966948623676859
3566,4461,4462,1,1,0.10212670082035386
3567,4463,4464,4,0,0.097620034177222634
3568,4464,4465,1,0,0.15530221472564884
3569,4465,4466,5,0,0.35533443019867728
3570,4466,4467,1,0,0.12322355103815355
3571,4467,4468,1,0,0.028764889981268645
3572,4468,4469,2,0,0.21837204340069685
3573,4469,4470,1,0,0.14299270442457382
3574,4470,4471,1,0,0.74978191442289788
3575,4471,4472,4,0,0.11928485354266354
3576,4472,4473,4,1,0.13702892103946643
3577,4473,4474,5,0,0.16356888684605564
3578,4474,4475,3,0,0.71960298948643842
3579,4475,4476,1,0,0.049975978940034665
3580,4476,4477,5,0,0.01890537477560594
3581,4478,4479,2,0,0.13807178478036872
3582,4479,4480,4,0,0.18514465962214169
3583,4480,4481,3,0,0.26156056723250443
3584,4481,4482,5,0,0.10834260444813533
3585,4482,4483,3,0,0.20544547315790412
3586,4483,4484,1,0,0.18591070113812305
3587,4484,4485,1,0,0.212590522036294
3588,4485,4486,4,0,0.17650181993305192
3589,4486,4487,4,0,0.1032575190988312
3590,4488,4489,3,0,0.23221691755335419
3591,4489,4490,2,0,0.065798503007014661
3592,4490,4491,2,0,0.086853971089996665
3593,4491,4492,1,0,0.10001161770847157
3594,4492,4493,4,1,0.7751528570452183
3595,4493,4494,5,0,0.18487495090382752
3596,4494,4495,2,1,0.47621464176561096
3597,4496,4497,4,0,0.51873935349166433
3598,4497,4498,1,1,0.2455885194888473
3599,4498,4499,4,0,0.12022754227550388
3600,4499,4500,5,0,0.08873713672864729
3601,4500,4501,5,1,0.024407970991380631
3602,4503,4504,4,0,0.23850008265759617
3603,4504,4505,2,0,0.34757735197091727
3604,4505,4506,1,0,0.6635324229744245
3605,4506,4507,4,0,0.075186987076931083
3606,4507,4508,4,1,0.65263000778206859
3607,4508,4509,2,0,0.18009285129296404
3608,4509,4510,3,0,0.7178863092761415
3609,4511,4512,3,0,0.077989891447411419
3610,4512,4513,4,0,0.11496173222382358
3611,4513,4514,4,0,0.043426736129320631
3612,4514,4515,1,1,0.095721453795726871
3613,4515,4516,4,0,0.06643546722575519
3614,4517,4518,2,1,0.22622697875193135
3615,4518,4519,5,0,0.069715037143366965
3616,4519,4520,1,0,0.056950693346810279
3617,4520,4521,4,0,0.18212681971490652
3618,4521,4522,1,0,0.1646683985314687
3619,4522,4523,5,0,0.57233237078704935
3620,4523,4524,1,0,0.15217537679697019
3621,4524,4525,2,0,0.088788261100712002
3622,4525,4526,1,0,0.11574439048851506
3623,4526,4527,1,1,0.073806576813521318
3624,4529,4530,4,0,0.15361705877253104
3625,4530,4531,1,1,0.089457137846347623
3626,4531,4532,2,0,0.13476423582481495
3627,4532,4533,2,0,0.19993261830049466
3628,4533,4534,5,0,0.061468027107834868
3629,4534,4535,1,0,0.19720238243020971
3630,4537,4538,3,0,0.22003644042464032
3631,4538,4539,5,0,0.17968521483498806
3632,4539,4540,1,0,0.12606323931217564
3633,4540,4541,3,0,0.07102737981799756
3634,4541,4542,5,0,0.18917308035938454
3635,4542,4543,5,0,0.73026066362501241
3636,4543,4544,2,0,0.35812766987564715
3637,4544,4545,5,0,0.14961931434886905
3638,4545,4546,5,0,0.12978388225744764
3639,4546,4547,3,1,0.68990678065172584
3640,4547,4548,1,0,0.018563690366245139
3641,4548,4549,3,0,0.035171653816511217
3642,4549,4550,4,0,0.081288962961590341
3643,4550,4551,2,1,0.5840025587462585
3644,4551,4552,2,0,0.18330691508458483
3645,4552,4553,3,0,0.051774042641783272
3646,4555,4556,4,1,0.58987554928293273
3647,4560,4561,3,1,0.10707774190409294
3648,4561,4562,4,0,0.067852645882035045
3649,4563,4564,4,0,0.13465594279078266
3650,4564,4565,5,0,0.087236721943921777
3651,4566,4567,5,0,0.15204992346238064
3652,4567,4568,5,0,0.036933948883152067
3653,4569,4570,4,1,0.76989125213566334
3654,4570,4571,5,0,0.068266059751255534
3655,4571,4572,4,0,0.017927705564614965
3656,4572,4573,5,1,0.78508704471966095
3657,4575,4576,1,0,0.049062111914541594
3658,4576,4577,5,0,0.21662664674102369
3659,4577,4578,3,0,0.15878045323226511
3660,4578,4579,4,1,0.18468542524133039
3661,4579,4580,1,1,0.65641973089817207
3662,4581,4582,2,1,0.13943138415196973
3663,4582,4583,4,0,0.54484891429379712
3664,4583,4584,1,1,0.79399404602102464
3665,4584,4585,1,0,0.060207601287015494
3666,4585,4586,2,0,0
3667,4586,4587,5,0,0.20698182019291475
3668,4587,4588,1,0,0.13128280638472531
3669,4588,4589,2,1,0.61930053426226317
3670,4589,4590,2,0,0.031285908821279906
3671,4591,4592,2,0,0.23669025581587369
3672,4592,4593,1,1,0.57174033860113493
3673,4593,4594,4,0,0.25319908534135527
3674,4595,4596,1,0,0.04018513860197518
3675,4597,4598,1,0,0.15522338956510959
3676,4598,4599,4,1,0.18389017192811005
3677,4599,4600,1,0,0.038847540677895261
3678,4600,4601,1,0,0.10096056500003442
3679,4601,4602,5,0,0.23713316586425631
3680,4602,4603,5,0,0.12922092985424477
3681,4604,4605,3,0,0.056090469371560266
3682,4605,4606,3,0,0.12124293895936936
3683,4606,4607,3,1,0.12108436140895984
3684,4608,4609,1,0,0.7823414385725409
3685,4609,4610,1,0,0.040604133878325538
3686,4610,4611,3,0,0.25219278261226763
3687,4611,4612,4,0,0.36955323908461224
3688,4612,4613,4,0,0.12567475304637615
3689,4613,4614,3,0,0.20963250935479263
3690,4614,4615,3,1,0.068945364081594782
3691,4615,4616,5,1,0.55212207163585814
3692,4616,4617,3,0,0.11752961623824376
3693,4617,4618,2,0,0.59300970753103655
3694,4618,4619,3,0,0.12784653505331503
3695,4620,4621,1,0,0.16046399932756863
3696,4621,4622,3,0,0.2110449929839138
3697,4622,4623,5,0,0.15022764281194304
3698,4624,4625,1,0,0.14186586789018324
3699,4625,4626,2,0,0.078274966873358123
3700,4626,4627,5,0,0.095070266645592483
3701,4627,4628,4,0,0.39219154202579104
3702,4628,4629,2,1,0.45957192241813949
3703,4629,4630,1,0,0.052533490584787602
3704,4630,4631,5,1,0.57065088463894353
3705,4632,4633,4,0,0.16586342013732175
3706,4633,4634,3,0,0.13362894503315187
3707,4634,4635,5,0,0.28401581440270507
3708,4636,4637,2,1,0.17569518726753694
3709,4637,4638,4,0,0.21620763255913661
3710,4638,4639,3,0,0.18402208386880198
3711,4639,4640,3,0,0.38740912854918902
3712,4640,4641,4,0,0.75233349412169193
3713,4641,4642,3,0,0.18764831941577581
3714,4642,4643,5,0,0.14507458137621532
3715,4643,4644,5,0,0.049047842790571922
3716,4644,4645,5,0,0.080886210745390208
3717,4645,4646,3,0,0.071449002327772071
3718,4646,4647,1,0,0.19362876091785247
3719,4647,4648,2,0,0.10840884062482571
3720,4648,4649,3,1,0.35964372266199962
3721,4649,4650,5,0,0.21314483861975711
3722,4650,4651,4,0,0.1721282640255396
3723,4651,4652,2,1,0.20418616534590686
3724,4652,4653,3,0,0.060852831479518407
3725,4653,4654,2,0,0.64924504623180834
3726,4654,4655,4,0,0.16879210413141704
3727,4656,4657,3,0,0.19564651809104935
3728,4661,4662,2,0,0.072181350421258908
3729,4662,4663,5,0,0.10042844872339088
3730,4663,4664,2,0,0.19980423945163653
3731,4664,4665,5,0,0.056873386860430232
3732,4666,4667,2,0,0.1564884635526376
3733,4667,4668,4,0,0.26469048261380257
3734,4668,4669,3,0,0.19604119661105424
3735,4669,4670,5,1,0.22872122662520816
3736,4670,4671,1,1,0.10438369712190888
3737,4672,4673,2,0,0.1497720964862056
3738,4673,4674,1,1,0.72517914196341016
3739,4674,4675,1,1,0.564655315210843
3740,4676,4677,2,0,0.11574133381147474
3741,4679,4680,1,1,0.69986599142054218
3742,4680,4681,1,0,0.045672375219816125
3743,4681,4682,3,0,0.1010553321785977
3744,4683,4684,1,0,0.11812639439217025
3745,4684,4685,3,0,0.29581149526042277
3746,4685,4686,1,0,0.13619943252107955
3747,4686,4687,3,0,0.1744433472758469
3748,4687,4688,5,0,0.064683810476456202
3749,4688,4689,4,1,0.6839816987017322
3750,4690,4691,5,1,0.47384997877880958
3751,4691,4692,1,0,0.24468418195881278
3752,4692,4693,5,0,0.17485621165056481
3753,4693,4694,2,1,0.13594972433652366
3754,4694,4695,4,0,0.11232628897587209
3755,4695,4696,4,0,0.12924124275689305
3756,4696,4697,1,0,0.065993840889667102
3757,4697,4698,1,1,0.57179416149208417
3758,4698,4699,3,0,0.18960455007497037
3759,4699,4700,5,0,0.099071880790229369
3760,4700,4701,3,0,0.62508322981758235
3761,4701,4702,3,0,0.037222532533083684
3762,4702,4703,2,1,0.28685246413035315
3763,4704,4705,2,1,0.23555429257915939
3764,4706,4707,3,0,0.17001765013202599
3765,4708,4709,5,0,0.18770883525225024
3766,4710,4711,1,0,0.15373494019505884
3767,4711,4712,4,0,0.16017364221760322
3768,4712,4713,4,0,0.12526172915552225
3769,4713,4714,2,0,0.47889125570823388
3770,4714,4715,3,0,0.095847033649075916
3771,4715,4716,5,0,0.10667985908640658
3772,4716,4717,4,0,0.096837183201335136
3773,4717,4718,3,0,0.15439281695286747
3774,4718,4719,4,1,0.038754072870608836
3775,4720,4721,5,0,0.20060627265084324
3776,4721,4722,1,0,0.046115374649636484
3777,4722,4723,4,1,0.59843227675850053
3778,4723,4724,2,0,0.078025481764267476
3779,4724,4725,3,0,0.29888609801800486
3780,4725,4726,5,0,0.12683286202583144
3781,4726,4727,4,1,0.068389780318360405
3782,4727,4728,2,1,0.11676018076507452
3783,4728,4729,1,1,0.4748150654201353
3784,4729,4730,1,0,0.057527796569741663
3785,4731,4732,3,0,0.32574263797721187
3786,4732,4733,2,0,0.156078216453021
3787,4733,4734,5,0,0.13436178722841333
3788,4735,4736,5,0,0.026567367604429161
3789,4736,4737,2,0,0.068487451420956788
3790,4737,4738,1,0,0.1462711918414645
3791,4738,4739,5,1,0.71143805424056694
3792,4739,4740,3,0,0.33159680637879246
3793,4740,4741,3,0,0.57401894426944811
3794,4741,4742,2,0,0.067583406614081937
3795,4742,4743,4,1,0.31066036295633037
3796,4743,4744,1,0,0.039591359400844323
3797,4744,4745,2,0,0.17364153420429743
3798,4746,4747,4,0,0.6510481435390445
3799,4747,4748,1,0,0.33419718368230061
3800,4748,4749,3,0,0.27198859511397044
3801,4750,4751,3,1,0.089527477763535451
3802,4752,4753,2,1,0.63322494252278949
3803,4753,4754,5,0,0.24602341884735326
3804,4754,4755,1,0,0.024902398685802466
3805,4755,4756,2,0,0.24855439142453409
3806,4756,4757,5,0,0.022065541890736829
3807,4757,4758,2,1,0.16525383542257199
3808,4758,4759,1,0,0.06108188504557794
3809,4759,4760,2,0,0.1564148486919649
3810,4760,4761,1,0,0.20482663551593891
3811,4763,4764,5,0,0.093551858005607003
3812,4764,4765,1,0,0.62214978495513729
3813,4767,4768,4,1,0.71712418415897705
3814,4768,4769,3,0,0.196351899472191
3815,4770,4771,3,0,0.3334079782288758
3816,4772,4773,4,0,0.1344647592129401
3817,4773,4774,5,0,0.12473369771245182
3818,4774,4775,1,1,0.84522856364623566
3819,4776,4777,5,0,0.11762830710888968
3820,4777,4778,3,1,0.39409234035165669
3821,4778,4779,4,0,0.18269503578861487
3822,4779,4780,2,0,0.079141687862741561
3823,4780,4781,3,0,0.17521253852382848
3824,4781,4782,2,0,0.13433403980080535
3825,4782,4783,4,0,0.37552152166761493
3826,4784,4785,5,1,0.23567551180336094
3827,4786,4787,5,1,0.25570559650779434
3828,4787,4788,4,0,0.082788579155477035
3829,4788,4789,1,0,0.63254341201761843
3830,4789,4790,2,0,0.46570802569992337
3831,4790,4791,2,1,0.4746177362825712
3832,4791,4792,5,1,0.25870413154612071
3833,4793,4794,4,0,0.054805767957624776
3834,4794,4795,5,0,0.08878006866618024
3835,4795,4796,4,0,0.22913989912506275
3836,4796,4797,1,0,0.031388339757563444
3837,4797,4798,4,0,0.024792187950434742
3838,4798,4799,3,0,0.11376566674102359
3839,4800,4801,4,0,0.2241628103621375
3840,4801,4802,2,1,0.65917064368611544
3841,4802,4803,4,0,0.23543299531011547
3842,4803,4804,5,1,0.64174792066252695
3843,4805,4806,2,0,0.028517261133110327
3844,4806,4807,5,0,0.14294998691334901
3845,4808,4809,3,0,0.10389737312629062
3846,4809,4810,2,0,0.1207923586486066
3847,4810,4811,5,0,0.02892515759317842
3848,4811,4812,3,1,0.22668723611654523
3849,4812,4813,1,1,0.34657395121257839
3850,4814,4815,1,0,0.21020259233883648
3851,4816,4817,3,0,0.13608525364259813
3852,4817,4818,5,0,0.047918208383967723
3853,4818,4819,1,0,0.078434779168974456
3854,4820,4821,5,0,0.14510908619097757
3855,4822,4823,4,0,0.088070161767057981
3856,4823,4824,2,0,0.026364215700216929
3857,4824,4825,3,0,0.12731555660997187
3858,4826,4827,1,0,0.20289582353290994
3859,4828,4829,1,0,0.049034813651110544
3860,4832,4833,3,0,0.18005341221458573
3861,4833,4834,5,0,0.11544689837782672
3862,4834,4835,2,0,0.098145956398882322
3863,4835,4836,2,0,0.056269549733513766
3864,4836,4837,5,0,0.10351588841028263
3865,4837,4838,5,0,0.093361005377357392
3866,4838,4839,2,1,0.7215301177902067
3867,4839,4840,4,0,0.051699397857705311
3868,4841,4842,3,0,0.13297111919031851
3869,4842,4843,1,0,0.085942183457003371
3870,4843,4844,3,0,0.68966264569202496
3871,4844,4845,2,0,0.014998132345582574
3872,4845,4846,3,1,0.1967992066302941
3873,4846,4847,5,0,0.24757432976683369
3874,4847,4848,5,0,0.5420375069148119
3875,4848,4849,4,0,0.051139691484653936
3876,4849,4850,5,0,0.14373684335108297
3877,4850,4851,3,0,0.022013201070184986
3878,4851,4852,4,1,0.39792976492315241
3879,4852,4853,3,1,0.41188107661336149
3880,4853,4854,3,1,0.10994014997931824
3881,4854,4855,3,0,0.063969683912608474
3882,4855,4856,2,1,0.13827396546468967
3883,4856,4857,3,0,0.12031065652247462
3884,4857,4858,4,1,0.52522922564348606
3885,4858,4859,5,0,0.22208464405422912
3886,4859,4860,5,0,0.039281278857956826
3887,4861,4862,3,0,0.12026417596106412
3888,4864,4865,1,0,0
3889,4865,4866,1,0,0.079177066576030075
3890,4866,4867,5,1,0.7626563610227014
3891,4867,4868,2,0,0.059612754271961978
3892,4868,4869,2,1,0.16925661708476289
3893,4869,4870,2,0,0.0575572656542696
3894,4870,4871,4,1,0.14835397092704203
3895,4872,4873,1,0,0.17010953274213869
3896,4873,4874,1,0,0.18161927882638398
3897,4874,4875,3,0,0.047353641182193297
3898,4875,4876,1,0,0.62350501640692002
3899,4876,4877,1,0,0.22221660501447366
3900,4878,4879,4,0,0.1987346820660143
3901,4879,4880,2,1,0.14454463937920342
3902,4880,4881,3,0,0
3903,4881,4882,1,0,0.06919966418437655
3904,4882,4883,2,1,0.69072523021477328
3905,4883,4884,5,1,0.69467014626577517
3906,4885,4886,2,0,0.15277352114024503
3907,4887,4888,2,0,0.097508683655902789
3908,4888,4889,3,0,0.061964815384538414
3909,4890,4891,4,0,0.050650953987429082
3910,4893,4894,5,1,0.76750315669797209
3911,4894,4895,3,0,0.26134848490186391
3912,4896,4897,1,0,0.22213727145908868
3913,4898,4899,1,1,0.044885473928428593
3914,4899,4900,5,0,0.15035295285911091
3915,4902,4903,1,1,0.5552841189134694
3916,4903,4904,3,0,0.10292572732213824
3917,4905,4906,4,0,0.22838294737354525
3918,4907,4908,4,0,0.19740028020895356
3919,4908,4909,5,0,0.075080331935742095
3920,4909,4910,4,1,0.6154863791267261
3921,4910,4911,3,0,0.21781895682753194
3922,4911,4912,3,0,0.14361292058215783
3923,4912,4913,2,0,0.25535470114212999
3924,4913,4914,5,0,0.33991679668392505
3925,4915,4916,4,0,0.22940761316592229
3926,4916,4917,3,0,0.44735532985431808
3927,4917,4918,4,1,0.71619721904349321
3928,4919,4920,3,0,0.44866165896567112
3929,4921,4922,2,0,0.37906391373321574
3930,4923,4924,5,0,0.35046867889758232
3931,4924,4925,5,1,0.66151654057905862
3932,4925,4926,2,0,0.23229839739256797
3933,4926,4927,5,0,0.38407575323251231
3934,4927,4928,5,1,0.22106156016652961
3935,4928,4929,3,0,0.35396340743571231
3936,4929,4930,1,0,0.11065320291965405
3937,4930,4931,3,0,0.19207560394023751
3938,4931,4932,1,1,0.615309963433467
3939,4933,4934,1,0,0.051237920442394433
3940,4935,4936,4,0,0.18544932651068297
3941,4936,4937,3,0,0.19475625924706169
3942,4937,4938,1,0,0.15559587859082558
3943,4938,4939,1,0,0.20899308736892358
3944,4939,4940,3,0,0.13024766531975515
3945,4940,4941,4,0,0.22060597441217472
3946,4941,4942,3,0,0.13951627021379992
3947,4944,4945,3,0,0.070900997463137216
3948,4945,4946,4,1,0.12842461167507493
3949,4946,4947,2,1,0.097923792699534079
3950,4947,4948,4,0,0.045486203276988955
3951,4948,4949,2,0,0.12601010962645109
3952,4949,4950,2,0,0.21736894728797748
3953,4950,4951,5,0,0.12553690735700779
3954,4951,4952,1,0,0.41015730796209748
3955,4952,4953,3,1,0.19060462212541973
3956,4953,4954,1,0,0.28650322400555439
3957,4954,4955,5,0,0.1589538370354191
3958,4956,4957,3,1,0.055847693635071374
3959,4958,4959,5,1,0.64783740747290075
3960,4959,4960,4,0,0.047029023843347548
3961,4960,4961,2,0,0.1421138842956958
3962,4961,4962,4,0,0.085881906332612903
3963,4962,4963,4,0,0.13453966128645423
3964,4965,4966,2,0,0.14638822559837869
3965,4967,4968,4,1,0.17431729656217995
3966,4968,4969,5,0,0.10943655873562451
3967,4970,4971,3,0,0.1513687196572287
3968,4971,4972,5,0,0.21982169957377234
3969,4973,4974,2,0,0.50484110885638123
3970,4974,4975,2,0,0.72237155907657791
3971,4975,4976,3,0,0.012678219136726268
3972,4976,4977,4,0,0.36948988433628321
3973,4977,4978,4,0,0.092587161064415557
3974,4978,4979,1,0,0.085086895015637279
3975,4979,4980,1,0,0.080824277487569596
3976,4980,4981,1,0,0.033782931778240835
3977,4981,4982,3,1,0.48904126213249965
3978,4982,4983,4,0,0.22152134705980686
3979,4983,4984,2,1,0.15265906337300864
3980,4984,4985,5,0,0.054312604071729879
3981,4985,4986,1,1,0.76865539361008661
3982,4986,4987,5,0,0.16496209747670892
3983,4987,4988,3,0,0.11676094295190396
3984,4988,4989,5,1,0.44548045621135657
3985,4989,4990,5,0,0.18007584866914927
3986,4990,4991,3,0,0.29014963134097155
3987,4991,4992,1,0,0.037406011248132219
3988,4993,4994,2,0,0.060191903212035117
3989,4994,4995,5,0,0.050552061636206777
3990,4995,4996,4,0,0.14081277447015786
3991,4998,4999,4,0,0.091029178674963809
3992,4999,5000,2,0,0.23941275187873615
3993,5002,5003,2,0,0.19914527379391575
3994,5003,5004,2,0,0.06548408600852286
3995,5004,5005,4,0,0.04055637508880116
3996,5005,5006,4,0,0.11447975461200445
3997,5006,5007,3,0,0.054370026791001225
3998,5007,5008,4,0,0.39710423153212238
3999,5009,5010,3,0,0.1261833422843904
4000,5010,5011,1,0,0.1697196544595615
4001,5012,5013,5,0,0.59738704791826081
4002,5013,5014,5,0,0.10250371045629529
4003,5014,5015,5,0,0.13011502368031166
4004,5016,5017,3,0,0.094868750470643498
4005,5017,5018,2,0,0.45040558426451272
4006,5018,5019,4,0,0.1340927644142354
4007,5019,5020,4,0,0.54116029113740094
4008,5021,5022,1,0,0.079211125441053409
4009,5023,5024,2,0,0.12146099720591898
4010,5025,5026,4,0,0.10114909707615542
4011,5026,5027,3,0,0.21475500331804448
4012,5027,5028,3,0,0.31273465312026716
4013,5028,5029,1,0,0.32902691682460444
4014,5029,5030,1,0,0.075979029103451723
4015,5030,5031,2,1,0.062066391874548203
4016,5031,5032,2,1,0.78397117102810643
4017,5032,5033,3,0,0.15022336252930119
4018,5033,5034,2,0,0.037572276098923947
4019,5035,5036,4,0,0.215498104066048
4020,5037,5038,5,0,0.10554413906661543
4021,5038,5039,2,1,0.11125904796596443
4022,5039,5040,4,1,0.18859449976022599
4023,5040,5041,2,1,0.12886255400486046
4024,5041,5042,5,1,0.051754284904611002
4025,5042,5043,4,0,0.098215157805986178
4026,5044,5045,5,0,0.072632483146280541
4027,5045,5046,4,0,0.17365317065415928
4028,5046,5047,4,0,0.019549838533470462
4029,5047,5048,5,0,0.024853424491008823
4030,5049,5050,3,0,0.26615708092624429
4031,5050,5051,4,0,0.19186686840304901
4032,5051,5052,2,0,0.14915855771622333
4033,5053,5054,4,0,0.051671773598082338
4034,5054,5055,5,0,0.17952675378140767
4035,5055,5056,2,0,0.17883831719811019
4036,5057,5058,5,0,0.087260503455132615
4037,5058,5059,1,0,0.13700503711555159
4038,5059,5060,2,0,0.2117289919630074
4039,5060,5061,4,1,0.54656349993729592
4040,5061,5062,1,0,0.53801203722526347
4041,5063,5064,1,0,0.096813662516185575
4042,5065,5066,2,0,0.30189425791341634
4043,5066,5067,1,0,0.15472515699874678
4044,5067,5068,1,1,0.30281093049916302
4045,5068,5069,2,1,0.28418700260104451
4046,5069,5070,4,0,0.14464422548361155
4047,5070,5071,3,0,0.12065040275161161
4048,5071,5072,4,1,0.21212539163945746
4049,5072,5073,3,0,0.17958603277150118
4050,5073,5074,4,0,0.039597845060002385
4051,5074,5075,1,0,0.063053225132288879
4052,5075,5076,1,1,0.60191889031189161
4053,5076,5077,3,0,0.54964535534332348
4054,5077,5078,5,1,0.067379953075890744
4055,5078,5079,2,1,0.64750152716253229
4056,5079,5080,2,0,0.69496635727698075
4057,5080,5081,4,1,0.34256588545291478
4058,5081,5082,4,0,0.12211259888605844
4059,5082,5083,5,0,0.15269874771200539
4060,5083,5084,3,0,0.16182442497786381
4061,5084,5085,1,1,0.725834599851926
4062,5085,5086,5,1,0.10558099391723327
4063,5086,5087,5,0,0.052550314752061539
4064,5087,5088,2,0,0.059502544084197362
4065,5089,5090,4,0,0.087719213989300299
4066,5090,5091,2,0,0.24880960098372093
4067,5091,5092,3,0,0.18635998276873847
4068,5092,5093,1,0,0.048297584311293953
4069,5093,5094,5,1,0.34484829477589807
4070,5094,5095,3,0,0.086772014697583472
4071,5095,5096,4,0,0.18019262884159878
4072,5096,5097,5,1,0.67578194668817826
4073,5097,5098,2,0,0.25658490529163702
4074,5099,5100,3,1,0.66872189644694824
4075,5101,5102,4,1,0.14054945400394803
4076,5102,5103,2,0,0.34458792022610518
4077,5104,5105,2,0,0.099984532120182268
4078,5106,5107,4,0,0.1823640242718183
4079,5107,5108,3,1,0.24113832836599847
4080,5108,5109,3,0,0.12707805596418131
4081,5109,5110,5,0,0.08841976153152506
4082,5110,5111,1,0,0.14474176383648477
4083,5111,5112,5,1,0.21814885003566978
4084,5112,5113,1,0,0.35566496401524678
4085,5114,5115,1,0,0.017315586040578434
4086,5115,5116,2,0,0.77292824606024457
4087,5116,5117,2,0,0.5942334691575778
4088,5117,5118,2,1,0.075172785206917184
4089,5118,5119,2,0,0.06094602672751348
4090,5119,5120,3,0,0.034159586659307836
4091,5122,5123,1,0,0.2641612886977967
4092,5123,5124,1,1,0.23626335415144853
4093,5124,5125,2,0,0.22590810384429769
4094,5125,5126,2,1,0.17167935372395157
4095,5126,5127,4,0,0.21239658386295071
4096,5128,5129,1,0,0.53136487044407221
4097,5129,5130,5,0,0.090598946338317277
4098,5130,5131,2,0,0.12825266998078036
4099,5131,5132,4,0,0.16014690815330415
4100,5132,5133,4,0,0.14088300090780173
4101,5133,5134,3,0,0.14844402095761033
4102,5134,5135,4,0,0.60727829259312682
4103,5135,5136,5,1,0.77889986750765727
4104,5136,5137,1,1,0.67902646859714688
4105,5137,5138,1,0,0.11265255228752126
4106,5138,5139,1,0,0.05642317181043887
4107,5139,5140,5,0,0.11988831882307184
4108,5141,5142,3,0,0.054343393825099756
4109,5143,5144,2,0,0.31189198709027899
4110,5144,5145,5,1,0.15235067262202359
4111,5145,5146,1,0,0.1882420138302737
4112,5146,5147,2,1,0.13997932452101233
4113,5149,5150,2,1,0.3353036712349432
4114,5150,5151,3,1,0.56466815499685719
4115,5151,5152,4,1,0.18673729895002344
4116,5152,5153,3,0,0.10517552102305326
4117,5153,5154,2,0,0.12539222406482856
4118,5154,5155,4,0,0.075377689976422316
4119,5155,5156,5,0,0.23280914876523476
4120,5156,5157,5,0,0.14716608975503354
4121,5157,5158,4,1,0.036673039203859718
4122,5158,5159,5,0,0.15595847992996953
4123,5160,5161,5,0,0.13786428980875012
4124,5161,5162,2,1,0.24610700017703296
4125,5162,5163,2,0,0.19104497503473772
4126,5163,5164,5,1,0.68760228747747332
4127,5164,5165,2,0,0.12287927987211136
4128,5165,5166,3,0,0.067019520814594613
4129,5167,5168,4,0,0.13842921595483551
4130,5168,5169,1,0,0.18071694609510039
4131,5169,5170,2,1,0.17831748982577655
4132,5171,5172,3,1,0.78360905333051689
4133,5173,5174,2,0,0.37384095273936885
4134,5175,5176,4,0,0.06810188070354159
4135,5176,5177,4,0,0.058974329771657147
4136,5178,5179,5,0,0.15222246721665414
4137,5179,5180,3,1,0.15663553362914528
4138,5180,5181,5,1,0.087487259236710649
4139,5181,5182,4,0,0.13337397817834853
4140,5183,5184,5,0,0.13899054398487726
4141,5184,5185,1,1,0.27438159231337073
4142,5185,5186,2,0,0.13488373084044492
4143,5186,5187,5,0,0.15112585890690847
4144,5187,5188,3,0,0.036679220702618358
4145,5188,5189,4,0,0.71027232121705708
4146,5189,5190,3,0,0.21004640003431335
4147,5190,5191,5,0,0.23534054228373191
4148,5191,5192,2,1,0.27636356869006573
4149,5193,5194,4,1,0.60317590145652256
4150,5194,5195,2,0,0.050273827168025927
4151,5195,5196,2,0,0.28161305194202435
4152,5196,5197,2,0,0.090597876403181274
4153,5197,5198,2,0,0.098401302486170461
4154,5198,5199,3,0,0.26774097688352694
4155,5199,5200,2,0,0.51969482921025012
4156,5200,5201,4,1,0.044951989796042625
4157,5201,5202,2,0,0.16047038251719101
4158,5202,5203,5,0,0.59123572648205647
4159,5203,5204,2,0,0.092394706624939704
4160,5204,5205,1,0,0.12919671150237461
4161,5205,5206,2,0,0.074982672094887612
4162,5206,5207,1,0,0.042593979319923529
4163,5207,5208,3,0,0.15910388311707618
4164,5208,5209,5,0,0.26406608966227213
4165,5209,5210,2,0,0.29899442680939453
4166,5210,5211,5,1,0.33010992890400886
4167,5211,5212,1,0,0.52843244451475202
4168,5212,5213,4,0,0.31987553831577087
4169,5213,5214,4,0,0.039149822403460481
4170,5214,5215,2,0,0.22169382867307508
4171,5215,5216,1,0,0.046412864666108423
4172,5216,5217,5,0,0.14687321442024412
4173,5217,5218,4,0,0.24383050892874283
4174,5218,5219,4,1,0.66851849265017826
4175,5219,5220,2,1,0.25387621250437592
4176,5220,5221,5,0,0.18373962609323033
4177,5221,5222,3,1,0.15271639174618973
4178,5222,5223,4,0,0.12010247228388966
4179,5223,5224,2,1,0.56671913831213727
4180,5224,5225,3,0,0.58179396894539348
4181,5225,5226,3,0,0.22146954131140495
4182,5226,5227,4,0,0.15945232972967077
4183,5227,5228,1,0,0.11351830929684024
4184,5228,5229,2,1,0.057630370641938593
4185,5229,5230,5,0,0.069622265678982595
4186,5230,5231,4,0,0.19583987705490086
4187,5231,5232,3,0,0.063326901801149499
4188,5232,5233,3,0,0.37223126971098974
4189,5233,5234,5,0,0.65591397575610955
4190,5234,5235,1,0,0.13661141139712724
4191,5235,5236,4,1,0.48167805379938677
4192,5236,5237,2,1,0.55959425084085257
4193,5237,5238,2,0,0.21653927970948603
4194,5238,5239,3,0,0.035633030702605893
4195,5239,5240,4,0,0.090455678005906065
4196,5240,5241,1,0,0.16284913861911951
4197,5241,5242,3,0,0.2760065617192522
4198,5242,5243,1,1,0.6475255190900715
4199,5243,5244,4,0,0.022845462462254908
4200,5244,5245,5,0,0.057511120933919697
4201,5245,5246,5,0,0.18716712344759795
4202,5246,5247,4,0,0.1040051035976441
4203,5247,5248,5,0,0.18729090421904426
4204,5249,5250,5,0,0.072175060199433913
4205,5251,5252,4,0,0.024815230723940974
4206,5252,5253,4,0,0.078835553245767326
4207,5254,5255,1,1,0.28040797518340793
4208,5255,5256,3,0,0.12032255275826133
4209,5256,5257,3,0,0.095855925653405491
4210,5257,5258,3,0,0.16644412094866382
4211,5258,5259,3,0,0.21750038546996611
4212,5259,5260,1,0,0.15152856539189366
4213,5262,5263,3,0,0.082395479504434876
4214,5264,5265,3,0,0.21972635721441258
4215,5265,5266,4,0,0.017247203139097143
4216,5266,5267,1,0,0.1442398032054798
4217,5267,5268,3,0,0.22768041659841809
4218,5268,5269,1,0,0.13218000783585276
4219,5269,5270,3,0,0.062847713331984537
4220,5270,5271,1,0,0.10040232632410669
4221,5271,5272,4,0,0.089902606882570249
4222,5272,5273,4,0,0.1725866366507815
4223,5273,5274,4,1,0.3599134720804032
4224,5274,5275,5,1,0.19897978276284614
4225,5275,5276,4,0,0.17820240284625574
4226,5276,5277,1,0,0.65572863749050481
4227,5277,5278,5,0,0.11387615317919428
4228,5278,5279,3,0,0.096003533018407652
4229,5279,5280,3,0,0.11167277512599864
4230,5280,5281,1,0,0.21612154730971356
4231,5281,5282,5,1,0.24542709565162846
4232,5282,5283,5,0,0.043206100221992193
4233,5288,5289,4,0,0.17957018990476689
4234,5289,5290,2,0,0.1340198736142105
4235,5290,5291,1,0,0.21127999956513324
4236,5291,5292,2,0,0.079771553233778075
4237,5293,5294,5,0,0.14410183407667032
4238,5294,5295,1,1,0.17301023210026181
4239,5295,5296,1,0,0.0091259431031489053
4240,5297,5298,5,0,0.14886432343641406
4241,5298,5299,1,0,0.049639335030489264
4242,5299,5300,2,0,0.17708845265549777
4243,5300,5301,4,0,0.058083378549904099
4244,5301,5302,1,0,0.22701490718116835
4245,5302,5303,3,0,0.19762982966286752
4246,5303,5304,3,0,0.16775510513339606
4247,5304,5305,2,1,0.12155935114534819
4248,5305,5306,1,0,0.11372242917418454
4249,5306,5307,5,0,0.15579901596012555
4250,5307,5308,3,0,0.041288771387447055
4251,5308,5309,3,0,0.077309705364215484
4252,5309,5310,2,0,0.10581562794426561
4253,5310,5311,2,0,0.14886322219033943
4254,5312,5313,2,0,0.19279649645363689
4255,5316,5317,1,1,0.58185316594204639
4256,5317,5318,5,1,0.16842054316365213
4257,5318,5319,4,0,0.12663064680288671
4258,5319,5320,2,0,0.1727007652487699
4259,5321,5322,2,0,0.25929693200806508
4260,5322,5323,2,0,0.5239414034117984
4261,5323,5324,5,0,0.31596127437762317
4262,5325,5326,2,0,0.30611815219253025
4263,5326,5327,1,0,0.03426918072292584
4264,5329,5330,4,0,0.069969174615847882
4265,5330,5331,2,0,0.14943357480430669
4266,5331,5332,5,0,0.27091175579359217
4267,5332,5333,4,0,0.19348249761136385
4268,5333,5334,5,0,0.13375864576299271
4269,5334,5335,4,0,0.11274652841295439
4270,5335,5336,3,1,0.075852614473513533
4271,5336,5337,1,0,0.23373530096376322
4272,5337,5338,2,1,0.19208889706250329
4273,5338,5339,3,1,0.71371773149392626
4274,5339,5340,4,0,0.58700247768102054
4275,5340,5341,1,0,0.17607580902646447
4276,5341,5342,5,0,0.31964149441273748
4277,5342,5343,4,0,0.48491038320282348
4278,5344,5345,5,0,0.098857191560695598
4279,5345,5346,2,0,0.46788412851323397
4280,5346,5347,2,0,0.058651543705616128
4281,5347,5348,1,0,0.028520740705283345
4282,5348,5349,3,1,0.66989163110136807
4283,5350,5351,1,1,0.16928069288781808
4284,5351,5352,3,0,0.19249281100110394
4285,5353,5354,1,0,0.19857301630454921
4286,5354,5355,5,0,0.098445097916801602
4287,5356,5357,4,0,0.17366472070675096
4288,5357,5358,1,0,0.23862406020841487
4289,5358,5359,4,0,0.047152221085070549
4290,5362,5363,1,0,0.090254767838672922
4291,5363,5364,4,0,0.15303113800017051
4292,5364,5365,4,0,0.74806169274726553
4293,5365,5366,1,1,0.18750003593178305
4294,5367,5368,1,0,0.018696499029523837
4295,5368,5369,1,0,0.28947065522254023
4296,5369,5370,5,0,0.018696402292537564
4297,5370,5371,1,0,0.099135910686784137
4298,5371,5372,1,1,0.58459631746604201
4299,5372,5373,2,0,0.084867279614901286
4300,5373,5374,4,0,0.0860024886871949
4301,5374,5375,1,0,0.11076886877495062
4302,5375,5376,1,0,0.028592305092974619
4303,5376,5377,5,0,0.082703276616650195
4304,5377,5378,2,0,0.16644157621296521
4305,5379,5380,2,0,0.048994320070450598
4306,5380,5381,2,0,0.35267592262406039
4307,5381,5382,1,1,0.18855534208568422
4308,5382,5383,1,0,0.14965982412013246
4309,5383,5384,2,1,0.53288114943000064
4310,5384,5385,4,0,0.25983779241407312
4311,5385,5386,5,0,0.14673314045981034
4312,5386,5387,3,1,0.097943713033086952
4313,5387,5388,3,1,0.18694609132947504
4314,5388,5389,2,1,0.12694676716239364
4315,5389,5390,3,0,0.043128275308680013
4316,5390,5391,1,1,0.76322588315522655
4317,5392,5393,4,1,0.59804707283604919
4318,5393,5394,4,0,0.23719014919987633
4319,5394,5395,3,0,0.15755663081322704
4320,5395,5396,1,0,0.17075052473838007
4321,5396,5397,4,0,0.15730205056306629
4322,5397,5398,4,0,0.11317409972395751
4323,5398,5399,3,1,0.5988710543467578
4324,5399,5400,2,1,0.10905037182010731
4325,5400,5401,1,0,0.089026309332787115
4326,5401,5402,4,0,0.086251607936225522
4327,5402,5403,3,0,0.22466559129463468
4328,5403,5404,2,0,0.061954698722712948
4329,5405,5406,4,0,0.18180764297266427
4330,5406,5407,1,0,0.056325983645014767
4331,5407,5408,5,0,0.072818013442709453
4332,5409,5410,4,0,0.15985166616919474
4333,5410,5411,5,0,0.13321231448718604
4334,5411,5412,3,0,0.43135619115442486
4335,5415,5416,1,0,0.11556950791532536
4336,5416,5417,5,0,0.280277434899248
4337,5417,5418,1,0,0.090579603076972243
4338,5418,5419,2,0,0.12982032801868301
4339,5419,5420,2,1,0.61491805688934109
4340,5420,5421,3,0,0.078853488636786942
4341,5421,5422,5,0,0.11635348001295678
4342,5423,5424,3,0,0.1520911083781144
4343,5424,5425,4,0,0.49428749091878987
4344,5425,5426,4,1,0.22760611385525986
4345,5426,5427,2,1,0.070397665047787758
4346,5427,5428,2,0,0.23673361844114216
4347,5428,5429,4,0,0.46736626642065782
4348,5429,5430,5,0,0.10178928085872847
4349,5430,5431,1,0,0.016291826991955374
4350,5431,5432,4,0,0.097540444647276223
4351,5432,5433,4,0,0.15186345309569202
4352,5433,5434,3,0,0.10481170708716268
4353,5434,5435,4,1,0.31354540376071421
4354,5435,5436,4,0,0.090492586565333571
4355,5436,5437,1,0,0.20788472286154477
4356,5438,5439,5,0,0.12981057220237968
4357,5440,5441,5,0,0.20460210169168144
4358,5442,5443,5,0,0.19263497039791289
4359,5443,5444,4,0,0.12067530864729664
4360,5444,5445,1,1,0.7066576673960121
4361,5445,5446,1,0,0.14275174344358474
4362,5446,5447,5,0,0.43435209878714232
4363,5447,5448,5,0,0.039572046290546468
4364,5448,5449,2,0,0.20108467708562131
4365,5450,5451,2,0,0.26361981158540815
4366,5451,5452,1,0,0.52747576000250607
4367,5452,5453,2,1,0.17273302989818914
4368,5453,5454,1,0,0.2427548776591496
4369,5454,5455,3,0,0.30683426558445315
4370,5455,5456,3,1,0.52524229763712638
4371,5456,5457,4,0,0.13383072445344205
4372,5457,5458,1,1,0.59312657943507641
4373,5458,5459,1,1,0.36260683164873347
4374,5460,5461,3,0,0.25734424965852026
4375,5462,5463,1,0,0.0081982828665378843
4376,5463,5464,4,0,0.38180098454888323
4377,5464,5465,3,0,0.22427800447763446
4378,5466,5467,1,1,0.60966125621383394
4379,5467,5468,4,0,0.22826480756398226
4380,5468,5469,1,0,0.3434598830781429
4381,5469,5470,2,0,0.19008897971915542
4382,5470,5471,2,0,0.099164453765023766
4383,5471,5472,1,1,0.1060922234659181
4384,5472,5473,4,1,0.66166056013963703
4385,5473,5474,5,0,0.0099708139305580631
4386,5474,5475,2,1,0.62143637761063286
4387,5475,5476,2,0,0.059845767111850912
4388,5476,5477,5,0,0.5278952489246056
4389,5478,5479,1,0,0.019068182510157614
4390,5479,5480,1,0,0.02645201510107438
4391,5480,5481,5,0,0.12577258339845296
4392,5481,5482,1,0,0.076973409954012917
4393,5482,5483,4,0,0.17167131761127866
4394,5483,5484,1,0,0.16114497594801069
4395,5484,5485,4,0,0.053606591014190991
4396,5485,5486,2,1,0.82787292419299341
4397,5486,5487,1,0,0.10935522643815547
4398,5487,5488,4,1,0.70399551174781805
4399,5488,5489,3,0,0.16215771689238431
4400,5489,5490,4,0,0.11331139726374002
4401,5490,5491,5,0,0.11972654046682153
4402,5491,5492,2,0,0.19097974464690118
4403,5493,5494,2,0,0.11117029317966645
4404,5494,5495,3,0,0.15911093610077109
4405,5495,5496,5,0,0.25908146291531875
4406,5496,5497,4,0,0.073828394142614884
4407,5497,5498,2,0,0.17468507138538472
4408,5498,5499,2,0,0.32601637937588301
4409,5500,5501,5,0,0.073176427119988938
4410,5501,5502,2,1,0.24464197710328564
4411,5502,5503,1,0,0.07331544931378621
4412,5503,5504,2,0,0.17927502769876358
4413,5505,5506,3,0,0.15888147027119509
4414,5506,5507,3,0,0.094055747222308528
4415,5507,5508,1,0,0.082610612950019494
4416,5508,5509,4,0,0.13158349940027031
4417,5509,5510,3,0,0.064659212745199868
4418,5510,5511,2,0,0.10912519937557021
4419,5511,5512,2,0,0.22250675411457516
4420,5512,5513,2,1,0.68356633745908901
4421,5513,5514,3,0,0.17997371848329857
4422,5514,5515,1,0,0.15683486561218918
4423,5515,5516,4,1,0.15677679362438993
4424,5517,5518,4,0,0.1522191149935492
4425,5518,5519,1,0,0.01778329085247889
4426,5520,5521,2,0,0.089875197919619065
4427,5521,5522,1,0,0.13927242149009042
4428,5522,5523,2,0,0.20481726099080133
4429,5523,5524,3,0,0.083784667555997061
4430,5524,5525,5,0,0.2365562936650725
4431,5525,5526,4,0,0.11558058159285807
4432,5526,5527,1,0,0.034721779408304496
4433,5527,5528,2,0,0.11335432982887753
4434,5528,5529,5,0,0.21670940777735018
4435,5529,5530,2,0,0.16565653578784154
4436,5530,5531,5,0,0.11154231414939955
4437,5532,5533,2,0,0.16637415790689294
4438,5533,5534,2,1,0.030758186601117128
4439,5534,5535,1,1,0.13608548442859
4440,5535,5536,3,0,0.03078211953016639
4441,5536,5537,1,0,0.21682889680239614
4442,5537,5538,2,0,0.080546004709357008
4443,5538,5539,5,1,0.30650166445902949
4444,5539,5540,2,0,0.047843795113746916
4445,5540,5541,5,0,0.24377434093727621
4446,5541,5542,2,0,0.3974645686553438
4447,5542,5543,5,0,0.6925040257327858
4448,5543,5544,2,0,0.14313220032332491
4449,5544,5545,4,0,0.19265406300024621
4450,5545,5546,5,0,0.073366304910202768
4451,5547,5548,1,0,0.20043965339531661
4452,5548,5549,5,0,0.058109940977311036
4453,5549,5550,1,0,0.36816529704400525
4454,5550,5551,1,0,0.15415908096954781
4455,5551,5552,4,0,0.52294879037798214
4456,5554,5555,2,0,0.1116925899329041
4457,5555,5556,1,0,0.051177541164744419
4458,5557,5558,3,1,0.54377684290174411
4459,5558,5559,4,1,0.18952955324703927
4460,5559,5560,4,0,0.13897725081317489
4461,5560,5561,5,0,0.11981672620552572
4462,5561,5562,4,1,0.15559044412548217
4463,5562,5563,5,0,0.1759143833567775
4464,5563,5564,4,0,0.058434073904943692
4465,5565,5566,2,0,0.16643603330245851
4466,5566,5567,3,0,0.039123983893287882
4467,5567,5568,3,0,0.085510886995399327
4468,5568,5569,4,0,0.13609706105134425
4469,5569,5570,2,0,0.13526073446231066
4470,5570,5571,5,0,0.14493130319403805
4471,5571,5572,3,1,0.71338696118222855
4472,5572,5573,5,0,0.11131161346369342
4473,5574,5575,2,1,0.23205001791399113
4474,5575,5576,1,0,0.031153256567317537
4475,5577,5578,3,0,0.16583832541078905
4476,5578,5579,3,0,0.05397985711597332
4477,5579,5580,5,1,0.69664189736372994
4478,5580,5581,3,0,0.32158737257045056
4479,5581,5582,5,0,0.10960377162055661
4480,5582,5583,1,0,0.16117087415695891
4481,5583,5584,4,0,0.25082654173219149
4482,5584,5585,3,0,0.18552989435610884
4483,5585,5586,5,0,0.038620704521837981
4484,5586,5587,2,0,0.089594135775211761
4485,5587,5588,2,1,0.077050268313166193
4486,5590,5591,1,0,0.17433987784815014
4487,5593,5594,1,0,0.13468409798357925
4488,5595,5596,2,0,0.18730619902581622
4489,5596,5597,3,0,0.077414933229142266
4490,5597,5598,5,1,0.13755183965850423
4491,5598,5599,1,0,0.19089787603195291
4492,5599,5600,5,0,0.16612186465868831
4493,5600,5601,2,1,0.6488194110650698
4494,5601,5602,5,0,0.22553806951035815
4495,5602,5603,5,0,0.05317987782730859
4496,5604,5605,5,1,0.23053389159920368
4497,5605,5606,5,0,0.088531404046575904
4498,5606,5607,4,0,0.34213406408272029
4499,5607,5608,2,0,0.010528452622434934
4500,5608,5609,1,0,0.29918618617862874
4501,5609,5610,2,0,0.25480679800677497
4502,5610,5611,3,1,0.71877338027727555
4503,5611,5612,2,0,0.12358078496792742
4504,5612,5613,5,0,0.17136119028458935
4505,5614,5615,3,0,0.16968869965240255
4506,5616,5617,1,0,0.2235888790563279
4507,5617,5618,2,0,0.078463107539484461
4508,5618,5619,3,0,0.064977394155141407
4509,5619,5620,4,0,0.098959506685265805
4510,5620,5621,2,0,0.0092404844415534728
4511,5621,5622,1,0,0.20087057716881085
4512,5622,5623,5,0,0.093106939049411863
4513,5623,5624,1,0,0.25444422685444218
4514,5627,5628,4,0,0.08265372550581021
4515,5628,5629,5,0,0.70451026680424167
4516,5629,5630,3,0,0.18844782954080072
4517,5630,5631,1,1,0.22447660983912179
4518,5631,5632,1,0,0.028135386701624996
4519,5632,5633,4,0,0.10776046413461206
4520,5634,5635,5,0,0.052586593216799864
4521,5635,5636,2,0,0.020344376867544353
4522,5636,5637,1,0,0.20787466341671829
4523,5637,5638,2,0,0.19752201443894923
4524,5638,5639,2,0,0.39923384693255914
4525,5639,5640,1,0,0.12527387342671428
4526,5640,5641,3,0,0.08160171214536896
4527,5641,5642,5,0,0.055000916542238029
4528,5642,5643,3,0,0.57265666285223282
4529,5644,5645,2,0,0.28235912855317785
4530,5645,5646,3,1,0.22585880738846206
4531,5646,5647,1,0,0.083118490715665808
4532,5647,5648,5,1,0.71813744305403404
4533,5648,5649,5,0,0.21728519335906538
4534,5649,5650,1,0,0.10258115343563441
4535,5650,5651,2,0,0.26611146957489656
4536,5651,5652,2,0,0.33965760121343769
4537,5652,5653,1,1,0.096750947263767581
4538,5653,5654,5,0,0.089838017299401787
4539,5654,5655,4,0,0.008258765415746128
4540,5655,5656,3,0,0.48618607970554079
4541,5656,5657,4,0,0.088209316853877909
4542,5657,5658,3,0,0.15976533284373171
4543,5658,5659,4,1,0.5873715927933324
4544,5659,5660,4,0,0.12798788203447714
4545,5660,5661,5,0,0.21393588294158708
4546,5661,5662,4,0,0.14913275386780525
4547,5662,5663,5,0,0.13800935592266375
4548,5663,5664,3,0,0.0087107080685503314
4549,5664,5665,4,0,0.22853801806678906
4550,5665,5666,4,1,0.14173034583593533
4551,5666,5667,4,0,0.1274749208573433
4552,5668,5669,3,1,0.081294454004163047
4553,5669,5670,5,1,0.6715246505910405
4554,5671,5672,4,0,0.1098479261744022
4555,5672,5673,5,0,0.10553464005587716
4556,5673,5674,4,0,0.15704213872731496
4557,5674,5675,5,1,0.70579369440853246
4558,5678,5679,1,0,0.021045135623802634
4559,5680,5681,1,0,0.024576890207264463
4560,5681,5682,1,1,0.7303848502864535
4561,5682,5683,3,1,0.63678101391640862
4562,5683,5684,2,0,0.12992411474228052
4563,5685,5686,4,0,0.11099412361391146
4564,5686,5687,3,0,0.11010065909722275
4565,5688,5689,4,0,0.036805242729085703
4566,5689,5690,4,0,0.06737740807114892
4567,5690,5691,5,1,0.26462833549099202
4568,5692,5693,4,1,0.35031135639601746
4569,5694,5695,1,1,0.11436798313533836
4570,5695,5696,5,0,0.11475575753556495
4571,5696,5697,1,0,0.046834012487348371
4572,5697,5698,3,1,0.26381383040055151
4573,5698,5699,3,0,0.032135307167576975
4574,5699,5700,1,0,0.084480421551645396
4575,5700,5701,4,1,0.15057432784135666
4576,5701,5702,4,0,0.076649718928194638
4577,5702,5703,5,0,0.14162212354956591
4578,5704,5705,3,1,0.15673916448837297
4579,5705,5706,1,1,0.074816796694325075
4580,5707,5708,2,0,0.18626102874630079
4581,5708,5709,1,0,0.081749914406428051
4582,5709,5710,2,0,0.1357025203585786
4583,5710,5711,2,1,0.15769568763697167
4584,5711,5712,4,0,0.12375193154629963
4585,5712,5713,2,0,0.076265452419424992
4586,5714,5715,5,1,0.24352867546791004
4587,5715,5716,1,0,0.11292080397500603
4588,5717,5718,4,0,0.26671092609776953
4589,5718,5719,5,0,0.10018137309964906
4590,5719,5720,3,0,0.13383787570103503
4591,5720,5721,4,0,0.17645884997766101
4592,5721,5722,1,1,0.71140878189134893
4593,5723,5724,1,0,0.6637062931194756
4594,5724,5725,1,1,0.67897300248091619
4595,5725,5726,5,0,0.1806390768931613
4596,5726,5727,2,1,0.75865862063734557
4597,5727,5728,2,0,0.039192404281738008
4598,5728,5729,4,0,0.021276546674118799
4599,5730,5731,5,0,0.14381866549116887
4600,5731,5732,5,0,0.27161132171449065
4601,5732,5733,3,0,0.11596154423153181
4602,5733,5734,4,0,0.028804813131951192
4603,5734,5735,4,1,0.19634048675997873
4604,5735,5736,4,0,0.088736885095786977
4605,5736,5737,2,1,0.6421353435207463
4606,5737,5738,4,0,0.096421328619354277
4607,5739,5740,4,0,0.081921409959051325
4608,5741,5742,5,0,0.086866408540843695
4609,5742,5743,2,1,0.73753641301987927
4610,5743,5744,5,0,0.31227438739139024
4611,5745,5746,3,0,0.080672837539006115
4612,5746,5747,1,1,0.74476203521937856
4613,5747,5748,3,0,0.13713444933795693
4614,5748,5749,2,0,0.17501612818594611
4615,5751,5752,5,0,0.16596659499025612
4616,5752,5753,2,0,0.091371868731115288
4617,5753,5754,1,1,0.25324278391892385
4618,5754,5755,4,1,0.68340980691187692
4619,5755,5756,1,0,0.59240763708483068
4620,5756,5757,2,1,0.42752374369442175
4621,5757,5758,3,0,0.081905030499057979
4622,5758,5759,1,1,0.1032146929582333
4623,5759,5760,4,0,0.11047003107892436
4624,5765,5766,3,0,0.10258970939571868
4625,5767,5768,3,0,0.10506988113719148
4626,5769,5770,2,0,0.50514190780473089
4627,5770,5771,2,1,0.55708760248830791
4628,5771,5772,3,0,0.083657620282125172
4629,5772,5773,5,0,0.19923441108504245
4630,5773,5774,1,0,0.020391740762926058
4631,5774,5775,2,0,0.26067296488962238
4632,5775,5776,4,0,0.017101755785973425
4633,5776,5777,2,0,0.074976965992192834
4634,5778,5779,1,0,0.1009307658395994
4635,5779,5780,1,0,0.17470277173818383
4636,5780,5781,3,0,0.21031631576214871
4637,5781,5782,1,0,0.089490779181109342
4638,5782,5783,5,0,0.17104043135479288
4639,5783,5784,1,0,0.085230182449462941
4640,5784,5785,4,0,0.2325487890439773
4641,5785,5786,1,1,0.6646756004859744
4642,5787,5788,3,0,0.17975131168441358
4643,5788,5789,2,0,0.076642288450342544
4644,5790,5791,5,0,0.17274116907212728
4645,5791,5792,1,0,0.09268415445776447
4646,5792,5793,3,0,0.031452729796707331
4647,5793,5794,4,0,0.63649145963722653
4648,5794,5795,1,0,0.25169984630866149
4649,5796,5797,4,0,0.1079106736814202
4650,5797,5798,5,0,0.15729233456903999
4651,5798,5799,2,0,0.06497298064908695
4652,5799,5800,4,0,0.75215500673523794
4653,5800,5801,3,1,0.2229804427263852
4654,5801,5802,1,0,0.053328337102487362
4655,5803,5804,2,0,0.23670788003766727
4656,5805,5806,3,0,0.11697165587918054
4657,5806,5807,5,0,0.080418056989775721
4658,5807,5808,5,1,0.094662546524273333
4659,5808,5809,3,0,0.0088947005067766018
4660,5809,5810,1,0,0.056251375207784678
4661,5810,5811,2,0,0.18422442115115784
4662,5811,5812,3,0,0.095820461357664893
4663,5812,5813,3,1,0.68473128436774644
4664,5814,5815,1,0,0.18716040812164503
4665,5815,5816,1,1,0.11776461410773936
4666,5816,5817,2,1,0.5951772768759821
4667,5817,5818,3,1,0.56592238674470052
4668,5818,5819,1,0,0.20278946727451957
4669,5819,5820,4,1,0.53769895279435853
4670,5820,5821,5,0,0.11945629028636087
4671,5821,5822,2,0,0.07865062330280892
4672,5824,5825,2,0,0.46251520106849353
4673,5825,5826,2,0,0.65470801711229798
4674,5826,5827,3,1,0.19303747259538498
4675,5828,5829,5,0,0.6195442849316477
4676,5829,5830,1,0,0.16813167937579945
4677,5830,5831,4,0,0.050336914859380508
4678,5831,5832,3,1,0.66592324606702602
4679,5832,5833,3,0,0.078347357995738928
4680,5833,5834,3,0,0.61217635915929247
4681,5834,5835,4,0,0.19150786032959344
4682,5835,5836,5,1,0.036301150008293238
4683,5836,5837,4,0,0.13599303107397498
4684,5837,5838,3,1,0.74792375037893366
4685,5838,5839,3,0,0.49093936021413953
4686,5840,5841,1,0,0.093061994504432088
4687,5842,5843,5,0,0.15219470944648791
4688,5844,5845,2,0,0.18692848133408183
4689,5845,5846,4,0,0.67751558445409854
4690,5846,5847,4,1,0.25971261514554944
4691,5847,5848,2,0,0.29396216825914095
4692,5848,5849,4,0,0.16849255607500829
4693,5849,5850,3,0,0.077055259706162033
4694,5850,5851,2,0,0.2298054865588067
4695,5852,5853,2,1,0.5948032220899131
4696,5853,5854,3,1,0.11836311764803877
4697,5854,5855,4,0,0.1900365980600584
4698,5855,5856,5,0,0
4699,5856,5857,4,0,0.13487959094255475
4700,5857,5858,4,0,0.069841049252538229
4701,5858,5859,1,0,0.15063376844576651
4702,5859,5860,1,0,0.38163083045742435
4703,5860,5861,5,0,0.060527019669168881
4704,5861,5862,2,0,0.20758834773801549
4705,5862,5863,5,0,0.031278230164114733
4706,5863,5864,2,0,0.049148760849546828
4707,5864,5865,1,1,0.29761522868930751
4708,5865,5866,2,0,0.13921380775649247
4709,5867,5868,1,0,0.5206894908316424
4710,5868,5869,4,0,0.15189609830077791
4711,5869,5870,1,0,0.086268479159694336
4712,5870,5871,3,1,0.16499933616752768
4713,5871,5872,3,0,0.028802376661123223
4714,5873,5874,5,0,0.10477304157483716
4715,5874,5875,5,1,0.66002876369960473
4716,5876,5877,3,0,0.070463001145747411
4717,5877,5878,4,0,0.10440625918709917
4718,5878,5879,5,0,0.075357818087061032
4719,5879,5880,4,0,0.13127975859438909
4720,5880,5881,3,0,0.0075302812438222547
4721,5881,5882,5,0,0.040979809444854069
4722,5882,5883,2,0,0.12056436439903379
4723,5883,5884,1,1,0.6611780194232848
4724,5884,5885,3,1,0.49687589953525929
4725,5885,5886,1,0,0.61765202294552979
4726,5886,5887,2,0,0.58172079933502785
4727,5888,5889,5,0,0.083780459282132166
4728,5889,5890,5,0,0.11434053022153431
4729,5890,5891,2,0,0.063518349306402655
4730,5891,5892,4,0,0.10721997842304083
4731,5892,5893,4,1,0.7110926569523387
4732,5894,5895,2,1,0.30975269627402435
4733,5895,5896,4,0,0.031633010508992823
4734,5896,5897,1,0,0.070840603429021404
4735,5897,5898,2,0,0.11721704888046479
4736,5898,5899,4,0,0.085013626171105333
4737,5899,5900,2,0,0.23476476311960773
4738,5900,5901,5,1,0.13234521631409266
4739,5901,5902,3,0,0.64536561849102148
4740,5902,5903,3,0,0.23482670607135761
4741,5903,5904,3,0,0.34468687119162622
4742,5904,5905,3,0,0.17953575446793482
4743,5905,5906,4,1,0.060405156019154846
4744,5906,5907,2,0,0.11703997177795075
4745,5907,5908,4,0,0.65554042697951309
4746,5910,5911,2,0,0.18564344878868697
4747,5911,5912,3,0,0.2760695645347595
4748,5912,5913,3,1,0.14583345108112075
4749,5915,5916,1,0,0.76810471184119355
4750,5916,5917,3,0,0.054202900485963781
4751,5917,5918,4,1,0.17025521219007661
4752,5918,5919,5,0,0.24432715753472206
4753,5919,5920,3,0,0.1217857770553345
4754,5920,5921,5,1,0.22530282278367625
4755,5922,5923,5,0,0.12201198817640034
4756,5923,5924,1,0,0.23758692699361683
4757,5924,5925,1,1,0.59413509283395294
4758,5925,5926,2,0,0.20476613022200885
4759,5926,5927,2,0,0.13640172441093468
4760,5927,5928,5,1,0.084498004134667681
4761,5928,5929,1,0,0.042149102620247701
4762,5930,5931,2,1,0.72641545216186054
4763,5932,5933,4,0,0.37857617261266197
4764,5933,5934,2,0,0.21424467468090128
4765,5934,5935,5,0,0.2069904523388367
4766,5936,5937,1,0,0.080675560932283105
4767,5937,5938,4,0,0.19497602805507858
4768,5938,5939,4,0,0.055090096977033536
4769,5939,5940,3,0,0.074047680111239536
4770,5941,5942,2,0,0.20235834542463962
4771,5942,5943,3,0,0.11184802036371218
4772,5943,5944,4,0,0.04856625084116753
4773,5944,5945,1,0,0.031665590115467324
4774,5947,5948,5,0,0.095380891554722416
4775,5949,5950,1,1,0.099544999650265364
4776,5950,5951,3,0,0.094064668641604024
4777,5951,5952,2,0,0.27368828952424146
4778,5952,5953,3,0,0.19813070486135656
4779,5953,5954,1,1,0.30376900627317882
4780,5955,5956,2,0,0.10403291702882861
4781,5957,5958,5,0,0.099003530328977296
4782,5959,5960,2,0,0.38340219294930977
4783,5960,5961,5,0,0.14088808538533484
4784,5961,5962,5,0,0.0078715727443768035
4785,5962,5963,1,0,0.16883417122025171
4786,5963,5964,2,0,0.55521825811427616
4787,5965,5966,1,0,0.16775163753798236
4788,5966,5967,4,0,0.10484387230573963
4789,5967,5968,1,0,0.098526951167634227
4790,5969,5970,5,0,0.0082441629915113168
4791,5970,5971,3,1,0.18346521906481056
4792,5972,5973,5,1,0.10602788662773861
4793,5973,5974,4,0,0.33949788223121197
4794,5974,5975,2,0,0.13995846336199266
4795,5976,5977,3,0,0.16828395990904157
4796,5977,5978,2,0,0.71515862100603367
4797,5979,5980,5,1,0.66648671938331949
4798,5981,5982,1,0,0.023951071075290476
4799,5982,5983,3,1,0.20837194877476073
4800,5983,5984,1,0,0.14725239353505332
4801,5985,5986,3,0,0.75666114987532451
4802,5989,5990,3,0,0.025672094304355467
4803,5990,5991,5,0,0.36989952016819211
4804,5991,5992,4,0,0.1909318481032429
4805,5992,5993,5,0,0.31999738951227924
4806,5993,5994,3,0,0.12792103938306867
4807,5994,5995,5,0,0.037980690640778379
4808,5995,5996,2,0,0.17495341186194618
4809,5996,5997,4,0,0.15281460948856629
4810,5997,5998,3,0,0.2141129197394632
4811,5998,5999,5,0,0.097779448431069338
4812,5999,6000,4,0,0.27057173047244587
4813,6000,6001,1,0,0.13254560966988205
4814,6001,6002,2,0,0.21197108407350448
4815,6002,6003,1,1,0.19464063387505395
4816,6003,6004,2,0,0.083674165437073136
4817,6004,6005,1,0,0.078502110128601449
4818,6005,6006,1,0,0.058876793054671993
4819,6006,6007,5,1,0.21661447622701038
4820,6007,6008,3,0,0.080993474115066411
4821,6008,6009,2,0,0.091564856329293939
4822,6009,6010,1,0,0.29398806587974963
4823,6010,6011,3,0,0.23819948985124612
4824,6011,6012,1,0,0.27116007276426507
4825,6014,6015,5,1,0.26590687587451672
4826,6015,6016,3,1,0.32904597851084311
4827,6016,6017,1,0,0.056914403146456252
4828,6017,6018,3,1,0.17957972274871611
4829,6018,6019,4,0,0.37622815098586676
4830,6019,6020,1,1,0.29409004425601454
4831,6020,6021,2,0,0.24474568458841442
4832,6021,6022,4,0,0.18968011631509754
4833,6022,6023,2,0,0
4834,6024,6025,5,0,0.12440382325265133
4835,6026,6027,5,0,0.067054415420394448
4836,6027,6028,3,0,0.20324865502112233
4837,6028,6029,1,0,0.15509551995014012
4838,6029,6030,3,1,0.11992376491880284
4839,6030,6031,3,0,0.060229098731921026
4840,6031,6032,1,0,0.21957247360947338
4841,6032,6033,1,0,0.14643082934392032
4842,6033,6034,2,0,0.079243927638244741
4843,6034,6035,4,1,0.210376023933455
4844,6035,6036,1,1,0.16816175553238963
4845,6036,6037,2,0,0.17594241831798413
4846,6038,6039,5,0,0.59490656692316279
4847,6039,6040,2,0,0.056620029711171256
4848,6040,6041,4,1,0.75119497725831019
4849,6041,6042,4,0,0.086950821960063901
4850,6042,6043,4,0,0.023358963423005731
4851,6043,6044,3,0,0.13410255159619647
4852,6044,6045,2,1,0.86434439263722074
4853,6045,6046,5,1,0.64838284719847306
4854,6047,6048,3,1,0.48180181282204187
4855,6048,6049,1,0,0.39335729753840365
4856,6049,6050,5,0,0.5657698063187494
4857,6050,6051,3,0,0.13314906990491526
4858,6051,6052,1,1,0.11877758015909896
4859,6052,6053,2,0,0.3958995174559658
4860,6053,6054,4,1,0.13993894791608572
4861,6054,6055,5,1,0.19334207399515252
4862,6055,6056,2,1,0.77003867188452546
4863,6056,6057,1,0,0.11582424074641161
4864,6057,6058,2,0,0.2196065795260872
4865,6058,6059,5,0,0.059242555920572808
4866,6062,6063,3,0,0.093330281622784991
4867,6063,6064,1,0,0.18902536235124784
4868,6064,6065,2,0,0.069072792785881271
4869,6066,6067,4,0,0.26307951277118113
4870,6070,6071,2,0,0.17163502953479859
4871,6071,6072,2,0,0.07209027706491121
4872,6073,6074,1,1,0.052947867067413695
4873,6074,6075,1,0,0.011124720539251606
4874,6075,6076,5,0,0.10472669258583904
4875,6077,6078,2,0,0.067786358071697375
4876,6078,6079,4,1,0.74803025855497496
4877,6079,6080,3,0,0.0084288842263523442
4878,6080,6081,2,0,0.035857104669427708
4879,6081,6082,1,0,0.14488309547501088
4880,6082,6083,5,0,0.6019449657359488
4881,6083,6084,2,1,0.50314942462214329
4882,6084,6085,2,1,0.82905972418430884
4883,6086,6087,3,0,0.080969517422760817
4884,6087,6088,2,1,0.091179021989609269
4885,6088,6089,3,1,0.39464266760423899
4886,6090,6091,3,0,0.076860228646431952
4887,6091,6092,4,0,0.083136676880825849
4888,6092,6093,2,0,0.034927805553688143
4889,6093,6094,1,0,0.20719095401103985
4890,6095,6096,5,0,0.13853297742186674
4891,6096,6097,4,1,0.10168941779080407
4892,6097,6098,1,1,0.19956429741360823
4893,6098,6099,1,1,0.11318635966055758
4894,6099,6100,2,0,0.22036518827154053
4895,6100,6101,5,0,0.080931951150798376
4896,6101,6102,5,0,0.18602474951472922
4897,6103,6104,2,0,0.080395905638438583
4898,6104,6105,5,1,0.20137279583063569
4899,6105,6106,3,0,0.097791360713448225
4900,6107,6108,4,1,0.25551141398109339
4901,6108,6109,2,1,0.6284466792664537
4902,6110,6111,1,0,0.1872661697434567
4903,6111,6112,5,1,0.65411001385584588
4904,6112,6113,5,0,0.21289052427710539
4905,6113,6114,4,0,0.098882792482661797
4906,6114,6115,1,0,0.16648512355984152
4907,6115,6116,1,0,0.028611493106640039
4908,6116,6117,5,0,0.29145621559326634
4909,6117,6118,1,0,0.30945060130432966
4910,6120,6121,2,1,0.64448976040242856
4911,6121,6122,4,1,0.67093152187014682
4912,6122,6123,5,1,0.62058197430823392
4913,6123,6124,1,0,0.094190454126349868
4914,6124,6125,2,0,0.35383196059088617
4915,6125,6126,2,0,0.03724834644397574
4916,6126,6127,1,1,0.17328378879694981
4917,6127,6128,5,1,0.61018665365125246
4918,6128,6129,3,0,0.12865419687406202
4919,6130,6131,4,0,0.035595358605997093
4920,6131,6132,2,0,0.11087148032057891
4921,6132,6133,4,1,0.54105669996197203
4922,6134,6135,1,1,0.17550957912688933
4923,6136,6137,3,0,0.053417330296390821
4924,6137,6138,1,1,0.29459314484270066
4925,6138,6139,4,1,0.20668895436001741
4926,6139,6140,5,0,0.14121030311559668
4927,6141,6142,2,0,0.18463539722773076
4928,6142,6143,5,0,0.026148509745033771
4929,6143,6144,2,0,0.11154470316048908
4930,6144,6145,5,0,0.14157501230341785
4931,6145,6146,2,0,0.33906301150475127
4932,6146,6147,5,0,0.687384274432423
4933,6147,6148,3,0,0.067596664399653311
4934,6148,6149,3,0,0.30891759497444016
4935,6149,6150,2,0,0.17453335999340544
4936,6150,6151,2,1,0.15924129916197544
4937,6152,6153,2,0,0.26289900052180987
4938,6153,6154,5,1,0.18560453055121651
4939,6154,6155,1,1,0.6468773786698846
4940,6156,6157,1,1,0.21751159048932517
4941,6157,6158,5,0,0.18261336601335623
4942,6158,6159,4,0,0.17966125991733475
4943,6159,6160,2,0,0.47006752970221077
4944,6163,6164,2,1,0.14748301277289794
4945,6164,6165,3,0,0.061672896247170518
4946,6166,6167,4,1,0.2851804358257104
4947,6168,6169,1,0,0.11398315526801804
4948,6169,6170,2,1,0.28975685290279113
4949,6170,6171,4,0,0.16625511454939274
4950,6171,6172,1,0,0.14972945726859629
4951,6172,6173,2,0,0.15216611915476716
4952,6174,6175,4,1,0.66748784687372686
4953,6176,6177,2,1,0.59112062988424185
4954,6179,6180,5,0,0.10729114700749641
4955,6180,6181,1,1,0.16833922632131895
4956,6181,6182,2,1,0.6022987113584245
4957,6182,6183,1,1,0.54048864503505856
4958,6183,6184,4,1,0.081456094627021539
4959,6184,6185,3,0,0.075121208327950231
4960,6186,6187,4,1,0.38101700132738514
4961,6187,6188,5,0,0.074618557806997304
4962,6188,6189,4,0,0.097537406619747247
4963,6189,6190,4,0,0.051885526342000172
4964,6190,6191,2,0,0.14265340246047173
4965,6191,6192,1,1,0.35249161955948488
4966,6192,6193,3,0,0.12755373367158204
4967,6193,6194,1,0,0.54529649521059631
4968,6194,6195,3,0,0.051975403525138686
4969,6195,6196,3,0,0.069960458088035263
4970,6196,6197,4,0,0.5349763875553456
4971,6197,6198,5,0,0.13235341243188997
4972,6199,6200,4,0,0.16695262435656688
4973,6200,6201,1,0,0.21378650558358242
4974,6202,6203,2,0,0.15978754696878872
4975,6203,6204,3,0,0.12080944202608385
4976,6204,6205,5,1,0.15454905463892357
4977,6205,6206,5,0,0.061681331874525937
4978,6206,6207,5,0,0.21943921498433752
4979,6207,6208,3,0,0.069829578916271492
4980,6208,6209,5,0,0.62352644878746066
4981,6209,6210,1,0,0.04491718590608957
4982,6210,6211,4,0,0.69083310634254158
4983,6212,6213,2,0,0.021632342044116196
4984,6213,6214,1,0,0.021056515454574633
4985,6214,6215,4,0,0
4986,6216,6217,5,0,0.25407214225814395
4987,6218,6219,2,0,0.38858527743962284
4988,6219,6220,1,0,0.16304647749315829
4989,6220,6221,4,0,0.28854468337954503
4990,6221,6222,3,1,0.65135401020814654
4991,6223,6224,3,0,0.14421603566028537
4992,6224,6225,4,0,0.19603525627689666
4993,6225,6226,2,0,0.092948765505155628
4994,6226,6227,5,0,0.10620559740170844
4995,6229,6230,5,1,0.14991183311915351
4996,6230,6231,2,0,0.17565801515888343
4997,6231,6232,4,0,0.02702078262152046
4998,6232,6233,3,0,0.63695401003702257
4999,6233,6234,1,0,0.092152795561443637
5000,6234,6235,3,0,0.066494762546839919
5001,6235,6236,5,0,0.33145301896609308
5002,6238,6239,4,1,0.17980355997730219
5003,6240,6241,5,1,0.28610401098469296
5004,6242,6243,1,0,0.11963565975514125
5005,6245,6246,2,0,0.015209624793529756
5006,6246,6247,2,0,0.10384132739950981
5007,6247,6248,5,0,0.17074072568754672
5008,6248,6249,1,0,0.038093822003701636
5009,6249,6250,4,0,0.49631568661322811
5010,6250,6251,2,0,0.24875833946080489
5011,6252,6253,3,0,0.20268445264527629
5012,6253,6254,4,0,0.18683258338579375
5013,6254,6255,5,0,0.14958833902283988
5014,6255,6256,1,1,0.65873384638219412
5015,6256,6257,2,0,0.060911968933645727
5016,6257,6258,4,0,0.47672894617806599
5017,6258,6259,2,0,0
5018,6259,6260,2,0,0.32152909781008798
5019,6260,6261,2,0,0.13742022618398944
5020,6262,6263,2,0,0.032243809030718794
5021,6264,6265,1,0,0.272659208686238
5022,6265,6266,5,0,0.12554363464999582
5023,6266,6267,5,0,0.14197755995943215
5024,6267,6268,1,0,0.13665800937321626
5025,6268,6269,2,1,0.65778579743145138
5026,6269,6270,5,0,0.17015567704673937
5027,6270,6271,3,0,0.089490550140806424
5028,6273,6274,4,0,0.22409551319146781
5029,6274,6275,4,0,0.15971798027798761
5030,6275,6276,1,0,0.14077141064461773
5031,6277,6278,1,1,0.49925545479504757
5032,6278,6279,5,0,0.36307539824452378
5033,6279,6280,3,0,0.045868271032210528
5034,6280,6281,3,0,0.14789708036446478
5035,6281,6282,2,1,0.6121137635314563
5036,6282,6283,3,0,0.38332814666481657
5037,6283,6284,1,0,0.16072641403272225
5038,6285,6286,3,0,0.62120486810918429
5039,6286,6287,2,0,0.14784325202231766
5040,6288,6289,5,0,0.19868705442938689
5041,6289,6290,3,0,0.54239568194955534
5042,6290,6291,3,0,0.16465737964096655
5043,6291,6292,1,1,0.050382997123112366
5044,6292,6293,3,1,0.045431038193305379
5045,6293,6294,1,0,0.13654595500521291
5046,6294,6295,4,0,0.052786792977142151
5047,6295,6296,3,0,0.0078062329482213762
5048,6296,6297,2,0,0.12454405320040961
5049,6297,6298,5,0,0.095192573330978011
5050,6298,6299,1,0,0.057370571972088565
5051,6299,6300,3,0,0.11658276842412733
5052,6300,6301,4,0,0.67348830090042644
5053,6301,6302,5,0,0.18196776026075037
5054,6302,6303,1,0,0.086045377583584978
5055,6303,6304,1,0,0.054478590451640489
5056,6305,6306,1,1,0.60392755813854104
5057,6307,6308,4,0,0.049445886409551804
5058,6309,6310,3,0,0.12899235558709385
5059,6310,6311,4,0,0.30360287112652673
5060,6311,6312,1,0,0.13644388514369857
5061,6312,6313,2,1,0.3710274965553797
5062,6313,6314,1,0,0
5063,6316,6317,2,0,0.1644692884648134
5064,6317,6318,4,0,0.089122286699385642
5065,6318,6319,2,1,0.66351523255063005
5066,6320,6321,2,1,0.71016685387052736
5067,6321,6322,2,0,0.066039021057642255
5068,6322,6323,3,0,0.04737305002543743
5069,6323,6324,3,0,0.10301968268784593
5070,6324,6325,1,0,0.02921484313129567
5071,6325,6326,5,0,0.15673090025568817
5072,6326,6327,5,0,0.13645147291973594
5073,6327,6328,4,1,0.62161722164081223
5074,6329,6330,1,0,0.065425301758854207
5075,6330,6331,1,0,0.057928862121561481
5076,6331,6332,3,1,0.6802285469788798
5077,6332,6333,5,1,0.080036786730398657
5078,6333,6334,4,0,0.26043544557072806
5079,6336,6337,3,0,0.066495379943037738
5080,6338,6339,2,0,0.13686795824108575
5081,6339,6340,2,0,0.10741301271967646
5082,6340,6341,4,0,0.10306130606983892
5083,6342,6343,2,0,0.16269999311463329
5084,6343,6344,3,1,0.70253713803702111
5085,6344,6345,1,1,0.54690859072084708
5086,6345,6346,3,1,0.35462087776276452
5087,6346,6347,3,0,0.19667277311823358
5088,6348,6349,2,1,0.74351441313773092
5089,6349,6350,1,0,0.39786993871928533
5090,6350,6351,4,0,0.15787252278640529
5091,6356,6357,1,0,0.1111086915767409
5092,6357,6358,2,1,0.42628438974299904
5093,6358,6359,1,0,0.11886358541014234
5094,6359,6360,1,0,0.051837837113831789
5095,6360,6361,4,0,0.096807613972035744
5096,6361,6362,2,1,0.69993537462047362
5097,6362,6363,4,0,0.42486822143230923
5098,6363,6364,4,1,0.18442536847697635
5099,6364,6365,5,0,0.14809578434401371
5100,6365,6366,4,1,0.25782040574581572
5101,6367,6368,4,0,0.2195113627323062
5102,6368,6369,5,0,0.32784001841866367
5103,6369,6370,4,0,0.15471513718013782
5104,6371,6372,4,1,0.20323275982765773
5105,6372,6373,2,0,0.18548314438667041
5106,6375,6376,5,0,0.084769344768919994
5107,6376,6377,2,0,0.16394452942071819
5108,6377,6378,4,0,0.14237213265367826
5109,6378,6379,4,1,0.37170350420543286
5110,6379,6380,3,1,0.67686977400680626
5111,6380,6381,4,0,0.10659168102757637
5112,6381,6382,2,0,0.19263421199863759
5113,6383,6384,5,0,0.083713194288205922
5114,6384,6385,2,0,0.19428149512888832
5115,6387,6388,5,0,0.018468229711408816
5116,6388,6389,2,0,0.20789869000691799
5117,6389,6390,2,0,0.1685154415961822
5118,6391,6392,2,0,0.18448344825430354
5119,6392,6393,3,1,0.078740798884218755
5120,6393,6394,2,0,0.09102762818563627
5121,6394,6395,2,0,0.017064289492826314
5122,6396,6397,5,0,0.18793228351254357
5123,6398,6399,3,0,0.16688760162814142
5124,6399,6400,2,1,0.66198346067187863
5125,6400,6401,5,0,0.18441490371683544
5126,6401,6402,4,0,0.2394216927539185
5127,6402,6403,3,1,0.13892974614522799
5128,6404,6405,4,0,0.054713135261314091
5129,6405,6406,3,0,0.095010987751520962
5130,6406,6407,4,1,0.13036308469387356
5131,6407,6408,4,0,0.62227748655544468
5132,6408,6409,5,0,0.1859338005068171
5133,6409,6410,4,0,0.16296596714253367
5134,6410,6411,4,0,0.16512087644381485
5135,6412,6413,2,1,0.091490992686199826
5136,6413,6414,5,1,0.1748892366664643
5137,6415,6416,3,0,0.069797228199368552
5138,6416,6417,1,1,0.68342835610054431
5139,6417,6418,1,0,0.14500374362350885
5140,6418,6419,5,0,0.23556653126848232
5141,6419,6420,1,0,0.2040066490987606
5142,6420,6421,4,1,0.20601093327618325
5143,6421,6422,3,0,0.037608376910406562
5144,6422,6423,1,0,0.0079251849992080861
5145,6424,6425,4,0,0.040500710957683872
5146,6426,6427,2,1,0.66386106907461884
5147,6428,6429,1,1,0.5011900873569457
5148,6429,6430,2,1,0.12328421661233387
5149,6431,6432,2,0,0.136317243372681
5150,6432,6433,4,0,0.18694569441392439
5151,6433,6434,1,0,0.25010845657339892
5152,6434,6435,5,0,0.48317012442530211
5153,6435,6436,4,0,0.4502258667785522
5154,6437,6438,5,0,0.057772853198318923
5155,6438,6439,4,0,0.30638152248633971
5156,6439,6440,5,0,0.1654216955197208
5157,6440,6441,2,0,0.11594532762707911
5158,6441,6442,4,0,0.18043550863025712
5159,6443,6444,3,0,0.092439935007874202
5160,6444,6445,5,0,0.21032577568690691
5161,6445,6446,4,1,0.10098677349672704
5162,6446,6447,1,0,0.1652215645298975
5163,6447,6448,1,0,0.093787514636013786
5164,6448,6449,2,0,0.20340104572798423
5165,6449,6450,4,1,0.16085798751552613
5166,6452,6453,4,0,0.063597350889922563
5167,6453,6454,3,0,0.2436424703020956
5168,6454,6455,2,0,0.063131491466966408
5169,6456,6457,2,0,0.19123524826348887
5170,6457,6458,4,0,0.17546401454003913
5171,6458,6459,2,0,0.16307503103381191
5172,6459,6460,3,0,0.1812934887358256
5173,6460,6461,2,0,0.077594393665492298
5174,6461,6462,2,0,0.12580888987461281
5175,6462,6463,2,0,0.11736398887310313
5176,6464,6465,1,0,0.12752632768697272
5177,6465,6466,5,0,0.058492920339393753
5178,6466,6467,4,0,0
5179,6467,6468,3,0,0.11845620750073779
5180,6468,6469,5,0,0.067904333508434611
5181,6469,6470,5,0,0.13530986465550857
5182,6471,6472,3,0,0.01856019157793171
5183,6472,6473,4,0,0.12968949864004758
5184,6474,6475,3,0,0.31724450656296388
5185,6475,6476,5,1,0.3876232657782635
5186,6476,6477,3,0,0.095969976276065044
5187,6477,6478,2,0,0.054288431912736426
5188,6478,6479,5,1,0.1810065304500158
5189,6479,6480,2,0,0.27133944592014891
5190,6480,6481,1,0,0.12505030160615946
5191,6481,6482,4,0,0.37659226713017796
5192,6482,6483,4,0,0.10341595448296928
5193,6483,6484,2,1,0.21170798376398436
5194,6484,6485,5,0,0.17033110832071408
5195,6485,6486,4,0,0.2430442801958814
5196,6487,6488,1,1,0.13936735663857105
5197,6488,6489,3,0,0.15253576738370375
5198,6490,6491,1,0,0.1466614110257963
5199,6492,6493,3,1,0.76710999872725782
5200,6494,6495,4,0,0.11194431254338143
5201,6499,6500,4,0,0.21248744282582707
5202,6500,6501,4,1,0.33204123929046808
5203,6501,6502,5,0,0.04052822916284772
5204,6502,6503,2,0,0.16282847270026293
5205,6503,6504,1,0,0.28277542435494302
5206,6504,6505,2,0,0.07470603634683548
5207,6505,6506,4,1,0.19557104381840515
5208,6506,6507,1,0,0.4911859608462204
5209,6507,6508,3,0,0.15680597879249544
5210,6508,6509,5,0,0.019564950582245184
5211,6509,6510,4,1,0.81414067678913926
5212,6510,6511,2,0,0.07830742119731976
5213,6511,6512,5,0,0.17847501355237227
5214,6512,6513,1,1,0.40049225181884773
5215,6513,6514,5,0,0.30329043945742623
5216,6516,6517,4,0,0.14436966462943066
5217,6517,6518,3,0,0.35146067931663205
5218,6518,6519,2,1,0.1562072692985863
5219,6519,6520,3,0,0.30573873359239828
5220,6520,6521,1,1,0.13977462621747216
5221,6521,6522,2,1,0.1527108773972248
5222,6522,6523,2,0,0.23702636756022685
5223,6526,6527,4,0,0.34834386292205965
5224,6527,6528,2,0,0.6752594608435184
5225,6528,6529,1,1,0.07877556060986704
5226,6530,6531,1,1,0.50700524596686647
5227,6531,6532,2,0,0.25672449382993351
5228,6532,6533,1,0,0.16784871619015621
5229,6533,6534,3,0,0.19577850594328883
5230,6534,6535,4,0,0.05060793996025123
5231,6535,6536,1,0,0.098460056528655332
5232,6538,6539,4,0,0.18494408355337083
5233,6539,6540,3,1,0.38518505515664753
5234,6540,6541,3,1,0.72620697981958393
5235,6541,6542,2,0,0.25840730528690004
5236,6542,6543,5,0,0.061391250549296124
5237,6543,6544,1,0,0.13550442589558978
5238,6544,6545,1,0,0.058799037214414852
5239,6545,6546,4,0,0.22096524395993483
5240,6546,6547,3,0,0.17156730065891096
5241,6548,6549,4,0,0.096741067260913846
5242,6549,6550,2,0,0.097782530391697778
5243,6550,6551,4,1,0.47191241434769171
5244,6551,6552,4,1,0.032826846387177949
5245,6552,6553,3,1,0.074613634838433973
5246,6553,6554,4,0,0.15800888112459829
5247,6555,6556,1,0,0.50987465396895892
5248,6556,6557,3,1,0.80120418520903036
5249,6557,6558,1,1,0.32868114336434695
5250,6558,6559,4,0,0.15677997084234707
5251,6560,6561,4,0,0.045516122082061912
5252,6561,6562,5,0,0.39113248239304749
5253,6562,6563,2,0,0.066508294798835146
5254,6566,6567,2,1,0.24317019896606132
5255,6567,6568,5,0,0.088771949108436707
5256,6568,6569,1,0,0.087500190873068054
5257,6570,6571,1,0,0.31594564350098753
5258,6573,6574,3,0,0.16568015041395953
5259,6574,6575,2,0,0.055833287004843607
5260,6575,6576,1,1,0.25375363322212624
5261,6576,6577,1,0,0.18030778942065467
5262,6577,6578,1,0,0.054911935284413793
5263,6578,6579,3,0,0.11036741969513253
5264,6579,6580,5,1,0.56917316946050234
5265,6580,6581,2,0,0.078178384984759597
5266,6581,6582,3,1,0.71476659801105535
5267,6583,6584,4,1,0.2980269838352137
5268,6584,6585,2,0,0.098124507834039379
5269,6585,6586,3,0,0.56242876539263831
5270,6587,6588,5,0,0.077445135747153754
5271,6588,6589,2,0,0.048662742292957577
5272,6590,6591,4,0,0.13132352405256936
5273,6592,6593,1,0,0.032076762890447322
5274,6594,6595,3,0,0.1969269145042411
5275,6595,6596,1,0,0.58406712760668444
5276,6596,6597,3,0,0.24600268393415164
5277,6597,6598,2,0,0.02458108536077333
5278,6598,6599,1,0,0.12549918628057852
5279,6600,6601,3,0,0.59892994012467193
5280,6601,6602,3,0,0.058829569707470789
5281,6602,6603,3,0,0.14094382666035954
5282,6604,6605,1,0,0.25201320181773151
5283,6605,6606,5,0,0.053119645179696688
5284,6606,6607,2,0,0.023511954845734036
5285,6607,6608,3,0,0.58907398638326303
5286,6609,6610,2,0,0.056176649849474042
5287,6610,6611,4,0,0.085251085531531795
5288,6611,6612,4,0,0.067483192980806128
5289,6612,6613,5,0,0.26208950718015001
5290,6613,6614,3,0,0.15237260035806158
5291,6614,6615,4,0,0.030645017441506033
5292,6615,6616,1,1,0.19708207647837772
5293,6616,6617,3,0,0.10724968538778869
5294,6617,6618,3,0,0.54781391769145438
5295,6618,6619,3,0,0.046923415612304439
5296,6619,6620,2,0,0.10840786485012791
5297,6620,6621,4,0,0.068838420095172825
5298,6622,6623,5,0,0.038872604803177627
5299,6623,6624,5,1,0.46040683008661221
5300,6624,6625,3,0,0.19586579122793893
5301,6625,6626,1,0,0.16718204304000606
5302,6626,6627,2,0,0.01044056102877193
5303,6627,6628,3,0,0.70046887692970305
5304,6628,6629,2,0,0.069793193361577063
5305,6629,6630,5,1,0.72585497512226616
5306,6630,6631,4,0,0.099425353292464894
5307,6631,6632,3,0,0.054992870323491538
5308,6632,6633,2,0,0.24231060370706337
5309,6634,6635,1,0,0.15199477118891963
5310,6635,6636,4,1,0.55047032212367197
5311,6636,6637,4,1,0.7480414608105268
5312,6637,6638,4,0,0.03691030196489687
5313,6638,6639,1,0,0.18614144951353079
5314,6639,6640,4,1,0.3105198621468262
5315,6640,6641,5,1,0.11492260275306909
5316,6641,6642,5,0,0.10843892687850384
5317,6642,6643,1,0,0.32006036973563318
5318,6643,6644,2,0,0.21232791800466463
5319,6644,6645,4,0,0.13752604219032413
5320,6645,6646,2,1,0.69143990145636613
5321,6646,6647,1,0,0.09341439662268064
5322,6647,6648,5,0,0.68089685387915944
5323,6648,6649,2,0,0.23092075446807767
5324,6649,6650,5,0,0.092351768193058459
5325,6650,6651,2,0,0.15248194834288389
5326,6651,6652,1,0,0.10566069121707421
5327,6652,6653,1,0,0.047876694186360674
5328,6658,6659,3,1,0.17327183345385747
5329,6659,6660,3,0,0.52442994558935774
5330,6660,6661,3,0,0.05701989888366827
5331,6661,6662,5,0,0.090283277664271369
5332,6662,6663,3,1,0.12887063791180545
5333,6663,6664,4,0,0.12893605426210467
5334,6664,6665,3,0,0.18272277743261439
5335,6666,6667,1,1,0.45653228441528543
5336,6667,6668,1,0,0.63997708136651354
5337,6668,6669,2,0,0.13287839976399193
5338,6669,6670,4,0,0.097346755928653453
5339,6671,6672,2,0,0.26917052316139006
5340,6672,6673,3,0,0.15674987319637043
5341,6673,6674,1,0,0.62029367270196079
5342,6674,6675,1,0,0.045006253757314783
5343,6675,6676,5,0,0.19857247651079588
5344,6676,6677,5,0,0.16182737744950362
5345,6677,6678,3,0,0.46001484382460972
5346,6679,6680,5,0,0.23343284343381548
5347,6680,6681,5,0,0.06222434259538337
5348,6681,6682,3,0,0.093986854167116135
5349,6682,6683,2,1,0.41667186999878864
5350,6683,6684,1,1,0.39899486436494686
5351,6684,6685,3,0,0.027822691239168792
5352,6685,6686,5,0,0.020354239674998841
5353,6686,6687,3,1,0.66851606665763641
5354,6687,6688,2,1,0.64218774271199264
5355,6688,6689,2,0,0.36440241079217522
5356,6689,6690,3,0,0.099556365946653472
5357,6690,6691,5,0,0.079557951665207863
5358,6691,6692,1,0,0.060757469500254305
5359,6692,6693,5,0,0.11404680465827373
5360,6693,6694,5,0,0.083917896848774653
5361,6695,6696,2,0,0.19798858421580978
5362,6696,6697,5,0,0.11850733891379982
5363,6697,6698,1,0,0.075356711140968466
5364,6698,6699,1,0,0.075995473440067809
5365,6700,6701,1,1,0.65897168505603121
5366,6701,6702,3,0,0.13410623834226729
5367,6702,6703,2,1,0.66498791494640286
5368,6703,6704,2,0,0.10683321951712964
5369,6704,6705,1,0,0.16686368502195595
5370,6705,6706,5,0,0.13175135170187452
5371,6706,6707,4,0,0.22476649691235842
5372,6707,6708,4,0,0.16494540816585881
5373,6708,6709,4,0,0.60911606099568871
5374,6709,6710,4,0,0.12270214782231452
5375,6710,6711,5,0,0.17479679075583976
5376,6712,6713,2,0,0.15206376504208405
5377,6713,6714,4,0,0.017306199653926706
5378,6714,6715,2,0,0.25506968488008708
5379,6715,6716,4,0,0.16413550484231454
5380,6716,6717,4,0,0.14344468645420436
5381,6718,6719,1,0,0.18867576803091543
5382,6719,6720,3,1,0.085526783942784235
5383,6720,6721,5,0,0.075315147721019896
5384,6721,6722,3,0,0.21654491326590317
5385,6723,6724,2,1,0.68355514706918841
5386,6725,6726,3,1,0.42003284126344653
5387,6726,6727,4,1,0.710430210320939
5388,6727,6728,4,0,0.11609186374285711
5389,6728,6729,5,0,0.13385109710972865
5390,6730,6731,2,0,0.10178061003922456
5391,6733,6734,3,0,0.21429648941845122
5392,6735,6736,4,0,0.12901196204182738
5393,6739,6740,1,0,0.26933460468271553
5394,6740,6741,1,0,0.23865943559546238
5395,6741,6742,1,0,0.26753575052758582
5396,6742,6743,1,0,0.048262919261686285
5397,6743,6744,4,0,0.13493255387251271
5398,6746,6747,4,0,0.17587378256584699
5399,6748,6749,3,1,0.090093381377249274
5400,6749,6750,2,0,0.15169875778915248
5401,6753,6754,1,1,0.56868164558612799
5402,6754,6755,1,0,0.12812457145099823
5403,6755,6756,4,1,0.13872097904804398
5404,6756,6757,1,0,0.17431218679013558
5405,6757,6758,5,0,0.1577823530928856
5406,6758,6759,4,1,0.26535743482143365
5407,6760,6761,5,0,0.071566169785104203
5408,6762,6763,1,0,0.31967548205497398
5409,6763,6764,4,0,0.16090213968322448
5410,6764,6765,5,0,0.094406943230779583
5411,6765,6766,1,0,0.026399090986192551
5412,6766,6767,3,0,0.067112312299805063
5413,6767,6768,2,1,0.063034357302069438
5414,6768,6769,4,0,0.048398128080258236
5415,6769,6770,2,0,0.12683534667775992
5416,6770,6771,2,0,0.14187778970192563
5417,6771,6772,4,0,0.27630233765531925
5418,6772,6773,1,0,0.10881685061458567
5419,6773,6774,1,1,0.17945148438392614
5420,6774,6775,1,0,0.150902431140992
5421,6775,6776,4,0,0.049618510888804604
5422,6776,6777,1,0,0.15877167791000743
5423,6777,6778,1,0,0.24131567420789676
5424,6778,6779,4,0,0.0088998326004199758
5425,6779,6780,3,0,0.090496122425211933
5426,6780,6781,5,0,0.12804188278210199
5427,6782,6783,3,0,0.40127854583382938
5428,6783,6784,5,1,0.63057978246709734
5429,6784,6785,5,0,0.37040034274271783
5430,6785,6786,2,0,0
5431,6786,6787,4,0,0.052404700414657786
5432,6787,6788,3,0,0.071180041307754585
5433,6788,6789,4,0,0.22254044307040949
5434,6790,6791,1,0,0.17044549108340157
5435,6792,6793,2,0,0.50587430014495405
5436,6794,6795,3,0,0.066805165488058649
5437,6795,6796,4,0,0.31521713063527673
5438,6796,6797,1,0,0.21441677192603648
5439,6797,6798,5,0,0.058980898346751492
5440,6798,6799,5,0,0.030039563859327396
5441,6799,6800,1,1,0.20883674493660406
5442,6800,6801,3,1,0.61103576510731838
5443,6801,6802,1,0,0.11368122610000704
5444,6802,6803,2,0,0.056200483955552001
5445,6804,6805,4,0,0.36885302861814662
5446,6805,6806,1,0,0.075680369638464667
5447,6806,6807,4,1,0.22823013550354773
5448,6807,6808,3,0,0.15337350747779713
5449,6809,6810,5,0,0.10805153820226136
5450,6811,6812,3,0,0.037654051940115632
5451,6812,6813,1,0,0.083338059329356895
5452,6813,6814,1,0,0.081696764851279302
5453,6814,6815,1,0,0.13130160587168202
5454,6815,6816,5,0,0.11394830176956192
5455,6817,6818,5,0,0.025556338458684734
5456,6818,6819,4,0,0.052698616792018121
5457,6820,6821,3,1,0.062681706489692471
5458,6822,6823,3,0,0.038973812656896166
5459,6823,6824,1,1,0.13252616271221804
5460,6824,6825,3,0,0.11673938184900759
5461,6825,6826,3,0,0.11486898337072252
5462,6826,6827,5,0,0.27533362224967523
5463,6827,6828,5,1,0.71126906557102676
5464,6828,6829,5,1,0.54888902433133746
5465,6829,6830,2,1,0.096780128508979851
5466,6830,6831,2,0,0.1156017743596045
5467,6831,6832,5,0,0.063916376687946599
5468,6832,6833,4,0,0.73279857258033376
5469,6833,6834,1,1,0.52755673251143387
5470,6836,6837,5,0,0.16968117898702234
5471,6837,6838,2,1,0.54099036539217438
5472,6838,6839,2,1,0.71283067020890845
5473,6839,6840,4,0,0.088865228728493381
5474,6840,6841,1,0,0.40434765180329524
5475,6841,6842,4,0,0.06821820880545941
5476,6842,6843,2,0,0.59917042122906949
5477,6843,6844,5,1,0.153708361842292
5478,6844,6845,2,0,0.028613886251131503
5479,6845,6846,5,1,0.18048164568203787
5480,6846,6847,3,0,0.1433852925054388
5481,6847,6848,1,0,0
5482,6848,6849,3,0,0.062977445753746933
5483,6850,6851,3,0,0.13589389740677649
5484,6851,6852,2,1,0.094775906147303274
5485,6852,6853,1,1,0.073980095190183448
5486,6854,6855,3,1,0.62429482525405544
5487,6855,6856,5,0,0.310748543902926
5488,6856,6857,1,0,0.035371124711125537
5489,6859,6860,1,0,0.037283703490992214
5490,6860,6861,5,0,0.070856417682145928
5491,6861,6862,5,1,0.58737639458274937
5492,6862,6863,2,0,0.044570246630035247
5493,6863,6864,5,0,0.32867205930074295
5494,6864,6865,3,0,0.032898600227083311
5495,6865,6866,3,0,0.065476711694136991
5496,6866,6867,4,0,0.018276145312863132
5497,6868,6869,1,0,0.1265472626617738
5498,6869,6870,4,0,0.020085660222180529
5499,6870,6871,3,0,0.35472769817955591
5500,6871,6872,2,0,0.046249891283300121
5501,6873,6874,1,0,0.22750031643638111
5502,6874,6875,1,1,0.13658114096435894
5503,6876,6877,5,0,0.057417800566008405
5504,6877,6878,1,0,0
5505,6878,6879,1,0,0.10226197739119405
5506,6879,6880,1,0,0.11777372146787311
5507,6880,6881,3,0,0.087889959125803663
5508,6881,6882,2,0,0.19034720251133364
5509,6883,6884,5,0,0.14864446942783699
5510,6884,6885,5,1,0.67740020687679647
5511,6885,6886,2,0,0.073174792475063172
5512,6886,6887,5,0,0.23988247348612116
5513,6887,6888,2,0,0.3133702347074554
5514,6888,6889,2,0,0.21970000228456577
5515,6889,6890,4,0,0.15229826448335373
5516,6890,6891,1,0,0.061014735620393293
5517,6891,6892,2,0,0.035873491225470788
5518,6892,6893,3,0,0.11193117316844234
5519,6893,6894,1,1,0.61191902880347049
5520,6895,6896,2,0,0.19941857601925692
5521,6896,6897,4,1,0.65049894483176418
5522,6897,6898,2,1,0.6271505268979507
5523,6899,6900,4,0,0.35523679250867785
5524,6900,6901,2,0,0.052110766113703938
5525,6901,6902,1,0,0.058327490215118773
5526,6903,6904,4,1,0.14403272401416037
5527,6904,6905,3,0,0.084935790936253933
5528,6905,6906,4,1,0.60148316684483061
5529,6906,6907,1,0,0.096256752774402973
5530,6909,6910,2,1,0.67320912531017996
5531,6910,6911,5,0,0.1557595417197741
5532,6911,6912,4,0,0.04078907516141498
5533,6912,6913,4,0,0.10885986936993187
5534,6913,6914,2,0,0.20151176929312845
5535,6914,6915,4,1,0.69949356241612071
5536,6915,6916,5,0,0.051062360054288727
5537,6916,6917,2,1,0.68794016750990916
5538,6917,6918,4,1,0.7103418687908799
5539,6918,6919,5,0,0.10943727274895662
5540,6919,6920,4,0,0.038808345812601314
5541,6921,6922,2,0,0.16032379506077604
5542,6922,6923,1,0,0.18201342983223012
5543,6923,6924,3,0,0.031102600124360509
5544,6924,6925,5,0,0.26192465582300889
5545,6925,6926,1,1,0.29376541639408688
5546,6926,6927,5,1,0.6681246923007198
5547,6927,6928,1,0,0.043143645875436037
5548,6929,6930,4,1,0.66998609431651046
5549,6930,6931,1,0,0.25400295560257719
5550,6931,6932,5,0,0.0096571762322534352
5551,6932,6933,5,1,0
5552,6934,6935,3,0,0.066857343537584463
5553,6935,6936,4,0,0.047213336812688723
5554,6936,6937,4,0,0.018402805235063997
5555,6937,6938,3,0,0.63252485253523183
5556,6939,6940,3,0,0.10634243705578325
5557,6940,6941,1,0,0.037822114794126449
5558,6941,6942,3,0,0.11707599080398796
5559,6943,6944,1,0,0.040714352628452535
5560,6944,6945,4,1,0.17380529407716491
5561,6945,6946,3,1,0.30687039105077613
5562,6947,6948,5,0,0.074457575447378452
5563,6948,6949,1,0,0.13280204955555613
5564,6949,6950,5,1,0.12000333432242893
5565,6950,6951,3,0,0.34372885529857478
5566,6952,6953,4,0,0.13301794568576278
5567,6953,6954,5,0,0.11710656079698908
5568,6954,6955,1,1,0.43613054319941547
5569,6955,6956,3,0,0.017592874918155484
5570,6956,6957,4,0,0.14227366637915639
5571,6957,6958,3,1,0.66068730500714301
5572,6958,6959,1,0,0.17337668565206016
5573,6960,6961,3,0,0.23753826983870235
5574,6962,6963,3,1,0.25240362660190874
5575,6963,6964,1,1,0.69280571472970209
5576,6964,6965,3,0,0.12541429670575566
5577,6965,6966,3,0,0.16804050318555863
5578,6966,6967,2,0,0.30773754039066825
5579,6967,6968,4,0,0.059181111647861412
5580,6968,6969,4,1,0.18091674962273585
5581,6970,6971,4,0,0.11576291202693312
5582,6971,6972,4,0,0.12839962856141424
5583,6972,6973,5,0,0.17838074958894429
5584,6973,6974,1,0,0.57558740715441736
5585,6974,6975,5,0,0.040124222111835924
5586,6975,6976,3,0,0.74185295394235296
5587,6976,6977,5,0,0.10059485448262202
5588,6978,6979,5,0,0.34637161807333139
5589,6979,6980,3,0,0.058654477016389817
5590,6980,6981,3,0,0.0081944628349137662
5591,6981,6982,5,1,0.21843278141650355
5592,6982,6983,3,0,0.10442941794643056
5593,6983,6984,2,0,0.12593738027691767
5594,6984,6985,5,1,0.18717051963347892
5595,6986,6987,1,0,0.24001877513297154
5596,6987,6988,3,0,0.19418811635161434
5597,6991,6992,1,0,0.2313297785824184
5598,6993,6994,5,0,0.27125871562049569
5599,6994,6995,5,0,0.59496214990978569
5600,6996,6997,2,0,0.73557619683288622
5601,6998,6999,3,0,0.060751888667932644
5602,6999,7000,2,1,0.65565484525355289
5603,7000,7001,5,0,0.09405711056787544
5604,7003,7004,1,0,0.1899164936748681
5605,7005,7006,4,0,0.096012118736307842
5606,7008,7009,5,0,0.25496809108508089
5607,7011,7012,5,0,0.062959020531197576
5608,7012,7013,4,0,0.07428506014361054
5609,7013,7014,5,0,0.13108753780156421
5610,7014,7015,5,0,0.13006597153832827
5611,7015,7016,3,0,0.027147995401168329
5612,7016,7017,5,1,0.037777513404018831
5613,7018,7019,1,0,0.03063651678693196
5614,7019,7020,3,0,0.19604829760611825
5615,7020,7021,3,0,0.051605575639362272
5616,7021,7022,1,0,0.10490971755166137
5617,7022,7023,5,1,0.69157722429096025
5618,7025,7026,4,1,0.16249691113162792
5619,7026,7027,3,0,0.047361996311561454
5620,7027,7028,1,0,0.19431729347645121
5621,7028,7029,3,1,0.32851503337742682
5622,7029,7030,5,0,0.21071687876973821
5623,7030,7031,3,0,0.081713118676413024
5624,7031,7032,3,0,0.13706637894545709
5625,7033,7034,2,0,0.051992775398960855
5626,7034,7035,4,0,0.19922844209937524
5627,7035,7036,2,0,0.16430587186194687
5628,7036,7037,4,0,0.19388989941136747
5629,7037,7038,5,0,0.74148470517394904
5630,7040,7041,2,0,0.036010099306847898
5631,7041,7042,1,0,0.12911220657041744
5632,7042,7043,3,0,0.32449425474463578
5633,7043,7044,5,0,0.16851409517799565
5634,7044,7045,3,0,0.22380012357354132
5635,7046,7047,4,0,0.53639099115455813
5636,7047,7048,3,1,0.23503820881830273
5637,7049,7050,2,0,0.15602681983467639
5638,7050,7051,5,1,0.10962987681838465
5639,7051,7052,1,0,0.14435346188825757
5640,7052,7053,4,1,0.09521330325153278
5641,7053,7054,5,1,0.69934674459996504
5642,7055,7056,4,1,0.64635478268648294
5643,7056,7057,3,1,0.67760940562547101
5644,7057,7058,5,0,0.036767165985886002
5645,7059,7060,2,0,0.53851769710762842
5646,7061,7062,4,1,0.51913844526971442
5647,7062,7063,5,0,0.11311732572448441
5648,7063,7064,2,0,0.1912926189330981
5649,7064,7065,1,1,0.21355909933176745
5650,7065,7066,2,0,0.092414285471735316
5651,7066,7067,1,0,0.21143797936027919
5652,7068,7069,5,1,0.72526809842007534
5653,7069,7070,2,0,0.26903478177406287
5654,7071,7072,3,0,0.55796365777568635
5655,7073,7074,2,1,0.71798635629781715
5656,7074,7075,5,0,0.063726809683485638
5657,7075,7076,2,0,0.087619527866331273
5658,7076,7077,2,0,0.11411579793897099
5659,7077,7078,3,0,0.1337519175423891
5660,7078,7079,4,0,0.02184355517087623
5661,7079,7080,5,0,0.25674462746502219
5662,7080,7081,5,0,0.36281204658952421
5663,7081,7082,2,1,0.059157792625124841
5664,7082,7083,3,1,0.53490695590385529
5665,7083,7084,2,0,0.086057357422159503
5666,7084,7085,3,0,0.13688251781868382
5667,7085,7086,5,1,0.20654447156327088
5668,7086,7087,5,0,0.38976419236883664
5669,7087,7088,1,1,0.12807690499352489
5670,7089,7090,2,1,0.027439161529453263
5671,7093,7094,5,0,0.68359722551695001
5672,7095,7096,2,0,0.24012240642165736
5673,7096,7097,3,0,0.29553619731979353
5674,7097,7098,4,0,0.090115671346006496
5675,7098,7099,1,0,0.099078261260764813
5676,7099,7100,1,0,0.14091269410498086
5677,7100,7101,3,0,0.087417400451885202
5678,7101,7102,3,0,0.08556997657606033
5679,7102,7103,4,0,0.1158142580499463
5680,7104,7105,1,0,0.075209918946315957
5681,7105,7106,3,0,0.17076124904751938
5682,7106,7107,1,0,0.3785685074032295
5683,7107,7108,2,0,0.22019780632371194
5684,7108,7109,3,0,0.17498187635161314
5685,7109,7110,5,0,0.22105528371923824
5686,7110,7111,2,0,0.088963586586855284
5687,7111,7112,4,0,0.095641640528666957
5688,7112,7113,1,1,0.24360631734732263
5689,7113,7114,5,0,0.016952972728023222
5690,7115,7116,1,0,0.15018736086835008
5691,7116,7117,2,0,0.06715731807073072
5692,7117,7118,2,0,0.22484905397662006
5693,7118,7119,5,1,0.68486822735598951
5694,7119,7120,1,0,0.099186844474507804
5695,7120,7121,2,0,0.18501272239778124
5696,7123,7124,4,0,0.10502409543154556
5697,7124,7125,3,1,0.078720553933563198
5698,7125,7126,2,0,0.029460156987691895
5699,7127,7128,5,0,0.040522060784131821
5700,7128,7129,5,1,0.035434355543760773
5701,7129,7130,5,0,0.093790682001632028
5702,7130,7131,3,1,0.61591119884341494
5703,7133,7134,2,0,0.12133434230646559
5704,7134,7135,3,1,0.70774285813960447
5705,7135,7136,4,0,0.14545672731200698
5706,7136,7137,5,0,0.092266766160919472
5707,7137,7138,4,1,0.81147835878256624
5708,7139,7140,4,0,0.086713896268048318
5709,7140,7141,4,0,0.1118064365758098
5710,7141,7142,3,0,0.098157823954866316
5711,7142,7143,4,0,0.189012656360356
5712,7144,7145,2,1,0.65714557615909852
5713,7145,7146,5,0,0.68028469962051585
5714,7147,7148,5,0,0.098867929749143352
5715,7148,7149,4,0,0.33239815194651817
5716,7149,7150,2,0,0.28371646152053087
5717,7150,7151,4,0,0.18639771306054873
5718,7151,7152,3,1,0.087735429042826135
5719,7152,7153,3,0,0.029759345546574272
5720,7155,7156,4,0,0.13047691576751547
5721,7157,7158,2,0,0.32879941894427878
5722,7158,7159,2,0,0.036465114092049451
5723,7159,7160,1,0,0.048730784463315586
5724,7160,7161,3,0,0.040715707572396995
5725,7163,7164,1,0,0.21720663196683185
5726,7164,7165,1,1,0.32196228687650658
5727,7165,7166,3,0,0.15173576937378111
5728,7166,7167,3,0,0.057465471806840022
5729,7168,7169,5,1,0.26835424017033377
5730,7170,7171,1,0,0
5731,7172,7173,5,0,0.15476705308649752
5732,7173,7174,2,0,0.19285759826761686
5733,7175,7176,3,0,0.038671494072329157
5734,7176,7177,3,0,0.13813434296280719
5735,7177,7178,5,1,0.50797705310474639
5736,7178,7179,1,0,0.16458950451368276
5737,7179,7180,4,0,0.40458926353720159
5738,7180,7181,4,0,0.13730842780335539
5739,7181,7182,2,0,0.23450045287750879
5740,7182,7183,1,1,0.65443903163709671
5741,7183,7184,5,0,0.11982291273977903
5742,7184,7185,2,0,0.4296346106939129
5743,7185,7186,2,0,0.18273634107005415
5744,7186,7187,2,0,0.09709435901996688
5745,7188,7189,1,0,0.11806815788318584
5746,7189,7190,2,0,0.03042821670937752
5747,7191,7192,2,0,0.18239016645012865
5748,7192,7193,2,1,0.52291186781567212
5749,7193,7194,1,1,0.21901715368731905
5750,7196,7197,4,0,0.19182442416475393
5751,7198,7199,2,0,0.17655787587235808
5752,7199,7200,5,0,0.0084027092030447142
5753,7200,7201,3,0,0.20738928896210981
5754,7201,7202,1,0,0.19175406926808586
5755,7202,7203,4,0,0.19167263895592801
5756,7203,7204,1,0,0.19522889649428057
5757,7204,7205,3,0,0.12639414173676589
5758,7205,7206,2,1,0.21875917187201618
5759,7207,7208,1,0,0.12175063306272269
5760,7208,7209,4,0,0.22215483621280757
5761,7209,7210,5,0,0.066914211447193755
5762,7210,7211,1,0,0.048191499637592741
5763,7211,7212,3,0,0.13299642244367618
5764,7212,7213,4,1,0.14664302329146373
5765,7213,7214,5,0,0.37061718047059439
5766,7214,7215,5,0,0.56366398646843896
5767,7215,7216,1,1,0.75242521546762564
5768,7216,7217,2,1,0.62057089560919854
5769,7217,7218,5,1,0.16234770511893423
5770,7218,7219,3,0,0.11608626176682409
5771,7219,7220,4,1,0.13546804117563785
5772,7220,7221,4,0,0.10226152239914403
5773,7221,7222,5,0,0.099322457702400335
5774,7222,7223,1,0,0.068342788080721514
5775,7223,7224,3,0,0.37706824772402858
5776,7224,7225,3,0,0.17903092351026834
5777,7225,7226,1,0,0.0083544358491171068
5778,7226,7227,5,0,0.059133319498923885
5779,7227,7228,5,1,0.046983155744724565
5780,7228,7229,4,1,0.040218728533489449
5781,7229,7230,4,0,0.10566931573659971
5782,7230,7231,1,0,0.24743229348174822
5783,7233,7234,2,0,0.23625408036987705
5784,7234,7235,2,0,0.15675968205887528
5785,7236,7237,3,0,0.076656713074819582
5786,7237,7238,3,1,0.080211726830564725
5787,7238,7239,4,1,0.22088062248878895
5788,7239,7240,4,1,0.59331336888283293
5789,7241,7242,5,0,0.03777088807370671
5790,7243,7244,5,1,0.1562681959895254
5791,7244,7245,5,1,0.22168823348641731
5792,7245,7246,3,0,0.13153262683436592
5793,7247,7248,5,1,0.62834709264069366
5794,7248,7249,2,0,0.68139161138346926
5795,7249,7250,2,1,0.1760726191702765
5796,7250,7251,2,1,0.34938219334573067
5797,7251,7252,1,0,0.23164127266345291
5798,7252,7253,3,0,0.13558082575031866
5799,7253,7254,4,0,0.53353255297971092
5800,7256,7257,1,0,0.11959749801914284
5801,7258,7259,2,0,0.11635242481255911
5802,7260,7261,4,0,0.037008799739710802
5803,7261,7262,2,0,0.40308398363796938
5804,7262,7263,5,0,0.18951212282273738
5805,7263,7264,1,0,0.35971580418366789
5806,7264,7265,4,1,0.20283262476080377
5807,7266,7267,4,0,0.99999346131250189
5808,7267,7268,1,0,0.12647902617202283
5809,7270,7271,1,1,0.85802864082446562
5810,7271,7272,2,0,0.03594540827879484
5811,7272,7273,5,1,0.57154249963473125
5812,7273,7274,4,0,0.15351591900134101
5813,7274,7275,1,0,0.19995008846104834
5814,7275,7276,2,0,0.29467146105942421
5815,7276,7277,5,0,0.52649775839021373
5816,7277,7278,3,1,0.52248685744976886
5817,7278,7279,1,0,0.079852714977002415
5818,7279,7280,1,0,0.064380509074000808
5819,7280,7281,4,0,0.026453247523558768
5820,7281,7282,3,0,0.065582307892896916
5821,7283,7284,5,1,0.33057010426858557
5822,7285,7286,3,0,0.086973563020867756
5823,7286,7287,5,0,0.099247947778941331
5824,7287,7288,4,0,0.15650680336135803
5825,7290,7291,5,0,0.12771529689270081
5826,7291,7292,3,1,0.72583763341141694
5827,7292,7293,5,0,0.15592318335487379
5828,7293,7294,3,0,0.10781116309317203
5829,7294,7295,5,0,0.067707169959674837
5830,7295,7296,5,0,0.075933677691363971
5831,7296,7297,5,0,0.20672528994239317
5832,7299,7300,5,0,0.073429851332788468
5833,7300,7301,3,0,0.067398827199399117
5834,7301,7302,5,0,0.14659111955831344
5835,7302,7303,5,0,0.077982419958869717
5836,7303,7304,2,0,0.15237349179286694
5837,7305,7306,5,0,0.18639433030646022
5838,7306,7307,1,0,0.15980231548438867
5839,7307,7308,5,1,0.62118040010790621
5840,7308,7309,4,0,0.17088546552606726
5841,7309,7310,5,0,0.22535787460627824
5842,7310,7311,4,1,0.72425378278278008
5843,7311,7312,5,0,0.078531608385168261
5844,7312,7313,2,0,0.049724317384351457
5845,7315,7316,4,0,0.14864289296278238
5846,7317,7318,2,0,0.17775802359476564
5847,7318,7319,5,0,0.053219075358373814
5848,7320,7321,1,0,0.047171770605993306
5849,7322,7323,2,1,0.66819996402906878
5850,7323,7324,5,0,0.033621652472868468
5851,7324,7325,2,0,0.15175884973611137
5852,7325,7326,2,0,0.049185730400216975
5853,7327,7328,4,1,0.095631494551781618
5854,7328,7329,5,0,0.10713984803535335
5855,7329,7330,4,1,0.21253264631357871
5856,7330,7331,5,0,0.04851855645806516
5857,7331,7332,5,1,0.58396215941405671
5858,7334,7335,2,0,0.34988974209659934
5859,7335,7336,4,0,0.15001868418881123
5860,7336,7337,2,0,0.15077480500399651
5861,7337,7338,5,1,0.152592430529044
5862,7338,7339,2,1,0.65146002424099236
5863,7339,7340,1,1,0.71933156808017518
5864,7340,7341,1,0,0.023859793543283433
5865,7342,7343,4,0,0.26411885909513116
5866,7343,7344,1,0,0.032887612860024756
5867,7344,7345,3,0,0.25808360459506646
5868,7345,7346,3,0,0.12072017275710549
5869,7347,7348,3,0,0.057147074498209625
5870,7348,7349,2,0,0.1300662679380174
5871,7349,7350,2,1,0.69100291805836034
5872,7350,7351,4,0,0.064310607433900199
5873,7351,7352,4,0,0.46887475315738303
5874,7352,7353,2,0,0.16962079980870914
5875,7354,7355,4,0,0.16018131141185599
5876,7355,7356,4,0,0.15698200903378434
5877,7356,7357,1,1,0.070679586380566026
5878,7357,7358,2,1,0.098387092954799638
5879,7359,7360,2,0,0.19880416422713026
5880,7360,7361,5,0,0.29125399863694257
5881,7361,7362,1,0,0.10216651188706173
5882,7362,7363,1,0,0.03269364235230094
5883,7363,7364,3,0,0.10488791741523208
5884,7364,7365,1,1,0.12894543036586512
5885,7365,7366,3,0,0.077804176240722361
5886,7366,7367,5,0,0
5887,7367,7368,3,0,0.11007852825606272
5888,7368,7369,2,1,0.71623569395427378
5889,7370,7371,1,1,0.18407325453729895
5890,7371,7372,1,0,0.25270855062528191
5891,7373,7374,5,1,5.9972600331553267e-06
5892,7375,7376,1,0,0.69270552963835152
5893,7377,7378,4,0,0.65770924881494874
5894,7378,7379,1,0,0.059217404509416614
5895,7379,7380,5,0,0.10585093289544951
5896,7380,7381,4,0,0.048810005951044538
5897,7381,7382,2,1,0.094758506408108081
5898,7382,7383,4,0,0.16139030061020268
5899,7383,7384,5,0,0.49328102644143867
5900,7384,7385,3,0,0.098764610214737689
5901,7385,7386,2,0,0.10468867098622411
5902,7386,7387,4,1,0.39065350598864557
5903,7387,7388,5,0,0.12750385373667161
5904,7388,7389,4,0,0.089119300756895864
5905,7389,7390,2,0,0.019854377770591892
5906,7391,7392,5,0,0.22888885252159352
5907,7392,7393,3,0,0.21108171426241237
5908,7394,7395,3,1,0.82230891460497157
5909,7395,7396,2,0,0.089620754996378837
5910,7396,7397,1,1,0.29032148183557693
5911,7397,7398,4,1,0.46989767395153514
5912,7398,7399,3,0,0.16748258759290865
5913,7399,7400,1,1,0.69806420889267995
5914,7403,7404,3,0,0.097167282924389919
5915,7405,7406,4,0,0.25136216335934569
5916,7406,7407,2,1,0.14380549109450419
5917,7407,7408,1,0,0.13410856320471104
5918,7408,7409,3,1,0.72953538631707693
5919,7409,7410,1,0,0.15452255512709923
5920,7411,7412,4,0,0.1181500624735701
5921,7413,7414,2,0,0.20181767270268788
5922,7414,7415,4,1,0.36317189285097734
5923,7415,7416,3,0,0.32830842853733783
5924,7417,7418,1,0,0.15422530632788581
5925,7419,7420,3,0,0.25341680940466643
5926,7421,7422,2,0,0.11695389545116627
5927,7422,7423,1,0,0.37188165535793027
5928,7423,7424,1,0,0.12482907400070499
5929,7424,7425,3,0,0.15925964248833185
5930,7425,7426,3,0,0.32874621864918008
5931,7426,7427,2,0,0.064618641817910202
5932,7427,7428,1,1,0.40319197832263193
5933,7428,7429,4,0,0.070395740118090966
5934,7429,7430,1,1,0.15944810842989857
5935,7430,7431,1,0,0.20131971390784392
5936,7431,7432,4,0,0.13604681779419253
5937,7432,7433,1,0,0.10203309584415363
5938,7434,7435,4,0,0.074505046167485281
5939,7435,7436,2,1,0.13020985679976385
5940,7437,7438,2,0,0.13484824681263996
5941,7439,7440,4,1,0.25200658629678874
5942,7440,7441,4,0,0.057941364403365843
5943,7442,7443,4,0,0.19473184621191997
5944,7443,7444,3,1,0.66425900003137706
5945,7445,7446,5,0,0.10172724971156688
5946,7446,7447,3,0,0.071438761647241958
5947,7447,7448,1,1,0.66860204668802892
5948,7449,7450,3,0,0.11463772713447733
5949,7450,7451,1,1,0.05653511610075871
5950,7451,7452,4,0,0.35258935707079631
5951,7452,7453,5,1,0.43168802652486332
5952,7454,7455,5,0,0.094404343539487234
5953,7455,7456,4,1,0.39017812030484561
5954,7456,7457,4,0,0.045626764310982365
5955,7457,7458,4,0,0.043120398127707731
5956,7458,7459,2,0,0.31763757727495812
5957,7459,7460,4,0,0.035802646094339675
5958,7461,7462,1,0,0.17619913929247077
5959,7462,7463,3,0,0.14797643855628051
5960,7464,7465,2,0,0.18904751074784754
5961,7465,7466,1,1,0.09188702924408701
5962,7467,7468,1,0,0.025037055981129541
5963,7468,7469,2,1,0.68204534139247031
5964,7469,7470,3,0,0.015259140999447349
5965,7470,7471,3,0,0.097475496415948479
5966,7472,7473,4,0,0.20145131610702185
5967,7473,7474,1,0,0.25710116143866046
5968,7474,7475,4,1,0.59300384358685243
5969,7475,7476,3,0,0.29586934918170016
5970,7478,7479,1,0,0.092180759235788237
5971,7479,7480,5,0,0.21189759726253732
5972,7480,7481,1,1,0.63649441764478032
5973,7481,7482,2,0,0.24619418603395679
5974,7482,7483,2,0,0.074957359048830247
5975,7483,7484,5,0,0.11304975165699255
5976,7484,7485,1,1,0.66297739556273483
5977,7485,7486,3,1,0.39021153168405148
5978,7486,7487,4,0,0.17964148352614817
5979,7488,7489,1,0,0.14545981337953898
5980,7490,7491,5,1,0.66017858728840817
5981,7491,7492,3,0,0.2342377413405563
5982,7492,7493,5,0,0.14865269731966901
5983,7493,7494,2,0,0.11985452298675806
5984,7494,7495,3,0,0.029283971618925351
5985,7495,7496,3,0,0.093389607067182467
5986,7496,7497,1,0,0.068091220053978135
5987,7497,7498,3,0,0.16936762223503124
5988,7499,7500,4,0,0.59689403185628365
5989,7500,7501,5,0,0.23567281238110285
5990,7501,7502,3,0,0.21678464423863361
5991,7502,7503,2,0,0.10952115366878923
5992,7503,7504,1,1,0.65743463792533341
5993,7504,7505,1,1,0.82168847435116676
5994,7506,7507,3,1,0.45113796307036352
5995,7507,7508,5,0,0.13740965025958377
5996,7508,7509,2,0,0.20357458087913133
5997,7509,7510,5,0,0.088471663794703267
5998,7510,7511,5,0,0.075409853261263704
5999,7512,7513,5,0,0.082411293678601671
6000,7513,7514,4,0,0.088322608939435915
6001,7514,7515,4,0,0.15680261056690858
6002,7515,7516,4,1,0.26032807339891617
6003,7518,7519,5,0,0.14877351548311921
6004,7519,7520,3,0,0.20794638395465193
6005,7520,7521,3,0,0.049675939028983332
6006,7521,7522,2,0,0.4152421296548966
6007,7522,7523,2,0,0.13149038630637946
6008,7523,7524,3,0,0.10621641946730136
6009,7524,7525,5,0,0.12162512333960933
6010,7525,7526,2,0,0.23521255508942493
6011,7526,7527,1,0,0.031356658073389221
6012,7528,7529,5,1,0.28727000865794694
6013,7529,7530,4,0,0.16538816414350463
6014,7531,7532,5,1,0.69511722697738465
6015,7532,7533,4,0,0.07724473977372652
6016,7534,7535,4,0,0.26357518830494719
6017,7535,7536,1,1,0.81805699787777753
6018,7537,7538,1,0,0.18858975083638332
6019,7538,7539,3,0,0.24738681042632032
6020,7539,7540,4,0,0.14477117713083565
6021,7541,7542,2,1,0.4340719460103537
6022,7543,7544,5,0,0.050501868091981324
6023,7544,7545,3,0,0.089491607950626481
6024,7545,7546,4,0,0.1659361829224171
6025,7546,7547,4,0,0.37389774492408229
6026,7548,7549,5,0,0.61764741377675525
6027,7549,7550,5,0,0.087715317852039398
6028,7550,7551,5,0,0.18819125205159831
6029,7551,7552,3,0,0.061879949829900249
6030,7552,7553,2,0,0.1759735343568844
6031,7553,7554,4,0,0.16588782894449497
6032,7554,7555,4,0,0.41784312279565922
6033,7555,7556,5,1,0.70437554891841492
6034,7556,7557,1,0,0.11601768028790527
6035,7557,7558,2,1,0.21709218680796932
6036,7558,7559,4,0,0.020214369084591365
6037,7559,7560,5,0,0.30293426645601129
6038,7560,7561,4,1,0.67367117964162448
6039,7561,7562,3,0,0.21383619263124745
6040,7563,7564,3,0,0.086447688680399037
6041,7564,7565,1,1,0.15524442976383451
6042,7565,7566,5,0,0.10780626817148745
6043,7567,7568,4,0,0.09093081829991867
6044,7568,7569,1,1,0.66473761489757766
6045,7569,7570,5,0,0.1612342736306078
6046,7570,7571,4,0,0.14907387751605444
6047,7571,7572,1,0,0.083694258483096112
6048,7572,7573,5,0,0.41428665328630843
6049,7573,7574,4,0,0.26016927431833364
6050,7574,7575,1,0,0.24314070769325563
6051,7576,7577,1,1,0.131722726790754
6052,7577,7578,4,0,0.062086874094596449
6053,7578,7579,4,0,0.13205303412748515
6054,7579,7580,1,1,0.68693275819777755
6055,7581,7582,3,0,0.1065539159559175
6056,7582,7583,5,1,0.17764221500930108
6057,7583,7584,4,0,0.047679695458748735
6058,7584,7585,5,0,0.54457051361501219
6059,7585,7586,3,0,0.067983078238315495
6060,7586,7587,1,0,0.20220962695862851
6061,7587,7588,3,0,0.2039738221054721
6062,7588,7589,5,0,0.22191933011191914
6063,7590,7591,4,0,0.19111926699431764
6064,7591,7592,2,1,0.74547448552233975
6065,7594,7595,2,0,0.12453489906123144
6066,7595,7596,4,0,0.39709781954351825
6067,7597,7598,1,1,0.16153867005308781
6068,7598,7599,4,0,0.20210242485623331
6069,7599,7600,2,0,0.17629583941256588
6070,7600,7601,3,0,0.204966550120008
6071,7601,7602,1,0,0.21253668593795619
6072,7603,7604,4,0,0.21259781162271135
6073,7605,7606,2,0,0.16022650659343743
6074,7607,7608,5,0,0.13118221600946661
6075,7608,7609,4,1,0.49874090601313031
6076,7609,7610,4,0,0.13305164231920466
6077,7610,7611,2,0,0.70355997198265263
6078,7613,7614,5,0,0.13469992247729887
6079,7614,7615,1,0,0.11550167655257398
6080,7615,7616,2,0,0.13717161402418374
6081,7616,7617,5,1,0.61195785984623707
6082,7618,7619,3,0,0.19294330605785162
6083,7619,7620,1,0,0.17992557421102859
6084,7620,7621,4,0,0.17287195522284374
6085,7621,7622,3,0,0.16497311622869695
6086,7622,7623,2,0,0.12185442117361377
6087,7623,7624,5,0,0.61956228316102135
6088,7624,7625,4,0,0.30028058066776614
6089,7625,7626,4,0,0.21273978414228722
6090,7626,7627,2,0,0.048060701770610774
6091,7627,7628,5,1,0.19131996068114468
6092,7628,7629,1,1,0.66187457003431927
6093,7629,7630,4,0,0.063798928143255856
6094,7630,7631,2,0,0.22034141853116368
6095,7631,7632,1,0,0.17837404427829398
6096,7632,7633,5,0,0.3531086413528074
6097,7633,7634,4,1,0.16425719017320703
6098,7634,7635,2,0,0.14467028620909608
6099,7635,7636,1,0,0.17953870869640165
6100,7637,7638,5,0,0.031040433297849029
6101,7638,7639,5,0,0.28083526807482478
6102,7639,7640,1,1,0.12525009937584045
6103,7640,7641,5,0,0.096651780464476186
6104,7641,7642,1,0,0.088788165721846224
6105,7642,7643,4,0,0.22056221527616479
6106,7643,7644,4,0,0.20473361530190071
6107,7644,7645,5,0,0.17566567983603024
6108,7645,7646,2,1,0.14264647658554203
6109,7646,7647,5,0,0.36110480973173625
6110,7647,7648,1,0,0.38847448905609167
6111,7648,7649,2,0,0.12274033832624556
6112,7649,7650,5,0,0.14142444614760907
6113,7650,7651,5,1,0.11909268386702387
6114,7651,7652,3,0,0.11514630198509861
6115,7653,7654,1,0,0.19678593891266022
6116,7655,7656,2,0,0.12435259950051349
6117,7656,7657,1,0,0.27054046060252479
6118,7658,7659,4,0,0.62674442066689706
6119,7661,7662,3,1,0.21827523221544418
6120,7662,7663,5,1,0.79205341314494992
6121,7663,7664,4,0,0.098002598642073821
6122,7664,7665,1,0,0.23100145182855911
6123,7666,7667,1,1,0.56714395554789554
6124,7667,7668,2,0,0.42018712947291625
6125,7669,7670,2,0,0.047617099196804714
6126,7670,7671,2,0,0.18951038349298088
6127,7671,7672,5,0,0.27327209455650292
6128,7672,7673,2,1,0.28753097010796169
6129,7673,7674,3,0,0.038818432021777378
6130,7674,7675,4,0,0.14213835540102546
6131,7675,7676,3,1,0.087292207317668152
6132,7676,7677,4,0,0.094614379950624078
6133,7677,7678,2,0,0.24103855233043733
6134,7679,7680,1,1,0.78402444707885888
6135,7680,7681,1,0,0.083976008010271067
6136,7682,7683,5,0,0.089362376355442419
6137,7683,7684,5,0,0.33985784948507242
6138,7684,7685,5,0,0.20270867860275799
6139,7685,7686,3,0,0.21183990996250213
6140,7686,7687,4,0,0.2129941633621974
6141,7687,7688,1,0,0.0082907542745712017
6142,7688,7689,4,1,0.15922146070086046
6143,7689,7690,1,1,0.066243933700963264
6144,7690,7691,2,0,0.16054142870339932
6145,7691,7692,2,0,0.16185654032939492
6146,7692,7693,4,0,0.66606878676398673
6147,7693,7694,2,1,0.23940600599018466
6148,7694,7695,1,0,0.079782423682571144
6149,7695,7696,2,0,0.065662349066201692
6150,7697,7698,4,0,0.049020104051586029
6151,7698,7699,4,0,0.083700300662867405
6152,7699,7700,3,0,0.083266171534135389
6153,7700,7701,4,1,0.17634678450057253
6154,7701,7702,2,0,0.15320461029364171
6155,7702,7703,4,0,0.1419727385117662
6156,7703,7704,2,0,0.096113095205190485
6157,7705,7706,2,0,0.50184959157647169
6158,7706,7707,5,0,0.057641428409895758
6159,7707,7708,4,0,0.21609098079400874
6160,7708,7709,5,0,0.23829882537561115
6161,7709,7710,5,1,0.15864987335887032
6162,7710,7711,4,0,0.10980784777645648
6163,7712,7713,2,0,0.10741378755901396
6164,7714,7715,3,0,0.21484632041717583
6165,7717,7718,4,0,0.12130811419020805
6166,7718,7719,1,1,0.37526447287310477
6167,7720,7721,1,0,0.17162222250854928
6168,7721,7722,3,1,0.24774394300267746
6169,7722,7723,3,0,0.25739699756151441
6170,7723,7724,1,0,0.061144198153418663
6171,7724,7725,1,1,0.41305468874292206
6172,7725,7726,5,0,0.35936666335338258
6173,7726,7727,5,1,0.43450085736762006
6174,7727,7728,5,0,0.14786122099077795
6175,7729,7730,4,0,0.29106754246943073
6176,7730,7731,4,0,0.10507309594553867
6177,7731,7732,1,0,0.14978839066074351
6178,7732,7733,1,1,0.47995588301472414
6179,7733,7734,1,0,0.13522668187882983
6180,7734,7735,4,1,0.77769328299217966
6181,7735,7736,3,0,0.16041189774358028
6182,7736,7737,3,1,0.31895856905190079
6183,7737,7738,4,0,0.010764838882747004
6184,7738,7739,2,1,0.72017546073847238
6185,7739,7740,5,0,0.007536368031897514
6186,7740,7741,5,0,0.12102572587330673
6187,7741,7742,1,1,0.13560711584610186
6188,7742,7743,5,0,0.01260937810200715
6189,7743,7744,5,1,0.74628463107992338
6190,7744,7745,5,0,0.060000212235024046
6191,7745,7746,3,0,0.084418519274317164
6192,7746,7747,5,0,0.21136604331270223
6193,7747,7748,1,0,0.054477780490853021
6194,7748,7749,4,0,0.032678544868969449
6195,7751,7752,3,0,0.46460284610790881
6196,7752,7753,3,1,0.67344238683262325
6197,7753,7754,1,0,0.010402809282961351
6198,7754,7755,5,0,0.16233778343225352
6199,7755,7756,1,0,0.52175242256622356
6200,7756,7757,3,0,0.033331833344019283
6201,7757,7758,3,0,0.12672944713214485
6202,7758,7759,1,1,0.058468635091054079
6203,7760,7761,4,1,0.25377307876689786
6204,7761,7762,4,0,0.11458206953930256
6205,7762,7763,4,0,0.19879200355762189
6206,7763,7764,3,0,0.084453932993838576
6207,7764,7765,5,0,0.050070567547482445
6208,7765,7766,4,0,0.087847961106723993
6209,7766,7767,1,0,0.19001469739864485
6210,7767,7768,2,0,0.19295793178133286
6211,7768,7769,3,1,0.56258944560999036
6212,7769,7770,4,0,0.10995311164221135
6213,7770,7771,1,0,0.090716895804236697
6214,7771,7772,1,0,0.064035041434858248
6215,7772,7773,3,0,0.175722581372799
6216,7774,7775,5,1,0.49496952255103055
6217,7775,7776,2,0,0.58574365482461543
6218,7779,7780,4,0,0.18201850128781641
6219,7780,7781,3,1,0.1106180633782541
6220,7781,7782,2,0,0.078815034572604234
6221,7782,7783,5,1,0.24582422774347804
6222,7783,7784,5,0,0.20799219006563494
6223,7786,7787,5,1,0.62989496393674083
6224,7787,7788,1,0,0.11271888769432069
6225,7788,7789,1,1,0.87052537634862381
6226,7789,7790,4,0,0.03659461331423184
6227,7790,7791,2,0,0.28420190816770508
6228,7791,7792,3,0,0.18540105648512528
6229,7792,7793,5,1,0.63130511029726999
6230,7793,7794,3,0,0.097819855500171665
6231,7796,7797,1,0,0.19180587100671567
6232,7797,7798,3,0,0.2509487907587773
6233,7799,7800,4,0,0.15114078668327466
6234,7800,7801,1,0,0.12562815378532124
6235,7801,7802,1,1,0.15079330880285688
6236,7803,7804,1,0,0.05783359192711935
6237,7804,7805,3,0,0.13754421102618813
6238,7805,7806,2,0,0.24502549074770799
6239,7806,7807,5,0,0.095771129733202759
6240,7807,7808,1,0,0.088045850592116282
6241,7808,7809,5,0,0.14718506883423399
6242,7809,7810,1,0,0.098713955617991095
6243,7810,7811,2,1,0.76583280187989711
6244,7811,7812,4,0,0.069071190170798324
6245,7812,7813,3,0,0.16338143978908173
6246,7813,7814,2,0,0.16449984859943451
6247,7815,7816,3,0,0.094356669637851873
6248,7816,7817,1,0,0.65321673251573598
6249,7817,7818,1,0,0.62495756291758464
6250,7818,7819,4,0,0.12967747872917332
6251,7819,7820,5,0,0.157596349019996
6252,7820,7821,2,0,0.047103803016844248
6253,7821,7822,5,1,0.34142721028693279
6254,7822,7823,1,0,0.087593775340135752
6255,7823,7824,3,0,0.090456991263091868
6256,7824,7825,1,0,0.071508209521683908
6257,7825,7826,5,0,0.33773223607571823
6258,7826,7827,3,0,0.17352760533987086
6259,7827,7828,2,0,0.077861364567548746
6260,7828,7829,2,0,0.20920260450155806
6261,7829,7830,3,1,0.69937626774690598
6262,7830,7831,4,1,0.14736322209009467
6263,7831,7832,3,0,0.05996720915912522
6264,7832,7833,4,0,0.045619826770473111
6265,7833,7834,3,0,0.12734976070002979
6266,7834,7835,4,0,0.086745850592031756
6267,7835,7836,4,0,0.44140416350349326
6268,7836,7837,5,0,0.09054989047073192
6269,7838,7839,2,0,0.17672276870906004
6270,7839,7840,2,0,0.75649322615794234
6271,7841,7842,3,0,0.18590920985639328
6272,7842,7843,2,1,0.3310861227203209
6273,7843,7844,5,0,0.039827534341565891
6274,7844,7845,3,0,0.24056951555400957
6275,7845,7846,2,0,0.21367556804909182
6276,7846,7847,4,1,0.52301421206492094
6277,7847,7848,2,0,0.16856063903396137
6278,7848,7849,3,1,0.1610097901457358
6279,7849,7850,5,0,0.088906038354322828
6280,7850,7851,5,0,0.6695168389037558
6281,7852,7853,1,1,0.68955622094735436
6282,7853,7854,1,0,0.074099144404017478
6283,7854,7855,3,0,0.14525553743452826
6284,7856,7857,5,1,0.55865196402231088
6285,7858,7859,3,0,0.19633873934982721
6286,7859,7860,4,0,0.11865068526758038
6287,7860,7861,2,1,0.74062696657393212
6288,7861,7862,3,0,0.057881904737594157
6289,7862,7863,5,0,0.17036330980852382
6290,7864,7865,4,0,0.080047284521992224
6291,7865,7866,3,0,0.17562911522525149
6292,7867,7868,5,0,0.24881499042323646
6293,7868,7869,5,1,0.28676804814856016
6294,7869,7870,3,0,0.056475670115164273
6295,7870,7871,5,0,0.15910283950436535
6296,7871,7872,5,0,0.19970384330972113
6297,7872,7873,5,0,0.036211216082855588
6298,7873,7874,5,0,0.019892687353943232
6299,7874,7875,3,0,0.048944081647747759
6300,7875,7876,5,0,0.078405196965190563
6301,7876,7877,1,1,0.75097007144714112
6302,7877,7878,1,0,0.055307429209988053
6303,7878,7879,2,0,0.11323262669940352
6304,7879,7880,2,0,0.14227958705277793
6305,7880,7881,1,1,0.79051138888624928
6306,7881,7882,1,0,0.22959034204719614
6307,7882,7883,4,1,0.15561918555711721
6308,7883,7884,3,0,0.16425758357011683
6309,7885,7886,5,1,0.11081054018086574
6310,7886,7887,1,0,0.14063837662470335
6311,7887,7888,4,0,0.2391453471846316
6312,7888,7889,4,0,0.075815042717961093
6313,7889,7890,3,0,0.19143382384660393
6314,7892,7893,3,0,0.13160622925503898
6315,7893,7894,5,0,0.13971230079382041
6316,7894,7895,5,0,0.078342977684061454
6317,7895,7896,5,0,0.052644436330970733
6318,7896,7897,4,1,0.26202372948172731
6319,7897,7898,4,1,0.13776736205756693
6320,7898,7899,5,1,0.63601822625727233
6321,7899,7900,3,0,0.11248412662278953
6322,7900,7901,2,0,0.18501777076860473
6323,7901,7902,2,1,0.73066279895537378
6324,7902,7903,4,1,0.12251160008640302
6325,7904,7905,3,0,0.084598962964461177
6326,7905,7906,2,0,0.20421882045162335
6327,7906,7907,2,0,0.17676915621279884
6328,7907,7908,5,0,0.45576315824541902
6329,7908,7909,2,0,0.10303344544278913
6330,7909,7910,2,0,0.1232691188142243
6331,7910,7911,1,0,0.027774236531545857
6332,7911,7912,5,1,0.50637560909950263
6333,7912,7913,5,0,0.031925718193340877
6334,7913,7914,2,0,0.17174483823325482
6335,7916,7917,2,0,0.29119977785294693
6336,7918,7919,5,0,0.061846434340093237
6337,7919,7920,3,0,0.11438527522338668
6338,7920,7921,4,1,0.018446046950931536
6339,7922,7923,5,1,0.2989765676419251
6340,7923,7924,3,0,0.21680500196232533
6341,7924,7925,4,0,0.09853631104612473
6342,7925,7926,4,1,0.77727703997957509
6343,7926,7927,4,0,0.19966897097715011
6344,7927,7928,1,0,0.13074763073487447
6345,7929,7930,2,0,0.20552880995050382
6346,7930,7931,5,1,0.15180839311276148
6347,7932,7933,4,1,0.57189086970690473
6348,7933,7934,3,0,0.13743611985805548
6349,7935,7936,2,0,0.14865761122565163
6350,7936,7937,5,0,0.16785168993003852
6351,7939,7940,5,1,0.28124190776807512
6352,7940,7941,5,0,0.12743951589445743
6353,7941,7942,4,0,0.17595944787556633
6354,7942,7943,2,0,0.088896505955911476
6355,7943,7944,1,0,0.13262893087450714
6356,7944,7945,1,1,0.65772422104864769
6357,7946,7947,1,1,0.62419786148128564
6358,7948,7949,1,0,0.2337874163579107
6359,7949,7950,5,0,0.19493314545242874
6360,7950,7951,3,0,0.14180257486511574
6361,7951,7952,4,0,0.073164617485705949
6362,7952,7953,1,0,0.15400638881328699
6363,7953,7954,3,0,0.23119689415259737
6364,7954,7955,4,0,0.037864673410763251
6365,7956,7957,3,0,0.26061499990132214
6366,7957,7958,1,0,0.13747414938676497
6367,7960,7961,3,0,0.11853019858201226
6368,7961,7962,5,1,0.60749197278793665
6369,7962,7963,5,0,0.20785304315144307
6370,7963,7964,1,0,0.14257315966156289
6371,7964,7965,2,0,0.1962555338936815
6372,7965,7966,4,1,0.038003159051488676
6373,7966,7967,4,0,0.27085237998413092
6374,7967,7968,2,0,0.1911946842010136
6375,7968,7969,4,1,0.4622128406983978
6376,7969,7970,5,0,0.10924752680833777
6377,7970,7971,4,0,0.13145087645356052
6378,7971,7972,2,0,0.054031937320200646
6379,7972,7973,2,0,0.05624170678403325
6380,7975,7976,1,0,0.26210568023001041
6381,7976,7977,4,0,0.064816853662242685
6382,7977,7978,5,1,0.068812373267781529
6383,7978,7979,3,1,0.21073495616533178
6384,7979,7980,4,0,0.20081490041797603
6385,7980,7981,1,0,0.075880474510549523
6386,7981,7982,5,0,0.21800855836392719
6387,7983,7984,2,0,0.066108803721503323
6388,7984,7985,3,0,0.62134406377277285
6389,7985,7986,1,0,0.017726209820096046
6390,7986,7987,1,0,0.16781870035520963
6391,7987,7988,2,1,0.70653969316485854
6392,7988,7989,4,0,0.11152886608815492
6393,7989,7990,2,0,0.11525602352200916
6394,7990,7991,5,0,0.19094204270176532
6395,7991,7992,5,0,0.2301418824023243
6396,7992,7993,3,1,0.77887905491793108
6397,7993,7994,4,0,0.21262962622097997
6398,7994,7995,4,1,0.13608949295564618
6399,7995,7996,4,0,0.096532910630841934
6400,7996,7997,5,0,0.19700550802310568
6401,7997,7998,4,0,0.0068656902137858638
6402,7998,7999,3,0,0.092056603398681533
6403,7999,8000,5,1,0.16744692723782539
6404,8000,8001,1,0,0.18817708177004708
6405,8001,8002,4,0,0.03262731649180952
6406,8002,8003,4,0,0.036363052761983379
6407,8005,8006,2,0,0.045692888154276211
6408,8006,8007,4,1,0.11368330052148691
6409,8007,8008,4,1,0.094300354790131269
6410,8008,8009,1,0,0.1643906049328217
6411,8009,8010,2,0,0.18351122177229048
6412,8010,8011,3,0,0.1657640949253977
6413,8011,8012,4,0,0.037451549175690955
6414,8012,8013,1,0,0.093882551186880062
6415,8013,8014,2,0,0.16530767103548791
6416,8014,8015,3,0,0.25817620539080549
6417,8015,8016,3,1,0.36595666610687005
6418,8016,8017,1,0,0.6558079712641266
6419,8017,8018,5,0,0.33721327473023349
6420,8018,8019,3,0,0.13158226956882918
6421,8019,8020,2,1,0.24329938792167824
6422,8021,8022,1,1,0.668793923807386
6423,8023,8024,5,0,0.16537981467776747
6424,8024,8025,3,0,0.24996486490686873
6425,8025,8026,1,0,0.22588410754975949
6426,8026,8027,1,0,0.18232448810091495
6427,8027,8028,3,0,0.19173981438212095
6428,8028,8029,4,0,0.04085879653046337
6429,8029,8030,1,0,0.13247381162009264
6430,8030,8031,2,0,0.1231254241275649
6431,8031,8032,5,0,0.14761439626461079
6432,8032,8033,4,1,0.47799318855597728
6433,8034,8035,4,0,0.037480224876507755
6434,8035,8036,5,0,0.020242957737343536
6435,8036,8037,3,0,0.28863614170572094
6436,8038,8039,5,0,0.12897681562929836
6437,8039,8040,1,0,0.38695434428193626
6438,8040,8041,3,1,0.088278398579205566
6439,8041,8042,5,1,0.71400229600645149
6440,8042,8043,1,1,0.49871926435863373
6441,8045,8046,4,0,0.41973032673158783
6442,8047,8048,4,0,0.067741265866757258
6443,8049,8050,1,0,0.11185380574532923
6444,8050,8051,3,0,0.088406088977019362
6445,8051,8052,2,0,0.62771782120568231
6446,8052,8053,5,0,0.2125601415874494
6447,8053,8054,5,0,0.67903811663561642
6448,8054,8055,2,0,0.036176469258849993
6449,8056,8057,4,0,0.14634386623991405
6450,8057,8058,4,0,0.02208709152283354
6451,8058,8059,3,0,0.077108993936960968
6452,8059,8060,3,0,0.050367361587592079
6453,8060,8061,2,0,0.16307048252288309
6454,8062,8063,2,0,0.1081486108898687
6455,8063,8064,2,0,0.55480986532263665
6456,8065,8066,4,0,0.10930185361373998
6457,8067,8068,4,0,0.24332904197885022
6458,8068,8069,3,0,0.10710885242155602
6459,8069,8070,5,0,0.14006033708432108
6460,8070,8071,4,0,0.21142313608536231
6461,8073,8074,4,0,0.22391929896663551
6462,8074,8075,2,0,0.21030267560497354
6463,8076,8077,4,1,0.30236454435508009
6464,8077,8078,5,0,0
6465,8078,8079,2,0,0.23753488066411718
6466,8079,8080,5,0,0.22411996855643057
6467,8081,8082,4,0,0.15413244544828186
6468,8082,8083,2,1,0.69407754867751903
6469,8083,8084,1,0,0.1170049372489616
6470,8084,8085,3,1,0.60327411904877315
6471,8086,8087,1,0,0.24216376315812321
6472,8087,8088,4,0,0.07168550077356034
6473,8088,8089,5,0,0.090649060970100573
6474,8089,8090,4,1,0.76306978733557551
6475,8092,8093,3,0,0.037023288523306865
6476,8093,8094,1,1,0.061529448857829676
6477,8094,8095,1,0,0.087889500990418354
6478,8095,8096,5,0,0.22247239929809301
6479,8096,8097,4,0,0.14133986587281405
6480,8097,8098,4,0,0.11839588540193552
6481,8098,8099,1,0,0.12669166504805349
6482,8099,8100,1,1,0.08288455180502681
6483,8101,8102,3,0,0.10028249942505417
6484,8102,8103,3,0,0.088671330429759013
6485,8103,8104,5,0,0.030337823397837877
6486,8104,8105,2,1,0.59734073509369856
6487,8105,8106,2,1,0.28216697236836563
6488,8106,8107,5,0,0.15006134138628277
6489,8108,8109,1,0,0.32022254551904977
6490,8109,8110,4,1,0.065252261922159646
6491,8110,8111,1,0,0.73444172079269321
6492,8111,8112,1,1,0.39926031971811721
6493,8112,8113,4,0,0.23346469199620809
6494,8113,8114,5,1,0.36670470402060701
6495,8114,8115,5,0,0.75842408786522397
6496,8115,8116,5,0,0.067226001748179193
6497,8122,8123,5,0,0.20219505388004738
6498,8123,8124,1,0,0.055014499969154952
6499,8124,8125,4,1,0.76600443380585059
6500,8125,8126,1,0,0.036290603246738426
6501,8126,8127,1,0,0.01743039153356965
6502,8127,8128,5,0,0.1825209035913142
6503,8130,8131,4,0,0.067039937944643455
6504,8131,8132,4,0,0.017867116404996952
6505,8132,8133,5,0,0.21609949666270964
6506,8133,8134,5,0,0.147572582548123
6507,8134,8135,3,1,0.56817114608461095
6508,8135,8136,3,0,0.10730350237724731
6509,8136,8137,3,0,0.14645939112819242
6510,8137,8138,1,0,0.07611316269464459
6511,8138,8139,4,1,0.59986807995923797
6512,8139,8140,2,1,0.54360490650449667
6513,8140,8141,4,0,0.229824224339362
6514,8142,8143,2,1,0.43811488131187543
6515,8144,8145,5,0,0.30958177069711645
6516,8145,8146,2,0,0.12008086564007626
6517,8150,8151,1,0,0.079538532756774902
6518,8151,8152,1,0,0.2192429839685332
6519,8152,8153,2,0,0.13396510381179061
6520,8153,8154,5,0,0.081751014986623627
6521,8154,8155,2,0,0.14577986494470493
6522,8155,8156,2,0,0.032471492669278408
6523,8156,8157,4,0,0.67247065118940996
6524,8157,8158,3,0,0.091632910132111417
6525,8158,8159,4,0,0.025193550074709345
6526,8159,8160,5,0,0.20584969299727532
6527,8160,8161,3,0,0.23763539631582417
6528,8161,8162,1,1,0.32153808844094628
6529,8162,8163,3,0,0.076225577406529688
6530,8163,8164,2,1,0.66417805375507055
6531,8165,8166,4,0,0.19509784465215488
6532,8166,8167,4,0,0.083719766015843744
6533,8167,8168,5,0,0.605356311216807
6534,8168,8169,2,0,0.1090009178719285
6535,8172,8173,4,1,0.13258642450715158
6536,8173,8174,5,0,0.1904508702490256
6537,8174,8175,3,1,0.46551825001554192
6538,8176,8177,5,0,0.1071171298943224
6539,8177,8178,4,1,0.67369151690381435
6540,8179,8180,5,0,0.11248345163593124
6541,8181,8182,2,0,0.098855302032948483
6542,8182,8183,2,1,0.1884789643297006
6543,8184,8185,3,0,0.30086713945648597
6544,8185,8186,2,1,0.17897416836553176
6545,8188,8189,4,0,0.29166147913739704
6546,8189,8190,2,1,0.15478376401113783
6547,8190,8191,2,1,0.63560790184537108
6548,8191,8192,1,0,0.18681944828304092
6549,8192,8193,4,0,0.13155152941629758
6550,8193,8194,3,0,0.11734509095850118
6551,8194,8195,3,0,0.22613322615171746
6552,8195,8196,4,0,0.3175851391431524
6553,8196,8197,1,0,0.19343856224142228
6554,8197,8198,4,0,0.096464313780052935
6555,8199,8200,4,0,0.051444261292958218
6556,8200,8201,5,0,0.31867048276144805
6557,8201,8202,2,0,0.10506390884857032
6558,8202,8203,1,0,0.78196815408244491
6559,8203,8204,2,0,0.23315238187502269
6560,8205,8206,2,0,0.029625659962522841
6561,8207,8208,1,0,0.12341360058464919
6562,8208,8209,3,1,0.14077195413261687
6563,8209,8210,3,0,0.24428574418304383
6564,8210,8211,1,0,0.14682800069890398
6565,8211,8212,2,0,0.068129978025577034
6566,8212,8213,4,0,0.19598158682236641
6567,8213,8214,1,0,0.1709007575399962
6568,8215,8216,3,1,0.62443078820556197
6569,8216,8217,2,1,0.33537106280824652
6570,8217,8218,5,0,0.18125930323155223
6571,8219,8220,1,1,0.26397687280979859
6572,8221,8222,5,1,0.73336569239405947
6573,8222,8223,1,0,0.22238457778686291
6574,8223,8224,2,0,0.6818805233175359
6575,8225,8226,5,0,0.63221699240382112
6576,8228,8229,1,0,0.11621630238735538
6577,8229,8230,3,0,0.13992835689167257
6578,8230,8231,2,1,0.65233042174814038
6579,8231,8232,1,0,0.10628944794431965
6580,8232,8233,2,0,0.29565168705736805
6581,8233,8234,5,0,0.21247321973183431
6582,8234,8235,5,0,0.15040711848539701
6583,8235,8236,2,0,0.21699858914237441
6584,8236,8237,3,0,0.11752785261679929
6585,8237,8238,2,0,0.26160542513175383
6586,8238,8239,1,1,0.68024236301019936
6587,8239,8240,4,0,0.057557773599857476
6588,8240,8241,1,0,0.42496981899348152
6589,8241,8242,5,1,0.74249739891644884
6590,8242,8243,2,0,0.37061662459266442
6591,8243,8244,5,0,0.21383720779686982
6592,8244,8245,3,0,0.14097946085613292
6593,8245,8246,5,0,0.070779612511150641
6594,8246,8247,2,1,0.16518243578279521
6595,8247,8248,4,0,0.029860037298693493
6596,8248,8249,2,1,0.31446415355782137
6597,8249,8250,3,1,0.065470726916353514
6598,8250,8251,4,0,0.54915989235830587
6599,8251,8252,5,0,0.24357655997373359
6600,8252,8253,1,0,0.016742342317065031
6601,8255,8256,3,0,0.20365820125576839
6602,8256,8257,5,0,0.22673838296522475
6603,8257,8258,3,0,0.24368318534493336
6604,8258,8259,3,0,0.033129287773818551
6605,8260,8261,4,0,0.16455946221369902
6606,8261,8262,1,0,0.047990548344951242
6607,8262,8263,2,1,0.1839316077903376
6608,8263,8264,3,0,0.17247940705241041
6609,8264,8265,5,0,0.089651828878039463
6610,8265,8266,3,1,0.21345116887108329
6611,8267,8268,1,0,0.19682145453278141
6612,8268,8269,4,1,0.22093451527821228
6613,8269,8270,1,1,0.7841417110151323
6614,8270,8271,4,0,0.0397779305794961
6615,8271,8272,1,0,0.069427716141592682
6616,8274,8275,2,0,0.39269844991783914
6617,8275,8276,3,0,0.65240956388575899
6618,8276,8277,5,0,0.25268009323451773
6619,8277,8278,3,1,0.07759070320651977
6620,8278,8279,1,0,0.35184228689971964
6621,8280,8281,5,0,0.17534871665919396
6622,8281,8282,4,0,0.14839117183940739
6623,8282,8283,4,0,0.02138693024304265
6624,8284,8285,1,0,0.16169618917586021
6625,8285,8286,4,0,0.2576921752054192
6626,8286,8287,5,0,0.088821592225526519
6627,8287,8288,5,0,0.10644756695368897
6628,8289,8290,1,0,0.12508457167956105
6629,8291,8292,4,0,0.14589600011116544
6630,8293,8294,1,1,0.69897054938917713
6631,8294,8295,4,1,0.11932154240472478
6632,8296,8297,1,0,0.25669021998223618
6633,8297,8298,2,0,1
6634,8298,8299,1,1,0.27442033577599845
6635,8300,8301,5,0,0.110120648165817
6636,8302,8303,1,0,0.55945329301251101
6637,8303,8304,1,0,0.13563806528382605
6638,8304,8305,4,0,0.066420780370271798
6639,8305,8306,2,1,0.23523540291333395
6640,8306,8307,3,0,0.15585727198338659
6641,8307,8308,4,1,0.10515751872705816
6642,8308,8309,3,0,0.27105050590599467
6643,8309,8310,5,0,0.18105300963064827
6644,8311,8312,3,0,0.091001590088211515
6645,8313,8314,3,0,0.01827999105152946
6646,8314,8315,5,0,0.062763878158426323
6647,8315,8316,3,0,0.092221533629357574
6648,8318,8319,5,0,0.19514365825980604
6649,8319,8320,3,1,0.16857731843744289
6650,8321,8322,3,0,0.14025364398982937
6651,8322,8323,1,0,0.038317444300484456
6652,8323,8324,4,1,0.79497059134736636
6653,8325,8326,4,0,0.069941191544270573
6654,8326,8327,3,0,0.09750056594255635
6655,8327,8328,4,1,0.101738212603093
6656,8328,8329,3,0,0.024685431321557948
6657,8329,8330,3,0,0.13248776143577326
6658,8330,8331,4,0,0.09359151719938065
6659,8332,8333,4,0,0.085173499350870124
6660,8333,8334,1,0,0.13155750847116501
6661,8334,8335,3,0,0.034424940245330653
6662,8335,8336,4,0,0.373654285897349
6663,8336,8337,1,0,0
6664,8337,8338,3,0,0.73372323184764576
6665,8338,8339,5,1,0.063988013976215272
6666,8339,8340,3,0,0.16484407967424633
6667,8340,8341,5,1,0.69975150291159471
6668,8341,8342,2,1,0.40581105859269956
6669,8342,8343,3,0,0.059510719835105252
6670,8344,8345,1,0,0.068709439029427541
6671,8345,8346,4,1,0.67726286847329764
6672,8346,8347,4,0,0.008241773716249106
6673,8347,8348,1,0,0.19263516386399315
6674,8348,8349,4,1,0.25094083438153819
6675,8350,8351,1,0,0.27317028205273752
6676,8352,8353,2,0,0.13374456951131716
6677,8353,8354,2,0,0.1326359798286473
6678,8355,8356,1,0,0.096855110395551183
6679,8357,8358,2,0,0.067609030819042182
6680,8358,8359,3,0,0.092071661620832537
6681,8359,8360,3,0,0.098745541232863027
6682,8360,8361,5,0,0.19759256626231592
6683,8361,8362,2,1,0.25317590491684561
6684,8362,8363,4,1,0.20914001578211946
6685,8363,8364,2,0,0.11996317605183282
6686,8364,8365,2,0,0.14834216273939613
6687,8365,8366,5,0,0.12742783041725422
6688,8366,8367,5,0,0.11130826134267062
6689,8367,8368,5,0,0.081838776171428207
6690,8368,8369,1,1,0.69055984085742261
6691,8369,8370,5,0,0.1264179886410482
6692,8370,8371,2,1,0.63142923751320823
6693,8371,8372,5,0,0.18744711101773887
6694,8373,8374,5,0,0.37578608960000193
6695,8374,8375,4,0,0.13285959046127771
6696,8375,8376,4,0,0.11894589501394202
6697,8376,8377,2,0,0.18010859399736698
6698,8377,8378,3,1,0.39854770991297672
6699,8379,8380,4,0,0.044349849265141662
6700,8380,8381,5,0,0.022434023645367542
6701,8381,8382,1,0,0.15231295934796427
6702,8382,8383,1,0,0.15459634079780091
6703,8383,8384,3,1,0.11154175546958468
6704,8384,8385,5,0,0.017719261433655303
6705,8385,8386,2,0,0.24060706077169752
6706,8386,8387,3,0,0.18437158794410508
6707,8387,8388,3,0,0.16213557178183227
6708,8389,8390,3,0,0.65986598462198487
6709,8390,8391,2,1,0.5150800403478506
6710,8391,8392,1,0,0.040539061113047753
6711,8392,8393,4,1,0.17507264354702001
6712,8393,8394,3,0,0.30074092767234778
6713,8394,8395,2,0,0.24774505190026844
6714,8395,8396,2,0,0.04038934376586531
6715,8396,8397,1,0,0.15013980882925024
6716,8397,8398,2,0,0.25426358233882307
6717,8398,8399,2,0,0.35218316732601801
6718,8399,8400,4,0,0.31651769676938979
6719,8401,8402,5,0,0.30867025848786589
6720,8402,8403,5,0,0.14060870214177562
6721,8404,8405,3,0,0.1285375703380795
6722,8405,8406,2,0,0.18806519048416812
6723,8406,8407,2,0,0.13808110168309323
6724,8407,8408,1,0,0.82035810284074295
6725,8408,8409,2,1,0.18783061404943685
6726,8410,8411,4,1,0.14147176264614289
6727,8411,8412,5,0,0.20452806713288668
6728,8412,8413,4,0,0.26408597064282469
6729,8413,8414,3,0,0.30086814987421817
6730,8414,8415,3,0,0.10831469906783675
6731,8415,8416,1,0,0.18458395898568139
6732,8416,8417,5,0,0.16974835581767231
6733,8417,8418,1,0,0.064362535289233358
6734,8418,8419,2,0,0.065588780975683339
6735,8419,8420,2,1,0.18411039104292645
6736,8420,8421,1,0,0.13413698495544499
6737,8421,8422,2,0,0.084208061919748167
6738,8423,8424,5,0,0.098998289284136981
6739,8424,8425,2,0,0.08684143475116568
6740,8425,8426,2,0,0.71210368108755129
6741,8426,8427,2,0,0.11776413484310232
6742,8427,8428,1,0,0.044045515552047471
6743,8428,8429,5,0,0.66021762602199219
6744,8429,8430,1,0,0.10763073910785532
6745,8430,8431,3,0,0.74548931215926661
6746,8433,8434,2,0,0.15300784560100827
6747,8435,8436,1,0,0.038524649758425331
6748,8436,8437,5,0,0.038362810593170101
6749,8437,8438,1,0,0.35909880708783426
6750,8439,8440,5,1,0.13656740611262103
6751,8440,8441,3,0,0.25118317605210327
6752,8442,8443,1,0,0.084391820324177372
6753,8443,8444,2,0,0.64339274326916818
6754,8444,8445,5,0,0.070219889500457183
6755,8445,8446,4,0,0.15631956201021183
6756,8447,8448,5,1,0.039747057772761427
6757,8448,8449,1,0,0.026707557689467989
6758,8449,8450,1,0,0.066062077429042354
6759,8451,8452,4,0,0.15021009314617748
6760,8452,8453,5,1,0.3443841759791329
6761,8454,8455,3,1,0.19882076906259721
6762,8455,8456,4,1,0.59115810675903124
6763,8456,8457,2,0,0
6764,8457,8458,4,0,0.095412813618023701
6765,8458,8459,3,0,0.08488678369943771
6766,8459,8460,4,1,0.1190550170350942
6767,8460,8461,1,0,0.072680939432721831
6768,8461,8462,1,0,0.19239384182012223
6769,8462,8463,2,0,0.3047262467302454
6770,8466,8467,1,1,0.034811376488891654
6771,8467,8468,3,1,0.78869146723462524
6772,8469,8470,5,1,0.0092437681512797243
6773,8471,8472,2,1,0.48487315968649125
6774,8472,8473,1,1,0.11559080936391417
6775,8473,8474,4,0,0.37458371740942636
6776,8474,8475,5,0,0.068652163515613915
6777,8475,8476,3,0,0.21573020450805597
6778,8476,8477,1,0,0.11861859771423211
6779,8478,8479,3,0,0.11638462968419312
6780,8479,8480,2,0,0.22358034138091376
6781,8481,8482,5,0,0.22004621918641734
6782,8482,8483,4,0,0.099848307987789903
6783,8483,8484,1,0,0.41928132470699842
6784,8484,8485,3,0,0.12943032102469329
6785,8485,8486,1,0,0.14195120690240193
6786,8486,8487,3,0,0.06544782447920397
6787,8487,8488,2,0,0.65991851739176777
6788,8490,8491,4,0,0.22431595274379504
6789,8491,8492,3,1,0.20106939777543367
6790,8492,8493,5,1,0.75605898822369255
6791,8493,8494,3,0,0.17203362264549266
6792,8495,8496,3,0,0.22247767650920758
6793,8498,8499,3,0,0.20761690303080363
6794,8499,8500,2,0,0.25399131927627455
6795,8501,8502,4,0,0.13031950492574243
6796,8502,8503,4,0,0.63046213053525013
6797,8503,8504,1,0,0.078522174840442646
6798,8504,8505,2,0,0.13722483334878458
6799,8505,8506,2,0,0.44737753613020464
6800,8506,8507,1,0,0.21530360906777415
6801,8507,8508,1,0,0.77252474473604704
6802,8508,8509,5,1,0.30429285157136871
6803,8509,8510,4,0,0.26078310395653309
6804,8510,8511,1,0,0.072756742636734026
6805,8511,8512,1,0,0.15616882063284343
6806,8512,8513,5,0,0.45632320009338928
6807,8514,8515,3,0,0.46235705525516246
6808,8515,8516,5,0,0
6809,8516,8517,1,0,0.18118558694281228
6810,8517,8518,4,0,0.026891731162654069
6811,8518,8519,3,0,0.15836040688300493
6812,8519,8520,1,0,0.115076600512847
6813,8521,8522,5,0,0.47097437897363081
6814,8523,8524,1,1,0.74240579698821074
6815,8524,8525,4,0,0.045830248017057311
6816,8525,8526,1,0,0.69979821782020613
6817,8526,8527,3,0,0.04994864740499784
6818,8528,8529,2,0,0.039980564439102015
6819,8530,8531,3,0,0.12816901997910635
6820,8531,8532,1,0,0.15006731024830572
6821,8532,8533,5,0,0.36827668472748726
6822,8533,8534,4,0,0.30046341590481029
6823,8534,8535,3,1,0.63523763771261887
6824,8535,8536,2,0,0.20765320879642965
6825,8537,8538,1,1,0.53081717393078476
6826,8538,8539,1,1,0.12497927211484686
6827,8540,8541,1,0,0.038922364158227848
6828,8542,8543,4,1,0.70125269301819726
6829,8543,8544,1,0,0.20700909306246798
6830,8544,8545,1,1,0.29482897371358674
6831,8545,8546,5,1,0.7313548542395506
6832,8546,8547,1,0,0.52227398675264536
6833,8547,8548,5,0,0.027869765763037669
6834,8548,8549,4,0,0.49054210101519963
6835,8550,8551,1,0,0.10630472336824204
6836,8551,8552,2,0,0.12226090975873764
6837,8552,8553,5,0,0.16840326452922652
6838,8553,8554,2,1,0.46062139703839655
6839,8554,8555,2,0,0.11863485960259705
6840,8555,8556,5,0,0.075959619045077836
6841,8556,8557,2,0,0.021249847749992581
6842,8557,8558,3,0,0.097750715598588667
6843,8558,8559,3,0,0.13247530711939642
6844,8560,8561,3,0,0.23189003001471351
6845,8562,8563,4,1,0.20707377551459327
6846,8563,8564,3,1,0.43700962211244182
6847,8564,8565,3,0,0.12599373054240362
6848,8567,8568,3,1,0.099519768464380071
6849,8570,8571,2,0,0.090077492249350591
6850,8571,8572,1,0,0.056535048278989766
6851,8572,8573,5,0,0.16561259974571776
6852,8575,8576,4,0,0.41121952204467971
6853,8576,8577,5,0,0.34047637886190885
6854,8577,8578,2,0,0.62134140196579646
6855,8578,8579,4,1,0.17963700319561249
6856,8580,8581,3,0,0.049803709625777619
6857,8581,8582,5,0,0.069437379279382358
6858,8582,8583,3,1,0.59904254668989931
6859,8584,8585,2,1,0.23202535907022354
6860,8585,8586,3,0,0.14916904958674465
6861,8586,8587,1,0,0.042680051785319112
6862,8587,8588,3,0,0.16725649963988604
6863,8588,8589,1,0,0.23770101843260308
6864,8589,8590,1,0,0.36652398314679607
6865,8590,8591,1,0,0.070110300694445488
6866,8591,8592,1,0,0.53404880602788685
6867,8592,8593,5,0,0.71313033162846229
6868,8593,8594,3,0,0.14423129464395323
6869,8594,8595,1,0,0.46062405690123048
6870,8595,8596,5,0,0.38253022718488522
6871,8596,8597,5,0,0.1712973195097266
6872,8597,8598,1,0,0.14825632435503105
6873,8598,8599,4,1,0.4026240090235082
6874,8600,8601,3,1,0.25116694503743348
6875,8601,8602,2,0,0.17027457747893296
6876,8602,8603,4,0,0.69527570827647944
6877,8603,8604,3,0,0.038324604863216948
6878,8604,8605,3,0,0.16567046176922112
6879,8605,8606,5,0,0.021313566291204122
6880,8606,8607,5,1,0.20171092715722932
6881,8607,8608,1,0,0.65848365876453863
6882,8609,8610,5,0,0.10098012392717796
6883,8610,8611,1,0,0.43879201974174836
6884,8611,8612,4,0,1
6885,8612,8613,2,0,0.25113184705551217
6886,8613,8614,1,0,0.20618872063667004
6887,8614,8615,2,0,0.11762624954445981
6888,8615,8616,4,0,0.24797947596587275
6889,8617,8618,2,0,0.27125968136265166
6890,8618,8619,3,0,0.028162444703316011
6891,8619,8620,5,0,0.13056491965979558
6892,8620,8621,3,0,0.16719641645437158
6893,8621,8622,4,0,0.11866403575823481
6894,8622,8623,4,0,0.17221304414103791
6895,8623,8624,4,1,0.32655956702375843
6896,8624,8625,2,0,0.27288422396421608
6897,8625,8626,3,0,0.037226135102668402
6898,8626,8627,4,0,0.2435250065299048
6899,8627,8628,4,0,0.39222938731649226
6900,8628,8629,3,0,0.029011625116889421
6901,8629,8630,3,0,0.089539242995463689
6902,8630,8631,1,1,0.30255920593866881
6903,8631,8632,2,0,0.067089761392403122
6904,8633,8634,3,0,0.077655281829195955
6905,8634,8635,3,0,0.17738622741225837
6906,8635,8636,4,1,0.58718084120651537
6907,8636,8637,1,0,0.1220968481252914
6908,8637,8638,1,0,0.091375580031098982
6909,8639,8640,4,0,0.23447385046511995
6910,8640,8641,2,0,0.17341846040845585
6911,8641,8642,1,1,0.59389458185533917
6912,8643,8644,4,0,0.15819719509022809
6913,8644,8645,3,0,0.36773817086063193
6914,8645,8646,2,0,0.019794754146169415
6915,8646,8647,3,0,0.12017802631366203
6916,8647,8648,3,0,0.11232042026083805
6917,8649,8650,1,1,0.19669259386039131
6918,8650,8651,5,0,0.24642708536443833
6919,8651,8652,5,0,0.27472427031260904
6920,8652,8653,3,0,0.1859701913949845
6921,8653,8654,4,0,0.10185270379955293
6922,8654,8655,3,1,0.73697443456327272
6923,8655,8656,3,0,0.34458153600455382
6924,8658,8659,2,0,0.06011208063041372
6925,8660,8661,4,0,0.0085204640551251095
6926,8661,8662,3,0,0.10818333259236829
6927,8664,8665,4,0,0.045127703340121395
6928,8665,8666,1,0,0.062455047217047727
6929,8666,8667,2,1,0.21147988395861089
6930,8668,8669,1,0,0.045105777761924717
6931,8669,8670,4,1,0.02608924750000003
6932,8670,8671,4,0,0.061469814480899769
6933,8671,8672,5,0,0.10813543427365879
6934,8672,8673,1,0,0.14097981329655454
6935,8673,8674,2,0,0.18505411152509121
6936,8674,8675,3,0,0.18383030489604629
6937,8676,8677,2,0,0.12395109553399436
6938,8677,8678,2,0,0.099492244298724539
6939,8678,8679,1,0,0.085658365477376319
6940,8679,8680,5,1,0.18938095981044972
6941,8680,8681,5,0,0.12193143811811871
6942,8682,8683,2,1,0.57897338180879776
6943,8685,8686,4,0,0.12125794129695654
6944,8686,8687,1,0,0.31694938316399596
6945,8687,8688,4,0,0.11252861897196458
6946,8688,8689,2,0,0.13235124228525261
6947,8690,8691,1,0,0.14118669097979469
6948,8691,8692,1,0,0.16639898775503678
6949,8692,8693,1,0,0.12258123965044899
6950,8693,8694,1,0,0.36979339497224883
6951,8694,8695,2,0,0.17319128341958956
6952,8695,8696,3,0,0.15359432544038751
6953,8696,8697,2,0,0.61792460676969119
6954,8697,8698,1,0,0.048361495887510708
6955,8699,8700,2,0,0.20902986983427879
6956,8700,8701,3,0,0.061895863990308463
6957,8701,8702,2,1,0.21959652400324553
6958,8702,8703,4,0,0.07577969868662493
6959,8703,8704,1,0,0
6960,8704,8705,3,0,0.08862874225464723
6961,8705,8706,1,0,0.036983848991823783
6962,8706,8707,4,0,0.027604803339392015
6963,8707,8708,4,1,0.69780377813010275
6964,8708,8709,1,1,0.5874110353705102
6965,8709,8710,4,0,0.2297703340165832
6966,8710,8711,1,0,0.11923311724888828
6967,8711,8712,4,0,0.12309996314893917
6968,8712,8713,1,0,0.23040970686964907
6969,8713,8714,2,1,0.24307481628006697
6970,8714,8715,2,0,0.18591514865660602
6971,8716,8717,3,1,0.61032879135168383
6972,8717,8718,4,0,0.060819952434387307
6973,8718,8719,1,0,0.20489190720983044
6974,8720,8721,4,0,0.21616707066560231
6975,8721,8722,3,0,0.040712089624584537
6976,8722,8723,4,0,0.16174339725532297
6977,8724,8725,3,0,0.10988194907242849
6978,8727,8728,1,1,0.58388146693516707
6979,8729,8730,2,0,0.10239911344074328
6980,8731,8732,1,0,0.023697462541832481
6981,8732,8733,1,0,0.24773565836784711
6982,8733,8734,5,0,0.016284209286244616
6983,8734,8735,4,0,0.20323002666785137
6984,8735,8736,3,0,0.53350831598623327
6985,8736,8737,4,1,0.089034219097971531
6986,8737,8738,4,0,0.046361741213628599
6987,8739,8740,4,0,0.1768986484868989
6988,8740,8741,3,0,0.0081467204424581236
6989,8741,8742,3,1,0.74331471570826901
6990,8742,8743,5,0,0.049809076163981884
6991,8743,8744,4,0,0.063444102580027542
6992,8744,8745,5,0,0.12792719887209969
6993,8745,8746,4,0,0.17781702998379206
6994,8746,8747,4,0,0.052964423043694947
6995,8747,8748,1,0,0.071356621947372773
6996,8748,8749,4,0,0.038643147861510636
6997,8749,8750,1,0,0.20558379887716086
6998,8750,8751,3,0,0.034170384242096383
6999,8751,8752,4,0,0.16024559409777875
7000,8752,8753,2,1,0.12460631452035384
7001,8754,8755,2,0,0.10972641879333106
7002,8756,8757,4,0,0.2229913298701176
7003,8758,8759,5,1,0.11161001647731403
7004,8759,8760,2,0,0.069862915789120558
7005,8761,8762,5,0,0.21654818307159432
7006,8762,8763,3,0,0.064402964540309679
7007,8763,8764,1,0,0.058060355655664787
7008,8764,8765,1,0,0.11076390330871445
7009,8765,8766,2,1,0.29663488262892435
7010,8766,8767,2,0,0.23782028030701999
7011,8768,8769,3,1,0.68395754515001295
7012,8769,8770,4,0,0.33815520453537273
7013,8771,8772,1,0,0.047992899371838066
7014,8772,8773,5,1,0.63800546470323283
7015,8773,8774,4,1,0.17993630374862701
7016,8775,8776,4,0,0.018285244863781122
7017,8776,8777,5,0,0.029825632373072959
7018,8777,8778,2,0,0.10051275745203281
7019,8778,8779,5,0,0.071286769063968289
7020,8780,8781,3,0,0.6585986062304392
7021,8781,8782,2,1,0.35827861032201391
7022,8782,8783,3,0,0.053522275031772204
7023,8784,8785,4,0,0.03369571992461233
7024,8785,8786,4,0,0.019658634671554199
7025,8786,8787,3,0,0.12847563795287281
7026,8789,8790,5,0,0.035996806710773856
7027,8790,8791,5,0,0.20276381202474278
7028,8791,8792,5,0,0.19595014404433023
7029,8792,8793,1,0,0.19136630143092542
7030,8793,8794,2,0,0.14964817682426559
7031,8794,8795,5,1,0.26302622334397235
7032,8795,8796,4,0,0.18879768848137776
7033,8796,8797,4,1,0.047122283734750393
7034,8797,8798,1,1,0.81209585061949019
7035,8798,8799,2,0,0.19460147910352243
7036,8799,8800,2,0,0.14029505671688167
7037,8800,8801,3,1,0.095634980067439049
7038,8801,8802,4,1,0.22310846310595797
7039,8802,8803,3,0,0.56592936724576171
7040,8804,8805,4,0,0.1364981278556128
7041,8805,8806,4,0,0.11439502545552886
7042,8806,8807,4,1,0.19565220707640429
7043,8807,8808,2,0,0.17926806790722402
7044,8810,8811,3,1,0.29610038349341117
7045,8812,8813,2,1,0.20417991109026781
7046,8814,8815,1,0,0.72133406850767501
7047,8815,8816,5,1,0.26445365432603835
7048,8816,8817,4,0,0.18750820475902541
7049,8818,8819,5,0,0.028938214343596766
7050,8819,8820,5,0,0.13018237803407542
7051,8820,8821,4,1,0.16023674429317322
7052,8822,8823,2,0,0.19699427774026232
7053,8823,8824,2,0,0.10160639388658715
7054,8824,8825,5,1,0.23807599012595357
7055,8825,8826,3,0,0.19745273383319714
7056,8826,8827,1,0,0.017396568838151247
7057,8827,8828,1,0,0.14738802315198143
7058,8828,8829,3,0,0.18062527895848518
7059,8829,8830,4,0,0.076593030723342143
7060,8830,8831,1,0,0.44528215962849826
7061,8831,8832,5,1,0.41209609798441976
7062,8832,8833,1,0,0.087955990584912117
7063,8834,8835,1,0,0.20695838866916796
7064,8835,8836,3,0,0.1596879793468188
7065,8837,8838,2,0,0.070956558783356757
7066,8838,8839,5,0,0.28031897549486856
7067,8839,8840,2,0,0.11031699145376937
7068,8841,8842,1,0,0.05934493147674446
7069,8842,8843,2,0,0.27747141061164493
7070,8843,8844,4,0,0.68175422786445894
7071,8844,8845,4,0,0.25070975694357872
7072,8845,8846,2,0,0.10621949426544848
7073,8846,8847,2,1,0.61874230933740815
7074,8847,8848,2,0,0.18730413931893833
7075,8848,8849,1,0,0.21146579779670904
7076,8849,8850,5,0,0.088498556599482511
7077,8850,8851,4,0,0.11807617805419737
7078,8851,8852,4,0,0.12772874078345359
7079,8852,8853,3,0,0.034891189620912394
7080,8853,8854,3,0,0.21458914204566479
7081,8854,8855,5,0,0.25745121121781867
7082,8857,8858,3,1,0.44393161508621026
7083,8858,8859,3,1,0.3593698684371448
7084,8859,8860,3,1,0.15073022347385853
7085,8861,8862,5,0,0.11317498168747347
7086,8862,8863,2,0,0.087585691704382879
7087,8863,8864,5,0,0.10140249604512225
7088,8864,8865,4,1,0.32190717071570307
7089,8866,8867,3,0,0.11485033226283797
7090,8867,8868,1,1,0.62546568415033843
7091,8868,8869,1,0,0.42629585090064964
7092,8869,8870,4,1,0.14056419347185001
7093,8870,8871,1,0,0.038958288965266347
7094,8871,8872,1,0,1
7095,8874,8875,2,0,0.086763815389876264
7096,8875,8876,3,0,0.14407805765557333
7097,8876,8877,1,0,0.086731334506610941
7098,8877,8878,1,1,0.68546634240875171
7099,8878,8879,4,0,0.12430298746300439
7100,8879,8880,1,0,0.071443400903923912
7101,8880,8881,2,0,0.12851903301711853
7102,8881,8882,3,0,0.20251232165343161
7103,8882,8883,4,0,0.038711293813258899
7104,8883,8884,1,1,0.64603479053335167
7105,8884,8885,5,0,0.17420691661628221
7106,8885,8886,1,0,0.073784797720063008
7107,8886,8887,1,1,0.49786084013597703
7108,8888,8889,2,1,0.17850071167716031
7109,8890,8891,2,0,0.01825532062851299
7110,8891,8892,5,1,0.17842914446949651
7111,8892,8893,2,0,0.13663929737960845
7112,8893,8894,4,0,0.17489397396746639
7113,8895,8896,2,0,0.19938492605656935
7114,8896,8897,2,0,0.07717354182740542
7115,8898,8899,2,1,0.51931930035238594
7116,8899,8900,5,0,0.021024219209743258
7117,8900,8901,4,0,0.17133595508075655
7118,8901,8902,5,0,0.15654637421790571
7119,8903,8904,4,0,0.011997614181000869
7120,8904,8905,3,0,0.1385569750496139
7121,8905,8906,1,0,0.67086737797944285
7122,8906,8907,3,0,0.031887149433001312
7123,8908,8909,3,0,0.17046656986634567
7124,8909,8910,1,0,0.19494869082967431
7125,8910,8911,3,0,0.63010136616244816
7126,8911,8912,5,0,0.084931020279357686
7127,8912,8913,4,0,0.11601777772241675
7128,8913,8914,5,0,0.11469236273092898
7129,8915,8916,5,1,0.089486640446658355
7130,8916,8917,2,0,0.27794620262233138
7131,8917,8918,5,1,0.2420470852584915
7132,8918,8919,4,0,0.043401827469175529
7133,8919,8920,4,1,0.60209587369104811
7134,8920,8921,3,0,0.083101074893848409
7135,8921,8922,4,0,0.13566770455996799
7136,8922,8923,3,0,0.033369320346453409
7137,8923,8924,3,0,0.057605470605636658
7138,8925,8926,3,1,0.269793566617822
7139,8926,8927,1,0,0.052049174700799082
7140,8927,8928,2,0,0.11179474789127584
7141,8928,8929,1,0,0.038795051127348192
7142,8929,8930,5,1,0.66227595721089594
7143,8930,8931,5,0,0.040689893689009077
7144,8931,8932,5,0,0.21383905781670681
7145,8933,8934,4,0,0.029198771277858991
7146,8934,8935,1,0,0.19858862633587471
7147,8935,8936,2,0,0.062942801083525138
7148,8936,8937,5,0,0.7307419832621741
7149,8937,8938,3,1,0.6807737466499818
7150,8938,8939,2,0,0.084861767008989578
7151,8939,8940,5,0,0.081499483943732243
7152,8940,8941,3,0,0.12764355572929142
7153,8941,8942,3,0,0.079856457077959797
7154,8943,8944,5,0,0.058917546471611709
7155,8944,8945,1,1,0.53834069302184506
7156,8945,8946,5,0,0.17447876757045022
7157,8948,8949,5,1,0.074326840425634394
7158,8949,8950,5,0,0.066881427360037118
7159,8951,8952,3,0,0.3055907896893138
7160,8952,8953,2,0,0.072467191346121257
7161,8953,8954,3,1,0.64435209824360984
7162,8954,8955,1,0,0.10904710398245193
7163,8955,8956,3,0,0.21657051545855205
7164,8956,8957,4,0,0.11224295417985758
7165,8959,8960,1,0,0.32489594306299235
7166,8960,8961,3,0,0.084727709606885401
7167,8961,8962,2,0,0.014568192574253446
7168,8963,8964,5,0,0.046662505721264735
7169,8964,8965,4,0,0.15879890418763651
7170,8965,8966,3,1,0.22542632903240237
7171,8966,8967,1,1,0.54851716593993005
7172,8967,8968,2,0,0.11704242130799225
7173,8968,8969,1,0,0.07418199919521537
7174,8969,8970,5,0,0.017621968611142902
7175,8970,8971,3,0,0.066741967531879068
7176,8971,8972,2,1,0.21860289356710935
7177,8972,8973,3,1,0.14612131391061911
7178,8974,8975,4,1,0.61679355561591731
7179,8975,8976,2,0,0.061400744133522547
7180,8976,8977,2,0,0.18374990750820255
7181,8977,8978,3,0,0.069407307954958627
7182,8978,8979,4,0,0.075191588963088044
7183,8979,8980,4,0,0.040154687995823141
7184,8981,8982,5,0,0.18225002987077332
7185,8983,8984,5,1,0.20541570983230606
7186,8984,8985,3,1,0.28327776478239763
7187,8985,8986,3,0,0.12186085487335156
7188,8987,8988,5,1,0.27261953766584168
7189,8988,8989,2,1,0.38922839419171157
7190,8991,8992,4,1,0.23747716122868556
7191,8992,8993,4,0,0.086370381002173577
7192,8993,8994,2,0,0.16914001183797406
7193,8994,8995,1,0,0.39538657613605654
7194,8995,8996,5,0,0.20799916217610662
7195,8996,8997,5,0,0.19187124278093179
7196,8997,8998,1,0,0.56237155328183519
7197,9004,9005,4,0,0.36833393076432325
7198,9005,9006,1,0,0.13742142297507423
7199,9007,9008,1,0,0.24050850167919569
7200,9008,9009,3,0,0.059689502603608044
7201,9009,9010,1,0,0.51699321951595434
7202,9014,9015,5,0,0.15026763045284114
7203,9016,9017,1,0,0.66131790775706811
7204,9017,9018,1,0,0.46699161003027628
7205,9018,9019,2,0,0.12972535948162209
7206,9019,9020,1,1,0.73578049042211202
7207,9021,9022,4,0,0.024694623470028973
7208,9022,9023,4,0,0.18872995693532482
7209,9023,9024,1,1,0.46345948779315876
7210,9024,9025,3,0,0.016374988721636896
7211,9025,9026,2,0,0.12109801923606081
7212,9026,9027,5,0,0.14501425683622968
7213,9027,9028,3,0,0.07592640841184474
7214,9028,9029,3,0,0.27585857583719647
7215,9029,9030,4,0,0.42882979717862718
7216,9033,9034,4,0,0.7374761803274632
7217,9034,9035,3,0,0.3174800582032678
7218,9038,9039,5,0,0.048625179559408545
7219,9039,9040,2,0,0.071597458470036679
7220,9040,9041,5,1,0.37388631139679074
7221,9041,9042,4,0,0.0098235222140431264
7222,9042,9043,5,0,0.083020299104844625
7223,9045,9046,1,0,0.048423179470973472
7224,9046,9047,5,0,0.15067168685598298
7225,9047,9048,4,0,0.74138135300083785
7226,9048,9049,1,0,0.23138606733730052
7227,9049,9050,1,0,0.029092544959201837
7228,9051,9052,1,1,0.10149313355809235
7229,9052,9053,1,0,0.068382371174467715
7230,9053,9054,3,0,0.18544378637887773
7231,9054,9055,4,1,0.210919178037002
7232,9055,9056,2,0,0.051567215035801424
7233,9056,9057,5,0,0.16512862992635507
7234,9057,9058,5,0,0.15680286237011509
7235,9058,9059,2,0,0.075836038840816355
7236,9059,9060,4,0,0.077422003217601079
7237,9060,9061,1,0,0.13863983841096369
7238,9063,9064,4,0,0.21076920818381906
7239,9064,9065,5,0,0.047174856137688223
7240,9065,9066,2,0,0.093651337457227701
7241,9066,9067,3,0,0.52568302100109998
7242,9067,9068,1,0,0.17567563440441197
7243,9068,9069,1,0,0.13540961522972927
7244,9069,9070,5,1,0.14925359272652286
7245,9070,9071,1,0,0.18972758775250448
7246,9071,9072,5,0,0.12274154755994364
7247,9072,9073,5,0,0.20433028974258816
7248,9074,9075,4,0,0.77793145478343906
7249,9075,9076,4,1,0.17235662023490891
7250,9076,9077,2,1,0.20955601471686156
7251,9077,9078,4,1,0.11338097604586092
7252,9078,9079,1,1,0.19245005530888951
7253,9080,9081,2,1,0.21222006630598519
7254,9081,9082,5,0,0.27177928652549671
7255,9082,9083,1,0,0.44585330477502333
7256,9083,9084,1,0,0.12193199800561647
7257,9084,9085,4,1,0.69557881394688137
7258,9085,9086,2,0,0.23545844681048614
7259,9086,9087,5,0,0.22834949342790409
7260,9087,9088,4,0,0.20714722040139985
7261,9088,9089,1,0,0.15126731105455787
7262,9090,9091,3,0,0.0085792807507362925
7263,9092,9093,4,0,0.17176951678431399
7264,9094,9095,3,0,0.076180658419061506
7265,9096,9097,5,0,0.05381584891015849
7266,9098,9099,5,1,0.7671990447117073
7267,9100,9101,4,1,0.28793979999488928
7268,9101,9102,4,0,0.16752368468172527
7269,9102,9103,3,1,0.71313466728683605
7270,9104,9105,3,0,0.11751033693417644
7271,9106,9107,1,1,0.48707749578959253
7272,9107,9108,3,1,0.73406830990498007
7273,9108,9109,5,0,0.1130158658805451
7274,9109,9110,3,0,0.044987396561985617
7275,9111,9112,4,0,0.12116917064679122
7276,9113,9114,1,0,0.046112211433080127
7277,9114,9115,1,0,0.043223771603652927
7278,9115,9116,1,0,0.30315315033406653
7279,9116,9117,3,0,0.0092757490275822037
7280,9118,9119,3,1,0.22595779844844827
7281,9119,9120,2,0,0.19487880863640819
7282,9120,9121,5,0,0.1119226231108012
7283,9121,9122,3,0,0.10830818079984361
7284,9122,9123,5,0,0.33141357219398887
7285,9123,9124,1,1,0.56375847509691768
7286,9124,9125,1,1,0.060945523327389457
7287,9125,9126,5,0,0.081595274848706115
7288,9126,9127,4,0,0.058948970721582339
7289,9127,9128,2,0,0.15303900400586665
7290,9128,9129,5,0,0.073084826487017446
7291,9129,9130,3,0,0.10011494414748999
7292,9131,9132,2,1,0.083079462134612717
7293,9133,9134,2,0,0.25988163654545804
7294,9138,9139,3,0,0.045055447747401341
7295,9139,9140,4,0,0.23407710427475981
7296,9140,9141,4,0,0.097920501670816423
7297,9141,9142,2,0,0.077589549791275969
7298,9143,9144,5,0,0.07806218205919177
7299,9144,9145,5,0,0.39056783051967986
7300,9145,9146,5,0,0.059116155851193619
7301,9147,9148,2,1,0.43688179573041147
7302,9148,9149,3,1,0.42279837543286097
7303,9149,9150,1,0,0.1268731883062913
7304,9150,9151,2,0,0.13201322989867895
7305,9151,9152,1,1,0.29283244659381819
7306,9152,9153,1,0,0.18195630518512909
7307,9153,9154,4,0,0.21109589955383504
7308,9155,9156,5,0,0.13842840897408951
7309,9156,9157,4,0,0.016296251537604011
7310,9158,9159,3,0,0.26759566478550784
7311,9159,9160,5,0,0.07504394401780258
7312,9160,9161,5,0,0.15120339554989204
7313,9161,9162,3,0,0.021107762643212662
7314,9162,9163,4,0,0.18949720207172221
7315,9163,9164,3,0,0.14893551227475144
7316,9164,9165,1,1,0.64292864770164371
7317,9166,9167,1,1,0.64534409514311275
7318,9167,9168,5,1,0.24783495371430356
7319,9168,9169,1,0,0.11672624435642877
7320,9169,9170,5,0,0.089533173753280459
7321,9170,9171,3,1,0.70729212649207807
7322,9171,9172,1,0,0.46458519159571776
7323,9172,9173,5,0,0.045693634690375552
7324,9173,9174,4,0,0.17801316222229813
7325,9174,9175,4,1,0.48584688903219048
7326,9175,9176,2,0,0.10040532201981918
7327,9176,9177,4,0,0.15947454077385029
7328,9178,9179,3,0,0.17000038308627327
7329,9179,9180,3,0,0.16126300609750013
7330,9180,9181,1,0,0.058335821009388153
7331,9181,9182,2,0,0.11173372908891005
7332,9183,9184,4,0,0.022378791701411792
7333,9185,9186,4,0,0.0492263624527398
7334,9187,9188,3,1,0.53902934904585842
7335,9189,9190,1,1,0.27969039883912378
7336,9192,9193,5,1,0.54243716760973193
7337,9193,9194,1,0,0.58709753674899134
7338,9194,9195,4,1,0.73944556618691126
7339,9195,9196,4,1,0.17766246598707469
7340,9196,9197,2,1,0.11685726947182885
7341,9197,9198,3,1,0.53622948909115864
7342,9198,9199,5,0,0.16988103123675719
7343,9199,9200,2,0,0.049208091027829449
7344,9201,9202,2,0,0.13944978910076908
7345,9202,9203,2,0,0.10883112631154598
7346,9203,9204,5,0,0.10922720963022031
7347,9204,9205,5,0,0.043935665825775447
7348,9206,9207,5,0,0.081957628714076441
7349,9207,9208,4,0,0.15776406947168981
7350,9208,9209,3,0,0.1169883568399859
7351,9211,9212,3,0,0.085842396376861627
7352,9212,9213,1,0,0.52345184953855028
7353,9213,9214,3,0,0.056269532211025777
7354,9214,9215,3,1,0.63321505100775521
7355,9216,9217,4,1,0.1562596834772538
7356,9217,9218,3,1,0.14322624119735841
7357,9219,9220,2,0,0.25084865681639801
7358,9220,9221,5,0,0.066582017574470895
7359,9221,9222,4,1,0.99998974445119759
7360,9222,9223,2,1,0.63254739494469636
7361,9223,9224,2,0,0.10957880163675779
7362,9224,9225,4,0,0.13088766598151644
7363,9225,9226,4,0,0.113678182475725
7364,9226,9227,4,0,0.27813456674991754
7365,9227,9228,4,1,0.68597828385179149
7366,9228,9229,4,1,0.18583521461778171
7367,9230,9231,1,0,0.36823850637836475
7368,9231,9232,3,0,0.23234455837667434
7369,9232,9233,5,0,0.15122345087959066
7370,9234,9235,4,0,0.50958771714932383
7371,9235,9236,4,0,0.26062813874288426
7372,9237,9238,2,0,0.15828323499244801
7373,9239,9240,3,0,0.14856610947194046
7374,9241,9242,1,1,0.15946722065166813
7375,9242,9243,5,0,0.041746641820855218
7376,9243,9244,2,0,0.032752849515708712
7377,9244,9245,4,0,0.19933121725465974
7378,9247,9248,4,1,0.060958094182694079
7379,9248,9249,5,0,0.086137848537388803
7380,9249,9250,2,0,0.12949449392668225
7381,9252,9253,5,1,0.12053670759372477
7382,9253,9254,3,0,0.18422617937518618
7383,9254,9255,2,0,0.084932471693414391
7384,9255,9256,4,1,0.067539739645652089
7385,9256,9257,2,1,0.39764047438376193
7386,9257,9258,2,0,0.10307132451621326
7387,9258,9259,4,0,0.14574218316418619
7388,9259,9260,3,0,0.083952980660174703
7389,9260,9261,3,0,0.15560494177753528
7390,9261,9262,3,0,0.069731568515512987
7391,9262,9263,4,0,0.14991597659601349
7392,9263,9264,1,0,0.29888852170007663
7393,9264,9265,5,0,0.30744484311671849
7394,9265,9266,5,0,0.065862902652067346
7395,9266,9267,3,0,0.058914936936333796
7396,9268,9269,3,0,0.076569011072032581
7397,9269,9270,5,0,0.062317662972777708
7398,9270,9271,4,0,0.1075676139831801
7399,9271,9272,4,1,0.7527720063680019
7400,9272,9273,3,1,0.78058902427310772
7401,9275,9276,5,0,0.12430731140727919
7402,9277,9278,3,0,0.21654766205518158
7403,9278,9279,1,0,0.11578163826282724
7404,9279,9280,2,1,0.19412517100654053
7405,9280,9281,3,0,0.36809237238305714
7406,9282,9283,1,0,0.12911610794937189
7407,9283,9284,3,0,0.69358863272938409
7408,9285,9286,5,0,0.16558879254455428
7409,9287,9288,5,1,0.47906133414165014
7410,9288,9289,2,1,0.14911548228585023
7411,9289,9290,4,1,0.73590443233626124
7412,9290,9291,1,0,0.024921501126273705
7413,9292,9293,2,1,0.41033665078998871
7414,9293,9294,2,0,0.17928206236191227
7415,9294,9295,2,0,0.44308851475426159
7416,9295,9296,5,1,0.46419558493999635
7417,9296,9297,5,0,0.080162040960927036
7418,9297,9298,1,0,0.12518596717593289
7419,9298,9299,3,0,0.17330592109036685
7420,9299,9300,4,0,0.19726385914543981
7421,9300,9301,5,1,0.083356481351824149
7422,9301,9302,3,1,0.34753679612739025
7423,9302,9303,5,0,0.2178644068359652
7424,9303,9304,3,0,0.034903993197847476
7425,9304,9305,3,0,0.17915867007064323
7426,9305,9306,4,1,0.63925605955936426
7427,9307,9308,2,1,0.19985324448661709
7428,9308,9309,4,0,0.43446911910045499
7429,9310,9311,2,1,0.069390132472482866
7430,9311,9312,2,0,0.019622012628449155
7431,9312,9313,4,0,0.04709043595842613
7432,9313,9314,1,1,0.40468333833676567
7433,9315,9316,4,0,0.27608754228133892
7434,9316,9317,1,1,0.30753277128937589
7435,9317,9318,3,0,0.059466123820092601
7436,9318,9319,1,0,0.61503872985030361
7437,9320,9321,5,0,0.051794047404247125
7438,9321,9322,4,0,0.021513446222873222
7439,9322,9323,4,0,0.21902973160758626
7440,9323,9324,5,1,0.050537458309444311
7441,9325,9326,5,0,0.34623545166060132
7442,9326,9327,5,0,0.047900398533082235
7443,9327,9328,1,0,0.067438023848260267
7444,9328,9329,4,1,0.58915428311959328
7445,9329,9330,4,0,0.12809605003130922
7446,9330,9331,1,0,0.076079579047083762
7447,9331,9332,2,0,0.037548512518052087
7448,9332,9333,3,0,0.057042322045004236
7449,9334,9335,4,1,0.079583807177137797
7450,9336,9337,5,1,0.51947689626103855
7451,9337,9338,5,1,0.14205044085679813
7452,9338,9339,1,0,0.074706607949406312
7453,9339,9340,2,1,0.46110648638539659
7454,9340,9341,1,1,0.56945084766480203
7455,9341,9342,1,0,0.13860424950675762
7456,9343,9344,4,1,0.53763673991717875
7457,9344,9345,3,0,0.21635428368340809
7458,9345,9346,2,0,0.046499729024291746
7459,9346,9347,4,1,0.23032359230663033
7460,9347,9348,2,0,0.12289682815171066
7461,9348,9349,4,0,0.32225379197695553
7462,9349,9350,5,0,0.080533346466923686
7463,9350,9351,5,0,0.09545246270226608
7464,9351,9352,3,0,0.20063066532407367
7465,9352,9353,4,0,0.15731748481331553
7466,9354,9355,2,0,0.21706518304202282
7467,9355,9356,4,0,0.03600238871263238
7468,9357,9358,2,0,0.15391082162255848
7469,9359,9360,5,0,0
7470,9360,9361,4,0,0.12756345032930946
7471,9361,9362,1,0,0.34906240849961417
7472,9362,9363,1,0,0.049020960922647398
7473,9363,9364,3,0,0.082823586574932523
7474,9364,9365,2,1,0.03158692157356302
7475,9365,9366,1,0,0.20653660158984147
7476,9366,9367,3,0,0.16004123245585175
7477,9367,9368,5,0,0.17156603972315795
7478,9368,9369,2,1,0.038587552319125702
7479,9369,9370,3,0,0.024965337853394637
7480,9370,9371,1,1,0.23628458782443074
7481,9372,9373,5,0,0.12967564291095998
7482,9373,9374,5,0,0.533480632784604
7483,9374,9375,1,0,0.14748150721312248
7484,9375,9376,1,1,0.18184667339326288
7485,9376,9377,2,1,0.23392484191961868
7486,9377,9378,1,1,0.14944007304332557
7487,9378,9379,5,0,0.015602154892206576
7488,9379,9380,2,1,0.27604979795979073
7489,9380,9381,1,0,0.080748614800335308
7490,9381,9382,1,0,0.59432274409924535
7491,9382,9383,2,0,0.074159305720730526
7492,9383,9384,3,0,0.29033576755380924
7493,9384,9385,2,0,0.48076464948567799
7494,9387,9388,2,0,0.16989387963813957
7495,9388,9389,3,0,0.17859635131689272
7496,9390,9391,5,0,0.0088355656984500063
7497,9391,9392,2,1,0.31470027641528459
7498,9392,9393,5,0,0.31947234231681243
7499,9394,9395,5,0,0.010525227320023629
7500,9395,9396,5,1,0.18058552657808255
7501,9396,9397,4,0,0.65322822450731
7502,9397,9398,5,0,0.10631664371656692
7503,9398,9399,1,0,0.026358706362036442
7504,9399,9400,5,1,0.067144169663127917
7505,9400,9401,5,1,0.16583574537794124
7506,9402,9403,5,0,0.15233152111731424
7507,9403,9404,1,0,0.011038146026957464
7508,9404,9405,1,0,0.072197379856918556
7509,9405,9406,4,0,0.11144055962364223
7510,9406,9407,3,1,0.17632279730205339
7511,9407,9408,2,0,0
7512,9408,9409,1,0,0.51664284181456377
7513,9409,9410,5,0,0.098624839368919609
7514,9410,9411,2,0,0.029221690051825774
7515,9411,9412,1,0,0.170030605999793
7516,9412,9413,1,0,0.25067553429005268
7517,9413,9414,3,1,0.74026895353888933
7518,9414,9415,2,0,0.065416375612243727
7519,9415,9416,5,0,0.43623281277120873
7520,9417,9418,3,0,0.13122261511508335
7521,9418,9419,3,0,0.48595654160320773
7522,9419,9420,4,0,0.52718499320854151
7523,9421,9422,3,0,0.067879165990250998
7524,9422,9423,1,0,0.078851316212514053
7525,9423,9424,2,0,0.14367478752582966
7526,9424,9425,3,1,0.19461572428679394
7527,9427,9428,3,0,0.16847007170723421
7528,9428,9429,5,1,0.44832587439194599
7529,9429,9430,4,0,0.66987102874250093
7530,9430,9431,4,0,0.37483124333955781
7531,9431,9432,3,0,0.088853950217319011
7532,9432,9433,4,0,0.1093355333794279
7533,9433,9434,4,1,0.17708741441774936
7534,9434,9435,2,0,0.10780307702756242
7535,9435,9436,1,0,0.43664828546886442
7536,9436,9437,3,0,0.023865735069820603
7537,9437,9438,3,1,0.47042563971521578
7538,9438,9439,4,0,0.19294304053053804
7539,9439,9440,4,1,0.1656736324935956
7540,9440,9441,2,0,0.34243959137273633
7541,9441,9442,3,0,0.10761094568865688
7542,9442,9443,5,0,0.043579177827406439
7543,9443,9444,4,0,0.07379634402566744
7544,9444,9445,4,0,0.16052322418132112
7545,9445,9446,2,1,0.41694070436448166
7546,9448,9449,4,0,0.048657640385207909
7547,9451,9452,2,1,0.72666815725603495
7548,9452,9453,1,0,0.11245978925270893
7549,9453,9454,3,0,0.12766101383823675
7550,9454,9455,2,0,0.12997320115460692
7551,9455,9456,1,0,0.11001872424518465
7552,9456,9457,2,0,0.10351684399905575
7553,9457,9458,2,1,0.38250167509171418
7554,9458,9459,5,1,0.10242894513765964
7555,9459,9460,2,0,0.11144386557965805
7556,9460,9461,1,1,0.15312567713622108
7557,9461,9462,4,0,0.038720807891303714
7558,9462,9463,5,1,0.6076561366699188
7559,9463,9464,4,0,0.41176504498145872
7560,9465,9466,4,0,0.24259372837368939
7561,9466,9467,3,0,0.056775813622760372
7562,9467,9468,4,0,0.17806425769783707
7563,9468,9469,3,1,0.21888898257074385
7564,9469,9470,3,0,0.1567765689025622
7565,9470,9471,5,0,0.079081918194505565
7566,9471,9472,3,0,0.077296811704946525
7567,9472,9473,2,1,0.44624111929121585
7568,9473,9474,3,0,0.17784893585485503
7569,9474,9475,1,0,0.043220544661069324
7570,9476,9477,5,0,0.19490299247044704
7571,9477,9478,4,1,0.12429826300912457
7572,9478,9479,5,0,0.089945447981583701
7573,9480,9481,2,1,0.24682593942336123
7574,9481,9482,3,0,0.18522292252610945
7575,9482,9483,4,0,0.12453971997818331
7576,9483,9484,3,1,0.79230700088225658
7577,9484,9485,1,0,0.07631024068866317
7578,9485,9486,4,0,0.28516432201286801
7579,9486,9487,4,0,0.096788027428233545
7580,9487,9488,2,0,0.042984220242710196
7581,9488,9489,1,1,0.14961653630528773
7582,9490,9491,3,0,0.20574788859628673
7583,9491,9492,4,0,0.26187328514351171
7584,9493,9494,5,1,0.13335714613208546
7585,9494,9495,2,1,0.57995768323870223
7586,9496,9497,3,0,0.058647444294254371
7587,9498,9499,2,0,0.21224135288465487
7588,9499,9500,4,0,0.21458124055574077
7589,9500,9501,1,0,0.083615497557939497
7590,9501,9502,4,0,0.07373681563232512
7591,9503,9504,1,0,0.60601179098653235
7592,9505,9506,2,0,0.079659022074877253
7593,9506,9507,2,0,0.17304288702852896
7594,9508,9509,5,0,0.17593860577445003
7595,9510,9511,4,0,0.088046165757058661
7596,9511,9512,3,0,0.14108619044743634
7597,9512,9513,4,0,0.12431655758624292
7598,9513,9514,3,0,0.12233166443983524
7599,9514,9515,4,0,0.14624277990157269
7600,9515,9516,2,0,0.061578458713826265
7601,9516,9517,1,0,0.039838065583032871
7602,9518,9519,3,0,0.051726973612265352
7603,9519,9520,5,0,0.61512692032806937
7604,9520,9521,5,0,0.13404602478494015
7605,9522,9523,3,0,0.034542423169282147
7606,9523,9524,4,0,0.14296846621290543
7607,9524,9525,2,0,0.10059024318013995
7608,9525,9526,4,0,0.20383634409849272
7609,9527,9528,1,1,0.11012231340620299
7610,9529,9530,1,0,0.030572098347661874
7611,9530,9531,3,0,0.11715381172804164
7612,9532,9533,3,1,0.13757623298109453
7613,9533,9534,2,1,0.26497109977487243
7614,9534,9535,4,0,0.03575153623817541
7615,9535,9536,4,0,0.062634117361439465
7616,9536,9537,3,1,0.039895881431736745
7617,9537,9538,1,1,0.61969400083447912
7618,9538,9539,5,0,0.1162626290594439
7619,9539,9540,4,0,0.22036253064024025
7620,9540,9541,1,0,0.10615928033800141
7621,9542,9543,4,0,0.13814306198245324
7622,9543,9544,5,1,0.1142225100035891
7623,9544,9545,3,0,0.16956448796147455
7624,9545,9546,5,0,0.097545908922926444
7625,9546,9547,1,0,0.15040902038500889
7626,9547,9548,4,0,0.061486953658889405
7627,9548,9549,3,0,0.22178109530636755
7628,9549,9550,2,0,0.45742600923462245
7629,9551,9552,4,0,0.24424016851438959
7630,9553,9554,5,0,0.058864059650700885
7631,9555,9556,5,0,0.098346476518217027
7632,9556,9557,3,1,0.24463046491365012
7633,9557,9558,3,0,0.16826145407835019
7634,9558,9559,2,0,0.087680625196545375
7635,9559,9560,4,1,0.20135259266037842
7636,9560,9561,2,0,0.10024126753342497
7637,9561,9562,4,0,0.11201598679720715
7638,9562,9563,2,1,0.61667865800549826
7639,9564,9565,2,0,0.074222746816372503
7640,9565,9566,2,0,0.073504458376830284
7641,9567,9568,2,0,0.27732066853216997
7642,9568,9569,5,1,0.094320057481444633
7643,9570,9571,4,0,0.57707862134578003
7644,9571,9572,3,0,0.38381555654602351
7645,9572,9573,2,0,0.12454832490330181
7646,9573,9574,5,0,0.21340076731542515
7647,9574,9575,1,0,0.15269976682152955
7648,9575,9576,1,0,0.060986348622105127
7649,9576,9577,2,1,0.44101592757499825
7650,9577,9578,5,0,0.096356254294396329
7651,9578,9579,5,0,0.15102031149932102
7652,9579,9580,2,0,0.14730237493413292
7653,9580,9581,2,0,0.090285007014602223
7654,9582,9583,3,1,0.67885931418686563
7655,9583,9584,3,1,0.76989329440427223
7656,9584,9585,1,1,0.65863837312473106
7657,9585,9586,5,0,0.18874087719068186
7658,9586,9587,2,1,0.13924145149797001
7659,9587,9588,3,0,0.21850894393813236
7660,9589,9590,5,1,0.23482880406522419
7661,9590,9591,4,0,0.24013958754009704
7662,9591,9592,4,0,0.126829311470572
7663,9593,9594,2,1,0.74847360092817994
7664,9594,9595,5,0,0.10126056618646866
7665,9595,9596,4,0,0.22474286470644284
7666,9597,9598,2,0,0.058799650684555622
7667,9599,9600,3,0,0.31595317924915356
7668,9600,9601,3,0,0.36030922232994189
7669,9602,9603,2,0,0.044406832790429909
7670,9603,9604,5,0,0.25856809668814607
7671,9604,9605,5,1,0.16960553257242475
7672,9605,9606,1,0,0.056537845576174826
7673,9606,9607,1,0,0.046421476820067274
7674,9607,9608,3,0,0.27169290463244461
7675,9608,9609,3,0,0.070130961422473798
7676,9610,9611,1,0,0.15188180397228743
7677,9611,9612,5,0,0.084044432533929847
7678,9612,9613,1,0,0.02427060834630692
7679,9613,9614,1,1,0.77333898826630687
7680,9614,9615,3,0,0.14959050983591282
7681,9615,9616,2,0,0.20959700767343467
7682,9616,9617,3,0,0.32666519042367087
7683,9617,9618,4,0,0.20965392831528754
7684,9618,9619,1,0,0.18081732885033733
7685,9619,9620,5,1,0.36898627426935016
7686,9620,9621,1,0,0.020660174622259969
7687,9621,9622,3,0,0.090227667017314286
7688,9623,9624,4,0,0.12616295536258679
7689,9624,9625,1,0,0.26076708184698638
7690,9626,9627,5,0,0.15662969676593375
7691,9627,9628,5,0,0.060972058022839899
7692,9628,9629,2,1,0.22194349580697267
7693,9629,9630,2,0,0.12166958279166833
7694,9630,9631,3,0,0.59506364061319983
7695,9631,9632,2,0,0.088395896697216828
7696,9632,9633,4,1,0.59035356884189183
7697,9633,9634,2,0,0.22872635172180164
7698,9635,9636,5,0,0.17591848725407863
7699,9636,9637,5,0,0.22672897851545076
7700,9637,9638,4,0,0.17081572904222184
7701,9638,9639,2,0,0.20437005363904331
7702,9639,9640,4,0,0.0076477224977277696
7703,9640,9641,2,1,0.32752034445777256
7704,9642,9643,4,0,0.14441412770498149
7705,9643,9644,5,0,0.14699019817872658
7706,9644,9645,2,0,0.18680738463807678
7707,9645,9646,3,0,0.15770893514781434
7708,9646,9647,1,0,0.60010768731537989
7709,9647,9648,1,0,0.070835974279962105
7710,9648,9649,2,0,0.019106652258632933
7711,9649,9650,2,0,0.10185141459158099
7712,9650,9651,1,1,0.82603506596950316
7713,9651,9652,4,0,0.020282779649837653
7714,9652,9653,3,0,0.18225961219369793
7715,9653,9654,2,0,0.17006711754425516
7716,9654,9655,2,0,0.15043678123006077
7717,9655,9656,4,0,0.091566014575610838
7718,9656,9657,4,0,0.17004408258415762
7719,9657,9658,5,0,0.037280082472915976
7720,9658,9659,2,0,0.28042922928243064
7721,9659,9660,4,0,0.38603796081021785
7722,9660,9661,3,1,0.75408169962320326
7723,9661,9662,3,1,0.72569144491820425
7724,9662,9663,4,0,0.19574185107706896
7725,9664,9665,3,1,0.21798917058008047
7726,9665,9666,5,1,0.17080915478671604
7727,9666,9667,5,0,0.061931176573703423
7728,9667,9668,2,1,0.2182389930796533
7729,9668,9669,5,0,0.02000792368512776
7730,9670,9671,5,0,0.23816942216851755
7731,9672,9673,5,0,0.027981744379809461
7732,9673,9674,4,0,0.13537826651704124
7733,9674,9675,2,1,0.16138165443739771
7734,9675,9676,1,0,0.15454138267292117
7735,9676,9677,3,0,0.72633305786976721
7736,9677,9678,4,0,0.1973181902105143
7737,9679,9680,2,0,0.065371564512302235
7738,9680,9681,2,0,0.66887419086884947
7739,9682,9683,3,0,0.076884847563810366
7740,9683,9684,1,0,0.1186885498039506
7741,9684,9685,1,1,0.60993249643607728
7742,9685,9686,4,0,0.08020965014683501
7743,9686,9687,1,0,0.16261625287174622
7744,9687,9688,1,0,0.1051423534513414
7745,9688,9689,3,0,0.068247560166416837
7746,9689,9690,1,0,0.35475163326321468
7747,9690,9691,2,0,0.075117326468791004
7748,9691,9692,4,0,0.64236694808459804
7749,9692,9693,4,1,0.069813200443189144
7750,9693,9694,1,0,0.084565286312635143
7751,9694,9695,1,1,0.66244699667755491
7752,9695,9696,3,0,0.21131470696831364
7753,9696,9697,4,1,0.59412579586709902
7754,9697,9698,1,0,0.10647961347526712
7755,9698,9699,1,0,0.19499771284733236
7756,9699,9700,4,1,0.60768888230409512
7757,9700,9701,1,0,0.090635390591303641
7758,9701,9702,3,0,0.17778671636220755
7759,9702,9703,5,0,0.065121520780708084
7760,9703,9704,2,0,0.133402161378217
7761,9704,9705,4,0,0.23283770542754467
7762,9705,9706,5,0,0.2800975920502759
7763,9706,9707,2,1,0.68701857790172904
7764,9707,9708,1,1,0.15171108523077917
7765,9708,9709,5,0,0.24161714301628306
7766,9709,9710,2,0,0.062327892189113367
7767,9710,9711,3,0,0.20588424727509133
7768,9711,9712,2,0,0.13983485052105443
7769,9712,9713,5,0,0.087758311105216771
7770,9714,9715,1,0,0.66067337320698094
7771,9716,9717,5,0,0.14317202918258051
7772,9717,9718,2,0,0.17899497725610614
7773,9719,9720,3,0,0.14540079073619008
7774,9720,9721,2,0,0.07825837475390314
7775,9723,9724,3,0,0.066549933491978783
7776,9724,9725,3,0,0.11796838288188677
7777,9725,9726,4,0,0.18783960497809349
7778,9727,9728,1,0,0.084695499776246366
7779,9729,9730,3,0,0.048425659031627155
7780,9730,9731,2,0,0.44516732838836914
7781,9731,9732,4,1,0.64937876518176774
7782,9732,9733,3,1,0.69865535796754386
7783,9733,9734,2,0,0.055810892182594725
7784,9734,9735,4,0,0.095717248775850194
7785,9735,9736,5,0,0.26227928121581828
7786,9736,9737,5,0,0.018483911411935471
7787,9737,9738,2,0,0.13098822232386342
7788,9738,9739,4,0,0.059155657829600319
7789,9739,9740,4,0,0.2351700170488692
7790,9740,9741,2,0,0.15502556035726306
7791,9741,9742,5,0,0.15076942249347158
7792,9744,9745,3,0,0.084984795135121444
7793,9745,9746,2,0,0.12717079724983982
7794,9746,9747,2,0,0.047999918424293658
7795,9747,9748,5,0,0.18661652846910143
7796,9748,9749,5,0,0.19918591889749401
7797,9749,9750,1,0,0.28497250298695881
7798,9750,9751,3,0,0.059508942209401006
7799,9751,9752,2,0,0.073043550580212155
7800,9752,9753,3,0,0.13038455337361027
7801,9753,9754,1,0,0.074956552109345723
7802,9754,9755,4,0,0.36692988391608322
7803,9755,9756,3,0,0.71051667719144729
7804,9756,9757,4,0,0.25050955831483407
7805,9757,9758,1,0,0.1237559604551625
7806,9758,9759,5,0,0.12335332425774936
7807,9763,9764,4,0,0.059025452094761448
7808,9764,9765,1,1,0.6541262947287857
7809,9765,9766,1,0,0.15008491299788398
7810,9767,9768,5,0,0.11299176381638178
7811,9768,9769,4,1,0.44440494204208947
7812,9769,9770,3,0,0.064938965548736141
7813,9770,9771,4,1,0.26810259011630078
7814,9771,9772,3,0,0.058659692296555606
7815,9772,9773,5,0,0.38653110792900386
7816,9773,9774,4,0,0.045861096714478466
7817,9774,9775,5,0,0.041122152237067243
7818,9775,9776,5,0,0.10108862973719129
7819,9776,9777,3,0,0.10637063009509869
7820,9777,9778,3,0,0.22739040305429312
7821,9778,9779,5,1,0.63850688278020962
7822,9780,9781,2,0,0.1868549854745383
7823,9781,9782,2,1,0.68262139300741997
7824,9782,9783,3,0,0.20999221258668707
7825,9784,9785,1,0,0.065762081924371107
7826,9785,9786,1,1,0.46556635505347788
7827,9786,9787,4,0,0.18603123331342536
7828,9787,9788,4,1,0.70066586198601544
7829,9788,9789,5,0,0.23269679933027884
7830,9789,9790,1,0,0.14028720848937218
7831,9790,9791,5,0,0.23389734116440922
7832,9791,9792,1,1,0.48460804508322497
7833,9792,9793,1,0,0.043632161560116442
7834,9793,9794,1,0,0.029722548080787996
7835,9794,9795,4,0,0.56157612541854307
7836,9796,9797,3,0,0.13290610819573945
7837,9798,9799,3,1,0.37574422676439584
7838,9799,9800,1,1,0.093287818593768335
7839,9800,9801,2,0,0.11067327723086647
7840,9802,9803,5,0,0.3384983870524168
7841,9803,9804,5,0,0.32865092943587382
7842,9804,9805,5,0,0.1153194066772826
7843,9805,9806,1,0,0.033707373725725159
7844,9806,9807,4,0,0.14686898318758443
7845,9807,9808,1,0,0.14035523608123093
7846,9809,9810,3,0,0.18581735952604184
7847,9811,9812,4,1,0.78061865220623905
7848,9812,9813,4,0,0.20415910134676396
7849,9813,9814,5,0,0.073492972027399128
7850,9814,9815,3,0,0.52433158955346171
7851,9815,9816,1,0,0.55517096432497792
7852,9816,9817,4,0,0.25445515850303352
7853,9817,9818,5,0,0.22604777939031506
7854,9819,9820,5,0,0.20655835023335462
7855,9820,9821,4,0,0.67869233995476297
7856,9821,9822,3,0,0.62949458942966385
7857,9822,9823,3,0,0.16058306305327552
7858,9823,9824,5,1,0.21498860631172995
7859,9824,9825,3,0,0.15291300764138305
7860,9826,9827,1,1,0.17843661690000881
7861,9828,9829,1,1,0.22675078927980075
7862,9829,9830,5,0,0.19328701596568285
7863,9830,9831,1,0,0.26031596628200515
7864,9831,9832,4,0,0.1617618981543758
7865,9832,9833,3,1,0.82497153917473998
7866,9833,9834,5,0,0.058352588279081255
7867,9834,9835,5,0,0.061327096562431682
7868,9838,9839,2,1,0.68194132025139087
7869,9839,9840,3,0,0.104967329637738
7870,9840,9841,3,1,0.34522425506325788
7871,9841,9842,4,1,0.11774056349036506
7872,9842,9843,2,1,0.65190253172715329
7873,9843,9844,5,0,0.039502286569088489
7874,9845,9846,1,0,0.24793698895245159
7875,9846,9847,1,0,0.028320993729856178
7876,9847,9848,1,1,0.018309669343875058
7877,9848,9849,1,0,0.053605332892571946
7878,9849,9850,1,0,0.060712441470968791
7879,9850,9851,1,0,0.035066571661489021
7880,9851,9852,3,1,0.12861768853418007
7881,9852,9853,3,0,0.20136015907440719
7882,9854,9855,4,0,0.15282714171645334
7883,9855,9856,2,1,0.27665597171536199
7884,9858,9859,5,0,0.15609147490295622
7885,9859,9860,5,0,0.19823203482861157
7886,9860,9861,2,0,0.018120214357230234
7887,9861,9862,3,0,0.1260296430274753
7888,9862,9863,4,0,0.17606248962768675
7889,9863,9864,1,0,0.10970463776813871
7890,9864,9865,5,0,0.059518131588280475
7891,9865,9866,5,1,0.23250953517926154
7892,9866,9867,4,0,0.38827404385507003
7893,9867,9868,1,0,0.11056517110613787
7894,9868,9869,5,0,0.59415592675397932
7895,9869,9870,2,1,0.12465442713870692
7896,9870,9871,5,1,0.78359987713510593
7897,9871,9872,1,0,0.11078057421029711
7898,9872,9873,5,0,0.17535078451634992
7899,9874,9875,5,0,0.036615491109013215
7900,9875,9876,3,0,0.10203282648772247
7901,9876,9877,4,0,0.5018822732408218
7902,9877,9878,4,0,0.044434018901012139
7903,9878,9879,5,0,0.18190037022523572
7904,9879,9880,5,0,0.050689864273129825
7905,9880,9881,3,1,0.64910434848691412
7906,9881,9882,3,0,0.037982490055052269
7907,9883,9884,4,0,0.03346742226032054
7908,9884,9885,2,0,0.25404563403496866
7909,9885,9886,2,0,0.10937635992831619
7910,9886,9887,4,0,0.076270971758710976
7911,9887,9888,4,0,0.056860037902323475
7912,9889,9890,4,0,0.39541283035964742
7913,9891,9892,3,0,0.26367076999604816
7914,9892,9893,2,1,0.37368044003782314
7915,9893,9894,3,0,0.044787371997041109
7916,9894,9895,5,0,0.078481660979094522
7917,9895,9896,4,0,0.14874090374641649
7918,9896,9897,4,0,0.12892105795170455
7919,9898,9899,4,0,0.13904998807103547
7920,9899,9900,4,0,0.048960185017766472
7921,9900,9901,1,0,0.43309968118684133
7922,9901,9902,1,1,0.57985021993156227
7923,9902,9903,5,1,0.70832577148601339
7924,9903,9904,4,0,0.33960284475717012
7925,9904,9905,2,1,0.172486887229367
7926,9905,9906,2,0,0.38815842547404811
7927,9906,9907,5,0,0.049666759482455962
7928,9907,9908,4,0,0.21437676141679135
7929,9908,9909,1,0,0.13306571128795439
7930,9909,9910,2,1,0.67636520078542517
7931,9912,9913,2,0,0.029057968228415137
7932,9913,9914,2,0,0.70341536491931056
7933,9914,9915,4,1,0.63396748393863922
7934,9915,9916,2,0,0.19586632665659032
7935,9916,9917,2,0,0.038979958858424264
7936,9918,9919,2,1,0.60483280748544399
7937,9919,9920,3,0,0.13865368173488615
7938,9920,9921,5,0,0.63647266809446101
7939,9921,9922,1,0,0.13396170286165326
7940,9922,9923,3,0,0.63156737059841872
7941,9924,9925,1,0,0.1017418492378908
7942,9925,9926,2,0,0.030343874215912399
7943,9926,9927,1,0,0.22632120042105058
7944,9927,9928,3,1,0.34113692852564714
7945,9928,9929,3,0,0.077848429479906583
7946,9929,9930,1,0,0.33820996123955038
7947,9930,9931,2,0,0.14631963977603701
7948,9931,9932,2,0,0.052547108296273209
7949,9932,9933,3,1,0.51971195370180645
7950,9934,9935,5,1,0.17969365728691536
7951,9937,9938,1,0,0.14798429475458286
7952,9938,9939,1,0,0.14301036488578631
7953,9939,9940,2,0,0.19817114259237142
7954,9940,9941,2,1,0.32872732069445654
7955,9942,9943,2,0,0.20541846100516559
7956,9943,9944,2,0,0.067421800239182164
7957,9944,9945,3,0,0.2640047955556839
7958,9945,9946,1,0,0.13840717364199451
7959,9946,9947,1,1,0.66119016811781306
7960,9947,9948,4,0,0.043057055288042781
7961,9948,9949,3,1,0.17793099219468247
7962,9949,9950,2,0,0.65186573688794913
7963,9950,9951,3,0,0.49984625852027875
7964,9951,9952,5,1,0.15320134543721181
7965,9952,9953,5,1,0.68703516813580701
7966,9953,9954,2,0,0.13346700790432578
7967,9954,9955,5,1,0.34743411663122814
7968,9955,9956,4,0,0.26604087095944096
7969,9956,9957,4,0,0.050297624037608013
7970,9957,9958,5,1,0.69731575159529668
7971,9958,9959,1,0,0.25956953308025638
7972,9959,9960,4,0,0.087167078987970631
7973,9961,9962,3,0,0.095240266188802394
7974,9962,9963,2,0,0.51371480405002046
7975,9963,9964,4,0,0.017407064941035937
7976,9964,9965,1,1,0.10328150367566813
7977,9965,9966,1,0,0.078588739233015292
7978,9967,9968,2,0,0.2054424066774716
7979,9968,9969,5,0,0.19211671147026368
7980,9970,9971,4,1,0.092708830837906805
7981,9971,9972,2,0,0.14656678583424579
7982,9973,9974,1,0,0.088049386682073738
7983,9974,9975,4,0,0.078266719779774493
7984,9975,9976,4,0,0.070303066396088923
7985,9976,9977,5,0,0.18099822897506504
7986,9977,9978,5,0,0.047074124323293019
7987,9978,9979,4,0,0.23218964875697115
7988,9979,9980,1,1,0.57693179005502204
7989,9980,9981,2,0,0.016546610067666823
7990,9981,9982,4,0,0.049315822821500037
7991,9982,9983,1,0,0.21285299005366973
7992,9983,9984,4,0,0.12291549044911719
7993,9984,9985,3,0,0.16998871780183047
7994,9985,9986,5,0,0.091661249863291328
7995,9986,9987,3,0,0.1244521737411708
7996,9987,9988,2,0,0.14412014663309394
7997,9988,9989,4,0,0.084767638780927509
7998,9989,9990,3,0,0.12024378867080303
7999,9991,9992,3,1,0.40504068712939795
8000,9992,9993,3,1,0.31131648559619834
8001,9993,9994,5,1,0.22647146345684122
8002,9994,9995,3,1,0.19463388717260754
8003,9996,9997,5,0,0.12444684267769943
8004,9997,9998,1,0,0.097712795192913204
8005,9998,9999,3,1,0.31768469830396684
8006,9999,10000,5,0,0.054306748669430131
8007,10000,10001,2,0,0.24905405750354784
8008,10002,10003,1,0,0.33654011600189948
8009,10003,10004,1,0,0.17799895610793956
8010,10004,10005,1,0,0.12315549734426143
8011,10005,10006,1,0,0
8012,10006,10007,2,0,0.23127443932336933
8013,10007,10008,5,0,0.676361457704864
8014,10008,10009,3,1,0.22220546028842086
8015,10009,10010,2,1,0.076429842758926725
8016,10010,10011,3,0,0.16856578013400772
8017,10011,10012,2,0,0.080065447124976333
8018,10012,10013,2,0,0.083576776401558112
8019,10013,10014,5,0,0.23385250990563733
8020,10014,10015,3,0,0.022665239208118165
8021,10015,10016,4,0,0.10260110288541496
8022,10016,10017,5,0,0.083450598241550253
8023,10017,10018,5,0,0.42499618945507045
8024,10018,10019,3,0,0.087177280599767482
8025,10021,10022,5,0,0.079449703154951354
8026,10022,10023,1,0,0.1668390358936811
8027,10024,10025,2,1,0.057938382095631041
8028,10025,10026,1,1,0.14334738957700213
8029,10026,10027,2,0,0.27313829717827753
8030,10027,10028,5,0,0.22130678785960331
8031,10028,10029,2,0,0.046061873605130352
8032,10029,10030,2,0,0.058191643287692989
8033,10030,10031,4,0,0.072312611300083346
8034,10031,10032,3,0,0.17853232919318754
8035,10033,10034,3,0,0.10438711834203791
8036,10034,10035,2,1,0.15142703201826083
8037,10035,10036,4,0,0.11757217309186904
8038,10036,10037,4,0,0.042755648800864819
8039,10037,10038,2,0,0.11090039243228307
8040,10038,10039,3,0,0.23522509242443404
8041,10039,10040,1,0,0.24232783543050118
8042,10040,10041,1,0,0.13393866703364807
8043,10041,10042,3,0,0.052854714988995855
8044,10042,10043,2,1,0.62540940221052621
8045,10043,10044,1,0,0.15426768046040115
8046,10047,10048,3,0,0.053658008889185732
8047,10048,10049,3,0,0.18992863692933629
8048,10049,10050,4,0,0.29188885337855092
8049,10050,10051,4,0,0.018983285026579956
8050,10052,10053,1,0,0.13642616815775008
8051,10053,10054,1,1,0.16242854401289472
8052,10054,10055,2,0,0.23722341923637452
8053,10055,10056,5,0,0.044709000330697191
8054,10056,10057,4,0,0.14451965011711748
8055,10058,10059,4,0,0.37511583594345965
8056,10059,10060,4,0,0.12252089746214218
8057,10060,10061,1,0,0.1999596875163186
8058,10061,10062,4,0,0.21092449699456925
8059,10062,10063,5,0,0.58062351249883326
8060,10063,10064,2,0,0.20198061172059428
8061,10065,10066,1,1,0.091361810029720075
8062,10066,10067,4,0,0.56542850745280515
8063,10067,10068,3,0,0.087912073358277068
8064,10068,10069,2,0,0.039532838674396081
8065,10069,10070,5,1,0.58423840281752637
8066,10070,10071,2,0,0.11775536719382335
8067,10071,10072,4,0,0.08593081311890724
8068,10072,10073,2,0,0.15070491649224613
8069,10073,10074,4,0,0.062125746203137114
8070,10074,10075,3,0,0.21795052544122481
8071,10076,10077,3,0,0.14751622918465115
8072,10079,10080,5,1,0.087527846560627148
8073,10080,10081,5,0,0.12531606385189364
8074,10081,10082,4,0,0.03825683315550276
8075,10082,10083,3,0,0.21962977014836266
8076,10083,10084,5,0,0.68347656241971633
8077,10084,10085,2,0,0.13165155521254501
8078,10085,10086,1,0,0.11603864525267966
8079,10086,10087,1,1,0.51912660901353602
8080,10088,10089,1,1,0.28260693095046147
8081,10090,10091,5,0,0.033445123072839048
8082,10091,10092,3,1,0.57472035342212691
8083,10093,10094,4,0,0.1808346431833831
8084,10096,10097,4,0,0.12831925735545383
8085,10097,10098,2,0,0.27336616954240939
8086,10098,10099,5,1,0.53322191988378576
8087,10099,10100,2,1,0.18166383202114009
8088,10100,10101,1,0,0.058069925943130554
8089,10101,10102,3,0,0.22628004193319939
8090,10104,10105,4,0,0.12171140480234389
8091,10105,10106,2,0,0.54628725989848925
8092,10106,10107,4,0,0.39030307933576919
8093,10107,10108,5,1,0.16153105752178182
8094,10108,10109,3,0,0.17646290785464913
8095,10109,10110,1,0,0.12547545664273793
8096,10111,10112,2,1,0.42943425436252669
8097,10112,10113,2,0,0.19149117841558544
8098,10113,10114,5,0,0.14880862657801538
8099,10115,10116,2,1,0.64033346687566883
8100,10116,10117,5,1,0.44658665040864859
8101,10117,10118,4,0,0.172227024083421
8102,10118,10119,4,0,0.01981378076124319
8103,10120,10121,1,1,0.71861616120523053
8104,10121,10122,1,0,0.22301748552331627
8105,10122,10123,2,0,0.18660155151443691
8106,10123,10124,4,0,0.22291083280071966
8107,10124,10125,4,0,0.78740022565352052
8108,10125,10126,4,0,0.1516239092024301
8109,10126,10127,4,0,0.057070168761785639
8110,10127,10128,5,1,0.16510147252519139
8111,10128,10129,3,1,0.52790898592114688
8112,10129,10130,4,0,0.19920402895309905
8113,10131,10132,2,0,0.062102706921961966
8114,10132,10133,1,0,0.33123769804543118
8115,10134,10135,2,0,0.092782921867670301
8116,10137,10138,1,0,0.074626243051526514
8117,10139,10140,1,1,0.049926575651849249
8118,10141,10142,1,0,0.071419318118756389
8119,10143,10144,1,0,0.14603117460427309
8120,10144,10145,3,0,0.32663096889541832
8121,10145,10146,1,0,0.15792011251149876
8122,10146,10147,5,1,0.10509352595244034
8123,10147,10148,1,0,0.21639842082237434
8124,10148,10149,3,0,0.25100932847578555
8125,10149,10150,2,1,0.094031985302300183
8126,10150,10151,5,0,0.20773880799146011
8127,10151,10152,5,1,0.74489008085354236
8128,10152,10153,3,0,0.11377680007692789
8129,10153,10154,3,0,0.20444157912888589
8130,10154,10155,2,0,0.15562939512693086
8131,10155,10156,5,1,0.34429541374003941
8132,10156,10157,3,1,0.068378918341461495
8133,10157,10158,4,1,0.090980216935362318
8134,10158,10159,3,0,0.03481780235501241
8135,10159,10160,2,0,0.16398716023968699
8136,10161,10162,4,0,0.12563364380368003
8137,10162,10163,4,0,0.21836386415102368
8138,10165,10166,5,0,0.10612797639312715
8139,10166,10167,2,1,0.18368970737471912
8140,10168,10169,4,0,0.04751052833381799
8141,10169,10170,4,0,0.20882995521242698
8142,10170,10171,5,0,0.11778938109493323
8143,10171,10172,5,0,0.13629682464620949
8144,10172,10173,2,0,0.036934353281797103
8145,10173,10174,4,0,0.15552535149078323
8146,10174,10175,4,0,0.35527367869780135
8147,10175,10176,3,0,0.15568180430404102
8148,10176,10177,2,0,0.4502285446825931
8149,10177,10178,5,0,0.091532483021292146
8150,10178,10179,5,0,0.2071392225108929
8151,10179,10180,2,0,0.20469544651131324
8152,10180,10181,4,1,0.69281026258286105
8153,10181,10182,1,0,0.090590601550711372
8154,10182,10183,3,0,0.20878077165495551
8155,10183,10184,3,1,0.60761769886071348
8156,10184,10185,1,0,0.56601631529730134
8157,10187,10188,4,0,0.0082198665461737097
8158,10188,10189,2,1,0.20495375273336652
8159,10189,10190,3,0,0.064819355187799091
8160,10190,10191,2,0,0.26557724120569792
8161,10191,10192,1,0,0.079271217735826155
8162,10192,10193,4,0,0.16420394281118986
8163,10193,10194,1,0,0.20561206155723705
8164,10195,10196,5,0,0.17377306187827968
8165,10196,10197,2,0,0.68957076556094876
8166,10197,10198,4,0,0.032785327764249805
8167,10198,10199,1,1,0.18893340067788339
8168,10199,10200,5,0,0.19083901812175
8169,10200,10201,4,0,0.13105687753377709
8170,10201,10202,2,0,0.33010769146747682
8171,10202,10203,3,0,0.15762285719782901
8172,10204,10205,5,0,0.2186009542350392
8173,10205,10206,5,0,0.065643975982143901
8174,10206,10207,2,0,0.13154525370894821
8175,10207,10208,2,0,0.096191241805302738
8176,10208,10209,5,0,0.15175872124621304
8177,10209,10210,4,0,0.53126981977864174
8178,10210,10211,5,0,0.26477829728870894
8179,10211,10212,5,1,0.035135298571032737
8180,10212,10213,3,0,0.63720145831616226
8181,10213,10214,3,0,0.33796569082689176
8182,10215,10216,1,0,0.5628412894508753
8183,10216,10217,4,1,0.57268498736062012
8184,10217,10218,4,0,0.16304513141725924
8185,10219,10220,1,0,0.168783074529396
8186,10220,10221,2,0,0.09454559456493343
8187,10221,10222,5,0,0.09988684391598561
8188,10222,10223,4,0,0.13464523576918569
8189,10223,10224,2,0,0.10525761389619354
8190,10224,10225,2,0,0.26169350628611132
8191,10225,10226,5,0,0.11310184675153967
8192,10226,10227,5,0,0.051812713116172956
8193,10227,10228,1,0,0.47340959841898705
8194,10228,10229,2,0,0.18444418958353109
8195,10229,10230,1,0,0.018530738510191744
8196,10230,10231,5,0,0.68851937064924507
8197,10231,10232,4,0,0.095691778993691301
8198,10232,10233,5,1,0.34337692583206675
8199,10233,10234,2,0,0.034263731966350075
8200,10234,10235,4,0,0.19576237053202167
8201,10235,10236,5,0,0.12325572210369203
8202,10236,10237,3,0,0.066156949656321629
8203,10238,10239,1,0,0.15770988878297462
8204,10240,10241,1,1,0.47667134299760711
8205,10241,10242,2,0,0.21457801671207499
8206,10242,10243,5,0,0.1116555414611541
8207,10243,10244,5,0,0.19397665695886943
8208,10244,10245,3,0,0.12403129070772696
8209,10245,10246,2,0,0.1031007737978806
8210,10247,10248,4,1,0.19104338385869998
8211,10248,10249,1,0,0.28895005532710644
8212,10249,10250,4,0,0.18387668359520795
8213,10250,10251,4,0,0.3841377650048628
8214,10251,10252,1,1,0.21672969255001556
8215,10252,10253,1,0,0.19450034436576563
8216,10253,10254,5,0,0.17200072510758868
8217,10256,10257,4,0,0.32377425777789332
8218,10258,10259,1,0,0.14170134186749081
8219,10259,10260,2,0,0.060418880509881576
8220,10260,10261,3,0,0.03536687222630381
8221,10261,10262,3,0,0.072593256243365309
8222,10262,10263,2,0,0.14921967654671572
8223,10263,10264,3,0,0.18288975189634332
8224,10265,10266,1,0,0.22134622969751672
8225,10266,10267,2,0,0.23393161880366758
8226,10267,10268,1,0,0.11491715038918666
8227,10268,10269,1,0,0.015919755544257529
8228,10269,10270,2,0,0.28603585628691908
8229,10270,10271,5,0,0.43910511071704456
8230,10272,10273,2,0,0.35908256832261837
8231,10273,10274,1,0,0.22610669984119283
8232,10274,10275,3,0,0.23418195457398777
8233,10275,10276,2,0,0.047415208611303425
8234,10276,10277,3,0,0.017084726154685047
8235,10277,10278,4,0,0.12610821257365831
8236,10278,10279,3,1,0.32897159518445662
8237,10279,10280,3,0,0.11541599807803883
8238,10280,10281,4,0,0.029551714708370432
8239,10281,10282,3,0,0.56880071614357741
8240,10283,10284,5,0,0.065506221743131879
8241,10284,10285,5,0,0.08709883466870029
8242,10286,10287,4,0,0.16500429919598034
8243,10288,10289,3,0,0.037066379961598478
8244,10290,10291,2,0,0.10689363436473323
8245,10291,10292,3,0,0.079397790588375247
8246,10292,10293,3,0,0.16323480526083842
8247,10293,10294,2,0,0.096484470743363027
8248,10294,10295,2,0,0.26004680780406642
8249,10296,10297,1,0,0.22813485434327893
8250,10297,10298,5,0,0.21476381939415337
8251,10298,10299,5,0,0.14878917801426764
8252,10299,10300,5,0,0.30487246216594083
8253,10301,10302,5,0,0.041684476127852414
8254,10302,10303,3,0,0.19498834715397134
8255,10304,10305,5,0,0.21587818522392713
8256,10306,10307,5,0,0.1554328811756259
8257,10307,10308,3,0,0.1458229588346229
8258,10309,10310,2,1,0.40174280660223038
8259,10312,10313,1,0,0.066926246402190442
8260,10314,10315,1,1,0.47698177287372989
8261,10315,10316,1,1,0.24067566575058585
8262,10317,10318,5,0,0.091215320074574016
8263,10318,10319,2,0,0.027425101646197551
8264,10320,10321,3,0,0.12671449040030622
8265,10321,10322,1,0,0.37840086491881947
8266,10325,10326,2,1,0.21191563139921349
8267,10326,10327,5,1,0.10008324322545507
8268,10327,10328,2,0,0.035804196224047305
8269,10330,10331,3,1,0.53407228928854922
8270,10331,10332,2,0,0.25391576207677996
8271,10332,10333,2,1,0.099137220758119579
8272,10333,10334,5,0,0.085798782976220428
8273,10334,10335,4,0,0.057186460997932086
8274,10335,10336,5,0,0.13523113874954665
8275,10336,10337,1,0,0.17051008381662913
8276,10338,10339,2,1,0.63758067809893948
8277,10339,10340,2,0,0.057083176227443681
8278,10340,10341,5,0,0.15585773388754731
8279,10341,10342,4,0,0.14066503046146167
8280,10344,10345,4,0,0.14848120480551422
8281,10345,10346,1,0,0.1821632760638987
8282,10346,10347,4,0,0.054608567589259326
8283,10347,10348,5,1,0.28006163072223106
8284,10348,10349,5,0,0.14796412609242185
8285,10350,10351,3,1,0.29674996147805194
8286,10351,10352,5,0,0.14499531981296115
8287,10352,10353,5,0,0.16553958473897337
8288,10353,10354,4,1,0.68901442762773746
8289,10354,10355,3,1,0.7204352966702563
8290,10356,10357,2,0,0.41719820966683613
8291,10358,10359,1,0,0.043209686128730142
8292,10359,10360,3,0,0.30873542364054335
8293,10360,10361,4,1,0.62449217451742867
8294,10361,10362,4,0,0.1114342509347739
8295,10362,10363,1,0,0.095704437847263096
8296,10363,10364,4,0,0.35395467957318316
8297,10364,10365,2,0,0.70011929174878718
8298,10365,10366,2,0,0.25561627255580227
8299,10366,10367,3,0,0.23381069309808034
8300,10368,10369,5,0,0.21813048995897394
8301,10369,10370,2,1,0.52955860431531421
8302,10371,10372,4,0,0.13701044751478056
8303,10373,10374,1,0,0.074452175669218135
8304,10374,10375,5,0,0.25987550754604977
8305,10376,10377,5,0,0.2072311484830627
8306,10377,10378,3,0,0.18716729412350139
8307,10378,10379,5,0,0.051753738524765856
8308,10379,10380,5,0,0.1573482137581074
8309,10380,10381,5,1,0.22492304632149307
8310,10381,10382,3,0,0.16753564155147899
8311,10382,10383,3,0,0.0721105432152295
8312,10383,10384,4,0,0.025866735965192771
8313,10384,10385,2,0,0.086629228873262118
8314,10386,10387,2,0,0.2419031542487452
8315,10387,10388,2,1,0.086638185444503649
8316,10390,10391,5,1,0.72374666139329302
8317,10391,10392,4,0,0.22687350422658698
8318,10392,10393,5,1,0.14353380635387716
8319,10394,10395,4,0,0.18591400836844466
8320,10395,10396,1,0,0.36768833822295161
8321,10396,10397,1,1,0.26532594007061178
8322,10397,10398,4,0,0.028652571087098032
8323,10398,10399,5,0,0.13908964456078959
8324,10399,10400,2,1,0.22366804459666831
8325,10400,10401,2,0,0.23214187148182311
8326,10401,10402,5,0,0.18180493243340223
8327,10402,10403,4,1,0.4989674921961354
8328,10403,10404,5,0,0.064519481544737051
8329,10404,10405,3,0,0.26921492803011859
8330,10405,10406,2,1,0.69006696492544117
8331,10406,10407,2,0,0.074450732723942384
8332,10407,10408,3,0,0.11797549706755915
8333,10408,10409,3,1,0.62556529585776721
8334,10409,10410,3,0,0.34567530077334935
8335,10410,10411,3,1,0.5133959168983504
8336,10411,10412,5,0,0.23094938304645227
8337,10412,10413,2,0,0.34547965062949576
8338,10413,10414,5,0,0.19155924231685614
8339,10415,10416,5,0,0.025360908739965545
8340,10417,10418,2,0,0.067416471748972237
8341,10418,10419,5,1,0.36280272293167964
8342,10419,10420,4,0,0.55833078401553615
8343,10421,10422,5,0,0.2720188035270546
8344,10422,10423,3,0,0.055410595384126481
8345,10423,10424,5,0,0.029972574154184011
8346,10424,10425,2,1,0.7193401375594437
8347,10425,10426,1,0,0.036688085604237884
8348,10427,10428,2,0,0.071548222500789307
8349,10429,10430,4,0,0.1320811117938222
8350,10430,10431,4,0,0.16335646044227869
8351,10431,10432,4,1,0.080461264539826022
8352,10433,10434,5,0,0.17006337397586027
8353,10434,10435,1,0,0.15902327783071554
8354,10435,10436,1,0,0.23975113178674839
8355,10436,10437,5,0,0.14135505196600515
8356,10437,10438,4,0,0.20879510404091869
8357,10438,10439,4,0,0.18563646746363793
8358,10440,10441,5,0,0.1646120964141303
8359,10441,10442,3,0,0.19600827518280978
8360,10442,10443,2,0,0.0089795984561357265
8361,10443,10444,1,0,0.039083226920675708
8362,10444,10445,1,0,0.11908734042393097
8363,10445,10446,4,0,0.06272547714290852
8364,10446,10447,4,1,0.17532377308885566
8365,10447,10448,1,1,0.27473389798019449
8366,10448,10449,4,0,0.085593566259203752
8367,10450,10451,5,0,0.040924552555014593
8368,10451,10452,3,0,0.072348310689595852
8369,10452,10453,2,0,0.205720077810189
8370,10453,10454,3,0,0.14143706198780148
8371,10454,10455,2,0,0.071755991046725379
8372,10455,10456,4,0,0.10059890705184425
8373,10456,10457,5,1,0.30215057498826403
8374,10457,10458,2,0,0.10812498580176422
8375,10458,10459,4,0,0.40881126675534479
8376,10459,10460,2,1,0.73322525511917114
8377,10460,10461,1,0,0.46925497671850985
8378,10461,10462,3,0,0.20046633559278473
8379,10462,10463,2,0,0.024849816332412209
8380,10463,10464,3,0,0.0073173867100054532
8381,10464,10465,1,0,0.11727816810333234
8382,10466,10467,4,0,0.26605363932033627
8383,10468,10469,2,0,0.063458143340537551
8384,10469,10470,3,0,0.11873132552299963
8385,10470,10471,3,0,0.2093522123003338
8386,10471,10472,3,0,0.067640315172508916
8387,10472,10473,5,0,0.58815507151496671
8388,10473,10474,1,0,0.018808937313882033
8389,10474,10475,5,0,0.19394911109533169
8390,10476,10477,1,1,0.12167861460075206
8391,10477,10478,1,0,0.36002425884970535
8392,10478,10479,5,0,0.088846550206690661
8393,10479,10480,4,0,0.70335550259780788
8394,10480,10481,1,1,0.14620552149613966
8395,10481,10482,1,0,0.048557239267694702
8396,10482,10483,2,1,0.16791283743903374
8397,10484,10485,2,1,0.31027929178498387
8398,10485,10486,2,0,0.24947780864992536
8399,10486,10487,2,0,0.33948588141879821
8400,10488,10489,4,0,0.040910868544082435
8401,10489,10490,1,0,0.37484408802005953
8402,10491,10492,2,0,0.1373255104411642
8403,10492,10493,3,0,0.18875900659534595
8404,10494,10495,3,0,0.078882608508588539
8405,10495,10496,3,1,0.12885561082305125
8406,10496,10497,4,0,0.076737447846439572
8407,10497,10498,2,0,0.68595879729831799
8408,10498,10499,5,0,0.1198370827974362
8409,10499,10500,1,0,0.34875417962204486
8410,10500,10501,5,0,0.20317921489941318
8411,10501,10502,4,0,0.12864537452302907
8412,10502,10503,3,1,0.085058289132244697
8413,10503,10504,1,0,0.19159573133365893
8414,10504,10505,3,0,0.25099828637006022
8415,10505,10506,1,0,0.10899644607132811
8416,10506,10507,5,1,0.49697412233893534
8417,10508,10509,1,0,0.016279370840307231
8418,10509,10510,3,1,0.56472131316255181
8419,10510,10511,2,1,0.24682989594210056
8420,10511,10512,1,0,0.20549922117093319
8421,10512,10513,1,0,0.55020764000939903
8422,10513,10514,3,0,0.12498009886689293
8423,10514,10515,2,0,0.26614151139158426
8424,10515,10516,4,0,0.12257579614032396
8425,10517,10518,5,0,0.082890745942497429
8426,10519,10520,2,0,0.018991912387616047
8427,10520,10521,2,0,0.38359067720828249
8428,10523,10524,1,1,0.20663639967510872
8429,10524,10525,3,1,0.68350589914797177
8430,10525,10526,5,0,0.35607209446749805
8431,10526,10527,2,0,0.15871299289048768
8432,10527,10528,5,1,0.12651462812254047
8433,10528,10529,1,0,0.4375268289979003
8434,10529,10530,5,0,0.13007119885912258
8435,10531,10532,1,0,0.010509785532343373
8436,10533,10534,1,0,0.72029109625703414
8437,10534,10535,1,0,0.029362591401546258
8438,10535,10536,5,0,0.1597975781637973
8439,10536,10537,5,0,0.738277953948001
8440,10537,10538,3,0,0.19538923517861964
8441,10538,10539,4,0,0.13819964406294516
8442,10539,10540,2,1,0.84200415166346332
8443,10540,10541,3,0,0.085824423298790045
8444,10541,10542,3,1,0.16844059198489678
8445,10542,10543,4,0,0.048433029414995443
8446,10543,10544,2,0,0.41086794928386144
8447,10546,10547,1,1,0.82355170994776328
8448,10547,10548,2,1,0.79084632417214518
8449,10548,10549,2,0,0.07620775927384886
8450,10549,10550,5,1,0.1118129390224967
8451,10551,10552,5,0,0.14926516515861163
8452,10552,10553,5,0,0.071013109649136097
8453,10553,10554,2,1,0.70805795397544924
8454,10554,10555,4,0,0.082615564859372728
8455,10556,10557,2,0,0.07329138094514305
8456,10557,10558,2,0,0.17514823943773866
8457,10558,10559,3,0,0.1397015224719132
8458,10559,10560,5,0,0.20006215704846184
8459,10560,10561,4,0,0.18020003207038057
8460,10561,10562,1,0,0.18395165734244748
8461,10562,10563,3,0,0.089928572376465024
8462,10563,10564,4,0,0.1812071607116256
8463,10564,10565,5,0,0.23295715900540132
8464,10566,10567,5,0,0.12670986263613568
8465,10567,10568,4,1,0.14701059562227936
8466,10568,10569,3,0,0.18430084215344114
8467,10569,10570,1,0,0.28643744073125221
8468,10570,10571,4,0,0.1262493588172805
8469,10572,10573,4,0,0.17576375822223295
8470,10573,10574,3,0,0.14020284022571036
8471,10574,10575,4,0,0.17906150526620093
8472,10576,10577,1,0,0.12390033725697958
8473,10577,10578,5,1,0.32179502565875528
8474,10578,10579,5,0,0.066524652021932029
8475,10580,10581,3,0,0.031087926356262879
8476,10581,10582,2,0,0.087539699352941966
8477,10583,10584,3,0,0.44718079175804659
8478,10584,10585,4,0,0.10623000627758183
8479,10585,10586,5,0,0.059199640047765921
8480,10586,10587,4,1,0.59998842857088597
8481,10587,10588,3,0,0.050621432995248079
8482,10588,10589,4,0,0.13898774754491883
8483,10589,10590,1,1,0.12133010696888699
8484,10591,10592,2,0,0.16475754603939666
8485,10593,10594,3,0,0.37291252062050195
8486,10594,10595,2,1,0.20000638868497847
8487,10595,10596,2,0,0.18091538694139367
8488,10596,10597,2,1,0.16313324986118613
8489,10597,10598,3,1,0.63341592975930339
8490,10598,10599,5,0,0.067817361327075984
8491,10599,10600,3,0,0.37490254405668944
8492,10600,10601,5,1,0.45013810969231194
8493,10601,10602,4,0,0.055087527658095117
8494,10602,10603,2,0,0.11945154419169815
8495,10603,10604,2,0,0.17068566479802083
8496,10604,10605,2,0,0.072935254710740458
8497,10605,10606,3,0,0.16486180143751533
8498,10606,10607,2,0,0.15999104364717859
8499,10607,10608,3,0,0.12721578804449812
8500,10608,10609,3,0,0.19252749603032288
8501,10609,10610,3,0,0.010322718103087545
8502,10611,10612,2,0,0.29760912419089264
8503,10613,10614,3,0,0.21519909611279819
8504,10615,10616,5,0,0.066157854010512218
8505,10617,10618,1,0,0.053719783092276208
8506,10618,10619,1,0,0.0093281611499931028
8507,10619,10620,2,0,0.17976249596989052
8508,10623,10624,3,0,0.2432110310423824
8509,10624,10625,5,1,0.150627247034754
8510,10625,10626,5,0,0.099227192564571631
8511,10626,10627,3,0,0.078088929794278922
8512,10627,10628,4,0,0.1934787344508459
8513,10628,10629,2,1,0.564705278797069
8514,10629,10630,5,0,0.15917500433071113
8515,10630,10631,1,0,0.33635226200030111
8516,10631,10632,1,0,0.1748830910203488
8517,10632,10633,3,1,0.38956299567237285
8518,10633,10634,5,0,0.17344845994240343
8519,10636,10637,4,0,0.41093930245805854
8520,10637,10638,1,0,0.10308709153143904
8521,10638,10639,2,0,0.047524866405227198
8522,10639,10640,1,0,0.016110515920865195
8523,10640,10641,3,0,0.2134282006564916
8524,10641,10642,1,1,0.045876678013338834
8525,10642,10643,5,0,0.06313812358216557
8526,10644,10645,3,0,0.032951289443082697
8527,10645,10646,4,1,0.10622613604859388
8528,10646,10647,1,0,0.21981445864863308
8529,10647,10648,4,0,0.0086668458707703701
8530,10648,10649,3,0,0.18835172842917355
8531,10650,10651,1,0,0.067655701310597713
8532,10653,10654,4,0,0.048700671709663967
8533,10654,10655,5,0,0.15650654877386996
8534,10655,10656,1,1,0.68776051853587117
8535,10656,10657,4,0,0.079108125770595603
8536,10659,10660,2,1,0.32954368020961428
8537,10660,10661,3,0,0.0070309868688527401
8538,10661,10662,1,0,0.069543347150732987
8539,10662,10663,3,1,0.56257874614155623
8540,10664,10665,1,0,0.076376615595259656
8541,10665,10666,1,0,0.061703595199356059
8542,10666,10667,2,0,0.77768411828789807
8543,10667,10668,5,0,0.19602707921517276
8544,10668,10669,2,0,0.12754250370633868
8545,10669,10670,3,0,0.24173953819203017
8546,10671,10672,5,0,0.20577059620160584
8547,10672,10673,5,0,0.52853145476648622
8548,10674,10675,3,0,0.11920172713880121
8549,10675,10676,2,1,0.10830470284550583
8550,10677,10678,5,0,0.48708218846499118
8551,10678,10679,3,0,0.027862651401268687
8552,10679,10680,1,0,0.058406710865545691
8553,10680,10681,3,0,0.20297208408696754
8554,10681,10682,5,0,0.11037429062300233
8555,10682,10683,3,0,0.008462427403811347
8556,10683,10684,3,0,0.16472800880231306
8557,10684,10685,3,1,0.38027348873235017
8558,10685,10686,4,0,0.07083723352051606
8559,10687,10688,3,0,0.23832538271562606
8560,10688,10689,1,0,0.17593862062845378
8561,10689,10690,3,0,0.12323034276728398
8562,10690,10691,1,0,0.30812064447116916
8563,10691,10692,4,0,0.058254652017086329
8564,10692,10693,1,0,0.16494625647914643
8565,10693,10694,2,0,0.04758368128891604
8566,10694,10695,1,0,0.086305335732204461
8567,10696,10697,5,1,0.18966877392260126
8568,10697,10698,1,0,0.3740940085746014
8569,10698,10699,1,1,0.28587321812055505
8570,10699,10700,4,0,0.16012637804092572
8571,10700,10701,1,0,0.018337205787529971
8572,10701,10702,2,1,0.7703545843148869
8573,10702,10703,3,0,0.18049850683754962
8574,10703,10704,2,0,0.17575424903671355
8575,10704,10705,5,0,0.025646781661541388
8576,10705,10706,4,0,0.17258189455080689
8577,10706,10707,1,1,0.16734578117884552
8578,10707,10708,5,1,0.67962503767033589
8579,10708,10709,3,0,0.028225590160917684
8580,10709,10710,3,0,0.36258786076187227
8581,10710,10711,2,1,0.42049919069954428
8582,10711,10712,3,0,0.15055868464192576
8583,10712,10713,3,1,0.21229866495679606
8584,10713,10714,4,1,0.2137209191164354
8585,10715,10716,2,1,0.51525200117430869
8586,10716,10717,2,0,0.08546113922913863
8587,10719,10720,1,0,0.10915217409762695
8588,10720,10721,3,0,0.096172612266187854
8589,10722,10723,1,1,0.2927568096536346
8590,10724,10725,3,0,0.1914939223785925
8591,10725,10726,3,0,0.046108143390992055
8592,10727,10728,1,0,0.085276576188996409
8593,10728,10729,5,0,0.75202491511775182
8594,10729,10730,3,1,0.17713348322422826
8595,10730,10731,5,0,0.22960221676826972
8596,10731,10732,2,0,0.12167902398867414
8597,10733,10734,3,0,0.036827253405241275
8598,10736,10737,4,0,0.31798122547977842
8599,10737,10738,4,0,0.28315607982464375
8600,10740,10741,1,1,0.2486986454728988
8601,10741,10742,2,1,0
8602,10743,10744,1,0,0.19882050757825701
8603,10744,10745,3,1,0.81202903791054715
8604,10747,10748,5,0,0.096037745907298591
8605,10748,10749,2,1,0.31613419766470902
8606,10749,10750,3,0,0.36894951683789856
8607,10750,10751,2,1,0.16331154485780749
8608,10751,10752,1,1,0.20234280517861514
8609,10752,10753,5,0,0.073891820274156278
8610,10755,10756,3,0,0.094206498538592226
8611,10756,10757,3,1,0.63457725926353659
8612,10758,10759,2,0,0.86271020170682555
8613,10759,10760,1,0,0.46981552454362063
8614,10762,10763,5,1,0.15969578001406323
8615,10763,10764,1,0,0.48603120455185767
8616,10764,10765,4,0,0.24068019462697623
8617,10765,10766,3,0,0.64014569443665503
8618,10766,10767,1,0,0.1573588796184634
8619,10767,10768,3,0,0.19421464895805948
8620,10768,10769,4,1,0.61307422404887602
8621,10769,10770,2,0,0.1536529086245052
8622,10770,10771,4,0,0.75962981125206896
8623,10771,10772,2,0,0.53478397818867296
8624,10773,10774,1,0,0.24824494950563694
8625,10774,10775,4,0,0.1541397429142031
8626,10775,10776,1,1,0.69130987067033101
8627,10776,10777,3,0,0.45541341233452109
8628,10777,10778,1,0,0.16673425566967032
8629,10778,10779,4,0,0.064554119442375477
8630,10779,10780,4,0,0.11765440299548827
8631,10780,10781,4,0,0.13822950372185047
8632,10781,10782,2,0,0.078575262581525668
8633,10784,10785,1,0,0.82490864951803
8634,10785,10786,4,0,0.1194911811108859
8635,10786,10787,4,0,0.29577021077297777
8636,10787,10788,1,0,0.089550641422779867
8637,10788,10789,4,0,0.14699819226976044
8638,10790,10791,3,0,0.12290148867640749
8639,10791,10792,4,0,0.19345988554563484
8640,10792,10793,5,1,0.28149437377198666
8641,10793,10794,5,1,0.22813334799849674
8642,10794,10795,1,0,0.23273951168347001
8643,10796,10797,2,0,0.038838274892537737
8644,10797,10798,3,0,0.14507750431505204
8645,10798,10799,5,0,0.17734976326296911
8646,10799,10800,5,0,0.18185802765393175
8647,10800,10801,3,0,0.13219448281583321
8648,10801,10802,1,1,0.77939982270581654
8649,10802,10803,3,1,0.054877348733258266
8650,10803,10804,3,1,0.71737139386798299
8651,10804,10805,2,0,0.087573172412514402
8652,10805,10806,1,0,0.081961968801000373
8653,10806,10807,1,0,0.13792257176440151
8654,10807,10808,5,0,0.16712728999989029
8655,10808,10809,4,0,0.097969049370275091
8656,10809,10810,2,0,0.17821184150107469
8657,10810,10811,1,0,0.059848600071533004
8658,10811,10812,2,0,0.093080827245037509
8659,10812,10813,4,0,0.084344612879521733
8660,10813,10814,3,0,0.069365165859889513
8661,10816,10817,2,0,0.070656665151364234
8662,10817,10818,4,0,0.62481578341678312
8663,10818,10819,3,1,0.62989198130856427
8664,10820,10821,5,0,0.066947907183076638
8665,10821,10822,3,0,0.41943391202668423
8666,10823,10824,2,0,0.050519441246095059
8667,10825,10826,5,0,0.047271595222343539
8668,10826,10827,4,0,0.38269421067691811
8669,10828,10829,3,0,0.12722545619282408
8670,10829,10830,5,0,0.079201747706766287
8671,10831,10832,5,0,0.20430723814905002
8672,10832,10833,3,0,0.10964516583552419
8673,10835,10836,1,0,0.37003344467067595
8674,10837,10838,1,0,0.088182495800825142
8675,10838,10839,5,0,0.46713861428560916
8676,10839,10840,4,0,0.083450742593467506
8677,10840,10841,2,0,0.079567960225595744
8678,10841,10842,4,1,0.39249206256925917
8679,10842,10843,3,1,0.6370965627877222
8680,10843,10844,4,0,0.099131205168850975
8681,10844,10845,5,0,0.11743074563243662
8682,10845,10846,5,0,0.1914600550937034
8683,10846,10847,2,1,0.29858363250967163
8684,10847,10848,1,0,0.087463551302466067
8685,10848,10849,5,0,0.13953297510426735
8686,10849,10850,3,0,0.075530141556549871
8687,10850,10851,4,1,0.1164369668904994
8688,10851,10852,4,0,0.11576174907972032
8689,10852,10853,2,1,0.13459681492898715
8690,10853,10854,2,1,0.16101749800359041
8691,10854,10855,5,0,0.18718817014950881
8692,10855,10856,3,0,0.04647260217405115
8693,10856,10857,5,0,0.0896413220359705
8694,10857,10858,1,0,0.053737512284527007
8695,10859,10860,4,1,0.24160276859591551
8696,10860,10861,1,0,0.15603443074085205
8697,10863,10864,4,0,0.076620328426889941
8698,10864,10865,3,0,0.13933148014151614
8699,10865,10866,5,0,0.22318880922099416
8700,10866,10867,3,0,0.058170528603449928
8701,10867,10868,5,0,0.11995459285236565
8702,10868,10869,3,0,0.12931397560717695
8703,10869,10870,5,1,0.18088765909562757
8704,10871,10872,3,0,0.062809502781948898
8705,10872,10873,4,0,0.19634799918504126
8706,10873,10874,4,1,0.60087903741407422
8707,10876,10877,1,1,0.19895693264608544
8708,10877,10878,1,0,0.2042811635337512
8709,10881,10882,5,0,0.067242474491352608
8710,10882,10883,1,0,0.05447675329803834
8711,10883,10884,1,0,0.328672153911446
8712,10885,10886,1,0,0.49710960464858167
8713,10886,10887,5,0,0.1226775846211102
8714,10888,10889,2,0,0.017305410360957871
8715,10891,10892,1,0,0.14001998913650845
8716,10892,10893,5,0,0.081255702443692332
8717,10893,10894,5,0,0.20003587905870618
8718,10894,10895,2,0,0.2189778678465413
8719,10895,10896,3,1,0.058078201571409263
8720,10896,10897,3,0,0.099093463389099912
8721,10897,10898,3,0,0.23560410658050543
8722,10898,10899,4,0,0.15015441975162921
8723,10899,10900,1,0,0.34335147709170794
8724,10900,10901,2,0,0.49707466571793052
8725,10902,10903,1,0,0.2808697687691466
8726,10903,10904,3,0,0.048361056719495851
8727,10904,10905,5,0,0.20498228988067868
8728,10905,10906,2,0,0.23401905697483555
8729,10906,10907,3,0,0.17465964046678431
8730,10908,10909,1,0,0.18076686175847653
8731,10909,10910,3,0,0.05684516381189747
8732,10910,10911,1,1,0.098389760611099192
8733,10911,10912,5,0,0.11411094144457705
8734,10912,10913,2,1,0.6476077322401661
8735,10913,10914,2,0,0.13816789402450283
8736,10914,10915,3,1,0.087974294660787059
8737,10915,10916,3,0,0.06121688315188048
8738,10916,10917,5,0,0.17380224904737057
8739,10917,10918,2,0,0.71940262193339544
8740,10919,10920,5,0,0.045255060664013497
8741,10920,10921,3,1,0.12405543026438005
8742,10921,10922,5,0,0.073982759601373682
8743,10922,10923,1,0,0.082885569143487783
8744,10923,10924,4,1,0.17546083541934471
8745,10924,10925,1,0,0.061424185481870515
8746,10925,10926,4,0,0.36666661943371526
8747,10927,10928,4,0,0.069062976947496704
8748,10928,10929,5,1,0.35673762268065357
8749,10929,10930,2,0,0.061552456954910247
8750,10930,10931,4,0,0.0093437690674171899
8751,10931,10932,1,0,0.039840039042133478
8752,10933,10934,5,0,0.068919280206192521
8753,10934,10935,4,0,0.36341042518196509
8754,10936,10937,5,1,0.71909999294294824
8755,10937,10938,5,0,0.026625802469142278
8756,10938,10939,3,0,0.15097755784287395
8757,10939,10940,4,0,0.03118690572851486
8758,10940,10941,4,0,0.26101895870606318
8759,10941,10942,1,0,0.15545222928063018
8760,10943,10944,2,0,0.048547737053023954
8761,10944,10945,2,1,0.48630882833177574
8762,10945,10946,4,0,0.085597099163271531
8763,10946,10947,1,0,0.072175135797487092
8764,10947,10948,1,0,0.060354911527953435
8765,10948,10949,3,1,0.19277451696860326
8766,10949,10950,3,1,0.12427699666370257
8767,10950,10951,3,0,0.081077098568175729
8768,10951,10952,3,0,0.22833306314587279
8769,10952,10953,3,0,0.10638501947479309
8770,10953,10954,2,0,0.13702616267174661
8771,10954,10955,4,0,0.036141925218811655
8772,10957,10958,5,0,0.046161325450901798
8773,10958,10959,3,1,0.6336648140156983
8774,10959,10960,3,0,0.053839890414352415
8775,10960,10961,5,0,0.11703510246540061
8776,10961,10962,4,0,0.076244351204437191
8777,10963,10964,4,1,0.79005181131296154
8778,10964,10965,4,0,0.11726619149031851
8779,10965,10966,5,0,0.18417640550130673
8780,10966,10967,5,0,0.064096602695502325
8781,10967,10968,4,0,0.29848292862158743
8782,10968,10969,3,1,0.28412659615071717
8783,10969,10970,4,0,0.08195647654726658
8784,10970,10971,4,1,0.14002114419005568
8785,10971,10972,3,0,0.1387303054843092
8786,10973,10974,4,0,0.22736294505865945
8787,10974,10975,3,0,0.72313626927582386
8788,10975,10976,2,0,0.046107490462551311
8789,10976,10977,1,0,0.21240603303615385
8790,10977,10978,5,1,0.69338557956890245
8791,10978,10979,4,0,0.15288845461283929
8792,10979,10980,1,1,0.55133470588890554
8793,10980,10981,4,0,0.34339466026230109
8794,10981,10982,3,0,0.070204854649662821
8795,10982,10983,1,0,0.5411333535277516
8796,10983,10984,5,0,0.1335479082008062
8797,10985,10986,1,0,0.21387901093064152
8798,10986,10987,2,0,0.15327295466123414
8799,10987,10988,5,0,0.23902676408778015
8800,10988,10989,3,1,0.37779326312841005
8801,10989,10990,4,0,0.4189784068038499
8802,10990,10991,1,0,0.14477659692416417
8803,10991,10992,1,0,0.32284332678600142
8804,10993,10994,3,0,0.038271576290861205
8805,10994,10995,4,1,0.62059008109073366
8806,10995,10996,3,0,0.057695668455012873
8807,10996,10997,3,0,0.15355112893474782
8808,10997,10998,3,0,0.10891113826858033
8809,10998,10999,2,1,0.07855066826355829
8810,10999,11000,4,0,0.040251184812969465
8811,11000,11001,1,0,0.17849463400831297
8812,11001,11002,5,0,0.2221171837811412
8813,11002,11003,1,0,0.079432875041693204
8814,11003,11004,2,0,0.20439057733698016
8815,11005,11006,2,1,0.18462163270085291
8816,11006,11007,1,0,0.5234673383734979
8817,11007,11008,1,0,0.0071080313067592351
8818,11008,11009,1,0,0.69213185869277716
8819,11010,11011,2,1,0.15526393799551477
8820,11011,11012,4,0,0.17414381788216965
8821,11013,11014,2,0,0.14016069643081658
8822,11014,11015,2,0,0.05455242963795133
8823,11015,11016,2,0,0.12221152792625677
8824,11016,11017,4,0,0.30262103575979976
8825,11017,11018,1,0,0.16432004204586306
8826,11018,11019,3,0,0.091702763299105164
8827,11019,11020,1,1,0.10332663370264283
8828,11020,11021,2,0,0.12258141163333125
8829,11021,11022,5,0,0.06049520180141716
8830,11022,11023,4,0,0.16206473492766471
8831,11023,11024,5,0,0.25982505591128796
8832,11024,11025,3,0,0.55533358429352486
8833,11026,11027,5,1,0.12699820812237672
8834,11028,11029,3,1,0.065660148120586403
8835,11030,11031,4,1,0.29444598197939459
8836,11031,11032,2,1,0.18335195895972731
8837,11032,11033,4,0,0.032406625572322406
8838,11033,11034,4,1,0.51454272950945357
8839,11035,11036,5,0,0.043490798333345501
8840,11036,11037,5,1,0.63774552255402839
8841,11037,11038,4,1,0.49747742912574672
8842,11038,11039,1,0,0.068330187801548661
8843,11040,11041,3,1,0.66215838113034753
8844,11041,11042,3,0,0.38525028404669193
8845,11043,11044,2,1,0.6649511357197655
8846,11044,11045,4,1,0.35899449107657327
8847,11046,11047,2,0,0.15621073813041458
8848,11047,11048,1,0,0.41345311640874455
8849,11048,11049,2,0,0.1892902728283401
8850,11050,11051,5,0,0.31948495989497372
8851,11051,11052,5,0,0.2051468602115443
8852,11052,11053,3,1,0.61527615210711151
8853,11053,11054,1,0,0.23285854404506556
8854,11054,11055,3,0,0.24145596820633267
8855,11055,11056,4,1,0.13689566878725976
8856,11056,11057,3,1,0.14074947469722748
8857,11057,11058,1,0,0.037248862426877034
8858,11060,11061,1,1,0.34859489790891268
8859,11061,11062,3,1,0.12109928812519781
8860,11062,11063,5,1,0.22310388983079504
8861,11063,11064,5,1,0.18379787886385809
8862,11064,11065,4,0,0.36704847767359816
8863,11065,11066,3,0,0.086128742610828909
8864,11066,11067,3,0,0.059648733319355017
8865,11068,11069,5,0,0.082283809202992594
8866,11069,11070,4,0,0.043031519430463419
8867,11070,11071,1,0,0.10860868820919285
8868,11071,11072,3,0,0.095476578924404629
8869,11072,11073,5,1,0.55689145791149153
8870,11073,11074,2,0,0.064507942371521326
8871,11074,11075,4,1,0.82929281556061085
8872,11077,11078,1,0,0.11410829117247843
8873,11078,11079,3,1,0.66326932202053457
8874,11080,11081,1,1,0.17508337659787049
8875,11081,11082,4,0,0.18297730707781978
8876,11082,11083,2,0,0.16151922682599584
8877,11084,11085,4,0,0.16380147661934219
8878,11085,11086,4,0,0.029522762241998148
8879,11086,11087,2,0,0.1847338143878281
8880,11087,11088,1,0,0.069416748309508045
8881,11088,11089,1,0,0.16981325419187657
8882,11089,11090,5,1,0.073131598115136448
8883,11090,11091,5,0,0.086950497413168765
8884,11091,11092,3,0,0.082013159474608466
8885,11092,11093,3,0,0.058241161786272075
8886,11093,11094,5,0,0.03842584951028466
8887,11095,11096,3,1,0.21933922653519985
8888,11096,11097,5,0,0.23428360669930579
8889,11097,11098,1,0,0.14240111950385809
8890,11099,11100,1,0,0.066858104931992859
8891,11101,11102,1,0,0.11404987731137457
8892,11102,11103,3,0,0.16660446904125747
8893,11103,11104,1,0,0.13655614236191874
8894,11105,11106,2,1,0.091315778443764734
8895,11106,11107,5,0,0.32001427536156912
8896,11107,11108,4,0,0.17209192482936803
8897,11108,11109,3,0,0.29871966184802279
8898,11110,11111,1,0,0.19056305467646609
8899,11111,11112,2,0,0.18396063758414982
8900,11112,11113,2,0,0.22976354252059392
8901,11113,11114,5,1,0.084239870041081022
8902,11114,11115,2,0,0.19382879386496932
8903,11115,11116,5,1,0.027888911631016606
8904,11116,11117,1,0,0.28291459057123575
8905,11117,11118,4,0,0.17495545215270664
8906,11118,11119,4,0,0.22911363379344826
8907,11119,11120,2,0,0.37032943980291089
8908,11120,11121,4,0,0.15581712399920913
8909,11121,11122,5,0,0.21384152323763497
8910,11122,11123,3,0,0.48270692354291056
8911,11123,11124,1,0,0.10136287047635228
8912,11124,11125,3,0,0.17338679617092512
8913,11125,11126,5,0,0.023968083009437674
8914,11126,11127,1,1,0.20727904322308546
8915,11127,11128,2,0,0.3987081904407539
8916,11128,11129,4,0,0.21709867366030677
8917,11129,11130,1,0,0.15323058385872437
8918,11130,11131,2,0,0.64410262867756896
8919,11131,11132,1,1,0.06432555933572788
8920,11132,11133,4,0,0.12694585477541365
8921,11133,11134,3,0,0.19029588845717962
8922,11134,11135,4,0,0.12772008219800976
8923,11135,11136,3,0,0.10460977025933846
8924,11136,11137,3,0,0.099993788449473112
8925,11137,11138,5,0,0.020650364791227296
8926,11138,11139,3,0,0.34908595217315297
8927,11139,11140,3,0,0.20624521207138585
8928,11140,11141,5,0,0.08601808355395954
8929,11142,11143,3,0,0.13898875074058392
8930,11143,11144,3,0,0.060743947727930854
8931,11145,11146,3,0,0.10183046754255433
8932,11146,11147,4,0,0.25044850873891056
8933,11147,11148,4,1,0.11697169628378551
8934,11148,11149,3,0,0.16488475659748719
8935,11150,11151,2,0,0.17888117159212805
8936,11152,11153,3,0,0.087183708184646116
8937,11153,11154,5,0,0.22362029959712737
8938,11154,11155,1,0,0.20106569175267669
8939,11155,11156,3,0,0.15360146137710479
8940,11157,11158,3,0,0.1236258695209974
8941,11158,11159,1,0,0.11543941243537885
8942,11159,11160,3,0,0.066793525873949863
8943,11160,11161,1,0,0.13769225576172273
8944,11161,11162,3,0,0.090082425403944177
8945,11163,11164,3,0,0.17292904922306901
8946,11164,11165,5,0,0.2203913566825563
8947,11165,11166,3,0,0.008687816336982887
8948,11167,11168,2,0,0.10039855630910229
8949,11168,11169,2,0,0.14881548222502655
8950,11170,11171,3,1,0.42565610357425931
8951,11172,11173,4,0,0.10839230694854654
8952,11173,11174,4,0,0.037848621295373322
8953,11175,11176,1,0,0.1338711314877182
8954,11176,11177,5,0,0.20029109556388727
8955,11177,11178,2,0,0.1881010233450445
8956,11179,11180,2,1,0.018817197658259576
8957,11180,11181,1,0,0.62469718084328141
8958,11181,11182,5,0,0.051424018952641835
8959,11182,11183,3,0,0.3767035334994483
8960,11183,11184,5,0,0.17354971635232028
8961,11184,11185,3,0,0.38425305551540495
8962,11185,11186,5,0,0.077373172164817983
8963,11186,11187,4,1,0.19683033442226569
8964,11187,11188,5,0,0.32136644739658765
8965,11188,11189,4,0,0.017673848578831131
8966,11189,11190,3,0,0.23963824087994345
8967,11190,11191,4,0,0.22616455538464911
8968,11191,11192,2,0,0.18506824827861945
8969,11192,11193,3,0,0.12449374416745979
8970,11193,11194,3,0,0.12955917386825411
8971,11195,11196,3,0,0.1633600453493963
8972,11197,11198,1,0,0.62250995512033558
8973,11198,11199,3,0,0.16584575335278307
8974,11199,11200,5,0,0.15316912318127976
8975,11200,11201,1,0,0.067784950217777626
8976,11201,11202,3,0,0.11726500317744457
8977,11202,11203,2,0,0.082964455033321186
8978,11203,11204,4,0,0.16822543142276916
8979,11205,11206,3,1,0.10824361161030828
8980,11206,11207,3,1,0.75433553337365078
8981,11208,11209,2,0,0.046167004124791938
8982,11209,11210,4,0,0.044499144569459692
8983,11210,11211,3,0,0.11452604165929972
8984,11212,11213,2,1,0.11939551639014427
8985,11213,11214,3,0,0.19885797146708181
8986,11214,11215,5,0,0.19319961874535227
8987,11215,11216,1,0,0.10800361137627273
8988,11216,11217,3,0,0.28988923575461906
8989,11217,11218,4,1,0.58609720678840727
8990,11218,11219,2,0,0.28775022323059007
8991,11219,11220,5,0,0.31959090151984704
8992,11220,11221,4,0,0.17838167274874853
8993,11222,11223,4,0,0.42713548596184214
8994,11223,11224,3,0,0.046857930480744818
8995,11224,11225,3,1,0.15947939012852178
8996,11228,11229,4,0,0.13205320413286631
8997,11229,11230,2,1,0.1178130256124624
8998,11231,11232,4,0,0.1231673077972794
8999,11232,11233,5,0,0.017023462198763224
9000,11234,11235,1,1,0.37981116335043058
9001,11236,11237,5,0,0.10794722891214811
9002,11237,11238,4,0,0.15920522428753309
9003,11238,11239,2,0,0.059334685824950016
9004,11241,11242,4,0,0.16430163476937695
9005,11242,11243,1,0,0.41119887059856408
9006,11243,11244,1,0,0.76207748527349262
9007,11244,11245,4,0,0.1414358790661458
9008,11246,11247,2,1,0.33500025589163662
9009,11247,11248,2,0,0.085832034222155254
9010,11248,11249,4,1,0.15142112967089166
9011,11249,11250,4,0,0.2693939846805149
9012,11250,11251,4,1,0.13067643090892916
9013,11251,11252,1,0,0.64076086687570422
9014,11252,11253,3,0,0.13636634432512051
9015,11253,11254,2,0,0.016867026743626227
9016,11254,11255,5,0,0.21441299526339683
9017,11255,11256,1,0,0.018920901444528033
9018,11256,11257,5,0,0.25555880403837083
9019,11257,11258,3,0,0.076426437019337504
9020,11258,11259,4,1,0.46742700450147012
9021,11259,11260,3,0,0.47336194907771012
9022,11260,11261,4,0,0.30233651591085203
9023,11261,11262,5,0,0.69998326236106778
9024,11263,11264,5,0,0.51882912069026443
9025,11264,11265,4,0,0.29678020332514776
9026,11265,11266,5,0,0.28023419411571776
9027,11267,11268,3,0,0.053162303067917749
9028,11268,11269,5,0,0.20458990999145585
9029,11269,11270,2,0,0.093085241265600471
9030,11270,11271,1,1,0.28729898374633117
9031,11271,11272,2,0,0.41808084960334807
9032,11272,11273,1,0,0.59204315837828114
9033,11273,11274,3,0,0.16117504558744117
9034,11274,11275,1,0,0.052369766896635271
9035,11275,11276,5,0,0.23084820987264032
9036,11276,11277,3,1,0.18227321506862237
9037,11277,11278,4,1,0.15139873824116698
9038,11278,11279,5,0,0.016274389470763269
9039,11279,11280,2,0,0.1845631435099892
9040,11280,11281,2,0,0.12188495250697921
9041,11281,11282,2,0,0.11861365459248159
9042,11282,11283,2,1,0.38269179824601285
9043,11283,11284,1,0,0.66435014100616119
9044,11284,11285,1,1,0.2427554867973882
9045,11285,11286,2,0,0.60907602605072719
9046,11287,11288,3,0,0.08627732559179091
9047,11290,11291,5,0,0.1298101031755034
9048,11291,11292,5,0,0.077837649262495964
9049,11292,11293,3,1,0.24447777196501461
9050,11293,11294,2,1,0.71333319730073752
9051,11294,11295,4,0,0.19386204114407574
9052,11295,11296,3,1,0.67102094970158821
9053,11296,11297,3,1,0.15676436726113063
9054,11297,11298,2,0,0.1773585700519725
9055,11298,11299,4,0,0.024374169318367989
9056,11299,11300,5,1,0.26655979013117642
9057,11300,11301,5,0,0.15816626608587114
9058,11301,11302,4,1,0.31594471653238565
9059,11302,11303,4,1,0.50429072250221152
9060,11303,11304,5,1,0.1568023921909493
9061,11304,11305,1,0,0.11898222502631815
9062,11305,11306,2,1,0.23276153472191355
9063,11306,11307,5,0,0.25458106007706016
9064,11307,11308,4,0,0.078206345283568693
9065,11308,11309,3,0,0.12649153235648319
9066,11309,11310,3,0,0.18291572645490586
9067,11311,11312,4,0,0.1189375762595633
9068,11312,11313,4,0,0.075660080060430332
9069,11315,11316,4,0,0.13287088351912149
9070,11316,11317,3,0,0.036876163886998874
9071,11317,11318,1,0,0.014788253393053754
9072,11318,11319,4,0,0.27873429671124922
9073,11319,11320,3,1,0.3394968181579136
9074,11320,11321,4,0,0.049084106990148327
9075,11321,11322,3,0,0.1816492570452477
9076,11322,11323,5,0,0.15187381659934826
9077,11323,11324,5,0,0.11100580685954899
9078,11324,11325,5,1,0.12223076487824253
9079,11325,11326,3,0,0.20504036909795245
9080,11326,11327,3,0,0.070588739861863592
9081,11327,11328,2,0,0.080657066934048019
9082,11330,11331,5,0,0.08044760621600186
9083,11331,11332,1,0,0.080466569719192665
9084,11332,11333,4,0,0.090696983655275842
9085,11334,11335,3,1,0.14698925110092495
9086,11336,11337,1,0,0.18914275126225855
9087,11337,11338,2,0,0.066996208936707061
9088,11338,11339,5,1,0.30914500740642226
9089,11339,11340,4,0,0.16821862283052516
9090,11340,11341,3,1,0.26234365921739983
9091,11341,11342,1,0,0.075615879620559961
9092,11343,11344,2,1,0.64164302682713548
9093,11345,11346,2,1,0.57648761691044492
9094,11346,11347,4,0,0.2924395435930075
9095,11347,11348,2,0,0.15830594028919595
9096,11349,11350,3,0,0.037685212064162414
9097,11350,11351,1,0,0.21687618772752898
9098,11351,11352,2,0,0.14083448610217147
9099,11352,11353,2,0,0.090612836025480287
9100,11354,11355,1,1,0.19913197408409589
9101,11355,11356,5,0,0.2121396948465086
9102,11356,11357,1,0,0.70645625745011442
9103,11357,11358,2,0,0.19794152680722549
9104,11358,11359,5,0,0.20212148369721347
9105,11359,11360,2,1,0.66581254386293298
9106,11360,11361,5,0,0.13759983286468638
9107,11361,11362,3,1,0.38553570288387057
9108,11362,11363,2,0,0.24246157602858581
9109,11363,11364,4,0,0.037580507065994896
9110,11365,11366,4,0,0.11769219716789919
9111,11366,11367,2,0,0.03326944794177334
9112,11367,11368,3,1,0
9113,11370,11371,1,0,0.11543829208650698
9114,11371,11372,4,0,0.061633315945148821
9115,11372,11373,4,0,0.11151793132105091
9116,11373,11374,4,0,0.1769071975445124
9117,11374,11375,5,0,0.084544845362368004
9118,11375,11376,1,0,0.048504765889250845
9119,11376,11377,4,0,0.077643641953149781
9120,11377,11378,2,0,0.08789912978759451
9121,11379,11380,3,0,0.3545914839536104
9122,11380,11381,2,0,0.19650167420359477
9123,11382,11383,2,0,0.1930849426000901
9124,11383,11384,4,0,0.12217778500533667
9125,11384,11385,5,0,0.11668166106300809
9126,11385,11386,1,0,0.20551615654729669
9127,11386,11387,3,0,0.11049609912054935
9128,11387,11388,1,1,0.25247934187216331
9129,11388,11389,1,1,0.62215652775737817
9130,11389,11390,3,0,0.045907058802880887
9131,11390,11391,1,0,0.12572874759144761
9132,11391,11392,3,0,0.13032228577546937
9133,11392,11393,3,1,0.29300097132218156
9134,11393,11394,3,0,0.13276457181599158
9135,11394,11395,5,0,0.64776436129443649
9136,11395,11396,2,0,0.29187215115936604
9137,11396,11397,5,0,0.40874984037692569
9138,11398,11399,5,1,0.12537856664828717
9139,11399,11400,1,0,0.065187697710357984
9140,11400,11401,1,0,0.066257867465659898
9141,11403,11404,4,0,0.5903220112211327
9142,11404,11405,1,0,0.20478580062344703
9143,11406,11407,2,0,0.11585834658353604
9144,11407,11408,1,0,0.049382437413486996
9145,11408,11409,4,0,0.6129887749758165
9146,11409,11410,3,0,0.06689798194049458
9147,11410,11411,1,0,0.16731027295993584
9148,11411,11412,2,0,0.23163810091545353
9149,11412,11413,5,0,0.22402142106069506
9150,11413,11414,4,0,0.017666039508955157
9151,11414,11415,3,0,0.19947179290334718
9152,11415,11416,3,0,0.073560242300394679
9153,11416,11417,1,0,0.078741254808864403
9154,11417,11418,5,1,0.37957238773405866
9155,11419,11420,5,0,0.15526736224375892
9156,11420,11421,1,1,0.061717769080105546
9157,11421,11422,3,0,0.15480761609327948
9158,11422,11423,5,0,0.10605445998227712
9159,11423,11424,2,0,0.2544104314809747
9160,11424,11425,4,1,0.38536388905171276
9161,11425,11426,5,0,0.36547952283217255
9162,11427,11428,1,1,0.68714811352360827
9163,11428,11429,4,0,0.039962859533280416
9164,11429,11430,2,1,0.17699935262915772
9165,11430,11431,1,0,0.16916787656699661
9166,11431,11432,4,1,0.13049053724139503
9167,11433,11434,5,0,0.25183798025122972
9168,11434,11435,2,0,0.028112159222297674
9169,11435,11436,2,1,0.62269595533543021
9170,11436,11437,2,1,0.52512263312027385
9171,11437,11438,1,0,0.14898527761496996
9172,11438,11439,1,0,0.18088084195905846
9173,11439,11440,4,0,0.066868632843528786
9174,11440,11441,1,1,0.60142755929394986
9175,11441,11442,4,0,0.1534606355065512
9176,11442,11443,1,1,0.57229276257784956
9177,11443,11444,4,0,0.14684744212061279
9178,11444,11445,4,0,0.31502824419406844
9179,11445,11446,3,0,0.024081978008176307
9180,11446,11447,5,0,0.12591072501461872
9181,11447,11448,1,0,0.10093695671634918
9182,11448,11449,4,0,0.039122838817054063
9183,11449,11450,3,0,0.22257509988867799
9184,11450,11451,5,0,0.31228508121743598
9185,11451,11452,1,1,0.68478138450662196
9186,11452,11453,1,1,0.38646820839075552
9187,11453,11454,3,0,0.15841639327611284
9188,11454,11455,5,0,0.052690287649438193
9189,11455,11456,5,0,0.11043639075112457
9190,11456,11457,2,0,0.11888162333801269
9191,11457,11458,5,0,0.6662681743102834
9192,11458,11459,2,0,0.14023073761977589
9193,11459,11460,2,0,0.13647834672025283
9194,11460,11461,5,0,0.15153846114477024
9195,11461,11462,2,1,0.12400995131802518
9196,11462,11463,1,1,0.31720115990384906
9197,11464,11465,1,1,0.61870453103734691
9198,11465,11466,1,0,0.099290862722384104
9199,11466,11467,3,0,0.11576999134863605
9200,11467,11468,4,1,0.32657538281113285
9201,11468,11469,3,0,0.1526912102155788
9202,11469,11470,3,0,0.096056010915349932
9203,11470,11471,4,0,0.050948625478527174
9204,11471,11472,1,1,0.65648752640914732
9205,11472,11473,3,1,0.65628129363108023
9206,11473,11474,3,1,0.22261714374762806
9207,11474,11475,4,0,0.20691881257504302
9208,11475,11476,3,0,0.2126476605250652
9209,11476,11477,2,0,0.11932634655299312
9210,11477,11478,3,1,0.50286227067806122
9211,11478,11479,3,0,0.17172806712792599
9212,11480,11481,1,0,0.057516739037638709
9213,11481,11482,1,0,0.11514387855291726
9214,11482,11483,5,0,0.067465877936227686
9215,11483,11484,4,0,0.099786914367386223
9216,11484,11485,5,1,0.73231369706511051
9217,11485,11486,1,0,0.70087234201801729
9218,11486,11487,2,0,0.22652580192918195
9219,11487,11488,1,0,0.016039517013749432
9220,11488,11489,4,0,0.026224617328429758
9221,11489,11490,1,0,0.24560009713704586
9222,11490,11491,3,0,0.047262740180464016
9223,11493,11494,3,0,0.20558028624280247
9224,11494,11495,3,0,0.058940794165875776
9225,11495,11496,1,0,0.10426019156476136
9226,11496,11497,2,0,0.13076300177871497
9227,11497,11498,2,1,0.60774258780364832
9228,11498,11499,3,0,0.23576761827864359
9229,11500,11501,3,0,0.18402902172194108
9230,11501,11502,1,0,0.14260711656962907
9231,11502,11503,3,1,0.11505360714631169
9232,11503,11504,5,0,0.25779532323727039
9233,11504,11505,3,0,0.16352448140575707
9234,11505,11506,1,0,0.14212040346861013
9235,11506,11507,4,0,0.15768195667637214
9236,11507,11508,2,0,0.40883780334748521
9237,11510,11511,2,0,0.76945837752064794
9238,11511,11512,4,0,0.19219921916391922
9239,11513,11514,2,0,0.061400196306959288
9240,11514,11515,2,0,0.1275695529905557
9241,11516,11517,5,1,0.81609554807357632
9242,11517,11518,2,0,0.042462145159199952
9243,11518,11519,5,0,0.11467172038402725
9244,11520,11521,3,0,0
9245,11521,11522,3,0,0.1681045603162595
9246,11522,11523,5,0,0.19812878173902079
9247,11524,11525,5,0,0.092223499648774132
9248,11525,11526,5,0,0.08890559008198827
9249,11526,11527,3,0,0.091701442166439232
9250,11527,11528,3,0,0.70058607523701788
9251,11528,11529,4,0,0.06458283888290979
9252,11529,11530,3,0,0.25265360736794107
9253,11530,11531,2,0,0.21737670562038908
9254,11531,11532,2,0,0.014141964876040105
9255,11533,11534,5,0,0.18959634181520266
9256,11534,11535,5,0,0.17977041012449985
9257,11535,11536,4,0,0.036562067234975626
9258,11537,11538,2,1,0.23880177550846007
9259,11538,11539,5,0,0.23689854128985854
9260,11539,11540,3,1,0.23690375564772989
9261,11540,11541,4,0,0.1281019570809806
9262,11541,11542,2,0,0.01648674398780315
9263,11542,11543,3,0,0.13941665207259285
9264,11543,11544,4,1,0.12949576878118854
9265,11544,11545,3,1,0.1701436803768448
9266,11545,11546,4,0,0.090515013663607147
9267,11546,11547,1,0,0.14886570914484928
9268,11547,11548,4,0,0.07366672421584726
9269,11548,11549,3,0,0.086309202265647103
9270,11550,11551,2,0,0.48896542050589265
9271,11551,11552,5,0,0.25312319991690779
9272,11552,11553,4,0,0.35238623907195449
9273,11553,11554,1,0,0.0086720889723921942
9274,11554,11555,3,1,0.59159253834937031
9275,11555,11556,4,0,0.066551060741004184
9276,11556,11557,4,0,0.11485220108095738
9277,11557,11558,4,0,0.14075038842000676
9278,11558,11559,2,0,0.71152853004677197
9279,11559,11560,1,1,0.54171394084467783
9280,11560,11561,3,0,0.18663447689168897
9281,11561,11562,1,1,0.24540656736955246
9282,11563,11564,4,0,0.058293788727710287
9283,11564,11565,4,0,0.12302265821325477
9284,11565,11566,4,0,0.11519268135805677
9285,11566,11567,4,0,0.16368485285593784
9286,11567,11568,2,0,0.017789996866216205
9287,11568,11569,1,1,0.030011179940650858
9288,11569,11570,2,0,0.076144217069063616
9289,11570,11571,4,1,0.017898359147465681
9290,11571,11572,3,0,0.35050956954621021
9291,11572,11573,3,0,0.079512650298928525
9292,11573,11574,5,0,0.27783475790718271
9293,11574,11575,4,0,0.22393816749723422
9294,11575,11576,5,0,0.030646564089080872
9295,11576,11577,1,1,0.2447724667083781
9296,11577,11578,3,0,0.59780293613214852
9297,11578,11579,3,1,0.032384606686350702
9298,11579,11580,2,0,0.094866537100098208
9299,11580,11581,5,0,0.092956747628348657
9300,11581,11582,3,1,0.65760245913519033
9301,11582,11583,4,0,0.068446844709360646
9302,11583,11584,3,0,0.10759175821715714
9303,11584,11585,4,0,0.71377559904994703
9304,11585,11586,5,1,0.71523073623998046
9305,11586,11587,2,0,0.34115598495227745
9306,11587,11588,2,0,0.041416016052354662
9307,11589,11590,3,1,0.66800297719556379
9308,11590,11591,3,0,0.67145867928388914
9309,11591,11592,1,0,0.19447110055867911
9310,11593,11594,2,0,0.11237085358535877
9311,11594,11595,4,0,0.12169070598596166
9312,11595,11596,1,0,0.11754121703312395
9313,11596,11597,4,0,0.22958097498447982
9314,11597,11598,5,0,0.17270201686446593
9315,11598,11599,5,0,0.10026672337613525
9316,11599,11600,3,0,0.21984576628497396
9317,11600,11601,2,0,0.12609344856550314
9318,11601,11602,4,1,0.026168997632106398
9319,11603,11604,4,0,0.018096617023947603
9320,11604,11605,3,0,0.042940060807416865
9321,11605,11606,3,0,0.18872700930890302
9322,11606,11607,4,0,0.063838444817784584
9323,11607,11608,3,0,0.029775904221980641
9324,11608,11609,4,0,0.41484109504757455
9325,11609,11610,3,0,0.086444544685438898
9326,11610,11611,5,0,0.18408880125483959
9327,11612,11613,3,0,0.078757927716070528
9328,11614,11615,5,0,0.23922137913893157
9329,11615,11616,1,1,0.16113840304688626
9330,11616,11617,3,1,0.82502095090853922
9331,11617,11618,5,1,0.28710387261522002
9332,11618,11619,1,0,0.21439287574750099
9333,11619,11620,3,0,0.11041605852004027
9334,11621,11622,2,1,0.22761896282221189
9335,11622,11623,4,1,0.42126668813044382
9336,11623,11624,1,0,0.13638559424244234
9337,11625,11626,3,1,0.74715477484368087
9338,11626,11627,1,0,0.10786753540658453
9339,11627,11628,4,0,0.25262162798118515
9340,11628,11629,4,0,0.12230480204401838
9341,11631,11632,4,0,0.11115239928635062
9342,11632,11633,3,0,0.03679643624170191
9343,11633,11634,5,0,0.11047291184528282
9344,11634,11635,2,0,0.1082964699821533
9345,11635,11636,2,0,0.1299933780248545
9346,11636,11637,2,1,0.17315351087140837
9347,11637,11638,1,0,0.11678825823475177
9348,11638,11639,2,0,0.13775808242880269
9349,11639,11640,5,1,0.34676414046649412
9350,11640,11641,5,0,0.091098744226973324
9351,11641,11642,1,1,0.61275753966564783
9352,11642,11643,1,0,0.16909229464218298
9353,11643,11644,5,1,0.57921862489811726
9354,11645,11646,2,0,0.06592675616386344
9355,11646,11647,3,0,0.081324388690384414
9356,11649,11650,5,1,0.09688226301484501
9357,11650,11651,3,1,0.41123585041422089
9358,11651,11652,4,0,0.31187482411113693
9359,11652,11653,2,0,0.23043070484200623
9360,11653,11654,5,1,0.36780332521026288
9361,11654,11655,2,0,0.06764744313983824
9362,11655,11656,1,0,0.18626688814841527
9363,11656,11657,5,0,0.25940064387425149
9364,11657,11658,2,0,0.086479096968918368
9365,11659,11660,1,0,0.04075608113204033
9366,11660,11661,4,1,0.66668198120238065
9367,11661,11662,4,1,0.70008613127751884
9368,11662,11663,3,0,0.042547336376030559
9369,11663,11664,3,0,0.72783173327974693
9370,11664,11665,5,0,0.0084200717400157304
9371,11665,11666,5,1,0.060948804289961751
9372,11666,11667,4,1,0.45600949211179587
9373,11667,11668,5,0,0.21176584626820585
9374,11668,11669,2,0,0.17109449305054142
9375,11669,11670,3,0,0.1558798277049171
9376,11671,11672,4,1,0.84220574802518022
9377,11672,11673,1,0,0.08483078329092017
9378,11673,11674,1,0,0.10475077571758873
9379,11674,11675,2,0,0.10584816923568575
9380,11675,11676,2,0,0.18183578815698473
9381,11676,11677,2,0,0.19606931217758325
9382,11677,11678,2,0,0.10881001844125283
9383,11678,11679,4,0,0.11488039377755274
9384,11679,11680,4,0,0.075155781123170909
9385,11680,11681,5,0,0.14826571879712508
9386,11681,11682,4,1,0.68664703035174235
9387,11682,11683,3,0,0.090857316509561428
9388,11683,11684,4,1,0.098470023868968706
9389,11684,11685,4,0,0.20316608923931204
9390,11685,11686,5,0,0.090003549924902851
9391,11686,11687,4,0,0.10422770762444961
9392,11687,11688,4,1,0.056103754942155581
9393,11688,11689,3,0,0.14755156603498218
9394,11689,11690,2,0,0.2194293575851668
9395,11690,11691,2,0,0.18442855834272542
9396,11691,11692,3,0,0.021928372779916629
9397,11694,11695,1,0,0.17076967815741384
9398,11696,11697,4,1,0.25675610647091074
9399,11697,11698,2,1,0.18756646444410638
9400,11698,11699,1,0,0.12191174414587082
9401,11699,11700,3,0,0.20891074117817957
9402,11700,11701,5,0,0.014770892472090567
9403,11701,11702,5,1,0.72819907888813729
9404,11702,11703,4,0,0.048716073461723061
9405,11703,11704,1,0,0.3887387974810313
9406,11704,11705,3,1,0.67903986814997719
9407,11705,11706,2,0,0.81543838391912538
9408,11706,11707,2,1,0.20570152660878466
9409,11708,11709,5,0,0.43834281690149723
9410,11712,11713,2,0,0.72337414713507564
9411,11713,11714,4,1,0.21885127483966435
9412,11714,11715,1,0,0.507201416495215
9413,11715,11716,3,1,0.18938118817719515
9414,11716,11717,5,1,0.72739150941690678
9415,11717,11718,5,1,0.1465399018578063
9416,11718,11719,1,1,0.30544360527057607
9417,11719,11720,1,1,0.77498344984540357
9418,11720,11721,4,0,0.53102777085936459
9419,11721,11722,1,0,0.083828791443299702
9420,11723,11724,4,0,0.14576787905375924
9421,11724,11725,1,0,0.22033271713755362
9422,11726,11727,2,0,0.23215687518815345
9423,11729,11730,4,0,0.20824522828464137
9424,11730,11731,1,0,0.065373620203304103
9425,11731,11732,1,0,0.18840261401358921
9426,11732,11733,4,0,0.291883071012978
9427,11733,11734,2,0,0.052634449292771904
9428,11734,11735,2,0,0.68374141183781356
9429,11736,11737,2,1,0.05683184314287517
9430,11737,11738,3,0,0.10381971348370128
9431,11739,11740,3,1,0.8149367445804937
9432,11740,11741,5,1,0.11226438813358847
9433,11741,11742,3,0,0
9434,11742,11743,4,0,0.10853553125308824
9435,11743,11744,3,0,0.40218914964083502
9436,11744,11745,3,1,0.19701082401326023
9437,11745,11746,4,1,0.089828218226616116
9438,11746,11747,3,0,0.13588715689784181
9439,11747,11748,2,0,0.1181700198994179
9440,11749,11750,5,1,0.42768441079472636
9441,11750,11751,1,0,0.16154457603703645
9442,11751,11752,5,1,0.16075616048069732
9443,11752,11753,1,0,0.01211312584144821
9444,11756,11757,3,0,0.25243126862540682
9445,11758,11759,4,0,0.13428580204338203
9446,11761,11762,4,0,0.10172333524039662
9447,11762,11763,5,0,0.030067704935398409
9448,11763,11764,2,1,0.17756121067630376
9449,11764,11765,1,0,0.23278837299664301
9450,11765,11766,2,0,0.048226741306644616
9451,11766,11767,1,0,0.51462723247851705
9452,11767,11768,5,1,0.12439900036193009
9453,11768,11769,1,0,0.1030230988011919
9454,11769,11770,2,1,0.11381069003031612
9455,11770,11771,3,0,0.10950273337462431
9456,11771,11772,1,0,0.25532501026143417
9457,11772,11773,5,0,0.11249463591499094
9458,11773,11774,4,0,0.22361581809000383
9459,11775,11776,4,1,0.48780058557898137
9460,11776,11777,3,0,0.72214309421372413
9461,11777,11778,3,0,0.16459284306960098
9462,11778,11779,1,0,0.13573749834905582
9463,11779,11780,4,1,0.41154209001275394
9464,11780,11781,4,0,0.029286120664096256
9465,11782,11783,3,0,0.029766402280873315
9466,11783,11784,2,0,0.16802016383150611
9467,11786,11787,5,0,0.11145829206696327
9468,11787,11788,3,1,0.1056510559604123
9469,11788,11789,4,0,0.075853381391181127
9470,11789,11790,3,0,0.16588612002410927
9471,11791,11792,1,0,0.11068362524520892
9472,11792,11793,1,0,0.14864482110130556
9473,11793,11794,2,1,0.42078144932129857
9474,11795,11796,1,0,0.094894591226940342
9475,11796,11797,4,1,0.066032638060288057
9476,11797,11798,5,0,0.049839963537602235
9477,11798,11799,2,0,0.060591162610312652
9478,11799,11800,4,0,0.1264662930347942
9479,11800,11801,2,0,0.1248827132648431
9480,11801,11802,1,0,0.087738710161292088
9481,11802,11803,5,1,0.60403707650297589
9482,11803,11804,2,0,0.5877979066114789
9483,11804,11805,2,0,0.19826455471235208
9484,11805,11806,3,1,0.11732485151490857
9485,11807,11808,2,1,0.10349035223365327
9486,11808,11809,4,0,0.18244587293490289
9487,11809,11810,2,0,0.16332282747843183
9488,11810,11811,4,0,0.17048242695910301
9489,11811,11812,2,0,0.17959554245976841
9490,11814,11815,2,0,0.078455149242425845
9491,11815,11816,4,0,0.1605570561212816
9492,11816,11817,1,0,0.24360656555488569
9493,11818,11819,2,0,0.12984693578106821
9494,11819,11820,2,0,0.034770571092055863
9495,11820,11821,3,0,0.22236709784051484
9496,11821,11822,5,0,0.33808827553288351
9497,11823,11824,3,0,0.093893154159034833
9498,11824,11825,3,0,0.58592269347354253
9499,11826,11827,4,0,0.61781814158396287
9500,11827,11828,2,1,0.6749834255195426
9501,11828,11829,1,0,0.35023668977293759
9502,11829,11830,5,1,0.6584202375810827
9503,11830,11831,3,1,0.3601228739197469
9504,11831,11832,4,0,0.21484716650853136
9505,11832,11833,3,0,0.026538088787883697
9506,11833,11834,2,0,0.029388857629019653
9507,11835,11836,2,0,0.10764861364601548
9508,11836,11837,2,0,0.1480796590445565
9509,11837,11838,3,1,0.66504783768622677
9510,11839,11840,3,0,0.12920285730763939
9511,11840,11841,3,0,0.069224580411142059
9512,11841,11842,2,0,0.26703839451759342
9513,11842,11843,4,0,0.17933363267120403
9514,11843,11844,2,0,0.12613787455461795
9515,11845,11846,4,0,0.13481236619928555
9516,11846,11847,5,0,0.098336775415226715
9517,11847,11848,1,0,0.059064909932811806
9518,11849,11850,2,0,0.38276001197713722
9519,11851,11852,2,0,0.065955629071686644
9520,11853,11854,2,0,0.079775813164440962
9521,11854,11855,1,1,0.67676743290948294
9522,11855,11856,3,0,0.63407360734531071
9523,11856,11857,3,0,0.4298605815798977
9524,11857,11858,4,0,0.14342099405670222
9525,11858,11859,4,0,0.18687189421024999
9526,11859,11860,1,0,0.0406669541114019
9527,11860,11861,5,0,0.12081723480356729
9528,11861,11862,4,0,0.25068627708473279
9529,11862,11863,5,1,0.06001442671432259
9530,11863,11864,1,0,0.36052820617711517
9531,11864,11865,3,0,0.27102154502489595
9532,11865,11866,5,0,0.12497788476942341
9533,11866,11867,2,0,0.062702758218852211
9534,11867,11868,4,0,0.48962539229354363
9535,11868,11869,3,0,0.46110531222384193
9536,11869,11870,3,0,0.28929917779695152
9537,11870,11871,1,1,0.15572624002458185
9538,11872,11873,2,0,0.11866846530224985
9539,11873,11874,4,0,0.74302009774238775
9540,11876,11877,5,0,0.18347493798231493
9541,11880,11881,1,0,0.20133698109701875
9542,11881,11882,2,0,0.047990623144870792
9543,11882,11883,5,0,0.078894814381186812
9544,11883,11884,3,0,0.04692200581148543
9545,11884,11885,1,0,0.14226909008693042
9546,11885,11886,4,0,0.19994844113178886
9547,11886,11887,1,0,0.17322276885224983
9548,11887,11888,1,0,0.24217202364314142
9549,11888,11889,4,0,0.1103339722583935
9550,11890,11891,4,0,0.21475938046753498
9551,11891,11892,4,0,0.29697592342084828
9552,11892,11893,2,0,0.31909573531079788
9553,11893,11894,2,0,0.12906550622365581
9554,11895,11896,4,0,0.16713028443939645
9555,11896,11897,2,0,0.10013921613378787
9556,11897,11898,2,0,0.14420250655389208
9557,11899,11900,2,0,0.086900239815127137
9558,11900,11901,1,0,0.3265004606842003
9559,11901,11902,3,0,0.23092026359207418
9560,11902,11903,4,0,0.4654135790382119
9561,11903,11904,2,0,0.024095037608190539
9562,11904,11905,1,1,0.15826370445795612
9563,11905,11906,2,0,0.081677880881656673
9564,11908,11909,5,0,0.19420275294700859
9565,11910,11911,1,0,0.20112640790166816
9566,11911,11912,5,0,0.16183742070683271
9567,11912,11913,5,0,0.19220386573873283
9568,11914,11915,4,0,0.18539533171988065
9569,11915,11916,5,0,0.018708291575081144
9570,11916,11917,3,0,0.059013627538678143
9571,11917,11918,4,0,0.23003271637982139
9572,11918,11919,2,0,0.092033872756127413
9573,11919,11920,3,0,0.2123453518870167
9574,11920,11921,1,0,0.28091760090048989
9575,11921,11922,4,0,0.29477860248744464
9576,11922,11923,1,0,0.10936185767792474
9577,11923,11924,3,0,0.12680164330218632
9578,11924,11925,1,0,0.082753954967684881
9579,11925,11926,1,0,0.070801352989712851
9580,11926,11927,2,0,0.57368013017815578
9581,11927,11928,5,0,0.17681725998329761
9582,11928,11929,3,0,0.1731744125352993
9583,11929,11930,1,0,0.3118120078216427
9584,11930,11931,4,0,0.18104648063110043
9585,11932,11933,5,0,0.20288022308774639
9586,11933,11934,4,0,0.22234495733454385
9587,11935,11936,5,0,0.056628806219199072
9588,11936,11937,2,0,0.15483207822998374
9589,11938,11939,2,1,0.10339847771347795
9590,11939,11940,4,0,0.037224672386374925
9591,11940,11941,2,0,0
9592,11941,11942,3,0,0.13172328874503969
9593,11942,11943,1,0,0.54927971141178467
9594,11943,11944,2,0,0.19456065531883027
9595,11944,11945,1,0,0.0228430172759728
9596,11947,11948,5,0,0.12649090534498675
9597,11948,11949,1,0,0.071564279754568721
9598,11949,11950,2,0,0.19889482516259019
9599,11950,11951,5,0,0.12197840589666741
9600,11951,11952,1,0,0.058040808954704821
9601,11952,11953,4,1,0.099133769160456367
9602,11953,11954,4,0,0.27397037516044837
9603,11954,11955,4,1,0.11238906752201386
9604,11956,11957,2,0,0.10787176497134782
9605,11958,11959,5,0,0.067691388921567952
9606,11959,11960,5,1,0.66574350215695366
9607,11960,11961,3,0,0.032499337350409059
9608,11962,11963,1,1,0.34943075839338977
9609,11963,11964,2,1,0.14884745292345516
9610,11964,11965,2,1,0.10238348987457035
9611,11965,11966,3,0,0.18232732989262729
9612,11966,11967,4,0,0.059803250952760123
9613,11968,11969,1,1,0.54844366032558844
9614,11969,11970,2,0,0.044108486539956165
9615,11970,11971,5,1,0.14833376679636481
9616,11972,11973,2,0,0.1649422860803281
9617,11973,11974,3,0,0.25658266576948457
9618,11974,11975,2,0,0.058032036427829524
9619,11976,11977,4,0,0
9620,11977,11978,5,0,0.68247123488401895
9621,11978,11979,4,0,0.02233293878416185
9622,11979,11980,1,0,0.15865881528956569
9623,11980,11981,4,1,0.11966368424435739
9624,11981,11982,3,1,0.130316070709594
9625,11982,11983,4,0,0.18625599171307183
9626,11983,11984,4,0,0.38105200591214322
9627,11984,11985,5,1,0.13903261355578467
9628,11985,11986,2,0,0.13063133424757131
9629,11986,11987,2,0,0.052223189797822901
9630,11987,11988,2,1,0.81722819570498639
9631,11988,11989,1,0,0.13632369420828275
9632,11989,11990,5,0,0.063677749875962877
9633,11990,11991,1,0,0.18661167432895395
9634,11991,11992,1,0,0.31498764259721995
9635,11992,11993,1,0,0.051003072535101168
9636,11994,11995,3,0,0.25041311071611455
9637,11995,11996,3,1,0.14542924637897797
9638,11996,11997,3,0,0.19605494860412526
9639,11997,11998,1,0,0.43690932341835265
9640,11999,12000,1,1,0.3373284255518525
9641,12000,12001,5,0,0.1710684330889756
9642,12001,12002,1,0,0.043297333330959732
9643,12002,12003,1,1,0.21909690169916268
9644,12003,12004,1,0,0.2143408265879764
9645,12005,12006,2,1,0.40173426528878869
9646,12006,12007,4,1,0.58966347060818092
9647,12007,12008,1,0,0.10257211422250453
9648,12009,12010,5,1,0.33374632984778269
9649,12010,12011,1,0,0.73813133973675349
9650,12011,12012,2,0,0.21569938963118046
9651,12012,12013,1,0,0.13498515002434933
9652,12013,12014,2,0,0.10470436971220905
9653,12014,12015,1,0,0.10968090439132089
9654,12015,12016,2,1,0.48517420428862473
9655,12016,12017,4,0,0.16036112658461588
9656,12017,12018,5,1,0.70284994591521932
9657,12018,12019,4,1,0.83406954160454327
9658,12019,12020,5,0,0.18151128200451039
9659,12020,12021,1,0,0.21761986497732405
9660,12022,12023,3,0,0.17916130221156601
9661,12023,12024,2,0,0.11287627418057938
9662,12026,12027,1,1,0.15471891418741598
9663,12028,12029,5,0,0.53003742204635917
9664,12029,12030,2,1,0.58420393967823203
9665,12030,12031,2,1,0.18413681237258006
9666,12031,12032,5,0,0.376574226296649
9667,12032,12033,2,0,0.13212546025335076
9668,12033,12034,3,0,0.098457525018597405
9669,12034,12035,5,0,0.18014674757419397
9670,12035,12036,2,0,0.80841110441335162
9671,12036,12037,1,0,0.10668926661586603
9672,12037,12038,4,0,0.16727518053469187
9673,12040,12041,4,0,0.044682805123639119
9674,12041,12042,3,0,0.53252831797189826
9675,12042,12043,1,0,0.16785650084907433
9676,12044,12045,5,0,0.11198058212059658
9677,12046,12047,4,0,0.19072214190003178
9678,12047,12048,4,0,0.20033165117711169
9679,12049,12050,3,0,0.088583907322257696
9680,12050,12051,5,0,0.11157615210444166
9681,12051,12052,4,0,0.65911355667730087
9682,12053,12054,1,1,0.62720621316302538
9683,12055,12056,4,0,0.10548302883596374
9684,12057,12058,4,0,0.13088377129151202
9685,12058,12059,5,0,0.1401502308253835
9686,12059,12060,1,0,0.093807864595266965
9687,12060,12061,5,0,0.19609889056834767
9688,12061,12062,5,0,0.061787643416177339
9689,12062,12063,5,0,0.33191646504105099
9690,12063,12064,3,0,0.099576740085314641
9691,12064,12065,5,0,0.43903633855994484
9692,12065,12066,3,0,0.21199091109427617
9693,12067,12068,4,1,0.28817685530626463
9694,12068,12069,3,1,0.28070915412444603
9695,12069,12070,1,0,0.10146641752543505
9696,12070,12071,3,1,0.12541161553587002
9697,12072,12073,2,1,0.6890828612023413
9698,12073,12074,3,0,0.036456136864779116
9699,12074,12075,1,0,0.14853602200070906
9700,12075,12076,2,0,0.28612879883064862
9701,12076,12077,3,0,0.067573798200634527
9702,12077,12078,3,0,0.13750331789938397
9703,12078,12079,3,0,0.55773243520912197
9704,12079,12080,1,0,0.029510998777667424
9705,12080,12081,2,0,0.17584590875367748
9706,12081,12082,3,0,0.020423774347509017
9707,12083,12084,3,1,0.69215955212119051
9708,12084,12085,3,1,0.18636405932258371
9709,12085,12086,5,1,0.09897481741201819
9710,12087,12088,3,0,0.3358379741292345
9711,12088,12089,4,0,0.085435324992849213
9712,12089,12090,4,0,0.40279016465355788
9713,12091,12092,3,0,0.18645159266091099
9714,12092,12093,3,0,0.10893200354820622
9715,12093,12094,4,0,0.76241851288202744
9716,12094,12095,1,0,0.19006805783722144
9717,12095,12096,4,0,0.023583956262733807
9718,12096,12097,3,0,0.62758973638855409
9719,12097,12098,2,0,0.057218192272728181
9720,12098,12099,5,0,0.38851998756583173
9721,12099,12100,4,0,0.01700536367633244
9722,12100,12101,5,0,0.70293873247223082
9723,12101,12102,3,0,0.22663801273472664
9724,12102,12103,1,0,0.12207578983637365
9725,12103,12104,5,0,0.060143576548896432
9726,12105,12106,5,0,0.14729495041469676
9727,12106,12107,3,0,0.062352160942115063
9728,12107,12108,3,1,0.098567504275144616
9729,12108,12109,5,0,0.18317014444668764
9730,12109,12110,2,0,0.069684561328377109
9731,12110,12111,2,0,0.073503975699467927
9732,12111,12112,3,0,0.053040258019154407
9733,12112,12113,5,0,0.044213349352702387
9734,12113,12114,1,0,0.11857607455320095
9735,12114,12115,1,0,0.14922529798195713
9736,12115,12116,2,0,0.060412375554811944
9737,12116,12117,2,0,0.1501780242340077
9738,12117,12118,2,0,0.23465171634661167
9739,12118,12119,5,0,0.022754328103634518
9740,12119,12120,1,0,0.61225465746414254
9741,12120,12121,1,0,0.70887753834263734
9742,12121,12122,5,1,0.6583340326929219
9743,12122,12123,3,0,0.043552088745849843
9744,12123,12124,3,1,0.50086603303528698
9745,12124,12125,4,0,0.018123846967433774
9746,12125,12126,1,0,0.53746185301097771
9747,12126,12127,4,0,0.096740029334092523
9748,12127,12128,1,0,0.018735952173574995
9749,12129,12130,3,0,0.14576389348312968
9750,12130,12131,4,0,0.049076902450303543
9751,12132,12133,4,0,0.056639577839012051
9752,12133,12134,3,0,0.014691061397723549
9753,12134,12135,4,0,0.12404174340486336
9754,12135,12136,3,0,0.19332216633026106
9755,12136,12137,4,0,0.11218717275668627
9756,12137,12138,4,0,0.047784306418150534
9757,12139,12140,5,0,0.08899236481631323
9758,12140,12141,1,0,0.34325445385450826
9759,12141,12142,4,0,0.18237121784054755
9760,12142,12143,4,1,0.67306555489265196
9761,12143,12144,3,0,0.072671272395499822
9762,12144,12145,4,0,0.58352020623166456
9763,12145,12146,3,0,0.17237360129574616
9764,12146,12147,4,0,0.070380949770670082
9765,12147,12148,5,0,0.024407040358206056
9766,12148,12149,2,0,0.057236861952065704
9767,12149,12150,1,0,0.71747751387199399
9768,12150,12151,1,0,0.060005044170224162
9769,12151,12152,4,1,0.18419965868625623
9770,12152,12153,2,1,0.16444670360225436
9771,12155,12156,1,1,0.3733139220149122
9772,12156,12157,3,0,0.22680658494222594
9773,12157,12158,2,0,0.44252802899883431
9774,12158,12159,5,0,0.20626310229946315
9775,12159,12160,4,1,0.41501312915196348
9776,12160,12161,5,0,0.22478956501883876
9777,12161,12162,2,0,0.044269017870632268
9778,12162,12163,5,1,0.7494197896929512
9779,12164,12165,3,0,0.11646708989660409
9780,12165,12166,5,0,0.076286472201918476
9781,12166,12167,5,0,0.030593237679885837
9782,12168,12169,1,0,0.12657658424514173
9783,12170,12171,2,0,0.15205695939847341
9784,12171,12172,5,1,0.12424132964586912
9785,12172,12173,4,0,0.19400114708272317
9786,12173,12174,1,0,0.055473523813690528
9787,12174,12175,5,1,0.16423211459998066
9788,12175,12176,3,0,0.03941250271666711
9789,12176,12177,2,1,0.76765213966699231
9790,12177,12178,3,0,0.14101897018130738
9791,12180,12181,5,0,0.13676972883066349
9792,12181,12182,1,0,0.074404777485797727
9793,12182,12183,3,0,0.13797026122561695
9794,12183,12184,5,0,0.14382866697406269
9795,12184,12185,3,0,0.080807781672732476
9796,12185,12186,1,0,0.079854790275129831
9797,12186,12187,4,0,0.20974420083460008
9798,12187,12188,5,0,0.10637929962155503
9799,12188,12189,3,1,0.081159763441815011
9800,12189,12190,1,0,0.17831257890335955
9801,12190,12191,2,0,0.03900994142830267
9802,12191,12192,2,1,0.75474858495478336
9803,12192,12193,2,0,0.47917858744765907
9804,12193,12194,4,0,0.20377004681800948
9805,12195,12196,1,0,0.69758187001068372
9806,12196,12197,3,1,0.77760358993625456
9807,12197,12198,5,1,0.37657790614960845
9808,12199,12200,1,0,0.089660730342435518
9809,12200,12201,4,0,0.13834315159548849
9810,12201,12202,4,1,0.42346205963775274
9811,12202,12203,4,0,0.2263537279183819
9812,12203,12204,1,0,0.049442694552859066
9813,12204,12205,5,0,0.12717790740048501
9814,12205,12206,1,1,0.34407588986937443
9815,12206,12207,3,0,0.64435653255797309
9816,12207,12208,1,0,0.16657377797144726
9817,12208,12209,5,0,0.12613383214730484
9818,12209,12210,3,0,0.1048341042298391
9819,12211,12212,3,1,0.1057578887457393
9820,12213,12214,4,0,0.1588996312629648
9821,12215,12216,1,0,0.097264700582167976
9822,12217,12218,3,0,0.21623429852949594
9823,12218,12219,4,0,0.036753012275272445
9824,12219,12220,5,0,0.11949117852987591
9825,12220,12221,2,0,0.14107991504084239
9826,12221,12222,4,0,0.044164619872620693
9827,12223,12224,2,1,0.061051085976379968
9828,12224,12225,4,1,0.63687949448686909
9829,12225,12226,4,0,0.086647663983929368
9830,12226,12227,3,0,0.078283269911050266
9831,12227,12228,5,0,0.11980506557713823
9832,12228,12229,4,0,0.10322395442054556
9833,12229,12230,4,0,0.060737598283760789
9834,12231,12232,4,0,0.27281427298952571
9835,12232,12233,3,0,0.033648781563768902
9836,12233,12234,1,0,0.16905788031938976
9837,12234,12235,3,1,0.22233802102199296
9838,12235,12236,5,1,0.71081969154585578
9839,12236,12237,1,1,0.64874797746669688
9840,12237,12238,5,0,0.8069019572782018
9841,12238,12239,4,1,0.18076198180752004
9842,12240,12241,3,0,0.17458275227543274
9843,12241,12242,2,0,0.045427351960894598
9844,12243,12244,3,1,0.051438396076580462
9845,12244,12245,4,0,0.094231618210309745
9846,12245,12246,1,0,0.14253435685750296
9847,12247,12248,1,0,0.019663341800167253
9848,12248,12249,3,0,0.06596914192169917
9849,12249,12250,2,1,0.19549344811553912
9850,12251,12252,4,0,0.40358639621164694
9851,12252,12253,3,0,0.21026666785555712
9852,12253,12254,3,0,0
9853,12256,12257,5,0,0.065659395974375104
9854,12257,12258,3,0,0.34364001661226318
9855,12258,12259,3,0,0.052759126552195931
9856,12259,12260,5,0,0.15777281770163265
9857,12260,12261,1,0,0.63908625913700934
9858,12261,12262,2,0,0.0084976618075137747
9859,12263,12264,3,0,0.66771008547829369
9860,12264,12265,1,0,0.25937672195586731
9861,12265,12266,4,0,0.053566476127944899
9862,12266,12267,1,0,0.18943861799111905
9863,12267,12268,2,0,0.099368540276302125
9864,12268,12269,3,1,0.62152617795004284
9865,12270,12271,5,0,0.21260726393228949
9866,12273,12274,2,0,0.3196831505271171
9867,12276,12277,5,0,0.020275421538211869
9868,12278,12279,5,1,0.42733160865894554
9869,12280,12281,2,0,0.66030265214195039
9870,12282,12283,5,0,0.23472029865096872
9871,12283,12284,1,1,0.15150081597046622
9872,12284,12285,4,0,0.093916654857227139
9873,12286,12287,1,0,0.6650284504343752
9874,12287,12288,2,0,0.2632525631328469
9875,12288,12289,4,0,0.24153848899785002
9876,12289,12290,1,0,0.13012899575997441
9877,12290,12291,3,0,0.16181919340138021
9878,12291,12292,4,0,0.10807377485817299
9879,12292,12293,2,1,0.16477202663872351
9880,12293,12294,4,0,0.06629246984641754
9881,12294,12295,5,0,0.15014663688089333
9882,12295,12296,2,0,0.097392232843960869
9883,12297,12298,5,1,0.74850837390680536
9884,12298,12299,1,0,0.21124007673784892
9885,12299,12300,3,0,0.13501114970960049
9886,12301,12302,4,0,0.52918956079861934
9887,12302,12303,2,1,0.43740046845094871
9888,12303,12304,2,0,0.25025599671966375
9889,12304,12305,3,0,0.0454694108483846
9890,12305,12306,4,0,0.18375577784965089
9891,12306,12307,3,0,0.12996989156217423
9892,12307,12308,4,1,0.62688096280578809
9893,12308,12309,4,0,0.14131185959191189
9894,12309,12310,4,1,0.18225396845785735
9895,12310,12311,3,0,0.09073363502629668
9896,12311,12312,1,0,0.035769214022581576
9897,12312,12313,2,0,0.10705640090466451
9898,12314,12315,1,0,0.068921410149353726
9899,12315,12316,2,0,0.183395396305431
9900,12316,12317,2,0,0.1465527581080347
9901,12317,12318,5,0,0.015857465121334242
9902,12319,12320,4,0,0.11997853379924088
9903,12322,12323,3,1,0.18949617736916252
9904,12323,12324,1,0,0.064237891974074882
9905,12324,12325,3,0,0.079050094711587082
9906,12325,12326,5,0,0.10728047784696036
9907,12326,12327,4,0,0.036680779642398485
9908,12327,12328,3,0,0.3314319220043272
9909,12328,12329,5,0,0.078298166362740937
9910,12330,12331,3,0,0.13460807423717083
9911,12331,12332,5,0,0.19085316959260945
9912,12332,12333,2,0,0.10669224271040945
9913,12333,12334,5,1,0.17474165088746293
9914,12334,12335,2,0,0.14677016434199167
9915,12335,12336,4,0,0.092563234871712627
9916,12337,12338,4,0,0.088059767319210058
9917,12338,12339,2,0,0.16734187934479483
9918,12339,12340,1,0,0.18304143009168003
9919,12340,12341,2,0,0.049949512281001689
9920,12341,12342,2,0,0.15578117813438871
9921,12342,12343,4,0,0.13042463299437917
9922,12344,12345,3,1,0.65715387444070961
9923,12345,12346,3,1,0.60542742206183187
9924,12347,12348,2,0,0.15945427334651485
9925,12348,12349,3,0,0.10455776685320381
9926,12349,12350,4,0,0.15718613471928908
9927,12351,12352,2,0,0.08734918980751491
9928,12352,12353,3,1,0.065299467361563182
9929,12353,12354,1,0,0.50512970735104357
9930,12355,12356,2,0,0.04814486334654336
9931,12356,12357,5,0,0.11388706530979013
9932,12357,12358,3,0,0.078658970864713657
9933,12360,12361,3,0,0.083710425243251271
9934,12361,12362,3,0,0.60716437687118363
9935,12362,12363,4,1,0.44811449998463465
9936,12364,12365,5,0,0.29618815272476695
9937,12365,12366,1,0,0.045686529294958818
9938,12366,12367,1,0,0.13267882610192272
9939,12367,12368,5,1,0.70801654083275578
9940,12368,12369,4,0,0.080684593047373562
9941,12369,12370,1,1,0.72222595444903037
9942,12372,12373,5,0,0.16629465265555329
9943,12373,12374,2,0,0.028445724695785879
9944,12374,12375,2,1,0.64533609129411773
9945,12375,12376,2,1,0.049361230678194916
9946,12376,12377,4,0,0.15477259671545429
9947,12378,12379,3,0,0.40554627440037849
9948,12379,12380,3,0,0.16548746459921454
9949,12380,12381,5,0,0.052594683677162538
9950,12381,12382,3,1,0.099888710329920166
9951,12382,12383,4,0,0.18136523952011482
9952,12383,12384,3,0,0.11136354739175644
9953,12384,12385,4,1,0.23050326103991145
9954,12385,12386,1,0,0.14945783851650024
9955,12387,12388,4,0,0.38156040704752975
9956,12388,12389,3,1,0.17156196456369044
9957,12389,12390,2,0,0.14559955256480994
9958,12390,12391,2,0,0.76845226241042797
9959,12391,12392,4,1,0.62664860831351843
9960,12392,12393,1,1,0.76210659087425769
9961,12393,12394,4,0,0.05667803821955171
9962,12394,12395,4,1,0.67968217472006343
9963,12395,12396,4,0,0.076772784344239731
9964,12396,12397,1,0,0.11350309872750725
9965,12397,12398,2,0,0.24056968183716906
9966,12398,12399,1,0,0.31672954074687409
9967,12399,12400,2,0,0.15072387626028183
9968,12400,12401,3,0,0.34525700804832432
9969,12401,12402,3,0,0.03553644207003178
9970,12403,12404,4,1,0.027978143879292618
9971,12404,12405,4,0,0.052392624314304782
9972,12405,12406,2,0,0.22231818758656821
9973,12406,12407,4,1,0.6751079525934226
9974,12407,12408,4,0,0.15278324992322709
9975,12408,12409,2,1,0.68814335442254548
9976,12409,12410,3,0,0.10169154915632912
9977,12410,12411,1,0,0.093413179013025413
9978,12411,12412,4,0,0.28068461769839104
9979,12412,12413,2,0,0.13715505960009061
9980,12413,12414,2,0,0.13715286658672612
9981,12414,12415,4,0,0.17603340333913478
9982,12415,12416,4,0,0.038567705553458773
9983,12416,12417,5,1,0.66889020222448259
9984,12417,12418,5,0,0.12791117762470408
9985,12418,12419,2,0,0.13843506270348749
9986,12419,12420,2,0,0.038812319987439677
9987,12420,12421,2,0,0.027537170013156191
9988,12421,12422,1,0,0.25408178286397237
9989,12422,12423,3,0,0.14174345780425499
9990,12423,12424,5,0,0.63124660539594279
9991,12424,12425,2,0,0.096254820122648577
9992,12425,12426,3,0,0.08774970998626283
9993,12427,12428,1,0,0.21079967026964003
9994,12428,12429,2,0,0.13326595914726055
9995,12429,12430,4,0,0.16084623535192505
9996,12430,12431,4,1,1
9997,12432,12433,4,0,1
9998,12433,12434,4,0,0.17790226360055356
9999,12434,12435,4,0,0.07455286761291903
10000,12436,12437,2,0,0.11823070483216272
10001,12437,12438,4,0,0.11472513516563207
10002,12438,12439,5,0,0.21969321572487618
10003,12439,12440,5,0,0.093015555819657592
10004,12442,12443,5,0,0.20663498524880278
10005,12443,12444,2,0,0.065837328349332647
10006,12444,12445,3,1,0.41202326325116079
10007,12445,12446,2,0,0.026791936558293442
10008,12447,12448,1,0,0.65164082469632922
10009,12448,12449,4,0,0.23373763403399972
10010,12449,12450,2,0,0.11492491577076983
10011,12450,12451,1,1,0.24227229066926129
10012,12451,12452,2,1,0.15641148184693957
10013,12452,12453,5,0,0.21433529528107237
10014,12453,12454,4,1,0.53120027821267712
10015,12454,12455,1,0,0.15478366464767726
10016,12455,12456,4,0,0.25902505511607626
10017,12456,12457,3,1,0.33808343688611453
10018,12457,12458,2,0,0.096206198651186001
10019,12459,12460,2,0,0.11215252482470393
10020,12460,12461,3,0,0.1286254760446571
10021,12461,12462,4,0,0.21293431617399264
10022,12462,12463,1,0,0.65749180397639617
10023,12464,12465,1,0,0.087193588320500545
10024,12465,12466,5,1,0.44964692547277629
10025,12466,12467,1,0,0.038345286517019524
10026,12467,12468,2,0,0.26170875049395781
10027,12468,12469,1,0,0.53656695937900478
10028,12469,12470,2,0,0.040041025116686328
10029,12470,12471,2,0,0.57005104456550182
10030,12471,12472,1,0,0.22656304342480019
10031,12472,12473,3,0,0.1081633898257874
10032,12473,12474,3,0,0.045158967300519499
10033,12474,12475,3,0,0.060466829286473518
10034,12475,12476,5,0,0.096991490914655767
10035,12476,12477,3,0,0.075230147986975568
10036,12477,12478,3,0,0.089808666156156389
10037,12478,12479,4,0,0.1769118384754762
10038,12479,12480,1,0,0.090563910060754857
10039,12480,12481,1,0,0.080647217774874741
10040,12481,12482,2,1,0.66369869052143726
10041,12482,12483,4,0,0.20552393770220151
10042,12483,12484,3,0,0.10679159415345438
10043,12485,12486,2,0,0.1840825314283385
10044,12486,12487,2,0,0.092836484408715766
10045,12488,12489,3,0,0.55020614482123065
10046,12489,12490,5,1,0.16057935501644008
10047,12490,12491,1,1,0.11011916774864956
10048,12491,12492,1,0,0.42555397083662888
10049,12493,12494,3,1,0.50831580733225323
10050,12494,12495,3,1,0.10792879141682925
10051,12495,12496,2,1,0.38002360854289285
10052,12496,12497,1,0,0.49690935819317494
10053,12497,12498,2,1,0.29694619266890626
10054,12498,12499,4,0,0.2045450487998737
10055,12499,12500,2,0,0.063899119672985921
10056,12500,12501,2,0,0.7087568284272393
10057,12501,12502,1,0,0.20697229852778579
10058,12502,12503,1,0,0.43626532757811937
10059,12504,12505,1,0,0.075662257062771063
10060,12506,12507,2,0,0.14534618098669497
10061,12507,12508,1,0,0.33675853516438325
10062,12508,12509,5,1,0.34001193161771059
10063,12509,12510,2,0,0.15470538551555779
10064,12510,12511,1,0,0.15189009957980368
10065,12511,12512,3,0,0.2716858765040821
10066,12512,12513,5,0,0.21492976827763643
10067,12513,12514,4,0,0.15591493942184204
10068,12514,12515,5,0,0.13327691024070934
10069,12515,12516,5,1,0.15600678156930251
10070,12516,12517,2,1,0.23911357914783604
10071,12517,12518,4,0,0.35638133033488928
10072,12518,12519,2,1,0.72303297400629307
10073,12519,12520,1,1,0.76266184641694668
10074,12520,12521,2,1,0.17424115985019345
10075,12521,12522,2,0,0.0084119207466217486
10076,12522,12523,3,0,0.36642550021631975
10077,12523,12524,3,0,0.10878563548984922
10078,12524,12525,4,0,0.68823965301710377
10079,12526,12527,1,1,0.11011650586529008
10080,12529,12530,1,0,0.0092391645034907259
10081,12530,12531,5,0,0.088397331378432503
10082,12531,12532,4,0,0.1106119496232876
10083,12532,12533,4,0,0.62680599675588167
10084,12533,12534,3,0,0.16502778492600517
10085,12534,12535,5,0,0.047794747095726835
10086,12535,12536,3,0,0.40125503859443457
10087,12536,12537,2,1,0.11885151777486098
10088,12537,12538,2,0,0.19073776403870465
10089,12538,12539,3,0,0.076970795710428988
10090,12540,12541,3,0,0.12760200322585299
10091,12541,12542,2,1,0.50227697165647267
10092,12542,12543,4,0,0.03527349160680833
10093,12543,12544,1,0,0.067263790488090433
10094,12544,12545,5,0,0.13337645340788357
10095,12545,12546,3,0,0.11630969737776857
10096,12546,12547,2,0,0.50379111328822079
10097,12547,12548,2,0,0.30798259281104934
10098,12549,12550,4,0,0.39101894921494318
10099,12550,12551,4,1,0.23316853739591142
10100,12551,12552,3,0,0.092793671366365293
10101,12553,12554,5,1,0.10101705459093499
10102,12554,12555,5,0,0.21394961502540755
10103,12555,12556,2,1,0.064132517531480596
10104,12556,12557,1,1,0.30656968863819561
10105,12557,12558,1,0,0.15180862009623394
10106,12558,12559,4,0,0.13402693809152494
10107,12560,12561,3,0,0.22618312698456178
10108,12561,12562,1,0,0.059751973779646701
10109,12562,12563,1,1,0.24864962198030779
10110,12564,12565,5,1,0.012850188876710793
10111,12565,12566,2,0,0.14365959344726884
10112,12566,12567,1,0,0.13372467599899743
10113,12569,12570,2,0,0.19931025045017411
10114,12570,12571,2,0,0.21222555707678892
10115,12571,12572,4,0,0.092635367717340739
10116,12572,12573,5,0,0.095678157148048282
10117,12573,12574,3,1,0.20030586390542404
10118,12574,12575,1,0,0.061847725691481212
10119,12575,12576,5,0,0.056435988202466175
10120,12576,12577,3,1,0.63640031140282805
10121,12577,12578,3,0,0.070793503200729413
10122,12579,12580,5,0,0
10123,12580,12581,5,0,0.27928223376248096
10124,12581,12582,5,0,0.047425836248717781
10125,12582,12583,5,0,0.13818547052700753
10126,12583,12584,1,0,0.09256222492215449
10127,12584,12585,3,0,0.17454134510152744
10128,12585,12586,5,0,0.12992690065963114
10129,12586,12587,2,0,0.066898235587344909
10130,12587,12588,3,1,0.66502318881546496
10131,12588,12589,3,1,0.62870656934089053
10132,12589,12590,4,0,0.10680775143198902
10133,12591,12592,4,0,0.034769526953738826
10134,12592,12593,2,1,0.60109807317328046
10135,12593,12594,1,1,0.22850932157422404
10136,12598,12599,4,0,0.4887273238267878
10137,12600,12601,2,0,0.32458693009132517
10138,12601,12602,4,0,0.26956749724344042
10139,12602,12603,5,0,0.13230403079786698
10140,12603,12604,2,1,0.65842808011291842
10141,12604,12605,4,0,0.45233664358876291
10142,12605,12606,5,0,0.11260330810375313
10143,12606,12607,4,1,0.1835467593469593
10144,12607,12608,4,0,0.13565439063935819
10145,12608,12609,3,1,0.19542845927748867
10146,12610,12611,4,0,0.26696217161943769
10147,12611,12612,4,0,0.16515069559133133
10148,12612,12613,3,0,0.16413476112753453
10149,12613,12614,4,0,0.072110184136236738
10150,12614,12615,1,0,0.087527209716104615
10151,12615,12616,4,1,0.058276990772996133
10152,12616,12617,4,0,0.1455533976472573
10153,12617,12618,1,0,0.10001097747806621
10154,12618,12619,1,0,0.16384355371046858
10155,12619,12620,1,1,0.57293279994630386
10156,12622,12623,5,1,0.62903862681515788
10157,12623,12624,2,0,0.16480146155016862
10158,12624,12625,5,0,0.032725959225531828
10159,12625,12626,4,0,0.032774311334355669
10160,12629,12630,5,0,0.28220607615854465
10161,12630,12631,4,0,0.11853197073152144
10162,12631,12632,2,0,0.071420882639481598
10163,12632,12633,2,0,0.14146429481963699
10164,12635,12636,4,0,0.13884742969982095
10165,12637,12638,1,1,0.23119959567697404
10166,12638,12639,4,1,0.096258378993814397
10167,12639,12640,5,0,0.14640902428410638
10168,12640,12641,5,0,0.24084455358625101
10169,12641,12642,4,0,0.13362804395516917
10170,12642,12643,5,0,0.042665928909562875
10171,12644,12645,1,1,0.64233854273796676
10172,12645,12646,2,0,0.038014663900558569
10173,12646,12647,2,0,0.028901221783270314
10174,12647,12648,4,0,0.030300249353029472
10175,12648,12649,3,0,0.2571060463430781
10176,12649,12650,4,0,0.080729668041683786
10177,12650,12651,5,0,0.012640178110376215
10178,12651,12652,2,0,0.11651872324420161
10179,12652,12653,4,0,0.1538492305895014
10180,12653,12654,2,0,0.026775668968498617
10181,12654,12655,3,0,0.11270697973536738
10182,12655,12656,3,1,0.45712026172123954
10183,12657,12658,2,0,0.065449083898403482
10184,12658,12659,4,0,0.090976193241123229
10185,12659,12660,2,0,0.11015661108161651
10186,12661,12662,3,0,0.13673379866024712
10187,12662,12663,4,0,0.20285466870537044
10188,12663,12664,4,1,0.51647560536916737
10189,12664,12665,1,0,0.094185354188228099
10190,12666,12667,5,0,0.1088529506794331
10191,12667,12668,2,1,0.092081095722717082
10192,12668,12669,3,1,0.43773745817096016
10193,12670,12671,3,0,0.11724614075263247
10194,12671,12672,4,0,0.090093454025066383
10195,12672,12673,1,0,0.077743309804494024
10196,12673,12674,4,1,0.7350033616169751
10197,12674,12675,1,0,0.16708666620230803
10198,12675,12676,3,0,0.13168753548224571
10199,12676,12677,2,1,0.31054211613437077
10200,12677,12678,5,0,0.072604871637712176
10201,12678,12679,2,0,0.65992041354852748
10202,12679,12680,4,0,0.086868159160835817
10203,12681,12682,4,1,0.13003400115089528
10204,12683,12684,3,0,0.15389852451563327
10205,12684,12685,3,0,0.071785714068276482
10206,12686,12687,1,0,0.074853568328001011
10207,12687,12688,3,0,0.14329267607039273
10208,12688,12689,1,0,0.26151828644839054
10209,12689,12690,5,0,0.18247668114604501
10210,12690,12691,3,0,0.22959731965156924
10211,12691,12692,4,0,0.17577247490179504
10212,12692,12693,1,0,0.033731085302425204
10213,12693,12694,5,0,0.069321666518577019
10214,12694,12695,1,0,0.68660305918901476
10215,12695,12696,5,0,0.25584744293229744
10216,12697,12698,3,0,0.067865649063552247
10217,12698,12699,2,0,0.17916240075550674
10218,12699,12700,3,0,0.22478323740060369
10219,12700,12701,3,0,0.10511847534564867
10220,12702,12703,2,0,0.092263735871811955
10221,12703,12704,5,1,0.61382318912814349
10222,12704,12705,2,0,0.06548226807604568
10223,12706,12707,5,0,0.13514526091022622
10224,12707,12708,2,0,0.038790571607944579
10225,12708,12709,5,0,0.027938661810677976
10226,12709,12710,4,0,0.14739975926282417
10227,12710,12711,2,0,0.18709291550845658
10228,12712,12713,2,0,0.33050854009864683
10229,12713,12714,1,0,0.31379261098376943
10230,12714,12715,3,0,0.029808213040883307
10231,12715,12716,2,0,0.6354578988922065
10232,12717,12718,1,1,0.18127468170289318
10233,12718,12719,2,1,0.078312580504452445
10234,12721,12722,3,0,0.17217880270397026
10235,12722,12723,3,0,0.12277033498099547
10236,12723,12724,1,0,0.74217023250402236
10237,12724,12725,3,0,0.057769000094297009
10238,12725,12726,1,0,0.029519004935530252
10239,12728,12729,5,0,0.19095225374363939
10240,12729,12730,3,1,0.066312477218295349
10241,12730,12731,1,0,0.091554822027501301
10242,12731,12732,3,1,0.64675637262894248
10243,12732,12733,3,0,0.67328153801164248
10244,12733,12734,3,0,0.053402833147576871
10245,12736,12737,4,0,0.20810082898595564
10246,12737,12738,2,0,0.032222362249698926
10247,12739,12740,2,0,0.20287477748938051
10248,12742,12743,3,0,0.20758446532315325
10249,12743,12744,1,0,0.040273020855548645
10250,12744,12745,3,0,0.077836229866784082
10251,12745,12746,3,0,0.74186088360274605
10252,12746,12747,5,0,0.061805963009969829
10253,12747,12748,4,0,0.12299265774162621
10254,12748,12749,4,1,0.24825015267586228
10255,12749,12750,3,0,0.13326433329559684
10256,12751,12752,5,0,0.063839807128136819
10257,12752,12753,4,0,0.17112611551470602
10258,12753,12754,2,0,0.19234452228718701
10259,12754,12755,2,0,0.11725013303307137
10260,12755,12756,4,1,0.16336498661491952
10261,12756,12757,1,0,0.054778355281714528
10262,12757,12758,3,0,0.20290950647323699
10263,12758,12759,1,0,0.21208907489325948
10264,12760,12761,4,0,0.44724008020086614
10265,12762,12763,1,0,0.11893060661064626
10266,12764,12765,1,0,0.50881100625773024
10267,12765,12766,5,1,0.059441046005742515
10268,12766,12767,5,0,0.082508560382223137
10269,12767,12768,3,1,0.71685490892513193
10270,12768,12769,2,0,0.13731676846342553
10271,12771,12772,2,0,0.064604738905177567
10272,12775,12776,1,0,0.21276029160984675
10273,12777,12778,5,0,0.11108090807894948
10274,12778,12779,4,1,0.24478197983944691
10275,12779,12780,4,1,0.4179336303470938
10276,12780,12781,2,1,0.66006676142739662
10277,12781,12782,4,0,0.04933255733409285
10278,12784,12785,4,1,0.14827788434753728
10279,12787,12788,5,0,0.2343407211667464
10280,12788,12789,1,0,0.1722205686153527
10281,12789,12790,3,0,0.022764529915761757
10282,12790,12791,3,0,0.17345238963066836
10283,12791,12792,2,0,0.18281165317240008
10284,12792,12793,2,0,0.22142292449186332
10285,12793,12794,1,0,0.079495803888563851
10286,12795,12796,4,0,0.11516771506059896
10287,12797,12798,3,0,0.031503567915227987
10288,12798,12799,2,0,0.38116265318857534
10289,12799,12800,3,0,0.14067695297969748
10290,12801,12802,4,0,0.13906177162370451
10291,12802,12803,2,1,0.70693909407560385
10292,12803,12804,4,1,0.038492436190077299
10293,12804,12805,3,0,0.081801634764290684
10294,12805,12806,3,0,0.13718220854735619
10295,12806,12807,2,0,0.069157319568516007
10296,12807,12808,5,0,0.043671484980341541
10297,12808,12809,4,0,0.35310924980440372
10298,12809,12810,4,1,0.15356729412914805
10299,12811,12812,4,0,0.34872042740237447
10300,12812,12813,1,1,0.64961549829047627
10301,12813,12814,5,0,0.21209542131471271
10302,12814,12815,1,0,0.12964843578940077
10303,12815,12816,4,0,0.12276326712189452
10304,12816,12817,3,1,0.16638026018028201
10305,12817,12818,2,0,0.20106206045616506
10306,12820,12821,3,0,0.16932622125192465
10307,12821,12822,4,0,0.073165999061636747
10308,12823,12824,4,0,0.084902028062334864
10309,12824,12825,4,1,0.7576264646176234
10310,12825,12826,1,0,0.34930722072949166
10311,12826,12827,1,0,0.41966089933729472
10312,12827,12828,1,0,0.17675943091309992
10313,12829,12830,3,1,0.14397813785097505
10314,12830,12831,1,0,0.10477183404865292
10315,12831,12832,4,1,0.69501309015163859
10316,12833,12834,5,0,0.12488860250017628
10317,12834,12835,1,1,0.62204859158424575
10318,12836,12837,3,0,0.1398728721515228
10319,12837,12838,2,0,0.097941167151489691
10320,12838,12839,5,0,0.21725719125334875
10321,12840,12841,2,1,0.72256622818576377
10322,12841,12842,1,0,0.063538210223946609
10323,12842,12843,1,0,0.11027443485245823
10324,12844,12845,2,0,0.18360233454055672
10325,12845,12846,2,0,0.70511654652815925
10326,12846,12847,3,0,0.37768435276392598
10327,12847,12848,3,0,0.10641215613997486
10328,12848,12849,4,0,0.13986902784499217
10329,12849,12850,1,0,0.16981473916517348
10330,12850,12851,1,0,0.12709934293540237
10331,12851,12852,2,0,0.25425849480684504
10332,12853,12854,4,0,0.33710196170534346
10333,12854,12855,1,0,0.094368023707226342
10334,12855,12856,1,0,0.034817165388668719
10335,12856,12857,1,0,0.26317702649007746
10336,12857,12858,2,0,0.24278269627890164
10337,12858,12859,4,0,0.090253858840582762
10338,12859,12860,3,0,0.076999863413464681
10339,12860,12861,3,0,0.16279560347262395
10340,12861,12862,4,1,0.20617671782258945
10341,12862,12863,1,0,0.11742818632498202
10342,12863,12864,4,0,0.17685676398167707
10343,12864,12865,3,0,0.061952851490390183
10344,12865,12866,2,0,0.13347755406546591
10345,12866,12867,1,0,0.16192672921347401
10346,12867,12868,5,1,0.18713443911525071
10347,12868,12869,4,0,0.099285263374463334
10348,12869,12870,3,0,0.045142632585728378
10349,12872,12873,5,0,0.11097926473866777
10350,12874,12875,3,0,0.1014478112074433
10351,12875,12876,3,1,0.2539748916520444
10352,12876,12877,3,1,0.63521480072504788
10353,12877,12878,5,0,0.26671707978800258
10354,12878,12879,3,0,0.20601861588505788
10355,12879,12880,5,0,0.038945456392174616
10356,12880,12881,1,0,0.055344813521927438
10357,12882,12883,3,0,0.050300414090645978
10358,12883,12884,5,1,0.14410873198689891
10359,12884,12885,5,0,0.31751709978142262
10360,12885,12886,5,0,0.25991932843132015
10361,12886,12887,5,1,0.10153544639131601
10362,12887,12888,2,0,0.0075942721913141095
10363,12888,12889,4,1,0.34869768159481196
10364,12890,12891,3,0,0.022298903134757318
10365,12891,12892,2,0,0.16300445102159808
10366,12892,12893,2,0,0.42841416533854693
10367,12893,12894,1,0,0.019508352432718278
10368,12894,12895,2,1,0.28598863813845482
10369,12895,12896,1,0,0.14818989596865423
10370,12896,12897,1,0,0.047338366271954202
10371,12897,12898,1,1,0.69300638350324339
10372,12898,12899,4,0,0.48216679942565721
10373,12899,12900,5,0,0.18436896609257897
10374,12900,12901,5,1,0.29984008945297119
10375,12901,12902,5,1,0.085685401792561483
10376,12902,12903,4,0,0.17757686828705996
10377,12904,12905,4,1,0.68750705808051182
10378,12905,12906,4,0,0.18495791508112047
10379,12906,12907,5,0,0.096011994693217764
10380,12907,12908,2,0,0.16287262673653163
10381,12908,12909,2,1,0.69818152687122714
10382,12909,12910,3,0,0.044258801353622104
10383,12910,12911,3,0,0.11732756796496949
10384,12911,12912,4,0,0.24290890389856803
10385,12912,12913,2,1,0.44084991960154601
10386,12913,12914,3,1,0.39041269394280637
10387,12914,12915,2,0,0.24370151804543741
10388,12917,12918,1,1,0.086654954131828207
10389,12918,12919,2,1,0.20290084423820134
10390,12919,12920,5,0,0.065824122578214281
10391,12920,12921,4,0,0.079238449781235828
10392,12921,12922,4,0,0.46893153228958812
10393,12922,12923,3,1,0.62843743525483675
10394,12923,12924,3,0,0.40269697316198538
10395,12924,12925,1,1,0.59522610595968672
10396,12926,12927,5,0,0.083605656182812238
10397,12927,12928,2,0,0.17721042939901532
10398,12928,12929,3,0,0.068905502741927929
10399,12929,12930,1,0,0.061614791903921481
10400,12930,12931,3,1,0.33906031137740483
10401,12931,12932,5,0,0.21878146938820114
10402,12932,12933,1,0,0.32202153199688299
10403,12933,12934,3,0,0.048557547405744993
10404,12935,12936,3,1,0.63389565568811868
10405,12936,12937,5,0,0.63175551749645509
10406,12937,12938,2,0,0.17545040380260793
10407,12938,12939,4,0,0.10715420373972376
10408,12939,12940,1,0,0.11491673543142861
10409,12940,12941,4,0,0.16275373020742459
10410,12941,12942,2,0,0.027248953469791084
10411,12942,12943,5,0,0.29530958635871934
10412,12943,12944,2,0,0.10102094104720974
10413,12944,12945,2,0,0.12968454808403185
10414,12945,12946,2,0,0.24786128626731957
10415,12946,12947,4,1,0.66580538171681458
10416,12947,12948,4,1,0.095614626999892205
10417,12949,12950,3,0,0.049835913140091344
10418,12951,12952,3,0,0.4600487963509155
10419,12952,12953,3,0,0.65037599692699577
10420,12953,12954,3,0,0.27266431550077785
10421,12954,12955,5,0,0.20612869935805195
10422,12956,12957,2,0,0.18210528105557219
10423,12957,12958,4,1,0.60988563139244112
10424,12959,12960,3,0,0.066075282565040375
10425,12961,12962,4,0,0.15896218182195754
10426,12962,12963,1,1,0.19468378145428802
10427,12963,12964,5,1,0.7250312441380653
10428,12964,12965,3,0,0.22389685681592664
10429,12965,12966,5,0,0.041297463706902224
10430,12966,12967,2,1,0.64978537258253144
10431,12967,12968,1,0,0.40226995790781922
10432,12968,12969,4,0,0.13057975975561026
10433,12970,12971,3,0,0.14299441123128726
10434,12972,12973,5,1,0.59661819421205164
10435,12974,12975,2,0,0.36462879335577164
10436,12975,12976,5,0,0.074873923704401421
10437,12977,12978,4,0,0.21489277521338301
10438,12979,12980,4,0,0.18918193412400042
10439,12980,12981,5,0,0.20103798808673115
10440,12981,12982,1,0,0.16167101773536788
10441,12982,12983,2,0,0.54233427639069398
10442,12983,12984,3,0,0.13435904022254108
10443,12985,12986,5,0,0.13118989981393317
10444,12986,12987,4,1,0.69690365236865581
10445,12987,12988,1,0,0.10856493789735057
10446,12988,12989,5,0,0.12109638853020706
10447,12991,12992,3,0,0.13532299247156099
10448,12992,12993,5,1,0.68448269301214981
10449,12993,12994,2,0,0.29950921219051213
10450,12994,12995,1,0,0.10584373125007386
10451,12995,12996,2,0,0.15109606975325396
10452,12998,12999,2,0,0.13253473359672627
10453,12999,13000,2,1,0.12247574235530823
10454,13000,13001,5,1,0.38326510301193467
10455,13001,13002,5,0,0.23175955403614268
10456,13003,13004,3,0,0.068909815587203396
10457,13004,13005,4,0,0.25085417454720671
10458,13005,13006,1,0,0.070152302013902101
10459,13007,13008,5,0,0.10703913333111977
10460,13008,13009,5,0,0.23541869297963314
10461,13009,13010,3,0,0.050283788658876498
10462,13010,13011,1,0,0.21634917884921753
10463,13011,13012,4,0,0.24879896292140069
10464,13012,13013,1,0,0.34452443720359571
10465,13014,13015,2,0,0.2132729389630689
10466,13015,13016,1,0,0.14682122259192337
10467,13016,13017,2,0,0.30894198686291857
10468,13017,13018,1,0,0.08110481361796093
10469,13019,13020,4,0,0.055240920792033063
10470,13020,13021,1,1,0.80519936962554084
10471,13021,13022,1,1,0.21684304445570707
10472,13022,13023,1,1,0.1684143023993592
10473,13023,13024,1,0,0.1496988356552261
10474,13024,13025,2,1,0.17671614107715192
10475,13026,13027,3,0,0.19373118717052779
10476,13027,13028,5,1,0.16712342179665854
10477,13028,13029,4,0,0.25916137388441451
10478,13030,13031,1,0,0.069387250059202016
10479,13031,13032,2,0,0.29945394790737617
10480,13032,13033,3,0,0.071097180281331968
10481,13035,13036,3,1,0.25546712774900432
10482,13036,13037,5,0,0.065510484301051677
10483,13037,13038,4,1,0.13485106455218035
10484,13038,13039,5,0,0.10241045167336893
10485,13040,13041,3,0,0.33428125412820486
10486,13041,13042,2,0,0.12136168385299526
10487,13042,13043,2,0,0.088359750316850325
10488,13043,13044,4,0,0.16748995415978485
10489,13044,13045,2,1,0.27381905522540639
10490,13045,13046,5,1,0.55348196865842481
10491,13046,13047,3,0,0.17398263844517226
10492,13048,13049,5,1,0.71663909690929262
10493,13049,13050,2,1,0.43660856756716449
10494,13051,13052,5,0,0.10801633975861553
10495,13052,13053,5,0,0.19083214069168952
10496,13053,13054,3,0,0.17037767056398945
10497,13054,13055,5,0,0.20995303146826849
10498,13055,13056,1,0,0.66943989788440117
10499,13056,13057,2,0,0.57831359437490426
10500,13057,13058,3,0,0.16152824906575258
10501,13058,13059,3,1,0.69418753229651908
10502,13059,13060,2,0,0.58148930958941936
10503,13060,13061,3,0,0.0082740742034565079
10504,13061,13062,3,0,0.21550179222789487
10505,13064,13065,3,0,0.22385984424898234
10506,13065,13066,5,0,0.15434052598437817
10507,13066,13067,1,0,0.30501359813198697
10508,13067,13068,4,0,0.32452886788396718
10509,13068,13069,4,0,0.099678954125046362
10510,13069,13070,5,0,0.078023765593826247
10511,13070,13071,1,0,0.16338927297518407
10512,13071,13072,1,1,0.21055279556476217
10513,13072,13073,5,1,0.60291055461745746
10514,13073,13074,3,0,0.13453538607545529
10515,13074,13075,2,0,0.064184587652239014
10516,13075,13076,5,0,0.09411507557903194
10517,13076,13077,4,0,0.045897287783409312
10518,13077,13078,2,1,0.20257341333223977
10519,13079,13080,1,1,0.62749400543502898
10520,13081,13082,3,1,0.132221249989599
10521,13084,13085,1,0,0.22935308010827452
10522,13085,13086,4,0,0.10646006187290705
10523,13086,13087,5,1,0.058921111578512021
10524,13087,13088,4,0,0.0090354599554473107
10525,13088,13089,2,0,0.065893249698322998
10526,13089,13090,3,0,0.13983974275325961
10527,13091,13092,5,0,0.28652643720699406
10528,13093,13094,5,0,0.1236475803374531
10529,13095,13096,3,0,0.065030740612013249
10530,13097,13098,5,0,0.07763497006006545
10531,13098,13099,5,0,0.12886459455436131
10532,13100,13101,2,0,0.65405273390246743
10533,13101,13102,5,0,0.092082190100387762
10534,13102,13103,1,1,0.089352919514275847
10535,13103,13104,5,0,0.12805779647841439
10536,13104,13105,5,0,0.19482759021311974
10537,13105,13106,5,1,0.2243516347456247
10538,13106,13107,5,0,3.9894040428522519e-06
10539,13107,13108,3,0,0.049481088737510059
10540,13108,13109,4,0,0.061646216978391503
10541,13109,13110,5,0,0.075385215421792773
10542,13110,13111,2,1,0.10225777027297114
10543,13111,13112,1,0,0.11401976096995858
10544,13114,13115,4,0,0.20419519507259348
10545,13115,13116,4,0,0.025000044442495269
10546,13116,13117,1,0,0.085915689451871197
10547,13118,13119,4,0,0.1004514636729016
10548,13120,13121,4,0,0.14709608628428281
10549,13121,13122,1,0,0.12143805632040473
10550,13122,13123,4,0,0.038995974390598535
10551,13123,13124,4,0,0.1875872579968709
10552,13124,13125,2,0,0.2682955839587457
10553,13126,13127,4,0,0.017712923474105059
10554,13127,13128,5,1,0.17083798242240164
10555,13128,13129,4,0,0.15684097000707109
10556,13133,13134,5,1,0.15995894414348391
10557,13134,13135,4,1,0.076794631441625613
10558,13135,13136,2,0,0.20419701551273561
10559,13137,13138,4,0,0.037307803247800315
10560,13139,13140,2,1,0.18724108716987242
10561,13140,13141,3,0,0.25170360611262216
10562,13141,13142,4,0,0.19481494185092477
10563,13142,13143,1,0,0.040185584548884656
10564,13143,13144,1,0,0.064144753612150662
10565,13144,13145,3,1,0.24511713536556362
10566,13146,13147,1,1,0.19772096512998108
10567,13147,13148,2,0,0.019426993328411624
10568,13148,13149,2,0,0.18787781402079998
10569,13149,13150,4,0,0.088081979494911464
10570,13150,13151,5,0,0.14788520170938166
10571,13151,13152,5,1,0.67484731956629496
10572,13152,13153,2,0,0.14069039697365021
10573,13153,13154,1,1,0.57831673608402978
10574,13154,13155,1,0,0.13335360041143671
10575,13156,13157,4,0,0.17471640136204974
10576,13158,13159,4,0,0.14963089334942353
10577,13159,13160,5,1,0.28064475981083836
10578,13160,13161,1,0,0.1481154193547459
10579,13161,13162,4,0,0.035243796486643303
10580,13162,13163,3,0,0.36140505630027675
10581,13163,13164,4,1,0.23433660811647156
10582,13164,13165,2,0,0.061140603525786048
10583,13165,13166,2,0,0.10120008265236206
10584,13166,13167,4,0,0.23888994875514832
10585,13167,13168,3,0,0.42746307133878814
10586,13168,13169,2,0,0.086636642104168188
10587,13170,13171,5,0,0.19743237635546232
10588,13172,13173,2,1,0.61200868150756571
10589,13173,13174,2,0,0.65344950108321609
10590,13175,13176,2,0,0.21641019034379019
10591,13178,13179,1,0,0.36776470599824079
10592,13179,13180,3,0,0.070470916349269566
10593,13180,13181,3,0,0.097868501038040262
10594,13181,13182,1,0,0.16116337731930272
10595,13182,13183,3,0,0.12660099220040127
10596,13183,13184,5,0,0.09042581676223102
10597,13184,13185,3,1,0.58199133859484664
10598,13186,13187,3,0,0.053444716464694085
10599,13187,13188,1,0,0.10854207584092773
10600,13188,13189,5,1,0.75919651436983238
10601,13190,13191,4,0,0.10795914665909422
10602,13191,13192,5,0,0.087305666192406581
10603,13193,13194,5,1,0.29512748244358178
10604,13194,13195,2,0,0.089074256546982936
10605,13196,13197,1,1,0.64874092951480133
10606,13197,13198,3,0,0.14139370006491414
10607,13198,13199,1,0,0.010662383788276143
10608,13199,13200,5,0,0.076118844049601814
10609,13201,13202,4,0,0.12623187511711656
10610,13202,13203,5,0,0.097531581979531518
10611,13204,13205,1,0,0.10519348388839588
10612,13205,13206,5,0,0.0082594285340724695
10613,13206,13207,5,0,0.19888297414683129
10614,13207,13208,2,0,0.18175340741227003
10615,13210,13211,4,0,0.13007457264240738
10616,13211,13212,4,0,0.30356206319179457
10617,13212,13213,5,0,0.16934175120874415
10618,13213,13214,1,0,0.13307986806241728
10619,13214,13215,5,0,0.079429879010529225
10620,13215,13216,2,0,0.091356599105224562
10621,13216,13217,4,0,0.20472256202286401
10622,13217,13218,4,0,0.49608977617728522
10623,13218,13219,3,1,0.69778439012223137
10624,13219,13220,3,0,0.21465246573139871
10625,13221,13222,2,0,0.64293166738035978
10626,13222,13223,2,0,0.17624375608682469
10627,13223,13224,2,0,0.2136488451593116
10628,13224,13225,2,0,0.056783053293666987
10629,13226,13227,1,0,0.14142698222653718
10630,13227,13228,2,0,0.06248180281386656
10631,13228,13229,3,0,0.079582412324366733
10632,13229,13230,5,0,0.21023529373985417
10633,13230,13231,5,1,0.051750399324160389
10634,13231,13232,4,1,0.72339086445233303
10635,13232,13233,2,1,0.30960286356931854
10636,13235,13236,3,1,0.24832801814452299
10637,13236,13237,2,0,0.090292616697196071
10638,13237,13238,3,0,0.18631039825714912
10639,13240,13241,2,0,0.048280623609408976
10640,13241,13242,3,0,0.17046411508021456
10641,13242,13243,2,0,0.034305086486470543
10642,13243,13244,5,0,0.3430461768915079
10643,13244,13245,2,0,0.078281849141266457
10644,13245,13246,5,0,0.13578731044478487
10645,13247,13248,4,0,0.44729065490789333
10646,13248,13249,3,0,0.064733790585381284
10647,13249,13250,1,0,0.13699316089066296
10648,13251,13252,5,0,0.054921410975145898
10649,13252,13253,1,0,0.1218567329422236
10650,13253,13254,3,1,0.51737205740271586
10651,13254,13255,3,0,0.66580578092559461
10652,13255,13256,1,0,0.07932924524371758
10653,13256,13257,5,0,0.048480140927517332
10654,13257,13258,5,0,0.16303380698621761
10655,13258,13259,5,1,0.64498029982151817
10656,13259,13260,1,1,0.048238915243641066
10657,13261,13262,2,0,0.62429969526021345
10658,13262,13263,1,1,0.70349267391876913
10659,13263,13264,5,0,0.086699510209618455
10660,13264,13265,4,0,0.24674584598927171
10661,13265,13266,1,0,0.084390316972181981
10662,13267,13268,4,0,0.04949938152304216
10663,13268,13269,4,0,0.29647114203887726
10664,13269,13270,1,0,0.11262603935515496
10665,13270,13271,1,0,0.10810451572809697
10666,13271,13272,2,0,0.06301342984537768
10667,13273,13274,1,0,0.13754601697639651
10668,13274,13275,3,1,0.23112561745382526
10669,13275,13276,2,0,0.18453358002342213
10670,13276,13277,4,0,0.028676929809520239
10671,13277,13278,5,0,0.20635980387140765
10672,13279,13280,3,1,0.18982390966302345
10673,13280,13281,4,0,0.18068765675999118
10674,13283,13284,1,0,0.025299223478526357
10675,13284,13285,1,0,0.23942797496801632
10676,13285,13286,3,0,0.045028633996616906
10677,13286,13287,2,0,0.19537436756599519
10678,13287,13288,3,1,0.34484916797163717
10679,13288,13289,2,0,0.093291383130091984
10680,13289,13290,4,0,0.7435206670780935
10681,13290,13291,2,0,0.36875340272811158
10682,13292,13293,5,0,0.22038630765676695
10683,13293,13294,4,0,0.12126403039348324
10684,13294,13295,1,0,0.029191878059871654
10685,13295,13296,2,0,0.19318297084601899
10686,13296,13297,2,0,0.18099948312446557
10687,13297,13298,2,0,0.48192388347468623
10688,13298,13299,1,0,0.093168548893052705
10689,13299,13300,2,0,0.25449848729622937
10690,13300,13301,5,1,0.57049509394594566
10691,13301,13302,1,0,0.058068544300739128
10692,13302,13303,3,0,0.13862272274954762
10693,13303,13304,3,0,0.029991584934994202
10694,13306,13307,3,0,0.13709055236854745
10695,13307,13308,2,0,0.38876870411486886
10696,13308,13309,1,0,0.109341510723086
10697,13309,13310,5,0,0.13443885154732171
10698,13310,13311,2,0,0.12914429618211432
10699,13312,13313,1,0,0.079826796416349988
10700,13313,13314,5,1,0.68985519924760275
10701,13314,13315,4,0,0.30111579131985583
10702,13315,13316,5,1,0.26819110629785486
10703,13316,13317,4,0,0.16146473671492334
10704,13317,13318,1,0,0.077834132141394827
10705,13318,13319,1,0,0.056296736615244543
10706,13320,13321,1,0,0.14522352092394802
10707,13321,13322,2,0,0.17667702612786915
10708,13322,13323,4,1,0.46692384939660747
10709,13323,13324,1,1,0.14627576510231505
10710,13324,13325,4,0,0.17750247198414415
10711,13325,13326,1,0,0.07371788905337362
10712,13327,13328,2,0,0.18740913866399669
10713,13328,13329,3,1,0.050605737213066986
10714,13329,13330,5,1,0.220453404883935
10715,13330,13331,5,1,0.20631396965180288
10716,13331,13332,2,1,0.087536702171866168
10717,13333,13334,3,0,0.18559281126303631
10718,13334,13335,4,0,0.2323490124735838
10719,13335,13336,5,1,0.10761966002204118
10720,13337,13338,2,0,0.139209101179705
10721,13338,13339,4,0,0.31726949687555933
10722,13339,13340,5,0,0.077868426633329282
10723,13340,13341,4,1,0.63185270906018043
10724,13341,13342,3,0,0.14325169744109181
10725,13343,13344,3,0,0.020872455138277048
10726,13345,13346,2,0,0.16241347040713
10727,13346,13347,3,1,0.1270292053954537
10728,13348,13349,3,1,0.14861451690212127
10729,13351,13352,5,0,0.090084921361859666
10730,13352,13353,4,0,0.112501095409156
10731,13353,13354,3,0,0.3488488977933793
10732,13354,13355,1,0,0.017510569883605855
10733,13356,13357,2,0,0.1272300144130997
10734,13357,13358,3,0,0.15586353338150138
10735,13358,13359,2,0,0.25091109570158993
10736,13359,13360,5,0,0.097880985260479531
10737,13360,13361,4,0,0.20662376838345187
10738,13361,13362,2,0,0.1801089090250958
10739,13363,13364,4,0,0.043796956071934449
10740,13364,13365,4,0,0.33463102810796802
10741,13365,13366,4,0,0.26227905370645654
10742,13367,13368,2,0,0.11532997517678946
10743,13368,13369,4,0,0.10358357047388772
10744,13369,13370,4,1,0.6837187689863955
10745,13370,13371,1,1,0.34111616821009039
10746,13371,13372,3,0,0.11176682270604162
10747,13372,13373,4,0,0.018185933862756996
10748,13373,13374,5,0,0.16005275347377368
10749,13374,13375,2,0,0.7121517596245116
10750,13375,13376,4,0,0.20891351293399149
10751,13376,13377,4,0,0.096734104670741616
10752,13377,13378,5,0,0.37599266615193072
10753,13378,13379,5,0,0.20387591745465172
10754,13379,13380,4,0,0.047400937427659766
10755,13380,13381,3,1,0.029137572801368968
10756,13381,13382,2,0,0.050519035099325912
10757,13382,13383,4,0,0.099525620374190577
10758,13383,13384,5,0,0.1286745391955364
10759,13384,13385,2,0,0.15294223509886437
10760,13385,13386,5,0,0.096746437319650602
10761,13386,13387,4,0,0.048492004905551202
10762,13387,13388,3,1,0.12046179143779664
10763,13388,13389,5,0,0.4107582986902078
10764,13391,13392,1,0,0.10451281954256091
10765,13393,13394,2,0,0.010858718146178042
10766,13394,13395,1,0,0.037243189619322131
10767,13395,13396,5,0,0.037515278347355838
10768,13396,13397,5,0,0.22294672359951842
10769,13397,13398,1,0,0.1421738013752489
10770,13398,13399,5,0,0.13348679125499963
10771,13400,13401,3,1,0.72532018750694927
10772,13402,13403,5,0,0.11295765622580373
10773,13403,13404,2,0,0.1173104604096968
10774,13404,13405,5,1,0.10875247158019341
10775,13405,13406,1,1,0.53602139461720022
10776,13406,13407,3,1,0.7465601717794762
10777,13407,13408,4,0,0.062795434249344598
10778,13408,13409,4,0,0.12546451882774629
10779,13409,13410,3,0,0.64490483435966905
10780,13410,13411,3,0,0.18913509338089665
10781,13413,13414,3,1,0.1436696624609059
10782,13415,13416,5,0,0.069293259337856003
10783,13416,13417,1,0,0.01005753191196641
10784,13417,13418,4,1,0.62038943918678691
10785,13418,13419,5,0,0.029559265307592373
10786,13419,13420,4,1,0.20016112695432886
10787,13420,13421,4,0,0.010308011227505734
10788,13421,13422,5,0,0.69041362220694269
10789,13422,13423,5,1,0.19381141200949265
10790,13424,13425,4,0,0.29831601566108479
10791,13426,13427,3,0,0.15937963522151963
10792,13427,13428,4,0,0.14155441717327633
10793,13428,13429,4,0,0.60171707423441589
10794,13429,13430,2,0,0.099137771390350696
10795,13430,13431,3,1,0.48110529702559413
10796,13431,13432,2,0,0.091810546558481157
10797,13432,13433,4,1,0.17496630118939377
10798,13435,13436,5,0,0.086001387394917181
10799,13437,13438,4,0,0.047324654242964455
10800,13438,13439,3,0,0.29996195335536763
10801,13439,13440,3,0,0.19232089132269334
10802,13440,13441,2,1,0.69718861899149709
10803,13441,13442,1,0,0.22458977277182429
10804,13442,13443,2,0,0.11371721340549652
10805,13443,13444,5,0,0.16096519171376156
10806,13444,13445,2,1,0.71950835974419458
10807,13445,13446,2,0,0.13801700794458438
10808,13446,13447,4,0,0.14615307643041905
10809,13447,13448,5,0,0.032205542558518402
10810,13448,13449,4,0,0.17454338532370522
10811,13449,13450,5,0,0.037880504120382831
10812,13450,13451,1,0,0.70624368807732518
10813,13451,13452,5,0,0.17897924719119693
10814,13452,13453,1,1,0.69797049232611108
10815,13454,13455,2,0,0.52845998465191957
10816,13455,13456,3,0,0.59212763686435244
10817,13456,13457,4,0,0.121868479912009
10818,13457,13458,5,0,0.20040284539355091
10819,13458,13459,3,1,0.17138756955253423
10820,13459,13460,1,0,0.021129375347011151
10821,13460,13461,2,0,0.19204567647211121
10822,13462,13463,2,0,0.18969258673887901
10823,13463,13464,2,0,0.15453735227147211
10824,13464,13465,1,1,0.31340625631469338
10825,13465,13466,1,0,0.31502553672567762
10826,13466,13467,5,0,0.32313730933659707
10827,13467,13468,3,0,0.17905476925234898
10828,13468,13469,4,1,0.62117022264812882
10829,13469,13470,2,0,0.28121465097362103
10830,13470,13471,3,1,0.45926789541193469
10831,13471,13472,2,0,0.15597680030134492
10832,13472,13473,5,0,0.17403258214691794
10833,13474,13475,4,0,0.12152976439007286
10834,13475,13476,2,0,0.2836346220302926
10835,13476,13477,5,0,0
10836,13477,13478,4,1,0.039483827521706781
10837,13480,13481,3,0,0.035087155413539531
10838,13481,13482,5,0,0.22967501145210209
10839,13482,13483,1,0,0.076908765079135286
10840,13484,13485,1,0,0.22107513169415594
10841,13486,13487,3,0,0.42523131507895695
10842,13488,13489,3,1,0.72764980721090411
10843,13489,13490,5,0,0.19753138953014104
10844,13490,13491,2,0,0.072688360981454814
10845,13491,13492,5,0,0.061936429256860305
10846,13493,13494,4,0,0.03102752536261616
10847,13494,13495,1,0,0.090789408640033542
10848,13495,13496,1,0,0.082722400121262668
10849,13496,13497,1,0,0.016402865715106654
10850,13498,13499,3,1,0.63691360253115659
10851,13499,13500,3,0,0.1169072530952513
10852,13500,13501,1,1,0.69321180291221685
10853,13501,13502,4,0,0.13195728021762421
10854,13502,13503,3,0,0.092600311267357391
10855,13505,13506,1,0,0.12691401581014067
10856,13506,13507,3,0,0.0091436825059855679
10857,13507,13508,5,0,0.23843037625627417
10858,13508,13509,4,0,0.38981707216771766
10859,13509,13510,5,0,0.25103566704165226
10860,13510,13511,4,1,0.59378138991812823
10861,13511,13512,1,0,0.22753606138843979
10862,13512,13513,2,1,0.15206865180229542
10863,13513,13514,5,1,0.12075260976247884
10864,13514,13515,2,0,0.30381019613531873
10865,13515,13516,5,1,0.22742523509815166
10866,13516,13517,5,0,0.35385251229769149
10867,13518,13519,5,0,0.17834460449102563
10868,13519,13520,2,0,0.12774001281051345
10869,13520,13521,5,0,0.017637959411817661
10870,13521,13522,5,0,0.0086859498130141682
10871,13523,13524,4,0,0.17577540502523303
10872,13524,13525,3,0,0.09522305384682446
10873,13525,13526,5,0,0
10874,13526,13527,1,1,0.46030455319413266
10875,13527,13528,3,0,0.20676142992183619
10876,13528,13529,4,0,0.71111471817587946
10877,13529,13530,5,0,0.19541486996082869
10878,13531,13532,3,1,0.68636846368997939
10879,13532,13533,5,0,0.094838628393486155
10880,13535,13536,2,0,0.16909150624954047
10881,13536,13537,4,0,0.060006973301601436
10882,13537,13538,3,0,0.12993612059748194
10883,13539,13540,1,1,0.088961261699077698
10884,13540,13541,5,0,0.16180839691369259
10885,13541,13542,1,1,0.20463004094416196
10886,13542,13543,5,0,0.03912352413871624
10887,13543,13544,2,0,0.081135805877077527
10888,13544,13545,2,0,0.15982807324789733
10889,13545,13546,1,0,0.4621143444008991
10890,13546,13547,5,0,0.15573280599689401
10891,13547,13548,3,0,0.1312898960328843
10892,13548,13549,5,1,0.16996132274038372
10893,13549,13550,3,0,0.093693096105301701
10894,13550,13551,1,0,0.12486157661336919
10895,13551,13552,5,0,0.20862596275735751
10896,13552,13553,2,1,0.22371850493905543
10897,13554,13555,2,0,0.15568346274495681
10898,13555,13556,5,1,0.029201950409758599
10899,13556,13557,5,0,5.6200225004682884e-06
10900,13557,13558,2,1,0.085599093392827411
10901,13558,13559,5,1,0.15716928532475286
10902,13559,13560,4,0,0.12424864266152304
10903,13560,13561,4,1,0.32656297341238044
10904,13561,13562,5,1,0.66266756782365077
10905,13562,13563,4,0,0.16624991686711427
10906,13563,13564,2,1,0.26874868323448192
10907,13564,13565,1,0,0.61328115642192205
10908,13565,13566,2,0,0.12392619784026832
10909,13566,13567,1,0,0.3045169535624403
10910,13567,13568,5,0,0.069623942439413555
10911,13568,13569,5,0,0.19748250180326188
10912,13569,13570,5,0,0.62287609556130319
10913,13570,13571,3,1,0.38202527608987497
10914,13571,13572,4,0,0.15672255201676441
10915,13572,13573,5,0,0.18361449398249194
10916,13575,13576,3,1,0.72609981555621594
10917,13577,13578,5,1,0.27720652016156383
10918,13578,13579,4,1,0.18635907376435853
10919,13579,13580,1,0,0.15116411024793738
10920,13580,13581,2,0,0.16902351016682643
10921,13582,13583,1,0,0.07654113034364618
10922,13583,13584,1,0,0.29909787397696985
10923,13584,13585,1,0,0.60826635686352248
10924,13585,13586,5,0,0.096816475238933108
10925,13587,13588,1,0,0.14796895677609245
10926,13588,13589,3,0,0.087325859051274088
10927,13589,13590,4,0,0.084059827224423359
10928,13590,13591,2,0,0.14452872911748879
10929,13592,13593,3,0,0.15680897944461133
10930,13593,13594,3,0,0.093931018441501521
10931,13594,13595,3,0,0.13757166242037233
10932,13596,13597,5,0,0.13004917543254774
10933,13597,13598,2,1,0.2177697974761707
10934,13598,13599,3,0,0.30144054740869902
10935,13599,13600,3,0,0.20281333314960809
10936,13601,13602,5,0,0.12398953019389877
10937,13604,13605,1,1,0.65011299930772182
10938,13605,13606,3,1,0.74778222088996882
10939,13606,13607,3,0,0.20705585958470518
10940,13607,13608,5,0,0.019108924593059885
10941,13608,13609,1,0,0.10359042751626585
10942,13609,13610,1,0,0.020152548651248752
10943,13610,13611,4,0,0.01883910132812909
10944,13611,13612,1,0,0.038225236749263709
10945,13612,13613,2,0,0.14874506941768034
10946,13613,13614,3,1,0.047592639880830505
10947,13614,13615,3,0,0.11628040572318496
10948,13615,13616,5,0,0.18956978189548662
10949,13616,13617,5,0,0.1576279135200509
10950,13618,13619,3,0,0.12142668647057119
10951,13622,13623,5,0,0.17669662737123429
10952,13623,13624,4,1,0.56187287987981316
10953,13624,13625,5,0,0.058913333045279792
10954,13626,13627,2,0,0.19290651903361725
10955,13627,13628,1,0,0.60032564959159129
10956,13629,13630,2,0,0.14366816430249574
10957,13630,13631,3,0,0.055244983659690827
10958,13631,13632,4,0,0.16451432664737234
10959,13632,13633,2,0,0.035310814922067252
10960,13633,13634,5,0,0.21165528445512188
10961,13634,13635,2,1,0.10111187976885057
10962,13635,13636,2,1,0.58961162582595095
10963,13636,13637,5,1,0.093821449595185694
10964,13637,13638,4,0,0.2073709592098299
10965,13639,13640,1,1,0.67268176309082861
10966,13640,13641,4,1,0.44777807064619951
10967,13641,13642,5,0,0.10987463622523233
10968,13642,13643,4,0,0.0074607581621795871
10969,13643,13644,5,0,0.078350983137773431
10970,13644,13645,3,0,0.2494576711264338
10971,13645,13646,2,0,0.14290032723923915
10972,13646,13647,1,0,0.27492309887651412
10973,13648,13649,4,0,0.068335027378309959
10974,13650,13651,1,0,0.3561435555377912
10975,13652,13653,3,0,0.052361527059148864
10976,13653,13654,1,0,0.68192114059596498
10977,13654,13655,4,0,0.13358626537385793
10978,13655,13656,1,1,0.65808145194501999
10979,13657,13658,2,0,0.16018992537281904
10980,13658,13659,2,0,0.1258186975872326
10981,13659,13660,2,0,0.098033387493331695
10982,13660,13661,3,0,0.081520749485051267
10983,13662,13663,1,0,0.057458552834865922
10984,13663,13664,4,1,0.1498011991879136
10985,13665,13666,4,0,0.21273317908316927
10986,13666,13667,1,0,0.089988474799111165
10987,13669,13670,2,0,0.14688174186319727
10988,13671,13672,4,0,0.1155669879295102
10989,13672,13673,4,0,0.14658592873597362
10990,13673,13674,5,1,0.13974702338821071
10991,13674,13675,2,1,0.59796406505864763
10992,13675,13676,3,0,0.10466302659151715
10993,13676,13677,2,0,0.71549962828844194
10994,13677,13678,3,0,0.19814725514384637
10995,13679,13680,2,1,0.43182186712938614
10996,13681,13682,2,0,0.06993164558511171
10997,13682,13683,3,0,0.039769200033300922
10998,13683,13684,1,0,0.077442170056211623
10999,13684,13685,2,0,0.20809539135757565
11000,13685,13686,3,0,0.07848985645943081
11001,13686,13687,1,0,0.16197322788291132
11002,13687,13688,5,0,0.16619992154084914
11003,13688,13689,3,0,0.091804291802895691
11004,13689,13690,5,1,0.68369468642399966
11005,13690,13691,4,0,0.12173368253526232
11006,13691,13692,2,0,0.039571777151882842
11007,13692,13693,1,0,0.15612174356637959
11008,13693,13694,4,0,0.13579773490161612
11009,13694,13695,3,0,0.076342349625194553
11010,13697,13698,2,0,0.078225572683345873
11011,13698,13699,1,0,0.13280772339321381
11012,13699,13700,3,0,0.1403519995397576
11013,13700,13701,5,0,0.16594282265026683
11014,13701,13702,4,0,0.015722113180377136
11015,13703,13704,5,0,0.10855638685417157
11016,13707,13708,1,0,0.083947004333725719
11017,13708,13709,1,0,0.062031240634530277
11018,13709,13710,2,0,0.075894896074210072
11019,13710,13711,4,0,0.04669409307638378
11020,13711,13712,2,1,0.78749921625612562
11021,13712,13713,1,1,0.5422977105874216
11022,13713,13714,1,1,0.16927261044031919
11023,13714,13715,2,0,0.39111208925409957
11024,13715,13716,1,0,0.1108792365912136
11025,13718,13719,2,0,0.33069944080843289
11026,13721,13722,4,0,0.12525668640061594
11027,13722,13723,4,0,0.12748364846322086
11028,13723,13724,3,0,0.24146816797530288
11029,13725,13726,3,0,0.14654056350411751
11030,13727,13728,3,0,0.17096459123734623
11031,13728,13729,1,0,0.14976300333335474
11032,13729,13730,4,0,0.10519036953623376
11033,13731,13732,3,0,0.26242751839809508
11034,13733,13734,2,0,0.15661474622667421
11035,13734,13735,1,0,0.10337247964009912
11036,13735,13736,1,1,0.21784225270676028
11037,13736,13737,5,0,0.61548831070964216
11038,13738,13739,4,0,0.67128035047867463
11039,13740,13741,3,0,0.090606351510306118
11040,13742,13743,5,0,0.077493626548600203
11041,13743,13744,3,1,0.78315168379691746
11042,13744,13745,2,1,0.68622753429815642
11043,13746,13747,5,0,0.16482596201501953
11044,13747,13748,3,0,0.13771454801692321
11045,13748,13749,1,0,0.098913778789603002
11046,13750,13751,5,0,0.12284304048366003
11047,13751,13752,1,0,0.09282724364671574
11048,13752,13753,4,0,0.067793379833161332
11049,13753,13754,3,1,0.18429391955802352
11050,13754,13755,2,0,0.22948464246160602
11051,13755,13756,1,0,0.0080138741408754127
11052,13756,13757,5,0,0.14538491732626063
11053,13757,13758,1,1,0.24670313149068729
11054,13758,13759,3,0,0.086174522021583655
11055,13759,13760,4,0,0.28585743624029986
11056,13760,13761,1,0,0.26435061403515631
11057,13761,13762,1,0,0.054505314737718365
11058,13762,13763,4,0,0.017647543835872994
11059,13763,13764,5,0,0.077424310634272547
11060,13764,13765,3,1,0.14729840690645801
11061,13765,13766,5,0,0.17799934457745792
11062,13766,13767,4,0,0.077604276156733099
11063,13768,13769,1,0,0.023384665756435153
11064,13769,13770,3,0,0.21672038181276287
11065,13771,13772,4,1,0.065700887455926921
11066,13772,13773,4,1,0.71941356686212043
11067,13773,13774,4,0,0.1605767633995544
11068,13774,13775,1,0,0.22647893277578451
11069,13775,13776,2,0,0.21787500681782804
11070,13776,13777,2,1,0.41747087687436618
11071,13777,13778,4,0,0.13015500402735955
11072,13778,13779,2,1,0.70789750230664705
11073,13780,13781,3,1,0.34894891750877255
11074,13781,13782,2,0,0.093177980921232154
11075,13782,13783,2,1,0.67954136355308614
11076,13783,13784,1,1,0.72327920622874842
11077,13784,13785,5,0,0.091078482570548555
11078,13785,13786,3,1,0.77068657566811871
11079,13787,13788,5,0,0.18664012652465525
11080,13788,13789,4,0,0.030800684299862591
11081,13789,13790,2,0,0.21144504341927625
11082,13790,13791,5,0,0.18283326367267014
11083,13791,13792,3,0,0.5312841467414583
11084,13792,13793,5,0,0.091949580412703361
11085,13795,13796,3,0,0.1426735350593282
11086,13796,13797,1,1,0.087546311675730265
11087,13798,13799,3,0,0.18544323638675403
11088,13799,13800,1,0,0.23718928945118994
11089,13802,13803,4,1,0.32181783315988888
11090,13803,13804,5,1,0.58851414012137249
11091,13804,13805,2,0,0.037110882402313708
11092,13806,13807,2,1,0.71270689381837504
11093,13807,13808,5,0,0.33469016787456346
11094,13808,13809,5,0,0.1534212981379266
11095,13810,13811,3,0,0.83569681351742597
11096,13812,13813,3,0,0.13453882122058175
11097,13813,13814,2,0,0.20569312594306904
11098,13814,13815,3,0,0.17064777955150487
11099,13815,13816,5,0,0.16767736518595105
11100,13816,13817,3,0,0.27146510003689628
11101,13817,13818,1,0,0.068985369282393655
11102,13818,13819,5,0,0.030255477457671352
11103,13819,13820,2,1,0.20301560539898234
11104,13820,13821,2,0,0.14795119846641941
11105,13821,13822,3,0,0.083854001749130047
11106,13822,13823,2,1,0.096280035298021843
11107,13824,13825,5,1,0.66380658228717471
11108,13826,13827,1,0,0.099387144621770701
11109,13827,13828,3,0,0.084837884379194164
11110,13829,13830,1,1,0.48384201264021831
11111,13830,13831,4,0,0.04855721745957834
11112,13831,13832,4,0,0
11113,13832,13833,2,0,0.11748280170940224
11114,13834,13835,3,0,0.063845468283451418
11115,13835,13836,2,0,0.11397763606880149
11116,13836,13837,4,0,0.15727127544416053
11117,13838,13839,1,1,0.24855963359732933
11118,13839,13840,5,1,0.27325162185933033
11119,13840,13841,1,1,0.32859316819031159
11120,13842,13843,2,1,0.65980058891468474
11121,13843,13844,1,0,0.14346673812153649
11122,13844,13845,3,0,0.34539514337445232
11123,13845,13846,3,0,0.14664228583161426
11124,13846,13847,5,0,0.14801678579597277
11125,13847,13848,5,0,0.53442010461825706
11126,13848,13849,2,0,0.3871011551038705
11127,13850,13851,5,0,0.12464318366702047
11128,13851,13852,4,1,0.38552400775428597
11129,13853,13854,2,0,0.027012152600360113
11130,13854,13855,4,1,0.24066306247274308
11131,13855,13856,5,0,0.05903999853825833
11132,13856,13857,3,1,0.34955276750622588
11133,13857,13858,4,0,0.44266394896709454
11134,13858,13859,1,0,0.23817946179655489
11135,13859,13860,4,0,0.15759403068152747
11136,13863,13864,4,0,0.037514311205427843
11137,13864,13865,5,1,0.64050957536227737
11138,13865,13866,3,0,0.11476815060226501
11139,13868,13869,1,0,0.21845222082523627
11140,13870,13871,3,0,0.017000382226331191
11141,13871,13872,3,0,0.19743014647027773
11142,13873,13874,5,0,0.096765744313195484
11143,13875,13876,5,1,0.15970396398724096
11144,13878,13879,1,1,0.48291228237525352
11145,13880,13881,3,1,0.058218779750736284
11146,13882,13883,1,0,0.12563943093405922
11147,13883,13884,2,1,0.20400327652517136
11148,13884,13885,4,1,0.46238548820020786
11149,13885,13886,1,0,0.070853100226539359
11150,13886,13887,4,0,0.066349182971173884
11151,13887,13888,1,0,0.067322990468852068
11152,13888,13889,5,0,0.071751402843963627
11153,13889,13890,5,0,0.11209416158046892
11154,13890,13891,2,0,0.11477182847905784
11155,13891,13892,1,0,0.12028635424666972
11156,13892,13893,4,1,0.59898871884918403
11157,13893,13894,3,0,0.10960533695754113
11158,13894,13895,2,0,0.0074735237053077212
11159,13895,13896,1,1,0.46518036088168796
11160,13896,13897,3,1,0.50899231203101836
11161,13897,13898,5,0,0.6415013881233872
11162,13898,13899,1,0,0.047788841478829662
11163,13899,13900,5,0,0.16381632449957934
11164,13901,13902,5,0,0.38481664795460024
11165,13902,13903,3,1,0.14342210797792745
11166,13904,13905,5,1,0.75669888932080076
11167,13906,13907,4,0,0.19972695561960868
11168,13907,13908,2,0,0.22125058455886412
11169,13908,13909,1,0,0.7767581561922442
11170,13909,13910,2,0,0.14328106714061065
11171,13910,13911,4,1,0.088999665705653611
11172,13911,13912,1,0,0.045949530065799708
11173,13912,13913,3,0,0
11174,13913,13914,5,0,0.18644747801485112
11175,13914,13915,4,0,0.2163446401065216
11176,13916,13917,5,1,0.088473640496704323
11177,13917,13918,1,0,0.03426745706911781
11178,13919,13920,4,0,0.14838222547612487
11179,13921,13922,4,0,0.19922861415707713
11180,13923,13924,3,0,0.037684918523630005
11181,13924,13925,3,0,0.057720221108089421
11182,13925,13926,3,1,0.30335281362261413
11183,13927,13928,5,0,0.13747110389918951
11184,13928,13929,1,0,0.19393776112968078
11185,13929,13930,3,0,0.040921133386230525
11186,13930,13931,1,0,0.22165136177116429
11187,13931,13932,3,0,0.10245038505046723
11188,13934,13935,4,0,0.15845855942764328
11189,13935,13936,2,0,0.62662486220589353
11190,13936,13937,2,0,0.052386940447731435
11191,13937,13938,2,0,0.74229544484989307
11192,13939,13940,5,0,0.2535197865874485
11193,13940,13941,1,0,0.06762056618441703
11194,13944,13945,3,0,0.73684997004148289
11195,13945,13946,3,0,0.19744326742156124
11196,13946,13947,2,0,0.60188394782720978
11197,13947,13948,3,0,0.25028920878473632
11198,13948,13949,2,1,0.12805098721982555
11199,13949,13950,5,0,0.42817959885277357
11200,13950,13951,4,0,0.091092130132236895
11201,13951,13952,1,1,0.62338766016106895
11202,13952,13953,2,0,0.16148012421944397
11203,13955,13956,5,0,0.085454665836867089
11204,13957,13958,4,0,0.63076402748184013
11205,13958,13959,4,0,0.023901145080432652
11206,13959,13960,2,0,0.12369499902601507
11207,13961,13962,1,0,0.02791294165238779
11208,13962,13963,1,1,0.65067397370310509
11209,13963,13964,3,0,0.12605090504825617
11210,13965,13966,1,0,0.017664561905205146
11211,13967,13968,4,0,0.3815183079064296
11212,13970,13971,2,0,0.30267143388548162
11213,13971,13972,1,0,0.1402401158060062
11214,13972,13973,5,1,0.18795684419434391
11215,13974,13975,2,0,0.27122352934658778
11216,13975,13976,2,0,0.15113249533681505
11217,13976,13977,3,0,0.12947361149079867
11218,13977,13978,1,0,0.060468697011184555
11219,13978,13979,2,0,0.038074749671206824
11220,13981,13982,5,0,0.061169746360964894
11221,13982,13983,3,0,0.069557218197557419
11222,13983,13984,3,0,0.1236514913603998
11223,13984,13985,3,0,0.078355739986472953
11224,13985,13986,4,0,0.17843583935944785
11225,13986,13987,2,0,0.049315642966883483
11226,13987,13988,1,0,0.65220030804466123
11227,13988,13989,2,0,0.16837181881069099
11228,13989,13990,3,0,0.055589799129249225
11229,13991,13992,4,1,0.68628745883892495
11230,13992,13993,1,1,0.4730600188162386
11231,13993,13994,3,0,0.041321568557741377
11232,13994,13995,4,1,0.41063961182366998
11233,13996,13997,4,0,0.045236381417549751
11234,13999,14000,5,0,0.1466620958061938
11235,14000,14001,5,0,0.22000626087359532
11236,14001,14002,1,0,0.28949977773609564
11237,14002,14003,3,0,0.094346098230696576
11238,14003,14004,3,0,0.089834476256583237
11239,14004,14005,1,0,0.16024623304890667
11240,14006,14007,1,0,0.20864179760581822
11241,14009,14010,5,0,0.20251604309626062
11242,14010,14011,3,0,0.19415689162628252
11243,14011,14012,5,0,0.15167884551930383
11244,14012,14013,1,0,0.22610774396001804
11245,14013,14014,4,1,0.058406430488290077
11246,14014,14015,1,0,0.022125398168135874
11247,14015,14016,5,0,0.11190084126741003
11248,14016,14017,3,0,0.381415740311838
11249,14017,14018,1,1,0.78295900941709295
11250,14018,14019,4,0,0.13231927923799014
11251,14019,14020,2,0,0.095090383785512989
11252,14020,14021,2,1,0.051704910149579661
11253,14021,14022,4,0,0.17558479980284297
11254,14022,14023,4,0,0.57490762291544839
11255,14023,14024,3,0,0.058334726867179408
11256,14024,14025,5,0,0.42173276017443334
11257,14025,14026,1,1,0.38085930969216109
11258,14027,14028,5,0,0.30264562431339082
11259,14028,14029,1,0,0.1272977441584055
11260,14029,14030,2,0,0.29455799248340964
11261,14032,14033,3,0,0.19021185644221536
11262,14033,14034,5,0,0.21084423494351556
11263,14034,14035,3,1,0.15706929705174577
11264,14035,14036,3,0,0.050837275401686116
11265,14036,14037,2,1,0.44054030020016544
11266,14037,14038,3,0,0.02538286180357156
11267,14038,14039,2,0,0.10547692037676001
11268,14039,14040,5,0,0.35349815515794564
11269,14040,14041,3,0,0.17306483495324701
11270,14042,14043,2,1,0.1923919571341845
11271,14043,14044,3,0,0.069825914810679443
11272,14044,14045,4,1,0.4508385870200185
11273,14045,14046,2,0,0.28403477296161678
11274,14046,14047,2,0,0.10700063371824178
11275,14047,14048,4,0,0.10318630353549185
11276,14048,14049,3,0,0.33443360681715628
11277,14050,14051,3,0,0.14089321042679109
11278,14052,14053,5,0,0.22944915981827688
11279,14053,14054,5,0,0.13186029602658619
11280,14055,14056,3,0,0.11760434549035266
11281,14056,14057,2,0,0.025975133768388677
11282,14057,14058,1,0,0.15852217726444232
11283,14059,14060,4,0,0.078634752770906369
11284,14060,14061,3,0,0.2489285213988548
11285,14061,14062,3,0,0.042011304249216654
11286,14062,14063,3,1,0.81484011170048365
11287,14063,14064,2,1,0.19777108686663034
11288,14064,14065,1,1,0.11631836328557878
11289,14065,14066,3,0,0.063504322086154849
11290,14066,14067,3,0,0.52824142999113588
11291,14067,14068,5,0,0.16224851332147858
11292,14068,14069,3,0,0.066416999129269141
11293,14069,14070,3,0,0.22454389830033311
11294,14070,14071,2,0,0.083752784835423547
11295,14072,14073,5,1,0.10972329778282326
11296,14073,14074,1,0,0.17104364187002039
11297,14075,14076,3,0,0.1490461957903049
11298,14076,14077,1,0,0.1070305206295645
11299,14078,14079,3,0,0.10177160920732886
11300,14079,14080,3,0,0.18315680621629832
11301,14081,14082,1,1,0.73503362200701716
11302,14082,14083,3,0,0.20061244198903713
11303,14083,14084,1,1,0.073845196211415665
11304,14084,14085,3,1,0.69608038556237406
11305,14085,14086,3,0,0.34871867500244513
11306,14086,14087,4,0,0.28341182709282436
11307,14087,14088,2,0,0.11019685981542568
11308,14090,14091,4,0,0.14662744087683727
11309,14091,14092,5,0,0.3145796967058791
11310,14092,14093,4,0,0.033077173884881773
11311,14093,14094,2,0,0.036730739210607426
11312,14094,14095,1,0,0.67368261444253486
11313,14095,14096,2,0,0.06987407908043837
11314,14096,14097,4,1,0.71239638704807828
11315,14097,14098,4,0,0.31575074142319848
11316,14098,14099,3,1,0.44016471342731056
11317,14099,14100,5,0,0.056028731231160055
11318,14100,14101,1,0,0.040026008209405724
11319,14101,14102,3,0,0.21548891644805898
11320,14102,14103,1,0,0.008799455268079447
11321,14103,14104,4,0,0.13829178382886931
11322,14104,14105,3,0,0.13404011635944241
11323,14105,14106,5,0,0.077212197070284191
11324,14106,14107,3,0,0.17118194281135102
11325,14108,14109,2,0,0.2843650395848184
11326,14109,14110,4,0,0.089485360423356947
11327,14110,14111,2,0,0.27763124376739429
11328,14111,14112,1,0,0.13403859185802466
11329,14112,14113,2,0,0.12884644607883042
11330,14113,14114,5,1,0.43138630166976422
11331,14114,14115,3,0,0.1676245298176138
11332,14115,14116,1,1,0.20789883486966707
11333,14116,14117,2,0,0.069724130241423987
11334,14117,14118,5,0,0.28426173594488163
11335,14118,14119,4,0,0.024016758546501954
11336,14119,14120,4,0,0.13835732135451981
11337,14120,14121,3,0,0.11256434399505709
11338,14121,14122,5,0,0.16900853534492674
11339,14122,14123,5,0,0.20782343729305322
11340,14123,14124,1,0,0.060574576829244338
11341,14124,14125,5,0,0.26380376670839961
11342,14126,14127,4,0,0.05178291294770089
11343,14127,14128,3,1,0.1011120161834111
11344,14128,14129,1,0,0.25307194221884138
11345,14129,14130,2,0,0.10942776186912034
11346,14130,14131,5,0,0.072672536295411608
11347,14131,14132,5,0,0.19478214975907632
11348,14132,14133,4,1,0.55229941316405906
11349,14133,14134,5,0,0.099408928389726786
11350,14134,14135,5,0,0.071361110261509431
11351,14135,14136,3,0,0.023844586739398502
11352,14136,14137,4,0,0.37848372841642397
11353,14139,14140,5,1,0.36922160594550046
11354,14141,14142,3,1,0.19278764389708189
11355,14142,14143,1,0,0.097196749447489558
11356,14143,14144,3,1,0.61302479528363663
11357,14144,14145,4,1,0.57369275120673668
11358,14145,14146,4,0,0.048014251973463262
11359,14146,14147,3,0,0.20867766644971575
11360,14147,14148,4,0,0.10846639104499985
11361,14148,14149,1,0,0.46669300870815539
11362,14149,14150,5,0,0.067185305930827957
11363,14150,14151,5,1,0.33392695329542638
11364,14152,14153,4,0,0.090366380367594118
11365,14154,14155,4,0,0.0073804873289149264
11366,14155,14156,4,0,0.17100958442232309
11367,14156,14157,2,0,0.078781530080939022
11368,14157,14158,2,0,0.16830277100003677
11369,14158,14159,3,1,0.25390939808046642
11370,14160,14161,3,1,0.22112534749872984
11371,14162,14163,1,0,0.39652067342624253
11372,14163,14164,2,0,0.22369085352143256
11373,14164,14165,4,0,0.035610084706857635
11374,14166,14167,1,0,0.16487381433185441
11375,14169,14170,2,0,0.25406726639023364
11376,14170,14171,2,0,0.033642354211758117
11377,14171,14172,3,1,0.19201199921446555
11378,14172,14173,4,0,0.062590188728884916
11379,14173,14174,4,0,0.22407108944203671
11380,14174,14175,3,1,0.68409459745761447
11381,14175,14176,3,0,0.022393007449448537
11382,14177,14178,1,0,0.198245637700564
11383,14178,14179,1,1,0.31829896799402835
11384,14179,14180,1,1,0.11300010514218146
11385,14180,14181,5,0,0.1531956270781944
11386,14181,14182,2,1,0.090603637860924527
11387,14182,14183,3,0,0.13114089980738239
11388,14183,14184,2,0,0.058976106938668109
11389,14184,14185,5,0,0.1844028518862563
11390,14186,14187,1,1,0.24943903442026788
11391,14189,14190,2,0,0.13239493205740538
11392,14190,14191,5,0,0.21764936135337806
11393,14191,14192,3,1,0.46217702233547819
11394,14194,14195,4,1,0.11071374318808043
11395,14195,14196,5,1,0.077201791669274891
11396,14197,14198,4,0,0.1533883830366605
11397,14199,14200,2,0,0.11482321951178631
11398,14200,14201,2,0,0.51686596277786323
11399,14201,14202,2,1,0.18947333064147304
11400,14202,14203,3,0,0.12127511125693055
11401,14203,14204,3,1,0.045277668052675725
11402,14205,14206,2,0,0.040635256334956189
11403,14206,14207,3,0,0.28484460761097369
11404,14207,14208,3,0,0.1498155660391724
11405,14208,14209,2,0,0.03888740643920123
11406,14209,14210,3,0,0.026553687406096808
11407,14210,14211,5,0,0.19722465705899872
11408,14211,14212,3,1,0.18821370539617344
11409,14212,14213,2,0,0.1426038536425896
11410,14215,14216,3,0,0.1838740301494742
11411,14216,14217,5,1,0.31599298897358569
11412,14217,14218,3,0,0.091399250025413173
11413,14218,14219,3,0,0.12531790719463892
11414,14219,14220,2,1,0.085686336833722718
11415,14221,14222,1,0,0.23647595738700761
11416,14222,14223,1,0,0.26504510011543025
11417,14226,14227,3,1,0.44536915655894277
11418,14227,14228,4,0,0.13335031232558203
11419,14228,14229,3,0,0.1951156670661813
11420,14229,14230,1,0,0.020318900919111808
11421,14230,14231,5,1,0.11478189221963959
11422,14231,14232,5,0,0.34321803808134677
11423,14232,14233,4,0,0.18075103630818301
11424,14233,14234,5,0,0.41718040641072718
11425,14235,14236,5,0,0.078811561168424527
11426,14236,14237,4,0,0
11427,14237,14238,5,1,0.10970851522108796
11428,14239,14240,2,0,0.077178216973962974
11429,14241,14242,3,0,0.10935896545823362
11430,14242,14243,4,0,0.036424202807517098
11431,14243,14244,2,0,0.029985450129876804
11432,14244,14245,3,1,0.74859274364299111
11433,14245,14246,1,0,0.020055500370697928
11434,14246,14247,3,0,0.22519251315179825
11435,14247,14248,5,1,0.12824064084852388
11436,14248,14249,2,0,0.066954494723011543
11437,14249,14250,3,0,0.035061460635353162
11438,14250,14251,1,0,0.129760023049971
11439,14252,14253,3,0,0.18444046768024552
11440,14253,14254,4,0,0.17304116314549978
11441,14255,14256,1,0,0.0085744527424388359
11442,14256,14257,1,0,0.14576564237153544
11443,14257,14258,2,0,0.096586270460639098
11444,14258,14259,4,1,0.72863287901963858
11445,14259,14260,1,0,0.16746075676952268
11446,14260,14261,4,0,0.052700792031213459
11447,14262,14263,5,0,0.2238120288859069
11448,14264,14265,4,0,0.17042726705792191
11449,14265,14266,1,0,0.037031038573833663
11450,14266,14267,5,0,0.069238306087127374
11451,14267,14268,3,0,0.14231369946460615
11452,14268,14269,4,0,0.33060772271527084
11453,14269,14270,3,0,0.027088793308107144
11454,14270,14271,5,1,0.17460617584240135
11455,14271,14272,1,0,0.016386995499858312
11456,14272,14273,2,1,0.29791703057614449
11457,14273,14274,5,0,0.21280538636433249
11458,14274,14275,3,0,0.17493890027043299
11459,14275,14276,2,0,0.10238563043929988
11460,14276,14277,5,1,0.25856022663340861
11461,14278,14279,5,1,0.66815019529071251
11462,14280,14281,2,1,0.66744830377631437
11463,14282,14283,2,0,0.14399521716173236
11464,14283,14284,2,0,0.075992553809620264
11465,14284,14285,4,0,0.20928069109475578
11466,14286,14287,1,0,0.077417069745310249
11467,14287,14288,2,0,0.096022915011322832
11468,14288,14289,3,1,0.71451797411034634
11469,14289,14290,2,0,0.02430513618725234
11470,14290,14291,4,0,0.19654406964170648
11471,14291,14292,2,0,0.05767574911165415
11472,14292,14293,3,1,0.21630661400993803
11473,14293,14294,5,1,0.26866232035514104
11474,14294,14295,2,1,0.5
11475,14295,14296,4,0,0.16424244926526058
11476,14296,14297,1,0,0.14608415935634494
11477,14297,14298,2,0,0.20084589324725419
11478,14298,14299,2,0,0.3205922830387084
11479,14299,14300,3,0,0.3213922314936008
11480,14300,14301,2,0,0.077703949737544228
11481,14301,14302,2,0,0.18070315657786179
11482,14302,14303,4,0,0.16446619226803155
11483,14305,14306,1,0,0.23052290150449531
11484,14306,14307,3,0,0.058607829061774232
11485,14309,14310,1,1,0.077640165755420459
11486,14310,14311,5,0,0.041231868814537498
11487,14311,14312,3,1,0.2156926021312893
11488,14312,14313,5,1,0.38569661208070743
11489,14313,14314,5,1,0.17708946388081787
11490,14314,14315,2,1,0.81170896166862982
11491,14315,14316,5,0,0.14527191441741705
11492,14316,14317,3,0,0.037998951959758276
11493,14317,14318,2,0,0.1282099878526762
11494,14320,14321,4,0,0.23243108662218412
11495,14321,14322,3,0,0.11509513763364013
11496,14322,14323,2,0,0.20530256819057321
11497,14323,14324,3,0,0.063574320152675015
11498,14324,14325,5,0,0.079807181012375467
11499,14325,14326,4,0,0.059535692132900941
11500,14327,14328,1,0,0.58894629469088677
11501,14328,14329,3,1,0.16546190368900182
11502,14329,14330,1,0,0.76864647828630239
11503,14332,14333,5,0,0.12228848229774122
11504,14333,14334,1,1,0.55517352752991111
11505,14334,14335,4,0,0.096528579496774028
11506,14335,14336,2,0,0.14028312029792539
11507,14337,14338,2,0,0.19151910046334139
11508,14338,14339,3,0,0.017618959576871044
11509,14339,14340,4,1,0.18676898240089151
11510,14341,14342,4,0,0.22032022923148101
11511,14342,14343,5,0,0.1517525761240559
11512,14343,14344,4,0,0.058382871080762851
11513,14344,14345,1,0,0.15954872170429571
11514,14345,14346,1,1,0.58976252145562758
11515,14347,14348,1,1,0.60746139749938222
11516,14348,14349,5,0,0.13277609245741895
11517,14349,14350,2,1,0.34622839135546196
11518,14350,14351,4,0,0.17400604822411739
11519,14351,14352,2,1,0.30142972431604925
11520,14352,14353,4,0,0.27125710235958639
11521,14355,14356,2,0,0.57331738972603385
11522,14357,14358,1,0,0.14893129437747038
11523,14358,14359,1,0,0.069110831660328789
11524,14359,14360,3,0,0.06602263390390796
11525,14360,14361,2,0,0.18569915581882129
11526,14361,14362,1,0,0.57477503227370552
11527,14362,14363,1,1,0.068734381661270355
11528,14363,14364,1,1,0.18722890075783918
11529,14365,14366,4,1,0.72844073110600194
11530,14366,14367,2,1,0.27832135772668437
11531,14367,14368,1,1,0.73187500723542065
11532,14368,14369,2,0,0.18383986036081579
11533,14370,14371,5,0,0.027467804633737668
11534,14371,14372,2,0,0.23582432616158641
11535,14372,14373,2,0,0.15465942385798104
11536,14374,14375,4,0,0.40336468609725118
11537,14375,14376,2,0,0.18559824606103226
11538,14376,14377,1,0,0.73482101781174369
11539,14377,14378,4,0,0.08781667973516151
11540,14378,14379,4,1,0.65087976224842259
11541,14380,14381,3,0,0.17031307528651554
11542,14381,14382,1,0,0.094987757520871866
11543,14382,14383,5,0,0.12113891243269533
11544,14383,14384,5,0,0.11115270653348572
11545,14384,14385,3,0,0.029978319428325059
11546,14385,14386,2,0,0.37190251849355188
11547,14386,14387,3,0,0.10035239365247327
11548,14387,14388,3,0,0.087975790745016116
11549,14388,14389,3,0,0.18222940084128961
11550,14389,14390,5,0,0.11820682397566548
11551,14390,14391,5,0,0.018955217071576144
11552,14391,14392,1,0,0.16020914727670538
11553,14392,14393,4,1,0.72468826305522205
11554,14393,14394,5,1,0.36307081052742285
11555,14395,14396,2,0,0.1041929702803522
11556,14396,14397,1,0,0.15536300266390857
11557,14397,14398,4,1,0.61329956639725502
11558,14399,14400,2,0,0.054376557764213858
11559,14402,14403,1,1,0.045615377704632983
11560,14403,14404,1,0,0.046781323336176232
11561,14404,14405,4,0,0.13699308812225863
11562,14405,14406,4,0,0.13471391892350168
11563,14406,14407,4,0,0.095368258260511735
11564,14407,14408,1,1,0.67142707073203245
11565,14408,14409,1,0,0.077275546900335973
11566,14409,14410,2,1,0.12885963486860322
11567,14410,14411,1,1,0.57967350638723236
11568,14411,14412,1,0,0.030209913373056455
11569,14413,14414,2,0,0.34980339355190238
11570,14414,14415,5,1,0.42260116447328872
11571,14416,14417,2,0,0.22724414826345204
11572,14419,14420,5,1,0.33675087956706728
11573,14420,14421,5,0,0.14216302862834496
11574,14425,14426,2,0,0.12821772664817507
11575,14426,14427,3,0,0.069219581068853619
11576,14427,14428,2,0,0.32928602108565314
11577,14428,14429,5,1,0.73461299123368262
11578,14429,14430,4,0,0.12192263943690763
11579,14430,14431,3,0,0.15843185920155245
11580,14431,14432,5,0,0.065981700342552352
11581,14435,14436,3,0,0.019298841947206453
11582,14436,14437,5,0,0.1363245117427343
11583,14437,14438,5,1,0.095703101945461971
11584,14441,14442,4,0,0.16752899060611215
11585,14442,14443,3,0,0.38225755176227083
11586,14443,14444,2,0,0.1737394043811239
11587,14445,14446,4,1,0.36843918119021912
11588,14447,14448,5,0,0.11601256261431558
11589,14448,14449,3,0,0.018361723634206933
11590,14449,14450,1,0,0.086327654559200953
11591,14450,14451,5,0,0.19348204239579198
11592,14451,14452,1,0,0.23767378626526778
11593,14452,14453,3,1,0.17757151976969499
11594,14453,14454,4,0,0.63037703173861015
11595,14454,14455,5,1,0.067456010874071826
11596,14455,14456,3,0,0.076971661655965057
11597,14456,14457,1,0,0.092219004893291864
11598,14457,14458,2,1,0.26780471837836145
11599,14458,14459,2,0,0.11847937318322303
11600,14459,14460,2,0,0.067952274727503065
11601,14460,14461,5,0,0.47279205475378738
11602,14461,14462,4,0,0.16464469716095798
11603,14462,14463,2,0,0.2031892091326514
11604,14463,14464,1,0,0.077271732571637372
11605,14465,14466,3,0,0.15753613966621713
11606,14467,14468,1,1,0.61577114078025774
11607,14468,14469,2,0,0.33185465633591799
11608,14469,14470,4,0,0.079568589672704942
11609,14472,14473,2,0,0.1762516310900108
11610,14473,14474,5,0,0.72892329265330169
11611,14474,14475,1,0,0.1065725436088354
11612,14475,14476,4,0,0.043607606957357742
11613,14476,14477,5,0,0.1411077934380367
11614,14477,14478,4,0,0.064383799075710388
11615,14478,14479,4,0,0.38885840425490137
11616,14479,14480,1,0,0.41314733498467443
11617,14481,14482,2,0,0.23319969463886048
11618,14482,14483,5,0,0.22302585931627325
11619,14483,14484,4,1,0.35449165457916065
11620,14484,14485,2,0,0.134550023197235
11621,14485,14486,5,0,0.60621262821301003
11622,14486,14487,5,0,0.041689827163610534
11623,14487,14488,2,0,0.14989148294954571
11624,14488,14489,5,0,0.087011951859710335
11625,14489,14490,5,0,0.54894370038971207
11626,14490,14491,4,0,0.20665077263996645
11627,14491,14492,3,0,0.095046586064347918
11628,14492,14493,4,0,0.030467448360789125
11629,14493,14494,4,0,0.11852053127739055
11630,14494,14495,4,0,0.18597963494595457
11631,14495,14496,3,0,0.1020145499828557
11632,14497,14498,3,0,0.055965120697927015
11633,14498,14499,3,0,0.093365891803415868
11634,14500,14501,1,1,0.43306825658771642
11635,14501,14502,3,0,0.14997784127928665
11636,14502,14503,3,0,0.072958823447252463
11637,14503,14504,5,1,0.2508024334658065
11638,14504,14505,3,0,0.018327294112747881
11639,14505,14506,1,0,0.64556401976344457
11640,14506,14507,2,0,0.21089030060450731
11641,14508,14509,4,0,0.098959367431026679
11642,14509,14510,5,0,0.43763035980294324
11643,14510,14511,1,0,0.57887226684502346
11644,14511,14512,1,0,0.065538802975889252
11645,14512,14513,5,0,0.29964394007983602
11646,14514,14515,1,0,0.27263095092808876
11647,14515,14516,1,0,0
11648,14516,14517,4,0,0.080198260718284897
11649,14517,14518,1,0,0.11178141457526543
11650,14518,14519,4,1,0.54644783838139444
11651,14519,14520,3,1,0.24368732826917872
11652,14520,14521,2,0,0.118260185673479
11653,14521,14522,4,1,0.33739011274629283
11654,14523,14524,3,0,0.1114763565543434
11655,14525,14526,4,0,0.15704338004758064
11656,14526,14527,2,0,0.19477363924659971
11657,14527,14528,5,0,0.34369201036147995
11658,14528,14529,3,0,0.059671550782212888
11659,14529,14530,1,0,0.1294051384742495
11660,14530,14531,2,1,0.13948323571725801
11661,14533,14534,4,0,0.12874055964666598
11662,14534,14535,5,1,0.12237696968095542
11663,14535,14536,2,0,0.1674376755760669
11664,14536,14537,3,0,0.26875141557318538
11665,14538,14539,4,0,0.16269162990588784
11666,14539,14540,1,0,0.17215834249035059
11667,14540,14541,3,0,0.079980309119364365
11668,14543,14544,4,0,0.12487999375748379
11669,14544,14545,4,1,0.18883069433821761
11670,14545,14546,2,0,0.16846409954504751
11671,14546,14547,2,1,0.64455702770899714
11672,14547,14548,2,0,0.1098950416562684
11673,14549,14550,4,1,0.1414560033265117
11674,14550,14551,4,0,0.13846909848169442
11675,14551,14552,2,0,0.66406955360213282
11676,14552,14553,1,0,0.26131118590535751
11677,14553,14554,1,1,0.13657590058658978
11678,14554,14555,1,0,0.079279819834508991
11679,14555,14556,1,0,0.069333261189551479
11680,14556,14557,5,0,0.075240610092971838
11681,14557,14558,4,0,0.29867407098069354
11682,14558,14559,2,0,0.048953170534636839
11683,14560,14561,1,1,0.17883886264802779
11684,14563,14564,2,1,0.21702146632855937
11685,14564,14565,4,0,0.067597464609545715
11686,14565,14566,5,0,0.071710944739135474
11687,14566,14567,3,1,0.69802552540993068
11688,14568,14569,2,1,0.25512517646279614
11689,14569,14570,2,1,0.57682188801355783
11690,14570,14571,2,0,0.047385333997605
11691,14571,14572,4,0,0.17750029309743925
11692,14572,14573,3,1,0.18501966738930001
11693,14573,14574,4,0,0.12514470260252675
11694,14574,14575,3,0,0.1830104947030477
11695,14575,14576,4,0,0.1833744334521028
11696,14576,14577,4,0,0.52921741933122324
11697,14577,14578,1,0,0.0078875512863903555
11698,14578,14579,2,0,0.16712880246002917
11699,14579,14580,5,0,0.015161617543399496
11700,14580,14581,5,0,0.034479271183114217
11701,14581,14582,2,1,0.78006150608076319
11702,14582,14583,3,0,0.15408788032169768
11703,14585,14586,2,1,0.27394945196083531
11704,14586,14587,4,1,0.33944511422301843
11705,14587,14588,3,0,0.60209797329083536
11706,14588,14589,5,0,0.65697147391328792
11707,14589,14590,1,0,0.12257240411284077
11708,14590,14591,3,0,0.18736156414478805
11709,14591,14592,2,0,0.21301282094561427
11710,14594,14595,4,0,0.12440211251812729
11711,14595,14596,5,0,0.16831942064475924
11712,14596,14597,3,0,0.17020866793240935
11713,14597,14598,5,0,0.074205465637826332
11714,14598,14599,5,1,0.68975600802021364
11715,14600,14601,5,0,0.5254301515521711
11716,14602,14603,2,0,0.15863273701267605
11717,14604,14605,4,0,0.12209188945212172
11718,14606,14607,5,0,0.010028278484147781
11719,14607,14608,2,0,0.12192125978252862
11720,14608,14609,5,0,0.022419056770846102
11721,14609,14610,2,1,0.11909223027796377
11722,14610,14611,5,0,0.08073893882974878
11723,14611,14612,4,0,0.11093965549579267
11724,14612,14613,2,0,0.14885702012282076
11725,14613,14614,5,0,0.022771008138320777
11726,14614,14615,5,1,0.72491543588441787
11727,14615,14616,1,0,0.18551178000391871
11728,14616,14617,5,0,0.12942346022420112
11729,14617,14618,5,0,0.10536253977907468
11730,14618,14619,2,0,0.1351507515436649
11731,14619,14620,3,0,0.43372383597326453
11732,14620,14621,2,0,0.1698840047611897
11733,14623,14624,4,1,0.54203154085272254
11734,14624,14625,2,0,0.089260715203084998
11735,14625,14626,3,0,0.076255914181407494
11736,14626,14627,1,0,0.2389950589881828
11737,14627,14628,5,0,0.14562749841118322
11738,14628,14629,5,1,0.21212304012759703
11739,14629,14630,5,0,0.046771059737694812
11740,14630,14631,5,1,0.78509686004831924
11741,14631,14632,3,0,0.097970146932526911
11742,14633,14634,4,0,0.59455527541499209
11743,14635,14636,1,0,0.11840467551894034
11744,14636,14637,2,0,0.15589410856202035
11745,14637,14638,1,1,0.66154372252083049
11746,14638,14639,1,0,0.37428719889848983
11747,14639,14640,2,0,0.1881139399805751
11748,14640,14641,5,0,0.091802762577089636
11749,14642,14643,2,0,0.39562034179864264
11750,14643,14644,5,0,0.17881076697110287
11751,14644,14645,3,0,0.29975476355919128
11752,14645,14646,2,0,0.17627245580444895
11753,14647,14648,3,0,0.043878299363514624
11754,14648,14649,2,0,0.1696634240031655
11755,14649,14650,1,1,0.72486545788388712
11756,14650,14651,4,0,0.26005568773974908
11757,14651,14652,4,0,0.16833407260137478
11758,14652,14653,3,1,0.75679471496916662
11759,14653,14654,1,0,0.17831911502314909
11760,14654,14655,4,0,0.1637437410271779
11761,14655,14656,2,0,0.41197087490943246
11762,14656,14657,3,0,0.11666700147748352
11763,14657,14658,4,0,0.19327970658539328
11764,14658,14659,2,0,0.19337418796928313
11765,14659,14660,2,0,0.20527916363504567
11766,14660,14661,3,0,0.23127373861007722
11767,14663,14664,5,0,0.18906670224329519
11768,14664,14665,5,0,0.13898254043086664
11769,14665,14666,4,1,0.19154541771153838
11770,14666,14667,5,0,0.035919426833789805
11771,14667,14668,5,0,0.11886192064336674
11772,14668,14669,5,0,0.1948119492077508
11773,14669,14670,5,0,0.0748263598746189
11774,14670,14671,2,0,0.076272685464965406
11775,14671,14672,4,1,0.34842401560739578
11776,14674,14675,1,0,0.28672724268189898
11777,14675,14676,5,0,0.042313399748259387
11778,14676,14677,5,0,0.04494327279012876
11779,14677,14678,5,0,0.12614607052394175
11780,14678,14679,5,0,0.1553612502210111
11781,14679,14680,2,0,0.090207772757618002
11782,14680,14681,4,0,0.17485940139800232
11783,14681,14682,2,0,0.019391060372540039
11784,14685,14686,3,0,0.14085695088555575
11785,14686,14687,2,0,0.065424725071536016
11786,14687,14688,2,0,0.14894150766168698
11787,14688,14689,1,0,0.10450427583570426
11788,14689,14690,4,0,0.084115706027426976
11789,14692,14693,5,1,0.62730086334304225
11790,14693,14694,4,0,0.088676086506068105
11791,14694,14695,2,1,0.066511232055705083
11792,14695,14696,5,1,0.70060404373593399
11793,14697,14698,3,1,0.53766387303476471
11794,14698,14699,3,0,0.12103323361578452
11795,14699,14700,1,0,0.21715646382038389
11796,14700,14701,4,0,0.070022101267325443
11797,14702,14703,3,0,0.20802075958635904
11798,14703,14704,3,0,0.061437347040879539
11799,14705,14706,5,1,0.23988194160910314
11800,14706,14707,2,1,0.74239638240969408
11801,14708,14709,3,0,0.71331903554499587
11802,14709,14710,3,0,0.009014813686169583
11803,14710,14711,2,0,0.01851882152917483
11804,14711,14712,3,0,0.42631385403753042
11805,14712,14713,1,0,0.10442667364931472
11806,14713,14714,1,0,0.10972539504484348
11807,14714,14715,2,0,0.088859704236273859
11808,14715,14716,1,0,0.099241578602565272
11809,14716,14717,3,0,0.099605071257087591
11810,14718,14719,4,0,0.59874955015629261
11811,14719,14720,1,0,0.029943535795673624
11812,14720,14721,2,1,0.18022052656260978
11813,14721,14722,5,0,0.048278081136204874
11814,14724,14725,3,0,0.10482150344113866
11815,14726,14727,2,0,0.15200336918840293
11816,14728,14729,5,1,0.42965546815353223
11817,14729,14730,5,0,0.038701601139892974
11818,14730,14731,3,0,0.10659057300373941
11819,14731,14732,2,0,0.054018206413490442
11820,14732,14733,1,0,0.14737442907845849
11821,14733,14734,2,1,0.68267195646286016
11822,14734,14735,2,0,0.25695121904066492
11823,14735,14736,5,0,0.10130339619266503
11824,14737,14738,3,0,0.050702765680491674
11825,14738,14739,3,0,0.21984718026138092
11826,14739,14740,5,0,0.04467290904305473
11827,14741,14742,4,1,0.16109680718527547
11828,14742,14743,3,0,0.10462506900324135
11829,14743,14744,2,0,0.038642563462567801
11830,14744,14745,2,0,0.068668012178567051
11831,14745,14746,2,0,0.23505217808950346
11832,14746,14747,4,1,0.2156987090164082
11833,14747,14748,4,0,0.13652510189650713
11834,14749,14750,3,0,0.15523892170073172
11835,14750,14751,5,0,0.066860792212888431
11836,14751,14752,5,0,0.53917044327064434
11837,14753,14754,3,0,0.12847735095917209
11838,14754,14755,5,0,0.053727824121982938
11839,14755,14756,5,1,0.14027150200515309
11840,14756,14757,1,0,0.082008890628332956
11841,14758,14759,3,0,0.03986123722381494
11842,14759,14760,3,0,0.18900950770435859
11843,14760,14761,2,1,0.68881705273566529
11844,14762,14763,2,0,0.11915680147563126
11845,14764,14765,4,0,0.069381827157709977
11846,14765,14766,1,0,0.038956787721776499
11847,14767,14768,4,0,0.1566559036405818
11848,14769,14770,1,0,0.056258029085974187
11849,14770,14771,5,1,0.098871063415884655
11850,14771,14772,3,0,0.10519233925547393
11851,14772,14773,3,0,0.1159752632774409
11852,14773,14774,1,0,0.078052559039793731
11853,14774,14775,5,0,0.056977957138970477
11854,14775,14776,3,0,0.37142367791240299
11855,14776,14777,2,0,0.065933714910585903
11856,14777,14778,1,0,0.13092445020798449
11857,14778,14779,1,1,0.67829431023501863
11858,14779,14780,4,1,0.14365144250437836
11859,14780,14781,3,0,0.1915657995910737
11860,14781,14782,2,0,0.070803591240742564
11861,14782,14783,2,0,0.21722745391233531
11862,14783,14784,2,1,0.082861468676612648
11863,14784,14785,5,0,0.15984183066186106
11864,14785,14786,1,1,0.16388028137802385
11865,14787,14788,5,0,0.010680086004899472
11866,14788,14789,2,0,0.60480075756190921
11867,14789,14790,4,0,0.13795858643877479
11868,14790,14791,1,0,0.18057074863157838
11869,14791,14792,4,1,0.44531430117191007
11870,14792,14793,3,0,0.095957586652710147
11871,14794,14795,1,0,0.056124226568583825
11872,14795,14796,2,0,0.25228400008176183
11873,14796,14797,2,1,0.77163070374118559
11874,14797,14798,1,0,0.071368210553128295
11875,14798,14799,5,0,0.17263736608550015
11876,14799,14800,4,0,0.15099132484545899
11877,14802,14803,3,0,0.32115310125796287
11878,14803,14804,3,0,0.19781852419469806
11879,14804,14805,5,1,0.1666500249888552
11880,14806,14807,4,0,0.16866386426999191
11881,14808,14809,5,1,0.22381411773493676
11882,14809,14810,3,1,0.72415830944693804
11883,14810,14811,3,0,0.39294170993550415
11884,14812,14813,3,1,0.26570629909860893
11885,14813,14814,2,0,0.16257870443703951
11886,14815,14816,4,0,0.078430259502926189
11887,14816,14817,1,0,0.11052317109487526
11888,14817,14818,2,0,0.19471767200365556
11889,14819,14820,3,0,0.22292437942132934
11890,14820,14821,4,1,0.62032262116443915
11891,14824,14825,4,1,0.71592713278511455
11892,14825,14826,2,1,0.27382430886535392
11893,14826,14827,1,0,0.14140343343263623
11894,14827,14828,1,0,0.078142133701200073
11895,14828,14829,5,0,0.028835593945116006
11896,14829,14830,4,0,0.030711903569358722
11897,14830,14831,4,0,0.24463226790508757
11898,14831,14832,3,0,0.13648267996441604
11899,14832,14833,1,1,0.67303914013691224
11900,14833,14834,4,1,0.63427327601564554
11901,14836,14837,4,1,0.20287459956942291
11902,14837,14838,3,0,0.081343771342942892
11903,14838,14839,5,0,0.17647173702188856
11904,14839,14840,4,0,0.16397318406300065
11905,14840,14841,3,0,0.19945796796355544
11906,14841,14842,1,0,0.16578004769784024
11907,14842,14843,1,1,0.56184489739888055
11908,14843,14844,2,1,0.26859377033580306
11909,14844,14845,1,0,0.053751122022763165
11910,14845,14846,1,0,0.12381626660003449
11911,14846,14847,1,1,0.35600874124496407
11912,14847,14848,3,0,0.051127954066379398
11913,14848,14849,4,0,0.1100910558660953
11914,14849,14850,3,0,0.080850771340257838
11915,14850,14851,1,0,0.12324764430835268
11916,14851,14852,3,0,0.090562609920717602
11917,14852,14853,2,0,0.10784772699027535
11918,14853,14854,2,0,0.082288274036047826
11919,14854,14855,4,0,0.15581488155976364
11920,14856,14857,3,0,0.16285023999840881
11921,14857,14858,1,0,0.25307735512642071
11922,14858,14859,5,0,0.3647415868897399
11923,14859,14860,2,0,0.18932584116932044
11924,14861,14862,2,1,0.83233302695341504
11925,14863,14864,4,0,0.13993223380844316
11926,14865,14866,1,1,0.29475814574114162
11927,14866,14867,2,0,0.05376668588971166
11928,14867,14868,2,1,0.18954555210185209
11929,14868,14869,4,0,0.070075130518696419
11930,14869,14870,3,0,0.18976279198178875
11931,14870,14871,5,0,0.14826132403934503
11932,14871,14872,5,0,0.10104735833800368
11933,14872,14873,2,1,0.26187130576970075
11934,14874,14875,5,0,0.20033435766163718
11935,14875,14876,5,0,0.24895424418700601
11936,14876,14877,3,0,0.0292219898174432
11937,14877,14878,4,0,0.13753132465616
11938,14878,14879,2,0,0.16499137630544233
11939,14880,14881,5,0,0.64174930840376865
11940,14885,14886,1,0,0.19353043411638987
11941,14886,14887,5,0,0.15784096325205421
11942,14887,14888,5,1,0.28248744810316723
11943,14889,14890,5,0,0.053013543392714961
11944,14891,14892,5,1,0.74752819547996119
11945,14892,14893,4,0,0.057702050062388661
11946,14893,14894,4,0,0.75640060039527124
11947,14894,14895,1,0,0.12376998229387666
11948,14895,14896,4,0,0.057868343133607031
11949,14896,14897,4,0,0.074320703758780124
11950,14897,14898,3,1,0.41811499097147675
11951,14898,14899,4,0,0.40204205791652026
11952,14900,14901,1,0,0.26075808566570685
11953,14901,14902,3,0,0.11030609759392104
11954,14903,14904,5,0,0.1143770122049651
11955,14904,14905,5,0,0.050556482865157945
11956,14905,14906,3,0,0.12919688229105666
11957,14906,14907,5,0,0.2640625455877485
11958,14907,14908,5,0,0.049581429587033952
11959,14908,14909,5,0,0.33022793475909235
11960,14909,14910,3,0,0.11624504790821256
11961,14910,14911,4,0,0.024530244503893451
11962,14912,14913,5,1,0.3651281003076966
11963,14913,14914,1,1,0.059255684527895945
11964,14916,14917,2,0,0.046828879837020339
11965,14917,14918,3,0,0.26319196194052019
11966,14918,14919,4,1,0.16476867181990376
11967,14920,14921,2,1,0.19340939447524308
11968,14921,14922,2,0,0.037626777139625249
11969,14923,14924,2,0,0.33152707776656681
11970,14925,14926,4,0,0.024785264872138422
11971,14928,14929,5,0,0.2107754181696459
11972,14929,14930,5,0,0.35958519991263532
11973,14930,14931,5,0,0.12775843045453569
11974,14931,14932,2,0,0.21661756032570198
11975,14932,14933,5,0,0.64840268455175054
11976,14933,14934,5,0,0.031328899457503098
11977,14934,14935,4,0,0.0463519001398865
11978,14935,14936,4,0,0.16461932795866729
11979,14937,14938,5,0,0.75284991172092286
11980,14938,14939,4,0,0.025813438196206216
11981,14939,14940,1,0,0.11865044391309915
11982,14941,14942,4,1,0.53704565888825562
11983,14942,14943,4,0,0.23833799219411095
11984,14943,14944,1,0,0.17608996906433785
11985,14946,14947,2,0,0.12258422027665225
11986,14947,14948,3,0,0.25285845258777562
11987,14948,14949,4,0,0.17124171361700471
11988,14949,14950,1,0,0.15489266366773605
11989,14950,14951,5,1,0.86909457638854959
11990,14951,14952,4,0,0.48894329340772313
11991,14952,14953,5,0,0.35212494584945614
11992,14953,14954,3,0,0.14939515990537697
11993,14954,14955,4,0,0.71539331514121918
11994,14957,14958,5,0,0.19031695480607458
11995,14958,14959,1,0,0.038123720919871477
11996,14960,14961,3,0,0.040382567987867893
11997,14962,14963,4,0,0.092963620142369849
11998,14963,14964,4,0,0.093581706494471076
11999,14964,14965,2,0,0.23482251478597904
12000,14966,14967,1,0,0.056196623564493453
12001,14968,14969,1,0,0.28517289822712183
12002,14970,14971,1,0,0.076623392070891444
12003,14972,14973,1,0,0.36788637307093008
12004,14974,14975,5,0,0.1046577688694748
12005,14976,14977,3,1,0.76894142146652511
12006,14977,14978,4,0,0.13660632077929138
12007,14978,14979,3,1,0.15727968967865452
12008,14979,14980,2,1,0.62425374023441338
12009,14981,14982,4,1,0.15372896299386174
12010,14982,14983,4,0,0.032257794038358302
12011,14983,14984,3,0,0.072533072835586937
12012,14984,14985,5,0,0.12054057180710648
12013,14985,14986,4,0,0.18170058988043514
12014,14986,14987,1,0,0.46180818357421849
12015,14987,14988,2,0,0.078727932213278173
12016,14988,14989,4,1,0.21387927572798393
12017,14990,14991,5,1,0.33968574883686253
12018,14991,14992,3,0,0.17435440040646585
12019,14992,14993,2,0,0.22342996933971734
12020,14993,14994,3,0,0.16309394019888415
12021,14994,14995,4,0,0.0897305851432912
12022,14996,14997,3,0,0.078215830810483097
12023,14997,14998,3,0,0.11359395491386874
12024,14998,14999,4,0,0.070029407145466127
12025,14999,15000,1,0,0.11820890777610972
12026,15000,15001,3,1,0.16732287660632911
12027,15001,15002,2,0,0.094002963729516456
12028,15002,15003,2,0,0.052707435535652693
12029,15003,15004,5,0,0.17942396091664536
12030,15004,15005,3,0,0.038642035571192335
12031,15005,15006,1,0,0.44010827947757653
12032,15006,15007,2,0,0.13590600574503944
12033,15007,15008,1,0,0.027987741819519685
12034,15008,15009,3,1,0.56842577802802208
12035,15009,15010,1,0,0.3859338461536812
12036,15010,15011,1,0,0.16263718444506456
12037,15011,15012,1,0,0.45750594604420131
12038,15012,15013,2,0,0.10672026460324946
12039,15013,15014,4,0,0.58357709717133688
12040,15014,15015,2,0,0.16396072442271156
12041,15015,15016,3,0,0.12774269502965385
12042,15017,15018,2,0,0.25022099143915238
12043,15019,15020,5,0,0.061561893405145979
12044,15021,15022,3,0,0.050074937763276463
12045,15022,15023,2,0,0.16508285821232191
12046,15023,15024,4,0,0.10132520640463706
12047,15025,15026,3,0,0.23687609300783591
12048,15026,15027,5,0,0.1433311803611716
12049,15027,15028,1,0,0.028935302965637164
12050,15029,15030,1,0,0.098362102624418538
12051,15031,15032,3,0,0.084934414399973512
12052,15032,15033,1,1,0.30022256511070472
12053,15034,15035,2,1,0.13317921090810569
12054,15035,15036,1,1,0.35101267754258453
12055,15036,15037,4,0,0.080038709793967308
12056,15038,15039,1,0,0.093393605196414667
12057,15039,15040,3,0,0.1166115789015084
12058,15040,15041,1,0,0.070115646198222636
12059,15042,15043,2,0,0.2211361273205304
12060,15043,15044,2,0,0.18564474950059423
12061,15044,15045,3,0,0.052301941300363662
12062,15045,15046,2,0,0.15724280262921819
12063,15046,15047,1,0,0.14767135124374334
12064,15047,15048,3,0,0.071854186104477635
12065,15049,15050,5,0,0.14396902398019557
12066,15050,15051,1,0,0.13554008547889132
12067,15052,15053,3,1,0.34662486920850943
12068,15053,15054,1,0,0.20207581896338786
12069,15054,15055,2,1,0.068423514826999723
12070,15055,15056,3,1,0.16557649689481319
12071,15057,15058,5,0,0.088016276212579569
12072,15058,15059,3,1,0.10603002466391533
12073,15059,15060,3,0,0.098093836103442481
12074,15060,15061,5,1,0.37968431448784828
12075,15061,15062,4,0,0.19587287304459769
12076,15062,15063,2,1,0.72037131057810233
12077,15063,15064,2,0,0.12199054784700369
12078,15064,15065,1,0,0.060090348557914577
12079,15065,15066,4,0,0
12080,15067,15068,3,0,0.17136153777747209
12081,15068,15069,4,0,0.15487446201964977
12082,15069,15070,1,0,0.12758028085383349
12083,15070,15071,2,0,0.27375678336249959
12084,15071,15072,3,1,0.37080746390943697
12085,15072,15073,3,0,0.27473021557750682
12086,15073,15074,3,0,0.094286930646921813
12087,15076,15077,2,1,0.52522669309720416
12088,15077,15078,1,0,0.12434248807646135
12089,15078,15079,3,0,0.076449515964017334
12090,15079,15080,1,0,0.11261227137832898
12091,15080,15081,4,0,0.064174786566162101
12092,15081,15082,4,0,0.16293333525410428
12093,15082,15083,2,0,0.13477422025200875
12094,15086,15087,4,1,0.69804599629740072
12095,15087,15088,4,0,0.3774347115945953
12096,15090,15091,3,0,0.35977692297959407
12097,15091,15092,1,0,0.036796340398838612
12098,15092,15093,2,0,0.10524731687038619
12099,15093,15094,3,0,0.094099889811749174
12100,15094,15095,1,1,0.27821893559147665
12101,15095,15096,4,1,0.33770443114189308
12102,15097,15098,1,0,0.12187446734172025
12103,15098,15099,4,0,0.37419832592217828
12104,15099,15100,5,0,0.12569491771848643
12105,15100,15101,3,1,0.64549027222767763
12106,15103,15104,5,0,0.0083646541278600533
12107,15105,15106,2,0,0.14621408959667659
12108,15106,15107,1,0,0.12036346720487427
12109,15107,15108,3,0,0.048635080303064217
12110,15108,15109,4,0,0.11276760403045417
12111,15109,15110,2,0,0.37558797910795905
12112,15111,15112,2,1,0.76339684195496937
12113,15113,15114,4,0,0.47740780956134982
12114,15114,15115,2,0,0.18814411588073943
12115,15115,15116,4,1,0.15746560587472078
12116,15116,15117,1,0,0.21097624261712855
12117,15118,15119,5,0,0.1555120377375607
12118,15120,15121,2,0,0.1183734864885478
12119,15121,15122,4,0,0.18359519435103255
12120,15123,15124,5,1,0.20049581064044353
12121,15124,15125,4,0,0.093173640642757613
12122,15125,15126,4,0,0.018929091372302923
12123,15126,15127,2,1,0.53098994228034913
12124,15127,15128,2,0,0.13211213355834125
12125,15128,15129,3,0,0.35926006626866497
12126,15129,15130,4,0,0.077134972674309077
12127,15130,15131,1,0,0.15076137628568345
12128,15131,15132,2,0,0.24348570519093124
12129,15132,15133,3,0,0.11785061602870095
12130,15133,15134,5,0,0.14760694438500185
12131,15134,15135,2,0,0.25417521552172329
12132,15135,15136,1,0,0.15923095168382784
12133,15136,15137,4,0,0.4128067796399289
12134,15137,15138,5,0,0.28971772200850243
12135,15138,15139,3,1,0.78460588560088529
12136,15140,15141,1,1,0.22762101049951983
12137,15141,15142,1,0,0.075309729058966379
12138,15145,15146,4,0,0.085478026430372181
12139,15146,15147,2,1,0.52366832452752188
12140,15147,15148,5,0,0.036488387215441641
12141,15148,15149,5,1,0.35487464526294105
12142,15149,15150,5,0,0.10758573465901139
12143,15150,15151,4,0,0.15584101200352241
12144,15152,15153,2,0,0.41518360968848406
12145,15153,15154,4,1,0.27432442152995956
12146,15154,15155,2,1,0.56270798471057037
12147,15155,15156,3,1,0.13339065900217364
12148,15157,15158,5,0,0.12574049131665624
12149,15158,15159,3,0,0.092195481420594194
12150,15162,15163,4,0,0.063472174016706781
12151,15163,15164,5,0,0.077549693716725543
12152,15164,15165,3,0,0.17196965976807926
12153,15165,15166,5,0,0.19106617059317613
12154,15168,15169,3,0,0.19036103123653453
12155,15169,15170,5,1,0.64769583924275276
12156,15171,15172,4,0,0.046493667493541203
12157,15172,15173,1,1,0.20535019595683168
12158,15173,15174,5,0,0.25200272919035283
12159,15174,15175,2,0,0.19824409877522539
12160,15175,15176,1,0,0.12602463676406711
12161,15176,15177,2,0,0.10762697107250065
12162,15178,15179,3,0,0.090694442841522602
12163,15179,15180,5,1,0.58717013390076178
12164,15181,15182,1,0,0.18059286112454156
12165,15182,15183,4,0,0.13172626210234925
12166,15184,15185,2,0,0.69583948849017874
12167,15185,15186,4,0,0.79989638505243443
12168,15186,15187,4,0,0.097021040144068288
12169,15187,15188,4,0,0.27066315686253006
12170,15188,15189,1,0,0.050413596323617665
12171,15189,15190,3,1,0.31910079720748913
12172,15190,15191,3,0,0.76848147003957468
12173,15192,15193,1,0,0.10884204513724439
12174,15193,15194,5,1,0.6629195835458126
12175,15194,15195,4,0,0.099735424745354614
12176,15196,15197,1,0,0.053834748481498565
12177,15198,15199,3,0,0.034967769810886958
12178,15199,15200,5,0,0.14894514584729626
12179,15202,15203,4,0,0.21732041276347347
12180,15203,15204,1,0,0.10117925184948072
12181,15204,15205,5,0,0.083248475446158987
12182,15205,15206,2,0,0.22097290613716569
12183,15206,15207,2,0,0.21845152895931022
12184,15207,15208,1,1,0.26825504946930623
12185,15209,15210,4,0,0.37144305337715955
12186,15210,15211,1,0,0.18830675624543536
12187,15211,15212,4,0,0.20100820175339346
12188,15213,15214,5,0,0.13795846859105632
12189,15214,15215,5,0,0.19437610490203253
12190,15215,15216,5,0,0.094284311430540474
12191,15216,15217,5,0,0.17507407307071973
12192,15217,15218,1,0,0.16845480090868736
12193,15218,15219,2,0,0.38453655821434379
12194,15219,15220,3,0,0.18844591036732064
12195,15220,15221,5,0,0.23869713742214058
12196,15221,15222,1,0,0.073897650457509567
12197,15222,15223,2,0,0.04134764459995223
12198,15226,15227,3,1,0.62529551796922944
12199,15227,15228,1,0,0.017943476525362802
12200,15229,15230,3,0,0.085063371717140263
12201,15230,15231,1,0,0.19506816003929212
12202,15231,15232,3,1,0.56094913349149855
12203,15232,15233,1,0,0.14830216582707861
12204,15233,15234,1,0,0.37113749430578968
12205,15234,15235,3,1,0.22694582258038823
12206,15235,15236,4,0,0.11373525406856705
12207,15236,15237,3,1,0.56046269553146377
12208,15237,15238,2,0,0.053240687144016162
12209,15238,15239,2,0,0.022971910573096815
12210,15239,15240,5,0,0.24267077880746843
12211,15240,15241,3,0,0.30501755491947918
12212,15241,15242,2,0,0.15986825391521212
12213,15243,15244,2,0,0.025557544706041307
12214,15244,15245,1,0,0.4003951810358406
12215,15245,15246,2,0,0.08512030705070002
12216,15246,15247,5,0,0.037102572393244167
12217,15247,15248,3,0,0.20394999370410857
12218,15248,15249,5,0,0.018131631188772399
12219,15250,15251,4,0,0.69349141118724855
12220,15251,15252,4,0,0.58597352666160007
12221,15252,15253,2,1,0.12773635364409677
12222,15254,15255,5,0,0.11425285341018018
12223,15256,15257,3,0,0.18692110987337715
12224,15257,15258,4,0,0.10222484773676564
12225,15259,15260,2,0,0.20720806680836032
12226,15260,15261,4,0,0.11937357518260196
12227,15261,15262,5,0,0.11709157988496033
12228,15262,15263,2,0,0.11229449085484366
12229,15264,15265,1,1,0.12403325549480078
12230,15266,15267,3,0,0.062212559474320674
12231,15268,15269,1,0,0.043280192060487242
12232,15269,15270,3,0,0.14588193127341481
12233,15271,15272,4,0,0.2332140995264623
12234,15272,15273,1,0,0.13314893883469395
12235,15273,15274,2,0,0.15118105490593231
12236,15274,15275,3,1,0.062771243649289446
12237,15275,15276,5,0,0.23900008682411367
12238,15276,15277,1,0,0.022601537829706277
12239,15277,15278,3,0,0.047147358006860651
12240,15278,15279,2,0,0.20876921209755814
12241,15280,15281,1,0,0.037500241755432366
12242,15281,15282,3,0,0.049267612220241744
12243,15283,15284,4,0,0.15847654309278278
12244,15285,15286,4,0,0.043269435412645905
12245,15286,15287,3,0,0.039755522765489777
12246,15287,15288,4,0,0.36534394064786008
12247,15289,15290,5,1,0.26230182098019877
12248,15290,15291,4,0,0.035493614442100828
12249,15291,15292,3,0,0.087379783287647048
12250,15292,15293,3,0,0.083578776225297316
12251,15293,15294,5,0,0.19627302578377084
12252,15294,15295,4,0,0.15900701401532316
12253,15295,15296,2,1,0.68023697267744176
12254,15297,15298,3,0,0.11572751059523773
12255,15298,15299,3,0,0.18406834673106226
12256,15299,15300,1,0,0.063705332563479461
12257,15301,15302,2,0,0.099378692348885675
12258,15302,15303,4,1,0.1987515048316961
12259,15305,15306,5,0,0.21121620406972738
12260,15306,15307,4,1,0.38290701721176157
12261,15307,15308,2,0,0.14300602431415266
12262,15310,15311,1,0,0.44487411651089953
12263,15313,15314,5,0,0.11063524441788637
12264,15314,15315,1,0,0.038594601788535181
12265,15315,15316,5,0,0.14240077777727947
12266,15317,15318,3,0,0.2024563259189264
12267,15318,15319,1,0,0.064923529650535369
12268,15319,15320,3,0,0.07099018727959798
12269,15320,15321,3,1,0.25049816820268833
12270,15321,15322,4,0,0.019044286580201592
12271,15322,15323,5,0,0.16032054291480577
12272,15323,15324,2,0,0.084125279678167852
12273,15324,15325,3,1,0.22522202390978449
12274,15325,15326,2,0,0.069349377218365885
12275,15326,15327,4,0,0.1180264048698932
12276,15327,15328,5,0,0.092171794110885122
12277,15328,15329,4,0,0.15885298434246528
12278,15329,15330,5,0,0.083015927337725615
12279,15331,15332,4,1,0.25678113069604708
12280,15332,15333,4,0,0.020128913579185094
12281,15333,15334,3,0,0.20627686651393304
12282,15334,15335,3,0,0.026040134695382355
12283,15335,15336,2,0,0.13651217806508034
12284,15337,15338,2,0,0.047473991086092029
12285,15338,15339,5,0,0.12504083389150164
12286,15339,15340,4,1,0.45339703007565652
12287,15340,15341,1,0,0.11499202809263179
12288,15341,15342,1,0,0.049081647816514286
12289,15342,15343,4,0,0.3379369722901317
12290,15343,15344,1,0,0.11433560466190716
12291,15344,15345,5,0,0.23870367902795825
12292,15345,15346,4,0,0.087591283843987969
12293,15346,15347,2,0,0.041573081411780018
12294,15347,15348,5,0,0.16564436399014906
12295,15349,15350,1,0,0.088344816463445441
12296,15350,15351,4,1,0.77925178222911118
12297,15351,15352,5,0,0.32485919231323873
12298,15353,15354,1,0,0.55119976192735987
12299,15354,15355,1,0,0.11913725013010387
12300,15355,15356,2,0,0.035390071500696299
12301,15356,15357,3,0,0.13095994088123847
12302,15357,15358,1,0,0.64419755463821315
12303,15358,15359,4,0,0.034628007916074802
12304,15359,15360,2,0,0.2057950100791871
12305,15361,15362,1,0,0.1894276029900078
12306,15363,15364,5,0,0.13387767663722738
12307,15364,15365,3,0,0.14762014345438243
12308,15365,15366,2,1,0.49026465472230979
12309,15366,15367,1,0,0.061846355260478901
12310,15368,15369,2,1,0.48804935397249122
12311,15369,15370,2,0,0.23702072294108273
12312,15370,15371,1,0,0.031784327268601864
12313,15371,15372,1,0,0.15325906272088158
12314,15372,15373,2,0,0.037289961178841126
12315,15374,15375,2,0,0.036837007800485745
12316,15376,15377,2,0,0.0075416021346233555
12317,15377,15378,3,0,0.25113986926916199
12318,15378,15379,2,0,0.25591583958867353
12319,15379,15380,3,0,0.035320500721295993
12320,15380,15381,5,0,0.057847078995577346
12321,15381,15382,3,0,0.079916144216137408
12322,15382,15383,4,0,0.37196795719710229
12323,15383,15384,1,1,0.68424451645170803
12324,15384,15385,3,0,0.047040531847887902
12325,15388,15389,1,0,0.041643641781181066
12326,15389,15390,2,0,0.018344584244687431
12327,15390,15391,1,0,0.17922126211335629
12328,15391,15392,3,0,0.0077325277653860327
12329,15392,15393,3,1,0.075774091512655198
12330,15394,15395,4,0,0.27320265119524145
12331,15395,15396,3,0,0.11433850056372974
12332,15396,15397,2,0,0.082197119527260359
12333,15398,15399,3,1,0.119218756625734
12334,15401,15402,5,1,0.18333307531096543
12335,15403,15404,4,0,0.14071604142717239
12336,15404,15405,5,0,0.18350254849801553
12337,15406,15407,5,0,0.60698261379616059
12338,15408,15409,3,0,0.060597817738478298
12339,15409,15410,4,0,0.12791596027951344
12340,15410,15411,1,0,0.10423013120912848
12341,15411,15412,1,0,0.37280935236772034
12342,15412,15413,1,0,0.12614059320324078
12343,15413,15414,4,0,0.11549205849107247
12344,15414,15415,4,1,0.21746078080916709
12345,15415,15416,5,0,0.10409189988220474
12346,15417,15418,5,0,0.63438469485035387
12347,15418,15419,2,0,0.088050689278331692
12348,15419,15420,2,0,0.24241915083229235
12349,15420,15421,1,0,0.19547378679226241
12350,15426,15427,1,1,0.17093922113705012
12351,15427,15428,3,1,0.85696272863915934
12352,15428,15429,3,0,0.14396500853911876
12353,15429,15430,1,0,0.15428991161265843
12354,15430,15431,2,0,0.16625252400228213
12355,15431,15432,5,0,0.07791521878986872
12356,15432,15433,2,0,0.11024883169371495
12357,15433,15434,3,0,0.0170050167052626
12358,15434,15435,1,0,0.10167958466267553
12359,15435,15436,5,0,0.23616613078084012
12360,15436,15437,4,0,0.15358311967387114
12361,15437,15438,5,0,0.23164450253521721
12362,15438,15439,5,0,0.32608167462544968
12363,15439,15440,2,1,0.35602929220769131
12364,15440,15441,5,0,0.14454753161119538
12365,15441,15442,5,1,0.099618876388480715
12366,15442,15443,1,0,0.13493041950275328
12367,15443,15444,3,1,0.52691361722396513
12368,15444,15445,4,0,0.17588708195172695
12369,15445,15446,3,0,0.38737576835904453
12370,15446,15447,3,0,0.16148298572564568
12371,15447,15448,2,1,0.32179945277506916
12372,15448,15449,2,0,0.23385165840788405
12373,15450,15451,3,0,0.18080361348311474
12374,15451,15452,2,0,0
12375,15453,15454,3,0,0.11605463190708751
12376,15455,15456,3,0,0.44990011585499445
12377,15456,15457,5,0,0.031708564887882651
12378,15458,15459,1,0,0
12379,15459,15460,3,0,0.33523666069932956
12380,15461,15462,5,0,0.30779239965991806
12381,15463,15464,4,0,0.0084055966533017785
12382,15465,15466,2,0,0.17781769547060156
12383,15466,15467,2,0,0.69787083261102334
12384,15467,15468,4,0,0.077131952589437447
12385,15470,15471,3,0,0.036372493851664918
12386,15471,15472,1,1,0.16032723182054331
12387,15472,15473,4,0,0.066073153160846637
12388,15473,15474,4,0,0.11562199960978956
12389,15474,15475,4,0,0.059721714284160198
12390,15475,15476,3,1,0.54252808963786703
12391,15476,15477,3,0,0.24966447504916911
12392,15477,15478,2,0,0.10182324007872894
12393,15479,15480,3,0,0.21591046900235517
12394,15480,15481,1,1,0.64397580120366726
12395,15481,15482,2,1,0.026796402081984364
12396,15483,15484,3,0,0.18455723121622358
12397,15484,15485,3,0,0.41077496180369372
12398,15485,15486,1,0,0.051104220607315384
12399,15486,15487,4,0,0.056308704616036723
12400,15487,15488,2,1,0.32085501732513377
12401,15488,15489,3,1,0.16496816987973281
12402,15489,15490,5,0,0.19598128277122531
12403,15490,15491,5,1,0.27654155915612894
12404,15492,15493,3,1,0.15914375632541222
12405,15493,15494,4,0,0.13934671621730671
12406,15494,15495,3,1,0.15606144161279625
12407,15495,15496,3,0,0.70259910358959499
12408,15496,15497,3,0,0.16991741169447885
12409,15498,15499,2,0,0.18448968398966167
12410,15499,15500,4,0,0.37104122341475754
12411,15500,15501,5,1,0.59897343234988465
12412,15501,15502,3,0,0.17624092295637214
12413,15502,15503,4,0,0.18966266921133368
12414,15503,15504,3,1,0.039256858733897858
12415,15504,15505,2,0,0.38010863168332576
12416,15505,15506,1,0,0.57339773293921059
12417,15507,15508,2,0,0.042180679920906239
12418,15508,15509,3,0,0.25155233530280069
12419,15509,15510,1,0,0.15992528260882194
12420,15510,15511,1,0,0.12377941197818781
12421,15511,15512,5,0,0.19251720432987651
12422,15512,15513,3,1,0.74746613733131262
12423,15514,15515,4,0,0.058644526111421465
12424,15515,15516,1,1,0.1325876418000049
12425,15516,15517,2,1,0.16865134610622973
12426,15517,15518,1,1,0.58941101083007907
12427,15518,15519,5,0,0.14978135844456078
12428,15521,15522,2,0,0.24352082796830024
12429,15522,15523,4,0,0.36827083134690602
12430,15524,15525,2,0,0.28177078030976427
12431,15526,15527,2,1,0.16460362716781934
12432,15528,15529,3,0,0.13283816806964183
12433,15530,15531,3,0,0.077728114585693175
12434,15532,15533,5,1,0.4317526100162139
12435,15533,15534,5,0,0.068489460769725938
12436,15534,15535,4,0,0.06900583765175243
12437,15535,15536,4,0,0.17082653747161569
12438,15536,15537,1,1,0.6861991510541422
12439,15537,15538,2,0,0.19998398083119662
12440,15538,15539,5,0,0.11181317010317193
12441,15539,15540,2,0,0.10211729835832385
12442,15540,15541,1,0,0.077898627126159595
12443,15542,15543,3,1,0.30028546551290386
12444,15543,15544,3,0,0.48968900016081979
12445,15544,15545,1,1,0.64704701178271129
12446,15546,15547,4,0,0.10689961172450403
12447,15547,15548,2,0,0.14843190544841095
12448,15549,15550,1,0,0.03652767015620273
12449,15550,15551,3,0,0.60981036300466396
12450,15551,15552,1,1,0.17933223662264411
12451,15552,15553,3,0,0.043432478315638172
12452,15553,15554,4,0,0.046599491249204268
12453,15554,15555,1,0,0.074465491713469556
12454,15555,15556,3,1,0.54869392973501796
12455,15556,15557,5,0,0.14597874656094437
12456,15558,15559,3,1,0.70051866470329449
12457,15559,15560,1,0,0.13281969581298819
12458,15560,15561,1,0,0.081004210146046265
12459,15561,15562,5,0,0.1265323942709389
12460,15562,15563,3,0,0.048778248922679672
12461,15563,15564,3,1,0.61310954767848824
12462,15564,15565,4,0,0.17602010856995223
12463,15565,15566,5,0,0.22159814791532542
12464,15566,15567,2,1,0.13156712347534696
12465,15567,15568,3,0,0.080919112776126817
12466,15569,15570,5,0,0.041905467850338059
12467,15570,15571,2,0,0.70954413109457926
12468,15571,15572,4,0,0.13173915614564369
12469,15572,15573,1,0,0.20648804146481192
12470,15574,15575,1,1,0.16527966880028164
12471,15575,15576,3,1,0.20572210620589759
12472,15576,15577,1,0,0.057773854040261988
12473,15577,15578,1,0,0.21255860156384554
12474,15578,15579,2,0,0.10638715416981107
12475,15579,15580,1,1,0.13678649283457178
12476,15580,15581,5,1,0.59397587033673638
12477,15581,15582,1,0,0.18735559265460194
12478,15582,15583,4,0,0.075715205254464124
12479,15583,15584,3,1,0.35314549307866272
12480,15584,15585,3,0,0.045567329732773602
12481,15585,15586,5,1,0.76101529066879192
12482,15587,15588,3,0,0.20080471733351052
12483,15589,15590,1,0,0.02818065759532893
12484,15591,15592,3,0,0.067224736153726164
12485,15592,15593,1,0,0.19698057349019321
12486,15594,15595,2,0,0.17306146199946562
12487,15595,15596,3,0,0.056464494647251472
12488,15597,15598,3,1,0.57982568279690538
12489,15598,15599,1,0,0.66283394712643773
12490,15600,15601,4,0,0.13393665508503852
12491,15601,15602,3,0,0.16384910011751747
12492,15602,15603,1,1,0.37545384970591378
12493,15604,15605,2,0,0.15661411353230709
12494,15605,15606,4,0,0.10892781882172556
12495,15606,15607,5,1,0.073498275785090314
12496,15607,15608,2,0,0.059977128208958973
12497,15608,15609,1,0,0.11041968400952507
12498,15609,15610,4,0,0.1244433009816089
12499,15610,15611,2,0,0.18105715329820646
12500,15611,15612,1,0,0.17889174584954007
12501,15612,15613,5,0,0.11262706618114954
12502,15614,15615,1,0,0.66190055257736291
12503,15616,15617,2,0,0.15441676882872041
12504,15619,15620,3,0,0.097125731809115545
12505,15620,15621,2,0,0.12772355199623645
12506,15622,15623,2,0,0.066825886620724861
12507,15623,15624,3,0,0.31757147201348296
12508,15624,15625,3,1,0.10914679747449429
12509,15625,15626,5,0,0.18239720090366396
12510,15626,15627,1,0,0.2830414108017506
12511,15627,15628,2,0,0.083855460459787493
12512,15628,15629,5,0,0.25183860901672345
12513,15629,15630,4,0,0.25895307683420299
12514,15630,15631,3,0,0.05498681934357981
12515,15631,15632,4,0,0.051928793870998607
12516,15632,15633,5,1,0.16283838322562888
12517,15633,15634,1,0,0.029418344882133348
12518,15634,15635,5,0,0.019274343207111952
12519,15636,15637,2,0,0.067567201279803507
12520,15637,15638,3,0,0.10944856853191921
12521,15638,15639,4,1,0.12711693086335826
12522,15640,15641,4,0,0.065601132481125507
12523,15642,15643,2,0,0.1069221624834391
12524,15643,15644,5,0,0.019282782938116756
12525,15644,15645,1,0,0.17780001485481137
12526,15645,15646,2,0,0.35210437107374187
12527,15646,15647,5,0,0.021116108491816835
12528,15647,15648,2,0,0.083008067413925468
12529,15648,15649,3,0,0.065073723469356068
12530,15649,15650,3,0,0.19148331191710982
12531,15650,15651,4,0,0.05977681425079108
12532,15651,15652,3,0,0.51491855917851159
12533,15652,15653,3,0,0.074190884200910689
12534,15655,15656,4,1,0.18114960475549508
12535,15656,15657,3,0,0.017905404817784184
12536,15657,15658,5,0,0.035324363599598195
12537,15658,15659,5,0,0.10140282261357064
12538,15661,15662,5,0,0.12532564393287815
12539,15662,15663,3,0,0.08127363751562032
12540,15663,15664,3,1,0.3503933678886692
12541,15664,15665,5,0,0.1085172444915455
12542,15665,15666,2,0,0.097678865228004591
12543,15667,15668,5,0,0.12527945232614721
12544,15668,15669,1,0,0.0699543947991111
12545,15670,15671,4,0,0.080621951041797049
12546,15671,15672,4,1,0.63959419925976913
12547,15672,15673,1,1,0.65553857723256059
12548,15673,15674,1,0,0.26692957801764178
12549,15675,15676,3,1,0.24062436897292874
12550,15676,15677,4,0,0.06871075723352825
12551,15677,15678,2,0,0.52071926370511668
12552,15678,15679,4,0,0.11288571383391199
12553,15679,15680,2,0,0.18418140600133481
12554,15680,15681,4,0,0.062483591961772125
12555,15682,15683,2,0,0.040106049969722689
12556,15684,15685,2,0,0.088643282843250987
12557,15685,15686,2,0,0
12558,15686,15687,3,0,0.10770608948621238
12559,15687,15688,5,0,0.16489378088998846
12560,15688,15689,4,1,0.028618196459779043
12561,15689,15690,4,1,0.1570185771465297
12562,15691,15692,5,1,0.14746958373310129
12563,15694,15695,5,0,0.19537843480235431
12564,15695,15696,5,0,0.1687816125337854
12565,15696,15697,4,1,0.14693791274013726
12566,15698,15699,2,0,0.061389800611229985
12567,15700,15701,5,1,0.26491853045104702
12568,15701,15702,5,0,0.20156773641706174
12569,15704,15705,2,0,0.12793991800252466
12570,15706,15707,4,0,0.11655557255173124
12571,15707,15708,2,0,0.36805391157480266
12572,15708,15709,2,0,0.026030667304279692
12573,15709,15710,3,0,0.061345510337103705
12574,15710,15711,5,0,0.19595816831185839
12575,15711,15712,3,0,0.099254998607603631
12576,15713,15714,3,0,0.088640228960063003
12577,15714,15715,1,0,0.059305223712202031
12578,15715,15716,3,0,0.14418553242099169
12579,15716,15717,4,0,0.14713358123516981
12580,15718,15719,1,1,0.68454560722660607
12581,15719,15720,4,0,0.099129710626852857
12582,15721,15722,5,0,0.22154373925884982
12583,15723,15724,3,0,0.14873620719768985
12584,15724,15725,2,0,0.1468156549700261
12585,15725,15726,4,0,0.20320934994157194
12586,15726,15727,5,1,0.59468696189785608
12587,15727,15728,5,0,0.16297316836859546
12588,15729,15730,3,1,0.17369112892566516
12589,15732,15733,1,0,0.35815960527087159
12590,15733,15734,2,0,0.20287821501345341
12591,15734,15735,1,0,0.10367058138804183
12592,15735,15736,4,1,0.37580346214922639
12593,15736,15737,4,0,0.076470068745479847
12594,15737,15738,1,0,0.11380877661790124
12595,15738,15739,3,0,0.092007976963525084
12596,15739,15740,2,0,0.2045969859660641
12597,15740,15741,3,0,0.56436895389858743
12598,15741,15742,1,0,0.10765351720939988
12599,15742,15743,5,0,0.08481002000022754
12600,15744,15745,3,1,0.45002800301146206
12601,15745,15746,2,0,0.084618256912324469
12602,15746,15747,2,0,0.45851941051726797
12603,15747,15748,4,0,0.41594714384486436
12604,15748,15749,4,0,0.50117696134170309
12605,15749,15750,3,0,0.18918976727103437
12606,15750,15751,2,0,0.19022008980221516
12607,15751,15752,5,1,0.6837043497417965
12608,15753,15754,1,0,0.090921814445994495
12609,15754,15755,4,0,0.095315913638916769
12610,15755,15756,5,0,0.12726511025759918
12611,15756,15757,3,0,0.20398310755456128
12612,15758,15759,2,1,0.6203366878470058
12613,15759,15760,1,0,0.58183077913088233
12614,15760,15761,1,1,0.71825944501656136
12615,15762,15763,2,1,0.56593309595278696
12616,15763,15764,1,0,0.79648493073362658
12617,15765,15766,3,1,0.7788154506405337
12618,15766,15767,2,0,0.51977275432633141
12619,15768,15769,4,1,0.16658515029865079
12620,15770,15771,3,1,0.29716761045415974
12621,15771,15772,1,0,0.18594754558900572
12622,15772,15773,1,1,0.71362189703755052
12623,15773,15774,1,0,0.085129458265720548
12624,15775,15776,2,0,0.14021484123482358
12625,15776,15777,3,0,0.12129125628951405
12626,15778,15779,1,1,0.7131144125696488
12627,15779,15780,4,0,0.075307590543367275
12628,15780,15781,5,0,0.032594774420518807
12629,15781,15782,2,0,0.11010872040372514
12630,15782,15783,2,0,0.2119331931406794
12631,15783,15784,1,0,0.1865274787655955
12632,15785,15786,5,0,0.12301217170785039
12633,15786,15787,3,0,0.16786025405259339
12634,15788,15789,1,1,0.76282504606493862
12635,15789,15790,5,0,0.046304287485692611
12636,15791,15792,1,0,0.080393592051452023
12637,15792,15793,4,1,0.19375753245698951
12638,15795,15796,5,1,0.20998828635005484
12639,15796,15797,2,0,0.09136778085382595
12640,15797,15798,1,0,0.16566635384617895
12641,15798,15799,3,0,0.40548353842408336
12642,15800,15801,4,0,0.41705098255682121
12643,15802,15803,4,0,0.67822885024457802
12644,15803,15804,2,0,0.25854390880723033
12645,15804,15805,2,0,0.17654860199278791
12646,15805,15806,2,0,0.26500013374803366
12647,15807,15808,4,0,0.075485943357654087
12648,15808,15809,5,0,0.53426802713888843
12649,15809,15810,1,0,0.03708776610790427
12650,15811,15812,3,0,0.21782519308959869
12651,15812,15813,4,0,0.11242290411637942
12652,15813,15814,3,1,0.12310009348050265
12653,15814,15815,4,0,0.27940408186267918
12654,15815,15816,2,0,0.34654204006166833
12655,15816,15817,1,0,0.098813984198647717
12656,15817,15818,2,0,0.06193079714536226
12657,15819,15820,2,0,0.26412784448520982
12658,15820,15821,4,0,0.71631708485196777
12659,15822,15823,3,1,0.28631462226820759
12660,15823,15824,5,0,0.69016427751860621
12661,15824,15825,4,0,0.58775634597367732
12662,15825,15826,1,0,0.15534771337954739
12663,15826,15827,4,1,0.63482652647844984
12664,15827,15828,2,0,0.10585510610403071
12665,15828,15829,5,0,0.073112328937957313
12666,15829,15830,5,0,0.12200073693563825
12667,15830,15831,2,0,0.041702574968454184
12668,15831,15832,4,1,0.42845822799600497
12669,15832,15833,2,0,0.13750831951648881
12670,15833,15834,5,0,0.22128744941033252
12671,15834,15835,5,1,0.44971889323337111
12672,15835,15836,4,0,0.35984339419782679
12673,15837,15838,5,0,0.075250066252286626
12674,15838,15839,3,0,0.029787105058659783
12675,15839,15840,2,0,0.36851955104987494
12676,15840,15841,2,0,0.079726829191438822
12677,15841,15842,4,0,0.048567203081154239
12678,15842,15843,5,1,0.62296506315376732
12679,15843,15844,2,1,0.61953073088219124
12680,15844,15845,4,0,0.13456601580435348
12681,15845,15846,3,0,0.15887531624542717
12682,15846,15847,2,1,0.11593504728293387
12683,15849,15850,1,0,0.1919909150700029
12684,15850,15851,1,1,0.64017955922910397
12685,15851,15852,3,0,0.40054332966240874
12686,15852,15853,2,0,0.28632591579938543
12687,15853,15854,3,1,0.76532344092497717
12688,15854,15855,1,0,0.059887329819079675
12689,15855,15856,5,1,0.67193442107256918
12690,15856,15857,4,0,0.44730514593880683
12691,15857,15858,4,0,0.059949260322904721
12692,15858,15859,5,0,0.18833499580553778
12693,15860,15861,4,0,0.051265897274646213
12694,15862,15863,1,1,0.33946509028327504
12695,15863,15864,3,0,0.31299740411089905
12696,15864,15865,4,0,0.24851876564560715
12697,15865,15866,2,0,0.21824607951875497
12698,15866,15867,5,0,0.16802889255359596
12699,15867,15868,5,1,0.67371715108263008
12700,15869,15870,3,0,0.011427056442855641
12701,15870,15871,5,0,0.11632429302659432
12702,15871,15872,4,0,0.78654385882177225
12703,15873,15874,1,0,0.045500810408218156
12704,15874,15875,3,0,0.13037740631495295
12705,15875,15876,3,1,0.344347790752774
12706,15876,15877,2,0,0.084131500363626599
12707,15878,15879,1,1,0.079184048510251737
12708,15879,15880,2,0,0.038887928856272985
12709,15880,15881,3,0,0.051978382789276356
12710,15881,15882,1,0,0.16031444233793538
12711,15883,15884,4,0,0.21984450668652597
12712,15884,15885,1,0,0.14249782534968011
12713,15885,15886,5,0,0.58626667041987668
12714,15891,15892,3,0,0.1423281126510535
12715,15892,15893,3,0,0.12124077935859194
12716,15893,15894,4,0,0.17450680663840987
12717,15894,15895,2,0,0.037669255170909834
12718,15895,15896,4,0,0.32985145409475591
12719,15896,15897,4,1,0.15440852503365907
12720,15898,15899,4,1,0.53582265656017358
12721,15901,15902,5,0,0.076063189803144846
12722,15902,15903,3,1,0.49229783359698909
12723,15903,15904,5,1,0.73132392032680416
12724,15904,15905,2,0,0.096386120145878371
12725,15905,15906,4,0,0.064931824181311062
12726,15907,15908,3,0,0.64052191236374245
12727,15908,15909,1,0,0.17160278579705146
12728,15910,15911,5,0,0.03875473944429101
12729,15911,15912,1,0,0.10232539343024198
12730,15912,15913,5,0,0.10870716978259473
12731,15913,15914,2,1,0.13990539908826813
12732,15914,15915,4,1,0.39510276596062988
12733,15915,15916,1,0,0.19937494085738053
12734,15916,15917,1,1,0.18412115704631957
12735,15917,15918,4,0,0.059102950524112186
12736,15918,15919,2,0,0.070433498986343032
12737,15919,15920,2,0,0.66016412843486749
12738,15920,15921,3,0,0.068288398756892604
12739,15921,15922,1,0,0.084505822783913623
12740,15922,15923,3,1,0.58307813666686703
12741,15924,15925,4,1,0.44300588952488595
12742,15926,15927,3,0,0.020215375600492993
12743,15927,15928,4,0,0.11901559734969548
12744,15928,15929,4,0,0.11893722255131958
12745,15929,15930,3,1,0.73369968974896138
12746,15931,15932,2,0,0.068611018375688712
12747,15932,15933,2,0,0.21283529006988491
12748,15933,15934,5,0,0.12078929367158923
12749,15934,15935,4,0,0.10506874497125947
12750,15936,15937,2,0,0.055101039179937993
12751,15937,15938,5,0,0.66805115664606785
12752,15938,15939,2,0,0.018834472468936093
12753,15939,15940,4,1,0.63489193681888645
12754,15940,15941,1,0,0.19214195903963804
12755,15941,15942,3,0,0.67975995966684777
12756,15942,15943,4,0,0.028682517032536145
12757,15943,15944,5,0,0.16521801059492983
12758,15944,15945,5,0,0.097807481320238518
12759,15946,15947,4,0,0.45132210357809488
12760,15947,15948,4,1,0.79332662764330308
12761,15948,15949,5,0,0.090242889530748868
12762,15949,15950,4,0,0.060759914824055926
12763,15951,15952,3,0,0.18500845686760259
12764,15952,15953,5,0,0.0095165311844941768
12765,15953,15954,2,0,0.14300337931702564
12766,15954,15955,3,1,0.65823089178245608
12767,15956,15957,2,0,0.15909378223510476
12768,15957,15958,5,1,0.60747254551514818
12769,15958,15959,3,0,0.056144175002875059
12770,15959,15960,5,1,0.68081080635592794
12771,15961,15962,1,0,0.21834014750146966
12772,15962,15963,3,0,0.096812299947797387
12773,15963,15964,1,0,0.12161787860633304
12774,15965,15966,2,0,0.19981985423714435
12775,15966,15967,4,0,0.22474355030305262
12776,15967,15968,3,1,0.26284170776988902
12777,15968,15969,5,0,0.27841087097225353
12778,15969,15970,3,1,0.55432197252451598
12779,15970,15971,3,1,0.16382575143191133
12780,15971,15972,1,0,0.026243184677591957
12781,15973,15974,2,1,0.35556234505356415
12782,15975,15976,5,1,0.39401077582740673
12783,15977,15978,5,0,0.11879694545691176
12784,15978,15979,1,1,0.22095876231682512
12785,15979,15980,5,0,0.066137600535780064
12786,15981,15982,1,0,0.24726876852504948
12787,15982,15983,3,0,0.26989676814399272
12788,15983,15984,2,1,0.61375394656382076
12789,15984,15985,5,1,0.071416070078785865
12790,15985,15986,1,0,0.35038492969489687
12791,15986,15987,5,0,0.067084775620430387
12792,15987,15988,5,1,0.73901984943208188
12793,15989,15990,3,0,0.13708677089734056
12794,15990,15991,3,0,0.25788064730043658
12795,15991,15992,4,0,0.4381458907582137
12796,15992,15993,1,0,0.19133024085741759
12797,15993,15994,4,0,0.083252570348508137
12798,15994,15995,2,0,0.070137471942223945
12799,15995,15996,5,0,0.034964844843926493
12800,15997,15998,2,0,0.16802029766387483
12801,15998,15999,3,1,0.25629944023315404
12802,15999,16000,3,0,0.14931055345096186
12803,16000,16001,5,1,0.75942568656582943
12804,16001,16002,3,0,0.21816726012304571
12805,16002,16003,2,1,0.51618513826038215
12806,16003,16004,4,0,0.033410752080893134
12807,16004,16005,4,0,0.016702165319163055
12808,16006,16007,2,0,0.19980156679237843
12809,16008,16009,2,0,0.057798545453758073
12810,16010,16011,4,0,0.037405614370870491
12811,16011,16012,1,0,0.087653658958505576
12812,16013,16014,2,0,0.1375878393293494
12813,16014,16015,2,0,0.18969992792866266
12814,16015,16016,4,0,0.11529484459499897
12815,16016,16017,5,0,0.65498387483630649
12816,16017,16018,4,0,0.1805126484771061
12817,16019,16020,2,0,0.12288735321643512
12818,16020,16021,4,0,0.29355147661359043
12819,16021,16022,5,0,0.20728528578055394
12820,16022,16023,4,0,0.11532939047481526
12821,16023,16024,5,0,0.20811202567903866
12822,16024,16025,1,0,0.086668872352717252
12823,16025,16026,2,1,0.51563405891794167
12824,16026,16027,3,1,0.61122399517703152
12825,16027,16028,1,0,0.4174519504698978
12826,16028,16029,1,1,0.48803240065727782
12827,16029,16030,2,1,0.42422749789350539
12828,16030,16031,5,0,0.061060035813646919
12829,16031,16032,4,0,0.58176180086081641
12830,16032,16033,3,0,0.074331178930829495
12831,16033,16034,1,1,0.23990808008828679
12832,16034,16035,2,0,0.14843995121840034
12833,16035,16036,5,0,0.31350482919919942
12834,16036,16037,2,0,0.10162107936189865
12835,16037,16038,4,0,0.074495631614421687
12836,16038,16039,1,0,0.36596188548787645
12837,16039,16040,3,1,0.87545824137503958
12838,16040,16041,2,0,0.16031415170678098
12839,16041,16042,2,0,0.087821760529013221
12840,16042,16043,1,0,0.15530765316622486
12841,16043,16044,1,1,0.2459265123548818
12842,16044,16045,4,0,0.29457877954048972
12843,16045,16046,5,0,0.17419401918088243
12844,16046,16047,5,1,0.1575229011223615
12845,16047,16048,2,0,0.51876494707241594
12846,16048,16049,4,0,0.082010503828381362
12847,16049,16050,3,0,0.64936375707610983
12848,16052,16053,1,1,0.67675927301146599
12849,16053,16054,2,0,0.12962285396379775
12850,16054,16055,2,0,0.049092233581833809
12851,16057,16058,1,0,0.13595884770544236
12852,16058,16059,5,0,0.21789023045343095
12853,16059,16060,5,1,0.18635154732023454
12854,16060,16061,1,0,0.47640178415174561
12855,16061,16062,2,0,0.18194884131392769
12856,16062,16063,5,0,0.040374948900910826
12857,16063,16064,5,0,0.4005396540575229
12858,16064,16065,4,0,0.24309113917009789
12859,16065,16066,1,0,0.079628203921824209
12860,16066,16067,4,1,0.60949657772766985
12861,16067,16068,3,0,0.3055999225512589
12862,16068,16069,3,0,0.15362791958943903
12863,16070,16071,1,0,0.14193835632342228
12864,16072,16073,3,0,0.066941165162820185
12865,16074,16075,5,0,0.25763821782690555
12866,16075,16076,1,1,0.64495820058026132
12867,16076,16077,5,0,0.074608366612919946
12868,16077,16078,3,0,0.23499890872787321
12869,16078,16079,2,1,0.31625647438735133
12870,16079,16080,2,0,0.13562636798189651
12871,16082,16083,1,0,0.45799331876881821
12872,16083,16084,3,0,0.47887376317481944
12873,16084,16085,2,0,0.078342955186470373
12874,16085,16086,1,1,0.09169028583662249
12875,16086,16087,4,0,0.048736644367279487
12876,16089,16090,1,1,0.29018902969024318
12877,16090,16091,3,0,0.20015786208570718
12878,16091,16092,1,1,0.59024275785213554
12879,16092,16093,3,1,0.68005427026802989
12880,16093,16094,5,0,0.054461988123194305
12881,16094,16095,4,1,0.52328608439846469
12882,16095,16096,2,0,0.50014853213436006
12883,16096,16097,1,0,0.24350018980240484
12884,16097,16098,3,1,0.67622837632471389
12885,16098,16099,4,1,0.81319842974319667
12886,16101,16102,1,0,0.035430761830630764
12887,16102,16103,2,0,0.01936136790666311
12888,16105,16106,3,1,0.24510579555370737
12889,16106,16107,4,1,0.09083543936253731
12890,16107,16108,1,1,0.6273180235153345
12891,16108,16109,5,0,0.21622253835608024
12892,16109,16110,5,0,0.030287712622580742
12893,16110,16111,1,1,0.038355893540165206
12894,16111,16112,4,0,0.045287838608551755
12895,16112,16113,3,0,0.16749465654599066
12896,16113,16114,3,0,0.0087659669962592487
12897,16114,16115,4,0,0.024320044552259518
12898,16115,16116,3,1,0.37441057721696214
12899,16116,16117,4,1,0.08975375928307322
12900,16117,16118,4,0,0.068546835216709262
12901,16118,16119,1,0,0.19845330050891924
12902,16119,16120,2,0,0.067288934494857705
12903,16120,16121,1,0,0.099054295121843453
12904,16122,16123,3,0,0.070259302310534899
12905,16124,16125,5,1,0.6974299493606243
12906,16126,16127,3,0,0.62793266434702522
12907,16127,16128,5,0,0.12839931591345327
12908,16130,16131,3,0,0.095388814570583777
12909,16133,16134,5,1,0.062500600070396511
12910,16134,16135,1,1,0.22828027312880134
12911,16135,16136,5,1,0.13171113907721008
12912,16136,16137,5,0,0.59158683487416741
12913,16137,16138,5,1,0.42818417522223301
12914,16138,16139,3,1,0.24794833080690895
12915,16140,16141,5,0,0.50896080415445943
12916,16141,16142,4,0,0.61916378848607612
12917,16142,16143,3,0,0.064614897280837691
12918,16144,16145,1,0,0.017413589504602298
12919,16145,16146,4,0,0.0095344715332837636
12920,16146,16147,5,0,0.15756151417503064
12921,16148,16149,5,1,0.076351879116766191
12922,16149,16150,4,0,0.10560388784018325
12923,16150,16151,2,0,0.30116021894012351
12924,16151,16152,5,0,0.1091435809434778
12925,16152,16153,3,0,0.097622926934813115
12926,16153,16154,5,0,0.23353628987715933
12927,16154,16155,5,1,0.7343160732170595
12928,16155,16156,4,1,0.37663933275061368
12929,16156,16157,4,1,0.11156302084129398
12930,16157,16158,3,1,0.75939085297379827
12931,16158,16159,5,0,0.058150628622582565
12932,16159,16160,4,0,0.092863945700949482
12933,16160,16161,2,0,0.016465536320045941
12934,16161,16162,5,0,0.081645771790516894
12935,16162,16163,1,1,0.69425732575553867
12936,16163,16164,2,0,0.20189309703968444
12937,16164,16165,1,0,0.10939602226567086
12938,16165,16166,1,0,0.1194441247052461
12939,16166,16167,1,0,0.089280393720938211
12940,16167,16168,4,0,0.12166106810472778
12941,16168,16169,1,0,0.16329287726324304
12942,16169,16170,1,1,0.14851134418846262
12943,16170,16171,5,0,0.21108057268563113
12944,16171,16172,5,0,0.027987638668189325
12945,16172,16173,4,0,0.24233795496105484
12946,16173,16174,4,0,0.18818050291514363
12947,16174,16175,5,1,0.0087557992591249367
12948,16175,16176,2,0,0.030902583368733302
12949,16177,16178,4,1,0.70719443048692132
12950,16178,16179,3,0,0.2800428212012363
12951,16179,16180,1,1,0.16931678163945063
12952,16180,16181,2,0,0.10828561605493768
12953,16181,16182,3,1,0.12358250517502029
12954,16182,16183,4,0,0.059970536192029626
12955,16183,16184,5,1,0.20604054876754183
12956,16184,16185,5,1,0.1841914652989258
12957,16185,16186,1,0,0.050128717750681374
12958,16186,16187,2,0,0.15692875828928848
12959,16187,16188,5,0,0.72697106494235797
12960,16188,16189,4,1,0.54467380051756042
12961,16189,16190,3,0,0.072747340248208447
12962,16190,16191,4,1,0.39607382002485858
12963,16191,16192,2,1,0.66761574678379365
12964,16193,16194,2,0,0.055315662367633273
12965,16194,16195,2,0,0.14594539307979626
12966,16196,16197,1,0,0.035654394764694793
12967,16197,16198,2,0,0.28486809821257847
12968,16198,16199,5,0,0.025127491512542011
12969,16199,16200,3,0,0.11499871319163901
12970,16200,16201,1,0,0.5
12971,16201,16202,4,0,0.057778188340388489
12972,16202,16203,5,0,0.10870355894676337
12973,16203,16204,1,0,0.10587396382515521
12974,16204,16205,2,0,0.20864088644117568
12975,16205,16206,4,0,0.14337862722930461
12976,16206,16207,5,0,0.047863458816058274
12977,16207,16208,1,0,0.065985887127960718
12978,16208,16209,2,1,0.039942045039579932
12979,16209,16210,4,1,0.74821993319731195
12980,16210,16211,2,0,0.14632804145037595
12981,16211,16212,3,0,0.62202492981208701
12982,16212,16213,4,0,0.067999638720087449
12983,16213,16214,3,0,0.08726924757779797
12984,16214,16215,2,0,0.13961626810112895
12985,16215,16216,3,0,0.084279423304631187
12986,16216,16217,2,0,0.14547531732960797
12987,16217,16218,5,0,0.21348069689746824
12988,16218,16219,4,0,0.18215519908238606
12989,16220,16221,1,0,0.050018092094237673
12990,16221,16222,5,0,0.13504165011944358
12991,16222,16223,3,1,0.73856776940930813
12992,16223,16224,5,1,0.62657521248432835
12993,16224,16225,5,1,0.37935144964925321
12994,16225,16226,2,1,0.12417913895002351
12995,16226,16227,4,1,0.67453244673072754
12996,16227,16228,4,0,0.41527470462176008
12997,16228,16229,2,1,0.63353461431178815
12998,16229,16230,4,0,0.038914756488267213
12999,16230,16231,1,0,0.13967133438463172
13000,16231,16232,5,1,0.07013428028291277
13001,16232,16233,1,0,0.043588378263079396
13002,16233,16234,5,0,0.027592215487455406
13003,16234,16235,2,0,0.19341109591163841
13004,16235,16236,4,1,0.73903397129457982
13005,16236,16237,3,0,0.62529112459224578
13006,16237,16238,1,1,0.60489065468774383
13007,16238,16239,1,0,0.086494604918981713
13008,16239,16240,1,0,0.10334467786031298
13009,16241,16242,4,0,0.019148910433025385
13010,16242,16243,4,0,0.098456212009334812
13011,16243,16244,2,1,0.21977193953118107
13012,16244,16245,4,0,0.17577259494832781
13013,16245,16246,2,0,0.12128647547248635
13014,16246,16247,3,1,0.46147825100537793
13015,16247,16248,2,1,0.71994684215734384
13016,16248,16249,1,0,0.25887345477113261
13017,16251,16252,5,0,0.4194032280047239
13018,16252,16253,3,0,0.073086231689005382
13019,16253,16254,4,0,0.019999695183013189
13020,16255,16256,2,0,0.31351153481833199
13021,16257,16258,1,1,0.21582280862679309
13022,16258,16259,1,0,0.32428637706522601
13023,16259,16260,3,1,0.64076150678996757
13024,16260,16261,2,0,0.46829810648498615
13025,16261,16262,1,0,0.11720999369564783
13026,16263,16264,3,0,0.02669455014380364
13027,16264,16265,5,1,0.54054274579611494
13028,16265,16266,5,0,0.11557771419180612
13029,16267,16268,3,0,0.058386873153480255
13030,16268,16269,2,0,0.038298079794182815
13031,16269,16270,4,0,0.025158178383516184
13032,16270,16271,2,0,0.083977300855589604
13033,16272,16273,1,0,0.21227293458850172
13034,16274,16275,3,0,0.28173917789281711
13035,16275,16276,2,0,0.093532768594418669
13036,16278,16279,1,0,0.19541934779269349
13037,16280,16281,1,0,0.019366548218580082
13038,16281,16282,4,0,0.23742807941163496
13039,16282,16283,4,0,0.10587672055116748
13040,16284,16285,1,0,0.62448504957531326
13041,16285,16286,3,0,0.2131702610230129
13042,16286,16287,2,0,0.60561931779600375
13043,16287,16288,4,0,0.17248006947477196
13044,16288,16289,1,1,0.1501015122323934
13045,16289,16290,1,1,0.54332622383899376
13046,16290,16291,3,1,0.37819675387467089
13047,16291,16292,3,0,0.08266461123456173
13048,16292,16293,5,1,0.14232513303357328
13049,16293,16294,1,0,0.26894948681491648
13050,16295,16296,4,0,0.28197993691011508
13051,16296,16297,2,0,0.28705540976857419
13052,16297,16298,1,1,0.69016860329396057
13053,16298,16299,3,0,0.17649732526020745
13054,16299,16300,4,1,0.53415906204481634
13055,16300,16301,4,0,0.029175715044451298
13056,16301,16302,3,0,0.16905812541793411
13057,16302,16303,5,1,0.68761301907581229
13058,16303,16304,2,0,0.077501749301372699
13059,16304,16305,3,1,0.68464234110287925
13060,16305,16306,4,1,0.36076464738820724
13061,16306,16307,2,0,0.18076425969036544
13062,16307,16308,4,1,0.75081557732532378
13063,16309,16310,4,0,0.84484663243820957
13064,16310,16311,2,0,0.10904223959068086
13065,16311,16312,1,0,0.050109910763103144
13066,16313,16314,5,0,0.10140362377817828
13067,16314,16315,4,0,0.038245856621758778
13068,16315,16316,2,0,0.30212673536838147
13069,16316,16317,3,0,0.2084612128367985
13070,16317,16318,4,0,0.071198080516410425
13071,16318,16319,1,0,0.11672790904054453
13072,16319,16320,2,0,0.2237907615332855
13073,16320,16321,4,0,0.098001266054662278
13074,16322,16323,3,1,0.20937883427554643
13075,16323,16324,1,0,0.10396402425297968
13076,16324,16325,2,1,0.10536160007747425
13077,16326,16327,1,1,0.059878337219906291
13078,16328,16329,1,0,0.18557291904956261
13079,16329,16330,3,0,0.10022652362798895
13080,16330,16331,2,1,0.66102492763452558
13081,16331,16332,5,0,0.08872473596368427
13082,16332,16333,5,0,0.27241318618009858
13083,16333,16334,4,1,0.15221195585476791
13084,16334,16335,4,0,0.18537362095308973
13085,16336,16337,2,0,0.16640637834519467
13086,16337,16338,3,1,0.10863028743025389
13087,16338,16339,4,1,0.086020704950228094
13088,16339,16340,1,1,0.74701533118015517
13089,16340,16341,2,0,0.10812508547239535
13090,16341,16342,4,0,0.22400723407356404
13091,16343,16344,3,1,0.34609488698370405
13092,16345,16346,5,0,0.029008557690000169
13093,16346,16347,3,1,0.33210520248460801
13094,16347,16348,2,0,0.56569034759694348
13095,16348,16349,3,0,0.062063765637423905
13096,16349,16350,3,1,0.10415799608775572
13097,16350,16351,2,0,0.69255092688323605
13098,16351,16352,5,0,0.029577345124195319
13099,16352,16353,5,1,0.1275537589801358
13100,16353,16354,2,1,0.18609384560892966
13101,16354,16355,2,0,0.013822357330630424
13102,16355,16356,2,0,0.11800747595426872
13103,16356,16357,5,0,0.12322298921969804
13104,16357,16358,4,0,0.56455991054397348
13105,16358,16359,1,0,0.24769684787086546
13106,16359,16360,5,0,0.43927488836673301
13107,16360,16361,1,0,0.38455574917968244
13108,16361,16362,2,0,0.035602317335441863
13109,16363,16364,5,0,0.22385828720713624
13110,16364,16365,3,0,0.13043032666469645
13111,16365,16366,5,0,0.18872670611910086
13112,16366,16367,2,0,0.12826644789096808
13113,16368,16369,5,0,0.017346100822662257
13114,16369,16370,4,0,0
13115,16370,16371,2,0,0.24042744844853839
13116,16371,16372,4,0,0.017208058183215733
13117,16372,16373,2,0,0.20779696216492774
13118,16374,16375,1,1,0.77739618333411953
13119,16375,16376,5,1,0.4758297854600117
13120,16376,16377,5,1,0.78338330650650378
13121,16378,16379,1,0,0.040478790660058502
13122,16379,16380,3,1,0.6396308360392241
13123,16381,16382,4,1,0.10518504021111941
13124,16382,16383,2,1,0.26489280406526655
13125,16383,16384,4,0,0.35467649554582836
13126,16384,16385,2,0,0.20831410930588268
13127,16385,16386,5,0,0.079403155818478316
13128,16386,16387,4,1,0.26258359105597806
13129,16388,16389,2,0,0.088573108145328483
13130,16389,16390,1,0,0.50848765740679636
13131,16390,16391,3,1,0.16050903940674979
13132,16391,16392,3,1,0.20548092166468729
13133,16394,16395,5,0,0.11854677289441529
13134,16396,16397,2,0,0.66295838183554734
13135,16397,16398,2,0,0.21919653013739268
13136,16398,16399,1,0,0.16653273597057427
13137,16399,16400,2,0,0.16396531489107516
13138,16400,16401,5,1,0.71796824543477111
13139,16402,16403,1,0,0.072008146435991391
13140,16403,16404,2,0,0.24494479566333943
13141,16404,16405,1,0,0.27014094823865337
13142,16405,16406,2,1,0.074126921243008334
13143,16407,16408,3,0,0.27429558497301509
13144,16408,16409,4,0,0.13314303336860001
13145,16409,16410,5,0,0.040602879044296387
13146,16410,16411,2,0,0.14703739424886345
13147,16411,16412,5,0,0.054451862015571333
13148,16412,16413,3,0,0.23017693511024459
13149,16413,16414,4,0,0.22769592608847772
13150,16414,16415,5,0,0.17664430670205392
13151,16415,16416,3,0,0.68814771825729848
13152,16416,16417,2,0,0.27489417587029352
13153,16418,16419,4,0,0.032844276985192579
13154,16419,16420,5,0,0.19023872232435862
13155,16420,16421,2,0,0.063505769759149414
13156,16421,16422,2,0,0.14850696908465305
13157,16422,16423,4,0,0.03659845469504254
13158,16423,16424,1,1,0.21069534452513872
13159,16425,16426,4,0,0.086676345343688926
13160,16426,16427,2,0,0.65951159338097509
13161,16427,16428,4,0,0.34898893150636662
13162,16428,16429,2,0,0.13954971487183226
13163,16430,16431,1,0,0.031182863535744731
13164,16431,16432,5,0,0.65729871181856536
13165,16432,16433,5,1,0.56187124384616183
13166,16433,16434,2,1,0.097092795884605398
13167,16434,16435,1,1,0.27290578978715968
13168,16437,16438,2,0,0.079678865127484275
13169,16438,16439,1,1,0.19111548230873876
13170,16439,16440,5,1,0.4226266462776781
13171,16440,16441,4,1,0.25306130667834548
13172,16441,16442,2,0,0.27609576162177024
13173,16442,16443,5,0,0.19513792749508613
13174,16443,16444,1,0,0.22041240470017498
13175,16444,16445,1,0,0.12032967129504964
13176,16447,16448,4,0,0.15271595738780011
13177,16448,16449,1,1,0.10987867421110263
13178,16449,16450,5,0,0.10282301959854843
13179,16450,16451,1,0,0.10782675306680108
13180,16451,16452,2,1,0.78821190672341757
13181,16453,16454,3,0,0.27402717330424475
13182,16454,16455,2,1,0.82811388263997188
13183,16455,16456,4,0,0.65530973198359121
13184,16457,16458,3,0,0.04135200876608458
13185,16458,16459,3,0,0.50075450177461212
13186,16461,16462,3,1,0.63719386045487314
13187,16462,16463,2,0,0.21382843068626559
13188,16464,16465,5,0,0.10870492278346829
13189,16465,16466,2,0,0.071794927444813236
13190,16466,16467,5,0,0.10626000024128675
13191,16467,16468,5,1,0.26830957362116947
13192,16469,16470,2,1,0.80802304561254235
13193,16471,16472,5,0,0.027813385123090686
13194,16472,16473,1,0,0.061594201585934164
13195,16473,16474,1,0,0.23220362903335398
13196,16474,16475,2,0,0.16893933648238535
13197,16475,16476,2,1,0.40433140042374166
13198,16476,16477,1,0,0.10773392251666812
13199,16477,16478,2,1,0.76535545133049931
13200,16478,16479,5,1,0.62902912861904203
13201,16479,16480,5,1,0.61874084254628892
13202,16480,16481,1,1,0.24318556209995629
13203,16481,16482,5,0,0.13294681034814654
13204,16482,16483,3,1,0.18731163481651775
13205,16483,16484,5,0,0.094948037992364412
13206,16484,16485,1,1,0.19283327851762222
13207,16485,16486,3,0,0.14313636554027648
13208,16486,16487,1,0,0.048925285615615745
13209,16487,16488,5,1,0.63658796839009568
13210,16488,16489,3,0,0.25790790727966906
13211,16489,16490,4,1,0.82773872253081715
13212,16491,16492,2,0,0.20887293180694294
13213,16492,16493,5,0,0.1373293579012777
13214,16493,16494,4,0,0.16032311228304225
13215,16495,16496,2,1,0.38853084271435806
13216,16496,16497,3,0,0.26757599064959092
13217,16497,16498,3,0,0.66397289298270268
13218,16498,16499,4,0,0.15728498377044417
13219,16499,16500,5,0,0.10989803468356643
13220,16500,16501,3,1,0.10923900025447397
13221,16501,16502,5,0,0.21046350582737711
13222,16502,16503,5,1,0.66946620605462404
13223,16504,16505,5,0,0.15182986723547218
13224,16505,16506,3,1,0.57788713739016562
13225,16506,16507,1,1,0.22978862430679861
13226,16507,16508,1,1,0.72225070005151926
13227,16509,16510,5,1,0.32877600536028401
13228,16510,16511,1,0,0.11033235311425574
13229,16511,16512,2,1,0.74604695422282885
13230,16512,16513,2,1,0.77034326921718288
13231,16513,16514,5,0,0.097505833911852718
13232,16514,16515,5,1,0.56270363463117667
13233,16515,16516,1,1,0.45306268561468749
13234,16517,16518,3,1,0.79128824862848279
13235,16518,16519,4,0,0.17418874113956032
13236,16520,16521,4,0,0.68336995002643586
13237,16521,16522,1,1,0.46392574855541979
13238,16525,16526,4,0,0.35020557471411123
13239,16527,16528,5,0,0.098858701154155723
13240,16528,16529,5,0,0.17300633467966364
13241,16529,16530,2,0,0.10293056008009149
13242,16530,16531,1,0,0.1246593351792647
13243,16531,16532,5,0,0.14632016783550153
13244,16532,16533,3,0,0.23606394168740005
13245,16534,16535,1,0,0.17178663447646672
13246,16535,16536,3,1,0.66390769614889655
13247,16536,16537,5,0,0.060996856624741747
13248,16537,16538,5,0,0.19593429309733237
13249,16538,16539,3,0,0.41452298890312206
13250,16539,16540,3,0,0.18630057137357245
13251,16540,16541,5,0,0.60412120888819687
13252,16541,16542,3,1,0.50675979422874307
13253,16543,16544,2,1,0.63293912857633583
13254,16544,16545,4,0,0.13811526416688524
13255,16546,16547,3,1,0.11385573562571649
13256,16547,16548,1,0,0.065839702501510153
13257,16548,16549,3,0,0.64719600087875717
13258,16549,16550,1,0,0.64393955244098944
13259,16550,16551,1,0,0.07618049004136547
13260,16551,16552,1,0,0.17496175461816593
13261,16552,16553,5,1,0.16876640243861352
13262,16553,16554,3,0,0.26810243512037796
13263,16555,16556,5,0,0.16131026631476705
13264,16556,16557,3,0,0.14473392080745495
13265,16557,16558,5,0,0.08475878504172614
13266,16558,16559,4,1,0.76304018502772042
13267,16559,16560,3,1,0.26155926728409989
13268,16560,16561,5,0,0.054103026237239921
13269,16561,16562,4,1,0.32300273124739798
13270,16562,16563,3,0,0.13940415083735741
13271,16563,16564,2,0,0.25168200596239709
13272,16565,16566,5,0,0.10380149969839643
13273,16566,16567,5,1,0.64572285211773273
13274,16567,16568,3,0,0.46437139922882231
13275,16568,16569,4,0,0.29807846083817585
13276,16569,16570,3,0,0.090304846501097824
13277,16570,16571,4,1,0.14585780762781717
13278,16572,16573,1,0,0.13519975532850512
13279,16573,16574,4,0,0.2328166543631639
13280,16574,16575,4,0,0.27329255868338359
13281,16576,16577,5,0,0.63481090991000755
13282,16577,16578,2,0,0.16725321046386984
13283,16578,16579,2,1,0.62281242408264792
13284,16579,16580,1,0,0.13801473668040815
13285,16581,16582,2,0,0.80736567192373643
13286,16583,16584,3,0,0.15976148752564726
13287,16584,16585,5,1,0.15624853909143935
13288,16587,16588,1,0,0.039900108824294435
13289,16588,16589,1,0,0.071104396406372131
13290,16589,16590,5,0,0.16144414064683543
13291,16590,16591,1,0,0.49953405101065473
13292,16591,16592,5,0,0.39063821502689011
13293,16592,16593,1,1,0.7688737678493156
13294,16593,16594,5,0,0.79929064638173219
13295,16595,16596,3,1,0.11556825422306531
13296,16596,16597,5,0,0.18051385070459572
13297,16598,16599,4,1,0.40723391764521444
13298,16599,16600,1,0,0.2051632135706167
13299,16600,16601,1,0,0.68244161961957306
13300,16601,16602,2,0,0.12723310162854756
13301,16602,16603,4,1,0.71835520709697098
13302,16603,16604,1,0,0.086980169020679357
13303,16604,16605,4,0,0.12665281062713393
13304,16605,16606,3,0,0.1531014936795306
13305,16607,16608,1,0,0.29816847073742686
13306,16608,16609,1,1,0.33224912168470189
13307,16609,16610,1,0,0.12317511953595331
13308,16610,16611,2,0,0.25866568021501146
13309,16613,16614,2,0,0.12023952053490372
13310,16614,16615,1,1,0.16373490579465375
13311,16615,16616,5,0,0.36523080608436176
13312,16616,16617,1,0,0.15415561061609806
13313,16617,16618,5,0,0.089737997229666022
13314,16618,16619,2,0,0.027772443476286338
13315,16619,16620,3,0,0.31768800840621891
13316,16620,16621,5,0,0.57283314095915761
13317,16621,16622,2,0,0.22143567931589631
13318,16623,16624,3,0,0.085475088166899818
13319,16624,16625,4,0,0.19794042120312924
13320,16626,16627,1,1,0.28609434958414448
13321,16627,16628,5,1,0.035450303843263635
13322,16628,16629,4,0,0.28708021200925443
13323,16631,16632,2,1,0.5635200385459298
13324,16632,16633,5,0,0.13841075309627787
13325,16633,16634,4,1,0.63026997955949116
13326,16634,16635,5,1,0.65240978624945967
13327,16635,16636,2,0,0
13328,16636,16637,4,1,0.21890014912991032
13329,16637,16638,3,1,0.3295635665590988
13330,16639,16640,3,1,0.37898088151514625
13331,16640,16641,2,1,0.57895847425338209
13332,16641,16642,2,0,0.10498057118654536
13333,16643,16644,1,0,0.24735482430442979
13334,16644,16645,1,1,0.30133353258528617
13335,16645,16646,1,0,0.15914005278891838
13336,16646,16647,4,0,0.14725385907435237
13337,16647,16648,3,0,0.059228569134357464
13338,16648,16649,5,0,0.26938940824364632
13339,16649,16650,3,1,0.67846247437582852
13340,16650,16651,3,0,0.24866176814591939
13341,16651,16652,2,1,0.48770444357476089
13342,16652,16653,5,0,0.16603895954238729
13343,16653,16654,4,0,0.16561361953038908
13344,16654,16655,3,1,0.16223643996100456
13345,16657,16658,5,0,0.039336884110694227
13346,16659,16660,4,0,0.15199407578122595
13347,16661,16662,2,0,0.094465285832093224
13348,16662,16663,5,1,0.65526718256976346
13349,16663,16664,2,0,0.19676609837682468
13350,16666,16667,3,1,0.069491338073712855
13351,16667,16668,1,1,0.62359521499888748
13352,16668,16669,5,0,0.22407028689882885
13353,16669,16670,2,0,0.12872002840622931
13354,16670,16671,4,0,0.16148278069943281
13355,16671,16672,5,0,0.011085058560730226
13356,16673,16674,5,0,0.090496502158233252
13357,16674,16675,3,0,0.4195090170490397
13358,16675,16676,3,0,0.14609856902442581
13359,16676,16677,5,0,0.11062943685973335
13360,16677,16678,3,0,0.21283871883269478
13361,16678,16679,4,0,0.40820119945706784
13362,16679,16680,4,1,0.70604327117258181
13363,16680,16681,5,0,0.19461877310098283
13364,16681,16682,3,0,0.53302353944962477
13365,16683,16684,4,1,0.70129282995869435
13366,16684,16685,2,0,0.10573160183833939
13367,16687,16688,3,0,0.045041873517419166
13368,16688,16689,2,1,0.29361414160412386
13369,16690,16691,3,1,0.5563682604042397
13370,16691,16692,2,0,0.10660948594894068
13371,16692,16693,4,0,0.14831660988279349
13372,16693,16694,2,1,0.63157756480141003
13373,16694,16695,1,0,0.18852618423714257
13374,16695,16696,5,0,0.15769399213416538
13375,16696,16697,1,0,0.79170719424875025
13376,16697,16698,2,0,0.62603659084802865
13377,16698,16699,4,0,0.20779082980498828
13378,16699,16700,5,1,0.71622807137524769
13379,16700,16701,1,1,0.43509214044827677
13380,16701,16702,1,0,0.02901483100957894
13381,16703,16704,1,0,0.19799533459345037
13382,16705,16706,4,0,0.044891411405869538
13383,16707,16708,3,0,0.13313151290548234
13384,16708,16709,2,0,0.089450779271072589
13385,16709,16710,2,0,0.14069791063748521
13386,16710,16711,5,0,0.53372200541486092
13387,16711,16712,4,1,0.25148183086329345
13388,16713,16714,5,1,0.68545087007040773
13389,16714,16715,1,0,0.10018162891198584
13390,16715,16716,5,0,0.16612698187955383
13391,16717,16718,5,1,0.35044437172764015
13392,16718,16719,2,0,0.093605015928091714
13393,16719,16720,1,0,0.055813846993094808
13394,16720,16721,5,1,0.12951171372490558
13395,16721,16722,3,0,0.1242738591302677
13396,16722,16723,5,1,0.58853690872290954
13397,16723,16724,5,0,0.14689973911780924
13398,16724,16725,5,0,0.057311700556281327
13399,16725,16726,4,0,0.084457094797595
13400,16726,16727,5,0,0.32408291722540977
13401,16727,16728,4,1,0.50582113657584593
13402,16728,16729,3,0,0.25635722220042317
13403,16730,16731,2,0,0.13661033326176356
13404,16731,16732,1,1,0.16424606368839842
13405,16732,16733,4,0,0.6960794628015291
13406,16733,16734,2,1,0.15180773676745146
13407,16735,16736,1,0,0.24658079999345697
13408,16736,16737,1,0,0.099813230496395719
13409,16737,16738,1,0,0.13044184954413712
13410,16738,16739,2,1,0.4685057669665641
13411,16739,16740,5,0,0.073622088262338528
13412,16740,16741,3,1,0.29475972553000218
13413,16741,16742,2,0,0.19054715508624709
13414,16742,16743,5,0,0.39979810077438804
13415,16743,16744,3,0,0.67567781648157266
13416,16744,16745,4,1,0.19559535006614517
13417,16745,16746,5,0,0.087824961073497465
13418,16746,16747,3,0,0.14310740532593089
13419,16747,16748,4,0,0.2252146509964747
13420,16749,16750,1,0,0.10643883927322412
13421,16750,16751,5,0,0.1494274255446694
13422,16751,16752,2,0,0.50838940784169639
13423,16752,16753,1,0,0.088283572203040547
13424,16753,16754,3,1,0.45281301509781352
13425,16754,16755,3,0,0.18233727367984856
13426,16755,16756,4,1,0.21113600137682226
13427,16757,16758,2,0,0.21973786584700922
13428,16758,16759,2,0,0.14031482619485838
13429,16759,16760,5,0,0.08955186071080079
13430,16762,16763,2,1,0.62694781394195276
13431,16763,16764,1,0,0.23536892330366149
13432,16764,16765,2,0,0.56022112226211573
13433,16765,16766,4,0,0.15506475523795782
13434,16766,16767,2,0,0.12507801265831175
13435,16767,16768,4,1,0.23038604656733808
13436,16769,16770,4,0,0.14907132059196648
13437,16770,16771,5,1,0.62636376731501853
13438,16771,16772,4,1,0.67225276711873072
13439,16772,16773,5,1,0.39317671424527328
13440,16773,16774,5,0,0.17174197712904241
13441,16774,16775,2,0,0.16798916012626511
13442,16775,16776,4,0,0.098296102721963763
13443,16776,16777,1,0,0.16087166641301032
13444,16777,16778,4,0,0.1057841563800917
13445,16778,16779,2,0,0.27467644340022301
13446,16779,16780,5,1,0.34434140032883809
13447,16780,16781,3,1,0.18520158761956865
13448,16781,16782,2,0,0.47557184741429714
13449,16783,16784,2,1,0.22466956666881677
13450,16784,16785,1,1,0.19966753659851016
13451,16786,16787,5,0,0.11444037907230599
13452,16787,16788,3,1,0.28629158281964273
13453,16789,16790,1,1,0.74185676479165352
13454,16790,16791,2,0,0.092767932551808444
13455,16791,16792,1,0,0.13829424094599463
13456,16792,16793,3,0,0.70551089455542249
13457,16793,16794,2,0,0.057783153145597475
13458,16794,16795,2,0,0.13270881996186726
13459,16796,16797,4,0,0.34208710860728064
13460,16797,16798,3,0,0.14122037176559454
13461,16798,16799,3,0,0.52466800219072163
13462,16799,16800,1,1,0.5607512642851723
13463,16800,16801,1,0,0.13550679257227871
13464,16801,16802,4,1,0.5930678912563494
13465,16802,16803,5,0,0.12722121498266545
13466,16804,16805,1,0,0.32514677831952848
13467,16805,16806,2,0,0.13275298263427845
13468,16806,16807,4,1,0.37249888735763781
13469,16807,16808,1,1,0.13798273748997952
13470,16809,16810,2,0,0.10743852249148329
13471,16811,16812,4,0,0.16178367585330872
13472,16812,16813,2,1,0.69128229684915721
13473,16813,16814,3,1,0.1063496649515691
13474,16814,16815,4,1,0.18071168961472497
13475,16815,16816,1,0,0.16076860778922769
13476,16816,16817,4,0,0.14543302981000525
13477,16817,16818,1,0,0.15068981414735297
13478,16819,16820,3,0,0.11212439845859436
13479,16821,16822,4,0,0.098428887426991019
13480,16822,16823,3,0,0.67954809851391618
13481,16824,16825,1,1,0.20870938313922635
13482,16825,16826,2,1,0.08083135723572793
13483,16826,16827,1,1,0.23658967590946545
13484,16827,16828,4,0,0.12367225598921343
13485,16828,16829,3,0,0.073688193115600251
13486,16829,16830,5,1,0.046714142632435014
13487,16831,16832,2,1,0.10233208606015226
13488,16832,16833,2,1,0.5953360549083373
13489,16834,16835,2,1,0.5790302513532497
13490,16835,16836,1,0,0.079359167811885206
13491,16836,16837,3,0,0.13219110682157939
13492,16837,16838,4,0,0.25131427883984986
13493,16838,16839,1,1,0.71887406540101284
13494,16839,16840,2,1,0.25298574689130443
13495,16840,16841,1,0,0.13531870441657023
13496,16843,16844,1,0,0.15976050620500729
13497,16844,16845,3,1,0.39367358667642971
13498,16845,16846,3,1,0.39778909975705223
13499,16847,16848,4,1,0.64557068371245707
13500,16848,16849,4,0,0.09810737370761094
13501,16849,16850,2,1,0.59755288049345756
13502,16850,16851,1,0,0.09858639376405548
13503,16851,16852,2,0,0.23597721117505191
13504,16852,16853,2,0,0.036767033667510676
13505,16854,16855,2,0,0.35534389729964905
13506,16855,16856,5,0,0.15916097470329174
13507,16857,16858,2,0,0.087432521913451397
13508,16858,16859,3,1,0.70674366170332603
13509,16859,16860,1,0,0.15446367062820204
13510,16860,16861,5,0,0.11078771222934194
13511,16861,16862,4,0,0.049217264969862
13512,16862,16863,1,1,0.13772355178200177
13513,16863,16864,4,1,0.21329302430792213
13514,16864,16865,4,0,0.38185669668827726
13515,16865,16866,2,0,0.092352590885628111
13516,16867,16868,1,0,0.56683859817029547
13517,16868,16869,2,0,0.026883696348747977
13518,16869,16870,2,1,0.63824359037874068
13519,16870,16871,1,0,0.42634185666912566
13520,16871,16872,3,1,0.53482795781796866
13521,16872,16873,4,1,0.19804932141943771
13522,16873,16874,1,0,0.36896097019246288
13523,16874,16875,4,0,0.41801929970846502
13524,16875,16876,2,0,0.057688754956695225
13525,16876,16877,5,0,0.12736398861617781
13526,16877,16878,5,1,0.12728547231060344
13527,16878,16879,3,0,0.062120005659650382
13528,16879,16880,3,0,0.18541703385767666
13529,16880,16881,4,0,0.67749051591409781
13530,16881,16882,1,0,0.171812864079288
13531,16883,16884,2,0,0.11349216440789454
13532,16885,16886,4,0,0.15436889619434713
13533,16886,16887,1,0,0.10281311311258819
13534,16887,16888,5,0,0.14066067400785315
13535,16888,16889,1,0,0.049210850116514812
13536,16889,16890,1,1,0.77401009542047949
13537,16892,16893,3,0,0.14827187717161405
13538,16893,16894,1,0,0.27292746291706022
13539,16894,16895,5,1,0.18553141210678964
13540,16895,16896,5,1,0.3665374783881637
13541,16896,16897,5,0,0.17648173462935254
13542,16897,16898,5,0,0.061129450012782895
13543,16898,16899,2,0,0.10246614053765557
13544,16899,16900,3,0,0.10737432985429389
13545,16900,16901,3,0,0.41748581151659442
13546,16901,16902,3,0,0.17138548301503417
13547,16902,16903,4,0,0.19827610728007519
13548,16903,16904,1,0,0.096776631704875701
13549,16904,16905,5,0,0.027805645381550309
13550,16905,16906,1,0,0.069828569872360358
13551,16907,16908,2,1,0.29315683723650332
13552,16908,16909,4,1,0.61698870862826727
13553,16910,16911,5,0,0.1183076451037707
13554,16911,16912,1,0,0.14606749665064125
13555,16912,16913,5,0,0.2627611100665791
13556,16914,16915,5,1,0.6196354530115159
13557,16916,16917,4,0,0.11316559854965121
13558,16917,16918,3,0,0.17579711031616752
13559,16918,16919,4,0,0.16967521214874276
13560,16919,16920,3,0,0.70810187173236339
13561,16920,16921,4,0,0.16232597934960152
13562,16922,16923,5,1,0.19153893976101991
13563,16923,16924,3,0,0.28832861008889871
13564,16924,16925,4,0,0.12144028049055791
13565,16925,16926,5,1,0.64662188450094982
13566,16926,16927,5,0,0.13423982057078707
13567,16927,16928,1,0,0.073963163587679473
13568,16928,16929,1,0,0.09498089967761017
13569,16929,16930,2,0,0.20669425890695914
13570,16930,16931,5,0,0.10154597759552865
13571,16932,16933,1,1,0.79557519915292363
13572,16933,16934,3,0,0.34739886547468624
13573,16935,16936,4,0,0.15361001849372274
13574,16936,16937,3,0,0.13300351452976164
13575,16937,16938,2,1,0.75896035456162336
13576,16939,16940,4,0,0.085773384158318478
13577,16941,16942,5,1,0.67955246461382302
13578,16942,16943,4,1,0.74487323631099078
13579,16943,16944,1,0,0.21635394885834242
13580,16944,16945,5,0,0.084957900232881065
13581,16946,16947,4,0,0.65526745083401383
13582,16948,16949,4,0,0.11151390216888951
13583,16949,16950,3,1,0.65598003351386447
13584,16950,16951,1,0,0.40861897084860238
13585,16951,16952,5,0,0.089229799894370576
13586,16952,16953,4,1,0.25544766324926299
13587,16953,16954,4,0,0.72771164360119711
13588,16955,16956,4,0,0.246572826754063
13589,16956,16957,5,0,0.70936314762681785
13590,16957,16958,3,0,0.057212449128616748
13591,16958,16959,3,0,0.051908438305640014
13592,16959,16960,4,1,0.17689833165600763
13593,16960,16961,5,1,0.7589054167809467
13594,16961,16962,5,1,0.10710201022171438
13595,16962,16963,3,0,0.097238112206518651
13596,16963,16964,1,1,0.79938666229780264
13597,16965,16966,1,0,0.16238946662571899
13598,16966,16967,2,0,0.017815813272642152
13599,16967,16968,2,0,0.31609535177722742
13600,16968,16969,4,0,0.23422737700307947
13601,16970,16971,2,1,0.65544219702715778
13602,16971,16972,1,0,0.1480968987151233
13603,16972,16973,4,1,0.42962930177453723
13604,16973,16974,1,0,0.030927184678373212
13605,16974,16975,5,1,0.62245005603853398
13606,16975,16976,3,0,0.23539463160635127
13607,16976,16977,3,0,0.14150471371203502
13608,16977,16978,2,0,0.65369918309626474
13609,16978,16979,4,1,0.2103119511360772
13610,16979,16980,5,0,0.40678065490981874
13611,16980,16981,3,0,0.096630092965667463
13612,16981,16982,4,0,0.1124699304692531
13613,16982,16983,2,0,0.056257160004320947
13614,16983,16984,3,0,0.094629254548699276
13615,16984,16985,2,0,0.20047062664542437
13616,16985,16986,4,0,0.062639191599652783
13617,16986,16987,5,1,0.070205524135215497
13618,16987,16988,1,1,0.66258246021902534
13619,16988,16989,4,0,0.20233281701945746
13620,16989,16990,3,0,0.10570094423011167
13621,16990,16991,3,0,0.40628047627306585
13622,16992,16993,5,1,0.23169168711394353
13623,16993,16994,5,0,0.11291306654634672
13624,16995,16996,4,0,0.67184971428129914
13625,16997,16998,2,0,0.085915198691614639
13626,16998,16999,4,0,0.1452929940549175
13627,16999,17000,3,0,0.10556432778687422
13628,17000,17001,1,0,0.14014236621266074
13629,17001,17002,5,1,0.20789718095723297
13630,17002,17003,2,0,0.10565162883231378
13631,17003,17004,1,0,0.10200682228036692
13632,17006,17007,3,1,0.25264099511959109
13633,17007,17008,3,1,0.049739269787008225
13634,17008,17009,2,0,0.65135103635730929
13635,17009,17010,3,0,0.028829930817967853
13636,17010,17011,1,0,0.28570821791829321
13637,17012,17013,1,0,0.094683294787027625
13638,17013,17014,1,0,0.14630927801821936
13639,17014,17015,2,0,0.17086353990757702
13640,17015,17016,5,1,0.4543662066646022
13641,17017,17018,2,1,0.28749327861977264
13642,17018,17019,2,0,0.16345379875238647
13643,17019,17020,1,1,0.28459639334303771
13644,17020,17021,4,1,0.73587593778967608
13645,17022,17023,1,0,0.094684369442416469
13646,17024,17025,1,0,0.037892800834961597
13647,17025,17026,5,1,0.55822258452809526
13648,17026,17027,2,1,0.23945340467082074
13649,17027,17028,1,1,0.13393938686262535
13650,17028,17029,5,0,0.23134516070951602
13651,17030,17031,3,0,0.51003312646787691
13652,17031,17032,4,1,0.69615597199554202
13653,17032,17033,3,0,0
13654,17033,17034,3,1,0.76905246294826557
13655,17034,17035,3,1,0.20044637732018833
13656,17035,17036,2,0,0.10922949549838071
13657,17036,17037,5,0,0.02181472603446823
13658,17037,17038,5,0,0.13732779457562122
13659,17038,17039,1,0,0.14318131615502167
13660,17039,17040,5,1,0.70249658513578628
13661,17040,17041,1,0,0.22612237453320044
13662,17041,17042,5,0,0.032500136686087748
13663,17044,17045,4,0,0.28407824304144202
13664,17045,17046,4,1,0.082841070160111427
13665,17046,17047,4,1,0.05980408245436826
13666,17047,17048,1,0,0.17333781499319065
13667,17048,17049,4,1,0.61483788163797637
13668,17049,17050,5,1,0.70943544107690004
13669,17050,17051,3,1,0.56779182825346353
13670,17051,17052,2,1,0.46552789978188919
13671,17052,17053,4,1,0.66362704651892923
13672,17053,17054,1,1,0.11914704236352815
13673,17054,17055,3,0,0.19581827102876914
13674,17055,17056,3,0,0.68942866821659643
13675,17057,17058,2,1,0.46048291765603411
13676,17058,17059,2,1,0.24090992980526241
13677,17059,17060,3,1,0.64548028048850925
13678,17062,17063,2,0,0.10233869637266681
13679,17063,17064,2,1,0.27785484750322731
13680,17064,17065,1,0,0.38124987593810838
13681,17066,17067,3,0,0.10357474401078363
13682,17067,17068,3,0,0.13428068418613986
13683,17068,17069,1,0,0.095341430367679197
13684,17069,17070,3,1,0.69689852645807582
13685,17070,17071,4,0,0.2969350806710595
13686,17071,17072,3,1,0.21465520328696139
13687,17072,17073,3,0,0.069102845961318299
13688,17073,17074,1,0,0.1962216838345012
13689,17075,17076,2,0,0.20012618237040747
13690,17077,17078,3,0,0.3212704643957805
13691,17078,17079,1,0,0.29231207920838592
13692,17079,17080,3,0,0.12737452990151799
13693,17080,17081,3,0,0.055601753565714875
13694,17081,17082,5,0,0.21359021310021004
13695,17082,17083,3,0,0.1456295656925638
13696,17083,17084,1,0,0.41622095126467962
13697,17084,17085,5,0,0.14519513982832227
13698,17086,17087,1,0,0.61918647602647525
13699,17087,17088,5,1,0.44665367567350517
13700,17088,17089,4,0,0.19843263627807731
13701,17090,17091,3,0,0.088438565335607872
13702,17091,17092,5,0,0.58470228508195943
13703,17092,17093,5,1,0.13445892121977443
13704,17094,17095,2,0,0.058902973300280423
13705,17095,17096,1,0,0.014707020236278257
13706,17096,17097,4,0,0.051952584426973356
13707,17097,17098,3,0,0.079182116159269289
13708,17098,17099,2,0,0.19769353138602103
13709,17099,17100,3,0,0.054556154452895807
13710,17100,17101,2,1,0.73478037210715164
13711,17101,17102,4,1,0.44317042073754609
13712,17103,17104,2,0,0.19525798040658957
13713,17104,17105,1,0,0.074015286211654305
13714,17105,17106,1,1,0.17804600942258203
13715,17106,17107,5,1,0.16660475755289628
13716,17107,17108,5,0,0.18695417999346201
13717,17108,17109,1,0,0.028796593213684128
13718,17109,17110,4,1,0.082615302807813137
13719,17112,17113,5,0,0.1671246253974443
13720,17113,17114,1,0,0.22327826979123053
13721,17114,17115,5,0,0.19255877488642426
13722,17115,17116,2,0,0.15301779481559355
13723,17116,17117,1,0,0.19326589817857731
13724,17117,17118,5,0,0.067552404849947262
13725,17118,17119,2,0,0.13407282375907495
13726,17122,17123,1,0,0.13784635726690797
13727,17123,17124,2,0,0.073182055523314637
13728,17124,17125,2,0,0.095784758303704892
13729,17125,17126,5,0,0.15347999097092793
13730,17126,17127,3,0,0.28769142982655072
13731,17127,17128,4,0,0.045067290145285738
13732,17129,17130,5,1,0.72079789858835919
13733,17130,17131,4,0,0.13788036587789976
13734,17131,17132,2,0,0.1567359056001211
13735,17132,17133,5,1,0.22254701450688735
13736,17134,17135,2,0,0.072853401037841381
13737,17135,17136,3,0,0.14301702084762427
13738,17136,17137,2,1,0.079882411759399752
13739,17138,17139,3,1,0.17201219761595132
13740,17139,17140,3,1,0.38666729424804219
13741,17140,17141,4,1,0.71351592654773577
13742,17141,17142,3,0,0.10362195712825141
13743,17143,17144,5,0,0.10744265147321136
13744,17144,17145,3,0,0.029330402185866512
13745,17145,17146,3,0,0.02737427342932983
13746,17146,17147,3,1,0.13557769110288864
13747,17147,17148,1,0,0.20891836027106106
13748,17148,17149,1,0,0.64295223787328171
13749,17149,17150,1,0,0.11616145849110354
13750,17150,17151,4,0,0.09590681140793543
13751,17151,17152,4,0,0.034503781076925213
13752,17152,17153,4,0,0.01015066181631003
13753,17153,17154,3,1,0.68090309011057693
13754,17154,17155,5,1,0.5819868484348153
13755,17155,17156,4,1,0.72842332029944346
13756,17156,17157,5,0,0.037335390310471589
13757,17158,17159,1,0,0.067555280957529995
13758,17159,17160,3,1,0.61397426811052302
13759,17160,17161,5,0,0.033969260646757343
13760,17161,17162,5,0,0.14405526976859809
13761,17162,17163,1,0,0.15565012895466429
13762,17164,17165,1,0,0.070661791929274798
13763,17167,17168,3,0,0.2646226728269761
13764,17169,17170,3,0,0.12217570535743806
13765,17170,17171,2,0,0.1860464102547055
13766,17171,17172,4,0,0.42334739821058792
13767,17173,17174,1,0,0.1655411744350094
13768,17178,17179,5,0,0.066997452186983331
13769,17179,17180,4,1,0.043982411766952612
13770,17180,17181,1,1,0.58515074695312275
13771,17181,17182,5,0,0.16176914544652174
13772,17183,17184,4,0,0.06170455327974872
13773,17185,17186,2,0,0.072971691982329917
13774,17186,17187,3,0,0.048844692237701409
13775,17187,17188,4,0,0.31040733744045423
13776,17188,17189,3,1,0.45302463882991684
13777,17189,17190,5,1,0.52920607419395549
13778,17190,17191,1,0,0.67245526619637708
13779,17191,17192,5,0,0.67267712636249011
13780,17193,17194,2,1,0.146702071829409
13781,17194,17195,3,0,0.039769423312638753
13782,17195,17196,1,0,0.10220521665973724
13783,17196,17197,2,0,0.21427212196080644
13784,17197,17198,2,0,0.14617377071557222
13785,17198,17199,5,0,0.24537238160243199
13786,17199,17200,1,0,0.049053385535561676
13787,17200,17201,1,0,0.14812830489596657
13788,17201,17202,4,1,0.60157136228930919
13789,17202,17203,5,0,0.19749052534162276
13790,17203,17204,2,1,0.63975148493996947
13791,17204,17205,5,0,0.11804380818955999
13792,17205,17206,1,0,0.22632956506068602
13793,17206,17207,5,0,0.080924261823428725
13794,17208,17209,3,0,0.48432084113633633
13795,17210,17211,4,0,0.14363177666788576
13796,17211,17212,2,0,0.12535553031672458
13797,17214,17215,1,0,0.073320723711689656
13798,17215,17216,2,0,0.16390143958714457
13799,17216,17217,4,0,0.26176253596979299
13800,17217,17218,4,0,0.22749628043437284
13801,17218,17219,5,0,0.34501350218244736
13802,17219,17220,5,1,0.26956664082882348
13803,17220,17221,2,0,0.1878334883960624
13804,17221,17222,2,0,0.15199666282441673
13805,17223,17224,4,0,0.42530679158579665
13806,17224,17225,3,0,0.28567191053905749
13807,17225,17226,1,0,0.052065480639992043
13808,17226,17227,3,0,0.11478069089217886
13809,17227,17228,3,0,0.11274041639869198
13810,17228,17229,5,0,0.023522589525172614
13811,17229,17230,3,0,0.22812331528317503
13812,17231,17232,5,0,0.31036837456874178
13813,17232,17233,1,1,0.79503138364989423
13814,17233,17234,3,0,0.2134132166945634
13815,17234,17235,2,1,0.64809633937088884
13816,17235,17236,4,1,0.79136203239643887
13817,17236,17237,2,1,0.55925534061903293
13818,17238,17239,1,0,0.0730242284360655
13819,17239,17240,1,1,0.78742980914589544
13820,17241,17242,2,0,0.19616002602383786
13821,17244,17245,4,1,0.7248506084379448
13822,17245,17246,4,0,0.16279826855410895
13823,17246,17247,5,0,0.40427906514903356
13824,17247,17248,1,1,0.87612005958062067
13825,17249,17250,3,1,0.010516994687600808
13826,17250,17251,2,0,0.059262078201036163
13827,17251,17252,2,1,0.48997011420549635
13828,17253,17254,2,0,0.13486752623327958
13829,17254,17255,4,1,0.49873391349278556
13830,17255,17256,3,1,0.7218136942955331
13831,17256,17257,2,1,0.6989529417019168
13832,17258,17259,5,0,0.412023961553935
13833,17259,17260,3,0,0.1390567115325034
13834,17260,17261,3,0,0.07250023263176375
13835,17261,17262,5,0,0.14598638508550699
13836,17262,17263,2,0,0.098553216040401778
13837,17263,17264,4,0,0.11347414222126311
13838,17264,17265,2,1,0.15270310797376335
13839,17265,17266,4,1,0.66179081581842591
13840,17267,17268,1,0,0.16063746852863969
13841,17268,17269,5,0,0.46407034443461448
13842,17270,17271,2,0,0.039977755922095709
13843,17271,17272,2,0,0.12749847893474794
13844,17272,17273,1,0,0.027563026770014896
13845,17273,17274,2,0,0.26555113382864831
13846,17274,17275,5,1,0.071764113187665998
13847,17276,17277,5,0,0.20788265614926216
13848,17277,17278,4,0,0.15982817509554931
13849,17278,17279,1,0,0.76984044275044561
13850,17279,17280,1,0,0.12760381120400618
13851,17280,17281,5,0,0.20289245804697972
13852,17281,17282,4,1,0.37465117361256578
13853,17283,17284,4,0,0.13417932593347975
13854,17284,17285,1,1,1
13855,17285,17286,1,0,0.13739078876513131
13856,17286,17287,1,0,0.090271217477338087
13857,17287,17288,5,0,0.042522660068294763
13858,17288,17289,5,0,0.1546082599673439
13859,17289,17290,4,1,0.39189056653609916
13860,17290,17291,4,0,0.12505132057251003
13861,17291,17292,3,1,0.13118960717136516
13862,17292,17293,1,0,0.045537144384315394
13863,17293,17294,2,0,0.22074895696358032
13864,17296,17297,2,1,0.1158625046669699
13865,17297,17298,1,0,0.038636488346025288
13866,17298,17299,1,0,0.010221662152421906
13867,17299,17300,4,0,0.020959129088966175
13868,17302,17303,3,0,0.16661925074172027
13869,17303,17304,5,1,0.6476356541789251
13870,17305,17306,2,0,0.23297465973009568
13871,17306,17307,2,0,0.24488176515736784
13872,17307,17308,2,1,0.26125643092446066
13873,17308,17309,4,0,0.055885918939062106
13874,17309,17310,5,1,0.46831881666691105
13875,17310,17311,2,0,0.06898131671634615
13876,17311,17312,5,1,0.17944129163643854
13877,17312,17313,4,1,0.092574512691922142
13878,17313,17314,3,0,0.063684378910098177
13879,17315,17316,1,1,0.43304244508426676
13880,17316,17317,5,1,0.5156478093382566
13881,17317,17318,4,0,0.10971834192027501
13882,17320,17321,1,0,0.2238268024691179
13883,17321,17322,1,0,0.029439898972936192
13884,17322,17323,2,0,0.16946328393181273
13885,17324,17325,2,0,0.66404808124537862
13886,17325,17326,5,0,0.16751931143855983
13887,17326,17327,1,0,0.14574084837455975
13888,17327,17328,1,0,0.020588868345682583
13889,17329,17330,4,0,0.07648730005893771
13890,17330,17331,5,0,0.085352339254146828
13891,17331,17332,2,1,0.31131802261801012
13892,17332,17333,3,0,0.11703146699825781
13893,17333,17334,3,0,0.0097813453938207853
13894,17334,17335,4,0,0.18317081275052524
13895,17335,17336,1,0,0.019496333234241929
13896,17336,17337,2,0,0.16567872424586993
13897,17337,17338,5,0,0.028419816588162821
13898,17339,17340,3,0,0.29006554956093805
13899,17340,17341,5,0,0.069666546983436661
13900,17341,17342,3,0,0.10737518694499858
13901,17342,17343,4,0,0.18603366827227158
13902,17343,17344,2,0,0.11911660078513872
13903,17344,17345,4,0,0.034770289675786478
13904,17345,17346,1,0,0.13874302509865108
13905,17346,17347,1,0,0.034870524911598151
13906,17347,17348,3,0,0.05676137494287832
13907,17348,17349,3,0,0.036604485584257301
13908,17350,17351,5,0,0.067826685901251044
13909,17351,17352,3,1,0.69953083800464388
13910,17352,17353,2,0,0.12687973089601548
13911,17353,17354,2,0,0.028288782356059083
13912,17355,17356,4,1,0.12447897477938044
13913,17356,17357,3,0,0.029362211017168172
13914,17357,17358,2,0,0.13794022074823567
13915,17358,17359,1,1,0.76554287698098322
13916,17359,17360,2,0,0.069761646561536009
13917,17360,17361,2,1,0.42719931623032875
13918,17362,17363,1,0,0.22097236073118987
13919,17363,17364,4,1,0.74249886071042381
13920,17364,17365,4,1,0.21451929057350327
13921,17365,17366,2,0,0.074425182637605905
13922,17366,17367,3,0,0.31399956906805437
13923,17367,17368,3,0,0.020930971565601909
13924,17368,17369,4,0,0.33087183165812811
13925,17369,17370,4,0,0.14776729298550031
13926,17370,17371,2,0,0.10086127390329251
13927,17371,17372,4,0,0.076842978405601239
13928,17372,17373,4,0,0.080681105315675572
13929,17373,17374,4,0,0.32607674024117506
13930,17374,17375,4,1,0.62946933351931589
13931,17377,17378,3,0,0.17683012695924552
13932,17378,17379,4,0,0.087748393029464036
13933,17380,17381,4,0,0.065320607744384362
13934,17381,17382,2,0,0.027694756265187793
13935,17383,17384,2,0,0.050995796927411886
13936,17384,17385,5,1,0.18329188494680579
13937,17385,17386,2,0,0.10015868435136621
13938,17386,17387,4,1,0.62807357993819646
13939,17387,17388,2,0,0.056612932321136442
13940,17388,17389,1,1,0.73917693154451014
13941,17389,17390,4,0,0.038799935259231685
13942,17390,17391,4,0,0.35057338435780333
13943,17392,17393,3,0,0.066639633883918012
13944,17394,17395,2,0,0.23138282645669861
13945,17396,17397,3,0,0.085057421486885054
13946,17397,17398,2,0,0.30770761950935688
13947,17398,17399,4,0,0.17918900739643628
13948,17400,17401,1,0,0.20277821672963503
13949,17402,17403,1,1,0.55224544191821678
13950,17403,17404,4,0,0.23700881105734922
13951,17406,17407,1,0,0.067034184150819714
13952,17407,17408,1,0,0.13816609246656272
13953,17409,17410,4,0,0.16489874918705422
13954,17411,17412,5,0,0.20521620882785782
13955,17414,17415,3,0,0.23907799864105564
13956,17415,17416,2,1,0.4976466508574709
13957,17416,17417,2,0,0.2331306224448951
13958,17418,17419,2,0,0.16501232184660941
13959,17419,17420,4,0,0.030222229112858701
13960,17421,17422,5,0,0.19602219923978409
13961,17422,17423,1,0,0.071725682654088754
13962,17424,17425,4,0,0.084411311797622554
13963,17425,17426,1,0,0.11424367560286598
13964,17427,17428,2,0,0.08217541088683035
13965,17428,17429,2,0,0.061530915213231126
13966,17429,17430,4,1,0.074016827566606921
13967,17430,17431,4,0,0.31611406927794095
13968,17431,17432,1,1,0.70908984902838057
13969,17432,17433,1,0,0.16010182803183803
13970,17433,17434,3,0,0.41958779089115605
13971,17436,17437,1,0,0.11805575884126286
13972,17437,17438,2,0,0.093382371053114324
13973,17438,17439,2,0,0.15387002831262644
13974,17439,17440,4,0,0.097000460557641513
13975,17440,17441,2,1,0.14542057340010431
13976,17441,17442,5,1,0.37958698797591894
13977,17442,17443,5,0,0.084875406273283216
13978,17443,17444,5,0,0.20032121692314245
13979,17444,17445,4,0,0.32595957331186459
13980,17445,17446,5,1,0.58826564829588368
13981,17446,17447,4,1,0.79109796642891828
13982,17447,17448,2,0,0.016878502739069129
13983,17449,17450,5,0,0.28622800872672938
13984,17450,17451,2,1,0.13469716447234184
13985,17451,17452,3,1,0.21064336263172612
13986,17452,17453,5,1,0.43077434568917256
13987,17453,17454,3,0,0.23769282778641851
13988,17455,17456,3,0,0.082767843718682232
13989,17456,17457,2,0,0.19678633524928002
13990,17457,17458,3,0,0.13963528952410911
13991,17458,17459,3,0,0.1979815642707779
13992,17459,17460,3,0,0.057555262112135797
13993,17460,17461,4,1,0.37251099417621192
13994,17463,17464,5,1,0.23173563966590141
13995,17464,17465,3,0,0.18771871680803628
13996,17465,17466,4,0,0.11417049770635625
13997,17466,17467,2,0,0.14780001141342322
13998,17468,17469,2,0,0.14071054486349863
13999,17470,17471,4,0,0.40103742451792201
14000,17471,17472,4,0,0.034656822430088698
14001,17473,17474,3,1,0.44775290198922157
14002,17475,17476,5,0,0.097733249965431784
14003,17476,17477,5,0,0.10237331087463543
14004,17477,17478,3,1,0.53185772211245697
14005,17478,17479,4,0,0.13097310593591374
14006,17479,17480,4,0,0.099318967368416569
14007,17480,17481,5,0,0.037931712573578844
14008,17481,17482,3,0,0.25969724311923231
14009,17483,17484,1,0,0.53047784694006161
14010,17484,17485,4,1,0.75716551046847236
14011,17486,17487,4,0,0.12398558087764858
14012,17487,17488,2,0,0.053574391719155498
14013,17488,17489,1,1,0.16701438430345455
14014,17489,17490,4,0,0.27154848832602468
14015,17491,17492,4,0,0.097891329869633392
14016,17492,17493,2,0,0.06694933529894162
14017,17493,17494,2,0,0.094753165567535685
14018,17494,17495,3,0,0.1427517644914636
14019,17496,17497,5,1,0.75799491925128115
14020,17497,17498,4,0,0.2016589855500443
14021,17498,17499,1,0,0.53859849726908959
14022,17499,17500,3,0,0.031556890506032692
14023,17500,17501,1,0,0.1777404487837877
14024,17501,17502,5,0,0.045933987169297814
14025,17502,17503,3,0,0.053975090339405105
14026,17504,17505,2,0,0.14765285159030528
14027,17506,17507,4,0,0.17516180609798931
14028,17507,17508,5,1,0.068100149338276961
14029,17509,17510,3,0,0.046257510386169438
14030,17511,17512,5,0,0.24305806809956329
14031,17512,17513,1,1,0.68028124527340872
14032,17513,17514,2,0,0.14546580444203649
14033,17514,17515,5,0,0.022831228539865588
14034,17515,17516,4,0,0.021302485531805731
14035,17516,17517,2,1,0.66262200057267573
14036,17517,17518,5,0,0.028787406078887069
14037,17520,17521,3,0,0.10117978768526094
14038,17521,17522,3,0,0.018681700949911683
14039,17523,17524,2,0,0.35905538753040933
14040,17524,17525,1,1,0.20606948355817434
14041,17525,17526,4,1,0.75775736790128245
14042,17526,17527,3,0,0.10165839993973103
14043,17527,17528,1,0,0.031190911076780705
14044,17528,17529,1,0,0.18502154553910941
14045,17529,17530,5,0,0.079923219818618385
14046,17530,17531,2,0,0.035971304006339459
14047,17532,17533,3,0,0.0080187477959786143
14048,17533,17534,3,1,0.30097598693167305
14049,17534,17535,3,0,0.086373558169946962
14050,17536,17537,2,0,0.10377610721566305
14051,17537,17538,1,0,0.027161017702110123
14052,17538,17539,3,0,0.089587536165833564
14053,17540,17541,5,1,0.5888424682083826
14054,17542,17543,2,0,0.21380620841831646
14055,17543,17544,1,0,0.11791408590862101
14056,17544,17545,2,1,0.64127582184540122
14057,17545,17546,3,0,0.26034874983757489
14058,17546,17547,2,1,0.7040946094920133
14059,17548,17549,3,1,0.12681737045495242
14060,17549,17550,3,0,0.35572940620807791
14061,17550,17551,4,1,0.55991362260884847
14062,17551,17552,4,0,0.47574593365785922
14063,17552,17553,1,0,0.046889781192990629
14064,17553,17554,3,0,0.11305774543351811
14065,17554,17555,1,0,0.17955679910772432
14066,17556,17557,4,0,0.13557201189543916
14067,17559,17560,5,0,0.24656415609432622
14068,17560,17561,5,1,0.13161996116280777
14069,17561,17562,5,1,0.46039118576038796
14070,17562,17563,4,1,0.18356453736694547
14071,17563,17564,3,1,0.14112731936824591
14072,17565,17566,1,0,0.15568867557926966
14073,17566,17567,1,0,0.17323363427994459
14074,17567,17568,5,0,0.21815821274628766
14075,17568,17569,2,0,0.17251950743029446
14076,17570,17571,1,0,0.028321025820340049
14077,17572,17573,2,0,0.055929220569278078
14078,17573,17574,4,0,0.11786581826140348
14079,17574,17575,3,0,0.049616497738325917
14080,17576,17577,1,0,0.094185670747506528
14081,17577,17578,4,0,0.16842821619997511
14082,17578,17579,3,0,0.038466467388346401
14083,17579,17580,5,0,0.12482821746357285
14084,17580,17581,5,1,0.64503665962996004
14085,17581,17582,4,1,0.54975847263018174
14086,17582,17583,5,1,0.25482611724971393
14087,17584,17585,4,0,0.16018911725974155
14088,17586,17587,4,1,0.23298468479838538
14089,17587,17588,1,0,0.68916496399367266
14090,17589,17590,3,0,0.15362684367434806
14091,17590,17591,1,0,0.13016195810673239
14092,17591,17592,5,0,0.68453889754006969
14093,17592,17593,3,0,0.071030825828518163
14094,17593,17594,2,0,0.090473768649514286
14095,17594,17595,3,0,0.22676073503010122
14096,17595,17596,3,1,0.1541099721757779
14097,17596,17597,3,0,0.079419333393353678
14098,17599,17600,4,0,0.21347562816407364
14099,17601,17602,5,0,0.076085789726166503
14100,17602,17603,3,0,0.098181917437090677
14101,17604,17605,1,0,0.14529202365300953
14102,17605,17606,4,0,0.26899024122172926
14103,17606,17607,5,0,0.11170293936737767
14104,17607,17608,4,0,0.071648223623032387
14105,17608,17609,2,0,0.3852702464452793
14106,17609,17610,3,0,0.16968648333927461
14107,17610,17611,2,0,0.2341865385349805
14108,17611,17612,3,0,0.11282222228133969
14109,17612,17613,3,0,0.62699336818078621
14110,17613,17614,1,0,0.06755688135324163
14111,17614,17615,5,1,0.73485912822952371
14112,17615,17616,3,0,0.011347838615773046
14113,17616,17617,2,0,0.19530557277460592
14114,17617,17618,1,0,0.081166665191979626
14115,17622,17623,5,1,0.72464147254672573
14116,17623,17624,3,0,0.11514988514068358
14117,17624,17625,3,1,0.29312144682236529
14118,17625,17626,5,0,0.6728056760162946
14119,17627,17628,1,0,0.10605965660249254
14120,17628,17629,2,1,0.31860885301948799
14121,17629,17630,3,0,0.068208595110549747
14122,17630,17631,4,0,0.10661218601894516
14123,17631,17632,1,0,0.054296674022910912
14124,17632,17633,5,0,0.070396603723078696
14125,17633,17634,5,0,0.2101581888345708
14126,17634,17635,4,1,0.75048321115724903
14127,17636,17637,5,0,0.076357999284344488
14128,17637,17638,3,0,0.068579768662611604
14129,17638,17639,5,0,0.27475034388723713
14130,17639,17640,1,0,0.056956457340339814
14131,17640,17641,2,1,0.37933145702532067
14132,17641,17642,3,0,0.064166659811782142
14133,17642,17643,2,0,0.081376806087189446
14134,17643,17644,3,0,0.019025475386300561
14135,17644,17645,2,1,0.11559183884911649
14136,17645,17646,2,0,0.26151364355554096
14137,17648,17649,4,0,0.085772836888880308
14138,17650,17651,2,1,0.25712645025087455
14139,17651,17652,2,0,0.077554962677677683
14140,17652,17653,1,0,0.089147996571283944
14141,17653,17654,2,1,0.67443682923994674
14142,17654,17655,1,0,0.096644075374362509
14143,17655,17656,1,0,0.18404171770589306
14144,17656,17657,5,0,0.4065419465525964
14145,17657,17658,4,0,0.045186028752387059
14146,17658,17659,3,0,0.061310636147701839
14147,17659,17660,2,0,0.6791222118896808
14148,17660,17661,3,0,0.19271540912235399
14149,17661,17662,5,0,0.16878313534794073
14150,17663,17664,5,0,0.4643896446531468
14151,17665,17666,2,0,0.087311864375272552
14152,17666,17667,3,0,0.11867678163520631
14153,17667,17668,2,1,0.54210127826622523
14154,17668,17669,1,0,0.18535908486050956
14155,17669,17670,5,0,0.029659414411959576
14156,17670,17671,5,0,0.032827921516865456
14157,17671,17672,3,0,0.032528324249714302
14158,17673,17674,5,0,0.11618514379731125
14159,17674,17675,5,0,0.098429950877753997
14160,17675,17676,4,0,0.13410211157646693
14161,17676,17677,5,0,0.52377939756204783
14162,17677,17678,3,0,0.13694560685029
14163,17678,17679,5,0,0.064265768370194709
14164,17680,17681,4,0,0.11917966873814728
14165,17682,17683,3,0,0.14236870191095563
14166,17684,17685,3,0,0.098822757311936862
14167,17686,17687,4,0,0.045172309351999909
14168,17687,17688,2,1,0.70392643082351336
14169,17688,17689,5,0,0.11659003023223931
14170,17689,17690,3,0,0.016670411900354083
14171,17690,17691,4,0,0.033092254476366906
14172,17692,17693,5,1,0.38697326648448044
14173,17695,17696,1,0,0.062218190930462186
14174,17696,17697,4,0,0.089659961135679186
14175,17697,17698,1,1,0.69316618666143981
14176,17698,17699,3,0,0.024817153898800532
14177,17699,17700,2,0,0.063308446289428472
14178,17700,17701,2,0,0.16236663588180605
14179,17702,17703,2,0,0.73069515784432915
14180,17703,17704,3,0,0.1301928080342466
14181,17704,17705,5,0,0.01842366443058872
14182,17705,17706,3,0,0.20264619508531664
14183,17706,17707,3,0,0.15080586345746916
14184,17708,17709,3,0,0.087125258675495726
14185,17709,17710,2,0,0.32326211327711968
14186,17710,17711,1,0,0.63474090632380153
14187,17711,17712,2,0,0.13898241046149581
14188,17712,17713,4,1,0.74492236132892808
14189,17713,17714,1,0,0.072182082124001207
14190,17714,17715,3,1,0.84497930232159268
14191,17715,17716,3,0,0.11092578783074357
14192,17716,17717,1,0,0.11830866188331483
14193,17717,17718,5,0,0.20226057363601399
14194,17718,17719,4,1,0.23963538087450462
14195,17719,17720,4,0,0.19761829979092932
14196,17721,17722,5,0,0.16778338418571997
14197,17722,17723,2,0,0.17156388477724835
14198,17723,17724,1,0,0.13487506054581802
14199,17724,17725,3,1,0.58028897074645325
14200,17725,17726,3,0,0.11024184709343218
14201,17726,17727,5,0,0.046475632256985963
14202,17727,17728,4,0,0.17857868759671292
14203,17729,17730,4,0,0.16162587026062672
14204,17731,17732,5,0,0.18085993441562256
14205,17732,17733,3,1,0.59037162645080365
14206,17733,17734,5,0,0.12290189061355744
14207,17734,17735,2,0,0.5126940834215753
14208,17736,17737,5,0,0.43062409645063565
14209,17740,17741,3,0,0.32998607490590898
14210,17741,17742,3,1,0.32466301370055656
14211,17742,17743,2,0,0.062151808268594649
14212,17743,17744,4,1,0.52037304392176931
14213,17744,17745,3,0,0.092492134375102314
14214,17745,17746,5,1,0.1215359278142516
14215,17746,17747,3,1,0.65231641570382859
14216,17747,17748,3,0,0.80673389586475253
14217,17748,17749,5,0,0.039851153459230501
14218,17749,17750,2,0,0.58212609882535804
14219,17750,17751,1,0,0.039072633464241148
14220,17751,17752,4,0,0.20103538763051038
14221,17752,17753,3,0,0.12036637483680727
14222,17754,17755,2,0,0.12005846506755105
14223,17755,17756,2,0,0.12002749181264688
14224,17756,17757,2,1,0.83718225121932632
14225,17757,17758,4,0,0.10296737384951357
14226,17760,17761,3,0,0.076588448640216938
14227,17761,17762,1,1,0.65701887073574849
14228,17763,17764,2,0,0.69399364688793341
14229,17764,17765,5,0,0.098756627051994048
14230,17765,17766,1,0,0.11716377006859797
14231,17766,17767,2,0,0.11394140306534588
14232,17768,17769,3,0,0.37257660772658074
14233,17770,17771,3,0,0.1001424069348696
14234,17771,17772,2,0,0.11806349605316006
14235,17772,17773,2,0,0.12565377627012483
14236,17775,17776,3,1,0.60257803922849196
14237,17776,17777,1,0,0.34795389907993735
14238,17777,17778,5,0,0.17902597736446099
14239,17779,17780,4,0,0.19352277850747787
14240,17780,17781,4,0,0.27435340239668393
14241,17781,17782,3,1,0.47267351504773014
14242,17782,17783,3,0,0.067964315899465874
14243,17783,17784,1,0,0.1840724894708011
14244,17784,17785,4,1,0.1700621688614681
14245,17785,17786,1,0,0.76382480258748653
14246,17786,17787,3,0,0.24411036397941385
14247,17787,17788,4,0,0.65317187611706695
14248,17788,17789,1,0,0.63604845274223887
14249,17789,17790,5,0,0.37341760857384676
14250,17790,17791,4,0,0.10775591880516656
14251,17791,17792,3,0,0.10122288445195496
14252,17792,17793,4,0,0.15405385411331876
14253,17793,17794,4,1,0.6121703744806154
14254,17794,17795,4,0,0.40800427408767015
14255,17796,17797,1,0,0.13652215116642769
14256,17797,17798,2,1,0.30799106634107787
14257,17798,17799,5,1,0.7328777455075105
14258,17800,17801,2,0,0.14746678937639104
14259,17801,17802,2,1,0.67977022210974014
14260,17802,17803,5,0,0.095550310555010065
14261,17803,17804,5,0,0.073046702859535809
14262,17804,17805,2,0,0.11195000564751167
14263,17805,17806,2,0,0.018088615939895088
14264,17808,17809,4,1,0.83410298676432282
14265,17810,17811,4,0,0.7103751690212331
14266,17811,17812,1,0,0.22686819073963224
14267,17812,17813,4,1,0.65664734791314927
14268,17813,17814,1,0,0.1708841336530775
14269,17814,17815,4,0,0.19416519544599536
14270,17816,17817,3,0,0.17824988823358542
14271,17817,17818,2,1,0.13984096418594688
14272,17819,17820,2,0,0.15525742081265495
14273,17820,17821,2,0,0.079437247684886927
14274,17821,17822,4,1,0.33751266162200971
14275,17822,17823,4,0,0.092250240648574233
14276,17824,17825,2,1,0.20009298076584975
14277,17825,17826,3,1,0.26075557392627746
14278,17826,17827,2,0,0.18536093586397173
14279,17827,17828,2,0,0.12754637156597462
14280,17828,17829,5,0,0.15789110016795255
14281,17829,17830,2,0,0.16968585360861616
14282,17830,17831,4,0,0.072668534773865562
14283,17831,17832,2,1,0.59661883780209757
14284,17832,17833,4,0,0.61170170101600008
14285,17833,17834,4,0,0.14046579738309886
14286,17834,17835,5,0,0.065703523610382994
14287,17835,17836,4,1,0.16634951145508581
14288,17837,17838,3,0,0.1481767121579996
14289,17838,17839,1,1,0.17369616884429184
14290,17839,17840,1,0,0.10499233355348553
14291,17840,17841,3,1,0.086564545798888864
14292,17841,17842,4,0,0.16819818614258619
14293,17842,17843,4,0,0.72542650549614818
14294,17843,17844,5,0,0.11072913106081363
14295,17844,17845,4,1,0.58860874061854007
14296,17845,17846,1,0,0.18653260973247138
14297,17847,17848,4,0,0.092684007069358254
14298,17849,17850,1,0,0.07155823328876626
14299,17850,17851,4,0,0.13901151879906179
14300,17851,17852,1,0,0.55027901830920745
14301,17852,17853,5,0,0.03338080458505898
14302,17853,17854,1,0,0.095394594070075125
14303,17854,17855,1,0,0
14304,17855,17856,2,0,0.12345156671383484
14305,17856,17857,1,0,0.15749179807216063
14306,17858,17859,2,0,0.13992644352880604
14307,17859,17860,2,1,0.10860618742936071
14308,17860,17861,5,0,0.37204345296050323
14309,17862,17863,2,1,0.82848378438793457
14310,17863,17864,2,1,0.63682924075921166
14311,17864,17865,3,0,0.092236089266998583
14312,17865,17866,4,0,0.09871777064149248
14313,17866,17867,1,1,0.17221992655771745
14314,17868,17869,1,1,0.074699305789702811
14315,17869,17870,3,0,0.069700242570374479
14316,17870,17871,2,0,0.23425853320193835
14317,17871,17872,1,1,0.655775342609207
14318,17872,17873,1,0,0.055803518455423355
14319,17873,17874,3,0,0.12034927137260509
14320,17874,17875,1,1,0.78979997540564961
14321,17876,17877,5,0,0.097185147366503258
14322,17877,17878,4,0,0.19358641578803298
14323,17879,17880,1,1,0.32769122174094861
14324,17880,17881,4,0,0.14166959295575401
14325,17881,17882,2,0,0.19684409572229949
14326,17882,17883,4,0,0.079680443710555229
14327,17883,17884,1,0,0.2794480760444446
14328,17884,17885,4,0,0.75121047080660464
14329,17885,17886,4,0,0.060364208062624831
14330,17887,17888,3,0,0.097569232923848032
14331,17888,17889,3,0,0.59200977915155484
14332,17889,17890,1,0,0.036635288723822587
14333,17890,17891,5,0,0.024119929883088552
14334,17894,17895,1,1,0.66326167221154086
14335,17896,17897,1,1,0.51237165860911993
14336,17897,17898,1,0,0.093523662222448428
14337,17898,17899,4,0,0.22814027712429752
14338,17899,17900,5,0,0.12009945717946721
14339,17901,17902,5,0,0.12299224816069751
14340,17902,17903,3,0,0.2394223876955201
14341,17903,17904,5,0,0.77127905880885494
14342,17904,17905,5,1,0.40313956747476881
14343,17905,17906,3,0,0.14844468384884427
14344,17906,17907,3,1,0.61242721335699812
14345,17907,17908,3,1,0.32252573219658365
14346,17908,17909,5,1,0.60598161793390459
14347,17909,17910,4,1,0.48574032014265078
14348,17910,17911,5,1,0.63656109439955666
14349,17912,17913,3,0,0.087995786117219879
14350,17913,17914,5,0,0.15102998331252904
14351,17914,17915,5,0,0.051180640334470284
14352,17915,17916,5,1,0.73624037581049118
14353,17916,17917,4,1,0.18821846600778713
14354,17917,17918,4,0,0.16204698265084513
14355,17918,17919,3,1,0.7151393056347638
14356,17919,17920,1,0,0.14959386690232077
14357,17920,17921,1,1,0.1133102823530026
14358,17921,17922,4,1,0.76278071921917145
14359,17922,17923,3,0,0.070715809631142337
14360,17924,17925,1,1,0.71124234683989573
14361,17925,17926,3,0,0.092951961599164759
14362,17926,17927,4,1,0.84440305236640001
14363,17928,17929,4,0,0.055059077982141082
14364,17929,17930,1,0,0.093601316715132651
14365,17930,17931,1,0,0.24252822239878419
14366,17933,17934,1,0,0
14367,17934,17935,1,0,0.090377264879050137
14368,17935,17936,5,0,0.15735356998079664
14369,17936,17937,2,0,0.17895176934962054
14370,17937,17938,2,0,0.14450025653699261
14371,17938,17939,2,0,0.18611741369830423
14372,17939,17940,5,0,0.073760878857550519
14373,17940,17941,1,1,0.81330960350339254
14374,17941,17942,4,0,0.065440197329022315
14375,17943,17944,2,0,0.18770439115380233
14376,17944,17945,3,1,0.3977822004823105
14377,17945,17946,2,0,0.32705362143140015
14378,17946,17947,4,0,0.28222492459060244
14379,17949,17950,2,0,0.11575985117859136
14380,17950,17951,3,1,0.76739026388788356
14381,17951,17952,5,0,0.41166966091274648
14382,17952,17953,2,0,0.10038111949552316
14383,17953,17954,5,0,0.34429216054407452
14384,17954,17955,5,0,0.16780599157034876
14385,17955,17956,2,0,0.17945203204214979
14386,17956,17957,3,0,0.17352193966200122
14387,17957,17958,4,0,0.16495478872861213
14388,17958,17959,4,0,0.035794186441944577
14389,17959,17960,4,1,0.66635215236524536
14390,17960,17961,3,0,0.23901744734813218
14391,17961,17962,3,1,0.12764937100157028
14392,17962,17963,1,0,0.19855290358059219
14393,17963,17964,5,1,0.15553912381516127
14394,17964,17965,1,0,0.10089943160749977
14395,17965,17966,5,0,0.24012791640775102
14396,17966,17967,1,1,0.64806762978255894
14397,17967,17968,3,0,0.0082894292518400792
14398,17968,17969,2,0,0.27662513593890287
14399,17969,17970,2,0,0.21801934699104658
14400,17970,17971,4,0,0.19196663263243202
14401,17971,17972,3,1,0.3572184752069989
14402,17972,17973,3,0,0.13575319406512834
14403,17973,17974,4,1,0.83204056332384035
14404,17974,17975,5,0,0.45440330437527565
14405,17976,17977,2,0,0.055786845805543994
14406,17977,17978,5,0,0.048672357263802021
14407,17978,17979,2,0,0.17726060705944754
14408,17980,17981,3,0,0.071690077793162457
14409,17981,17982,2,0,0.13878085626163406
14410,17982,17983,1,0,0.15335728909494936
14411,17983,17984,2,0,0.14415839577106063
14412,17984,17985,3,0,0.09460166015343241
14413,17985,17986,3,1,0.10707470659714924
14414,17986,17987,1,0,0.32380030604962906
14415,17988,17989,1,1,0.69608014288542575
14416,17989,17990,3,0,0.16242616048409342
14417,17990,17991,5,0,0.18029889571264021
14418,17991,17992,5,0,0.15675008302790042
14419,17993,17994,2,0,0.047689097129028461
14420,17994,17995,3,0,0.11463082857639635
14421,17995,17996,2,0,0.07435439521958101
14422,17996,17997,4,0,0.031413462698569691
14423,17997,17998,4,0,0.096045973714578903
14424,17999,18000,5,1,0.50010994925506358
14425,18000,18001,1,1,0.50198120682756964
14426,18001,18002,1,1,0.71624743276910574
14427,18002,18003,3,0,0.11880397119795881
14428,18004,18005,5,0,0.15163441509314041
14429,18006,18007,3,0,0.10426415797247227
14430,18007,18008,1,0,0.055764362074051964
14431,18008,18009,2,1,0.46230939637163959
14432,18009,18010,4,1,0.13860239699058463
14433,18010,18011,3,1,0.42740391318798326
14434,18011,18012,1,0,0.09056626215950353
14435,18012,18013,2,1,0.65848360390292837
14436,18013,18014,5,0,0.095609763300821923
14437,18014,18015,4,0,0.31136722927323141
14438,18015,18016,1,0,0.17402838574490526
14439,18018,18019,3,0,0.39788769491616466
14440,18019,18020,3,1,0.74736558598869063
14441,18020,18021,5,0,0.20228223740051943
14442,18021,18022,1,0,0.13749967265253729
14443,18023,18024,1,0,0.35163904099948834
14444,18024,18025,2,1,0.67221772085088838
14445,18026,18027,4,1,0.62179698211775269
14446,18027,18028,2,0,0.14558290941876698
14447,18028,18029,2,0,0.089004508527125895
14448,18029,18030,1,0,0.13357617407865333
14449,18031,18032,5,0,0.077866726912675793
14450,18032,18033,2,0,0.029772398545043859
14451,18033,18034,4,1,0.73717654278545408
14452,18034,18035,1,0,0.16867556368788864
14453,18035,18036,3,1,0.60494734735314737
14454,18036,18037,1,0,0.094430293043113858
14455,18037,18038,1,0,0.22224916745633375
14456,18038,18039,1,0,0.7645981100714826
14457,18039,18040,3,0,0.7146097494161614
14458,18042,18043,2,0,0.56753043312848961
14459,18043,18044,1,0,0.17427697619091551
14460,18044,18045,2,0,0.14301137027919322
14461,18045,18046,4,0,0.10724362643695329
14462,18046,18047,3,0,0.16221911246516177
14463,18047,18048,1,1,0.32742039491510927
14464,18048,18049,3,1,0.38185638559402524
14465,18049,18050,4,0,0.15419977929820206
14466,18050,18051,4,0,0.073999458955136779
14467,18051,18052,3,0,0.085665646393507225
14468,18052,18053,1,0,0.088135270060289733
14469,18053,18054,4,0,0.17576948089572836
14470,18054,18055,5,0,0.10619692797571534
14471,18055,18056,5,0,0.23771578243882424
14472,18057,18058,1,1,0.24651996248822725
14473,18058,18059,1,0,0.62908975410875612
14474,18060,18061,3,0,0.18056420795949496
14475,18061,18062,2,0,0.098333923038186624
14476,18062,18063,3,1,0.77530155471205975
14477,18063,18064,2,0,0.2343242415752223
14478,18064,18065,3,1,0.20220924355951489
14479,18065,18066,4,0,0.13081689049041217
14480,18066,18067,3,1,0.70594025443241937
14481,18067,18068,2,0,0.48798233742054864
14482,18068,18069,5,0,0.086853541733355064
14483,18070,18071,1,0,0.18398618914914258
14484,18072,18073,4,0,0.59904650196641018
14485,18073,18074,5,1,0.68810188943859785
14486,18074,18075,2,1,0.21996262540341521
14487,18075,18076,3,1,0.60295288432435312
14488,18076,18077,4,0,0.16806158964273826
14489,18077,18078,4,1,0.12417269728348507
14490,18078,18079,4,0,0.078919289735099429
14491,18079,18080,5,0,0.23672073190500353
14492,18080,18081,4,0,0.030104184681330859
14493,18082,18083,5,0,0.045118081367595077
14494,18083,18084,2,0,0.41479793599967896
14495,18085,18086,5,0,0.4588154318169258
14496,18087,18088,5,0,0.14113402824476515
14497,18089,18090,1,0,0.12376839912942321
14498,18090,18091,4,0,0.078309566096789462
14499,18091,18092,4,0,0.10836950318767623
14500,18096,18097,3,1,0.43147332456997844
14501,18097,18098,1,1,0.16448776373126484
14502,18099,18100,1,1,0.65929292578362919
14503,18100,18101,2,1,0.52767975647541598
14504,18101,18102,2,1,0.39547810483527551
14505,18102,18103,4,0,0.12022982308922578
14506,18103,18104,3,0,0.12716801485807538
14507,18104,18105,2,0,0.50217916829231479
14508,18106,18107,3,0,0.10042226829355332
14509,18107,18108,5,0,0.28876129413321855
14510,18109,18110,3,1,0.75950227800072656
14511,18110,18111,3,1,0.69922310850359948
14512,18111,18112,2,0,0.24948281423595181
14513,18112,18113,4,0,0.093641091859052353
14514,18113,18114,1,1,0.36503438417831391
14515,18114,18115,3,0,0.075582805332673475
14516,18116,18117,5,1,0.69813618716340931
14517,18118,18119,2,0,0.12073999394541005
14518,18119,18120,4,0,0.12824932953947429
14519,18120,18121,2,0,0.04362322889110519
14520,18121,18122,4,0,0.18945060272971348
14521,18122,18123,3,0,0.39298202859975168
14522,18124,18125,5,0,0.07391126578772543
14523,18125,18126,2,0,0.17428687345509639
14524,18126,18127,4,0,0.10714138654117485
14525,18127,18128,1,0,0.11274275350333768
14526,18128,18129,5,0,0.1973395183859655
14527,18129,18130,1,1,0.033590136575815353
14528,18130,18131,5,0,0.20970492691687587
14529,18132,18133,4,0,0.046056898293425616
14530,18135,18136,5,1,0.82060885632320713
14531,18137,18138,3,0,0.27143079141006271
14532,18138,18139,5,1,0.093985069743295444
14533,18140,18141,1,0,0.23517292199632781
14534,18141,18142,4,0,0.091446095735520594
14535,18142,18143,3,1,0.21386724803638041
14536,18143,18144,2,0,0.063676865578414871
14537,18144,18145,2,0,0.066611428327339225
14538,18145,18146,5,0,0.099604252254454212
14539,18146,18147,2,0,0.017800259107200751
14540,18147,18148,4,0,0
14541,18148,18149,2,0,0.026288348110408571
14542,18149,18150,3,0,0.38589166084003268
14543,18150,18151,3,0,0.17624335188412393
14544,18151,18152,2,1,0.68836330343463603
14545,18152,18153,5,0,0.080582554157155303
14546,18153,18154,3,0,0.14269908156495129
14547,18154,18155,5,0,0.12475498396446978
14548,18155,18156,4,0,0.1372590308325401
14549,18157,18158,4,1,0.52861912163641245
14550,18158,18159,1,1,0.78421341920971788
14551,18160,18161,4,0,0.16314940160694141
14552,18161,18162,5,0,0.13846374736147665
14553,18162,18163,3,0,0.30995132046159962
14554,18166,18167,1,0,0.18740482232162753
14555,18167,18168,1,0,0.060932856656800413
14556,18168,18169,2,0,0.093432910126414373
14557,18169,18170,4,1,0.65666593371072868
14558,18170,18171,2,0,0.37237922465934697
14559,18172,18173,1,0,0.069336811217091107
14560,18173,18174,5,0,0.25556450249155588
14561,18174,18175,1,0,0.089395091271292887
14562,18176,18177,2,0,0.5795605029083496
14563,18177,18178,4,0,0.22037549634181355
14564,18178,18179,5,0,0.028505647656373395
14565,18179,18180,4,0,0.25006451200654806
14566,18180,18181,3,0,0.092791298105059095
14567,18181,18182,1,0,0.019150495563933209
14568,18183,18184,5,0,0.046746468554217199
14569,18184,18185,1,0,0.25271852849094939
14570,18185,18186,2,1,0.48273734936374341
14571,18186,18187,5,1,0.12128826601066525
14572,18187,18188,2,0,0.22757390224941962
14573,18189,18190,3,0,0.14691951236008824
14574,18190,18191,3,0,0.19666980456289931
14575,18192,18193,1,1,0.7895736063700638
14576,18193,18194,3,0,0.60472427895292502
14577,18195,18196,3,0,0.14704890888513064
14578,18196,18197,4,0,0.13653838410812924
14579,18198,18199,4,1,0.68605727266231453
14580,18200,18201,4,0,0.10978359205503037
14581,18201,18202,1,0,0.070487229963096115
14582,18202,18203,5,0,0.15883242731093808
14583,18203,18204,4,0,0.085583351501411595
14584,18204,18205,1,0,0.18187599944108629
14585,18205,18206,4,0,0.17377278261828422
14586,18207,18208,3,0,0.13948387069704624
14587,18208,18209,2,0,0.17110163885239937
14588,18209,18210,2,0,0.089484251384390603
14589,18210,18211,5,0,0.11142269077342866
14590,18212,18213,1,1,0.22036020686131308
14591,18214,18215,2,0,0.24700560937507945
14592,18215,18216,5,0,0.31579084811579755
14593,18216,18217,4,1,0.45397934355769581
14594,18217,18218,2,0,0.22823627761937959
14595,18218,18219,2,0,0.026618105468812096
14596,18219,18220,1,1,0.44468498659294409
14597,18220,18221,1,0,0.42099080212149043
14598,18221,18222,2,1,0.62108248153467183
14599,18222,18223,2,0,0.060210072634011763
14600,18223,18224,2,0,0.30424306427411069
14601,18224,18225,2,0,0.084488384150965309
14602,18225,18226,2,1,0.60634546596493455
14603,18226,18227,1,0,0.14368009763833348
14604,18227,18228,1,0,0.72857331431651318
14605,18228,18229,4,0,0.77653144997417722
14606,18229,18230,1,1,0.70265995397761583
14607,18230,18231,2,0,0.057231939397502624
14608,18231,18232,5,0,0.15412915234770277
14609,18232,18233,4,0,0.17254306738731257
14610,18236,18237,2,0,0.17036681141620699
14611,18237,18238,1,0,0.01667005610149044
14612,18238,18239,5,0,0.28461873743963684
14613,18240,18241,4,0,0.22039624204266478
14614,18241,18242,3,1,0.69337400423733575
14615,18242,18243,1,0,0.31002515446019802
14616,18243,18244,1,0,0.74728596602407626
14617,18244,18245,1,0,0.27580159678477273
14618,18246,18247,2,0,0.37314947378506186
14619,18247,18248,1,0,0.12658205365577518
14620,18249,18250,2,1,0.65702107370599094
14621,18250,18251,3,1,0.49056741803810583
14622,18251,18252,5,0,0.17228648318593126
14623,18253,18254,3,0,0.085118465497110357
14624,18257,18258,4,1,0.26709583153774369
14625,18258,18259,1,0,0.17427436424274306
14626,18259,18260,4,1,0.8522263095133118
14627,18260,18261,4,0,0.06071354531776519
14628,18261,18262,3,0,0.11654799346843575
14629,18262,18263,2,0,0.17538949750806876
14630,18264,18265,5,0,0.063798553013391074
14631,18265,18266,2,0,0.19520646080513587
14632,18266,18267,4,1,0.19147190725677821
14633,18267,18268,5,0,0.078664912020563207
14634,18270,18271,4,0,0.24939203361315876
14635,18271,18272,2,0,0.61855705155326646
14636,18272,18273,1,0,0.16404276014119648
14637,18273,18274,4,1,0.22845790279526584
14638,18275,18276,2,0,0.16294793910858194
14639,18276,18277,2,0,0.27718143722533067
14640,18278,18279,4,1,0.80798063737040271
14641,18279,18280,2,0,0.14607544111584356
14642,18281,18282,1,1,0.2685099504756005
14643,18282,18283,3,0,0.077650591615311793
14644,18284,18285,1,0,0.32118654068605135
14645,18285,18286,4,0,0.13458341989395819
14646,18286,18287,1,0,0.15168389985726274
14647,18287,18288,4,0,0.150027507194088
14648,18288,18289,3,0,0.096300005240615369
14649,18289,18290,3,0,0.11522127458561655
14650,18292,18293,2,1,0.23650294647730252
14651,18293,18294,2,0,0.25239679031356044
14652,18294,18295,4,0,0.16239440169321853
14653,18298,18299,3,0,0.11840212618986397
14654,18299,18300,1,0,0.086242263437407346
14655,18301,18302,4,0,0.34830874019899571
14656,18302,18303,5,0,0.28207398326836691
14657,18303,18304,4,1,0.15369117459309703
14658,18304,18305,1,0,0.15742092011836376
14659,18306,18307,1,0,0.24014953865620434
14660,18307,18308,5,0,0.049889727806670198
14661,18310,18311,1,0,0.055607753423674834
14662,18311,18312,2,1,0.17374216316741234
14663,18312,18313,1,0,0.3192881227742933
14664,18313,18314,5,1,0.20956321917854057
14665,18314,18315,4,0,0.66000211075353687
14666,18316,18317,4,1,0.17105607975854489
14667,18317,18318,1,1,0.19436439766837632
14668,18318,18319,2,0,0.061459827996189847
14669,18320,18321,1,0,0.15693100538761251
14670,18321,18322,3,0,0.082736417921168856
14671,18322,18323,4,0,0.11561543310933821
14672,18323,18324,5,0,0.13113513116523978
14673,18324,18325,4,0,0.10638039385802937
14674,18325,18326,3,0,0
14675,18326,18327,4,1,0.027507423503319504
14676,18327,18328,5,0,0.22856671767800851
14677,18328,18329,1,0,0.15824658604673641
14678,18329,18330,3,1,0.15716045216916641
14679,18331,18332,4,0,0.207212934008662
14680,18332,18333,2,0,0.037206667196115067
14681,18333,18334,4,0,0.21589032526862814
14682,18334,18335,4,0,0.12733519063670407
14683,18335,18336,2,1,0.59550192084987319
14684,18336,18337,2,1,0.16201040016430354
14685,18337,18338,5,0,0.057850710416030272
14686,18338,18339,1,0,0.21897602427167492
14687,18339,18340,5,1,0.095121270483069009
14688,18340,18341,3,0,0.096342795635219997
14689,18341,18342,2,0,0.22043623610916846
14690,18342,18343,1,0,0.49820099986428529
14691,18343,18344,5,0,0.09620613852966127
14692,18345,18346,1,0,0.10899491403706789
14693,18346,18347,5,0,0.55691586117381175
14694,18347,18348,2,0,0.42036989909620132
14695,18349,18350,2,1,0.078817046471501603
14696,18350,18351,2,1,0.25798068282835185
14697,18351,18352,2,1,0.51753261568055986
14698,18353,18354,5,0,0.060964633043200669
14699,18354,18355,1,0,0.24291033388148989
14700,18355,18356,5,0,0.068290990512599861
14701,18356,18357,1,0,0.04862545723761777
14702,18358,18359,4,1,0.49095089163182465
14703,18359,18360,4,1,0.38198663505789826
14704,18360,18361,2,0,0.41879023365243456
14705,18361,18362,1,0,0.11870892603421648
14706,18364,18365,5,0,0.093411032259868076
14707,18367,18368,2,0,0.1088486275781947
14708,18368,18369,4,1,0.35802710559663559
14709,18369,18370,4,0,0.37044118807779053
14710,18370,18371,2,1,0.69032300211958131
14711,18371,18372,2,0,0.071462799798851284
14712,18372,18373,5,1,0.11676611887658235
14713,18373,18374,4,0,0.19179819159619343
14714,18374,18375,1,1,0.12024664723912909
14715,18375,18376,5,1,0.72359167056659834
14716,18376,18377,3,0,0.10272108301610941
14717,18377,18378,1,0,0.071915892330693107
14718,18378,18379,3,0,0.11848535829733089
14719,18379,18380,5,0,0.08447505209918664
14720,18380,18381,4,0,0.71855496238313632
14721,18381,18382,1,1,0.64830826361723426
14722,18382,18383,1,1,0.44516145744266178
14723,18383,18384,3,1,0.54997416545030342
14724,18385,18386,5,1,0.14520388829033665
14725,18386,18387,3,0,0.18015884859100226
14726,18387,18388,2,0,0.072446632634398447
14727,18390,18391,4,1,0.22403162347713357
14728,18392,18393,5,1,0.19026323663535308
14729,18394,18395,4,1,0.087361443758748922
14730,18395,18396,3,0,0.25053678417663433
14731,18396,18397,4,1,0.59630280521529966
14732,18397,18398,3,0,0.15027879956087586
14733,18398,18399,2,0,0.043278043629625659
14734,18399,18400,4,0,0.087323782130261068
14735,18400,18401,5,0,0.022676927616103765
14736,18401,18402,5,0,0.13569836926950268
14737,18402,18403,2,0,0.20527439406490552
14738,18403,18404,1,0,0.14911361672213544
14739,18404,18405,3,0,0.097038282180178265
14740,18405,18406,4,0,0.073440851347060965
14741,18406,18407,4,0,0.13469856700408417
14742,18407,18408,3,0,0.12934516365634496
14743,18411,18412,1,0,0.095849102718763374
14744,18412,18413,5,0,0.18618313917063339
14745,18413,18414,5,0,0.11202961693229964
14746,18414,18415,5,0,0.23754738222006405
14747,18415,18416,3,0,0.11893431503436874
14748,18416,18417,2,0,0.20222042575058841
14749,18417,18418,5,0,0.1391585793716123
14750,18419,18420,4,1,0.63088581993986348
14751,18420,18421,2,1,0.6711940864435233
14752,18422,18423,3,1,0.69940185082101003
14753,18424,18425,1,0,0.1163987851364614
14754,18425,18426,5,0,0.59112285180052571
14755,18426,18427,1,0,0.17906563291027133
14756,18427,18428,1,0,0.1644036821732405
14757,18428,18429,4,0,0.18933626556775565
14758,18429,18430,4,1,0.60997862814543502
14759,18430,18431,3,0,0.1832783314463885
14760,18431,18432,2,0,0.19820357271700306
14761,18432,18433,2,0,0.61787217061295119
14762,18433,18434,1,0,0.23416307076069703
14763,18435,18436,5,0,0.028071007776486901
14764,18436,18437,2,0,0.12932742812447187
14765,18437,18438,2,1,0.67428755266300844
14766,18438,18439,5,0,0.12462307067607264
14767,18439,18440,3,0,0.19862933484668763
14768,18440,18441,3,0,0.14526955933958546
14769,18441,18442,1,1,0.048290044982552773
14770,18442,18443,2,1,0.23402175239306355
14771,18443,18444,1,1,0.61308743995805925
14772,18444,18445,2,1,0.62871124783826982
14773,18446,18447,1,0,0.19911356251111753
14774,18447,18448,3,1,0.058163000882136398
14775,18448,18449,4,1,0.47632285008507491
14776,18449,18450,2,0,0.43470975549810681
14777,18450,18451,1,0,0.4644069327799763
14778,18451,18452,2,0,0.067582057770185638
14779,18452,18453,1,0,0.026511229373138649
14780,18453,18454,1,1,0.09664241364321495
14781,18455,18456,5,0,0.022375064946956725
14782,18456,18457,4,0,0.035744663857592326
14783,18457,18458,1,0,0.18176308911038594
14784,18458,18459,5,0,0.2641264434281746
14785,18460,18461,5,0,0.11720101006820871
14786,18461,18462,1,0,0.055070318533326966
14787,18463,18464,3,0,0.14867520882442176
14788,18464,18465,3,0,0.14670074026977362
14789,18465,18466,1,1,0.14896904231071312
14790,18466,18467,2,0,0.21990580194407322
14791,18467,18468,3,0,0.63944692634211531
14792,18468,18469,3,0,0.10025524135202857
14793,18469,18470,4,0,0.18788076819326333
14794,18470,18471,2,0,0.026306043057593948
14795,18472,18473,5,0,0.094699680431990035
14796,18473,18474,2,0,0.084541489440639439
14797,18474,18475,2,1,0.11929063602944473
14798,18475,18476,2,0,0.2176194329579024
14799,18477,18478,3,0,0.11191817816285674
14800,18478,18479,4,0,0.42379794097288176
14801,18479,18480,4,0,0.39389650129424886
14802,18481,18482,4,1,0.19657714786526459
14803,18483,18484,4,0,0.11638159950607234
14804,18487,18488,4,0,0.20436008654426352
14805,18488,18489,5,0,0.13048729225637201
14806,18490,18491,5,1,0.10902014071593374
14807,18492,18493,3,0,0.27285241284264139
14808,18493,18494,1,0,0.028504042925622423
14809,18494,18495,5,0,0.11454348721470389
14810,18495,18496,2,0,0.20298680204989664
14811,18496,18497,4,0,0.068428574713360876
14812,18497,18498,5,0,0.032526331494685909
14813,18498,18499,5,0,0.14468044993534715
14814,18499,18500,1,0,0.17587565992431001
14815,18500,18501,2,0,0.038908749773090771
14816,18501,18502,1,0,0.14855324547168358
14817,18503,18504,5,0,0.15634963514226866
14818,18504,18505,3,0,0.10257134355809742
14819,18505,18506,3,0,0.03054909232119131
14820,18506,18507,2,0,0.058656805590813731
14821,18507,18508,4,1,0.20333706359894987
14822,18508,18509,1,1,0.20719737655064432
14823,18512,18513,5,0,0.37478248582480039
14824,18513,18514,3,1,0.56266581580535213
14825,18514,18515,3,0,0.60330401804593203
14826,18515,18516,5,1,0.54186279198465515
14827,18516,18517,1,0,0.028752827323178846
14828,18517,18518,4,0,0.046465549227156497
14829,18519,18520,3,0,0.064593012997082908
14830,18520,18521,5,0,0.05062915293338905
14831,18521,18522,2,0,0.10984784352287641
14832,18522,18523,2,1,0.16634118438240014
14833,18523,18524,1,1,0.15197586884367573
14834,18524,18525,2,0,0.053447501754379921
14835,18525,18526,2,0,0.19115563155249299
14836,18526,18527,5,0,0.19345011180554644
14837,18528,18529,3,0,0.055517058080695354
14838,18529,18530,1,0,0.29515312162573409
14839,18530,18531,3,0,0.15035514178607096
14840,18531,18532,5,0,0.14271893216206469
14841,18532,18533,4,0,0.24869182636836226
14842,18533,18534,5,0,0.16698047246332443
14843,18534,18535,4,0,0.061314712397298007
14844,18535,18536,5,0,0.030077177410825318
14845,18536,18537,4,0,0.64548981994565169
14846,18537,18538,5,0,0.034567183251136849
14847,18538,18539,3,0,0.083552182684662746
14848,18540,18541,2,0,0.076509619043997501
14849,18543,18544,2,0,0.098312018094270717
14850,18544,18545,3,0,0.10190015676025696
14851,18545,18546,2,0,0.11023145963446145
14852,18546,18547,4,0,0.073206000652080203
14853,18548,18549,4,0,0.1787443182941563
14854,18549,18550,2,0,0.13298183199721655
14855,18550,18551,2,1,0.2075099221095168
14856,18551,18552,2,0,0.11161753513831613
14857,18552,18553,3,1,0.086231816363546751
14858,18553,18554,5,1,0.27638983060759881
14859,18554,18555,2,1,0.39360136446493837
14860,18555,18556,5,0,0.18402079385214049
14861,18556,18557,2,0,0.047580681494927286
14862,18557,18558,4,0,0.16881983870713763
14863,18560,18561,3,0,0.12521144706775603
14864,18561,18562,1,0,0.05463011913509868
14865,18562,18563,2,0,0.11612691696529086
14866,18563,18564,2,0,0.059436759230767015
14867,18564,18565,3,0,0.012289039898082166
14868,18565,18566,3,0,0.07821978251542136
14869,18567,18568,2,0,0.14536203314061918
14870,18568,18569,4,0,0.05840198537670941
14871,18569,18570,5,0,0.1421057850549087
14872,18570,18571,3,0,0.11431985911583534
14873,18572,18573,2,0,0.11623713136535903
14874,18574,18575,4,0,0.20190673664478215
14875,18575,18576,5,0,0.18499614838986744
14876,18580,18581,3,0,0.56222924128299301
14877,18582,18583,4,0,0.36223305404431627
14878,18583,18584,4,0,0.03961357834630367
14879,18584,18585,3,0,0.069537298009445886
14880,18587,18588,4,0,0.065780009408593396
14881,18588,18589,4,0,0.086571209819305175
14882,18589,18590,3,0,0.17982129748119891
14883,18591,18592,5,1,0.40498295003052559
14884,18592,18593,4,0,0.1080838747871623
14885,18593,18594,5,0,0.1846527998331032
14886,18594,18595,4,0,0.062449285146100937
14887,18595,18596,3,0,0.17686946023674643
14888,18596,18597,5,0,0.14811281535968532
14889,18597,18598,5,0,0.049177525997702684
14890,18598,18599,4,0,0.10106696728511873
14891,18601,18602,1,0,0.18775479613347196
14892,18602,18603,3,0,0.047233178861219333
14893,18603,18604,1,0,0.12045543292212083
14894,18604,18605,3,0,0.12989078365021434
14895,18605,18606,2,0,0.027613488773209655
14896,18607,18608,3,0,0.16853898441435261
14897,18608,18609,5,0,0.069928183910243358
14898,18609,18610,4,1,0.81819442301676071
14899,18611,18612,5,0,0.013613127011980362
14900,18613,18614,3,0,0.19492419604481445
14901,18615,18616,3,0,0.22812154548688848
14902,18616,18617,3,0,0.10841706991613444
14903,18617,18618,5,0,0.057963952969569486
14904,18618,18619,3,1,0.76792763925987262
14905,18619,18620,2,0,0.07837405335157549
14906,18620,18621,4,0,0.086413727691816752
14907,18622,18623,3,1,0.72161997666780953
14908,18623,18624,5,0,0.049987956066794272
14909,18624,18625,1,0,0.08624595248894884
14910,18625,18626,5,1,0.61899175361128278
14911,18626,18627,3,0,0.17361327008833694
14912,18627,18628,5,0,0.23098096071790758
14913,18628,18629,5,0,0.5953461539405055
14914,18629,18630,2,0,0.074098524353977027
14915,18630,18631,2,0,0.12333330208490111
14916,18631,18632,2,1,0.14018972609275915
14917,18632,18633,5,0,0.10795585826606871
14918,18634,18635,5,1,0.30785522496860657
14919,18635,18636,3,0,0.17295364180336567
14920,18636,18637,3,0,0.13060824948785513
14921,18637,18638,2,0,0.10795281309130342
14922,18638,18639,4,0,0.22352594076281185
14923,18639,18640,2,1,0.41196955558660631
14924,18640,18641,4,0,0.042473969742671355
14925,18641,18642,2,0,0.13187442407573899
14926,18642,18643,4,0,0.23721852104606023
14927,18643,18644,2,0,0.32550637192219578
14928,18644,18645,4,0,0.2521083880691159
14929,18645,18646,1,0,0.21344051017654814
14930,18646,18647,2,0,0.085883539861920322
14931,18647,18648,2,0,0.01659245930070713
14932,18648,18649,1,0,0.053230512486593731
14933,18649,18650,2,0,0.020450294674300974
14934,18650,18651,4,0,0.078953176976028397
14935,18652,18653,5,0,0.088084175644150192
14936,18653,18654,2,0,0.031430474876002992
14937,18654,18655,4,1,0.22039712509542311
14938,18655,18656,1,0,0.66377285475461612
14939,18656,18657,5,0,0.66396902044499551
14940,18657,18658,4,0,0.59311563779251097
14941,18658,18659,3,0,0.76606053735344815
14942,18660,18661,5,0,0.23964851702758744
14943,18661,18662,2,0,0.11282472628999458
14944,18662,18663,5,0,0.087479108870982258
14945,18663,18664,5,0,0.089769736666813774
14946,18664,18665,2,0,0.17404219143384905
14947,18665,18666,5,0,0.22893496232514282
14948,18666,18667,2,0,0.17173245529555448
14949,18667,18668,3,0,0.066260736622728106
14950,18668,18669,1,1,0.077006520316137764
14951,18669,18670,4,0,0.079457932963122396
14952,18670,18671,5,1,0.21084591806896028
14953,18672,18673,4,1,0.11652409069886296
14954,18673,18674,5,0,0.086258190762953976
14955,18675,18676,2,0,0.1764024716572111
14956,18676,18677,1,0,0.032756172349291207
14957,18677,18678,1,0,0.038398665716639496
14958,18679,18680,1,0,0.53271236006411904
14959,18680,18681,5,0,0.19029323925572
14960,18681,18682,2,1,0.18452444201672535
14961,18684,18685,4,0,0.22566015041039889
14962,18685,18686,3,0,0.058522305216537
14963,18686,18687,3,0,0.50816944602494507
14964,18687,18688,3,0,0.71109034861070131
14965,18689,18690,5,0,0.055269376763909694
14966,18691,18692,3,0,0.49824335163785827
14967,18692,18693,3,1,0.31381121578099253
14968,18693,18694,4,0,0.17465048873875233
14969,18694,18695,3,1,0.69083836973227808
14970,18695,18696,1,1,0.20691763265525553
14971,18697,18698,3,0,0.082010636995506717
14972,18700,18701,1,1,0.42518686594312616
14973,18701,18702,3,0,0.19162559182923691
14974,18702,18703,5,0,0.1102337849274206
14975,18703,18704,5,0,0.35102117212905609
14976,18704,18705,4,0,0.025622332896541037
14977,18705,18706,1,1,0.64215239358403697
14978,18706,18707,3,0,0.62835111077553119
14979,18708,18709,2,0,0.13260975058864322
14980,18710,18711,1,0,0.20242510815489395
14981,18712,18713,4,0,0.062517099383742836
14982,18713,18714,3,0,0.070448531627834987
14983,18714,18715,5,0,0.046591056981031581
14984,18715,18716,5,0,0.055508809746763775
14985,18716,18717,2,0,0.093503212325668938
14986,18717,18718,4,0,0.111946842152974
14987,18718,18719,2,1,0.66723374553395864
14988,18719,18720,5,1,0.57852519723518259
14989,18720,18721,3,0,0.54816189459282516
14990,18721,18722,3,0,0.10041918141164473
14991,18722,18723,5,0,0.082855182457765408
14992,18723,18724,1,0,0.057885939515405646
14993,18724,18725,1,0,0.11038370787954263
14994,18725,18726,1,1,0.74291968627412286
14995,18726,18727,4,0,0.13306016406371668
14996,18727,18728,3,0,0.030891736253413248
14997,18728,18729,5,0,0.085173951910579096
14998,18729,18730,5,0,0.018539089830351834
14999,18731,18732,5,1,0.5472698879974065
15000,18732,18733,4,0,0.22680177338048105
15001,18734,18735,4,0,0.37867774505170299
15002,18735,18736,2,0,0.53432731480545281
15003,18736,18737,5,1,0.36240792301643332
15004,18737,18738,5,1,0.1510028477390668
15005,18738,18739,3,1,0.29815367584638036
15006,18739,18740,4,0,0.35148270863022552
15007,18740,18741,1,0,0.16652548507908527
15008,18741,18742,3,0,0.094581513886692906
15009,18742,18743,3,0,0.13440937276488388
15010,18743,18744,1,0,0.123833955733348
15011,18747,18748,3,0,0.60513006850685302
15012,18748,18749,5,1,0.68492480407679779
15013,18749,18750,5,0,0.033088199134097163
15014,18751,18752,3,0,0.089883747735665126
15015,18752,18753,2,0,0.15560929602142545
15016,18754,18755,4,0,0.099063626367526011
15017,18755,18756,1,0,0.046876912867287054
15018,18756,18757,3,0,0.16899005582665577
15019,18758,18759,1,0,0.27919478331510367
15020,18759,18760,1,1,0.60199906607556664
15021,18760,18761,5,0,0.18380332881533928
15022,18762,18763,2,0,0.095720989895718575
15023,18763,18764,3,0,0.16468384890780358
15024,18764,18765,2,0,0.05997530696572223
15025,18765,18766,3,0,0.15966241222385916
15026,18766,18767,2,0,0.18897193732589396
15027,18767,18768,4,0,0.09156022018479075
15028,18768,18769,4,0,0.17774255665337246
15029,18769,18770,1,0,0.12604304186872684
15030,18771,18772,3,1,0.20214659251750303
15031,18772,18773,5,1,0.11842112250739634
15032,18774,18775,1,0,0
15033,18775,18776,3,0,0.059030096132600816
15034,18776,18777,5,0,0.048778767839069211
15035,18777,18778,3,0,0.33360610619666187
15036,18778,18779,4,0,0.18060477921479559
15037,18780,18781,3,0,0.1825695394001309
15038,18782,18783,3,0,0.16814890432918361
15039,18783,18784,1,0,0.025705415952251134
15040,18784,18785,2,0,0.055914756719719516
15041,18785,18786,1,0,0.061493905281423865
15042,18786,18787,2,0,0.20971390575948357
15043,18787,18788,2,0,0.048999882564872248
15044,18788,18789,2,0,0.047304328824655059
15045,18789,18790,2,0,0.1104547876458445
15046,18790,18791,1,0,0.22592089365811222
15047,18791,18792,4,1,0.67916815740522318
15048,18792,18793,5,0,0.13536246098097537
15049,18793,18794,1,0,0.39080829377070686
15050,18794,18795,2,0,0.031907086520569478
15051,18795,18796,1,1,0.2659062031261093
15052,18796,18797,5,0,0.089026257813222806
15053,18797,18798,4,0,0.20701942420234334
15054,18798,18799,2,0,0.13187745000187301
15055,18799,18800,1,0,0.25025780797838348
15056,18800,18801,2,0,0.15609717806145826
15057,18801,18802,4,0,0.098498173675903633
15058,18804,18805,4,0,0.056047638914411356
15059,18805,18806,4,0,0.13135475816447692
15060,18806,18807,2,0,0.21288328175810975
15061,18807,18808,5,0,0.175375185823751
15062,18809,18810,2,0,0.03106393243587793
15063,18810,18811,1,0,0.22948614603462336
15064,18811,18812,2,0,0.1448833481663212
15065,18812,18813,4,1,0.15912510618623857
15066,18814,18815,4,0,0.058464769566210634
15067,18815,18816,2,1,0.22221399310915094
15068,18817,18818,5,0,0.1433901996126466
15069,18818,18819,5,1,0.23345342343306469
15070,18820,18821,4,0,0.11376679873812413
15071,18821,18822,1,1,0.67605191786531404
15072,18822,18823,4,0,0.15739836886350581
15073,18823,18824,4,1,0.11933713637061005
15074,18825,18826,2,1,0.51234997562900864
15075,18826,18827,1,0,0.58772655332780988
15076,18827,18828,3,0,0.052530743220537635
15077,18828,18829,4,0,0.043638625148753288
15078,18829,18830,3,0,0.081068104877464534
15079,18830,18831,1,0,0.033699107505788549
15080,18831,18832,3,0,0.13601893837082238
15081,18832,18833,1,0,0.22003124877361019
15082,18833,18834,5,0,0.12201480659704801
15083,18834,18835,2,0,0.15744488304643892
15084,18835,18836,5,0,0.1385668770816248
15085,18836,18837,5,1,0.6560821350237237
15086,18837,18838,5,0,0
15087,18840,18841,4,1,0.59078979112257657
15088,18841,18842,5,0,0.2325268585466444
15089,18842,18843,1,0,0.09535661545562471
15090,18843,18844,3,0,0.089080166051216492
15091,18844,18845,1,1,0.059627903180724889
15092,18845,18846,4,1,0.22736033503748276
15093,18846,18847,4,0,0.057411218595797453
15094,18847,18848,5,0,0.029199488097632072
15095,18848,18849,2,0,0.29575775455796921
15096,18849,18850,5,0,0.079645775725468049
15097,18850,18851,3,0,0.13265081209171584
15098,18851,18852,2,1,0.64556492779599861
15099,18852,18853,1,0,0.05969793367210622
15100,18854,18855,4,0,0.066533253038934453
15101,18855,18856,4,0,0.15918684642480455
15102,18856,18857,2,1,0.047261151342084307
15103,18857,18858,3,0,0.18118167308138747
15104,18858,18859,5,0,0.063830882895096044
15105,18859,18860,2,0,0.081464956381738021
15106,18860,18861,1,0,0.20362160444026997
15107,18861,18862,2,0,0.20082908280441117
15108,18862,18863,5,1,0.083178399867593317
15109,18864,18865,3,0,0.29588652423201633
15110,18865,18866,4,0,0.45066367172076738
15111,18867,18868,2,1,0.60637394257879296
15112,18868,18869,2,1,0.53416091903420615
15113,18869,18870,1,0,0.47834913435823634
15114,18870,18871,5,0,0.099720773193300416
15115,18871,18872,5,0,0.097735766320696235
15116,18873,18874,3,0,0.076737966990448311
15117,18874,18875,4,0,0.55053393364100389
15118,18875,18876,1,0,0.028860974624584902
15119,18876,18877,2,1,0.12664502831225702
15120,18878,18879,5,0,0.12187801799487319
15121,18879,18880,5,0,0.2754917449277185
15122,18881,18882,2,0,0.20005497997740412
15123,18884,18885,4,0,0.019298823884642345
15124,18885,18886,5,0,0.028956128182751027
15125,18886,18887,1,0,0.036225283513886576
15126,18888,18889,3,0,0.13883925288186746
15127,18889,18890,1,0,0.11328492132145275
15128,18890,18891,3,1,0.36002464547716029
15129,18891,18892,2,0,0.12003068058243607
15130,18892,18893,3,1,0.60671532878881029
15131,18893,18894,3,0,0.38402280159262059
15132,18894,18895,4,0,0.19973827386013732
15133,18895,18896,1,0,0.25190702268935311
15134,18896,18897,3,0,0.14578348960972393
15135,18897,18898,3,0,0.039486441231029581
15136,18899,18900,4,1,0.4818484999457901
15137,18900,18901,1,0,0.23381044154199493
15138,18903,18904,2,0,0.057068564956930308
15139,18904,18905,1,0,0.044352038414993716
15140,18906,18907,4,0,0.068567987805315103
15141,18907,18908,2,0,0.12664127873299846
15142,18908,18909,4,0,0.1042314803543912
15143,18910,18911,2,1,0.78826809282162691
15144,18911,18912,2,0,0.065783735697567763
15145,18913,18914,5,1,0.56138647280573328
15146,18914,18915,2,1,0.44166176231262105
15147,18916,18917,4,0,0.059749302625006898
15148,18917,18918,4,1,0.67925859719209514
15149,18919,18920,4,1,0.69977361253143067
15150,18920,18921,1,0,0.19597302296998781
15151,18924,18925,3,0,0.07432010167543264
15152,18925,18926,4,0,0.66803243529822398
15153,18926,18927,3,0,0.078655869879179774
15154,18927,18928,2,1,0.70807810535732674
15155,18928,18929,2,1,0.63386929814794368
15156,18930,18931,3,0,0.17894986615150663
15157,18931,18932,4,0,0.10733291036391923
15158,18932,18933,3,0,0.20667953728360897
15159,18933,18934,5,0,0.0087522226467937041
15160,18934,18935,5,0,0.56847675348351256
15161,18935,18936,5,0,0.22875458812211807
15162,18936,18937,5,0,0.5763492707034239
15163,18937,18938,4,0,0.051253308092215455
15164,18938,18939,3,0,0.31471485156606616
15165,18939,18940,5,1,0.047608248109288813
15166,18940,18941,4,0,0.12755358957192278
15167,18941,18942,5,0,0.043004476143165722
15168,18942,18943,2,0,0.18102683920347812
15169,18943,18944,4,0,0.018083336469779984
15170,18944,18945,1,0,0.20616233726105065
15171,18945,18946,3,0,0.095229168790723823
15172,18946,18947,1,1,0.38247099961299957
15173,18947,18948,5,0,0.31506980142634433
15174,18948,18949,3,0,0.182052178031333
15175,18951,18952,3,1,0.65522952909903054
15176,18952,18953,4,0,0.040069650590263017
15177,18953,18954,5,0,0.080612015682778176
15178,18954,18955,3,0,0.12221896800528287
15179,18956,18957,5,0,0.26380641996978077
15180,18957,18958,5,1,0.69258824823344034
15181,18959,18960,1,0,0.25551088241530967
15182,18962,18963,3,0,0.10009370527802122
15183,18964,18965,5,0,0.019634723889760446
15184,18966,18967,1,0,0.19580967905925237
15185,18967,18968,5,1,0.14424752737336041
15186,18968,18969,2,0,0.013071298214136443
15187,18969,18970,3,0,0.080405418191840758
15188,18970,18971,5,0,0.060741026278786116
15189,18971,18972,4,0,0.082841422156336872
15190,18972,18973,1,0,0.62174976175206398
15191,18973,18974,1,0,0.14646040658780293
15192,18975,18976,4,0,0.084132414769554451
15193,18977,18978,4,0,0.071273294551441463
15194,18978,18979,5,0,0.065644910307179685
15195,18979,18980,4,0,0.22275004170484702
15196,18980,18981,4,0,0.094311899856616088
15197,18981,18982,4,0,0.028250110207761796
15198,18982,18983,2,1,0.35733970008735855
15199,18983,18984,2,0,0.053586790471734209
15200,18984,18985,2,0,0.084977258507937456
15201,18985,18986,3,0,0.033918878582949424
15202,18986,18987,5,0,0.14073925275599489
15203,18987,18988,3,0,0.28425677550698319
15204,18988,18989,1,0,0.82534738043984701
15205,18989,18990,3,0,0.1727687113116804
15206,18990,18991,2,0,0.15664795693922443
15207,18991,18992,4,0,0.66866002988860618
15208,18992,18993,3,0,0.091651280242228003
15209,18993,18994,2,0,0.24462392551895965
15210,18994,18995,2,0,0.027644915386214056
15211,18995,18996,4,0,0.1654557401383589
15212,18996,18997,4,0,0.23032332806128658
15213,18997,18998,1,0,0.20985535763648572
15214,18998,18999,2,1,0.14641131919090258
15215,18999,19000,4,1,0.44414709027122523
15216,19000,19001,5,0,0.17470872777456992
15217,19002,19003,5,0,0.068666904127162476
15218,19003,19004,2,0,0.034954228100599602
15219,19004,19005,3,0,0.10070394756385646
15220,19005,19006,5,0,0.080704800291798995
15221,19006,19007,1,0,0.081034630027519344
15222,19007,19008,1,0,0.10377651117289316
15223,19009,19010,5,0,0.052121752406870198
15224,19010,19011,2,0,0.14587997788836291
15225,19011,19012,4,1,0.17878601712238587
15226,19012,19013,4,0,0.16826017206609931
15227,19014,19015,1,0,0.15166174414913244
15228,19015,19016,3,0,0.37501597217669663
15229,19016,19017,3,0,0.072567828295843045
15230,19017,19018,2,0,0.14530224335587807
15231,19019,19020,4,0,0.082483584184643466
15232,19020,19021,2,0,0.070350072499923144
15233,19021,19022,2,1,0.69786603798288915
15234,19022,19023,3,0,0.1122213622375717
15235,19023,19024,5,1,0.53613616664389252
15236,19024,19025,1,0,0.17785082927979864
15237,19025,19026,1,1,0.54442724321333125
15238,19027,19028,2,0,0.16845701434864779
15239,19028,19029,1,0,0.10394874218403016
15240,19030,19031,2,0,0.22566167468974332
15241,19031,19032,3,0,0.20579663743268967
15242,19032,19033,5,0,0.58965802649896193
15243,19033,19034,5,1,0.18126850943739248
15244,19034,19035,1,0,0.16673359088493547
15245,19035,19036,2,1,0.6908441621875957
15246,19036,19037,5,0,0.16429390422051485
15247,19037,19038,2,0,0.14557647599059731
15248,19038,19039,2,0,0.087226520381756059
15249,19039,19040,2,1,0.51392154493182574
15250,19040,19041,1,0,0.08874287480297989
15251,19041,19042,1,0,0.097351017460500427
15252,19042,19043,2,1,0.66812186963381592
15253,19043,19044,3,0,0.122773424231957
15254,19045,19046,4,0,0.09163185628040052
15255,19047,19048,3,0,0.028806209981146729
15256,19048,19049,4,0,0.022486095963702206
15257,19049,19050,3,1,0.69415028232027653
15258,19050,19051,1,1,0.58855397638298179
15259,19051,19052,5,0,0.15599419034322101
15260,19052,19053,1,1,0.62400905883385782
15261,19053,19054,3,1,0.087494777317436573
15262,19054,19055,3,0,0.099174675261063397
15263,19055,19056,4,1,0.76127065184785259
15264,19056,19057,2,0,0.31726540909403506
15265,19057,19058,3,1,0.3611838826334523
15266,19059,19060,5,1,0.66290797228306564
15267,19061,19062,3,0,0.14592699743310797
15268,19062,19063,5,0,0.022353223509901939
15269,19063,19064,3,0,0.071202003203230779
15270,19064,19065,1,0,0.55484533180568008
15271,19065,19066,3,1,0.58372255651525851
15272,19066,19067,5,0,0.058404060805702228
15273,19067,19068,1,0,0.025614403941242876
15274,19068,19069,3,0,0.093783750102609864
15275,19069,19070,1,1,0.70741468465271151
15276,19070,19071,4,0,0.049540754271451742
15277,19072,19073,2,0,0.020286334888082506
15278,19073,19074,1,0,0.056322764013221567
15279,19075,19076,4,0,0.47121899702416298
15280,19076,19077,1,0,0.080430897383929376
15281,19078,19079,4,0,0.1795090472332502
15282,19080,19081,2,0,0.069720849077022168
15283,19081,19082,3,0,0.43095010586752841
15284,19082,19083,1,1,0.16485222373639841
15285,19083,19084,2,1,0.62343078549624276
15286,19084,19085,4,0,0.20873971213064799
15287,19085,19086,1,0,0.10548127128988363
15288,19086,19087,3,0,0.022107667100215937
15289,19087,19088,2,1,0.55155560365903689
15290,19088,19089,1,0,0.34148857723175052
15291,19089,19090,2,0,0.063534111189311848
15292,19091,19092,2,1,0.71097723402925073
15293,19092,19093,4,0,0.051000292438847072
15294,19093,19094,3,0,0.034712941485482138
15295,19094,19095,4,0,0.16447427535351344
15296,19095,19096,5,0,0.20997513596866524
15297,19096,19097,5,0,0.14103240091401534
15298,19097,19098,1,0,0.19388766046494696
15299,19098,19099,5,1,0.66846334626129866
15300,19099,19100,4,0,0.12684102529808863
15301,19100,19101,4,1,0.60274297955980805
15302,19102,19103,1,0,0.13509491869325724
15303,19103,19104,4,1,0.46484603955191611
15304,19104,19105,2,1,0.69888749776494563
15305,19105,19106,1,1,0.64344428846320556
15306,19106,19107,2,1,0.26658909647142848
15307,19107,19108,1,0,0.10936207537058396
15308,19108,19109,5,1,0.1768267557327533
15309,19109,19110,4,0,0.027173090915838829
15310,19110,19111,2,0,0.08055708660824272
15311,19111,19112,3,0,0.067259408251588437
15312,19112,19113,4,0,0.10490301817479188
15313,19113,19114,5,0,0.10620332609949887
15314,19114,19115,4,0,0
15315,19115,19116,4,0,0.52541899668124126
15316,19116,19117,5,0,0.11783648737980935
15317,19117,19118,5,0,0.32619215921985029
15318,19120,19121,5,0,0.094697808034077499
15319,19121,19122,1,0,0.093039821324623934
15320,19122,19123,2,0,0.085969861222511004
15321,19123,19124,4,0,0.067041096887073909
15322,19125,19126,3,0,0.22974312432110081
15323,19126,19127,4,1,0.71482023158167107
15324,19127,19128,1,0,0.038792024155593366
15325,19128,19129,4,0,0.1069607687384191
15326,19129,19130,4,0,0.40954192687183033
15327,19130,19131,1,1,0.7397424808862243
15328,19131,19132,4,0,0.027526453210545612
15329,19132,19133,1,0,0.1159456327890902
15330,19133,19134,3,0,0.61294194512844602
15331,19134,19135,5,0,0.074944514328792081
15332,19136,19137,1,0,0.27024288003602959
15333,19137,19138,2,0,0.036457137596565291
15334,19138,19139,2,0,0.1209792875780243
15335,19139,19140,1,0,0.14202885537980553
15336,19140,19141,1,0,0.050137178949526809
15337,19141,19142,5,0,0.11100730001573757
15338,19142,19143,1,0,0.10119234068476753
15339,19143,19144,1,0,0.085130255619710979
15340,19144,19145,1,0,0.062184944737332999
15341,19145,19146,1,1,0.75087764819383995
15342,19146,19147,4,0,0.017791431969341107
15343,19147,19148,1,0,0.12993251748902571
15344,19148,19149,5,0,0.10941066601818686
15345,19149,19150,4,1,0.62950940515917431
15346,19151,19152,5,0,0.085493581257630472
15347,19152,19153,1,0,0.060375664418126064
15348,19153,19154,2,0,0.17099700814476268
15349,19154,19155,2,0,0.070958307648035901
15350,19155,19156,1,0,0.11408110828838337
15351,19157,19158,5,0,0.12024616678394665
15352,19158,19159,5,0,0.19124867386344196
15353,19159,19160,5,0,0.29192816036899272
15354,19160,19161,5,0,0.16089325844579982
15355,19161,19162,3,0,0.11757090879951732
15356,19163,19164,2,0,0.19266379651992513
15357,19164,19165,1,0,0.076385835078770017
15358,19165,19166,1,0,0.061423521851663693
15359,19166,19167,2,1,0.061483700529555159
15360,19167,19168,5,1,0.60279452306938819
15361,19168,19169,3,0,0.17059463911794515
15362,19169,19170,5,0,0.23257315132232739
15363,19170,19171,2,0,0.12124314513043989
15364,19171,19172,4,0,0.081463198940409362
15365,19172,19173,4,0,0.091329759758750434
15366,19173,19174,3,0,0.20773708246084518
15367,19174,19175,4,0,0.1135947372737159
15368,19175,19176,2,0,0.24740332760410857
15369,19176,19177,5,0,0.22722690569756554
15370,19177,19178,4,0,0.033710092012705459
15371,19178,19179,1,1,0.66421009159116662
15372,19179,19180,2,0,0
15373,19180,19181,1,0,0.060379719907087008
15374,19181,19182,1,0,0.040922412526957247
15375,19182,19183,1,0,0.030330973397747957
15376,19183,19184,4,1,0.051840715310925829
15377,19184,19185,3,0,0.094636408153119453
15378,19185,19186,1,0,0.083056447663712313
15379,19186,19187,5,0,0.027612739846748526
15380,19187,19188,1,0,0.092091447894286083
15381,19188,19189,5,0,0.055587050477187414
15382,19190,19191,2,0,0.10771103302289331
15383,19191,19192,4,0,0.14612959262200462
15384,19192,19193,2,0,0.016431600652047205
15385,19193,19194,5,0,0.031870454041721182
15386,19194,19195,3,0,0.5822131119506514
15387,19195,19196,1,0,0.13839993996484282
15388,19196,19197,4,0,0.17019703388940688
15389,19197,19198,4,0,0.0086283732796315262
15390,19198,19199,5,0,0.15194906451426077
15391,19199,19200,5,1,0.09136927907713005
15392,19200,19201,1,1,0.76570007961561903
15393,19201,19202,1,0,0.21615013091598695
15394,19203,19204,5,0,0.11870590110114074
15395,19204,19205,2,0,0.20433043270824017
15396,19205,19206,4,0,0.083682793434784367
15397,19206,19207,2,1,0.69699017045300471
15398,19207,19208,4,0,0.045141109013881887
15399,19208,19209,5,0,0.015290718057725989
15400,19210,19211,3,0,0.030114520094048833
15401,19211,19212,3,0,0.11188088090866755
15402,19212,19213,2,1,0.5585465188136669
15403,19213,19214,4,0,0.084124303826854707
15404,19214,19215,2,0,0.66934798765703307
15405,19215,19216,4,0,0.045166900593427275
15406,19216,19217,1,0,0.091345345248712934
15407,19217,19218,4,0,0.038016947266018897
15408,19218,19219,5,0,0.053368551976212118
15409,19219,19220,4,0,0.09541320652786088
15410,19221,19222,4,0,0.061010195409578492
15411,19222,19223,2,0,0.024037995505473864
15412,19223,19224,3,1,0.44453081880620327
15413,19225,19226,3,0,0.18026917670911832
15414,19226,19227,2,0,0.23483939220431416
15415,19227,19228,4,0,0.03639489773309381
15416,19228,19229,3,0,0.093856883126624643
15417,19229,19230,5,0,0.26970444181643233
15418,19230,19231,2,0,0.11997509105717277
15419,19231,19232,3,0,0.20731566840963048
15420,19232,19233,4,1,0.19055302425374365
15421,19233,19234,3,1,0.64442025186759577
15422,19234,19235,3,0,0.18143830469713082
15423,19235,19236,1,0,0.019365667320025912
15424,19236,19237,2,0,0.29137406048032249
15425,19237,19238,3,0,0.071548900320104816
15426,19239,19240,4,0,0.047269777123815415
15427,19241,19242,3,1,0.63784810439894435
15428,19243,19244,3,1,0.27271618575393425
15429,19244,19245,2,0,0.21498423076227721
15430,19247,19248,3,0,0.090767144767911784
15431,19248,19249,1,1,0.48991639595700348
15432,19249,19250,5,0,0.53467476765020361
15433,19251,19252,4,1,0.038951645409624744
15434,19252,19253,1,0,0.017753467710430158
15435,19254,19255,3,1,0.16141499634607903
15436,19255,19256,3,0,0.19638474195853056
15437,19256,19257,4,0,0.19444433373193939
15438,19257,19258,4,0,0.035310558939633412
15439,19259,19260,3,0,0.21018128090307661
15440,19260,19261,5,1,0.77890979933512761
15441,19261,19262,4,0,0.11555197312846083
15442,19262,19263,4,0,0.16514560497000516
15443,19263,19264,5,0,0.22985384474178541
15444,19264,19265,2,0,0.7097400155782434
15445,19265,19266,1,1,0.025433931723268716
15446,19267,19268,5,0,0.12691006866091067
15447,19269,19270,5,1,0.15584980651608865
15448,19270,19271,5,1,0.6145131433661315
15449,19271,19272,4,0,0.076114666463361028
15450,19272,19273,3,0,0.062098747123760185
15451,19273,19274,2,0,0.055490022026270368
15452,19274,19275,5,0,0.24230223508169946
15453,19275,19276,4,0,0.056300919376212684
15454,19276,19277,3,0,0.098378636887860638
15455,19278,19279,3,0,0.37917153820834115
15456,19279,19280,2,0,0.18559838776832624
15457,19281,19282,3,0,0.09587751069647496
15458,19282,19283,5,0,0.16433310862327993
15459,19283,19284,5,1,0.072122699699162574
15460,19287,19288,4,0,0.15417319137365251
15461,19288,19289,4,0,0.067071072737521692
15462,19289,19290,1,0,0.24038304479259984
15463,19290,19291,4,0,0.16804308368292756
15464,19291,19292,3,1,0.10960937855169475
15465,19292,19293,4,0,0.098935807901005576
15466,19293,19294,1,0,0.41388560282458797
15467,19295,19296,3,0,0.15128802113395728
15468,19296,19297,3,0,0.042858546643925709
15469,19298,19299,3,0,0.1208210552622211
15470,19299,19300,5,0,0.093442364998358188
15471,19300,19301,5,0,0.23952180258315103
15472,19301,19302,2,0,0.14586858264101288
15473,19302,19303,3,0,0.32515664466358146
15474,19303,19304,5,0,0.191258647441267
15475,19305,19306,2,0,0.056622080548713538
15476,19308,19309,3,0,0.20587242773739262
15477,19309,19310,5,0,0.054168454773795623
15478,19310,19311,3,1,0.51835954499410952
15479,19311,19312,2,0,0.009265890702265505
15480,19312,19313,5,1,0.30071170357567784
15481,19313,19314,3,0,0.10825814760851882
15482,19314,19315,5,0,0.23076577206809532
15483,19315,19316,2,0,0.8132673120226922
15484,19316,19317,5,0,0.16953933569175522
15485,19317,19318,5,1,0.71772712431802854
15486,19318,19319,4,0,0.011090395799726689
15487,19319,19320,5,1,0.1219769801003576
15488,19320,19321,5,0,0.16946625434860868
15489,19321,19322,2,0,0.16664841973201469
15490,19322,19323,4,0,0.62897105679453125
15491,19323,19324,5,0,0.087496167289157462
15492,19324,19325,3,0,0.1012393119745832
15493,19325,19326,4,0,0.086943953082473421
15494,19326,19327,2,0,0.20063676843576647
15495,19327,19328,2,0,0.23686065972086809
15496,19328,19329,2,1,0.71944389827030497
15497,19329,19330,3,0,0.23613457733882107
15498,19332,19333,3,0,0.17417364837269994
15499,19333,19334,1,0,0.22125455768527166
15500,19334,19335,3,0,0.14759515728620495
15501,19335,19336,4,0,0.049220273399926517
15502,19336,19337,3,0,0.019691547418471095
15503,19337,19338,1,1,0.039567845672526802
15504,19339,19340,5,0,0.10008997183153949
15505,19340,19341,4,0,0.10882607096154821
15506,19342,19343,2,0,0.33417448324209131
15507,19345,19346,2,0,0.097050835665341617
15508,19346,19347,4,1,0.41306841503584901
15509,19347,19348,4,0,0.31426707306525037
15510,19348,19349,2,0,0.14526671177840442
15511,19349,19350,3,0,0.13089588898951196
15512,19351,19352,5,1,0.65782641266114805
15513,19352,19353,5,0,0.14436282983127577
15514,19353,19354,1,0,0.17764038343350363
15515,19356,19357,3,0,0.18733665859953322
15516,19357,19358,3,0,0.24613992367895576
15517,19358,19359,3,0,0.62351570843736825
15518,19359,19360,1,0,0.22703118563778529
15519,19360,19361,1,1,0.23844453287846193
15520,19361,19362,4,0,0.1805327877340944
15521,19362,19363,1,0,0.020328560493273994
15522,19363,19364,1,0,0.069038094428206215
15523,19365,19366,3,0,0.11192262370158408
15524,19366,19367,3,0,0.097832380791312554
15525,19367,19368,1,0,0.073092407723841873
15526,19368,19369,5,0,0.34114013867105775
15527,19369,19370,2,0,0.045753406864806646
15528,19370,19371,2,0,0.14868567082816195
15529,19371,19372,4,0,0.1257352675639497
15530,19373,19374,1,0,0.077320760691794069
15531,19374,19375,3,0,0.066895813912017557
15532,19375,19376,5,0,0.16529839750953584
15533,19376,19377,4,0,0.028210301524907794
15534,19377,19378,2,1,0.16150126531125342
15535,19378,19379,3,0,0.11386444696622823
15536,19379,19380,4,0,0.02726395722327456
15537,19380,19381,5,0,0.01697898804761926
15538,19381,19382,4,0,0.51027758753934582
15539,19383,19384,5,0,0.53631112505511114
15540,19384,19385,3,0,0.035592929166191417
15541,19385,19386,1,0,0.6158164325379617
15542,19386,19387,1,0,0.26626701010764808
15543,19387,19388,1,1,0.17507397842821676
15544,19388,19389,5,0,0.39387093741426948
15545,19389,19390,2,1,0.1673570761223373
15546,19391,19392,2,0,0.046983196795487958
15547,19392,19393,4,0,0.12085997690679311
15548,19393,19394,3,0,0.14145268791578855
15549,19394,19395,3,0,0.050605806900743767
15550,19395,19396,2,0,0.075850414262928337
15551,19396,19397,5,0,0.12874984849124854
15552,19397,19398,1,0,0.038631248825173922
15553,19398,19399,2,0,0.28398758075691982
15554,19401,19402,5,0,0.22124587593440762
15555,19402,19403,5,0,0.079176903961563086
15556,19403,19404,5,0,0.24492415621785701
15557,19404,19405,3,0,0.034874961661593484
15558,19405,19406,3,0,0.1072085962524623
15559,19407,19408,3,0,0.18224774442918273
15560,19408,19409,5,1,0.40108118500467138
15561,19409,19410,2,0,0.090459874190591358
15562,19410,19411,5,0,0.099329093560783233
15563,19411,19412,5,0,0.2384732735380958
15564,19412,19413,2,0,0.28864345271885811
15565,19413,19414,2,0,0.18703779165651802
15566,19414,19415,3,0,0.080080603853260587
15567,19417,19418,4,0,0.13639011571518619
15568,19418,19419,1,0,0.18253139085143497
15569,19419,19420,3,0,0.036086203960617617
15570,19420,19421,3,0,0.049759693944956739
15571,19422,19423,1,0,0.17339288143638465
15572,19423,19424,3,0,0.067211341105263653
15573,19424,19425,3,0,0.17113634327945723
15574,19425,19426,2,0,0.27278113462138331
15575,19426,19427,2,0,0.17874880709087601
15576,19427,19428,5,0,0.054118191558690326
15577,19429,19430,4,0,0.18173749789197982
15578,19430,19431,2,0,0.14909952153078584
15579,19431,19432,3,0,0.35332181505214227
15580,19432,19433,4,0,0.11732568900746831
15581,19434,19435,3,0,0.3942385099389849
15582,19435,19436,2,0,0.18022480787145484
15583,19436,19437,5,0,0.066524084415332377
15584,19437,19438,5,0,0.0092116552438438054
15585,19438,19439,3,0,0.050210283315664808
15586,19439,19440,4,0,0.08469478219793819
15587,19440,19441,4,0,0.38291592067115837
15588,19441,19442,5,0,0.24846324261789471
15589,19442,19443,4,1,0.14348777620220216
15590,19443,19444,5,0,0.030529278861642934
15591,19444,19445,2,0,0.46136773240114665
15592,19445,19446,4,0,0.098927544817560317
15593,19446,19447,4,0,0.17475633146213357
15594,19447,19448,5,0,0.281401513813761
15595,19448,19449,3,0,0.16597912846662374
15596,19449,19450,4,0,0.10636689773631654
15597,19450,19451,3,0,0.036131661848375053
15598,19451,19452,3,0,0.17317127888414166
15599,19452,19453,2,1,0.62345305369552428
15600,19456,19457,5,0,0.096044136449380771
15601,19457,19458,3,0,0.059637928854387276
15602,19458,19459,2,0,0.064388421955979241
15603,19459,19460,4,0,0.20383120128592155
15604,19460,19461,5,0,0.59420158886922481
15605,19461,19462,4,0,0.16429796919384318
15606,19463,19464,3,0,0.059054193068315941
15607,19464,19465,4,0,0.2569726182533637
15608,19465,19466,3,1,0.51745797755183665
15609,19466,19467,1,0,0.12087257097217453
15610,19467,19468,5,0,0.11223997375728617
15611,19469,19470,3,0,0
15612,19470,19471,2,0,0.48511982098902034
15613,19471,19472,2,1,0.66606695213395561
15614,19472,19473,4,0,0.13755496531073308
15615,19473,19474,2,0,0.067372856126021105
15616,19474,19475,4,1,0.092674332373719054
15617,19475,19476,3,0,0.12998542051879733
15618,19476,19477,3,0,0.092048493938676118
15619,19477,19478,2,0,0.12114388133243119
15620,19478,19479,3,0,0.039980500775306717
15621,19479,19480,2,0,0.16939919454194616
15622,19480,19481,3,0,0.13244160979638106
15623,19481,19482,3,0,0.26043828687303688
15624,19482,19483,3,0,0.10699645591077193
15625,19484,19485,5,0,0.55289679393888902
15626,19486,19487,2,0,0.096244002404951762
15627,19488,19489,3,0,0.60872719491760485
15628,19489,19490,5,1,0.70187050525107686
15629,19490,19491,5,0,0.094397865906207565
15630,19491,19492,3,0,0.11347320162607778
15631,19492,19493,3,0,0.051532617873359041
15632,19493,19494,5,0,0.19434939343519933
15633,19494,19495,3,0,0.20971535489749255
15634,19495,19496,2,1,0.21451029698271451
15635,19496,19497,3,0,0.20063395503166018
15636,19497,19498,2,0,0.21907002310934884
15637,19498,19499,5,1,0.30612231658906297
15638,19499,19500,1,0,0
15639,19500,19501,5,0,0.10996384931264079
15640,19502,19503,3,0,0.1004676709899783
15641,19506,19507,4,0,0.30521725646375963
15642,19507,19508,2,0,0.29596006078452847
15643,19508,19509,2,0,0.088579832386554314
15644,19510,19511,4,1,0.11658100581223586
15645,19511,19512,4,0,0.090445260131669356
15646,19512,19513,4,0,0.018923821659489269
15647,19513,19514,2,0,0.068590213234039465
15648,19514,19515,1,0,0.15874531207997017
15649,19515,19516,4,0,0.40234398946242245
15650,19517,19518,4,0,0.14543319140185967
15651,19518,19519,1,0,0.24255802860283787
15652,19519,19520,2,1,0.15294334374082008
15653,19520,19521,3,1,0.66325806050822456
15654,19521,19522,1,1,0.13230823988099169
15655,19523,19524,2,0,0.0095945733544573874
15656,19524,19525,4,0,0.1048871633256178
15657,19525,19526,3,0,0.080421630414279938
15658,19526,19527,5,0,0.041965946725609923
15659,19528,19529,5,0,0.58292355982183175
15660,19529,19530,4,1,0.018610088372227204
15661,19530,19531,2,0,0.20079331126256594
15662,19531,19532,5,0,0.2536790885641747
15663,19532,19533,2,1,0.6366722770426948
15664,19533,19534,4,0,0.60605833199920311
15665,19534,19535,4,0,0.15508198983021068
15666,19535,19536,5,0,0.041763163011387661
15667,19536,19537,3,1,0.64031816549047327
15668,19538,19539,4,0,0.018313891245110812
15669,19539,19540,5,0,0.081049257514285947
15670,19541,19542,5,0,0.18540262140676644
15671,19542,19543,2,0,0.040388350252913645
15672,19543,19544,1,0,0.016166549014611505
15673,19544,19545,5,0,0.14096374737283993
15674,19547,19548,1,1,0.14341857615236503
15675,19548,19549,3,1,0.64122726452553058
15676,19549,19550,4,1,0.038526648984763226
15677,19550,19551,4,0,0.16105543106445158
15678,19553,19554,3,0,0.039760733407199489
15679,19554,19555,4,0,0.22547071233372251
15680,19555,19556,2,0,0.0394256277426158
15681,19556,19557,5,1,0.66159006289908207
15682,19557,19558,1,0,0.035873736962266013
15683,19558,19559,3,0,0.18234896640565493
15684,19560,19561,4,0,0.35721971261380914
15685,19561,19562,5,0,0.026627789649007194
15686,19562,19563,3,0,0.14857361926793486
15687,19563,19564,5,1,0.11852038089824424
15688,19565,19566,5,0,0.34899504769587397
15689,19567,19568,5,0,0.059892990202864531
15690,19568,19569,3,0,0.10831237541235787
15691,19570,19571,4,0,0.12219992242340047
15692,19572,19573,4,1,0.047451284782740195
15693,19575,19576,1,0,0.037382876175061211
15694,19576,19577,2,0,0.029133251620016346
15695,19577,19578,3,1,0.64539404026170477
15696,19578,19579,5,0,0.020861579587849528
15697,19580,19581,5,0,0.036744581549242983
15698,19581,19582,4,0,0.049637465536340089
15699,19583,19584,4,0,0.018544992140279375
15700,19584,19585,1,1,0.088406044686038673
15701,19585,19586,1,0,0.047821557393059808
15702,19586,19587,3,0,0.19632223180631989
15703,19587,19588,2,1,0.75144571214806366
15704,19588,19589,3,0,0.057258109240767727
15705,19589,19590,4,0,0.11216376033903819
15706,19590,19591,4,0,0.065409094763081987
15707,19591,19592,5,0,0.19000574699831638
15708,19592,19593,2,0,0.10620237439869791
15709,19593,19594,3,0,0.16433742717831892
15710,19596,19597,4,0,0.2387416715197162
15711,19597,19598,1,0,0.099315018533181781
15712,19598,19599,2,0,0.065484381193217867
15713,19599,19600,1,0,0.033849260362834713
15714,19600,19601,1,0,0.11535102376757322
15715,19601,19602,4,0,0.12332312781857635
15716,19602,19603,3,0,0.13312315629789787
15717,19605,19606,1,0,0.27660829793411529
15718,19606,19607,5,0,0.033477460816053004
15719,19607,19608,1,0,0.025140471339994204
15720,19608,19609,1,0,0.040690496477817653
15721,19609,19610,1,0,0.040573225870126871
15722,19610,19611,4,0,0.017810654420543512
15723,19611,19612,2,0,0.073148163196911392
15724,19612,19613,5,0,0.079952880595136569
15725,19613,19614,2,0,0.23851605312757398
15726,19614,19615,2,0,0.049391434538514106
15727,19616,19617,5,1,0.62168675444786503
15728,19617,19618,3,0,0.10270700720918929
15729,19618,19619,3,0,0.040113527806952688
15730,19619,19620,4,0,0.23444479193560552
15731,19621,19622,2,1,0.74808888751353642
15732,19622,19623,1,1,0.087821832728917651
15733,19623,19624,2,0,0.07006561095844463
15734,19624,19625,1,0,0.16925684832710627
15735,19625,19626,4,0,0.10460083036054847
15736,19626,19627,3,0,0.1605488473664991
15737,19627,19628,2,0,0.16904734478676564
15738,19628,19629,3,0,0.23265519493234052
15739,19629,19630,1,0,0.28436853722748839
15740,19630,19631,2,0,0.14424991277717322
15741,19631,19632,3,0,0.024383181047661909
15742,19632,19633,2,0,0.076920145399212783
15743,19633,19634,2,1,0.48344691124170369
15744,19635,19636,3,0,0.1890390882410575
15745,19636,19637,3,0,0.29136672531232755
15746,19637,19638,3,1,0.34192844438377684
15747,19638,19639,4,0,0.10427325530427074
15748,19639,19640,1,0,0.8048932066654878
15749,19640,19641,4,1,0.45929137241516321
15750,19641,19642,3,0,0.060488380822211488
15751,19642,19643,2,0,0.10029391028296569
15752,19644,19645,5,0,0.30715692178228271
15753,19646,19647,2,0,0.082400648420026257
15754,19648,19649,1,1,0.085254813698836279
15755,19649,19650,1,1,0.78701470696627618
15756,19651,19652,5,0,0.089584453087325475
15757,19652,19653,1,0,0.11428692231749346
15758,19653,19654,1,0,0.029810858148754848
15759,19654,19655,2,1,0.18055319458575367
15760,19656,19657,4,0,0.33324734787710075
15761,19658,19659,2,0,0.067311899914288514
15762,19659,19660,5,1,0.4401875393004045
15763,19660,19661,3,1,0.18875772074658886
15764,19662,19663,3,0,0.022507560696815771
15765,19663,19664,3,0,0.03301744840482107
15766,19664,19665,1,0,0.0086167865133138441
15767,19665,19666,4,0,0.20460825476649019
15768,19666,19667,3,0,0.014611682382695392
15769,19668,19669,1,0,0.034143983582064635
15770,19669,19670,5,0,0.017918047236398574
15771,19671,19672,1,0,0.018004028353744948
15772,19672,19673,2,0,0.1638588182617714
15773,19673,19674,5,0,0.14830328252199099
15774,19674,19675,4,0,0.03717282780172998
15775,19675,19676,2,0,0.10978492919380831
15776,19676,19677,1,1,0.23384472161903108
15777,19677,19678,4,0,0.01806682612752613
15778,19678,19679,3,0,0.086167446946228493
15779,19680,19681,3,0,0.11864693758482918
15780,19681,19682,2,0,0.10549912260430838
15781,19682,19683,5,0,0.04131993304461596
15782,19683,19684,5,1,0.18118250603987929
15783,19684,19685,5,0,0.042205490219297426
15784,19685,19686,1,1,0.20669068155033576
15785,19687,19688,5,0,0.092216342937002468
15786,19689,19690,5,0,0.084856407076427248
15787,19690,19691,4,0,0.019329939862641067
15788,19691,19692,4,0,0.096511723321103152
15789,19692,19693,3,0,0.35920031195171598
15790,19693,19694,2,1,0.0825286816001507
15791,19694,19695,1,0,0.27507469189005973
15792,19695,19696,4,0,0.033863520974205537
15793,19696,19697,1,0,0.016334467240881445
15794,19698,19699,2,0,0.076111658591147255
15795,19699,19700,3,1,0.40892642234569027
15796,19700,19701,5,0,0.099421158131473439
15797,19702,19703,5,0,0.037848876815159235
15798,19704,19705,2,0,0.17029681440373354
15799,19705,19706,5,1,0.16325997425781227
15800,19706,19707,3,0,0.16436284392052469
15801,19707,19708,3,1,0.50792177553808138
15802,19709,19710,4,0,0.058163850240031109
15803,19711,19712,1,1,0.70952562749067682
15804,19712,19713,2,0,0.06129016637476601
15805,19714,19715,5,0,0.087007616512308109
15806,19715,19716,5,0,0.14502139170371561
15807,19716,19717,5,0,0.38007422446255618
15808,19718,19719,4,0,0.06831997472644423
15809,19719,19720,3,0,0.075819102932184926
15810,19720,19721,2,0,0.077591267888106705
15811,19721,19722,5,0,0.081370964525569855
15812,19722,19723,2,0,0.075936095016348376
15813,19723,19724,4,0,0.094369206442674769
15814,19724,19725,2,0,0.038882096173111995
15815,19725,19726,5,0,0.056814368165841199
15816,19726,19727,1,0,0.78846775893107124
15817,19728,19729,1,0,0.19179663446795372
15818,19729,19730,4,0,0.030831582045386247
15819,19730,19731,4,0,0.11824156972909378
15820,19731,19732,5,0,0.13389782994694116
15821,19732,19733,5,0,0.023332221964042461
15822,19733,19734,3,0,0.11885352676349852
15823,19736,19737,5,0,0.070742966991567846
15824,19737,19738,1,0,0.60786709467276356
15825,19739,19740,4,1,0.58493372417439615
15826,19740,19741,5,0,0.073333849698300896
15827,19742,19743,1,1,0.39572568604558012
15828,19744,19745,4,0,0.12439375703647911
15829,19745,19746,2,0,0.21087318502797556
15830,19746,19747,4,0,0.06198023556290063
15831,19748,19749,1,0,0.17004571046941577
15832,19749,19750,1,0,0.091638763509804183
15833,19750,19751,1,1,0.20603026590430057
15834,19751,19752,3,0,0.26562459972664465
15835,19752,19753,5,1,0.5519916977217143
15836,19753,19754,1,0,0.038731208460499204
15837,19754,19755,3,0,0.2590819917638843
15838,19755,19756,2,1,0.63867355724820651
15839,19756,19757,1,0,0.042983451880544483
15840,19758,19759,2,0,0.027611584271709098
15841,19759,19760,5,0,0.045222450004632389
15842,19760,19761,1,0,0.17716679787030079
15843,19761,19762,1,1,0.29125300769688878
15844,19762,19763,1,0,0.078350866608435016
15845,19763,19764,5,0,0.01685316472237916
15846,19765,19766,4,0,0.47366577293883971
15847,19766,19767,5,0,0.048270889131131055
15848,19767,19768,3,1,0.12959708722042496
15849,19768,19769,2,0,0.20880973947115195
15850,19769,19770,3,0,0.15447291251361081
15851,19770,19771,1,1,0.75605132865122249
15852,19772,19773,2,0,0.19087298524072294
15853,19775,19776,1,0,0.23730185517374211
15854,19776,19777,5,0,0.063565188811438009
15855,19777,19778,3,0,0.099038542455541931
15856,19778,19779,3,0,0.3893609796308477
15857,19779,19780,2,0,0.059123249071493071
15858,19780,19781,1,0,0.053005903363739122
15859,19782,19783,3,1,0.49581333918687071
15860,19783,19784,1,0,0.080477257957795104
15861,19784,19785,2,1,0.071525684925877034
15862,19785,19786,1,0,0.048312409267875112
15863,19786,19787,5,0,0.008185518381349342
15864,19788,19789,2,0,0.21854833222723258
15865,19789,19790,2,0,0.12459481018686144
15866,19790,19791,1,0,0.015496595233854028
15867,19791,19792,1,1,0.18905997984479705
15868,19792,19793,4,0,0.1505680142727899
15869,19793,19794,3,0,0.44134775151895039
15870,19795,19796,2,0,0.074139396048842884
15871,19796,19797,3,0,0.10748332144348968
15872,19797,19798,3,0,0.11410745571824525
15873,19798,19799,4,1,0.37387799709497027
15874,19800,19801,3,0,0.12175270892932859
15875,19801,19802,1,1,0.39208075441342605
15876,19802,19803,4,0,0.047885547883070451
15877,19803,19804,5,0,0.076735971172735465
15878,19804,19805,2,0,0.083588036182439387
15879,19805,19806,5,1,0.2754317057088993
15880,19806,19807,3,0,0.028356550004157047
15881,19807,19808,4,0,0.1065800243849731
15882,19809,19810,1,0,0.57009682568460285
15883,19810,19811,3,0,0.11448334663348608
15884,19811,19812,2,0,0.043020546023439618
15885,19812,19813,1,0,0.069377947349075611
15886,19813,19814,1,0,0.24718755308569232
15887,19815,19816,1,0,0.015139966497634803
15888,19816,19817,2,0,0.039357347065550413
15889,19818,19819,4,1,0.39370470514193612
15890,19819,19820,5,0,0.20296722111531754
15891,19820,19821,2,1,0.33968902383759192
15892,19821,19822,2,0,0.10583464312898858
15893,19822,19823,3,0,0.15794766827232304
15894,19823,19824,1,0,0.18972887157285331
15895,19825,19826,5,0,0.13651729765928367
15896,19826,19827,1,0,0.21333084665935215
15897,19827,19828,2,0,0.094459229791038102
15898,19828,19829,3,0,0.0078122492555848773
15899,19829,19830,5,0,0.2410760333345667
15900,19830,19831,4,0,0.22971820548249455
15901,19831,19832,4,1,0.49867157795929595
15902,19832,19833,1,0,0.057866856258849485
15903,19833,19834,1,0,0.016747568267544841
15904,19834,19835,5,0,0.65611837193725775
15905,19835,19836,4,0,0.0069658935840375804
15906,19836,19837,1,0,0.19457468837047195
15907,19838,19839,1,0,0.040339552752040715
15908,19839,19840,3,0,0.55327498572901679
15909,19840,19841,1,0,0.099073168093213912
15910,19842,19843,4,0,0.65515989751478076
15911,19843,19844,4,1,0.60320180953398095
15912,19844,19845,3,0,0.34471912609600347
15913,19845,19846,5,1,0.21129542157733489
15914,19846,19847,3,0,0.12926159486292799
15915,19848,19849,1,0,0.15883517723276377
15916,19849,19850,1,0,0.048464507257557084
15917,19850,19851,5,0,0.05660397236496062
15918,19852,19853,4,0,0.039898655754874647
15919,19853,19854,5,1,0.26400571028259234
15920,19854,19855,5,0,0.22582860717838998
15921,19855,19856,3,1,0.47909138502709103
15922,19856,19857,3,0,0.027752455303961861
15923,19857,19858,5,0,0.07530006658369251
15924,19858,19859,2,0,0.082650155006698978
15925,19859,19860,2,0,0.015978688020904869
15926,19860,19861,3,0,0.16692976775477406
15927,19861,19862,3,1,0.55689710534225312
15928,19862,19863,1,0,0.12453086965716784
15929,19863,19864,3,1,0.11482269215104854
15930,19864,19865,4,0,0.039599836942417775
15931,19865,19866,1,0,0.6455880522110885
15932,19867,19868,2,0,0.35311535600964511
15933,19868,19869,4,0,0.026417238138741913
15934,19869,19870,2,0,0.091373079496218965
15935,19870,19871,2,0,0.13192541790120665
15936,19871,19872,3,0,0.0092976402244930312
15937,19872,19873,3,1,0.24707158647508715
15938,19873,19874,2,0,0.24084576146608269
15939,19874,19875,2,0,0.22184457603498434
15940,19875,19876,3,0,0.12466533565979016
15941,19876,19877,1,0,0.1387768815369986
15942,19878,19879,3,0,0.17720221811438019
15943,19879,19880,4,0,0.16582390359233667
15944,19880,19881,1,1,0.024716614721783433
15945,19881,19882,1,0,0.051934618485262998
15946,19882,19883,5,0,0.14508067279115563
15947,19884,19885,3,0,0.036654683307782113
15948,19885,19886,3,0,0.11599105932790105
15949,19887,19888,1,1,0.19485428162337584
15950,19888,19889,2,0,0.21054973545590286
15951,19889,19890,1,0,0.051515857343707394
15952,19891,19892,5,0,0.045896821979798635
15953,19892,19893,2,0,0.16311162201182505
15954,19894,19895,5,0,0.11865728269202093
15955,19895,19896,1,1,0.23739617823588297
15956,19896,19897,2,0,0.049557402883249523
15957,19897,19898,4,0,0.41784673705900022
15958,19900,19901,3,0,0.32335585623896523
15959,19901,19902,1,0,0.10078799631976378
15960,19903,19904,1,0,0.0095179304666663765
15961,19905,19906,2,0,0.058508315804646584
15962,19906,19907,1,1,0.59200828447891607
15963,19907,19908,1,0,0.34388943098834251
15964,19908,19909,4,1,0.29878077871442565
15965,19909,19910,2,0,0.0078342567262773173
15966,19910,19911,2,0,0.064711908948550792
15967,19911,19912,4,0,0.091370699784890125
15968,19912,19913,1,1,0.18085574434396348
15969,19913,19914,4,0,0.082183370200978101
15970,19914,19915,4,0,0.041274260795002772
15971,19917,19918,4,0,0.14578943405137956
15972,19918,19919,5,0,0.041068730102113649
15973,19919,19920,5,1,0.22885634643549466
15974,19922,19923,1,1,0.056575789443917585
15975,19924,19925,5,0,0.0094212322027204375
15976,19927,19928,3,0,0.19873851012992555
15977,19928,19929,1,0,0.12487168857251464
15978,19929,19930,2,0,0.21984565584425433
15979,19932,19933,2,0,0.018941869175935436
15980,19933,19934,1,0,0.17147282485120111
15981,19934,19935,1,0,0.098835211444780316
15982,19935,19936,3,0,0.59142652366267789
15983,19937,19938,5,1,0.18087298108970715
15984,19939,19940,2,0,0.14093425569741713
15985,19940,19941,5,0,0.21809355599228908
15986,19941,19942,3,0,0.020822679803163116
15987,19942,19943,4,0,0.1179465812406109
15988,19943,19944,1,0,0.21534967628550278
15989,19944,19945,5,0,0.092327124072765762
15990,19945,19946,3,0,0.025034713588394191
15991,19946,19947,5,0,0.069934758752954976
15992,19947,19948,5,0,0.24465680977328627
15993,19948,19949,4,0,0.050372991551591334
15994,19949,19950,5,0,0.28494519047518246
15995,19950,19951,4,0,0.018595763353071174
15996,19952,19953,3,0,0.11417196655970663
15997,19953,19954,1,0,0.04675994313930238
15998,19954,19955,4,0,0.14024687633010421
15999,19955,19956,3,0,0.17909263738256381
16000,19956,19957,5,0,0.17281615689608804
16001,19957,19958,4,0,0.17863972253161431
16002,19958,19959,1,0,0.067653648804038222
16003,19959,19960,1,0,0.19612380939626176
16004,19960,19961,5,1,0.41697225897480966
16005,19963,19964,5,0,0.28578233566160349
16006,19964,19965,5,0,0.056027190234442574
16007,19965,19966,3,0,0.0099916227362678352
16008,19966,19967,2,0,0.016619056670683294
16009,19967,19968,2,0,0.17041212209095682
16010,19968,19969,4,0,0.025978633854162145
16011,19969,19970,1,0,0.16769059857167057
16012,19970,19971,1,0,0.4333527839621224
16013,19972,19973,2,0,0.075125579254220004
16014,19973,19974,4,0,0.074662538284696434
16015,19974,19975,4,0,0.14151241250969521
16016,19975,19976,4,0,0.24900139598179241
16017,19977,19978,1,0,0.2261766337567257
16018,19978,19979,5,0,0.26252506387225777
16019,19979,19980,2,0,0.093269340742342
16020,19980,19981,1,0,0
16021,19981,19982,3,0,0.020413824970294338
16022,19982,19983,5,1,0.87873634133056011
16023,19983,19984,5,0,0.078431834539461315
16024,19984,19985,5,1,0.13340186625697945
16025,19985,19986,2,0,0.15512095465249529
16026,19986,19987,4,0,0.074712027578595921
16027,19987,19988,1,0,0.17541214713579248
16028,19988,19989,1,1,0.6541020153750543
16029,19992,19993,4,0,0.13006264784959706
16030,19993,19994,2,0,0.13513572807560872
16031,19994,19995,4,0,0.061675330920378323
16032,19997,19998,2,0,0.1821853023580676
16033,19998,19999,2,0,0.12447149246412548
16034,20000,20001,5,1,0.097452065072911764
16035,20001,20002,2,0,0.51285696161599181
16036,20002,20003,5,0,0.06624413368531562
16037,20004,20005,5,0,0.10359452938100905
16038,20005,20006,1,1,0.22605435270639543
16039,20006,20007,2,0,0.12168806135590529
16040,20007,20008,5,0,0.24125174662812829
16041,20008,20009,3,0,0.030170524810963023
16042,20011,20012,3,0,0.62015091378199094
16043,20012,20013,5,0,0.026501182585822774
16044,20013,20014,2,0,0.29400060940108191
16045,20014,20015,1,0,0.026455990065297811
16046,20015,20016,4,0,0.16122133837063007
16047,20016,20017,1,0,0.054443214637003211
16048,20017,20018,3,0,0.048132341176734428
16049,20019,20020,2,0,0.068648237090537911
16050,20020,20021,3,0,0.14915860368928427
16051,20021,20022,4,0,0.4520716104486262
16052,20022,20023,1,0,0.081174647377885406
16053,20023,20024,4,0,0.046932901333869514
16054,20025,20026,5,1,0.15016695358507817
16055,20026,20027,3,1,0.034708851763805317
16056,20027,20028,2,0,0.19570784159636859
16057,20028,20029,1,1,0
16058,20029,20030,2,0,0.091983577782455625
16059,20030,20031,5,0,0.13905202800918956
16060,20031,20032,3,0,0.52057864356139216
16061,20032,20033,4,0,0.37524904897837064
16062,20033,20034,2,0,0.43658998399094168
16063,20034,20035,1,0,0.3348989348284937
16064,20035,20036,4,0,0.053478924727865952
16065,20036,20037,5,0,0.07117046511121379
16066,20037,20038,5,0,0.14692021579268172
16067,20038,20039,2,0,0.20585906697540718
16068,20039,20040,4,0,0.18935165850038929
16069,20041,20042,5,0,0.053766304563215982
16070,20042,20043,2,0,0.1294070690667965
16071,20043,20044,2,0,0.10175127074307407
16072,20044,20045,4,0,0.18229864933782441
16073,20045,20046,1,1,0.37495536588267975
16074,20046,20047,1,0,0.24614014578938334
16075,20047,20048,1,0,0.28328882541135375
16076,20048,20049,3,0,0.061438933740976989
16077,20049,20050,1,0,0.17787924201488278
16078,20051,20052,1,0,0
16079,20052,20053,5,0,0.10793571098576484
16080,20053,20054,4,1,0.068389289244748144
16081,20054,20055,3,0,0.16927858442038646
16082,20055,20056,5,0,0.26180030313018604
16083,20056,20057,3,0,0.092432032530192332
16084,20057,20058,2,0,0.14674307700304404
16085,20058,20059,4,0,0.15947619935095966
16086,20060,20061,2,1,0.21962782583880272
16087,20061,20062,5,0,0.02851510487784838
16088,20062,20063,2,0,0.0080401202549791311
16089,20063,20064,4,0,0.1464096938340447
16090,20064,20065,1,0,0.03870950152619055
16091,20065,20066,2,0,0.11350020619524609
16092,20066,20067,3,0,0.17166600482983865
16093,20067,20068,4,0,0.039883056884930455
16094,20068,20069,1,0,0.21718085036065915
16095,20069,20070,5,1,0.33040879964752817
16096,20070,20071,4,0,0.029480053524498496
16097,20071,20072,1,0,0.061205004403624315
16098,20073,20074,2,0,0.19893685817030934
16099,20074,20075,5,0,0.036833056979501073
16100,20076,20077,2,1,0.09915428352639144
16101,20077,20078,3,0,0.051418589732454993
16102,20078,20079,3,0,0.26629170255482826
16103,20079,20080,5,0,0.02153406720023647
16104,20080,20081,2,0,0.093046623695240624
16105,20082,20083,5,0,0.086962096569401598
16106,20085,20086,2,0,0.1171951395462168
16107,20087,20088,2,0,0.16611725811576006
16108,20088,20089,1,0,0.0084890725696842653
16109,20090,20091,2,1,0.10870813290731131
16110,20091,20092,3,0,0.088454308749990079
16111,20094,20095,2,1,0.57987284775097903
16112,20097,20098,3,0,0.067605381295790051
16113,20098,20099,4,0,0.049004838441289007
16114,20099,20100,4,1,0.27330157093980728
16115,20100,20101,4,1,0.15987614124146729
16116,20101,20102,4,0,0.17143206942240705
16117,20102,20103,3,0,0.33844304514403467
16118,20103,20104,2,0,0.054886460671752096
16119,20104,20105,5,0,0.01904606847882746
16120,20105,20106,1,0,0.21112051935187684
16121,20106,20107,1,0,0.053389795318307003
16122,20108,20109,3,0,0.097413150994879141
16123,20109,20110,4,0,0.072026501167338511
16124,20110,20111,1,1,0.16287540673189305
16125,20111,20112,3,0,0.098073072248097096
16126,20112,20113,3,0,0.11193010273790954
16127,20113,20114,2,1,0.27636277100554474
16128,20114,20115,1,0,0.010160448572835577
16129,20115,20116,3,0,0.086477724118419155
16130,20116,20117,3,1,0.22543511271925512
16131,20117,20118,3,0,0.090671630746421886
16132,20118,20119,3,0,0.04091094771447213
16133,20119,20120,2,0,0.054736767373077207
16134,20121,20122,4,0,0.051306122401412926
16135,20122,20123,5,0,0.036905976783383594
16136,20123,20124,2,0,0.060758726678551332
16137,20124,20125,3,0,0.045909417541158092
16138,20125,20126,4,0,0.070956101536187255
16139,20127,20128,4,1,0.024928915631368936
16140,20128,20129,5,0,0.10610549659004496
16141,20130,20131,5,0,0.61198270563401802
16142,20132,20133,2,0,0.03181449677240554
16143,20133,20134,3,1,0.10047584352013463
16144,20134,20135,5,0,0.017532425363203527
16145,20135,20136,5,0,0.23709461880239455
16146,20136,20137,5,0,0.016175797918916518
16147,20137,20138,1,0,0.031263938334527543
16148,20138,20139,2,0,0.062144325429669987
16149,20139,20140,5,0,0.18855971443591529
16150,20140,20141,3,1,0.64205751502382935
16151,20141,20142,2,0,0.029077849806913754
16152,20142,20143,5,0,0.067848741968824233
16153,20145,20146,2,0,0.028475421571489277
16154,20146,20147,5,1,0.67154574163121006
16155,20147,20148,5,0,0.27061466518366228
16156,20148,20149,2,1,0.5930333370350882
16157,20149,20150,5,0,0.023799667067956786
16158,20150,20151,3,0,0.077840274458275502
16159,20151,20152,1,1,0.3226276983248092
16160,20152,20153,5,0,0.096013614367305086
16161,20153,20154,5,1,0.26597397008815044
16162,20154,20155,2,0,0.074010916372125174
16163,20155,20156,1,0,0.20016331894960301
16164,20156,20157,5,0,0.02994916299746803
16165,20157,20158,2,0,0.21802463545119063
16166,20158,20159,5,0,0.099742680272400366
16167,20159,20160,1,1,0.16478910887716033
16168,20160,20161,4,0,0.1686285265787929
16169,20161,20162,4,0,0.090315751591794585
16170,20162,20163,3,0,0.076261346387959922
16171,20163,20164,5,1,0.65510473800331359
16172,20164,20165,5,1,0.12962294524789938
16173,20166,20167,3,0,0.044366309802742185
16174,20167,20168,2,0,0.1002920441004457
16175,20168,20169,5,0,0.073938448726271214
16176,20169,20170,2,0,0.046813200116821642
16177,20171,20172,2,1,0.16604871908386909
16178,20172,20173,3,0,0.38465060625287395
16179,20173,20174,1,0,0.25820664076555111
16180,20174,20175,2,0,0.10575668213786768
16181,20179,20180,3,0,0.024745646566580216
16182,20180,20181,4,0,0.20344219767144733
16183,20181,20182,5,0,0.068329257393493381
16184,20183,20184,4,0,0.088221351400422587
16185,20184,20185,1,0,0.074031139479455707
16186,20185,20186,5,0,0.093159031059134007
16187,20187,20188,1,0,0.16846706828356145
16188,20188,20189,4,0,0.20944647245735418
16189,20191,20192,1,1,0.10591450144048913
16190,20192,20193,1,0,0.087674335169850987
16191,20193,20194,1,0,0.048073013560648491
16192,20194,20195,5,0,0.045056336433289761
16193,20195,20196,3,0,0.029819128356395781
16194,20196,20197,1,0,0.12114069133839732
16195,20197,20198,5,0,0.065542028223811416
16196,20198,20199,1,0,0.077162559797732275
16197,20199,20200,1,0,0.11977371820253742
16198,20200,20201,2,0,0.16149157313459489
16199,20201,20202,5,0,0.086153129400020789
16200,20202,20203,4,0,0.24848179394967526
16201,20203,20204,3,0,0.093958722254275137
16202,20204,20205,3,0,0.26199970257260968
16203,20205,20206,5,0,0.12144649032546055
16204,20206,20207,4,1,0.61372543368569665
16205,20207,20208,1,1,0.10115658921035711
16206,20208,20209,4,0,0.10721178682094838
16207,20209,20210,1,0,0.25691335276024413
16208,20210,20211,3,1,0.63721146337482992
16209,20211,20212,5,0,0.24158531910280504
16210,20212,20213,1,1,0.19033300441664677
16211,20213,20214,3,0,0.089332925966648991
16212,20214,20215,3,1,0.60327128204203118
16213,20215,20216,1,0,0.17137919832851467
16214,20216,20217,1,0,0.2258018748485556
16215,20217,20218,1,0,0.35839762899520589
16216,20218,20219,5,0,0.14028521265809998
16217,20220,20221,4,1,0.74528300466770392
16218,20221,20222,5,0,0.1159933586697658
16219,20222,20223,1,0,0.1121405355096841
16220,20223,20224,1,0,0.4592466698438053
16221,20225,20226,4,0,0.092119707893981717
16222,20226,20227,5,0,0.39875645329268733
16223,20227,20228,1,0,0.057294865128445858
16224,20228,20229,3,0,0.13391655677511433
16225,20229,20230,1,1,0.19377813222383322
16226,20231,20232,5,0,0.068009627794963209
16227,20232,20233,3,1,0.11096992677941335
16228,20233,20234,1,0,0.071930573788141439
16229,20236,20237,4,0,0.57881953569459255
16230,20239,20240,3,0,0.066467137184115191
16231,20241,20242,2,0,0.029900022615201634
16232,20242,20243,2,0,0.17655160646912052
16233,20243,20244,1,0,0.1036329657766067
16234,20244,20245,2,0,0.011720994594572738
16235,20246,20247,4,0,0.18287736308857089
16236,20247,20248,3,0,0.15979294592415186
16237,20250,20251,3,0,0.036216280075110893
16238,20251,20252,4,1,0.31004950208520071
16239,20252,20253,3,1,0.20816291804671314
16240,20253,20254,5,0,0.10108725292886162
16241,20255,20256,3,0,0.58824944299770154
16242,20256,20257,1,0,0.13945807676648606
16243,20257,20258,3,1,0.087309967260341251
16244,20258,20259,4,0,0.049217824115435127
16245,20259,20260,5,0,0.12279673963182298
16246,20260,20261,5,0,0.12338379683370165
16247,20261,20262,4,0,0.021271116850540926
16248,20262,20263,5,0,0.15214869975545661
16249,20263,20264,4,0,0.23375566462630831
16250,20264,20265,3,0,0.11009872130560568
16251,20265,20266,5,0,0.034603608309272761
16252,20266,20267,4,1,0.62710776302622506
16253,20267,20268,4,0,0.21533449404381602
16254,20268,20269,4,0,0.3537909392731447
16255,20269,20270,2,0,0.17882825446671297
16256,20270,20271,4,0,0.1645662587825939
16257,20271,20272,1,0,0.11567050731871396
16258,20273,20274,5,0,0.092910288569865537
16259,20274,20275,5,0,0.0672914212199585
16260,20275,20276,3,1,0.088294604884011141
16261,20276,20277,5,0,0.23486879280613085
16262,20279,20280,4,0,0.20977779967414237
16263,20280,20281,5,0,0.049467690586624355
16264,20281,20282,3,1,0.82248596117113149
16265,20282,20283,2,1,0.72129578811637673
16266,20283,20284,4,0,0.10466376226883681
16267,20285,20286,4,0,0.38872969435526439
16268,20286,20287,3,0,0.077338752331643459
16269,20287,20288,2,1,0.21655213078919103
16270,20288,20289,5,0,0.12539566379609746
16271,20289,20290,5,0,0.1946458145620811
16272,20291,20292,4,0,0.027761628944628185
16273,20292,20293,1,0,0.12693956391663336
16274,20293,20294,5,1,0.27991078170405859
16275,20294,20295,3,0,0.065477151007071632
16276,20295,20296,3,1,0.34016437379011294
16277,20296,20297,1,0,0.048482795816230294
16278,20297,20298,2,0,0.36594086596529013
16279,20298,20299,2,0,0.11279936601556305
16280,20300,20301,5,0,0.22728224879244832
16281,20302,20303,4,0,0.058219074256412408
16282,20303,20304,1,0,0.10559804470522419
16283,20304,20305,2,0,0.01872376457056002
16284,20305,20306,3,0,0.25841186882425632
16285,20307,20308,2,0,0.67897110613115785
16286,20308,20309,4,0,0.088016008198000359
16287,20309,20310,4,0,0.36106281653562777
16288,20310,20311,5,0,0.11268547513186367
16289,20311,20312,2,0,0.13616948053589839
16290,20312,20313,1,0,0.11329671013622021
16291,20313,20314,1,1,0.25072802955039331
16292,20314,20315,4,1,0.48309688442667231
16293,20315,20316,4,0,0.018522642882206574
16294,20316,20317,3,0,0.038088078636417208
16295,20317,20318,3,0,0.030415283278489295
16296,20318,20319,5,1,0.63237600002966021
16297,20319,20320,4,0,0.33200773354883062
16298,20320,20321,2,0,0.047777411959040277
16299,20321,20322,4,0,0.061435973754923344
16300,20322,20323,2,1,0.54352299257674652
16301,20323,20324,3,0,0.18388544183716532
16302,20324,20325,1,0,0.040660705348747009
16303,20327,20328,4,0,0.041144268724839547
16304,20330,20331,2,0,0.28804621239954664
16305,20331,20332,4,0,0.093041832765898086
16306,20332,20333,1,0,0.21260480652959735
16307,20334,20335,1,0,0.039417231455962473
16308,20336,20337,1,1,0.10498974863933007
16309,20337,20338,5,1,0.57164271429696845
16310,20340,20341,5,0,0.10905956839774962
16311,20341,20342,3,0,0.086786342696033733
16312,20342,20343,3,1,0.47270068707683072
16313,20343,20344,4,0,0.12185992208574577
16314,20345,20346,5,0,0.62750831969853837
16315,20346,20347,5,0,0.39525775613132202
16316,20347,20348,3,0,0.14022306039883548
16317,20348,20349,1,0,0.074777161633138231
16318,20349,20350,1,0,0.47965214540834139
16319,20350,20351,2,0,0.10307830994926229
16320,20352,20353,1,0,0.21665085695846489
16321,20353,20354,4,0,0.10127698176443618
16322,20354,20355,2,0,0.17983414726056496
16323,20355,20356,3,0,0.18512003363324087
16324,20356,20357,5,0,0.19512339992104999
16325,20358,20359,4,1,0.49984723378633961
16326,20359,20360,2,1,0.73335189994994687
16327,20360,20361,4,0,0.029432923893084748
16328,20361,20362,4,1,0.055128815555430533
16329,20362,20363,1,1,0.1668291290694115
16330,20363,20364,4,1,0.70219703781227172
16331,20364,20365,2,1,0.58989822873239006
16332,20366,20367,4,1,0.74006886599769661
16333,20367,20368,3,1,0.64254435000505339
16334,20368,20369,5,1,0.13136807232515302
16335,20369,20370,5,0,0.17033711705833199
16336,20370,20371,4,1,0.13755923418890029
16337,20371,20372,2,1,0.20988736315752829
16338,20372,20373,5,0,0.57446514365158496
16339,20373,20374,2,1,0.44164527969883904
16340,20374,20375,4,0,0.18034205738928794
16341,20375,20376,2,0,0.17698906662048658
16342,20377,20378,1,1,0.63336411333051101
16343,20378,20379,2,0,0.3490555401090964
16344,20379,20380,5,0,0.70701774943155249
16345,20381,20382,1,1,0.6473836705607422
16346,20383,20384,2,0,0.26324060588377679
16347,20384,20385,2,1,0.53689171444665995
16348,20386,20387,3,0,0.060699383756297735
16349,20387,20388,4,1,0.2820600967469904
16350,20388,20389,1,1,0.53109168353920622
16351,20391,20392,5,0,0.23333464592265318
16352,20392,20393,4,0,0.078743833653999201
16353,20394,20395,1,0,0.16230611865127403
16354,20395,20396,4,0,0.57990398113732355
16355,20396,20397,4,0,0.11947020980607785
16356,20397,20398,4,0,0.03645338247385433
16357,20398,20399,2,1,0.70400106786166317
16358,20399,20400,2,0,0.19512571948028914
16359,20400,20401,2,0,0.1099547556959405
16360,20401,20402,1,0,0.16843110570163469
16361,20402,20403,3,0,0.35050314945035033
16362,20403,20404,4,0,0.092383940681527679
16363,20405,20406,1,0,0.20140308203582524
16364,20406,20407,3,0,0.2305880002385563
16365,20407,20408,3,0,0.21483699195084005
16366,20408,20409,3,1,0.67602802358941028
16367,20409,20410,5,0,0.069790010682722364
16368,20410,20411,4,0,0.17019487841888617
16369,20411,20412,2,0,0.095187623199985735
16370,20413,20414,5,0,0.11560563486335113
16371,20415,20416,2,0,0.41861834062858477
16372,20416,20417,3,0,0.16444883764916388
16373,20417,20418,1,0,0.17594386547005195
16374,20418,20419,2,0,0.066576610929367022
16375,20420,20421,4,0,0.30128415015537752
16376,20421,20422,3,0,0.10069286473786597
16377,20422,20423,5,0,0.17262165419224568
16378,20423,20424,3,0,0.053666202988905023
16379,20424,20425,5,1,0.62203835824389309
16380,20425,20426,1,0,0.61786760693201426
16381,20427,20428,4,1,0.75559431731438242
16382,20428,20429,4,1,0.34792590876621476
16383,20430,20431,4,0,0.74479188322260415
16384,20431,20432,2,0,0.1842914249305779
16385,20432,20433,3,0,0.11670174753021961
16386,20433,20434,5,0,0.076263782734015836
16387,20434,20435,2,0,0.089024938546743454
16388,20436,20437,4,0,0.049153239708901418
16389,20437,20438,2,1,0.76752882842672909
16390,20438,20439,4,0,0.2176886099698592
16391,20440,20441,1,1,0.61747516604009767
16392,20441,20442,2,0,0.13389558597745815
16393,20442,20443,2,0,0.15087879508726396
16394,20443,20444,3,0,0.13638233135393152
16395,20444,20445,4,0,0.22053389508813825
16396,20445,20446,3,0,0.19269957235675481
16397,20446,20447,5,1,0.61393244656806956
16398,20449,20450,2,0,0.080477843524072182
16399,20450,20451,4,0,0.72169021220605623
16400,20451,20452,1,0,0.069464832610162897
16401,20453,20454,4,0,0.19852834509166095
16402,20454,20455,5,0,0
16403,20455,20456,2,0,0.11930833371612047
16404,20456,20457,3,0,0.061485261773437945
16405,20457,20458,2,0,0.19468416154299353
16406,20458,20459,5,0,0.19096516731870003
16407,20459,20460,1,0,0.18043620467531718
16408,20460,20461,5,0,0.067928685430914404
16409,20461,20462,5,0,0.28552413022204443
16410,20462,20463,2,0,0.06743923091779043
16411,20463,20464,4,1,0.11404647716940314
16412,20466,20467,2,0,0.15312605679236763
16413,20468,20469,2,0,0.048051094946902698
16414,20469,20470,3,0,0.096621545814594159
16415,20470,20471,4,0,0.28131642300537274
16416,20471,20472,2,0,0.18252607585155833
16417,20473,20474,4,0,0.14927381061018297
16418,20474,20475,4,1,0.10391391566676107
16419,20475,20476,5,1,0.14181572116673866
16420,20476,20477,3,0,0.081519586647965825
16421,20477,20478,1,0,0.16539749978192514
16422,20478,20479,5,0,0.69823667671667577
16423,20479,20480,2,0,0.12116233983171536
16424,20480,20481,2,1,0.68296821858433399
16425,20482,20483,3,0,0.11828821209637953
16426,20483,20484,2,1,0.21671533856655714
16427,20484,20485,3,0,0.042229844617525096
16428,20485,20486,2,0,0.11426389911519948
16429,20487,20488,2,0,0.14382154297154379
16430,20488,20489,1,0,0.076954997282556115
16431,20489,20490,1,0,0.13929668971692349
16432,20491,20492,1,0,0.071955463347742082
16433,20492,20493,1,1,0.13311776452369484
16434,20493,20494,1,1,0.25969054649546991
16435,20494,20495,5,1,0.68840425639237379
16436,20495,20496,1,0,0.087883120909350909
16437,20496,20497,2,1,0.752999499984639
16438,20497,20498,1,1,0.51968546592190412
16439,20498,20499,4,0,0.097227030786480803
16440,20499,20500,2,0,0.12717695637331189
16441,20500,20501,4,0,0.085557055356499379
16442,20502,20503,1,0,0.027737965608001892
16443,20503,20504,3,0,0.14091463231037324
16444,20504,20505,1,1,0.66909170525452955
16445,20505,20506,2,1,0.15587608177649301
16446,20506,20507,5,0,0.028200621414228279
16447,20507,20508,4,0,0.11001409507760779
16448,20508,20509,5,0,0.15708011614098757
16449,20509,20510,1,0,0.11976177433468092
16450,20510,20511,2,0,0.21912958329520599
16451,20511,20512,5,1,0.19716356827167314
16452,20512,20513,3,0,0.11261524370387624
16453,20514,20515,4,0,0.16583734643203929
16454,20515,20516,3,0,0.22977345597598525
16455,20517,20518,1,0,0.098375119711324135
16456,20518,20519,5,1,0.69628759258386008
16457,20520,20521,3,1,0.30417764124240765
16458,20521,20522,4,0,0.62519955367860036
16459,20522,20523,4,0,0.19182742189214055
16460,20523,20524,1,1,0.7643405153099091
16461,20524,20525,4,0,0.093795635617323986
16462,20525,20526,5,1,0.63193582010365645
16463,20526,20527,4,0,0.12482343319985741
16464,20527,20528,3,1,0.31952157859283326
16465,20528,20529,5,0,0.16621565351033452
16466,20529,20530,3,0,0.15263703426405345
16467,20530,20531,2,0,0.15945772955016718
16468,20531,20532,4,0,0.13439748780090713
16469,20532,20533,2,0,0.02792648710815461
16470,20533,20534,5,0,0.016966737722070916
16471,20534,20535,2,0,0.19083187668443019
16472,20535,20536,3,0,0.071515742724733503
16473,20536,20537,1,0,0.10776521589703116
16474,20537,20538,1,0,0.12409942828082927
16475,20538,20539,4,0,0.19191680143793025
16476,20539,20540,2,0,0.38414199734126264
16477,20540,20541,5,0,0.20644613127612996
16478,20541,20542,5,1,0.50068976233341256
16479,20542,20543,2,1,0.0528497396023202
16480,20543,20544,2,0,0.12019837958516177
16481,20544,20545,2,0,0.089108713722031149
16482,20545,20546,4,0,0.84389102753791123
16483,20546,20547,4,0,0.068554039966200825
16484,20547,20548,1,0,0.12171493614506332
16485,20548,20549,2,0,0.64389258332134891
16486,20549,20550,5,0,0.18126846223310228
16487,20550,20551,3,0,0.089065027327794255
16488,20552,20553,1,0,0.099984645149833892
16489,20553,20554,5,0,0.14233935170538048
16490,20554,20555,3,0,0.056890113081379826
16491,20555,20556,1,0,0.27623936645736591
16492,20556,20557,1,0,0.088612618412045929
16493,20557,20558,5,0,0.059707448751732645
16494,20559,20560,4,1,0.69547298295797777
16495,20560,20561,2,0,0.072460770656711859
16496,20561,20562,3,0,0.6966993561503968
16497,20562,20563,1,0,0.26511917192522555
16498,20564,20565,3,0,0.13810084516704829
16499,20565,20566,2,0,0.20138519825102041
16500,20566,20567,2,1,0.73363276606745609
16501,20567,20568,3,0,0.060674062639577982
16502,20568,20569,2,1,0.51020609693120555
16503,20569,20570,1,0,0.17142647311224779
16504,20571,20572,2,0,0.38436880491436948
16505,20573,20574,2,0,0.17281179682518419
16506,20574,20575,2,0,0.31260738819629419
16507,20576,20577,5,0,0.14627580033213969
16508,20577,20578,5,0,0.81501878641107006
16509,20579,20580,5,0,0.073971470990299118
16510,20581,20582,4,0,0.58944942282029278
16511,20582,20583,1,0,0.066472218745525447
16512,20583,20584,5,0,0.066154037692064196
16513,20584,20585,1,0,0.48112816583198909
16514,20586,20587,3,0,0.051650047233112326
16515,20587,20588,2,0,0.068986880055431521
16516,20588,20589,4,0,0.14391025602534388
16517,20589,20590,3,0,0.1272289764934508
16518,20590,20591,4,0,0.049653255444396104
16519,20591,20592,2,0,0.083400294390839277
16520,20593,20594,4,0,0.070403868183787827
16521,20594,20595,2,1,0.18744080252045217
16522,20595,20596,3,0,0.094954271901450671
16523,20596,20597,4,1,0.69468858657886468
16524,20599,20600,5,0,0.20447602294994133
16525,20600,20601,5,1,0.12639566291301171
16526,20601,20602,4,0,0.11086437762254078
16527,20602,20603,5,0,0.34818211599730603
16528,20603,20604,3,1,0.1566138857184477
16529,20605,20606,3,1,0.65986966060254038
16530,20607,20608,5,0,0.055798849339188737
16531,20608,20609,1,0,0.11898492192859
16532,20610,20611,5,0,0.020363392923740928
16533,20612,20613,1,0,0.18526765685036636
16534,20614,20615,4,1,0.63431392025218791
16535,20615,20616,4,0,0.054255254886832943
16536,20616,20617,1,0,0.11911919799066426
16537,20617,20618,4,0,0.20349533881318368
16538,20618,20619,2,0,0.068823436052824094
16539,20619,20620,2,0,0.096612948289179712
16540,20620,20621,1,1,0.0896104873743193
16541,20621,20622,4,0,0.13122005007172033
16542,20622,20623,5,1,0.19898451670399772
16543,20625,20626,5,0,0.20101680768565233
16544,20626,20627,4,0,0.020401068225784715
16545,20627,20628,4,0,0.21170655385718198
16546,20628,20629,4,1,0.15028058923976473
16547,20629,20630,1,0,0.015141548894271472
16548,20630,20631,1,0,0.096223631654895142
16549,20632,20633,4,0,0.18550694398206424
16550,20633,20634,1,0,0.13649750566254273
16551,20634,20635,4,0,0.18682196565028647
16552,20636,20637,3,0,0.076257770023507115
16553,20637,20638,1,0,0.22643760973308363
16554,20638,20639,1,0,0.1523120112343212
16555,20640,20641,2,0,0.10115566947845597
16556,20642,20643,1,0,0.0086421673636116296
16557,20643,20644,2,0,0.12549475285822193
16558,20645,20646,3,1,0.53128206008449341
16559,20646,20647,5,0,0.6336132771632017
16560,20648,20649,3,0,0.20705594835064009
16561,20649,20650,1,0,0.21536205071026149
16562,20650,20651,3,0,0.18384591382889837
16563,20651,20652,1,1,0.63205550983308056
16564,20652,20653,2,1,0.8267262363559289
16565,20653,20654,3,0,0.1377257717891664
16566,20654,20655,1,1,0.15635293641655543
16567,20655,20656,2,0,0.088903821927573221
16568,20657,20658,4,0,0.18303860797864344
16569,20658,20659,2,1,0.1874384857621697
16570,20659,20660,2,0,0.58258578575849285
16571,20661,20662,5,0,0.48004930711394828
16572,20662,20663,2,0,0.066723831704344511
16573,20663,20664,5,1,0.56181869992053279
16574,20665,20666,4,0,0.2794264589988491
16575,20666,20667,3,0,0.10678480002869338
16576,20667,20668,2,0,0.037417022526358645
16577,20668,20669,1,1,0.60097483629086179
16578,20669,20670,2,0,0.15819429171266605
16579,20670,20671,3,1,0.59540090867950091
16580,20671,20672,3,1,0.13617590878748734
16581,20672,20673,5,1,0.26354815930731873
16582,20674,20675,2,0,0.081867460078436913
16583,20675,20676,4,1,0.74132498345242537
16584,20676,20677,5,0,0.079813371777084682
16585,20677,20678,2,1,0.070947426238882394
16586,20678,20679,1,1,0.14609370351589882
16587,20679,20680,2,0,0.34698568935456203
16588,20680,20681,1,1,0.51134631092926552
16589,20681,20682,3,0,0.13707919242781366
16590,20682,20683,2,0,0.15283533109716288
16591,20683,20684,1,0,0.029706145146601803
16592,20684,20685,1,1,0.65083167976075273
16593,20685,20686,3,0,0.17453463043110179
16594,20686,20687,4,1,0.49298260593614085
16595,20687,20688,2,0,0.66144983342954355
16596,20688,20689,2,0,0.035669603403773065
16597,20689,20690,4,1,0.63129617472416932
16598,20690,20691,4,0,0.020197526035425635
16599,20691,20692,2,0,0.11972101979676633
16600,20693,20694,1,0,0.22593037288502851
16601,20694,20695,5,1,0.55096273787934347
16602,20695,20696,5,1,0.54915686614785919
16603,20696,20697,2,0,0.16597349519800564
16604,20697,20698,3,0,0.13209141872543123
16605,20699,20700,5,0,0.075786408271940109
16606,20700,20701,1,0,0.15850501800020828
16607,20701,20702,4,0,0.68702570793492512
16608,20702,20703,2,0,0.13595861949000654
16609,20703,20704,3,1,0.23680930230710334
16610,20704,20705,5,0,0.071674920265683104
16611,20706,20707,3,0,0.29839154237774446
16612,20707,20708,2,1,0.26949501498359718
16613,20709,20710,4,1,0.56521778354065877
16614,20710,20711,1,0,0.23181576497515349
16615,20711,20712,1,0,0.1604311082701898
16616,20712,20713,2,0,0.13449705255239841
16617,20713,20714,4,0,0.067305975687941708
16618,20714,20715,5,0,0.09962881999835313
16619,20718,20719,2,0,0.23956643460630728
16620,20719,20720,4,0,0.12100234118345993
16621,20723,20724,1,0,0.133962431830151
16622,20725,20726,4,0,0.03690296238504169
16623,20726,20727,4,1,0.15673519669427527
16624,20727,20728,3,0,0.45479421149583643
16625,20728,20729,2,0,0.092436910324292063
16626,20729,20730,3,0,0.10697538863431776
16627,20730,20731,2,0,0.38363621168785283
16628,20732,20733,3,0,0.14925403094335199
16629,20733,20734,5,1,0.55664095025160132
16630,20734,20735,5,0,0.080494337720239811
16631,20735,20736,1,0,0.23802466607830819
16632,20738,20739,5,1,0.5898682891219994
16633,20739,20740,4,0,0.087426639503337747
16634,20740,20741,5,0,0.010635894168915489
16635,20741,20742,2,1,0.444231253279878
16636,20742,20743,2,1,0.055129813595332741
16637,20743,20744,2,0,0.046217215660769757
16638,20744,20745,4,1,0.097782817059824154
16639,20747,20748,3,0,0.072449127955274764
16640,20749,20750,4,0,0.17923929196954941
16641,20751,20752,1,1,0.2181910738889726
16642,20752,20753,3,0,0.057170498659050176
16643,20753,20754,1,1,0.19090471173145176
16644,20754,20755,5,1,0.37401987002428888
16645,20755,20756,5,0,0.17201839739758551
16646,20757,20758,2,1,0.58680153079609376
16647,20758,20759,2,0,0.13220104984125292
16648,20759,20760,1,0,0.2348103720672281
16649,20761,20762,5,1,0.16782663705594048
16650,20763,20764,2,0,0.057787240308975717
16651,20764,20765,2,1,0.21840814637933872
16652,20765,20766,3,0,0.23278827749668832
16653,20768,20769,5,0,0.63306644309618432
16654,20770,20771,4,1,0.71681278472671284
16655,20772,20773,4,1,0.1327742766308399
16656,20773,20774,4,0,0.091283971258550617
16657,20774,20775,1,1,0.59677679988375698
16658,20775,20776,2,0,0.046089814937385183
16659,20776,20777,4,1,0.58735553366009274
16660,20777,20778,3,0,0.073116293485708944
16661,20778,20779,1,0,0
16662,20779,20780,5,0,0.18032858490943379
16663,20780,20781,3,0,0.14726527097512179
16664,20781,20782,1,0,0.20267025067346278
16665,20782,20783,5,0,0.03729223717768336
16666,20784,20785,1,0,0.046917145893902341
16667,20785,20786,2,0,0.11533243122942691
16668,20786,20787,5,0,0.078935884108101012
16669,20788,20789,4,1,0.19750933948389438
16670,20789,20790,2,0,0.034513551689590444
16671,20790,20791,1,0,0.079788207515280887
16672,20791,20792,1,0,0.15791591132109614
16673,20793,20794,4,0,0.29993068295749881
16674,20794,20795,4,0,0.13543343581285058
16675,20795,20796,3,0,0.12859444623034619
16676,20796,20797,1,0,0.047703080908802452
16677,20798,20799,5,0,0.16893132929816251
16678,20799,20800,2,1,0.40760000254070172
16679,20800,20801,1,0,0.074927062967893018
16680,20801,20802,5,0,0.077369469293790127
16681,20802,20803,2,1,0.61193698095623328
16682,20803,20804,4,1,0.67495500975765932
16683,20804,20805,5,1,0.15023677452193226
16684,20806,20807,5,1,0.083725511403965613
16685,20807,20808,1,1,0.19168734649204822
16686,20808,20809,1,1,0.28671413056417311
16687,20809,20810,2,0,0.146030884364824
16688,20810,20811,3,1,0.54464910281830592
16689,20812,20813,1,1,0.5077165245719768
16690,20813,20814,5,0,0.4989895242231126
16691,20815,20816,4,0,0.058075911775556877
16692,20816,20817,5,0,0.24755000620820014
16693,20817,20818,1,0,0.26758556585638471
16694,20818,20819,1,0,0.068155953542392692
16695,20819,20820,4,1,0.15991587719985781
16696,20820,20821,1,0,0.095703881637889385
16697,20821,20822,1,0,0.18771214071671138
16698,20822,20823,4,0,0.078726101317917935
16699,20824,20825,5,0,0.13064201548570936
16700,20825,20826,3,0,0.21527940632037407
16701,20826,20827,4,0,0.008568895417223445
16702,20827,20828,1,0,0.026975427211341201
16703,20828,20829,5,1,0.16228693028936167
16704,20829,20830,5,0,0.21010191956784299
16705,20830,20831,2,0,0.19212706967590451
16706,20832,20833,5,0,0.095355699416827616
16707,20834,20835,1,0,0.058066988249059766
16708,20835,20836,5,0,0.087873753158827866
16709,20836,20837,1,0,0.10371799712924566
16710,20838,20839,4,1,0.56938056544154902
16711,20839,20840,3,1,0.21878291308998596
16712,20840,20841,5,0,0.30708879729836114
16713,20841,20842,5,0,0.20394506766306339
16714,20843,20844,4,0,0.0094595514057471217
16715,20846,20847,1,0,0.43853940041751954
16716,20847,20848,2,0,0.25548522962544129
16717,20848,20849,4,0,0.22732757507426507
16718,20849,20850,5,0,0.077635107528602212
16719,20850,20851,5,0,0.079199654356585797
16720,20851,20852,4,1,0.23891439605385859
16721,20852,20853,5,1,0.66018555625561159
16722,20855,20856,4,1,0.60138684754360894
16723,20856,20857,4,0,0.13827601177109947
16724,20857,20858,2,1,0.12671112541598009
16725,20858,20859,3,0,0.44671331787800195
16726,20859,20860,5,0,0.186783036399468
16727,20860,20861,3,0,0.18277840788353253
16728,20861,20862,2,0,0.23287466110187838
16729,20862,20863,5,0,0.12147789587308397
16730,20864,20865,5,0,0.066345844317992883
16731,20865,20866,5,0,0.11511779120179295
16732,20867,20868,3,0,0.61025192041959164
16733,20868,20869,4,0,0.44819168494137279
16734,20870,20871,5,1,0.62643778095771374
16735,20871,20872,1,0,0.40627300776503711
16736,20872,20873,5,0,0.1747949932290693
16737,20873,20874,4,0,0.17815529806812896
16738,20874,20875,2,0,0.14321074490276195
16739,20875,20876,5,0,0.22330536601462042
16740,20876,20877,1,0,0.17728352883528595
16741,20877,20878,2,0,0.19510163207381795
16742,20878,20879,3,0,0.05680743153428279
16743,20879,20880,3,1,0.32276894557962121
16744,20880,20881,4,0,0.26305615275725558
16745,20881,20882,4,0,0.61858326284535026
16746,20882,20883,5,0,0.018252746993027071
16747,20883,20884,3,1,0.59719942487122191
16748,20884,20885,2,0,0.060240507995350419
16749,20885,20886,1,1,0.64350655880987773
16750,20886,20887,1,0,0.16513724463807425
16751,20887,20888,1,0,0.030929298878263949
16752,20888,20889,1,0,0.196588108179343
16753,20889,20890,2,1,0.4102899323554634
16754,20890,20891,3,0,0.32617722254796183
16755,20891,20892,5,0,0.082924264540465809
16756,20892,20893,2,0,0.68613810430474587
16757,20893,20894,5,0,0.16619482609086517
16758,20894,20895,1,0,0.11585722970604166
16759,20896,20897,4,0,0.15817940979041331
16760,20897,20898,2,0,0.078883371404282948
16761,20898,20899,5,0,0.081003217876461475
16762,20899,20900,1,0,0.23795487826056069
16763,20900,20901,4,0,0.028342541551177148
16764,20902,20903,4,1,0.7480122288475729
16765,20903,20904,5,1,0.74410646029943128
16766,20904,20905,3,0,0.12505566088175069
16767,20905,20906,4,0,0.11781968363987823
16768,20906,20907,5,1,0.72745736168857744
16769,20907,20908,2,0,0.078683936761571996
16770,20908,20909,4,0,0.11642415419280691
16771,20909,20910,4,0,0.065649278630338259
16772,20910,20911,1,0,0.025890508282937052
16773,20911,20912,2,1,0.28365924509180312
16774,20913,20914,5,1,0.57029634670427121
16775,20914,20915,3,1,0.18844155740976282
16776,20915,20916,1,0,0.10140368066632185
16777,20916,20917,4,0,0.16038375534165478
16778,20918,20919,4,0,0.25518738278324393
16779,20920,20921,1,1,0.72308174018950422
16780,20921,20922,3,0,0.40871506701301452
16781,20923,20924,1,0,0.22540874295671409
16782,20924,20925,3,0,0.49553713573138974
16783,20925,20926,4,0,0.081586803529418273
16784,20926,20927,3,0,0.260937576973021
16785,20927,20928,1,0,0.17537792358737375
16786,20928,20929,5,0,0.10315240530719201
16787,20929,20930,4,0,0.1369192285752078
16788,20930,20931,5,1,0.20584884393719449
16789,20932,20933,4,1,0.74785202710411902
16790,20933,20934,5,0,0.19858744655358027
16791,20935,20936,2,0,0.10801117931524967
16792,20936,20937,4,1,0.50374633575319494
16793,20937,20938,1,0,0.17205517882754676
16794,20939,20940,5,0,0.23321041552444782
16795,20940,20941,2,0,0.14003247196858387
16796,20941,20942,3,0,0.047655550824235705
16797,20942,20943,4,0,0.44356685987242983
16798,20944,20945,2,0,0.056959853446194607
16799,20946,20947,4,0,0.12011817116479406
16800,20948,20949,1,0,0.16955861844838579
16801,20949,20950,4,0,0.24967671045251705
16802,20950,20951,3,0,0.10537411139498694
16803,20951,20952,1,0,0.039015593301398144
16804,20952,20953,5,1,0.22216701087084934
16805,20954,20955,4,0,0.21380829315986377
16806,20955,20956,5,1,0.62839670807371528
16807,20956,20957,2,0,0.058912624611173164
16808,20958,20959,4,0,0.10977135422820115
16809,20959,20960,5,0,0.13484858612281883
16810,20960,20961,5,0,0.10829292391598479
16811,20961,20962,4,0,0.73156547545693673
16812,20963,20964,1,0,0.59916052652617069
16813,20964,20965,5,0,0.06575795586681836
16814,20965,20966,3,0,0.014492770733823216
16815,20966,20967,4,0,0.040376328371959126
16816,20968,20969,1,0,0.11031772398863164
16817,20969,20970,2,0,0.12533002264889512
16818,20971,20972,1,0,0.14328129125271069
16819,20972,20973,4,0,0.24401695806114951
16820,20973,20974,5,1,0.19898740833137118
16821,20974,20975,3,0,0.13405705406816726
16822,20975,20976,5,0,0.035040488440518956
16823,20976,20977,2,0,0.044382579690906809
16824,20978,20979,1,0,0.19753710750232811
16825,20979,20980,1,1,0.2596292108897359
16826,20980,20981,3,0,0.14156566980706892
16827,20981,20982,5,1,0.098694153166531767
16828,20982,20983,5,0,0.099423905121223233
16829,20983,20984,1,1,0.51843929004816258
16830,20986,20987,2,1,0.67634229242557597
16831,20987,20988,4,0,0.20615737151872504
16832,20988,20989,1,0,0.10687702396560697
16833,20989,20990,1,0,0.069644891565883743
16834,20991,20992,4,1,0.80541182870549066
16835,20993,20994,4,1,0.53682435350837832
16836,20995,20996,2,1,0.48824904970767219
16837,20996,20997,3,0,0.69084758411492109
16838,20997,20998,2,0,0.11904677728323376
16839,20998,20999,4,0,0.1368629635592363
16840,20999,21000,2,0,0.2536749699042859
16841,21000,21001,3,0,0.1050617245738486
16842,21002,21003,3,0,0.088773868311214074
16843,21003,21004,5,1,0.27807452890050993
16844,21004,21005,3,1,0.633957019719666
16845,21005,21006,4,0,0.06136761364304566
16846,21006,21007,1,0,0.1633007594946041
16847,21007,21008,3,1,0.054302408474047888
16848,21008,21009,1,0,0.11996133781362374
16849,21010,21011,5,0,0.18575040097444326
16850,21012,21013,3,1,0.8657757855160445
16851,21013,21014,3,1,0.47603606073557392
16852,21014,21015,4,1,0.21026005314708995
16853,21015,21016,5,1,0.37263030103651645
16854,21016,21017,1,1,0.59905328654884993
16855,21017,21018,1,1,0.50701939257608886
16856,21019,21020,5,0,0.12772391496233218
16857,21020,21021,3,0,0.020243046717516464
16858,21021,21022,1,0,0.074589091164956281
16859,21024,21025,1,0,0.1045436400872131
16860,21025,21026,4,0,0.071748157263247528
16861,21026,21027,5,0,0.23103399310806427
16862,21027,21028,1,1,0.63609105347046646
16863,21029,21030,3,1,0.17236707987577438
16864,21030,21031,2,0,0.18824486784518099
16865,21031,21032,2,0,0.59097321984335693
16866,21032,21033,2,0,0.23733285863449183
16867,21033,21034,3,1,0.82833774952581141
16868,21034,21035,1,0,0.13277447937809272
16869,21035,21036,3,0,0.16014360481786638
16870,21036,21037,4,0,0.27820512486851251
16871,21037,21038,1,0,0.076902986829122055
16872,21038,21039,2,0,0.090454190611351112
16873,21039,21040,1,1,0.18750791345102633
16874,21040,21041,3,0,0.12484377390226338
16875,21042,21043,2,0,0.047941868657808584
16876,21044,21045,2,0,0.037417758983424872
16877,21045,21046,3,0,0.090811277876080676
16878,21047,21048,5,0,0.18127680663270143
16879,21048,21049,5,1,0.11282719301240637
16880,21049,21050,1,1,0.39983685441354322
16881,21050,21051,3,0,0.56737813335724108
16882,21053,21054,5,0,0.25610784370879319
16883,21054,21055,2,0,0.16776678050078728
16884,21055,21056,5,0,0.13705700532663673
16885,21056,21057,4,1,0.46986715057613548
16886,21059,21060,1,1,0.26001481884978556
16887,21060,21061,2,0,0.1648412702157124
16888,21061,21062,4,0,0.091563122308440201
16889,21063,21064,3,0,0.11189190753972415
16890,21064,21065,3,0,0.43022168320759885
16891,21065,21066,3,0,0.17011874537116209
16892,21066,21067,1,1,0.13389869475634084
16893,21067,21068,1,0,0.31663682067067156
16894,21068,21069,1,0,0.081939518666904076
16895,21069,21070,4,0,0.077631379544991108
16896,21070,21071,1,0,0.098166038769588362
16897,21071,21072,2,0,0.080500704352152702
16898,21072,21073,1,0,0.11174747999103422
16899,21073,21074,1,1,0.099416139154755348
16900,21074,21075,4,0,0.23036917383667893
16901,21075,21076,4,0,0.13713631429312498
16902,21076,21077,1,1,0.72336991223887248
16903,21077,21078,1,0,0.34483407676697631
16904,21078,21079,2,0,0.19716075469023733
16905,21079,21080,4,1,0.10871365601376974
16906,21080,21081,5,0,0.12808802947040632
16907,21081,21082,1,0,0.1071519388926838
16908,21082,21083,4,0,0.19365247147086045
16909,21083,21084,5,0,0.066559780247355191
16910,21084,21085,5,0,0.088563362237509019
16911,21085,21086,5,0,0.075897744606556697
16912,21086,21087,2,0,0.23844032346726135
16913,21087,21088,5,0,0.16130310349600221
16914,21088,21089,5,0,0.12984598513388068
16915,21089,21090,5,0,0.15756313117748555
16916,21090,21091,3,0,0.11365657864666008
16917,21091,21092,5,0,0.04739163599485266
16918,21092,21093,1,0,0.10236639087269182
16919,21093,21094,5,0,0.029172630710071038
16920,21094,21095,2,0,0.11732879196558647
16921,21095,21096,3,0,0.18309350474098837
16922,21096,21097,3,0,0.15065667086386891
16923,21097,21098,3,0,0.67723586279413406
16924,21098,21099,2,0,0.40287882878197362
16925,21099,21100,5,0,0.24495598424774068
16926,21100,21101,4,0,0.037156483232479179
16927,21102,21103,3,1,0.56019078876382145
16928,21105,21106,3,1,0.69110307075617872
16929,21107,21108,4,1,0.59320349903252079
16930,21109,21110,1,1,0.64046571873758729
16931,21110,21111,1,1,0.097712124059270919
16932,21111,21112,1,0,0.10990827170515249
16933,21112,21113,5,0,0.32212854830033644
16934,21114,21115,1,0,0.10194131146462104
16935,21115,21116,3,0,0.078301217015340735
16936,21117,21118,3,1,0.049758804607351138
16937,21118,21119,5,0,0.069981219353359186
16938,21119,21120,1,1,0.25705890489852062
16939,21120,21121,4,0,0.65107881472186702
16940,21121,21122,4,0,0.10134641908472172
16941,21122,21123,4,0,0.068831630658841639
16942,21123,21124,5,0,0.04897800500859753
16943,21125,21126,3,0,0.60489145737728112
16944,21126,21127,3,0,0.14127120415218949
16945,21127,21128,3,0,0.29949411871636489
16946,21128,21129,5,0,0.036247449572087184
16947,21130,21131,3,1,0.049323452925999503
16948,21131,21132,1,1,0.076017699575806952
16949,21133,21134,3,1,0.11792205431628261
16950,21134,21135,5,0,0.066534152337203792
16951,21135,21136,1,1,0.15782222165970675
16952,21136,21137,5,0,0.0086913705518666083
16953,21137,21138,5,0,0.052090030407537881
16954,21138,21139,4,0,0.20940862982269642
16955,21139,21140,3,0,0.21079982187173824
16956,21140,21141,1,0,0.10632188750344829
16957,21141,21142,3,0,0.12981446645570879
16958,21142,21143,1,0,0.16811150282635576
16959,21144,21145,3,1,0.31350862540851138
16960,21146,21147,1,1,0.18449729791249453
16961,21148,21149,1,0,0.092129042971818051
16962,21151,21152,3,0,0.21008670446793376
16963,21153,21154,4,0,0.038854637726650335
16964,21154,21155,5,0,0.09598463467796306
16965,21155,21156,3,0,0.16408269304153777
16966,21156,21157,5,0,0.22164772105722794
16967,21157,21158,5,0,0.6956331273090357
16968,21158,21159,2,0,0.11159857085477923
16969,21159,21160,2,0,0.05599583151269908
16970,21161,21162,2,0,0.093045005088245369
16971,21162,21163,5,0,0.16274211689964829
16972,21163,21164,4,0,0.13663737234134743
16973,21164,21165,4,0,0.11464553492154829
16974,21167,21168,4,0,0.14687677420309483
16975,21168,21169,4,1,0.2355502227984832
16976,21169,21170,2,0,0.15894383469516421
16977,21170,21171,2,0,0.13944613108992882
16978,21171,21172,3,0,0.214718203653537
16979,21172,21173,4,0,0.057685603834087849
16980,21173,21174,4,0,0.1331141887164724
16981,21174,21175,4,0,0.16752046955870603
16982,21175,21176,2,0,0.44333566292164728
16983,21178,21179,2,1,0.19529763150668822
16984,21179,21180,4,0,0.21320145741218519
16985,21180,21181,1,0,0.12297801522153429
16986,21181,21182,1,1,0.60377126512322343
16987,21182,21183,2,0,0.05635704302329337
16988,21183,21184,4,0,0.10550122949077803
16989,21184,21185,2,0,0.16064115066396667
16990,21185,21186,4,0,0.22087161850182918
16991,21186,21187,2,0,0
16992,21187,21188,4,0,0.083226902468241312
16993,21189,21190,3,0,0.039899390529470162
16994,21192,21193,3,0,0.11134769252541464
16995,21193,21194,2,0,0.13681870244464389
16996,21194,21195,4,0,0.16752066434430077
16997,21195,21196,5,1,0.27685200905026136
16998,21197,21198,5,0,0.24750923117087448
16999,21198,21199,3,1,0.80571392232329364
17000,21200,21201,3,0,0.037800285582744293
17001,21201,21202,3,0,0.71095482056047021
17002,21202,21203,5,0,0.15374752382452053
17003,21204,21205,5,0,0.13753162623047158
17004,21205,21206,2,0,0.16128155363343677
17005,21206,21207,2,1,0.4960989484952445
17006,21207,21208,1,0,0.14188180823727783
17007,21208,21209,4,0,0.029547006333765041
17008,21209,21210,3,0,0.13873198229165193
17009,21210,21211,3,0,0.14447487853486468
17010,21213,21214,1,0,0.33694944282522904
17011,21214,21215,2,0,0.18546926615218551
17012,21215,21216,4,0,0.20761750459903494
17013,21216,21217,1,1,0.0931158434713448
17014,21217,21218,1,1,0.65795476724237623
17015,21218,21219,5,0,0.10664607334201749
17016,21221,21222,2,1,0.66295102806617556
17017,21223,21224,5,0,0.21061071876334406
17018,21224,21225,5,0,0.44241354448706832
17019,21225,21226,4,0,0.53996400421243984
17020,21226,21227,2,0,0.038366495027132373
17021,21230,21231,4,0,0.063811475442685076
17022,21232,21233,2,1,0.26524907143758863
17023,21233,21234,3,0,0.22043289054738002
17024,21234,21235,4,0,0.060643668498025292
17025,21235,21236,3,1,0.3507715115735785
17026,21236,21237,1,0,0.41955007151047596
17027,21237,21238,3,0,0.13163623861567153
17028,21239,21240,1,1,0.11929317338739603
17029,21241,21242,2,1,0.2187747306743025
17030,21242,21243,4,0,0.44830096301569361
17031,21246,21247,1,1,0.80995332453059865
17032,21248,21249,4,0,0.10403397436386862
17033,21250,21251,5,0,0.072176545607673864
17034,21251,21252,4,0,0.13113484574781217
17035,21252,21253,5,0,0.066274194280183413
17036,21253,21254,3,0,0.15161334408415689
17037,21254,21255,4,0,0.14088707988734936
17038,21255,21256,3,0,0.23577691253260483
17039,21256,21257,2,0,0.1463736751165437
17040,21257,21258,4,0,0.20769356707502615
17041,21259,21260,4,0,0.33100962374100407
17042,21260,21261,2,0,0.15810328363611897
17043,21262,21263,4,1,0.5138159201856014
17044,21264,21265,4,1,0.17630867383852691
17045,21265,21266,5,0,0.38167159057892525
17046,21266,21267,1,1,0.56817665194335842
17047,21267,21268,4,1,0.05912541922072697
17048,21268,21269,3,0,0.18443832125422069
17049,21269,21270,3,0,0.097387616101449082
17050,21270,21271,1,0,0.14000517306518054
17051,21271,21272,2,0,0.072976288074473594
17052,21272,21273,1,0,0.24680081037312965
17053,21274,21275,5,1,0.48205552742769919
17054,21275,21276,3,1,0.32428640562017352
17055,21276,21277,4,0,0.19222627271629997
17056,21277,21278,1,0,0.29962691949869763
17057,21278,21279,1,0,0.14339484526224061
17058,21279,21280,3,0,0.12030744237241263
17059,21280,21281,2,1,0.18400108418802677
17060,21281,21282,1,0,0.14354278107874127
17061,21282,21283,5,0,0.12946949013404979
17062,21283,21284,1,0,0.15260186248100746
17063,21284,21285,4,0,0.25234085836381315
17064,21285,21286,2,0,0.58315290097281658
17065,21287,21288,2,0,0.064192257666471644
17066,21288,21289,1,1,0.17986032189316259
17067,21289,21290,5,0,0.63573691197636917
17068,21290,21291,1,0,0.067639001093140458
17069,21291,21292,1,1,0.35624338441538655
17070,21292,21293,3,1,0.40141086550054472
17071,21293,21294,2,0,0.16673711277220088
17072,21294,21295,4,0,0.019786711533027242
17073,21295,21296,2,0,0.23998495109588278
17074,21296,21297,2,0,0.087562737301674673
17075,21297,21298,3,0,0.22243868570722264
17076,21298,21299,2,0,0.15372533050215167
17077,21299,21300,3,1,0.13930160465007785
17078,21300,21301,5,0,0.22743722684141321
17079,21301,21302,1,1,0.3086471256776831
17080,21303,21304,4,1,0.093523374517953728
17081,21304,21305,1,0,0.11244793525355071
17082,21305,21306,5,0,0.4151982788259892
17083,21307,21308,3,1,0.25726016275491903
17084,21308,21309,4,1,0.2075715634724071
17085,21309,21310,1,0,0.16909182014880078
17086,21312,21313,1,1,0.10261808858641995
17087,21315,21316,1,0,0.21478363096736997
17088,21316,21317,2,0,0.12865804830814953
17089,21317,21318,2,1,0.77172295402064461
17090,21318,21319,1,0,0.080689310478281512
17091,21319,21320,5,0,0.40073007375802566
17092,21320,21321,3,0,0.096631870445834767
17093,21321,21322,5,1,0.72658731916890806
17094,21322,21323,4,0,0.028242401149574325
17095,21323,21324,4,0,0.17472584291058221
17096,21325,21326,5,1,0.13026107280006843
17097,21327,21328,4,0,0.090577598359390846
17098,21329,21330,1,0,0.23327433249941762
17099,21330,21331,2,1,0.46717948692120087
17100,21331,21332,2,0,0.24719654919776013
17101,21332,21333,5,0,0.04930642512226667
17102,21333,21334,1,0,0.038500210635618995
17103,21334,21335,5,0,0.12916765914498463
17104,21335,21336,1,0,0.19500824777152609
17105,21336,21337,3,0,0.11039336721650175
17106,21338,21339,5,1,0.10107854428665783
17107,21339,21340,1,0,0.19110721794828997
17108,21341,21342,5,0,0.019031170474447336
17109,21342,21343,2,1,0.82775763006697134
17110,21343,21344,4,0,0.37905679350876154
17111,21344,21345,1,0,0.083347000558898224
17112,21346,21347,1,0,0.11106350384729308
17113,21347,21348,5,0,0.14056283657059782
17114,21348,21349,4,0,0.49954503363736819
17115,21349,21350,1,0,0.046491285251787966
17116,21350,21351,2,0,0.065029064595668457
17117,21351,21352,1,0,0.35172048410576917
17118,21352,21353,2,0,0.039293157402348157
17119,21353,21354,3,0,0.16008827884875754
17120,21354,21355,2,1,0.37228474197368533
17121,21355,21356,2,0,0.12477930320406642
17122,21356,21357,3,0,0.092507862170834662
17123,21357,21358,2,0,0.18889599118508263
17124,21358,21359,5,0,0.15671061359949601
17125,21359,21360,2,0,0.092322206900871728
17126,21360,21361,3,0,0.29296799296921766
17127,21361,21362,5,0,0.046149321463802059
17128,21363,21364,3,0,0.042525547101087829
17129,21364,21365,3,0,0.17398811960005528
17130,21365,21366,5,0,0.20288008010747338
17131,21367,21368,3,0,0.12355686090649139
17132,21368,21369,1,0,0.64946584198129864
17133,21369,21370,2,0,0.1949579260103477
17134,21370,21371,2,1,0.1643423627992868
17135,21371,21372,2,0,0.3784240777312457
17136,21372,21373,3,0,0.15528089108649237
17137,21373,21374,3,0,0.077971920616192888
17138,21375,21376,4,0,0.072512536161951385
17139,21376,21377,1,1,0.7179361350731025
17140,21377,21378,2,0,0.21172315414217927
17141,21378,21379,2,0,0.13365407598282772
17142,21379,21380,5,0,0.18612553502395768
17143,21381,21382,5,0,0.078043105374430113
17144,21382,21383,1,0,0.058002696778325286
17145,21383,21384,1,0,0.12175494847178325
17146,21384,21385,5,0,0.03683180212641507
17147,21385,21386,1,0,0.24590777468078193
17148,21388,21389,1,0,0.20217693002217985
17149,21389,21390,4,0,0.16872586601681883
17150,21390,21391,3,0,0.64491057300601851
17151,21391,21392,1,0,0.11957941187990527
17152,21394,21395,1,0,0.19574648680724921
17153,21395,21396,1,0,0.11109563982426895
17154,21396,21397,2,0,0.17503346987762711
17155,21397,21398,2,0,0.16042506127048989
17156,21400,21401,3,0,0.19624858461923705
17157,21401,21402,2,1,0.76618703933591825
17158,21402,21403,2,1,0.12298512595353868
17159,21403,21404,3,0,0.25180865909455979
17160,21404,21405,1,0,0.22501904248957325
17161,21405,21406,5,0,0.063372838553222316
17162,21406,21407,1,1,0.052026018842614846
17163,21408,21409,3,0,0.099308802187107206
17164,21409,21410,3,0,0.1637002725155165
17165,21411,21412,4,0,0.1615614138858508
17166,21412,21413,2,0,0.056912382181486081
17167,21413,21414,5,0,0.026955655900980115
17168,21415,21416,1,0,0.13674143253605381
17169,21418,21419,4,1,0.59566090591977783
17170,21419,21420,4,0,0.097546942999102201
17171,21420,21421,4,1,0.7146391165628343
17172,21422,21423,4,0,0.0086554388287988365
17173,21423,21424,2,0,0.13406617318574365
17174,21424,21425,5,0,0.099599944832299406
17175,21425,21426,3,1,0.13616114109346045
17176,21427,21428,3,1,0.63154469322337714
17177,21429,21430,2,0,0.1838266476898901
17178,21430,21431,2,0,0.18101510145408095
17179,21431,21432,1,0,0.17309213446111174
17180,21432,21433,1,0,0.089699387265114741
17181,21433,21434,1,0,0.069559230186715906
17182,21434,21435,3,0,0.16630366929299528
17183,21435,21436,5,1,0.42630452711213501
17184,21437,21438,4,1,0.095973956756200629
17185,21438,21439,4,0,0.046059555433201407
17186,21440,21441,5,0,0.076227389919079319
17187,21441,21442,5,0,0.24023713578062125
17188,21443,21444,4,0,0.060743252276553396
17189,21445,21446,4,0,0.074745769026406325
17190,21446,21447,5,0,0.20259232611376651
17191,21447,21448,4,0,0.48278444502618756
17192,21448,21449,1,0,0.086256186839127336
17193,21449,21450,4,1,0.70302448683258623
17194,21450,21451,2,0,0.068377169714064684
17195,21451,21452,4,0,0.19140657155893523
17196,21452,21453,1,0,0.65313709734365022
17197,21453,21454,2,0,0.093570993704576763
17198,21454,21455,4,0,0.077535772108317719
17199,21455,21456,1,0,0.45348415268899728
17200,21456,21457,3,1,0.036451240150214136
17201,21457,21458,3,1,0.10208741170966402
17202,21458,21459,5,1,0.67510711375223398
17203,21459,21460,2,0,0.070330854057142442
17204,21460,21461,2,0,0.04826233419986755
17205,21461,21462,1,0,0.060017530763392189
17206,21462,21463,1,1,0.64272266592466976
17207,21463,21464,3,1,0.63751365005646243
17208,21464,21465,1,1,0.24635791366231466
17209,21465,21466,2,0,0.065069140407989084
17210,21466,21467,5,1,0.32205524314385464
17211,21467,21468,3,0,0.030321576141449591
17212,21468,21469,5,0,0.048667559063454116
17213,21469,21470,2,0,0.11643614899905087
17214,21470,21471,5,1,0.57288560538543909
17215,21471,21472,5,0,0.062187789972940812
17216,21472,21473,1,0,0.095260938600852024
17217,21473,21474,1,0,0.11946917672387733
17218,21474,21475,1,0,0.082980485904478624
17219,21476,21477,3,0,0.10813742879081675
17220,21477,21478,2,0,0.20139793165812583
17221,21478,21479,2,0,0.11145500238691772
17222,21479,21480,5,0,0.044529655054441973
17223,21481,21482,3,0,0.098017892262882877
17224,21482,21483,1,0,0.063344300491565766
17225,21483,21484,2,0,0.21586182019690703
17226,21484,21485,1,0,0.20038443995575403
17227,21485,21486,1,1,0.53234931537037045
17228,21487,21488,4,0,0.14626591616342188
17229,21488,21489,2,0,0.11613455461970038
17230,21489,21490,2,0,0.21535977289989641
17231,21490,21491,2,0,0.15078640756510217
17232,21491,21492,2,0,0.026957349036160677
17233,21492,21493,5,0,0.15632422168980153
17234,21494,21495,5,1,0.13420679483238054
17235,21495,21496,1,0,0.11236523232405783
17236,21496,21497,4,0,0.0091711098129407878
17237,21497,21498,3,0,0.50050996744452114
17238,21499,21500,1,0,0.11277222393008039
17239,21500,21501,5,1,0.35948448652937215
17240,21501,21502,3,0,0.32093476306764018
17241,21502,21503,2,0,0.044035795338802836
17242,21505,21506,3,0,0.040437289377344261
17243,21506,21507,1,0,0.048468675953281637
17244,21507,21508,2,1,0.56205320377123569
17245,21508,21509,5,1,0.72655817102422593
17246,21509,21510,3,1,0.63064253966544859
17247,21510,21511,3,0,0.08956631918818167
17248,21512,21513,4,0,0.15661432818984722
17249,21513,21514,1,0,0.51792105180850778
17250,21514,21515,4,0,0.092905436889821613
17251,21515,21516,4,0,0.20890223067503219
17252,21516,21517,1,0,0.73517074688323847
17253,21517,21518,2,0,0.28133697578803463
17254,21518,21519,3,0,0.2884028713750722
17255,21519,21520,5,0,0.16807996193180239
17256,21520,21521,5,0,0.068914806112598162
17257,21521,21522,4,0,0.17236762713927281
17258,21522,21523,4,0,0.38620777746353879
17259,21523,21524,4,1,0.4221272348243002
17260,21524,21525,5,1,0.51617420897413313
17261,21525,21526,5,0,0.24991469658288246
17262,21526,21527,1,0,0.031275223783341202
17263,21527,21528,5,0,0.047679141316348275
17264,21530,21531,1,1,0.78674180949726413
17265,21532,21533,2,1,0.57704603403080401
17266,21533,21534,2,1,0.6593791667863913
17267,21534,21535,3,0,0.22021138409277421
17268,21535,21536,4,1,0.44928561743851603
17269,21536,21537,3,1,0.55815552113115308
17270,21537,21538,1,0,0.16969256904623514
17271,21538,21539,3,0,0.16999674659020622
17272,21539,21540,5,1,0.48596106042979831
17273,21540,21541,5,0,0.096852337413807915
17274,21541,21542,1,0,0.17508087134760308
17275,21543,21544,3,0,0.26428885170291788
17276,21544,21545,5,0,0.087578899584182399
17277,21545,21546,1,0,0.07741208130195297
17278,21546,21547,5,0,0.22905063696250522
17279,21547,21548,5,0,0.28168009966392932
17280,21548,21549,1,0,0.73032443330584595
17281,21549,21550,2,0,0.12122313215641418
17282,21550,21551,4,0,0.11822879779870217
17283,21551,21552,3,1,0.6847561847430923
17284,21553,21554,2,0,0.14179042987610996
17285,21554,21555,2,0,0.21478732134546719
17286,21555,21556,2,1,0.49633770480859335
17287,21556,21557,3,0,0.59786480595501934
17288,21557,21558,2,0,0.11532870562142011
17289,21558,21559,5,0,0.19535967514084412
17290,21559,21560,2,0,0.23692532256922402
17291,21560,21561,2,0,0.22568432221115792
17292,21562,21563,5,0,0.1887544464346185
17293,21563,21564,4,0,0.62426029940141925
17294,21564,21565,5,0,0.63880744614752905
17295,21565,21566,1,0,0.14117737678757147
17296,21566,21567,5,0,0.15801089678500663
17297,21568,21569,3,1,0.68896506062628426
17298,21569,21570,4,0,0.1134499159632486
17299,21570,21571,5,0,0.081028141450400881
17300,21571,21572,2,0,0.040783215411122356
17301,21572,21573,5,0,0.53206333665009165
17302,21573,21574,4,1,0.58901651526201482
17303,21575,21576,1,0,0.057429870253099931
17304,21577,21578,5,0,0.016220836660562489
17305,21579,21580,3,1,0.10747379979466053
17306,21580,21581,3,1,0.45215958226663838
17307,21581,21582,5,0,0.018116337966688448
17308,21582,21583,3,1,0.73263545695116394
17309,21583,21584,4,0,0.1596331757432875
17310,21584,21585,5,0,0.24370471958342596
17311,21585,21586,5,0,0.14863386662091974
17312,21586,21587,4,1,0.24737974248038339
17313,21589,21590,4,0,0.007699645938257344
17314,21590,21591,1,0,0.12712675740666171
17315,21591,21592,1,0,0.12350197049552195
17316,21592,21593,4,0,0.37582266575623091
17317,21593,21594,4,0,0.042653738776934638
17318,21594,21595,1,0,0.044813654121381316
17319,21597,21598,2,0,0.13611489365407772
17320,21598,21599,5,0,0.10382850695121912
17321,21599,21600,1,0,0.52119886472582433
17322,21601,21602,3,1,0.56954753118449519
17323,21602,21603,4,1,0.11855276507532396
17324,21603,21604,4,0,0.082666191758864069
17325,21604,21605,1,0,0.067279474597005326
17326,21605,21606,4,0,0.12979783645024084
17327,21607,21608,3,0,0.10955355418274125
17328,21608,21609,1,0,0.12450886455950012
17329,21609,21610,5,1,0.070271764828929661
17330,21610,21611,5,0,0.094390662638820094
17331,21612,21613,2,1,0.40795896254714903
17332,21613,21614,5,0,0.10682524154991112
17333,21614,21615,5,0,0.1781919138563354
17334,21615,21616,5,0,0.20419131376141175
17335,21616,21617,4,0,0.068192498816657052
17336,21617,21618,5,1,0.18278475835559321
17337,21619,21620,1,0,0.18729087073630554
17338,21620,21621,2,0,0.069110584224989391
17339,21621,21622,3,0,0.045624052961474412
17340,21622,21623,1,0,0.16535324302479729
17341,21623,21624,1,0,0.2557520966196592
17342,21624,21625,4,0,0.52431202083339368
17343,21625,21626,2,0,0.058706305068368582
17344,21626,21627,3,0,0.05602318094066825
17345,21627,21628,3,0,0.031620025020760056
17346,21628,21629,3,0,0.16994574706116952
17347,21629,21630,4,0,0.067819651458705887
17348,21632,21633,4,0,0.12323587645809435
17349,21633,21634,2,1,0.16195575839161283
17350,21635,21636,5,1,0.59326851163949346
17351,21636,21637,2,0,0.57621320583445867
17352,21637,21638,4,0,0.4423735053698849
17353,21638,21639,5,0,0.17961566880133917
17354,21639,21640,4,1,0.73921047268623452
17355,21640,21641,2,0,0.12431374631310173
17356,21641,21642,2,1,0.65042672460083695
17357,21642,21643,2,0,0.034711623012793666
17358,21643,21644,3,0,0.31397854103162576
17359,21644,21645,1,0,0.38898627528135826
17360,21645,21646,1,0,0.20821476309092093
17361,21646,21647,2,1,0.70003728105069107
17362,21647,21648,4,1,0.67877354222808517
17363,21649,21650,4,0,0.059118855098629707
17364,21650,21651,1,0,0.13766134192295457
17365,21651,21652,2,1,0.58949649348138711
17366,21652,21653,2,0,0.15766472029995149
17367,21653,21654,2,0,0.087566034627126588
17368,21654,21655,3,0,0.058300802213136133
17369,21655,21656,1,0,0.18452746455022442
17370,21656,21657,2,0,0.057309302465195514
17371,21657,21658,2,0,0.022900166265359703
17372,21658,21659,4,0,0.23409860786981318
17373,21659,21660,3,0,0.45781593382013935
17374,21660,21661,1,0,0.12980755638072222
17375,21662,21663,3,0,0.15580203419091418
17376,21664,21665,1,0,0.048504597348552413
17377,21665,21666,1,0,0.16019234214642267
17378,21666,21667,5,0,0.080689641923874456
17379,21667,21668,2,1,0.85288548713611501
17380,21668,21669,4,0,0.04554706718981269
17381,21669,21670,4,0,0.10017915452210523
17382,21670,21671,5,0,0.06914177127332656
17383,21671,21672,5,1,0.1162113283871047
17384,21673,21674,3,0,0.081304728662842579
17385,21674,21675,1,0,0.17820270575853966
17386,21677,21678,2,0,0.081752586258314622
17387,21678,21679,5,0,0.12144613190817978
17388,21679,21680,4,0,0.01995129472464853
17389,21681,21682,4,0,0.12046565790382367
17390,21682,21683,4,0,0.089933787799224965
17391,21684,21685,5,0,0.052938097919557364
17392,21685,21686,3,0,0.16569820417787334
17393,21686,21687,1,0,0.19551987786765193
17394,21687,21688,2,0,0.21915451696936331
17395,21688,21689,3,1,0.13631646394527383
17396,21689,21690,2,0,0.1047616362701095
17397,21690,21691,4,0,0.23630662410668959
17398,21691,21692,1,0,0.15923374147390557
17399,21692,21693,5,0,0.088973248853417022
17400,21693,21694,1,0,0.29492906704372496
17401,21694,21695,5,0,0.11990593799657158
17402,21696,21697,2,0,0.049547259021917332
17403,21697,21698,1,0,0.027942925441455425
17404,21698,21699,4,0,0.26146968085987221
17405,21699,21700,5,0,0.18624061785835153
17406,21703,21704,1,0,0.024444363896015751
17407,21704,21705,1,0,0.086396725231594362
17408,21705,21706,2,0,0.51216946007476183
17409,21707,21708,3,1,0.60782075720775763
17410,21709,21710,1,0,0.14628726420324692
17411,21710,21711,1,0,0.094971968746324978
17412,21711,21712,1,0,0.19796322354592769
17413,21712,21713,4,0,0.041319803874565159
17414,21713,21714,5,0,0.063138104888688262
17415,21714,21715,1,0,0.16051168798870361
17416,21716,21717,3,0,0.4006660493137979
17417,21717,21718,2,0,0.13338402974660141
17418,21718,21719,4,0,0.17197064329272935
17419,21719,21720,2,0,0.21079385168102918
17420,21720,21721,2,0,0.16547708589276366
17421,21723,21724,1,1,0.16365956650573546
17422,21724,21725,5,0,0.60846697628761104
17423,21725,21726,3,0,0.055343389132287028
17424,21726,21727,3,1,0.5480930401356362
17425,21727,21728,1,0,0.089814516799278946
17426,21728,21729,5,0,0.030889726718658472
17427,21729,21730,5,0,0.31560387046039323
17428,21730,21731,5,0,0.090809904749867762
17429,21732,21733,5,1,0
17430,21733,21734,5,0,0.10138936674598309
17431,21734,21735,2,0,0.099508213024906339
17432,21735,21736,3,0,0.17705678339341407
17433,21736,21737,5,0,0.2239849947567184
17434,21738,21739,2,0,0.088383410685410113
17435,21739,21740,3,1,0.64506018476418514
17436,21740,21741,2,1,0.51212559909768252
17437,21741,21742,4,0,0.11796026355485348
17438,21742,21743,1,1,0.27788441077976495
17439,21743,21744,3,0,0.14514595817897194
17440,21744,21745,5,0,0.28895270736446299
17441,21745,21746,4,0,0.10764229857002773
17442,21746,21747,4,0,0.23515183194368344
17443,21747,21748,3,0,0.14890861231572911
17444,21748,21749,4,0,0.17342541670738218
17445,21749,21750,1,0,0.13680230656526424
17446,21751,21752,3,0,0.46711337088137195
17447,21752,21753,3,0,0.042650783786166088
17448,21753,21754,2,0,0.19710293883456564
17449,21754,21755,4,0,0.1054623992691182
17450,21755,21756,2,0,0.57070326924366965
17451,21756,21757,3,0,0.057970455040167561
17452,21757,21758,3,0,0.08780718378469031
17453,21758,21759,4,0,0.1362551875202081
17454,21759,21760,1,1,0.12177141018485149
17455,21760,21761,1,1,0.17299450614437584
17456,21761,21762,1,0,0.20029531914116647
17457,21762,21763,4,0,0.22945781541824484
17458,21763,21764,1,0,0.049409246276043012
17459,21764,21765,1,0,0.030067652389766913
17460,21765,21766,4,0,0.19181421023306744
17461,21766,21767,4,0,0.08822408389994095
17462,21767,21768,5,0,0.1334675967300577
17463,21768,21769,2,0,0
17464,21769,21770,3,1,0.2017054839647946
17465,21770,21771,4,0,0.027127717848541573
17466,21772,21773,2,0,0.057004000568826242
17467,21773,21774,2,0,0.075980851140335176
17468,21774,21775,2,1,0.57048326842033537
17469,21775,21776,4,0,0.22290798897402805
17470,21776,21777,1,0,0.088072147588216784
17471,21777,21778,5,0,0.13578395553372577
17472,21778,21779,4,1,0.19877226254003275
17473,21779,21780,3,0,0.075218802742209726
17474,21780,21781,4,0,0.13464711290530149
17475,21781,21782,1,1,0.24171424500822711
17476,21782,21783,2,0,0.020112763338708973
17477,21783,21784,5,0,0.069473817052689721
17478,21784,21785,2,0,0.028704235412478737
17479,21785,21786,1,0,0.32775240888568691
17480,21786,21787,1,1,0.059278676981659839
17481,21787,21788,1,0,0.27756834522453472
17482,21788,21789,5,0,0.1263638155910369
17483,21789,21790,1,1,0.63732860347670139
17484,21790,21791,2,0,0.14160995426076303
17485,21791,21792,3,0,0.16215608405579671
17486,21792,21793,3,0,0.14603435863441308
17487,21793,21794,2,0,0.11495184991598925
17488,21794,21795,3,0,0.10733437448935708
17489,21795,21796,5,0,0.029837870629386819
17490,21796,21797,5,0,0.11060328689119879
17491,21797,21798,4,0,0.17705837592667223
17492,21798,21799,1,0,0.29431178773346967
17493,21799,21800,3,0,0.10658927393678719
17494,21800,21801,5,1,0.71006244361175264
17495,21801,21802,4,0,0.056473877551222934
17496,21803,21804,3,0,0.048075735557669606
17497,21804,21805,2,1,0.07520818748546948
17498,21805,21806,3,0,0.065832234424671468
17499,21807,21808,3,0,0.045111321237713581
17500,21808,21809,3,0,0.11498217749392052
17501,21810,21811,4,1,0.6272341883489494
17502,21813,21814,5,0,0.039750659478142297
17503,21814,21815,4,0,0.29432148397734909
17504,21815,21816,2,1,0.6625365062177746
17505,21816,21817,2,0,0.067106634667009127
17506,21817,21818,1,0,0.068109802653616533
17507,21818,21819,3,1,0.087187756507663
17508,21820,21821,1,0,0.10416855944319749
17509,21821,21822,5,0,0.15363328673875232
17510,21822,21823,3,0,0.36244402844791906
17511,21823,21824,4,0,0.081453734865112565
17512,21825,21826,2,0,0.15654980252978468
17513,21827,21828,5,0,0.086474053197566597
17514,21828,21829,5,0,0.3221371593110432
17515,21829,21830,2,0,0.13478368867201818
17516,21830,21831,1,1,0.32830702326230932
17517,21831,21832,1,0,0.21595739543320486
17518,21832,21833,4,0,0.061370554198749282
17519,21833,21834,1,1,0.70003562632751459
17520,21834,21835,4,0,0.031374113303774584
17521,21835,21836,4,1,0.17120560880327029
17522,21836,21837,2,0,0.09023312684770704
17523,21837,21838,5,0,0.15104718959277086
17524,21838,21839,1,1,0.065334847510326158
17525,21840,21841,2,0,0.68686641505339285
17526,21841,21842,1,0,0.075924949565991523
17527,21842,21843,4,0,0.027342978851255976
17528,21843,21844,4,1,0.11260351964546118
17529,21844,21845,1,0,0.020994287924875704
17530,21845,21846,5,1,0.018420122656678476
17531,21846,21847,3,0,0.040114057269577237
17532,21847,21848,2,1,0.63243477698616413
17533,21848,21849,3,0,0.089247940712772048
17534,21850,21851,2,0,0.09075272112660894
17535,21851,21852,4,0,0.085966810041581646
17536,21852,21853,2,0,0.42281228076665989
17537,21853,21854,4,1,0.15035601514387106
17538,21854,21855,1,0,0.065174140637668215
17539,21855,21856,2,0,0.091176421734597418
17540,21856,21857,3,0,0.13282187452503244
17541,21858,21859,1,0,0.063197262557755582
17542,21859,21860,1,0,0.049086920590788882
17543,21860,21861,4,0,0.057576980591721338
17544,21861,21862,1,0,0.12780127622115639
17545,21862,21863,4,0,0.060573696338430835
17546,21863,21864,3,0,0.08122580890627687
17547,21864,21865,2,1,0.19684975627355733
17548,21865,21866,4,0,0.37121683861924232
17549,21867,21868,2,0,0.18494522090067472
17550,21868,21869,1,0,0.27737803746695555
17551,21869,21870,1,0,0.14367679004207146
17552,21870,21871,5,0,0.090738032732756199
17553,21871,21872,5,0,0.10581379057258371
17554,21872,21873,3,0,0.019337919818566727
17555,21873,21874,5,0,0.3056601674138541
17556,21874,21875,3,0,0.15984821629797449
17557,21875,21876,1,0,0.070499735288348298
17558,21876,21877,5,0,0.4005234797668305
17559,21877,21878,5,0,0.11245117528830557
17560,21878,21879,4,0,0.1138644854285638
17561,21879,21880,3,0,0.21162235741503865
17562,21880,21881,4,0,0.20500434507871132
17563,21882,21883,4,0,0.25206319377801217
17564,21884,21885,5,0,0.053157340709891747
17565,21885,21886,1,1,0.66730731503670904
17566,21886,21887,2,0,0.039361489909783498
17567,21888,21889,2,1,0.04851169646829482
17568,21889,21890,3,0,0.10627533110348766
17569,21890,21891,1,1,0.029651263111038113
17570,21891,21892,1,1,0.57350352466510912
17571,21892,21893,1,0,0.033841753910506485
17572,21893,21894,1,0,0.11628861337255395
17573,21895,21896,2,0,0.21499187325217672
17574,21897,21898,2,0,0.066022444491975571
17575,21898,21899,5,0,0.10554700819845653
17576,21899,21900,2,1,0.29210859520121996
17577,21902,21903,1,0,0.1600198961456403
17578,21903,21904,3,0,0.081418285308379149
17579,21905,21906,3,0,0.17299131302271625
17580,21907,21908,1,0,0.047903883614555609
17581,21908,21909,3,0,0.14962427353213298
17582,21909,21910,3,0,0.21977100279669767
17583,21910,21911,2,0,0.038725045911042442
17584,21913,21914,3,1,0.64579334819216994
17585,21914,21915,2,0,0.031845568984961513
17586,21916,21917,4,1,0.49511029707797061
17587,21917,21918,5,0,0.30096775177303736
17588,21918,21919,4,0,0.088543862601732595
17589,21919,21920,5,1,0.154334855808403
17590,21921,21922,3,0,0.056801244384520701
17591,21922,21923,5,0,0.11295782091749117
17592,21923,21924,4,0,0.071823739100570563
17593,21924,21925,1,0,0.1232961439735193
17594,21925,21926,3,0,0.19662059149237623
17595,21926,21927,2,0,0.098203416022949921
17596,21927,21928,3,0,0.1088491399741509
17597,21928,21929,1,0,0.059414684110539275
17598,21929,21930,1,0,0.066143631193132851
17599,21930,21931,1,0,0.20350691895459272
17600,21931,21932,2,0,0.051604879420823653
17601,21932,21933,2,0,0.30528756932874751
17602,21933,21934,1,0,0.095305281718255683
17603,21934,21935,1,0,0.20609689415685539
17604,21936,21937,4,1,0.46578061519815961
17605,21937,21938,2,0,0.16326174200691762
17606,21938,21939,4,1,0.22684529202425621
17607,21939,21940,3,0,0.11004158258634551
17608,21941,21942,5,0,0.24088655417121727
17609,21942,21943,1,1,0.07940257425624335
17610,21943,21944,2,0,0.068349544147379523
17611,21944,21945,3,1,0.22387261319668064
17612,21945,21946,2,0,0.060554108571824805
17613,21946,21947,4,0,0.067667017915145608
17614,21947,21948,5,1,0.3316485227700558
17615,21948,21949,3,0,0.19398190849451016
17616,21949,21950,3,0,0.09270130671698866
17617,21950,21951,5,1,0.3237079785819717
17618,21951,21952,2,1,0.046069451004867035
17619,21952,21953,1,0,0.32852187803242661
17620,21953,21954,3,0,0.032418611383988057
17621,21954,21955,2,0,0.20631608257870754
17622,21955,21956,5,0,0.14410570415549534
17623,21956,21957,5,0,0.047478579005353343
17624,21958,21959,2,1,0.19305912097231365
17625,21959,21960,1,0,0.067267893503423395
17626,21960,21961,4,1,0.74187452980021906
17627,21961,21962,4,0,0.044015816708113553
17628,21964,21965,2,0,0
17629,21965,21966,3,0,0.10243816887916311
17630,21966,21967,2,0,0.094992653212494213
17631,21967,21968,2,0,0.13344993287509002
17632,21970,21971,5,0,0.032044628209203209
17633,21972,21973,2,1,0.4834064948986862
17634,21973,21974,1,0,0.13631044027887373
17635,21974,21975,2,1,0.70719815443864076
17636,21975,21976,1,0,0.13761210968037263
17637,21976,21977,1,0,0.56528729922104226
17638,21977,21978,4,0,0.044167431216168736
17639,21978,21979,2,0,0.021933181323841283
17640,21979,21980,4,0,0.21573975441993737
17641,21980,21981,3,0,0.37840170000715206
17642,21981,21982,1,1,0.22000034061409043
17643,21982,21983,3,0,0.054246235985022276
17644,21983,21984,3,0,0.1990390787922609
17645,21985,21986,5,1,0.30951825962321061
17646,21986,21987,4,0,0.037326236294927193
17647,21987,21988,5,0,0.21605960122821402
17648,21989,21990,4,0,0.042421376259628094
17649,21990,21991,1,0,0.12299132901148845
17650,21991,21992,5,0,0.242294219789083
17651,21993,21994,1,0,0.044860134382249291
17652,21995,21996,2,0,0.076930477739997616
17653,21996,21997,3,0,0.086907158400080689
17654,21997,21998,5,0,0.24771580046205044
17655,21999,22000,2,0,0.048722721174764151
17656,22000,22001,1,0,0.26403504442763914
17657,22001,22002,1,0,0.084243859805874191
17658,22003,22004,2,0,0.086468504257504464
17659,22004,22005,4,0,0.0625713092509734
17660,22005,22006,3,1,0.073949768928609522
17661,22006,22007,2,0,0.1989751015267163
17662,22009,22010,1,0,0.090077851459858554
17663,22010,22011,2,1,0.65912961617377319
17664,22011,22012,1,1,0.69058289180963572
17665,22012,22013,5,0,0.29377048281605428
17666,22013,22014,5,1,0.13709257862826194
17667,22014,22015,5,0,0.14274047708800452
17668,22015,22016,2,0,0.21352875615455047
17669,22016,22017,2,0,0.23257636811781668
17670,22017,22018,1,0,0.18817315204730259
17671,22018,22019,1,0,0.16123650714665463
17672,22019,22020,1,0,0.11513052102337831
17673,22020,22021,5,0,0.26457287693087655
17674,22021,22022,1,1,0.27500666461910106
17675,22022,22023,3,0,0.21337848289056374
17676,22023,22024,1,0,0.036192563292233568
17677,22024,22025,1,0,0.094416246902904427
17678,22025,22026,5,0,0.076280072889404082
17679,22026,22027,5,0,0.021148433480588223
17680,22029,22030,5,0,0.018734318742371813
17681,22030,22031,5,0,0.13038124823976022
17682,22033,22034,2,0,0.048836429006012198
17683,22034,22035,5,0,0.077977561387418057
17684,22036,22037,1,0,0.13184024730515856
17685,22037,22038,3,0,0.13909372695115624
17686,22038,22039,5,0,0.11160201786897828
17687,22039,22040,2,0,0.068257692029715267
17688,22040,22041,3,0,0.14395619915494223
17689,22044,22045,3,0,0.1282610334499725
17690,22045,22046,4,0,0.052635932420275096
17691,22047,22048,4,1,0.27456476029662813
17692,22048,22049,2,0,0.15372513167935284
17693,22049,22050,5,0,0.097291406403814534
17694,22050,22051,1,0,0.18258078168060357
17695,22051,22052,1,0,0.17904863202151003
17696,22052,22053,4,0,0.4747859959064033
17697,22053,22054,4,0,0.14273887154525841
17698,22054,22055,3,0,0.059256597355569415
17699,22055,22056,4,0,0.43183275541930266
17700,22059,22060,5,0,0.043039541129752466
17701,22060,22061,2,0,0.7101470911958867
17702,22062,22063,4,0,0.11835458807591762
17703,22063,22064,3,0,0.35480978640273442
17704,22064,22065,1,1,0.15781705233917614
17705,22065,22066,1,1,0.18240273964893883
17706,22066,22067,1,0,0.12205780576198201
17707,22067,22068,3,1,0.12528316692649913
17708,22068,22069,5,0,0.15308077652323521
17709,22069,22070,1,0,0.076164953765818652
17710,22071,22072,5,0,0.081417685201541912
17711,22073,22074,4,0,0.10873018092761355
17712,22074,22075,2,0,0.045874487161119408
17713,22076,22077,5,0,0.04877038106519474
17714,22077,22078,5,0,0.055099116586804484
17715,22078,22079,3,0,0.47379237414313247
17716,22079,22080,1,0,0.097483816591017805
17717,22082,22083,4,0,0.31572673194692641
17718,22083,22084,4,1,0.23145990507751008
17719,22084,22085,5,0,0.23190640060435802
17720,22085,22086,5,0,0
17721,22086,22087,2,0,0.096173481075764067
17722,22087,22088,5,0,0.089328216325490567
17723,22093,22094,2,1,0.2847923015729697
17724,22094,22095,1,1,0.78024761786426922
17725,22096,22097,4,0,0.052676882515628055
17726,22097,22098,1,0,0.18494075955976297
17727,22099,22100,5,0,0.019996754217451562
17728,22100,22101,3,0,0.15848617339790752
17729,22103,22104,3,0,0.058311310711678152
17730,22106,22107,1,0,0.0502323877297799
17731,22107,22108,3,1,0.67367147091489721
17732,22108,22109,2,0,0.10064418850073834
17733,22109,22110,1,0,0.18437300957857719
17734,22110,22111,4,0,0.054278438563905622
17735,22113,22114,2,0,0.13747047235574347
17736,22114,22115,2,0,0.56286052108287965
17737,22115,22116,3,0,0.10325631524946428
17738,22117,22118,4,0,0.032952557280757494
17739,22118,22119,5,0,0.11998963092896939
17740,22119,22120,3,1,0.6031116100363797
17741,22120,22121,2,0,0.11344779143756969
17742,22121,22122,5,0,0.21228246159649777
17743,22122,22123,2,0,0.15636831293494427
17744,22123,22124,2,0,0.038374865538852762
17745,22124,22125,4,1,0.77375811436538489
17746,22125,22126,2,1,0.14254062896101974
17747,22126,22127,3,0,0.03788461485526326
17748,22127,22128,5,0,0.045899323089296555
17749,22130,22131,5,0,0.24027244118809821
17750,22131,22132,2,0,0.43924453274928499
17751,22132,22133,5,0,0.2170841668282138
17752,22133,22134,2,0,0.33397315877056699
17753,22134,22135,5,0,0.046516486318954123
17754,22135,22136,3,0,0.10662329468822883
17755,22136,22137,4,0,0.046374294208829492
17756,22137,22138,4,0,0.41265198376454382
17757,22138,22139,1,0,0.045893511211604905
17758,22140,22141,5,0,0.085179103538958134
17759,22141,22142,5,0,0.070705604537605368
17760,22142,22143,5,0,0.18718103112582365
17761,22143,22144,5,0,0.15620675113648166
17762,22144,22145,2,1,0.11106480209678515
17763,22145,22146,5,0,0.075504116630060764
17764,22146,22147,5,0,0.14067839791023379
17765,22147,22148,4,0,0.38152770673086872
17766,22148,22149,5,0,0.19372425902832163
17767,22149,22150,2,0,0.17518701532364636
17768,22150,22151,2,0,0.26412662667596543
17769,22151,22152,2,0,0.094164606713495178
17770,22152,22153,2,1,0.69540232358383536
17771,22153,22154,3,0,0.029221890381811024
17772,22154,22155,1,0,0.34377615431106634
17773,22155,22156,5,0,0.20005485585659502
17774,22156,22157,2,0,0.05707373786259913
17775,22157,22158,1,0,0.19618545543855601
17776,22158,22159,4,0,0.14949395468792892
17777,22159,22160,4,0,0.11046030015824314
17778,22160,22161,3,0,0.037721133416008579
17779,22161,22162,1,0,0.14144523325072322
17780,22162,22163,2,0,0
17781,22163,22164,2,1,0.71220047841412926
17782,22164,22165,2,0,0.27708911238471584
17783,22165,22166,5,0,0.06222854467423633
17784,22166,22167,1,0,0.16470998765212777
17785,22167,22168,4,0,0.047696765685169548
17786,22169,22170,2,0,0.19641636211951971
17787,22170,22171,2,0,0.075513468420137689
17788,22171,22172,5,0,0.085746956223820767
17789,22172,22173,2,0,0.17003488453389898
17790,22173,22174,1,1,0.11511333139835592
17791,22174,22175,4,0,0.11506575603633851
17792,22175,22176,4,0,0.030367875823227173
17793,22177,22178,5,1,0.14086203353379981
17794,22178,22179,4,0,0.19743849504530792
17795,22180,22181,3,0,0.11721349629234358
17796,22181,22182,2,0,0.10167060197473222
17797,22182,22183,5,0,0.23785073311571175
17798,22183,22184,3,0,0.074123875792152905
17799,22184,22185,3,0,0.17175836673752504
17800,22185,22186,2,0,0.055124118143546785
17801,22186,22187,2,0,0.19513759003477085
17802,22187,22188,3,0,0.1067226026924461
17803,22190,22191,3,0,0.077145781690184087
17804,22191,22192,2,0,0.15683262638049192
17805,22192,22193,2,1,0.18580946646398869
17806,22193,22194,3,0,0.14513517503109663
17807,22194,22195,1,0,0.217937462630793
17808,22197,22198,4,0,0.11043130431661154
17809,22199,22200,2,0,0.216566598202692
17810,22200,22201,2,0,0.15323353206340587
17811,22201,22202,2,0,0.091364955796179925
17812,22202,22203,3,1,0.66264182607303401
17813,22203,22204,5,0,0.14989788940640897
17814,22204,22205,1,1,0.12873497334964537
17815,22205,22206,3,0,0.063035349230353768
17816,22206,22207,5,0,0.19702577904437343
17817,22207,22208,4,0,0.23833342697192209
17818,22208,22209,4,0,0.12929231503377595
17819,22209,22210,1,0,0.12138438400277639
17820,22210,22211,3,0,0.12766734505045238
17821,22211,22212,2,0,0.14315627614340357
17822,22212,22213,5,1,0.18531226339898757
17823,22213,22214,5,0,0.21010385732455497
17824,22215,22216,2,0,0.15149066086723742
17825,22216,22217,1,1,0.11215366595168015
17826,22217,22218,4,0,0.076708148180084437
17827,22218,22219,2,0,0.066781433344681077
17828,22219,22220,3,0,0.038930002774356112
17829,22220,22221,4,0,0.060200314692561818
17830,22221,22222,5,0,0.066137440963734473
17831,22222,22223,1,0,0.0084816103510756621
17832,22223,22224,3,0,0.025627417092354936
17833,22224,22225,4,0,0.23852760015637067
17834,22225,22226,5,0,0.07097597214398485
17835,22227,22228,1,0,0.044451054889869682
17836,22228,22229,2,1,0.28825425668975918
17837,22229,22230,2,0,0.13651592104710122
17838,22230,22231,3,0,0.35955187372181363
17839,22231,22232,3,0,0.056732386775070365
17840,22232,22233,5,0,0.091554105870634284
17841,22233,22234,2,0,0.16942663498276897
17842,22234,22235,4,0,0.04228502819390198
17843,22235,22236,5,0,0.10083528751514127
17844,22236,22237,3,0,0.15773360488868937
17845,22237,22238,1,0,0.062641544253347975
17846,22238,22239,1,0,0.11373250267850261
17847,22239,22240,1,0,0.031274294259812381
17848,22240,22241,5,0,0.15486286675759911
17849,22242,22243,5,0,0.018322714534852444
17850,22243,22244,2,0,0.187915523908884
17851,22244,22245,1,0,0.22147847848167646
17852,22245,22246,4,0,0.67987053303685263
17853,22246,22247,5,0,0.069984914300380091
17854,22247,22248,4,1,0.17118721442704646
17855,22248,22249,1,0,0.047668026653556551
17856,22249,22250,4,1,0.16864989876002681
17857,22251,22252,2,0,0.21999265832591577
17858,22253,22254,2,1,0.2763801253916312
17859,22255,22256,3,0,0.19826561556324726
17860,22257,22258,3,1,0.25058114533102688
17861,22258,22259,3,0,0.08932151806038241
17862,22259,22260,5,0,0.14496624997930882
17863,22260,22261,3,0,0.12587571361142244
17864,22263,22264,4,0,0.18981607933881953
17865,22265,22266,3,0,0.05438566985549826
17866,22267,22268,1,0,0.082036641948824304
17867,22268,22269,3,1,0.12399230337140286
17868,22269,22270,5,0,0.06617540896934393
17869,22270,22271,5,0,0.094042904016796991
17870,22271,22272,2,0,0.078114435241090241
17871,22272,22273,3,0,0.01566294092248929
17872,22273,22274,1,0,0.019035227069867058
17873,22274,22275,3,0,0.12993654785919945
17874,22275,22276,3,0,0.07442773949160586
17875,22276,22277,3,1,0.106986834009243
17876,22277,22278,4,0,0.093164475359965013
17877,22278,22279,5,0,0.070824841792993851
17878,22279,22280,1,1,0.13859283097553654
17879,22280,22281,5,1,0.021466445917185384
17880,22282,22283,4,0,0.04710694230455488
17881,22283,22284,2,0,0.19046442599280131
17882,22284,22285,3,0,0.23070919084530178
17883,22287,22288,5,0,0.39498470971341437
17884,22288,22289,1,1,0.59661435386888306
17885,22289,22290,5,1,0.20126311946921688
17886,22291,22292,3,0,0.24495997873200501
17887,22292,22293,3,0,0.031974486594661601
17888,22293,22294,3,0,0.030947289650249146
17889,22294,22295,2,0,0.10648606410531801
17890,22295,22296,1,0,0.075211464034349182
17891,22296,22297,2,0,0.037303325200918391
17892,22297,22298,2,0,0.10638932542987671
17893,22298,22299,5,0,0.063391093838209525
17894,22299,22300,3,1,0.15050064913804304
17895,22300,22301,1,0,0.1060137840028843
17896,22301,22302,2,0,0.024592302305731142
17897,22302,22303,3,0,0.10329321203673567
17898,22303,22304,5,0,0.076744231004617497
17899,22304,22305,3,0,0.10834410206680019
17900,22305,22306,5,0,0.045257687895524513
17901,22308,22309,5,0,0.21531617603856676
17902,22309,22310,3,0,0.1477437409572781
17903,22310,22311,1,0,0.76761349764180109
17904,22312,22313,5,0,0.18146734280835658
17905,22313,22314,4,0,0.13816922639562032
17906,22314,22315,4,0,0.070893691247478546
17907,22315,22316,4,1,0.44447746679988642
17908,22316,22317,3,0,0.26395163248514342
17909,22317,22318,4,0,0.16728108646445217
17910,22318,22319,2,0,0.35317625206437309
17911,22320,22321,3,0,0.047156709809794237
17912,22322,22323,4,0,0.151075442968954
17913,22324,22325,1,0,0.073173718286523776
17914,22325,22326,2,1,0.16409482619912127
17915,22326,22327,1,0,0.089782119699391288
17916,22327,22328,3,0,0.31985214401099532
17917,22329,22330,4,0,0.027476338292495558
17918,22330,22331,5,0,0.67574283069120822
17919,22331,22332,2,0,0.059342279345582227
17920,22332,22333,4,1,0.058271158965682787
17921,22334,22335,5,0,0.058303662944688563
17922,22335,22336,5,0,0.37764423689173804
17923,22336,22337,1,0,0.084025057601735578
17924,22337,22338,4,0,0.039174470240175702
17925,22339,22340,2,0,0.095481010283407136
17926,22340,22341,5,0,0.048070315898924548
17927,22341,22342,1,0,0.069536590476919874
17928,22342,22343,5,0,0.057664337226472961
17929,22343,22344,3,0,0.049121734810944319
17930,22344,22345,5,0,0.23523420804709083
17931,22345,22346,2,0,0.41943352464130512
17932,22346,22347,3,0,0.1082787174876598
17933,22347,22348,1,0,0.12856428768367423
17934,22348,22349,5,0,0.067734333270738675
17935,22349,22350,2,0,0.029944748679477495
17936,22350,22351,1,0,0.16685029039065047
17937,22351,22352,5,0,0.068992826229810719
17938,22353,22354,4,0,0.10886740927435867
17939,22354,22355,2,0,0.1576484844607392
17940,22355,22356,2,0,0.19225938926597352
17941,22356,22357,1,0,0.016511093616046232
17942,22358,22359,3,0,0.24377358930997822
17943,22359,22360,1,0,0.018507745018446771
17944,22361,22362,2,0,0.1980806146779388
17945,22362,22363,3,0,0.17407164083801144
17946,22363,22364,1,0,0.076009877443664539
17947,22365,22366,5,1,0.28213778961716923
17948,22367,22368,2,0,0.13541892481865689
17949,22369,22370,1,0,0.017499444295896352
17950,22370,22371,3,0,0.066341918033586897
17951,22371,22372,3,0,0.22845940674965026
17952,22373,22374,1,0,0.11894949030240917
17953,22374,22375,1,1,0.49260588608011513
17954,22375,22376,3,0,0.21224652510422148
17955,22376,22377,4,0,0.68578991668780476
17956,22379,22380,3,0,0.11574450397738542
17957,22380,22381,3,0,0.027643716435964215
17958,22381,22382,2,0,0.06682496736221584
17959,22383,22384,4,0,0.13778001048520644
17960,22384,22385,1,0,0.080158857061496711
17961,22386,22387,4,1,0.68965731839931688
17962,22388,22389,2,0,0.0558793719818012
17963,22389,22390,4,1,0
17964,22390,22391,3,0,0.061966929829934285
17965,22391,22392,4,1,0.6324478530466936
17966,22392,22393,3,0,0.045663077271700915
17967,22393,22394,3,0,0.1117194132161637
17968,22394,22395,5,0,0.031867871692228933
17969,22395,22396,1,0,0.056462054717356935
17970,22397,22398,1,0,0.19905428311801501
17971,22398,22399,5,0,0.078203942176979596
17972,22400,22401,4,0,0.080384096989851744
17973,22401,22402,4,1,0.67534966722944245
17974,22403,22404,5,0,0.042339872755567304
17975,22405,22406,1,0,0.030692071674808728
17976,22406,22407,5,0,0.023939030910146999
17977,22409,22410,2,1,0.42731578707064866
17978,22410,22411,5,0,0.15687078249903191
17979,22411,22412,2,1,0.25406472317143008
17980,22413,22414,1,0,0.40981998486920757
17981,22414,22415,1,1,0.58619592678474375
17982,22415,22416,1,0,0.66830315734155421
17983,22417,22418,2,0,0.10863036819889302
17984,22418,22419,2,0,0.021438267472417886
17985,22419,22420,2,0,0.030373695881471735
17986,22421,22422,4,0,0.52155214633954483
17987,22422,22423,4,0,0.062939821718525732
17988,22423,22424,3,1,0.074234592615172471
17989,22425,22426,3,0,0.24671612180326521
17990,22426,22427,2,0,0.1559397569246902
17991,22427,22428,1,0,0.14536800833036945
17992,22428,22429,4,0,0.015146260091584568
17993,22429,22430,5,0,0.53652350554615447
17994,22431,22432,3,0,0.014879370872409838
17995,22432,22433,3,0,0.28225964882102422
17996,22433,22434,4,1,0.59530625660465197
17997,22435,22436,1,0,0.13895114154834037
17998,22436,22437,1,0,0.096788150103147619
17999,22437,22438,1,0,0.075109384008445107
18000,22438,22439,5,0,0.65972115939963016
18001,22440,22441,3,0,0.19921255683971184
18002,22441,22442,1,0,0.082730599551677803
18003,22443,22444,3,0,0.27076046475764964
18004,22444,22445,4,1,0.43725688019072256
18005,22446,22447,2,0,0.17523306266860919
18006,22449,22450,2,0,0.097035268819954543
18007,22454,22455,4,0,0.097221865619411124
18008,22455,22456,2,0,0.011993757646042881
18009,22456,22457,1,0,0.091275349428147412
18010,22457,22458,4,0,0.12246600138982307
18011,22458,22459,1,0,0.14435845463946731
18012,22459,22460,5,0,0.67113006646542206
18013,22460,22461,4,0,0.13583762763369336
18014,22461,22462,3,1,0.17557795567310883
18015,22462,22463,4,0,0.50867957968154698
18016,22463,22464,4,0,0.11185454337978695
18017,22464,22465,2,1,0.67531631322325736
18018,22465,22466,3,0,0.044143365999601399
18019,22466,22467,2,1,0.61193570216180737
18020,22467,22468,2,0,0.15862951554594379
18021,22469,22470,1,1,0.36662963985950081
18022,22470,22471,5,1,0.1676970725332568
18023,22471,22472,2,0,0.25502938598256913
18024,22473,22474,4,0,0.06698750091964413
18025,22474,22475,4,0,0.49464726180537733
18026,22475,22476,4,0,0.019210836051167211
18027,22476,22477,5,0,0.11421713627770194
18028,22477,22478,4,0,0.2082339915720712
18029,22478,22479,2,1,0.65855223514717987
18030,22479,22480,5,0,0.37694163805433456
18031,22480,22481,2,0,0.059579582164326746
18032,22482,22483,4,0,0.12605165234284332
18033,22483,22484,4,0,0.09509118069873751
18034,22484,22485,2,0,0.12512913282495014
18035,22485,22486,5,0,0.19877842087974948
18036,22486,22487,2,0,0.028187449189776316
18037,22487,22488,4,0,0.15377493155484206
18038,22488,22489,5,0,0.17759593030262136
18039,22489,22490,5,0,0.11351056589027127
18040,22490,22491,3,0,0.25306727266890505
18041,22491,22492,4,1,0.14393146365106221
18042,22492,22493,1,0,0.11939988102114993
18043,22493,22494,4,0,0.12903564592540176
18044,22494,22495,2,1,0.63501791968942167
18045,22495,22496,1,0,0.10326658979258721
18046,22497,22498,5,0,0.030766871194927378
18047,22498,22499,3,0,0.19622080757961488
18048,22499,22500,4,0,0.040698852688380714
18049,22503,22504,1,1,0.11294706646221069
18050,22504,22505,4,1,0.069057632917430042
18051,22506,22507,5,1,0.74263128955519231
18052,22507,22508,3,0,0.13031977986730356
18053,22508,22509,1,0,0.033416967532614562
18054,22509,22510,4,0,0.10406256113460918
18055,22510,22511,4,0,0.067807112545484591
18056,22511,22512,4,0,0.22867509471963929
18057,22512,22513,2,0,0.052410833352492595
18058,22515,22516,2,0,0.12608399736391546
18059,22516,22517,2,0,0.055664414250818195
18060,22518,22519,5,0,0.12154766804426012
18061,22519,22520,4,0,0.0077923021040504636
18062,22520,22521,4,1,0.37966306002356176
18063,22521,22522,2,0,0.077907959926072995
18064,22522,22523,5,0,0.69404388863498301
18065,22523,22524,4,1,0.24955044302464899
18066,22525,22526,5,0,0.15301405082288069
18067,22526,22527,1,0,0.08737715230629052
18068,22528,22529,5,0,0.11242045935630099
18069,22530,22531,1,0,0.011270875629125541
18070,22531,22532,3,0,0.11875343311845894
18071,22532,22533,4,0,0.11490387668832182
18072,22534,22535,2,1,0.18773562727650911
18073,22535,22536,1,0,0.12595232072750281
18074,22536,22537,5,1,0.72649951411409119
18075,22537,22538,5,1,0.11367394446285845
18076,22538,22539,1,0,0.23742646500347711
18077,22539,22540,2,0,0.046144690748712545
18078,22540,22541,5,0,0.32663378728239639
18079,22541,22542,4,0,0.079622076509629644
18080,22542,22543,3,1,0.61945963241611002
18081,22544,22545,4,1,0.1702050822971993
18082,22545,22546,4,0,0.15673788483126458
18083,22546,22547,1,0,0.043093201007602638
18084,22548,22549,1,0,0.071900988997976548
18085,22550,22551,4,0,0.74837997288417624
18086,22551,22552,1,1,0.14481157414409715
18087,22554,22555,4,1,0.28423621597295551
18088,22555,22556,2,0,0.058935648187758011
18089,22556,22557,1,0,0.12043367702477717
18090,22558,22559,4,0,0.12346482501999016
18091,22559,22560,5,0,0.041006666028752796
18092,22560,22561,4,1,0.32443370829603685
18093,22562,22563,4,0,0.021369006716500837
18094,22563,22564,2,0,0.053813102697234494
18095,22564,22565,4,0,0.043988825256777414
18096,22565,22566,1,0,0.10780306253787136
18097,22567,22568,3,1,0.24486973009833657
18098,22568,22569,2,0,0.31660440981528754
18099,22569,22570,5,0,0.023782380563009096
18100,22570,22571,1,1,0.11227862857675067
18101,22571,22572,3,0,0.061504889411461851
18102,22572,22573,5,0,0.1554962585691583
18103,22573,22574,4,0,0.037123201379756249
18104,22574,22575,2,0,0.094577668040541185
18105,22575,22576,3,0,0.0084043355528334272
18106,22576,22577,1,0,0.20498203031283346
18107,22577,22578,1,0,0.10462164182971415
18108,22578,22579,4,0,0.10811419886020822
18109,22579,22580,2,0,0.036634518919296331
18110,22580,22581,2,0,0.12922449271274541
18111,22581,22582,5,0,0.053081358253360474
18112,22582,22583,4,0,0.064677299208424979
18113,22583,22584,1,0,0.070630517761201467
18114,22584,22585,5,0,0.30647631598078073
18115,22586,22587,4,0,0.11307928034554142
18116,22587,22588,2,0,0.048070491288981186
18117,22588,22589,1,0,0.097240398950606863
18118,22590,22591,3,1,0.095859139419372463
18119,22591,22592,1,0,0.010735513198720636
18120,22593,22594,4,0,0.13048912809340138
18121,22594,22595,3,0,0.080156043601877336
18122,22595,22596,3,0,0.21301801574377599
18123,22596,22597,5,0,0.016994572409649512
18124,22597,22598,5,1,0.2252929367808644
18125,22598,22599,2,0,0.2424629685822931
18126,22599,22600,3,0,0.026453645031128088
18127,22600,22601,4,1,0.11836426824123668
18128,22601,22602,1,0,0.15535771618636673
18129,22602,22603,5,0,0.12058102108853114
18130,22603,22604,5,0,0.17516349174963033
18131,22604,22605,1,0,0.13990503357989159
18132,22605,22606,4,0,0.23254759381877188
18133,22606,22607,2,0,0.72054261615028314
18134,22607,22608,3,0,0.028503984903744336
18135,22608,22609,4,0,0.02491078690597797
18136,22609,22610,1,0,0.14773826392813683
18137,22610,22611,4,0,0.67019629080027054
18138,22611,22612,3,0,0.11448204763535415
18139,22612,22613,3,0,0.018445275003393071
18140,22613,22614,5,0,0.17213184570945667
18141,22614,22615,3,0,0.097028464004699902
18142,22615,22616,1,0,0.057107962222227054
18143,22617,22618,3,0,0.12853884927748799
18144,22618,22619,3,1,0.68278424919433356
18145,22620,22621,1,1,0.73112785405825087
18146,22621,22622,4,0,0.088255881686506304
18147,22622,22623,2,0,0.30373338513340947
18148,22623,22624,2,0,0.11039934321818198
18149,22624,22625,2,0,0
18150,22625,22626,1,0,0.73499042758420174
18151,22628,22629,1,0,0.5032238935822696
18152,22629,22630,1,0,0.034734466766530081
18153,22630,22631,4,0,0.16164602858849592
18154,22631,22632,4,0,0.017629355856933305
18155,22633,22634,1,1,0.14847656957527877
18156,22635,22636,5,0,0.091710006336950992
18157,22637,22638,1,0,0.13891242203949863
18158,22638,22639,4,0,0.11881611941357882
18159,22639,22640,4,0,0.093706843084467292
18160,22640,22641,5,1,0.1607680587684005
18161,22641,22642,4,0,0.060380765835770019
18162,22642,22643,5,0,0.26701320794115113
18163,22643,22644,4,0,0.037208183246193904
18164,22644,22645,3,0,0.035193977511022885
18165,22645,22646,4,0,0.032120095351767956
18166,22646,22647,1,1,0.13537716450802767
18167,22647,22648,5,1,0.60519576126767038
18168,22648,22649,5,0,0.22918632255680385
18169,22650,22651,3,0,0.045322292529729226
18170,22651,22652,5,0,0.25267535061609181
18171,22652,22653,4,0,0.11841244026036174
18172,22653,22654,4,0,0.0095982333765928501
18173,22654,22655,4,0,0.030832384303146932
18174,22655,22656,3,0,0.20199335901442375
18175,22657,22658,3,0,0.036441177471643285
18176,22658,22659,2,0,0.13063260107777028
18177,22659,22660,3,0,0.13508363170829282
18178,22660,22661,5,0,0.027295090199202537
18179,22662,22663,4,0,0.19167430536417368
18180,22663,22664,4,0,0.074709456819599354
18181,22664,22665,1,0,0.2912277340439291
18182,22665,22666,3,0,0.072925527415191482
18183,22666,22667,1,1,0.11879089023727596
18184,22667,22668,2,0,0.20879027408196357
18185,22668,22669,4,0,0.043915069214658417
18186,22669,22670,5,0,0.070778717813460665
18187,22670,22671,3,0,0.167873951715903
18188,22671,22672,5,0,0.30489673496049646
18189,22672,22673,1,0,0.10895349381371122
18190,22673,22674,4,0,0.10924237435076049
18191,22674,22675,2,0,0.12727120970644643
18192,22675,22676,4,0,0.11094530551411043
18193,22676,22677,1,0,0.07042037145952118
18194,22677,22678,5,0,0.21206542703784245
18195,22678,22679,4,0,0.059160815084162884
18196,22679,22680,2,0,0.40076248975446033
18197,22680,22681,3,0,0.036109531123524809
18198,22681,22682,4,0,0.1320952209161132
18199,22683,22684,5,0,0.018456775569054801
18200,22684,22685,3,0,0.034794126374906378
18201,22685,22686,2,0,0.28374270393656992
18202,22686,22687,5,1,0.22805720471914118
18203,22687,22688,2,0,0.17399528014802332
18204,22691,22692,1,0,0.16946562050658887
18205,22692,22693,2,1,0.31697316192864711
18206,22693,22694,2,0,0.10467223772794973
18207,22694,22695,1,0,0.060432004844133393
18208,22695,22696,5,0,0.011103716261964649
18209,22696,22697,3,0,0.12129121747134868
18210,22698,22699,3,0,0.11661484791755938
18211,22699,22700,4,1,0.55529097006337136
18212,22700,22701,4,0,0.026724998696096083
18213,22701,22702,1,0,0.17152152770606613
18214,22702,22703,5,0,0.09611706432569074
18215,22703,22704,1,0,0.20643863004143553
18216,22704,22705,3,0,0.12941436654242627
18217,22706,22707,2,0,0.08750447089869122
18218,22707,22708,1,0,0.19041650967017484
18219,22708,22709,5,1,0.1850910892181499
18220,22709,22710,1,0,0.16814929116248348
18221,22713,22714,4,0,0.085855229918268675
18222,22714,22715,5,0,0.14435036250452157
18223,22716,22717,4,0,0.060316330711923404
18224,22717,22718,5,0,0.18066917948794964
18225,22718,22719,1,0,0.15964518274817655
18226,22719,22720,5,0,0.07727476982776886
18227,22720,22721,5,0,0.14454683587541581
18228,22721,22722,5,0,0.1160080937838676
18229,22722,22723,4,0,0.17066799183747006
18230,22723,22724,5,0,0.1485705451211364
18231,22724,22725,2,0,0.81474441291868671
18232,22725,22726,1,0,0.17057176816188993
18233,22726,22727,4,0,5.4584037405647267e-06
18234,22727,22728,2,1,0.086122683331389324
18235,22728,22729,4,0,0.16879502364970178
18236,22730,22731,3,0,0.14027896124884717
18237,22731,22732,4,0,0.039150103678851994
18238,22732,22733,5,0,0.032325904469424946
18239,22733,22734,4,0,0.41301996202855845
18240,22734,22735,3,0,0.084554782239645035
18241,22735,22736,4,0,0.058041622108903949
18242,22736,22737,3,0,0.11696407030582964
18243,22737,22738,1,0,0.12933308874573407
18244,22739,22740,5,0,0.076885844096898942
18245,22740,22741,4,1,0.14393665114430237
18246,22741,22742,4,0,0.1125163463848665
18247,22742,22743,5,0,0.11939705642842116
18248,22743,22744,1,0,0.19403176239973841
18249,22744,22745,2,1,0.08573611660286598
18250,22745,22746,3,0,0.026544966823168308
18251,22746,22747,4,0,0.580677615483156
18252,22748,22749,3,0,0.14574243057782535
18253,22749,22750,1,0,0.010970646872296428
18254,22750,22751,4,1,0.069222060582771444
18255,22751,22752,1,0,0.081587644585388711
18256,22754,22755,1,0,0.16221536720659799
18257,22756,22757,4,0,0.12174393563239361
18258,22758,22759,5,0,0.098457242696691497
18259,22760,22761,3,0,0.023084485667291505
18260,22761,22762,1,0,0.095910009144907896
18261,22762,22763,5,0,0.090053755078272374
18262,22764,22765,4,0,0.12253845048166863
18263,22765,22766,3,1,0.18416769303849234
18264,22766,22767,4,0,0.050543806754150697
18265,22769,22770,1,0,0.093319488426718444
18266,22770,22771,3,0,0.064836834542303212
18267,22771,22772,1,0,0.14261757732345723
18268,22772,22773,4,1,0.2753264732358241
18269,22773,22774,4,1,0.17128950505864057
18270,22774,22775,4,0,0.14678800134240999
18271,22775,22776,5,0,0.035278222006072439
18272,22777,22778,4,0,0.078259545452847135
18273,22781,22782,4,0,0.054308558539222604
18274,22782,22783,4,0,0.10889653784842017
18275,22783,22784,1,0,0.14264110295764071
18276,22784,22785,4,0,0.030548634473624211
18277,22785,22786,3,1,0.12868336532009531
18278,22786,22787,2,1,0.44226450935313949
18279,22787,22788,2,0,0.035152592570378866
18280,22788,22789,1,0,0.61501161913238289
18281,22791,22792,2,1,0.60156019855563114
18282,22793,22794,2,0,0.056432731975783329
18283,22794,22795,2,0,0.18449363291493096
18284,22795,22796,4,1,0.038210746003192297
18285,22796,22797,5,0,0.085151626791132529
18286,22797,22798,3,0,0.14705253071533891
18287,22798,22799,5,0,0.33657573083781406
18288,22799,22800,3,0,0.13161503887244835
18289,22800,22801,5,0,0.055694244866409282
18290,22802,22803,3,0,0.10265154239796144
18291,22804,22805,4,0,0.035815437739956824
18292,22805,22806,1,1,0.50127753756649707
18293,22806,22807,2,0,0.094883046282907668
18294,22807,22808,2,0,0.042446608791890425
18295,22808,22809,4,0,0.11076567313737098
18296,22809,22810,4,0,0.08923912390299682
18297,22810,22811,4,0,0.15132759167392903
18298,22811,22812,4,0,0.2817862740369072
18299,22812,22813,3,0,0.657605393153048
18300,22813,22814,5,0,0.086874476643921311
18301,22814,22815,3,0,0.22964990839704921
18302,22815,22816,1,1,0.11722664107875128
18303,22816,22817,3,0,0.034287971512175774
18304,22817,22818,4,0,0.075009183293860374
18305,22818,22819,2,0,0.19703616257165851
18306,22821,22822,1,0,0.1048801748873459
18307,22823,22824,5,0,0.12868240930657077
18308,22824,22825,2,0,0.018528936853654105
18309,22825,22826,2,1,0.30938074772678981
18310,22827,22828,2,0,0.036447120115520877
18311,22828,22829,4,0,0.120307505754476
18312,22829,22830,1,0,0.22310544224837112
18313,22830,22831,1,1,0.80282388553520945
18314,22831,22832,4,1,0.83404145564425847
18315,22832,22833,2,0,0.17988229602282524
18316,22834,22835,1,0,0.08165920519289438
18317,22835,22836,1,0,0.084725058144187251
18318,22836,22837,5,1,0.18591670077337183
18319,22837,22838,3,0,0.040811559783843314
18320,22838,22839,4,0,0.097916900653751443
18321,22839,22840,5,0,0.14057385601403058
18322,22840,22841,2,0,0.067174121828273828
18323,22842,22843,2,1,0.17898140087118683
18324,22843,22844,3,1,0.22210049140223542
18325,22844,22845,1,0,0.18306588399213994
18326,22845,22846,3,0,0.14197195634803153
18327,22846,22847,1,0,0.16606952417065604
18328,22847,22848,5,0,0.045432369450143527
18329,22848,22849,1,1,0.12849933500910696
18330,22849,22850,4,0,0.37533721810028159
18331,22850,22851,1,0,0.1866984609041473
18332,22852,22853,2,0,0.422476492286673
18333,22853,22854,2,0,0.15604438983222671
18334,22854,22855,2,0,0.048358163440575842
18335,22855,22856,4,1,0.40672593200460244
18336,22856,22857,5,0,0.079363853726886771
18337,22857,22858,3,0,0.045530093700525152
18338,22858,22859,1,1,0.350390875305576
18339,22859,22860,2,0,0.16249943140108786
18340,22860,22861,1,1,0.40000695285734822
18341,22861,22862,3,0,0.12807690857257809
18342,22863,22864,4,0,0.0088712734850317412
18343,22864,22865,4,0,0.12855952794719935
18344,22865,22866,3,0,0.08413033328120828
18345,22867,22868,5,0,0.066596144154515674
18346,22868,22869,3,0,0.21758432359936039
18347,22869,22870,2,0,0.38144181692658902
18348,22870,22871,5,0,0.1291072345909744
18349,22871,22872,4,1,0.67784829115433842
18350,22872,22873,4,0,0.16496525399278902
18351,22874,22875,5,0,0.079417765593505954
18352,22876,22877,5,0,0.12223965995452779
18353,22877,22878,1,0,0.10422703911190051
18354,22878,22879,2,1,0.65195588388931835
18355,22879,22880,1,0,0.062709243477671525
18356,22883,22884,3,0,0.14415077487801545
18357,22884,22885,5,1,0.26324713148518153
18358,22885,22886,3,0,0.039785776485486368
18359,22886,22887,3,0,0.25406375612908927
18360,22887,22888,3,0,0.10039893880513502
18361,22889,22890,2,0,0.031842177800132966
18362,22890,22891,2,0,0.16272814750883177
18363,22891,22892,1,0,0.03716593152144481
18364,22892,22893,5,0,0.064016199137661725
18365,22895,22896,1,0,0.55750097713511093
18366,22896,22897,2,0,0.076564929277033206
18367,22898,22899,5,0,0.030882666286004518
18368,22899,22900,4,0,0.24514379144496917
18369,22901,22902,1,0,0.400976875100227
18370,22902,22903,5,0,0.11134069615408196
18371,22903,22904,1,0,0.062654357548878978
18372,22905,22906,5,0,0.052610497230413514
18373,22906,22907,2,0,0.16472926677589467
18374,22907,22908,4,0,0.036589722699274921
18375,22908,22909,2,0,0.24481738206001136
18376,22909,22910,1,0,0.036441844761368455
18377,22910,22911,4,1,0.21620686060710753
18378,22911,22912,2,0,0.16338954944996786
18379,22912,22913,3,0,0.28514278446962749
18380,22915,22916,3,0,0.078750376022108215
18381,22916,22917,1,0,0.19515300766895419
18382,22917,22918,5,0,0.038423484923725722
18383,22918,22919,2,0,0.099047603173544774
18384,22919,22920,3,0,0.057782879143035447
18385,22920,22921,1,0,0.029087049844286436
18386,22921,22922,3,1,0.15831677300050664
18387,22922,22923,5,0,0.019430964440475984
18388,22923,22924,4,0,0.058601177035969593
18389,22924,22925,5,0,0.1786778381066694
18390,22925,22926,3,0,0.17183429924625693
18391,22926,22927,2,0,0.1940683455630913
18392,22928,22929,3,0,0.048615386486622225
18393,22929,22930,5,0,0.12891000886494464
18394,22931,22932,1,0,0.041029382916518906
18395,22932,22933,1,0,0.088341118049050898
18396,22933,22934,4,0,0.084135976157207679
18397,22934,22935,2,0,0.10722952895537387
18398,22935,22936,5,0,0.087270640425939225
18399,22941,22942,2,0,0.17743055391246446
18400,22942,22943,2,0,0.13326566651622457
18401,22943,22944,2,0,0.23735825803764013
18402,22945,22946,1,0,0.17677399131007426
18403,22946,22947,1,1,0.16489876526455816
18404,22947,22948,2,0,0.027771111984467491
18405,22948,22949,4,1,0.10462381920947048
18406,22949,22950,4,0,0.16056042796053507
18407,22950,22951,4,1,0.22068979330964078
18408,22951,22952,5,0,0.086275270948403426
18409,22952,22953,4,0,0.12835336604583411
18410,22953,22954,4,0,0.25799927921068994
18411,22954,22955,1,0,0.057487866157312113
18412,22955,22956,2,0,0.12234206075665208
18413,22956,22957,4,0,0.037747687905375783
18414,22957,22958,2,0,0.078902893009537428
18415,22958,22959,1,0,0.017608186050992038
18416,22959,22960,5,0,0.050594594559740719
18417,22960,22961,4,0,0.095236937783205938
18418,22961,22962,5,0,0.19484442591195372
18419,22962,22963,3,0,0.13590489689596677
18420,22963,22964,5,0,0.24587984230397272
18421,22964,22965,3,0,0.042542705125407296
18422,22965,22966,2,0,0.1365228574450954
18423,22966,22967,2,0,0.10160057112310217
18424,22967,22968,1,1,0.14503306125831777
18425,22968,22969,5,0,0.40439887911572558
18426,22969,22970,2,0,0.12297805900636286
18427,22970,22971,4,0,0.051981285546239049
18428,22971,22972,1,0,0.078023227082578486
18429,22972,22973,3,1,0.23636687740300424
18430,22973,22974,5,1,0.63086193707499139
18431,22974,22975,5,0,0.066495841699784661
18432,22975,22976,3,0,0.169554024979337
18433,22976,22977,2,0,0.024904869411164945
18434,22977,22978,2,0,0.15410872418051919
18435,22978,22979,3,1,0.52429256277665026
18436,22980,22981,2,0,0.02373248883823393
18437,22981,22982,3,0,0.03872734859528626
18438,22982,22983,2,0,0.028413858763954032
18439,22983,22984,4,0,0.091164623578174758
18440,22984,22985,1,0,0.13738713603851449
18441,22985,22986,5,0,0.086727855181616562
18442,22986,22987,5,0,0.10417359086682973
18443,22987,22988,1,0,0.028248321717791569
18444,22989,22990,2,0,0.2051202019011317
18445,22990,22991,3,0,0.1259586811691803
18446,22991,22992,4,0,0.1283444655247534
18447,22992,22993,4,0,0.19861892155691371
18448,22993,22994,3,0,0.6324316194421844
18449,22994,22995,4,0,0.11752153289368891
18450,22995,22996,1,0,0.058037765428936787
18451,22998,22999,1,0,0.15507008810302486
18452,23000,23001,4,1,0.18677715983352547
18453,23001,23002,2,0,0.117764994531025
18454,23002,23003,2,0,0.17966434926297742
18455,23003,23004,5,0,0.12456733511389857
18456,23004,23005,4,0,0.066560814219264006
18457,23006,23007,2,0,0.060922759504093607
18458,23008,23009,2,1,0.078538447696605118
18459,23010,23011,1,1,0.069418702017138678
18460,23011,23012,2,0,0.21670862096059088
18461,23012,23013,1,0,0.12112866092060492
18462,23013,23014,4,0,0.061576172651709081
18463,23014,23015,1,0,0.14899806550008698
18464,23015,23016,5,0,0.056769927132041008
18465,23017,23018,3,0,0.23164284367238178
18466,23018,23019,5,0,0.047168836582865026
18467,23019,23020,5,1,0.13085064124212789
18468,23020,23021,5,0,0.068756638177188759
18469,23021,23022,1,0,0.08801802407454147
18470,23023,23024,2,1,0.84470939851948057
18471,23025,23026,5,0,0.078304648859421455
18472,23026,23027,4,0,0.2278697317418531
18473,23027,23028,5,0,0.11694609721973127
18474,23028,23029,2,0,0.096715571866779079
18475,23030,23031,3,1,0.749606784348677
18476,23031,23032,2,0,0.33627850102745743
18477,23032,23033,1,0,0.030042501812548583
18478,23033,23034,2,0,0.30336141794728833
18479,23034,23035,2,0,0.062609461499689101
18480,23035,23036,4,0,0.078549352589242977
18481,23036,23037,2,0,0.028149305891645517
18482,23037,23038,5,0,0.30441838564496371
18483,23040,23041,2,0,0.081032642885622522
18484,23042,23043,2,0,0.068266938481955391
18485,23045,23046,2,0,0.24783870136473984
18486,23046,23047,1,0,0.10503162669041349
18487,23047,23048,4,0,0.20572335239712786
18488,23048,23049,2,0,0.69168976440061103
18489,23049,23050,1,1,0.23324853693140712
18490,23050,23051,5,0,0.064402829744813886
18491,23052,23053,3,1,0.18745829814554882
18492,23053,23054,5,0,0.066497585737094411
18493,23054,23055,3,0,0.33100324087084487
18494,23055,23056,2,0,0.13539486244555241
18495,23056,23057,5,1,0.18384512060845112
18496,23057,23058,5,0,0.026742392921930033
18497,23058,23059,4,0,0.18675740828330659
18498,23059,23060,5,1,0.31238835795525466
18499,23060,23061,5,0,0.096967508246788861
18500,23061,23062,1,1,0.10905962840071172
18501,23062,23063,3,0,0.073832066753352174
18502,23063,23064,5,0,0.22532070750637978
18503,23064,23065,5,0,0.072629981550059799
18504,23065,23066,2,1,0.76728690323489457
18505,23066,23067,1,0,0.072021320237330377
18506,23068,23069,4,0,0.029240643266933739
18507,23071,23072,2,0,0.058028345591302655
18508,23072,23073,4,0,0.089346636922735298
18509,23073,23074,3,1,0.44668577460000669
18510,23074,23075,1,0,0.086680546034535816
18511,23075,23076,2,0,0.088912171981084656
18512,23076,23077,2,0,0.092898824225355517
18513,23077,23078,3,0,0.24105323370597193
18514,23080,23081,2,0,0.22398604238130801
18515,23081,23082,1,0,0.39819479143400682
18516,23082,23083,1,1,0.36108835857640531
18517,23083,23084,1,0,0.048337967307232561
18518,23084,23085,5,0,0.045050666889270792
18519,23085,23086,4,0,0.018747035610735454
18520,23086,23087,4,0,0.071885446841433651
18521,23087,23088,4,1,0.74190584588159125
18522,23088,23089,1,1,0.18433166410285085
18523,23089,23090,1,0,0.60736477293281732
18524,23090,23091,5,1,0.278827937195325
18525,23091,23092,2,0,0.07139717939285134
18526,23093,23094,4,1,0.24860268581866479
18527,23094,23095,1,1,0.063608978275298836
18528,23095,23096,2,0,0.19697240119188714
18529,23096,23097,3,0,0.075802508440319605
18530,23097,23098,5,0,0.0090571008631947815
18531,23099,23100,4,1,0.78062247043089672
18532,23100,23101,5,0,0.15598728052736346
18533,23101,23102,2,0,0.079476598302750945
18534,23102,23103,1,0,0.040970504433942227
18535,23103,23104,1,1,0.18459386287602811
18536,23105,23106,5,0,0.094867428406434778
18537,23106,23107,2,0,0.019289079008425695
18538,23110,23111,1,0,0.080326831652961381
18539,23111,23112,5,1,0.32511011390253602
18540,23113,23114,3,0,0.050702022717905172
18541,23114,23115,2,0,0.031784516764530639
18542,23116,23117,3,0,0.060845289257039123
18543,23117,23118,1,0,0.187792666314574
18544,23118,23119,5,1,0.29465115128500302
18545,23119,23120,1,0,0.22677070959041731
18546,23120,23121,4,0,0.13162061139860171
18547,23121,23122,1,0,0.24112056681547389
18548,23123,23124,1,0,0.14382672023382823
18549,23124,23125,4,1,0.19017083633428269
18550,23126,23127,2,0,0.017197725980863682
18551,23128,23129,5,0,0.21612999820046488
18552,23129,23130,1,0,0.16941854334674802
18553,23130,23131,3,0,0.3412195719339941
18554,23131,23132,4,0,0.075621923392522689
18555,23132,23133,3,0,0.1614993219253644
18556,23134,23135,1,0,0.12825829471097416
18557,23135,23136,4,0,0.34594407179399267
18558,23137,23138,4,1,0.075848496372143207
18559,23138,23139,2,0,0.11508505666177353
18560,23139,23140,5,0,0.090257191802047609
18561,23140,23141,3,0,0.14535690861126235
18562,23141,23142,5,1,0.14858204680565271
18563,23142,23143,1,0,0.17171518769195632
18564,23143,23144,2,0,0.15728527120718599
18565,23144,23145,4,0,0.19356628922807925
18566,23146,23147,1,0,0.13113644536164462
18567,23147,23148,1,0,0.099159599715194641
18568,23148,23149,3,1,0.54403814312156873
18569,23149,23150,4,0,0.19338497491073303
18570,23150,23151,5,0,0.11147315113124924
18571,23151,23152,1,0,0.063451942654872945
18572,23152,23153,1,0,0.19030156154139233
18573,23153,23154,5,0,0.097063043370565455
18574,23154,23155,1,0,0.22376138139353072
18575,23155,23156,5,0,0.51501761894014608
18576,23156,23157,2,1,0.69156294188335654
18577,23157,23158,1,0,0.11939081590757905
18578,23158,23159,5,0,0.59769276054489551
18579,23160,23161,4,0,0.13575901586556452
18580,23161,23162,4,0,0.13413098122240849
18581,23162,23163,2,0,0.031916838934159225
18582,23165,23166,5,1,0.55444607808629165
18583,23166,23167,5,1,0.57671462978919774
18584,23167,23168,5,0,0.043692289542989537
18585,23168,23169,4,0,0.092533394535909599
18586,23170,23171,1,0,0.15513101198701981
18587,23171,23172,2,0,0.094917976038804877
18588,23173,23174,2,0,0.13526317271521446
18589,23174,23175,1,0,0.0094075317745703612
18590,23175,23176,1,0,0.098772164113374902
18591,23176,23177,2,0,0.075204504170146264
18592,23177,23178,4,0,0.1747049461845763
18593,23178,23179,1,0,0.19221306945361577
18594,23179,23180,5,0,0.27250078671457617
18595,23180,23181,1,0,0.13984451622688929
18596,23181,23182,3,0,0.058112594919518791
18597,23182,23183,1,0,0.038050447010026502
18598,23184,23185,3,0,0.083845040109715149
18599,23185,23186,2,0,0.058400271007050412
18600,23187,23188,5,0,0.084136512721258452
18601,23188,23189,5,0,0.23814250898766126
18602,23189,23190,5,0,0.067385080515206225
18603,23190,23191,2,0,0.019247406569356747
18604,23191,23192,3,0,0.027276004868146297
18605,23192,23193,4,1,0.096116634436271109
18606,23193,23194,5,0,0.13391908943674385
18607,23194,23195,4,0,0.029398665632062723
18608,23195,23196,4,0,0.4374140356506625
18609,23196,23197,3,0,0.020142728735952919
18610,23197,23198,4,0,0.12191169376651585
18611,23198,23199,4,0,0.0083348672997447318
18612,23199,23200,1,0,0.20675917493056775
18613,23200,23201,5,0,0.047623746792946786
18614,23202,23203,5,0,0.059459713942629701
18615,23203,23204,4,0,0.069875613660000752
18616,23204,23205,3,0,0.097318794120895433
18617,23206,23207,3,0,0.18651885694566761
18618,23207,23208,3,0,0.0092467020888670638
18619,23208,23209,4,0,0.020746851145147994
18620,23209,23210,5,0,0.24195834552348805
18621,23210,23211,4,0,0.69494478900972678
18622,23211,23212,3,0,0.10693110232337684
18623,23212,23213,2,0,0.017318062543410655
18624,23214,23215,2,0,0.14718927683647209
18625,23215,23216,1,1,0.70650256537071265
18626,23216,23217,2,0,0.046932268685304736
18627,23217,23218,4,0,0.11893200999617599
18628,23218,23219,3,0,0.038169501215063351
18629,23219,23220,2,0,0.23621511986843252
18630,23220,23221,4,0,0.28604016583631253
18631,23221,23222,5,0,0.021525706324696074
18632,23222,23223,2,0,0.098241187776598959
18633,23223,23224,5,0,0.051634385533747024
18634,23224,23225,5,0,0.067701415172004842
18635,23225,23226,1,1,0.35106115547191974
18636,23226,23227,5,0,0.07858507161603101
18637,23227,23228,4,0,0.1860794523508206
18638,23228,23229,3,0,0.077209442035504311
18639,23229,23230,2,0,0.032834543490852817
18640,23230,23231,3,0,0.045147420484386754
18641,23231,23232,4,0,0.087241618959160147
18642,23233,23234,5,0,0.6942186302876312
18643,23234,23235,5,0,0.07910248651418593
18644,23235,23236,4,1,0.074691759197669974
18645,23237,23238,1,0,0.18183467248863558
18646,23239,23240,2,1,0.63782945568761218
18647,23241,23242,3,0,0.3054222475027551
18648,23242,23243,1,0,0.066003245227137367
18649,23245,23246,4,0,0.14613281568661476
18650,23246,23247,2,0,0.30404950488246485
18651,23247,23248,5,0,0.10192072665506831
18652,23248,23249,2,0,0.099559389884400523
18653,23249,23250,2,0,0.14774511801410312
18654,23252,23253,5,1,0.61016276277001469
18655,23253,23254,4,1,0.19649814384495332
18656,23255,23256,5,0,0.16997079713750488
18657,23256,23257,1,0,0.069800074875834922
18658,23257,23258,4,0,0.14701778962395018
18659,23258,23259,2,0,0.54674181266121613
18660,23260,23261,4,1,0.22916373015861755
18661,23261,23262,3,0,0.29584682431073145
18662,23262,23263,2,0,0.10567091186132906
18663,23263,23264,1,1,0.6626427871613384
18664,23264,23265,1,0,0.086148737626525168
18665,23265,23266,5,0,0.047095920273935742
18666,23266,23267,4,0,0.0089447091219127216
18667,23267,23268,2,0,0.094511677311534967
18668,23268,23269,3,1,0.22856186467509973
18669,23269,23270,4,0,0.061535679588636316
18670,23271,23272,3,0,0.1556156775072961
18671,23274,23275,5,1,0.066246578632412997
18672,23275,23276,1,0,0.040008575356839757
18673,23277,23278,4,0,0.52179420494978168
18674,23279,23280,2,0,0.074550953673518258
18675,23280,23281,2,0,0.019597626060986285
18676,23281,23282,3,0,0.42251614183320657
18677,23282,23283,5,0,0.21095121017985921
18678,23283,23284,3,0,0.12338425641088539
18679,23285,23286,4,0,0.10675562073330211
18680,23287,23288,3,1,0.24031368350290502
18681,23288,23289,1,0,0.10753143085402467
18682,23290,23291,2,0,0.094986090201480161
18683,23291,23292,5,1,0.23456331157025248
18684,23292,23293,4,0,0.35499407599031452
18685,23293,23294,3,1,0.10588321237201048
18686,23294,23295,3,0,0.14856433791845944
18687,23295,23296,1,0,0.066519637094646963
18688,23296,23297,4,1,0.41864365097038803
18689,23297,23298,3,0,0.05693818641802658
18690,23298,23299,2,0,0.067021173117118818
18691,23299,23300,1,0,0.065759029939776295
18692,23302,23303,3,0,0.13414298012098086
18693,23305,23306,4,0,0.20901150083448908
18694,23306,23307,5,0,0.6557806198041306
18695,23309,23310,2,1,0.20830823553398783
18696,23310,23311,1,1,0.36562487556957818
18697,23311,23312,2,0,0.10283389557936808
18698,23312,23313,4,0,0.39420975993338314
18699,23313,23314,5,0,0.16637967548317847
18700,23314,23315,4,0,0.0093976194493696832
18701,23315,23316,5,1,0.67685079241241008
18702,23316,23317,4,0,0.060090669687009345
18703,23317,23318,1,0,0.38825200695132944
18704,23319,23320,4,0,0.075819390575066037
18705,23320,23321,1,0,0.1343196671749893
18706,23321,23322,1,0,0.029390077129106778
18707,23323,23324,1,0,0.47657420784024562
18708,23325,23326,2,0,0.07670804115752386
18709,23326,23327,3,0,0.13597070386801466
18710,23328,23329,5,0,0.075169394613851304
18711,23330,23331,4,0,0.075824899386458797
18712,23331,23332,1,0,0.026380047427460408
18713,23332,23333,4,1,0.046577862342355419
18714,23334,23335,5,1,0.075746269972371869
18715,23335,23336,4,0,0.11004036964307183
18716,23336,23337,2,0,0.048966480088641504
18717,23338,23339,1,0,0.63954629082802761
18718,23340,23341,2,0,0.27093840432000343
18719,23342,23343,5,1,0.46579172983629802
18720,23343,23344,1,1,0.052617311560610433
18721,23344,23345,1,0,0.19012425831858734
18722,23345,23346,4,0,0.025247746283378336
18723,23346,23347,2,0,0.06727424252864396
18724,23347,23348,5,0,0.068438329650148857
18725,23348,23349,2,0,0.30011562536064357
18726,23349,23350,3,0,0.16472827579099963
18727,23353,23354,1,1,0.20299320956639355
18728,23354,23355,2,0,0.027619948385958191
18729,23356,23357,5,0,0.17094703785240742
18730,23357,23358,2,1,0.28435457467009301
18731,23358,23359,4,0,0.06904967769189746
18732,23359,23360,3,0,0.69524056235610876
18733,23360,23361,4,0,0.049868907769591735
18734,23361,23362,5,1,0.39521491470486181
18735,23362,23363,4,0,0.10451506700503992
18736,23363,23364,4,0,0.017684339446358065
18737,23364,23365,2,0,0.012537835320770359
18738,23366,23367,3,0,0.08111770132270138
18739,23367,23368,1,0,0.1873508426194895
18740,23368,23369,3,0,0.19552212145208278
18741,23369,23370,2,0,0.032618784959687327
18742,23370,23371,5,0,0.027378070705133255
18743,23371,23372,2,0,0.017574273463608403
18744,23372,23373,2,0,0.0091860794505870362
18745,23373,23374,2,1,0.21062128142373987
18746,23374,23375,1,0,0.12618898507478268
18747,23375,23376,1,0,0.11578248235305239
18748,23376,23377,4,0,0.10235214801684739
18749,23377,23378,2,1,0.68472709654990904
18750,23378,23379,3,0,0.12520076272539293
18751,23379,23380,1,0,0.072400801499559311
18752,23380,23381,1,0,0.048093876013236662
18753,23381,23382,1,0,0.041436078668557086
18754,23382,23383,2,0,0.39686983268709042
18755,23384,23385,1,1,0.69847734187792043
18756,23385,23386,1,1,0.5722533825361944
18757,23386,23387,4,0,0.092774716726556503
18758,23389,23390,4,0,0.028756634505750903
18759,23390,23391,4,1,0.11597276890352311
18760,23391,23392,1,0,0.1181099633870473
18761,23392,23393,2,0,0.060062769751779412
18762,23393,23394,3,0,0.036173823032753349
18763,23394,23395,4,0,0.19168267211592283
18764,23396,23397,4,0,0.048779583100585333
18765,23397,23398,3,0,0.11483748185828596
18766,23398,23399,4,0,0.25798577229092634
18767,23400,23401,3,0,0.39181910458616404
18768,23401,23402,2,1,0.14500569846741687
18769,23403,23404,3,0,0.085230910778174629
18770,23404,23405,5,0,0.095917552394282124
18771,23405,23406,2,0,0.13127745367983998
18772,23406,23407,1,0,0.19849948491422659
18773,23407,23408,1,0,0.14695427049677376
18774,23408,23409,4,0,0.64609739331238336
18775,23409,23410,1,0,0.050956798503162481
18776,23410,23411,2,0,0.22957744050165654
18777,23413,23414,1,1,0.21310104157377865
18778,23414,23415,5,0,0.5241875836070059
18779,23416,23417,4,0,0.076958877628835812
18780,23417,23418,2,1,0.46519482700030595
18781,23418,23419,3,1,0.47683130796433704
18782,23419,23420,4,0,0.1449363117669856
18783,23420,23421,5,1,0.19407597508839175
18784,23422,23423,3,0,0.34686094988198246
18785,23423,23424,1,0,0.24933947101064052
18786,23425,23426,2,0,0.016927337047281749
18787,23426,23427,2,0,0.58254663170843091
18788,23427,23428,4,0,0.33771098266873939
18789,23428,23429,2,0,0.12722417950965298
18790,23429,23430,1,0,0.15081181068509231
18791,23430,23431,5,0,0.077232253875245627
18792,23432,23433,2,0,0.15446035058763891
18793,23435,23436,3,0,0.22125707444960974
18794,23436,23437,3,0,0.37528151937646759
18795,23437,23438,4,0,0.31381083521277137
18796,23438,23439,1,0,0.16310553977471889
18797,23439,23440,2,0,0.065374495837657809
18798,23440,23441,4,0,0.050235647366391481
18799,23441,23442,2,0,0.10241414812619738
18800,23443,23444,4,0,0.03068143487405741
18801,23444,23445,3,0,0.074189807846338413
18802,23445,23446,1,0,0.019889805014778179
18803,23446,23447,4,1,0.096482845064710568
18804,23448,23449,1,0,0.092505154711993443
18805,23449,23450,2,0,0.048489132225849156
18806,23450,23451,3,0,0.077931896373021753
18807,23452,23453,1,0,0.032086857053526853
18808,23453,23454,2,0,0.16379080040152671
18809,23454,23455,2,1,0.16117918149076726
18810,23455,23456,1,0,0.067803650373327251
18811,23456,23457,1,0,0.068571439148176067
18812,23458,23459,5,0,0.36771987648811827
18813,23459,23460,2,0,0.13761428779872326
18814,23460,23461,5,1,0.12878630211284539
18815,23462,23463,2,0,0.036370432573383946
18816,23464,23465,3,1,0.29718980920484594
18817,23466,23467,3,0,0.11150754105333449
18818,23469,23470,4,0,0.2974882728615913
18819,23470,23471,2,0,0.31517303167630351
18820,23472,23473,3,0,0.062904257632651756
18821,23473,23474,2,0,0.14726920700135609
18822,23474,23475,3,0,0.057422655302496718
18823,23475,23476,3,0,0.069114848663271319
18824,23477,23478,1,1,0.56463606042087588
18825,23478,23479,4,0,0.10697250742057787
18826,23479,23480,2,1,0.084924753165935354
18827,23480,23481,4,0,0.02835349476029057
18828,23481,23482,3,0,0.47140675231969081
18829,23482,23483,2,1,0.17316287457658125
18830,23484,23485,3,0,0.098165370334029042
18831,23486,23487,4,0,0.0093979512457934272
18832,23487,23488,1,0,0.13608395622961159
18833,23488,23489,4,0,0.040685757119826062
18834,23489,23490,5,0,0.24501940912456241
18835,23490,23491,5,1,0.21027370909198834
18836,23491,23492,5,0,0.1999107611752495
18837,23492,23493,5,0,0.17433876951338143
18838,23493,23494,2,0,0.07426458303148735
18839,23497,23498,3,0,0.058619893546933401
18840,23498,23499,1,0,0.10593682941566428
18841,23500,23501,2,0,0.17467661449374303
18842,23502,23503,1,0,0.25393816862248564
18843,23503,23504,2,0,0.065224514542156567
18844,23506,23507,1,1,0.037482508595300591
18845,23507,23508,2,0,0.057526765551984507
18846,23508,23509,2,0,0.29444355985457449
18847,23510,23511,1,0,0.077433192222490482
18848,23511,23512,3,0,0.12483946796564002
18849,23512,23513,4,0,0.18331141325853673
18850,23514,23515,5,0,0.53253909438285674
18851,23515,23516,3,0,0.06416800747891481
18852,23516,23517,4,1,0.040070379955673585
18853,23517,23518,4,0,0.10110707487911071
18854,23519,23520,3,0,0.26339528752396058
18855,23520,23521,2,0,0.29750489625060939
18856,23521,23522,1,0,0.21495354165313149
18857,23522,23523,5,0,0.066152223608049149
18858,23523,23524,3,0,0.18497738206746803
18859,23524,23525,3,0,0.12586854459203797
18860,23525,23526,4,1,0.5341874879108135
18861,23526,23527,3,1,0.43562354668952963
18862,23527,23528,4,0,0.081614118797908392
18863,23529,23530,4,1,0.60082262486723503
18864,23530,23531,1,0,0.0091591200945617367
18865,23531,23532,2,0,0.10727812290148014
18866,23533,23534,4,0,0.09804903014924482
18867,23534,23535,4,0,0.15954414932030106
18868,23535,23536,1,0,0.14788420858739512
18869,23536,23537,1,0,0.053051602166774778
18870,23537,23538,5,0,0.080966762458228148
18871,23539,23540,4,0,0.083001662650699817
18872,23541,23542,3,0,0.068591720912210094
18873,23542,23543,5,0,0.055751236705462927
18874,23543,23544,5,0,0.069083748558184666
18875,23545,23546,3,0,0.090827075401805568
18876,23546,23547,3,0,0.12257989155842282
18877,23547,23548,1,0,0.05375705483229385
18878,23548,23549,4,0,0.022523504222896718
18879,23550,23551,2,1,0.040073791104662568
18880,23551,23552,5,0,0.18475282443689317
18881,23552,23553,5,0,0.074013352512026856
18882,23554,23555,5,1,0.14389103492495436
18883,23555,23556,2,0,0.11891874707807462
18884,23556,23557,4,0,0.036322852891505171
18885,23557,23558,5,0,0.045736212166425989
18886,23558,23559,2,0,0.019539648776795045
18887,23559,23560,2,0,0.021889608813417654
18888,23560,23561,2,0,0.1777921337004601
18889,23561,23562,5,0,0.12654980924537784
18890,23564,23565,4,1,0.42153194986754056
18891,23565,23566,3,0,0.21189953479528686
18892,23566,23567,3,0,0.020675325552330769
18893,23567,23568,4,0,0.14273732908403672
18894,23568,23569,5,0,0.063201697851146696
18895,23570,23571,1,0,0.029139033400150553
18896,23571,23572,2,0,0.24983637936430406
18897,23573,23574,1,0,0.10323154791888897
18898,23574,23575,4,0,0.092888624732518216
18899,23576,23577,1,0,0.12289155893846115
18900,23577,23578,5,0,0.080794731482615595
18901,23578,23579,2,0,0.088207665561057719
18902,23579,23580,2,0,0.11154001586418036
18903,23580,23581,3,0,0.034221102241662416
18904,23581,23582,5,1,0.46479742650932393
18905,23582,23583,2,0,0.18241386938050619
18906,23584,23585,3,1,0.15348983494947263
18907,23585,23586,4,0,0.072906088098301985
18908,23586,23587,3,1,0.12971384974245179
18909,23587,23588,5,0,0.17715590840862361
18910,23588,23589,3,0,0.14803174296578542
18911,23589,23590,1,0,0.097884091035706333
18912,23590,23591,5,0,0.12097242791623461
18913,23591,23592,4,0,0.12227285389370218
18914,23592,23593,2,0,0.48685488450141184
18915,23593,23594,3,0,0.085199904554179987
18916,23594,23595,5,0,0.11447278162989466
18917,23595,23596,1,0,0.089315804689204678
18918,23596,23597,5,0,0.19832773152151398
18919,23598,23599,4,0,0.10675903585121556
18920,23600,23601,2,0,0.10863469227969148
18921,23603,23604,2,0,0.36147728844190713
18922,23604,23605,4,0,0.1152097126612906
18923,23605,23606,4,0,0.18861460192538496
18924,23606,23607,3,0,0.24592711824840618
18925,23608,23609,5,0,0.25924372188232708
18926,23609,23610,3,0,0.10760638150963153
18927,23610,23611,1,0,0.14005681765086586
18928,23611,23612,5,0,0.14144193272001399
18929,23613,23614,2,0,0.1796281689975868
18930,23614,23615,1,0,0.18493159207536844
18931,23615,23616,5,1,0.62157350664302469
18932,23616,23617,5,0,0.0082869246535396228
18933,23617,23618,2,1,0.37292548804523185
18934,23618,23619,3,1,0.51014768534911559
18935,23619,23620,1,1,0.35782604373181792
18936,23620,23621,5,0,0.13164765125825637
18937,23621,23622,1,1,0.028688294882577348
18938,23622,23623,4,0,0.31616203029056683
18939,23623,23624,5,1,0.64392899137202508
18940,23624,23625,4,0,0.045372747589629857
18941,23625,23626,3,0,0.11163325940369719
18942,23627,23628,3,0,0.086903833571285963
18943,23628,23629,4,0,0.017449238610219676
18944,23630,23631,2,1,0.5366735724711903
18945,23631,23632,4,0,0.11239132962835435
18946,23632,23633,3,0,0.19101090045323207
18947,23633,23634,1,0,0.037292101308011694
18948,23634,23635,3,0,0.0088675527970684329
18949,23636,23637,5,0,0
18950,23637,23638,1,0,0.025190562370743276
18951,23638,23639,1,0,0.12934647184773285
18952,23639,23640,4,0,0.27699377984278628
18953,23640,23641,4,0,0.05403720256850672
18954,23641,23642,4,1,0.30264155242271068
18955,23644,23645,2,0,0.062183853115213877
18956,23645,23646,5,1,0.72348180809905616
18957,23646,23647,2,0,0.087292839004394704
18958,23647,23648,4,0,0.080363807061838891
18959,23648,23649,2,1,0.38413487586267847
18960,23649,23650,3,0,0.59646898747254407
18961,23650,23651,5,0,0.26465863584685367
18962,23651,23652,3,0,0.17577978795796445
18963,23652,23653,5,1,0.28718791040787095
18964,23654,23655,1,1,0.14776488025754264
18965,23655,23656,2,1,0
18966,23657,23658,3,0,0.028223358349406424
18967,23659,23660,5,0,0.035959796931293107
18968,23660,23661,5,0,0.064204992677491815
18969,23661,23662,1,0,0.10236584062447804
18970,23662,23663,4,1,0.76544331394939802
18971,23664,23665,3,1,0.67295031305568576
18972,23665,23666,1,0,0.26812601114655554
18973,23666,23667,4,0,0.18398740233407235
18974,23668,23669,2,0,0.11462986626354674
18975,23669,23670,1,0,0.044067365606774982
18976,23670,23671,2,0,0.25814614258391555
18977,23671,23672,3,0,0.11172963178141945
18978,23672,23673,1,0,0.23123426977601322
18979,23673,23674,5,0,0.039366334587139319
18980,23674,23675,1,1,0.31829513395054587
18981,23675,23676,1,0,0.20499952223505119
18982,23676,23677,5,0,0.13532835542536262
18983,23677,23678,3,0,0.10147480853696825
18984,23678,23679,5,0,0.17005372884100348
18985,23679,23680,2,0,1
18986,23680,23681,1,0,0.0451329626481764
18987,23681,23682,2,0,0.041902517989803836
18988,23682,23683,1,0,0.19531187116021714
18989,23684,23685,1,0,0.15134668628639159
18990,23685,23686,4,0,0.12904543917945679
18991,23687,23688,5,1,0.78631783471544459
18992,23688,23689,5,1,0.20657968979897079
18993,23689,23690,4,0,0.45191207258484989
18994,23691,23692,3,1,0.85507461106051275
18995,23693,23694,1,0,0.10887520863379815
18996,23696,23697,3,1,0.36308896400605284
18997,23697,23698,2,0,0.16188073666764166
18998,23698,23699,5,0,0.4238580413365009
18999,23699,23700,3,0,0.21999799483855673
19000,23700,23701,3,0,0.055484671195429811
19001,23701,23702,2,0,0.12773224661222382
19002,23702,23703,1,0,0.079700044119687286
19003,23703,23704,5,0,0.092567820286619723
19004,23705,23706,1,0,0.093505696026669208
19005,23706,23707,5,0,0.054667719011414838
19006,23708,23709,3,0,0.11451359168094349
19007,23709,23710,3,0,0.15789701141985618
19008,23710,23711,2,1,0.79348915766979511
19009,23711,23712,3,0,0.17014592759542999
19010,23712,23713,3,0,0.20342694117801935
19011,23713,23714,1,0,0.22180252194785774
19012,23715,23716,1,1,0.81479623751485919
19013,23716,23717,3,0,0.23086424189781485
19014,23717,23718,2,1,0.10713347306332283
19015,23718,23719,3,0,0.068920407567721331
19016,23719,23720,5,0,0.12562494982616704
19017,23720,23721,2,0,0.052965454327658611
19018,23721,23722,4,0,0.13777793222603363
19019,23722,23723,1,0,0.1677863993422137
19020,23723,23724,3,1,0.096326103532243315
19021,23724,23725,3,0,0.11637640050231315
19022,23725,23726,1,0,0.13030551771931018
19023,23726,23727,3,0,0.17935303026362426
19024,23728,23729,4,0,0.026807255921015412
19025,23729,23730,2,0,0.086816733376763239
19026,23730,23731,4,0,0.14195887937106427
19027,23731,23732,2,1,0.12316218832722611
19028,23732,23733,4,1,0.54420160884879787
19029,23733,23734,1,0,0.10598275329054598
19030,23734,23735,2,0,0.060117235304906189
19031,23737,23738,5,0,0.061431373414353223
19032,23738,23739,1,0,0.09298353809297967
19033,23739,23740,2,1,0.165713131603764
19034,23740,23741,5,0,0.066337884755887824
19035,23741,23742,1,1,0.38433651259585155
19036,23742,23743,1,0,0.68000712271375297
19037,23743,23744,5,0,0.11297691302963594
19038,23744,23745,5,0,0.091099320464442399
19039,23745,23746,3,0,0.3775544560266888
19040,23746,23747,2,0,0.1636238374686744
19041,23747,23748,5,1,0.61930026511169367
19042,23749,23750,5,0,0.095797983245685003
19043,23751,23752,3,1,0.53161927395323161
19044,23752,23753,3,1,0.087353877601785285
19045,23754,23755,2,0,0.50084485501776366
19046,23755,23756,4,0,0.15995207554412844
19047,23757,23758,4,1,0.088716287973323357
19048,23758,23759,5,0,0.14941744269757001
19049,23760,23761,2,0,0.031784101325336551
19050,23761,23762,5,0,0.093536881463686897
19051,23763,23764,1,0,0.12144805735291803
19052,23764,23765,2,0,0.13193982705091356
19053,23765,23766,5,0,0.10513330204060804
19054,23766,23767,5,0,0.16631583151602328
19055,23768,23769,4,0,0.24755507364957158
19056,23769,23770,2,0,0.14246935082765083
19057,23770,23771,3,0,0.061228711601454891
19058,23772,23773,1,0,0.10805817913051124
19059,23774,23775,3,0,0.24895018456343465
19060,23775,23776,4,0,0.1367999069630742
19061,23777,23778,4,1,0.82743377882072655
19062,23778,23779,4,1,0.47405633148006582
19063,23780,23781,2,0,0.06594361001912448
19064,23781,23782,3,1,0.703335716645338
19065,23783,23784,3,0,0.14147133551133859
19066,23785,23786,5,0,0.19320081598400393
19067,23786,23787,4,1,0.39690684787959518
19068,23787,23788,2,0,0.29028577378083331
19069,23788,23789,3,0,0.40464866717917986
19070,23790,23791,1,0,0.20529656093970242
19071,23791,23792,2,1,0.58354161345489375
19072,23792,23793,3,0,0.1430844176525807
19073,23793,23794,2,0,0.40610212813431884
19074,23794,23795,5,0,0.056147119534970376
19075,23795,23796,1,0,0.058927976828898873
19076,23796,23797,4,0,0.17246450506568134
19077,23797,23798,2,0,0.20257753046904289
19078,23798,23799,3,1,0.35338023295182414
19079,23799,23800,1,0,0.11008443015796401
19080,23800,23801,5,0,0.11058511432356047
19081,23801,23802,1,0,0.10302197069916841
19082,23802,23803,3,1,0.4701734858678927
19083,23803,23804,3,0,0.086171278943528357
19084,23804,23805,5,0,0.087534247608527876
19085,23805,23806,5,0,0.047150259606537855
19086,23806,23807,5,0,0.017047337634668494
19087,23807,23808,5,0,0.091340992378203201
19088,23809,23810,5,0,0.10900187193169272
19089,23810,23811,5,0,0.05622757016916545
19090,23811,23812,2,1,0.53787623609474466
19091,23812,23813,4,0,0.12605970192890137
19092,23813,23814,5,0,0.084698498459079438
19093,23814,23815,2,0,0.062468486229632539
19094,23815,23816,2,0,0.10029962130880947
19095,23816,23817,3,0,0.089284270954405262
19096,23818,23819,5,1,0.289802228739868
19097,23819,23820,2,0,0.16707730380549501
19098,23820,23821,1,0,0.13716836066092958
19099,23821,23822,5,1,0.6454126167995331
19100,23823,23824,4,0,0.16360123310544283
19101,23825,23826,1,0,0.50617450418023313
19102,23826,23827,3,0,0.14843408371365394
19103,23828,23829,5,0,0.11018325836174224
19104,23830,23831,4,0,0.081098185591853125
19105,23831,23832,3,0,0.01905163483677581
19106,23832,23833,5,0,0.12830874729427438
19107,23833,23834,3,0,0.63794365410124765
19108,23834,23835,1,0,0.15993350213213292
19109,23835,23836,5,0,0.15786389779331589
19110,23836,23837,5,0,0.1738760278255457
19111,23837,23838,3,0,0.035822933385342662
19112,23838,23839,2,1,0.081755120465105233
19113,23839,23840,1,0,0.14838792558285996
19114,23840,23841,4,0,0.11959438378534867
19115,23841,23842,3,0,0.13811815634547012
19116,23842,23843,5,1,0.14711131276013831
19117,23843,23844,1,0,0.086383181389691019
19118,23844,23845,4,0,0.42542869028239888
19119,23845,23846,1,0,0.11687941753004268
19120,23847,23848,5,0,0.15611508994000262
19121,23848,23849,3,0,0.10171300535520536
19122,23849,23850,4,0,0.54992863818528037
19123,23850,23851,4,0,0.27241994491268995
19124,23852,23853,2,1,0.80886473652155177
19125,23853,23854,3,0,0.02392310006932313
19126,23854,23855,5,0,0.057785403387257309
19127,23855,23856,2,0,0.12732811146082318
19128,23856,23857,4,1,0.70035926948174376
19129,23857,23858,5,0,0.51804583052812903
19130,23859,23860,5,0,0.092584212126001431
19131,23860,23861,4,0,0.14543646708952149
19132,23861,23862,5,0,0.045735188664353388
19133,23862,23863,5,0,0.31614575445598647
19134,23863,23864,5,1,0.73239541735961333
19135,23864,23865,4,0,0.51865553676779064
19136,23865,23866,4,1,0.57428420712743999
19137,23867,23868,1,0,0.07900946443578033
19138,23868,23869,4,0,0.26273578639118017
19139,23869,23870,5,0,0.36757355545111631
19140,23870,23871,3,0,0.049322963677594624
19141,23872,23873,2,0,0.058192429605538776
19142,23873,23874,1,0,0.13363953295093656
19143,23874,23875,2,1,0.28848196713974017
19144,23875,23876,2,0,0.085283824547954912
19145,23876,23877,5,0,0.23948205254124288
19146,23877,23878,3,0,0
19147,23878,23879,4,0,0.12104323268017288
19148,23880,23881,4,0,0.37937000110627794
19149,23881,23882,4,0,0.13335570406416955
19150,23882,23883,4,0,0.043433583251438646
19151,23883,23884,1,0,0.28433378426241529
19152,23884,23885,1,1,0.26840872242637315
19153,23885,23886,4,1,0.46625699766274697
19154,23887,23888,2,0,0.19555654611019055
19155,23888,23889,5,0,0.2178826781421484
19156,23890,23891,1,0,0.26026007865567713
19157,23891,23892,2,0,0.43724596247772912
19158,23892,23893,5,0,0.063895512865070087
19159,23897,23898,2,0,0.1881456778851609
19160,23898,23899,2,1,0.64897813330039478
19161,23899,23900,1,1,0.58946386251503302
19162,23900,23901,3,0,0.21203028767855822
19163,23901,23902,4,0,0.02595946833193764
19164,23902,23903,1,0,0.16756076020283911
19165,23903,23904,3,0,0.1887836808307502
19166,23904,23905,4,1,0.52530633989206099
19167,23905,23906,5,0,0.09975343265597908
19168,23906,23907,4,0,0.1311576157551114
19169,23908,23909,4,0,0.12770771045738594
19170,23910,23911,4,1,0.034576927134243499
19171,23912,23913,5,0,0.19057010557339907
19172,23913,23914,2,0,0.27968449742659962
19173,23914,23915,4,0,0.17257695491250674
19174,23915,23916,3,0,0.080588903335458928
19175,23916,23917,1,0,0.051825404341907896
19176,23917,23918,3,0,0.13891882134544406
19177,23918,23919,4,1,0.47763177388888861
19178,23919,23920,5,0,0.66348237278675781
19179,23920,23921,3,1,0.13578058775364252
19180,23922,23923,4,0,0.13081217439250836
19181,23923,23924,4,0,0.38414282749046763
19182,23924,23925,4,0,0.11996303459677971
19183,23925,23926,4,0,0.18966118844190982
19184,23926,23927,3,0,0.61141789886796827
19185,23927,23928,5,0,0.15850169722063928
19186,23928,23929,3,0,0.21576946726318558
19187,23929,23930,3,0,0.10791390563121711
19188,23930,23931,4,0,0.11868182601913056
19189,23932,23933,1,0,0.13826426303369416
19190,23933,23934,3,0,0.117811699444945
19191,23934,23935,3,1,0.6365032986857676
19192,23935,23936,3,0,0.10291536129313246
19193,23936,23937,4,0,0.70957656872812613
19194,23938,23939,1,1,0.80612038245748352
19195,23940,23941,5,0,0.13344947916079145
19196,23941,23942,4,0,0.17928320729941655
19197,23942,23943,3,0,0.13845219615183668
19198,23943,23944,5,0,0.36805451216560026
19199,23944,23945,5,0,0.20362331024839339
19200,23945,23946,5,0,0.1060166258812333
19201,23946,23947,3,0,0.1241795674258963
19202,23949,23950,1,1,0.63511939671078321
19203,23951,23952,3,0,0.14435496649282811
19204,23952,23953,1,1,0.43029486785330218
19205,23953,23954,5,1,0.13108134480271574
19206,23955,23956,2,0,0.20740068455623425
19207,23956,23957,4,0,0.16760873456230327
19208,23957,23958,2,0,0.30628430987983646
19209,23958,23959,2,0,0.29046457723128688
19210,23959,23960,5,0,0.17626807088507479
19211,23960,23961,1,0,0.32186238864358979
19212,23961,23962,1,1,0.12905817343289266
19213,23962,23963,5,0,0.050272990673937694
19214,23963,23964,4,1,0.206645010717705
19215,23964,23965,2,0,0.59163307708134982
19216,23965,23966,4,0,0.2231960969462711
19217,23966,23967,3,1,0.20470384420458429
19218,23968,23969,5,1,0.61203315032858541
19219,23969,23970,5,0,0.080782653108099539
19220,23970,23971,1,0,0.23117619234610456
19221,23971,23972,2,0,0.25120853861707554
19222,23972,23973,4,0,0.17530638681586022
19223,23974,23975,5,0,0.11996531585060956
19224,23975,23976,4,0,0.13832794822355504
19225,23976,23977,4,0,0.096764919205983957
19226,23977,23978,1,0,0.05434140786111568
19227,23978,23979,4,0,0.28157913643443044
19228,23979,23980,2,1,0.71346404868145241
19229,23980,23981,2,0,0.17920552424465916
19230,23981,23982,4,0,0.23199580427828495
19231,23982,23983,4,0,0.1710665710313943
19232,23983,23984,3,0,0.10218477044969607
19233,23984,23985,5,0,0.13407394422053198
19234,23986,23987,3,0,0.41441036848737983
19235,23987,23988,5,0,0.044682115576538922
19236,23989,23990,5,0,0.046440334587007276
19237,23990,23991,4,0,0.17438996817221947
19238,23991,23992,3,0,0.16992485928999645
19239,23992,23993,2,0,0.16423809891652533
19240,23994,23995,1,0,0.16656565134383183
19241,23996,23997,5,0,0.19748850365371723
19242,23997,23998,1,0,0.18708171910366672
19243,23998,23999,4,0,0.18258135886694907
19244,23999,24000,5,1,0.13694731860423709
19245,24000,24001,1,0,0.49533059765123427
19246,24001,24002,5,1,0.12590083830265478
19247,24003,24004,2,0,0.76636809674238482
19248,24004,24005,3,0,0.10180783406086745
19249,24005,24006,2,0,0.12117329080790108
19250,24006,24007,1,0,0.12122355806192155
19251,24007,24008,2,0,0.081685258819384904
19252,24008,24009,2,0,0.14435096691211061
19253,24009,24010,3,0,0.23599570311548634
19254,24011,24012,5,1,0.70197553400449275
19255,24013,24014,4,1,0.6228172206860183
19256,24014,24015,5,0,0.12737863400625377
19257,24015,24016,1,0,0.17781614185534692
19258,24018,24019,4,0,0.0083971298784437012
19259,24019,24020,1,0,0.11886199588216313
19260,24020,24021,4,1,0.31565963696832167
19261,24021,24022,3,0,0.44533427890485128
19262,24022,24023,4,0,0.55786449792654558
19263,24023,24024,5,0,0.017348482304985497
19264,24024,24025,1,1,0.69205049198481461
19265,24025,24026,3,1,0.79717706337344352
19266,24027,24028,1,0,0.36700910913271434
19267,24028,24029,5,0,0.28883081861783938
19268,24029,24030,5,1,0.090564844908656197
19269,24030,24031,2,0,0.13581294504531494
19270,24031,24032,2,0,0.17637192630221793
19271,24033,24034,2,0,0.13048346116791198
19272,24034,24035,1,1,0.60675106683910962
19273,24035,24036,5,0,0.34044021282218245
19274,24036,24037,4,0,0.037229510555376572
19275,24037,24038,2,0,0.070005757488295822
19276,24038,24039,3,1,0.69341507295518123
19277,24039,24040,4,1,0.50100677009755556
19278,24041,24042,5,1,0.71224960662275349
19279,24042,24043,1,0,0.29025903160144018
19280,24043,24044,3,0,0.11610716573794214
19281,24044,24045,3,0,0.19318913903953081
19282,24045,24046,4,0,0.14574974653983477
19283,24047,24048,5,0,0.10252120266868509
19284,24048,24049,1,0,0.15013325967039418
19285,24049,24050,4,0,0.099599300728573939
19286,24050,24051,1,0,0.06236138052911197
19287,24051,24052,2,0,0.15700376174790248
19288,24052,24053,5,0,0.16954982526506152
19289,24053,24054,4,0,0.019267416192061532
19290,24054,24055,1,0,0.10455353824006214
19291,24055,24056,4,0,0.44383489080596955
19292,24056,24057,1,1,0.69761646477698558
19293,24057,24058,3,0,0.1325896118748045
19294,24058,24059,4,0,0.151225099619479
19295,24059,24060,1,0,0.10606151247415604
19296,24060,24061,3,0,0.13794041937478801
19297,24063,24064,1,0,0.038798332931321795
19298,24064,24065,1,0,0.058313081410532347
19299,24066,24067,1,0,0.090831010572827428
19300,24067,24068,1,0,0.086934444976095995
19301,24068,24069,1,0,0.12316586759600089
19302,24069,24070,2,0,0.15811998112504388
19303,24070,24071,3,0,0.16456644528450265
19304,24071,24072,3,0,0.14250786207147817
19305,24072,24073,1,0,0.090732121621878006
19306,24074,24075,5,0,0.25543222513504799
19307,24076,24077,5,0,0.16592564250438868
19308,24078,24079,5,0,0.039170681306016641
19309,24079,24080,1,0,0.20294964751421105
19310,24080,24081,4,0,0.13611364347699523
19311,24081,24082,1,0,0.10830550129283308
19312,24082,24083,5,0,0.54245987883033742
19313,24083,24084,3,0,0.097696814115607891
19314,24084,24085,5,0,0.0094512745328609836
19315,24085,24086,5,0,0.040603362798770026
19316,24086,24087,1,0,0.12117023026936861
19317,24087,24088,5,0,0.22297942710800422
19318,24088,24089,1,0,0.1473486108744082
19319,24089,24090,4,0,0.19011886669725261
19320,24091,24092,4,0,0.13699770156495431
19321,24093,24094,4,1,0.57158458625818342
19322,24094,24095,5,0,0.12760705064686845
19323,24097,24098,3,0,0.14128454443123495
19324,24099,24100,3,0,0.12295107311242326
19325,24100,24101,4,1,0.22991081047791681
19326,24101,24102,5,0,0.097882396380994094
19327,24102,24103,2,1,0.44110977480451546
19328,24103,24104,1,0,0.097361853149508709
19329,24104,24105,5,0,0.083638496998468342
19330,24105,24106,2,0,0.24495168225050926
19331,24106,24107,3,0,0.19362770535584731
19332,24107,24108,1,0,0.14158538125803408
19333,24108,24109,4,0,0.57889318752750607
19334,24109,24110,2,1,0.22190958055869717
19335,24110,24111,3,0,0.20106906177577569
19336,24111,24112,2,0,0.045997025418922623
19337,24112,24113,1,0,0.33394896839921007
19338,24113,24114,1,0,0.18816066419057273
19339,24114,24115,2,0,0.1243472704472816
19340,24115,24116,1,0,0.18951802046578523
19341,24116,24117,2,0,0.10685099006557007
19342,24117,24118,1,0,0.020003341867943746
19343,24119,24120,4,0,0.054501075236936453
19344,24120,24121,5,0,0.07605233770480048
19345,24122,24123,4,0,0
19346,24123,24124,3,0,0.19306478647594802
19347,24124,24125,4,0,0.093195390906005732
19348,24125,24126,1,0,0.16329550916266247
19349,24127,24128,5,0,0.16837837662703978
19350,24129,24130,1,0,0.15765408826413876
19351,24130,24131,5,0,0.4282726637874571
19352,24131,24132,5,0,0.12165234299012148
19353,24132,24133,4,1,0.6086723669712224
19354,24134,24135,5,0,0.1359239222533688
19355,24135,24136,4,1,0.29368079086435389
19356,24137,24138,1,0,0.099478188329262182
19357,24138,24139,1,0,0.11631368972597908
19358,24140,24141,4,0,0.20018362003776688
19359,24141,24142,5,0,0.10729556612972756
19360,24142,24143,5,0,0.10795465608313327
19361,24143,24144,4,0,0.21684718975448747
19362,24146,24147,1,0,0.055874938053806042
19363,24149,24150,2,0,0.07892714234483926
19364,24150,24151,4,0,0.056047323648682479
19365,24151,24152,2,0,0.17204725507712265
19366,24152,24153,5,0,0.018263888940242303
19367,24153,24154,2,0,0.24382955999165082
19368,24155,24156,1,1,0.78496297278714244
19369,24156,24157,4,0,0.071646915094293676
19370,24157,24158,1,0,0.33985712733756412
19371,24158,24159,1,0,0.1476930524953754
19372,24159,24160,4,0,0.6939810106835157
19373,24160,24161,4,0,0.033934922734258521
19374,24161,24162,1,0,0.039886039342358161
19375,24163,24164,1,0,0.037402039600451839
19376,24164,24165,4,1,0.65901622814594774
19377,24165,24166,3,1,0.78571925295956646
19378,24166,24167,5,0,0.069330631500941084
19379,24167,24168,5,1,0.75497805927853801
19380,24168,24169,3,0,0.61937354483246831
19381,24170,24171,3,1,0.1483556139482661
19382,24171,24172,4,0,0.13002128218500947
19383,24172,24173,1,0,0.56417287067441557
19384,24173,24174,5,0,0.092226118253764727
19385,24174,24175,5,0,0.091401858308650344
19386,24175,24176,5,0,0.18410679331677338
19387,24178,24179,1,0,0.34389304902451062
19388,24179,24180,1,0,0.043992581586937078
19389,24180,24181,2,0,0.22611468488345246
19390,24181,24182,4,0,0.075610634466309584
19391,24182,24183,2,0,0.068035454274704601
19392,24183,24184,1,0,0.13640665151039102
19393,24184,24185,4,0,0.1189875850777508
19394,24185,24186,1,1,0.19823562026472916
19395,24186,24187,3,0,0.30137377576205648
19396,24188,24189,5,1,0.058387156140810421
19397,24189,24190,5,0,0.050678344731997671
19398,24190,24191,5,0,0.071220205734185471
19399,24191,24192,4,1,0.1448634329982367
19400,24193,24194,1,1,0.32401517829263443
19401,24194,24195,2,0,0.17944979702484515
19402,24195,24196,2,0,0.057274178331027263
19403,24199,24200,5,1,0.25383039080358016
19404,24200,24201,5,0,0.039762011527880975
19405,24201,24202,1,0,0.089277570623980826
19406,24202,24203,3,0,0.090793595741087502
19407,24203,24204,2,0,0.10265089293017281
19408,24204,24205,5,1,0.068838819573450769
19409,24205,24206,1,0,0.22265574870531427
19410,24206,24207,5,0,0.08088070354306795
19411,24208,24209,5,0,0.22806924605640705
19412,24209,24210,5,0,0.10831888960736716
19413,24211,24212,4,0,0.043940856397722196
19414,24212,24213,4,0,0.086230576355010552
19415,24213,24214,4,0,0.15419227099237642
19416,24214,24215,2,0,0.22933181696448607
19417,24215,24216,2,0,0.10287473855033502
19418,24216,24217,3,1,0.10120429821536038
19419,24217,24218,1,0,0.27912894010015105
19420,24218,24219,3,1,0.66141161496432965
19421,24220,24221,1,0,0.027912491370651733
19422,24221,24222,3,0,0.15402688091991867
19423,24222,24223,5,0,0.085684326022417198
19424,24224,24225,4,0,0.093684889639902111
19425,24225,24226,4,0,0.14814195033906188
19426,24226,24227,2,1,0.3853697307317443
19427,24227,24228,4,0,0.072887841928379576
19428,24228,24229,4,1,0.42264757522191815
19429,24229,24230,1,1,0.78396878905643097
19430,24230,24231,5,0,0.18437564693856612
19431,24231,24232,5,0,0.1034798527860622
19432,24232,24233,1,1,0.271952837207245
19433,24233,24234,5,0,0.049373757991974229
19434,24234,24235,4,0,0.12594855770018645
19435,24236,24237,5,1,0.37412894262527441
19436,24237,24238,5,0,0.1947974280354374
19437,24238,24239,2,0,0.10089190300851821
19438,24239,24240,5,0,0.38442013240671036
19439,24240,24241,5,0,0.027364302181733666
19440,24241,24242,5,0,0.075118300270168498
19441,24242,24243,5,0,0.086327605804007806
19442,24243,24244,4,0,0.032954769239262292
19443,24244,24245,3,0,0.086063004926038203
19444,24245,24246,4,0,0.17603793963149819
19445,24246,24247,1,0,0.17461682623357938
19446,24247,24248,3,0,0.090218514980498862
19447,24248,24249,3,1,0.55297925610595111
19448,24249,24250,4,0,0.056317063523983746
19449,24250,24251,4,0,0.31530717250852175
19450,24251,24252,1,0,0.10944587287763864
19451,24252,24253,1,1,0.46647146767542175
19452,24253,24254,2,0,0.026652281581815505
19453,24254,24255,4,1,0.16091898609669528
19454,24255,24256,2,1,0.091919205268860146
19455,24256,24257,4,0,0.80118804467251015
19456,24257,24258,5,1,0.66387148013053632
19457,24258,24259,5,0,0.15517962041924055
19458,24259,24260,1,0,0.14517252173168005
19459,24260,24261,5,0,0.12000488374160603
19460,24261,24262,2,1,0.15707852130286298
19461,24262,24263,4,0,0.11670041091352321
19462,24263,24264,1,1,0.086379272637614746
19463,24264,24265,1,0,0.12588312013716615
19464,24267,24268,4,1,0.38327186681825254
19465,24268,24269,1,0,0.10594634479366903
19466,24269,24270,4,1,0.17094552539565314
19467,24270,24271,4,0,0.12904363868888652
19468,24271,24272,1,1,0.54055084430246392
19469,24272,24273,4,0,0.10868861131794029
19470,24273,24274,1,0,0.20865724859815057
19471,24275,24276,2,0,0.027976049500887827
19472,24277,24278,3,0,0.17084610759637467
19473,24278,24279,4,1,0.10742850381381824
19474,24279,24280,1,0,0.10981602569092469
19475,24280,24281,5,0,0.10894961752594111
19476,24281,24282,1,0,0.083402403970066624
19477,24282,24283,5,0,0.11602256451655754
19478,24283,24284,4,0,0.19417724654115059
19479,24284,24285,4,0,0.15185261478134826
19480,24285,24286,3,0,0.17448698683795275
19481,24286,24287,4,0,0.63317308569847841
19482,24287,24288,5,0,0.11322877509201455
19483,24289,24290,1,0,0.10069919094755454
19484,24290,24291,4,0,0.047985659365876336
19485,24291,24292,5,0,0.17988631507425779
19486,24292,24293,5,0,0.22449135275960369
19487,24293,24294,3,0,0.25061637221493416
19488,24294,24295,2,0,0.42626164390175292
19489,24295,24296,2,0,0.73489810696364233
19490,24296,24297,5,0,0.16037114879269701
19491,24297,24298,1,1,0.55200107676945898
19492,24298,24299,3,0,0.23587961806342708
19493,24299,24300,4,0,0.40249944119967596
19494,24300,24301,3,0,0.14502426081497952
19495,24301,24302,4,0,0.068979808303175558
19496,24302,24303,5,1,0.70299102815315018
19497,24304,24305,5,0,0.10074217178410509
19498,24306,24307,2,0,0.055578093156931144
19499,24307,24308,2,0,0.28399763709398362
19500,24310,24311,3,1,0.14476445943307795
19501,24311,24312,4,0,0.04942908500056014
19502,24312,24313,3,0,0.10898512712705241
19503,24313,24314,5,0,0.10897033646595847
19504,24314,24315,3,0,0.16080442969065598
19505,24315,24316,3,1,0.53151451318411513
19506,24316,24317,5,0,0.23846820143724515
19507,24317,24318,2,0,0.42099957600352894
19508,24319,24320,5,1,0.31072045254624442
19509,24321,24322,5,0,0.11117034084647102
19510,24322,24323,4,0,0.16102126967570932
19511,24323,24324,4,0,0.27640344744056528
19512,24324,24325,4,1,0.7266300130469121
19513,24325,24326,5,0,0.13720052432895335
19514,24326,24327,3,0,0.20432579008878929
19515,24327,24328,2,1,0.71024630294279978
19516,24329,24330,4,1,0.6700822141112357
19517,24330,24331,5,1,0.21378908531763074
19518,24331,24332,5,0,0.067421448612514548
19519,24333,24334,5,0,0.17285755763963612
19520,24334,24335,5,1,0.089010541255733031
19521,24335,24336,4,0,0.21588282769051459
19522,24336,24337,5,0,0.090916608870619392
19523,24337,24338,4,0,0.37640785754611106
19524,24338,24339,3,0,0.26092033724500091
19525,24339,24340,1,0,0.19190674533878968
19526,24340,24341,1,0,0.13091801438938247
19527,24342,24343,4,1,0.35806436757197663
19528,24343,24344,1,0,0.12202678183481686
19529,24344,24345,2,0,0.06125154233859155
19530,24345,24346,5,1,0.88196998458708875
19531,24346,24347,4,0,0.020327850127397722
19532,24347,24348,4,0,0.18892504157671589
19533,24349,24350,5,0,0.23415745192321141
19534,24350,24351,5,1,0.66447627274348353
19535,24351,24352,5,1,0.16022030493551698
19536,24352,24353,3,0,0.10002184198307182
19537,24353,24354,2,0,0.1255036314378466
19538,24354,24355,5,0,0.27451841035977503
19539,24356,24357,1,0,0.144586639478123
19540,24357,24358,2,0,0.051144273361268817
19541,24358,24359,4,0,0.058315694409596427
19542,24360,24361,2,0,0.22481477988939605
19543,24361,24362,4,0,0.99999199504037817
19544,24363,24364,4,0,0.42026231540697634
19545,24364,24365,2,0,0.12814981306070147
19546,24366,24367,2,0,0.46135825944835862
19547,24367,24368,3,0,0.11609396020078189
19548,24369,24370,1,0,0.057215673512140255
19549,24370,24371,1,1,0.19351671426810069
19550,24371,24372,2,0,0.12798260258840324
19551,24372,24373,2,0,0.27060895530663392
19552,24373,24374,1,0,0.074877473976530523
19553,24374,24375,5,0,0.20074868423694167
19554,24376,24377,1,0,0.63394124242736161
19555,24377,24378,4,0,0.058052019620627796
19556,24378,24379,5,0,0.34920520498899227
19557,24380,24381,2,0,0.027665178167743706
19558,24381,24382,1,0,0.77389150674206275
19559,24382,24383,5,1,0.42177223161684857
19560,24383,24384,3,0,0.14737923076739193
19561,24385,24386,5,0,0.13959097608787516
19562,24386,24387,3,0,0.17946516153622355
19563,24388,24389,2,0,0.076101724720549782
19564,24390,24391,5,1,0.093027800811818967
19565,24393,24394,1,0,0.20004215177982113
19566,24394,24395,1,1,0.40321922646477371
19567,24395,24396,3,0,0.2096133723344458
19568,24396,24397,5,1,0.38084786076717431
19569,24398,24399,4,0,0.23065556777448096
19570,24403,24404,2,0,0.17769773168587805
19571,24404,24405,3,0,0.064477143821816532
19572,24405,24406,4,1,0.43322081674120033
19573,24406,24407,3,0,0.1946888977346799
19574,24408,24409,4,0,0.05182833079998421
19575,24409,24410,4,1,0.12273412026984699
19576,24410,24411,1,0,0.22936464948716462
19577,24411,24412,5,0,0.19814142314283453
19578,24413,24414,2,0,0.19798606520423387
19579,24415,24416,2,0,0.11576899918309058
19580,24416,24417,4,0,0.081450339330738933
19581,24417,24418,1,0,0.11739871183605795
19582,24419,24420,2,0,0.29973764564052235
19583,24422,24423,5,0,0.69237327351995259
19584,24423,24424,3,0,0.60649441405628568
19585,24424,24425,3,0,0.24848850710712664
19586,24425,24426,2,0,0.068772244563591545
19587,24427,24428,3,0,0.13848562239637038
19588,24428,24429,5,0,0.3184598108404148
19589,24430,24431,3,0,0.27946687659066538
19590,24431,24432,1,1,0.18410313596310746
19591,24432,24433,3,0,0.10200295225646898
19592,24434,24435,2,1,0.11335385609130143
19593,24435,24436,4,1,0.2262716527963643
19594,24438,24439,5,0,0.13683479128324902
19595,24439,24440,5,0,0.039053702530348483
19596,24440,24441,1,0,0.67244676518781354
19597,24441,24442,1,0,0.23208083603976637
19598,24442,24443,5,0,0.041515192774318678
19599,24443,24444,2,0,0.1193189311228614
19600,24444,24445,4,0,0.11793849373323442
19601,24445,24446,3,1,0.14753466856336742
19602,24446,24447,2,0,0.11682970420457796
19603,24447,24448,5,0,0.038691481836070012
19604,24450,24451,4,1,0.16847987244990142
19605,24451,24452,2,1,0.24981914643384973
19606,24452,24453,3,0,0.0095180640921006966
19607,24455,24456,5,1,0.33730729886515076
19608,24456,24457,1,0,0.19646130578498902
19609,24457,24458,4,0,0.27702246416597331
19610,24458,24459,3,1,0.69080027687326673
19611,24460,24461,2,0,0.054520187080764761
19612,24461,24462,2,0,0.07052760747015481
19613,24462,24463,5,0,0.046028719269439064
19614,24463,24464,2,0,0.20604140582986
19615,24464,24465,2,0,0.098760383889422154
19616,24465,24466,3,1,0.14739036333633518
19617,24466,24467,2,1,0.10044095746491345
19618,24467,24468,1,0,0.024742584715249753
19619,24468,24469,3,0,0.18339580166956995
19620,24469,24470,2,1,0.083738719781250109
19621,24470,24471,1,0,0.15139033097744278
19622,24471,24472,4,1,0.67601528979428394
19623,24472,24473,1,0,0.048334961343131345
19624,24473,24474,3,0,0.13592551693557728
19625,24474,24475,1,0,0.16915300256429527
19626,24475,24476,1,0,0.16998089854105952
19627,24476,24477,1,0,0.099524508576053466
19628,24478,24479,4,1,0.64383202975187093
19629,24479,24480,4,0,0.14068627848162632
19630,24480,24481,4,0,0.12407067177941196
19631,24481,24482,3,1,0.37215985428670728
19632,24482,24483,3,0,0.073200869357003359
19633,24483,24484,2,1,0.48964195877453198
19634,24484,24485,2,0,0.17690589925868996
19635,24485,24486,2,0,0.093539504770695558
19636,24486,24487,4,0,0.038924290333652932
19637,24487,24488,4,1,0.28949102977236879
19638,24489,24490,5,0,0.088571071076557845
19639,24490,24491,3,0,0.069020581826540153
19640,24493,24494,4,0,0.34111156724657837
19641,24494,24495,4,0,0.33446935918749482
19642,24495,24496,4,0,0.061490163670829344
19643,24496,24497,2,0,0.043169073713930854
19644,24497,24498,4,1,0.3090770429190301
19645,24498,24499,3,0,0.07230949506678172
19646,24499,24500,5,0,0.64099197062033553
19647,24500,24501,5,0,0.46769227310345451
19648,24501,24502,4,0,0.24114761194394504
19649,24502,24503,2,0,0.60975252004539848
19650,24504,24505,4,1,0.52235542855049
19651,24505,24506,3,0,0.17989342353572385
19652,24506,24507,4,0,0.53627703096023804
19653,24507,24508,4,0,0.031496027375645205
19654,24509,24510,3,0,0.095788433807415682
19655,24510,24511,2,0,0.24471520557970847
19656,24511,24512,5,0,0.18172564900405874
19657,24512,24513,3,0,0.075200567768071561
19658,24513,24514,2,0,0.029311669008390072
19659,24514,24515,4,0,0.16385901490155244
19660,24515,24516,1,0,0.27696612835950535
19661,24516,24517,4,0,0.1623620886600077
19662,24517,24518,5,0,0.026530513413473362
19663,24518,24519,1,0,0.38932084865216726
19664,24519,24520,2,0,0.16428097059062394
19665,24521,24522,4,0,0.041945896713950943
19666,24522,24523,5,0,0.16576875236580199
19667,24523,24524,4,0,0.12027263766440564
19668,24524,24525,4,1,0.17027737798420289
19669,24526,24527,4,0,0.088593742038904078
19670,24527,24528,5,1,0.64537392056446319
19671,24528,24529,5,0,0.074246814083425039
19672,24529,24530,4,1,0.28657123791025879
19673,24530,24531,1,0,0.20892221679406356
19674,24532,24533,1,0,0.16898908351371544
19675,24533,24534,2,0,0.073958867944461229
19676,24534,24535,1,1,0.3243437674290725
19677,24535,24536,1,0,0.17312901577007883
19678,24536,24537,4,0,0.049266463213174475
19679,24538,24539,5,0,0.06846783428567324
19680,24539,24540,2,0,0.063995540466786863
19681,24541,24542,1,0,0.10432455691684306
19682,24542,24543,3,1,0.078745979481439993
19683,24543,24544,3,0,0.14187939341417838
19684,24544,24545,5,1,0.32326695654018689
19685,24545,24546,5,0,0.11528299012136084
19686,24547,24548,3,0,0.039733577895951354
19687,24549,24550,5,0,0.21237562455890061
19688,24550,24551,5,0,0.62664700862858269
19689,24552,24553,5,0,0.42842094883024223
19690,24553,24554,2,0,0.13040212946994995
19691,24554,24555,3,0,0.14734465852573442
19692,24556,24557,1,1,0.1999122246086856
19693,24557,24558,1,0,0.13665463514565385
19694,24558,24559,4,1,0.70836008382222804
19695,24559,24560,4,0,0.10420522072701427
19696,24560,24561,5,0,0.42687663602575682
19697,24561,24562,4,0,0.22078345871733737
19698,24562,24563,4,0,0.087233839242111297
19699,24563,24564,1,0,0.11443667557412317
19700,24564,24565,2,0,0.10217213002751165
19701,24565,24566,4,0,0.35809025578610593
19702,24566,24567,3,0,0.045358316355578819
19703,24567,24568,1,0,0.14221768635551019
19704,24568,24569,4,0,0.33531709084716871
19705,24569,24570,4,0,0.19588034746914226
19706,24570,24571,3,1,0.7875856367338373
19707,24571,24572,1,0,0.14507068714438542
19708,24572,24573,5,0,0.23574024914375952
19709,24573,24574,4,1,0.36589188705629655
19710,24576,24577,3,0,0.008147893970134221
19711,24577,24578,2,0,0.4172922526107225
19712,24578,24579,3,0,0.16111221714901125
19713,24579,24580,1,0,0.10893521066374934
19714,24580,24581,3,1,0.13080830175807495
19715,24582,24583,2,0,0.36447354052241804
19716,24583,24584,1,1,0.082425335601613609
19717,24584,24585,2,0,0.14560528798061118
19718,24585,24586,2,0,0.11206183290475127
19719,24588,24589,2,0,0.22622513912707215
19720,24589,24590,1,0,0.1857161022961277
19721,24590,24591,2,1,0.64791517614095229
19722,24591,24592,1,0,0.21215808701260055
19723,24592,24593,1,1,0.17464410961761986
19724,24593,24594,4,0,0.12416364588156775
19725,24595,24596,4,0,0
19726,24596,24597,4,1,0.21288277516793636
19727,24598,24599,5,1,0.7156624077233481
19728,24599,24600,4,0,0.084875478846000829
19729,24600,24601,3,1,0.61307383990744957
19730,24602,24603,4,0,0.0083552757007408773
19731,24603,24604,5,1,0.21683388040280513
19732,24604,24605,3,0,0.11770278825697915
19733,24606,24607,2,0,0.078933563513967478
19734,24607,24608,3,0,0.654138568379801
19735,24608,24609,5,0,0.21935272406917522
19736,24609,24610,5,0,0.059399174662108534
19737,24610,24611,3,0,0.02697492256077328
19738,24612,24613,4,0,0.12939326673894239
19739,24614,24615,3,0,0.065622907601056352
19740,24616,24617,3,1,0.10864323723740567
19741,24619,24620,5,0,0.23734279096779409
19742,24621,24622,2,0,0.12990491515199507
19743,24624,24625,1,1,0.13458037198422607
19744,24626,24627,3,1,0.20750100304066629
19745,24627,24628,3,0,0.67115501594169191
19746,24628,24629,2,0,0.14510365844951997
19747,24629,24630,1,1,0.15410280403204676
19748,24633,24634,1,0,0.084069499290468849
19749,24634,24635,1,0,0.099461941064160758
19750,24635,24636,1,1,0.21355123529483774
19751,24636,24637,4,1,0.14653679610232653
19752,24637,24638,5,0,0.051223763770027887
19753,24638,24639,3,0,0.2346531909868208
19754,24639,24640,3,0,0.12773887429192887
19755,24640,24641,5,0,0.10976372882907098
19756,24642,24643,2,0,0.038606831454814937
19757,24644,24645,4,0,0.4268620776126813
19758,24645,24646,5,0,0.19055022468668384
19759,24646,24647,5,1,0.22316976201972979
19760,24647,24648,2,0,0.15709324458812976
19761,24648,24649,3,0,0.073696532862565833
19762,24649,24650,3,0,0.080448936668317067
19763,24650,24651,2,0,0.39835684211821004
19764,24651,24652,2,0,0.036881038885390287
19765,24653,24654,1,0,0.097197638709568338
19766,24654,24655,1,0,0.089830603897003078
19767,24656,24657,5,0,0.56119542645198839
19768,24658,24659,3,0,0.15366608333097814
19769,24661,24662,5,0,0.078311865215478837
19770,24662,24663,2,0,0.049464299078427629
19771,24663,24664,5,1,0.17906935516726533
19772,24664,24665,4,1,0.52775374079852932
19773,24665,24666,1,0,0.61689964878366665
19774,24668,24669,4,1,0.11814974463087773
19775,24669,24670,5,0,0.057715273928310031
19776,24670,24671,2,0,0.065782262797987004
19777,24671,24672,1,0,0.29765702530618193
19778,24672,24673,2,1,0.24074073876083871
19779,24673,24674,2,0,0.040671284809926031
19780,24675,24676,1,0,0.14851596726097333
19781,24676,24677,4,0,0.61781207250993453
19782,24677,24678,2,1,0.38792518035392304
19783,24679,24680,1,1,0.45825251390804705
19784,24680,24681,4,0,0.12536022850953524
19785,24683,24684,3,0,0.12233102795692462
19786,24685,24686,5,1,0.11022368337422966
19787,24687,24688,3,1,0.16634310647487305
19788,24689,24690,1,0,0.22150233979774911
19789,24690,24691,4,0,0.14289774412593223
19790,24691,24692,5,0,0.15047569616084119
19791,24693,24694,1,0,0.030157310206170036
19792,24695,24696,1,0,0.15138330204538053
19793,24696,24697,5,0,0.13836083738804067
19794,24697,24698,1,1,0.68710389390669246
19795,24698,24699,2,0,0.14947408989305835
19796,24699,24700,2,0,0
19797,24701,24702,2,0,0.042237132593020386
19798,24702,24703,5,0,0.04470664881700713
19799,24703,24704,4,0,0.28441910059127956
19800,24704,24705,4,1,0.35613715758235998
19801,24705,24706,2,0,0.092106942769457176
19802,24706,24707,1,0,0.21001131968478806
19803,24709,24710,5,0,0.23365785335982811
19804,24710,24711,4,1,0.17419601960341341
19805,24712,24713,3,1,0.4734296123531001
19806,24713,24714,3,0,0.1237119012306742
19807,24714,24715,4,0,0.47397586263106428
19808,24715,24716,2,0,0.20478494338348432
19809,24716,24717,3,1,0.66330926423271708
19810,24718,24719,3,0,0.11545651623749578
19811,24719,24720,3,0,0.05725280546815701
19812,24720,24721,5,0,0.05740899644925207
19813,24722,24723,3,0,0.27465969566244636
19814,24723,24724,5,1,0.49337849083033697
19815,24724,24725,3,0,0.21196245360425681
19816,24726,24727,5,1,0.31348928189044639
19817,24727,24728,5,0,0.28055706875862324
19818,24729,24730,3,0,0.18688119938327905
19819,24730,24731,3,0,0.26762173075666434
19820,24732,24733,3,0,0.33339964704167219
19821,24734,24735,3,0,0.032353591627550804
19822,24735,24736,4,0,0.13536596882064642
19823,24736,24737,1,0,0.15128559066604169
19824,24737,24738,3,0,0.19000859435044437
19825,24738,24739,3,0,0.22135234868299286
19826,24739,24740,2,0,0.076911405983504086
19827,24740,24741,4,1,0.26588006689034716
19828,24741,24742,5,0,0.26237902870386165
19829,24743,24744,1,0,0.092943811458409589
19830,24745,24746,3,0,0.29609390321260637
19831,24746,24747,5,0,0.060363257465238546
19832,24747,24748,3,1,0.13391766288842774
19833,24748,24749,5,0,0.1620630718902431
19834,24750,24751,3,1,0.75107702094966644
19835,24752,24753,2,1,0.62800589582212285
19836,24753,24754,4,0,0.10399356884195972
19837,24754,24755,2,1,0.17574676587899571
19838,24756,24757,4,0,0.059839181149169259
19839,24757,24758,3,0,0.065548231748232488
19840,24758,24759,2,0,0.69679933455294174
19841,24760,24761,3,1,0.35229600741394335
19842,24761,24762,3,0,0.13050165317933868
19843,24762,24763,3,0,0.084388058902247515
19844,24763,24764,1,0,0.064006085463139434
19845,24764,24765,5,0,0.10324275300026571
19846,24765,24766,3,1,0.63481312603018347
19847,24768,24769,3,1,0.63603680343801761
19848,24769,24770,4,0,0.090734681239565212
19849,24770,24771,1,0,0.038081108796547934
19850,24772,24773,2,0,0.21374185154469147
19851,24774,24775,1,1,0.13923617063972174
19852,24775,24776,2,0,0.23818608902064045
19853,24776,24777,1,0,0.070282584631895434
19854,24777,24778,3,0,0.29084703174863413
19855,24778,24779,1,0,0.087294164990944501
19856,24779,24780,1,0,0.17451169729378183
19857,24780,24781,1,0,0.024316123432657238
19858,24781,24782,3,1,0.71906736992464226
19859,24782,24783,1,0,0.086218076798035087
19860,24783,24784,2,0,0.074477447693309232
19861,24784,24785,2,1,0.25808525212778466
19862,24785,24786,5,0,0.040817130304129791
19863,24786,24787,5,0,0.16091775755301502
19864,24787,24788,1,0,0.13544396019393901
19865,24789,24790,2,0,0.22683112222277296
19866,24790,24791,2,0,0.049780818953495669
19867,24791,24792,5,0,0.2143534674650423
19868,24792,24793,5,0,0.11242837549154003
19869,24793,24794,3,1,0.19573048279444158
19870,24794,24795,3,1,0.096618990429567952
19871,24797,24798,1,0,0.59932050628818689
19872,24798,24799,1,0,0.51246469231664049
19873,24799,24800,4,0,0.62754580197667043
19874,24800,24801,3,0,0.16598446416743554
19875,24801,24802,4,0,0.63890689744082974
19876,24803,24804,5,0,0.24598350161281138
19877,24804,24805,5,0,0.075892156514741502
19878,24805,24806,4,0,0.26997216714582162
19879,24806,24807,3,0,0.18138034903806158
19880,24807,24808,4,0,0.072989958994256587
19881,24808,24809,4,0,0.19885543696825206
19882,24809,24810,1,1,0.18946657272923201
19883,24810,24811,1,1,0.12646692088445513
19884,24811,24812,3,0,0.079439994397270286
19885,24812,24813,1,0,0.15691226280753953
19886,24813,24814,3,0,0.21447507578367708
19887,24814,24815,4,0,0.19837826210189444
19888,24815,24816,4,0,0.14108821255773216
19889,24816,24817,4,0,0.13440004288888313
19890,24817,24818,2,1,0.5187294144250858
19891,24818,24819,1,0,0.097436515959358691
19892,24819,24820,5,0,0.15186136600232367
19893,24820,24821,4,0,0.1846938734790754
19894,24821,24822,4,0,0.14857239612448425
19895,24822,24823,3,0,0.12986341049650199
19896,24824,24825,5,0,0.037525003589465332
19897,24826,24827,2,0,0.1484342442315163
19898,24827,24828,1,1,0.54070883545878501
19899,24828,24829,3,0,0.10477958989530704
19900,24829,24830,3,0,0.2008667017954657
19901,24830,24831,3,0,0.26766036911530888
19902,24831,24832,4,0,0.041521327405153345
19903,24832,24833,5,0,0.081787460760252687
19904,24833,24834,4,0,0.082443587429985477
19905,24834,24835,2,1,0.50592408828606483
19906,24835,24836,2,0,0.20502931800052676
19907,24836,24837,2,0,0.092383246448328502
19908,24837,24838,2,0,0.049624043681225999
19909,24838,24839,3,0,0.17793233564491143
19910,24839,24840,5,0,0.13560022994321744
19911,24840,24841,1,0,0.21864019030513307
19912,24842,24843,2,0,0.11984225529934901
19913,24843,24844,3,0,0
19914,24844,24845,5,0,0.60550047557976228
19915,24845,24846,2,0,0.14288240815217726
19916,24846,24847,2,1,0.3398012300078454
19917,24847,24848,3,0,0.057472821892829901
19918,24849,24850,2,0,0.035156145145995861
19919,24850,24851,4,0,0.14930424418294566
19920,24851,24852,5,0,0.20758971239576371
19921,24852,24853,5,0,0.26270725211364221
19922,24854,24855,4,0,0.20510777506253811
19923,24855,24856,3,1,0.22169216663462049
19924,24857,24858,1,0,0.24530863748098866
19925,24858,24859,4,0,0.14157191997646232
19926,24859,24860,4,0,0.13945842978705636
19927,24861,24862,5,1,0.072072581814065673
19928,24862,24863,1,0,0.22220797459081204
19929,24863,24864,2,1,0.13843753498409048
19930,24864,24865,4,0,0.15213784056561672
19931,24865,24866,3,1,0.34269131743728642
19932,24867,24868,2,0,0.018679024239188352
19933,24868,24869,1,0,0.089496518609171807
19934,24869,24870,2,0,0.18532456836754807
19935,24870,24871,4,1,0.14903914563503601
19936,24871,24872,3,0,0.34434247328895767
19937,24872,24873,5,0,0.21453257070118273
19938,24873,24874,3,1,0.75635904855011615
19939,24874,24875,2,0,0.02824744934549767
19940,24875,24876,3,0,0.10219591795308149
19941,24876,24877,4,1,0.69243197129089107
19942,24877,24878,1,0,0.21411987421058001
19943,24878,24879,2,1,0.32937328987376335
19944,24879,24880,2,0,0.11069931007485902
19945,24880,24881,1,0,0.12746391710353985
19946,24881,24882,1,0,0.064164396919722935
19947,24882,24883,4,0,0.065526875661564121
19948,24883,24884,2,0,0.13809275334089546
19949,24884,24885,4,0,0.36562244653548892
19950,24886,24887,4,1,0.1994696652439964
19951,24887,24888,1,0,0.20788034154247567
19952,24888,24889,3,0,0.10800771119903749
19953,24891,24892,5,0,0.083854512580783219
19954,24892,24893,5,0,0.1800601613800536
19955,24894,24895,5,0,0.074553810897037193
19956,24895,24896,4,0,0.065073676682293913
19957,24896,24897,3,0,0.041147000306805362
19958,24897,24898,4,0,0.085091908238100297
19959,24899,24900,3,1,0.65320540926642079
19960,24900,24901,2,1,0.094518934674436547
19961,24901,24902,4,0,0.57326725795398525
19962,24902,24903,5,0,0.11676074263926721
19963,24903,24904,2,0,0.0081284987269667434
19964,24904,24905,1,0,0.070455782104149711
19965,24905,24906,5,0,0.10973136569541384
19966,24906,24907,3,0,0.6731168849325877
19967,24908,24909,2,0,0.15614622052015148
19968,24910,24911,3,0,0.11299364036793734
19969,24911,24912,4,0,0.018158442009596248
19970,24912,24913,3,1,0.14222829226806846
19971,24914,24915,3,0,0.029940434304168199
19972,24915,24916,3,1,0.12860192993208644
19973,24916,24917,1,1,0.098136977088508437
19974,24917,24918,3,0,0.21390480608921308
19975,24918,24919,4,0,0.030792995223583825
19976,24920,24921,2,0,0.082053813208966819
19977,24921,24922,4,0,0.3963142256762161
19978,24924,24925,2,0,0.18404166185134838
19979,24926,24927,3,1,0.39948864223217961
19980,24928,24929,2,0,0.066020955083102822
19981,24929,24930,1,0,0.41653085305384951
19982,24930,24931,5,0,0.18571223722247196
19983,24931,24932,1,0,0.1262092672502895
19984,24932,24933,1,0,0.17717953264284073
19985,24933,24934,3,0,0.61094257614412273
19986,24934,24935,5,0,0.20461745142592166
19987,24935,24936,1,0,0.037510578893959805
19988,24938,24939,4,1,0.68899761077129584
19989,24939,24940,4,0,0.080427106811215399
19990,24941,24942,3,0,0.13491742492211084
19991,24942,24943,4,0,0.12438730601553283
19992,24943,24944,4,1,0.15346609998634556
19993,24944,24945,4,0,0.076762775102610245
19994,24945,24946,3,0,0.13481608075615839
19995,24946,24947,1,0,0.10463784679865934
19996,24947,24948,3,0,0.23023404004698481
19997,24948,24949,2,0,0.20181905867840985
19998,24949,24950,3,0,0.14566306209082275
19999,24950,24951,2,0,0.48212111804291108
20000,24951,24952,5,0,0.28510784457809657
20001,24952,24953,2,1,0.10612753207305375
20002,24953,24954,2,1,0.11378859897815402
20003,24954,24955,1,0,0.20253444261130271
20004,24955,24956,1,0,0.17822128130869933
20005,24956,24957,3,0,0.21366126108862987
20006,24957,24958,4,0,0.13710595810455256
20007,24958,24959,3,0,0.16376995904969038
20008,24959,24960,2,0,0.16687341309815004
20009,24960,24961,3,0,0.1185610917465188
20010,24962,24963,3,1,0.21887652569682836
20011,24964,24965,1,0,0.13085187926089595
20012,24965,24966,1,0,0.14718736807867833
20013,24966,24967,3,1,0.67959624660384998
20014,24967,24968,2,0,0.17863782365326564
20015,24968,24969,3,1,0.66155790537453363
20016,24969,24970,2,1,0.63090595048405029
20017,24970,24971,5,0,0.26453203675691722
20018,24971,24972,5,0,0.17816159584651461
20019,24972,24973,1,0,0.16515273259530472
20020,24973,24974,1,0,0.65276673871566504
20021,24974,24975,3,0,0.11882098496232281
20022,24976,24977,4,0,0.10127037661586498
20023,24977,24978,1,0,0.061363253245013363
20024,24978,24979,3,0,0.077093029742891242
20025,24979,24980,3,0,0.21271489560071324
20026,24980,24981,3,0,0.081807147041725717
20027,24981,24982,2,0,0.57142504303985464
20028,24982,24983,1,0,0.2648416421651672
20029,24983,24984,3,0,0.3968657715951221
20030,24984,24985,2,0,0.12516324994313707
20031,24985,24986,3,0,0.040618380782596671
20032,24986,24987,1,0,0.12183703631152756
20033,24989,24990,4,0,0.035019937800712997
20034,24990,24991,4,0,0.12007148292549809
20035,24991,24992,4,0,0.093992030770419427
20036,24992,24993,5,1,0.25446482059700015
20037,24993,24994,2,0,0.084347753803210121
20038,24994,24995,4,1,0.25774029785689306
20039,24995,24996,4,0,0.08790241936966163
20040,24996,24997,3,1,0.71806745485989554
20041,24998,24999,5,0,0.23537638909054476
20042,24999,25000,1,1,0.17325378772815297
20043,25000,25001,3,0,0.14285486221103408
20044,25001,25002,3,1,0.15625181828540988
20045,25002,25003,2,0,0.18604081910979761
20046,25003,25004,1,0,0.13572717765386061
20047,25004,25005,5,0,0.17997704222565314
20048,25006,25007,2,1,0.48876943961038921
20049,25007,25008,5,1,0.34591866519183462
20050,25008,25009,3,0,0.61094380771606627
20051,25009,25010,3,0,0.038783842852773948
20052,25010,25011,1,0,0.18829003149368442
20053,25011,25012,4,0,0.066892174056281492
20054,25012,25013,2,0,0.056733290815396402
20055,25013,25014,4,0,0.091635510861305933
20056,25014,25015,1,1,0.24785351295065375
20057,25015,25016,3,0,0.48917043531996129
20058,25016,25017,2,0,0.10501267654837507
20059,25017,25018,4,1,0.29644057437210841
20060,25018,25019,2,0,0.11330420501615653
20061,25019,25020,5,0,0.11300058952748424
20062,25020,25021,1,0,0.21097820958987698
20063,25021,25022,3,0,0.19680277336163668
20064,25022,25023,5,1,0.20322420625133844
20065,25023,25024,4,0,0.069948715700934055
20066,25024,25025,3,1,0.8093588971639436
20067,25026,25027,4,0,0.27648986010386489
20068,25027,25028,4,0,0.29463262241004978
20069,25028,25029,5,0,0.12170828339920596
20070,25029,25030,5,0,0.11818835369944442
20071,25030,25031,2,0,0.076795092432599396
20072,25032,25033,4,1,0.76306550146508678
20073,25033,25034,3,1,0.20124708957327861
20074,25034,25035,3,0,0.29231930326411659
20075,25035,25036,5,1,0.17523068632462388
20076,25036,25037,4,0,0.065196162470694694
20077,25037,25038,5,0,0.080527117642137561
20078,25039,25040,2,0,0.13452370987776549
20079,25040,25041,5,0,0.18682197617660787
20080,25041,25042,1,0,0.059327151937173479
20081,25042,25043,1,0,0.21632213030229175
20082,25043,25044,3,1,0.7027655643354136
20083,25044,25045,2,0,0.40215512223751315
20084,25047,25048,4,1,0.069382480533133076
20085,25048,25049,1,1,0.33128763354517987
20086,25049,25050,4,0,0.16428160614431808
20087,25050,25051,2,1,0.070335818596317171
20088,25052,25053,3,0,0.20845908036748367
20089,25053,25054,5,1,0.88952080780404164
20090,25055,25056,2,0,0.091020961013479493
20091,25056,25057,5,0,0.086818969062341059
20092,25057,25058,1,0,0.069830422348008001
20093,25058,25059,5,0,0.038395971326757886
20094,25061,25062,3,0,0.15133727417873144
20095,25062,25063,2,0,0.57019237437943959
20096,25063,25064,5,1,0.17409409510366716
20097,25064,25065,3,0,0.15499427695160764
20098,25065,25066,4,0,0.0541203384494965
20099,25066,25067,1,0,0.18511556881330546
20100,25067,25068,5,1,0.082079084904754449
20101,25068,25069,1,0,0.21048922371275317
20102,25069,25070,4,1,0.55003870122978804
20103,25070,25071,2,0,0.15067263382863574
20104,25072,25073,5,0,0.21372386102877872
20105,25073,25074,2,0,0.196241539021342
20106,25074,25075,4,0,0.17817569625669513
20107,25076,25077,1,0,0.026031088336598555
20108,25077,25078,5,0,0.20340394705079606
20109,25078,25079,3,0,0.055869266838021812
20110,25080,25081,2,1,0.15945377204119959
20111,25081,25082,5,0,0.08808337814083049
20112,25083,25084,2,0,0.22299750793241879
20113,25084,25085,3,0,0.59470192536573729
20114,25085,25086,2,1,0.24209107504763125
20115,25086,25087,2,0,0.15573946535665834
20116,25087,25088,1,0,0.017289682342688087
20117,25089,25090,4,1,0.31201875765811876
20118,25090,25091,3,0,0.11053229191787163
20119,25091,25092,1,0,0.035907954452825311
20120,25092,25093,2,0,0.23776716441014398
20121,25095,25096,4,0,0.26280869272711532
20122,25096,25097,4,1,0.15002797138526258
20123,25098,25099,2,0,0.065792713832916086
20124,25099,25100,4,0,0.4055951992984409
20125,25100,25101,3,0,0.1071836783176133
20126,25101,25102,5,0,0.16762309612961909
20127,25102,25103,5,1,0.60474240770991849
20128,25103,25104,1,0,0.14903393188152073
20129,25104,25105,1,0,0.17463291213594348
20130,25108,25109,4,0,0.069703388099535663
20131,25109,25110,3,1,0.68323842185238326
20132,25110,25111,4,0,0.17110045733009582
20133,25111,25112,1,0,0.10796622508587227
20134,25112,25113,1,0,0.12658248381474196
20135,25114,25115,2,1,0.27184468897922576
20136,25115,25116,5,0,0.13070324171233599
20137,25117,25118,1,0,0.22266511803700145
20138,25118,25119,3,0,0.048845635507261835
20139,25119,25120,5,0,0.11380184980248129
20140,25120,25121,1,0,0.023617298202604685
20141,25121,25122,5,1,0.57872284082779768
20142,25122,25123,1,0,0.14991941204480749
20143,25123,25124,3,0,0.074939882177185307
20144,25125,25126,3,0,0.33612696620972954
20145,25126,25127,4,0,0.039557704362952514
20146,25127,25128,1,0,0.084671599432857361
20147,25129,25130,5,0,0.076313601728812103
20148,25131,25132,5,0,0.13587447815672474
20149,25132,25133,2,0,0.082932762813716143
20150,25133,25134,2,0,0.2876572676201245
20151,25134,25135,4,0,0.15717273658602551
20152,25135,25136,3,0,0.056987148679351216
20153,25136,25137,5,1,0.56067264688847496
20154,25138,25139,1,0,0.10516625052632177
20155,25139,25140,2,0,0.090774115334740099
20156,25141,25142,1,0,0.12361052570487237
20157,25143,25144,3,1,0.61794791460730014
20158,25144,25145,1,0,0.1010719390656306
20159,25145,25146,2,1,0.39189307311115645
20160,25146,25147,1,1,0.62953994414844849
20161,25147,25148,3,0,0.089416013167251479
20162,25148,25149,3,0,0.069941404554452691
20163,25149,25150,2,0,0.14827571266841794
20164,25150,25151,2,0,0.11518278875729951
20165,25156,25157,4,0,0.1458918824164879
20166,25157,25158,1,0,0.18751370907096132
20167,25158,25159,2,1,0.59145675267614539
20168,25159,25160,1,0,0.080518343525016314
20169,25160,25161,4,1,0.71050866630065934
20170,25161,25162,5,0,0.12119588417903455
20171,25162,25163,2,1,0.56547431228537459
20172,25164,25165,3,0,0.12421657878564588
20173,25165,25166,1,0,0.097176318990208357
20174,25166,25167,1,0,0.22532498756549235
20175,25167,25168,3,0,0.33675142412509834
20176,25168,25169,2,0,0.20373478569272968
20177,25169,25170,5,0,0.42744052197213434
20178,25170,25171,4,0,0.20412886226947272
20179,25172,25173,3,0,0.11133947861044732
20180,25173,25174,4,0,0.18732332568677346
20181,25174,25175,3,1,0.41421806828290486
20182,25178,25179,4,0,0.1141678705063853
20183,25180,25181,1,0,0.56529041858567086
20184,25183,25184,4,0,0.12705208373831531
20185,25184,25185,4,0,0.17335450680726763
20186,25185,25186,4,0,0.62365192868705011
20187,25186,25187,4,0,0.139398150691152
20188,25187,25188,1,0,0.13170855372764895
20189,25188,25189,1,0,0.10114055671469462
20190,25189,25190,1,0,0.16232173669198105
20191,25190,25191,2,1,0.51134357422523202
20192,25191,25192,1,1,0.72848937661600077
20193,25192,25193,3,0,0.76884804333640799
20194,25194,25195,1,0,0.20106805130673364
20195,25195,25196,2,0,0.36148433248797429
20196,25197,25198,5,0,0.058871088565471241
20197,25198,25199,4,0,0.15373605077087338
20198,25200,25201,3,0,0.69236711174069787
20199,25201,25202,5,1,0.22375991527439063
20200,25202,25203,3,0,0.25577916736361178
20201,25203,25204,3,0,0.10008684291370695
20202,25204,25205,2,0,0.027042581778070014
20203,25205,25206,5,0,0.15551775429570028
20204,25207,25208,4,0,0.20986261063548481
20205,25209,25210,3,0,0.12414742166737877
20206,25210,25211,1,0,0.041782849149299479
20207,25211,25212,3,0,0.10752855915609073
20208,25212,25213,5,0,0.17141698294830979
20209,25213,25214,2,0,0.14426657300264525
20210,25214,25215,4,0,0.18560957551471682
20211,25215,25216,2,1,0.10805242021756935
20212,25216,25217,4,0,0.1065556230742578
20213,25217,25218,5,0,0.19158929921350806
20214,25218,25219,4,0,0.019811440542658768
20215,25219,25220,5,0,0.33618097028071214
20216,25221,25222,1,1,0.061138272365106348
20217,25223,25224,3,0,0.56523389112774558
20218,25224,25225,3,0,0.067531455475481422
20219,25225,25226,3,0,0.32515934057070922
20220,25227,25228,2,0,0.025083970113056891
20221,25228,25229,3,0,0.26641492676758255
20222,25229,25230,5,0,0.11748040722627552
20223,25231,25232,4,1,0.1538263683001331
20224,25232,25233,2,0,0.16770010171277061
20225,25233,25234,2,1,0.42040386304245347
20226,25234,25235,2,0,0.19062805107107908
20227,25235,25236,4,1,0.28418068631765803
20228,25237,25238,2,0,0.20813211465406012
20229,25238,25239,5,0,0.082221866838919244
20230,25239,25240,2,0,0.19527537712684392
20231,25241,25242,3,0,0.19966533350859078
20232,25242,25243,4,0,0.10952161583019158
20233,25243,25244,2,1,0.62567036539982002
20234,25245,25246,4,0,0.01982828108207102
20235,25246,25247,1,0,0.022262351435813555
20236,25247,25248,2,0,0.41493359279540021
20237,25248,25249,1,0,0.75797199683353711
20238,25249,25250,3,0,0.091677517465643996
20239,25250,25251,3,0,0.51861444736075923
20240,25252,25253,2,1,0.51155496036200887
20241,25253,25254,1,0,0.14237388834589182
20242,25254,25255,2,1,0.072986067191947016
20243,25255,25256,5,1,0.68167679291700312
20244,25257,25258,5,1,0.74451440426322502
20245,25258,25259,1,0,0.16004575794943093
20246,25259,25260,4,1,0.69131254165316514
20247,25261,25262,1,1,0.24630337305216907
20248,25262,25263,1,1,0.71937348008339297
20249,25265,25266,1,0,0.062229831770140534
20250,25266,25267,4,0,0.16367995904112795
20251,25267,25268,5,0,0.20877454442858839
20252,25269,25270,1,0,0.084950927418756247
20253,25270,25271,1,0,0.040546983859208137
20254,25271,25272,5,0,0.19069983787966624
20255,25272,25273,2,0,0.090497404240774973
20256,25273,25274,5,0,0.20090415313561633
20257,25274,25275,5,0,0.10513580325777402
20258,25275,25276,5,1,0.14191017665266967
20259,25276,25277,3,0,0.088501545578470148
20260,25277,25278,5,0,0.089960593869075331
20261,25279,25280,1,0,0.034027036038779462
20262,25280,25281,5,0,0.43135306698186665
20263,25281,25282,2,0,0.11271486533407467
20264,25283,25284,5,0,0.69894923615888871
20265,25284,25285,2,0,0.18716988222869743
20266,25285,25286,2,1,0.67244447271940999
20267,25286,25287,5,0,0.68287810715138686
20268,25287,25288,2,0,0.11998194020961558
20269,25288,25289,1,0,0.051998564303723779
20270,25289,25290,1,0,0.046616692344899929
20271,25290,25291,5,0,0.048521192441333343
20272,25291,25292,4,0,0.024699350396868023
20273,25292,25293,3,1,0.1405655867259798
20274,25293,25294,3,0,0.17810233724322325
20275,25294,25295,5,0,0.060317374750569606
20276,25295,25296,1,0,0.11898054949269478
20277,25297,25298,2,0,0.16671332814118642
20278,25300,25301,2,0,0.081311963383909266
20279,25301,25302,1,0,0.14046708120257234
20280,25303,25304,4,0,0.22749370457188034
20281,25304,25305,4,0,0.067229694949471661
20282,25305,25306,1,1,0.58621773070159233
20283,25306,25307,4,0,0.1874932812118178
20284,25307,25308,5,1,0.10242219065328281
20285,25308,25309,3,0,0.086643992953157029
20286,25309,25310,3,1,0.22533993402517863
20287,25310,25311,3,0,0.04998663512951234
20288,25311,25312,3,0,0.64013101277138185
20289,25312,25313,3,1,0.20933211626365716
20290,25313,25314,5,0,0.18261194158559446
20291,25314,25315,5,0,0.063157844667377352
20292,25315,25316,1,0,0.11209178601750962
20293,25316,25317,1,1,0.78314047417371624
20294,25317,25318,3,0,0.07188557396767796
20295,25318,25319,1,1,0.20123846593438746
20296,25319,25320,1,0,0.042905032517303238
20297,25320,25321,1,0,0.192931090170194
20298,25321,25322,4,0,0.093986713129259852
20299,25322,25323,3,0,0.064300618203375584
20300,25324,25325,4,0,0.048378393091770548
20301,25325,25326,2,0,0.071011728396830523
20302,25326,25327,4,0,0.03814117614354972
20303,25327,25328,3,0,0.39278324132778747
20304,25328,25329,1,0,0.17964481175930347
20305,25329,25330,1,1,0.44399393355715877
20306,25330,25331,4,0,0.032485937778808989
20307,25331,25332,4,0,0.12524562768721775
20308,25332,25333,2,0,0.029831520015066292
20309,25333,25334,5,0,0.091100388084859485
20310,25334,25335,5,0,0.051260506477789493
20311,25336,25337,2,0,0.14555021141122709
20312,25337,25338,5,0,0.087777969716895665
20313,25338,25339,4,1,0.13371678795589259
20314,25339,25340,1,0,0.23515745040064825
20315,25340,25341,1,0,0.062902766371345023
20316,25341,25342,2,0,0.13104700826961069
20317,25342,25343,2,0,0.20807830274452155
20318,25343,25344,2,0,0.28862022088144718
20319,25345,25346,3,0,0.096683927719203977
20320,25346,25347,1,0,0.1002142686206359
20321,25347,25348,5,0,0.20089027246335409
20322,25348,25349,1,1,0.21977312194288615
20323,25349,25350,3,0,0.14320846880188512
20324,25350,25351,5,0,0.060506712947722717
20325,25351,25352,1,1,0.13602556055779705
20326,25352,25353,5,0,0.014077895149446448
20327,25353,25354,1,0,0.33180861731270234
20328,25354,25355,2,0,0.078069170577557023
20329,25355,25356,2,0,0.21823613833316932
20330,25356,25357,1,0,0.074886622541267406
20331,25357,25358,2,0,0.094982795944057313
20332,25358,25359,1,0,0.060961398519067463
20333,25359,25360,5,0,0.14811177563011813
20334,25361,25362,2,0,0.16436423841249342
20335,25362,25363,4,0,0.31719957846231062
20336,25364,25365,1,0,0.16960030713705293
20337,25365,25366,1,0,0.030199357074259414
20338,25366,25367,3,0,0.065253281543605435
20339,25368,25369,1,0,0.21376543482949159
20340,25369,25370,4,0,0.14053245827695712
20341,25370,25371,1,0,0.039365587556884594
20342,25372,25373,3,0,0.14477293901454991
20343,25373,25374,1,1,0.56488853678110695
20344,25374,25375,5,0,0.079813938557479716
20345,25375,25376,5,0,0.056296009273406035
20346,25376,25377,2,0,0.070201918510487238
20347,25377,25378,3,1,0.27345974093854181
20348,25378,25379,5,0,0.12791800119617769
20349,25379,25380,4,0,0.1037386844068023
20350,25380,25381,3,0,0.17982230889603737
20351,25381,25382,5,1,0.59490940583724805
20352,25382,25383,5,0,0.095457350140477112
20353,25383,25384,3,0,0.50003457939447005
20354,25384,25385,2,1,0.61422664183606268
20355,25386,25387,4,0,0.14846127888062274
20356,25387,25388,3,1,0.59472968908151969
20357,25388,25389,5,0,0.14874727732348245
20358,25389,25390,1,0,0.059489510181927822
20359,25390,25391,3,0,0.15473607117467927
20360,25391,25392,1,0,0.14926052830842454
20361,25392,25393,3,0,0.077030069047883773
20362,25393,25394,3,0,0.13544433383875928
20363,25394,25395,2,0,0.11772862060729325
20364,25396,25397,3,0,0.18536220521130806
20365,25397,25398,3,0,0.63341395003529122
20366,25398,25399,5,0,0.031492659938005596
20367,25399,25400,4,0,0.35597804201503769
20368,25400,25401,1,1,0.67033575809324875
20369,25401,25402,4,0,0.02911446876549215
20370,25402,25403,2,1,0.20197789578729325
20371,25403,25404,4,0,0.1037180284494215
20372,25404,25405,3,0,0.047403415420104844
20373,25405,25406,3,1,0.29535306581313647
20374,25406,25407,4,1,0.069554215486259244
20375,25407,25408,1,0,0.1651469696234116
20376,25408,25409,1,0,0.18811910047152988
20377,25409,25410,5,0,0.029781448014473688
20378,25410,25411,3,0,0.071180617660700163
20379,25411,25412,2,0,0.12209231250472646
20380,25412,25413,2,0,0.081684856875931536
20381,25414,25415,5,0,0.08396127111603241
20382,25415,25416,3,1,0.72209118149156004
20383,25416,25417,4,0,0.044078072998818503
20384,25417,25418,5,0,0.066405795910619694
20385,25418,25419,4,1,0.080121006388726712
20386,25419,25420,3,0,0.10889545724685501
20387,25421,25422,4,0,0.19989038600571035
20388,25422,25423,5,0,0.04097603635056779
20389,25426,25427,4,1,0.54131748491328313
20390,25427,25428,1,0,0.090478836879131733
20391,25428,25429,4,0,0.31203554123709853
20392,25429,25430,3,0,0.13316675028737801
20393,25430,25431,4,0,0.29560378326776154
20394,25432,25433,2,0,0.084496530051338004
20395,25433,25434,4,0,0.75000868375054652
20396,25434,25435,2,0,0.094393559663594279
20397,25435,25436,3,1,0.11318413572497427
20398,25437,25438,4,0,0.084557668880292911
20399,25438,25439,1,0,0.016527599339347505
20400,25439,25440,4,0,0.035796778060762958
20401,25440,25441,1,0,0.24077999560036942
20402,25441,25442,2,0,0.1145457223331612
20403,25442,25443,2,1,0.041604629262046541
20404,25443,25444,5,1,0.22940970268131905
20405,25444,25445,2,0,0.0090709088517974754
20406,25445,25446,1,0,0.12030270350599571
20407,25446,25447,2,0,0.15061441627069733
20408,25448,25449,4,0,0.050484726020753802
20409,25449,25450,1,0,0.11089831123695217
20410,25451,25452,4,0,0.21350093702080386
20411,25452,25453,5,0,0.1303951996452162
20412,25453,25454,3,1,0.4628216862556489
20413,25454,25455,1,0,0.16950834297454434
20414,25455,25456,4,0,0.058270182885595316
20415,25456,25457,1,0,0.087412195753613878
20416,25457,25458,3,1,0.16449300494313737
20417,25458,25459,5,0,0.064801575158863367
20418,25459,25460,5,1,0.177862970772073
20419,25460,25461,2,1,0.67469290920432945
20420,25461,25462,4,0,0.086715799226120466
20421,25462,25463,1,0,0.15548660222254551
20422,25463,25464,4,0,0.11114659551764437
20423,25464,25465,3,0,0.020868084234415739
20424,25465,25466,5,0,0.19900469349150385
20425,25466,25467,4,1,0.30656764239461226
20426,25467,25468,4,1,0.80542051132711268
20427,25468,25469,2,0,0.019536058447926125
20428,25469,25470,1,0,0.072678920403173475
20429,25470,25471,1,0,0.028320557259375139
20430,25471,25472,5,1,0.19683977644333187
20431,25472,25473,3,1,0.08758608796016247
20432,25473,25474,1,0,0.080235400503837442
20433,25474,25475,4,0,0.21077977718235599
20434,25475,25476,4,0,0.04955282173579665
20435,25477,25478,4,0,0.1110634080653803
20436,25478,25479,2,0,0.058248951379467014
20437,25479,25480,4,0,0.1893443315408346
20438,25480,25481,2,1,0.087981601132845408
20439,25482,25483,2,0,0.07481901456465867
20440,25483,25484,4,1,0.24596753412710667
20441,25484,25485,2,1,0.74624684779796102
20442,25485,25486,4,0,0.019132910206468397
20443,25486,25487,5,0,0.323148714719666
20444,25487,25488,5,0,0.024958461019092326
20445,25488,25489,2,0,0.076025785970894544
20446,25489,25490,5,0,0.036207753095299826
20447,25492,25493,4,0,0.10272915404493821
20448,25493,25494,3,0,0.0092168078101621288
20449,25494,25495,2,0,0.081720581768033138
20450,25495,25496,1,0,0.11540952152511284
20451,25497,25498,2,0,0.15730142980003706
20452,25498,25499,2,0,0.087797409953968938
20453,25499,25500,3,0,0.03743970950737887
20454,25500,25501,3,0,0.25689300463551412
20455,25501,25502,4,0,0.25076240625210255
20456,25502,25503,2,0,0.1118734046766616
20457,25503,25504,4,0,0.22042770662035846
20458,25504,25505,3,1,0.17744915875371875
20459,25505,25506,4,0,0.07852329211966011
20460,25506,25507,1,0,0.04998021570923146
20461,25508,25509,1,0,0.121711943480666
20462,25509,25510,3,0,0.10085199009857734
20463,25511,25512,4,0,0.12294544402868496
20464,25512,25513,5,1,0.22723354352449934
20465,25514,25515,3,1,0.15223640705945549
20466,25515,25516,2,0,0.17341281324687785
20467,25516,25517,5,0,0.25766529876359945
20468,25517,25518,2,0,0.077002183789253331
20469,25518,25519,1,0,0.050877842388383041
20470,25520,25521,2,0,0.3895104603801644
20471,25521,25522,4,0,0.046940751652853441
20472,25522,25523,5,0,0.033706282176472174
20473,25523,25524,3,0,0.081308054162341464
20474,25525,25526,3,0,0.094224777225262887
20475,25526,25527,1,0,0.037437701971362071
20476,25527,25528,1,0,0.28777160529894402
20477,25529,25530,5,0,0.10997584634207121
20478,25530,25531,4,1,0.81250265651612741
20479,25532,25533,5,0,0.75584139221454538
20480,25533,25534,4,0,0.054553157129714251
20481,25534,25535,2,1,0.26871857240081254
20482,25535,25536,4,0,0.043213790347176997
20483,25537,25538,1,0,0.17891230391544119
20484,25538,25539,1,0,0.1112723195277615
20485,25539,25540,1,0,0.13664782218280103
20486,25540,25541,4,1,0.56264456027107534
20487,25541,25542,5,0,0.16251513657296524
20488,25542,25543,3,0,0.039973334810097183
20489,25543,25544,3,1,0.28336321271430764
20490,25545,25546,1,0,0.038277531239403612
20491,25546,25547,3,0,0.43173980086628133
20492,25547,25548,4,0,0.031701593320293098
20493,25548,25549,2,1,0.73851442512500365
20494,25549,25550,1,0,0.095952443292574213
20495,25550,25551,1,0,0.057799272613377778
20496,25551,25552,2,0,0.13000645994388921
20497,25552,25553,5,1,0.30736131931331045
20498,25553,25554,5,0,0.034029429238139251
20499,25554,25555,3,0,0.11719972594964292
20500,25555,25556,1,0,0.36514528338925278
20501,25556,25557,2,0,0.12403051700068442
20502,25557,25558,1,0,0.28328400018577005
20503,25558,25559,3,0,0.020094554076509123
20504,25561,25562,3,0,0.03890253742021893
20505,25562,25563,5,0,0.31841256645433114
20506,25564,25565,1,0,0.16193900142137527
20507,25565,25566,3,0,0.070672189195826685
20508,25566,25567,3,0,0.03683063656471549
20509,25568,25569,5,0,0.11202924401508849
20510,25570,25571,3,0,0.05821984097828356
20511,25572,25573,1,1,0.13614120106406297
20512,25573,25574,3,0,0.1959902744056915
20513,25574,25575,1,1,0.53274305440147374
20514,25575,25576,2,0,0.087204855779499518
20515,25576,25577,4,0,0.058930985630673061
20516,25577,25578,4,0,0.087807430353065208
20517,25578,25579,3,0,0.15984420731488258
20518,25579,25580,2,1,0.080780005032136531
20519,25580,25581,5,0,0.67517537677633843
20520,25581,25582,4,0,0.259457860414395
20521,25582,25583,5,0,0.12494618759503864
20522,25583,25584,1,0,0.040453434471594184
20523,25584,25585,4,1,0.67389895679477774
20524,25585,25586,4,0,0.095560310249324237
20525,25586,25587,4,1,0.27315238229090816
20526,25587,25588,1,1,0.5631881796937358
20527,25589,25590,3,0,0.2683939488474304
20528,25590,25591,2,1,0.59840908226797462
20529,25591,25592,5,0,0.089411080704839524
20530,25594,25595,2,0,0.07102806600221967
20531,25595,25596,4,0,0.1845786498213659
20532,25596,25597,1,0,0.16565618171185056
20533,25597,25598,1,0,0.068930012038664418
20534,25600,25601,2,0,0.030258819746542431
20535,25602,25603,4,0,0.084340982667032494
20536,25604,25605,2,1,0.69356062637576577
20537,25605,25606,2,0,0.18369438343276417
20538,25606,25607,5,0,0.30969214237932141
20539,25607,25608,5,0,0.13421187818451594
20540,25608,25609,5,1,0.99999184933245922
20541,25610,25611,3,0,0.12182521077737327
20542,25611,25612,4,0,0.08798201725862019
20543,25612,25613,1,0,0.19258079987924162
20544,25613,25614,4,0,0.023629556131779535
20545,25616,25617,5,0,0.12849627978567488
20546,25617,25618,5,0,0.14639982381106245
20547,25618,25619,2,0,0.083500456192195538
20548,25623,25624,1,0,0.10563507771513753
20549,25624,25625,5,0,0.042579610619072346
20550,25626,25627,1,0,0.039231420241405739
20551,25627,25628,5,1,0.26981011442060532
20552,25628,25629,4,0,0.066653979429764559
20553,25629,25630,2,1,0.61136226394244553
20554,25631,25632,2,0,0.38484796872100518
20555,25632,25633,5,0,0.038155115895101448
20556,25633,25634,3,1,0.74204521990476224
20557,25634,25635,3,0,0.11704206578513288
20558,25635,25636,2,0,0.11862000806462605
20559,25636,25637,4,0,0.018916336966532742
20560,25638,25639,5,0,0.041751374795772518
20561,25639,25640,4,0,0.088318585589279158
20562,25640,25641,2,0,0.046689054924134034
20563,25641,25642,3,0,0.090780696609809017
20564,25643,25644,5,0,0.060359102254967593
20565,25644,25645,5,0,0.16163255960613507
20566,25646,25647,2,0,0.017732366798538318
20567,25647,25648,5,1,0.20222340713221948
20568,25648,25649,4,0,0.018633173181997923
20569,25649,25650,3,0,0.039845571867713786
20570,25650,25651,3,0,0.081134114901551313
20571,25652,25653,4,1,0.10129609584136932
20572,25653,25654,5,0,7.7970699650107951e-06
20573,25654,25655,2,0,0.053991087925637081
20574,25655,25656,1,0,0.21649232021658232
20575,25656,25657,1,0,0.14761704261168312
20576,25657,25658,3,0,0.081324949177214709
20577,25658,25659,5,0,0.084266994029941283
20578,25659,25660,1,0,0.11454230999655066
20579,25660,25661,2,0,0.33844916973373951
20580,25661,25662,5,0,0.053174370708360175
20581,25662,25663,2,0,0.025220465161624163
20582,25664,25665,5,0,0.15961648134751641
20583,25666,25667,3,0,0.13785780074760862
20584,25667,25668,5,0,0.1132331152842711
20585,25668,25669,5,1,0.22121149574244181
20586,25669,25670,5,0,0.018322994206465749
20587,25670,25671,4,0,0.016106160661455003
20588,25672,25673,5,0,0.25960040016745511
20589,25674,25675,4,0,0.24847897951535511
20590,25675,25676,2,0,0.36796200605067092
20591,25677,25678,3,0,0.099340110968641579
20592,25678,25679,3,1,0.63142104338243743
20593,25679,25680,3,0,0.026957419129609771
20594,25680,25681,3,0,0.083670215255276306
20595,25681,25682,4,0,0.26235740162168836
20596,25682,25683,2,0,0.15229306947924898
20597,25683,25684,3,0,0.04824477558134975
20598,25685,25686,4,0,0.12909742971130317
20599,25686,25687,5,0,0.20022254873920109
20600,25688,25689,1,0,0.037400476349567544
20601,25689,25690,2,0,0.02868729266559392
20602,25690,25691,2,0,0.18319450330423825
20603,25691,25692,1,1,0.028347852337799836
20604,25693,25694,1,0,0.04420960953022228
20605,25694,25695,5,0,0.18382953269220606
20606,25695,25696,5,0,0.10997231531606649
20607,25696,25697,1,0,0.08743523960180917
20608,25699,25700,5,0,0.073771028752193796
20609,25700,25701,1,0,0.027383395905209239
20610,25701,25702,3,0,0.12593473677667247
20611,25702,25703,3,0,0.072777886415957574
20612,25703,25704,5,0,0.12527819503069548
20613,25706,25707,3,0,0.024458436534394938
20614,25707,25708,1,0,0.059976076723100777
20615,25708,25709,3,0,0.4593101175555041
20616,25709,25710,4,0,0.097430088977129903
20617,25710,25711,2,0,0.29660354753278184
20618,25712,25713,3,0,0.13331201522395206
20619,25714,25715,3,0,0.08271258335856875
20620,25715,25716,3,0,0.038634181503613099
20621,25716,25717,2,0,0.27536169671435967
20622,25717,25718,4,0,0.033762674584989286
20623,25718,25719,2,0,0.019413525349819664
20624,25719,25720,4,0,0.010395150048536016
20625,25721,25722,2,1,0.14083705891694079
20626,25722,25723,5,0,0.079603637843268724
20627,25723,25724,4,0,0.13455914964951368
20628,25724,25725,3,0,0.075678999080689383
20629,25725,25726,1,1,0.71657711356418408
20630,25726,25727,4,1,0.10692522932378598
20631,25727,25728,3,1,0.61877160343873849
20632,25728,25729,2,0,0.12989733593680586
20633,25731,25732,3,0,0.16756492500881695
20634,25732,25733,5,0,0.33172255104955539
20635,25733,25734,2,0,0.10400330036250049
20636,25735,25736,2,0,0.077477327976609209
20637,25736,25737,4,1,0.5295107326490136
20638,25738,25739,5,1,0.2020287438229349
20639,25739,25740,1,1,0.77846856560316957
20640,25741,25742,1,1,0.7518484510597927
20641,25743,25744,1,1,0.62288616035773336
20642,25746,25747,1,0,0.21766846128339085
20643,25747,25748,3,0,0.27046086621366772
20644,25748,25749,5,0,0.081048415889222111
20645,25749,25750,1,1,0.080452125832203722
20646,25751,25752,1,0,0.10222725850036722
20647,25752,25753,1,0,0.41434688379769063
20648,25754,25755,3,0,0.091479709437929047
20649,25755,25756,1,0,0.10503949993550883
20650,25756,25757,1,0,0.039703107131508715
20651,25757,25758,1,0,0.081562925018872967
20652,25758,25759,2,0,0.092558181391615493
20653,25759,25760,5,0,0.14228849738837612
20654,25760,25761,3,1,0.22027412566619428
20655,25761,25762,4,0,0.093826859625378803
20656,25762,25763,2,0,0.02948395512628238
20657,25763,25764,2,1,0.46451825096073707
20658,25764,25765,3,0,0.054683281979651027
20659,25765,25766,1,0,0.18087142212534027
20660,25766,25767,5,0,0.046415588947234847
20661,25767,25768,2,1,0.15906098160475815
20662,25768,25769,1,0,0.361228385829308
20663,25769,25770,5,0,0.17587500140404311
20664,25770,25771,2,0,0.046528876152466335
20665,25771,25772,5,1,0.046081309071701174
20666,25772,25773,3,0,0.021056247007707422
20667,25773,25774,3,0,0.088008306150802337
20668,25774,25775,2,0,0.12872512356079746
20669,25775,25776,1,0,0.047353679857261008
20670,25776,25777,3,0,0.15842588412380929
20671,25777,25778,2,0,0.44387777321879845
20672,25779,25780,4,0,0.11701423840385708
20673,25780,25781,4,0,0.11681070292990671
20674,25781,25782,5,0,0.14601200250970936
20675,25782,25783,2,0,0.10233304724572327
20676,25784,25785,2,0,0.20525983220971206
20677,25786,25787,4,1,0.30969820425584843
20678,25787,25788,5,0,0.2000539094408971
20679,25790,25791,3,0,0.24063894881311482
20680,25791,25792,3,0,0.041274313029626815
20681,25792,25793,3,0,0.051326658256976201
20682,25795,25796,3,0,0.092762896839748823
20683,25796,25797,3,0,0.07863014181343278
20684,25797,25798,4,1,0.79124382067855314
20685,25798,25799,3,1,0.30061195231972798
20686,25799,25800,3,0,0.04744560420808154
20687,25800,25801,5,0,0.11714950806700151
20688,25801,25802,1,0,0.11026283339929834
20689,25802,25803,4,0,0.38986284739118682
20690,25803,25804,3,0,0.27636493710625037
20691,25804,25805,2,0,0.20914436102437375
20692,25807,25808,3,0,0.17307665884707776
20693,25808,25809,2,0,0.49747318888198372
20694,25809,25810,4,0,0.082473648579379888
20695,25810,25811,1,0,0.081449817265003582
20696,25813,25814,2,0,0.087289839941901773
20697,25814,25815,2,0,0.048218741937646331
20698,25815,25816,4,1,0.027964190647890404
20699,25817,25818,3,1,0.13613980624744978
20700,25818,25819,3,0,0.093158348071404648
20701,25820,25821,4,0,0.052117871685261538
20702,25821,25822,3,1,0.38080507781598472
20703,25822,25823,3,0,0.047329049699684225
20704,25823,25824,1,0,0.17347819313316473
20705,25824,25825,3,0,0.11628851650498621
20706,25825,25826,4,0,0.099711158459907565
20707,25827,25828,2,0,0.16324757425623135
20708,25828,25829,3,1,0.18008422770464241
20709,25829,25830,4,0,0.35046946136553414
20710,25830,25831,2,1,0.41908926762625742
20711,25831,25832,3,0,0.092367748602532551
20712,25833,25834,4,0,0.091808583979209768
20713,25834,25835,2,1,0.73255058746936019
20714,25835,25836,4,0,0.016031027080865828
20715,25837,25838,5,1,0.57029298526866934
20716,25838,25839,3,1,0.35075624968127866
20717,25839,25840,3,1,0.25454470069407487
20718,25840,25841,4,0,0.028847875130884933
20719,25841,25842,3,0,0.042826254775464534
20720,25842,25843,3,0,0.033459000803249636
20721,25844,25845,1,1,0.39456394992588945
20722,25845,25846,4,1,0.20014576188497721
20723,25847,25848,4,0,0.046134053149223878
20724,25848,25849,1,0,0.033451212551397616
20725,25849,25850,3,0,0.098714405089620164
20726,25852,25853,1,0,0.05693816594131515
20727,25853,25854,2,0,0.15147446062083667
20728,25855,25856,5,0,0.1260080799230156
20729,25856,25857,1,0,0.0091949016738241841
20730,25857,25858,5,0,0.018353056351724878
20731,25858,25859,3,1,0.1818387169887013
20732,25859,25860,1,0,0.13381305150171158
20733,25861,25862,1,0,0.098449939972653167
20734,25862,25863,4,0,0.21718652297037391
20735,25864,25865,3,0,0.072382182476370724
20736,25867,25868,3,0,0.13227944885394061
20737,25868,25869,4,0,0.29922254118136044
20738,25869,25870,4,1,0.59246985761561366
20739,25870,25871,3,0,0.10854431072354478
20740,25873,25874,2,1,0.25378661916401574
20741,25874,25875,1,1,0.71081856550808797
20742,25875,25876,5,0,0.056670354602093256
20743,25876,25877,4,1,0.058487130087858899
20744,25877,25878,3,0,0.087323490647188556
20745,25878,25879,1,1,0.76300295163246823
20746,25880,25881,5,0,0.021098442395982232
20747,25881,25882,5,0,0.071663659614259106
20748,25883,25884,3,0,0
20749,25884,25885,5,1,0.63238607712161998
20750,25885,25886,4,0,0.087232157784845304
20751,25887,25888,1,0,0.063436211285228777
20752,25888,25889,5,0,0.076728642847877462
20753,25889,25890,1,0,0.057890496580193664
20754,25890,25891,5,0,0.15515491659744485
20755,25891,25892,3,0,0.086971267930148782
20756,25892,25893,4,0,0.21669001922553868
20757,25893,25894,3,0,0.11533002800130454
20758,25894,25895,4,0,0.11399537377253512
20759,25895,25896,2,0,0.03727294155474252
20760,25896,25897,1,0,0.1926134339750179
20761,25897,25898,2,1,0.55976528097092526
20762,25899,25900,1,0,0.22241109543198551
20763,25902,25903,4,0,0.15870903234911221
20764,25903,25904,1,0,0.10432819086867386
20765,25904,25905,4,1,0.52088254456091465
20766,25906,25907,1,0,0.13261383164400445
20767,25907,25908,2,0,0.053303842489701783
20768,25909,25910,1,0,0.13192760431669304
20769,25910,25911,3,0,0.085422545429882341
20770,25911,25912,3,0,0.17367566917461164
20771,25913,25914,1,0,0.051594094893112452
20772,25915,25916,4,0,0.60357489113028195
20773,25916,25917,4,0,0.17766951752811344
20774,25918,25919,1,0,0.0093091295926876656
20775,25919,25920,2,0,0.17087006122088433
20776,25920,25921,5,0,0.076447424423812707
20777,25921,25922,1,1,0.096224083173305996
20778,25922,25923,2,0,0.27586091018383235
20779,25923,25924,2,1,0.38112520965973962
20780,25924,25925,3,0,0.1333841754470487
20781,25925,25926,5,0,0.19884076952672736
20782,25926,25927,4,0,0.025681505933553717
20783,25927,25928,5,0,0.071959620993463994
20784,25929,25930,2,0,0.22589974260122897
20785,25931,25932,5,0,0.015780023457522243
20786,25932,25933,3,0,0.14855410510370984
20787,25933,25934,3,1,0.6528356447521646
20788,25934,25935,4,0,0.10730236973628919
20789,25935,25936,1,0,0.13942867424269786
20790,25936,25937,1,0,0.21710770299521082
20791,25937,25938,3,0,0.065074125855082987
20792,25938,25939,2,0,0.019230462394158286
20793,25941,25942,4,0,0.119697016360255
20794,25943,25944,4,0,0.055899945388373208
20795,25944,25945,2,0,0.074510504483614917
20796,25945,25946,4,0,0.11000926680940942
20797,25946,25947,3,0,0.10800087108904541
20798,25947,25948,2,0,0.10239246515373726
20799,25948,25949,2,0,0.030816790857495387
20800,25949,25950,2,0,0.10886236340592964
20801,25950,25951,1,0,0.078767336216849462
20802,25951,25952,3,0,0.056875640355050362
20803,25952,25953,3,0,0.027325953283191345
20804,25953,25954,4,0,0.042739886252585971
20805,25954,25955,2,0,0.17127923436587136
20806,25955,25956,2,0,0.10760853563010564
20807,25956,25957,3,0,0.34238150035727322
20808,25957,25958,5,0,0.105063019152982
20809,25958,25959,4,0,0.086189532445048789
20810,25959,25960,5,0,0.03102375557117934
20811,25960,25961,5,1,0.21681718366230535
20812,25961,25962,1,0,0.58596029408671169
20813,25962,25963,4,0,0.036123746549584924
20814,25963,25964,4,0,0.11733209234426144
20815,25964,25965,1,1,0.20071747626648473
20816,25965,25966,2,0,0.14457346932492787
20817,25966,25967,4,0,0.019081010156126003
20818,25967,25968,4,0,0.098734167430093195
20819,25968,25969,5,0,0.18918589810173594
20820,25969,25970,1,0,0.23980482813088871
20821,25970,25971,3,0,0.14450159624864437
20822,25971,25972,4,0,0.12032121094011575
20823,25972,25973,5,1,0.34765230178397655
20824,25975,25976,4,0,0.079245170604438156
20825,25976,25977,1,1,0.15485130857504051
20826,25977,25978,2,1,0.15139968338236195
20827,25978,25979,4,0,0.25019726345651533
20828,25980,25981,5,0,0.10588905054868217
20829,25981,25982,1,0,0.18951548722538836
20830,25983,25984,3,0,0.045988017732573862
20831,25984,25985,4,1,0.46623076661430629
20832,25985,25986,2,0,0.052623972478812668
20833,25986,25987,3,0,0.39949256653905657
20834,25987,25988,3,0,0.039804498409555238
20835,25990,25991,1,0,0.056330414207501095
20836,25991,25992,1,0,0.11430481099764227
20837,25996,25997,5,0,0.22100983930010612
20838,25997,25998,2,0,0.04923243176088709
20839,25998,25999,1,0,0.20500162009285744
20840,25999,26000,4,0,0.074689184150351404
20841,26001,26002,4,1,0.27136096308374014
20842,26002,26003,3,0,0.22133599074673715
20843,26003,26004,5,0,0.15087974701471515
20844,26004,26005,4,1,0.050245918098978923
20845,26005,26006,4,1,0.18999777783795199
20846,26006,26007,5,1,0.1202877804952915
20847,26007,26008,3,0,0.15562784792004825
20848,26009,26010,3,0,0.036026424730957969
20849,26011,26012,5,0,0.14283219522099694
20850,26012,26013,3,1,0.72551611856264453
20851,26013,26014,3,0,0.053041175486985954
20852,26014,26015,1,0,0.08463890236885778
20853,26015,26016,1,0,0.08904568148697653
20854,26016,26017,5,0,0.12181274012313216
20855,26017,26018,2,0,0.27130761305018197
20856,26018,26019,5,0,0.084467330523908535
20857,26019,26020,4,0,0.17161628665792955
20858,26020,26021,5,0,0.16924554782212611
20859,26021,26022,2,0,0.085777908278698314
20860,26023,26024,5,0,0.038043071739010406
20861,26024,26025,4,0,0.14374376934948316
20862,26025,26026,5,0,0.13908048977791657
20863,26026,26027,2,0,0.051789588307012871
20864,26027,26028,4,1,0.15725079630620123
20865,26029,26030,3,1,0.1928640775687317
20866,26030,26031,2,0,0.17414318070055396
20867,26032,26033,4,0,0.027790561681559699
20868,26034,26035,4,1,0.67183187407747513
20869,26035,26036,1,0,0.094628082405928404
20870,26036,26037,5,0,0.075603446212349823
20871,26037,26038,5,0,0.036905003408695763
20872,26038,26039,3,0,0.42853769563391753
20873,26039,26040,5,0,0.077740998616761189
20874,26040,26041,2,0,0.11729368413198903
20875,26041,26042,5,0,0.29700483189234966
20876,26042,26043,2,0,0.13387229924259231
20877,26044,26045,3,0,0.059883986390484339
20878,26045,26046,3,0,0.14397738328183934
20879,26046,26047,2,0,0.050614434212147522
20880,26047,26048,3,0,0.14938551914817977
20881,26048,26049,5,0,0.1424379337563404
20882,26049,26050,4,0,0.1243444097104815
20883,26050,26051,3,0,0.28011914075484667
20884,26051,26052,4,0,0.049837172881365049
20885,26052,26053,1,0,0.063498125821021892
20886,26053,26054,4,0,0.0090293736549726163
20887,26054,26055,3,0,0.039688694371519978
20888,26055,26056,1,0,0.16785915540995183
20889,26058,26059,3,1,0.33360610619666187
20890,26060,26061,3,0,0.28102136744179157
20891,26061,26062,4,0,0.01756209120683554
20892,26062,26063,3,0,0.74484182966841506
20893,26063,26064,3,0,0.030345037938696532
20894,26064,26065,5,0,0.11005776570665389
20895,26065,26066,4,0,0.213517266534552
20896,26066,26067,4,0,0.32373700867575789
20897,26067,26068,1,0,0.098662568664901168
20898,26068,26069,2,0,0.045783013855057501
20899,26069,26070,3,0,0.21589949620683582
20900,26070,26071,3,0,0.043771898733985147
20901,26071,26072,4,1,0.28531993955022694
20902,26072,26073,2,0,0.28317688383828721
20903,26074,26075,2,0,0.15195218575794639
20904,26075,26076,1,0,0.24003960096659768
20905,26076,26077,5,0,0.43967553522380032
20906,26077,26078,2,0,0.13242515849775305
20907,26078,26079,2,0,0.15256796906000816
20908,26079,26080,4,0,0.027232415376955383
20909,26080,26081,3,0,0.11979827047179091
20910,26081,26082,3,0,0.081494184388207089
20911,26084,26085,4,0,0.14354638998353408
20912,26085,26086,1,0,0.074658828117023082
20913,26086,26087,1,1,0.65795070164046321
20914,26087,26088,5,0,0.10447629644088632
20915,26088,26089,3,0,0.60190455844553814
20916,26091,26092,3,0,0.22049876288189038
20917,26092,26093,3,0,0.052580813531827128
20918,26093,26094,4,0,0.036472945247199871
20919,26094,26095,3,1,0.46763395389043255
20920,26096,26097,3,0,0.1283571970112222
20921,26097,26098,3,0,0.057018785036807407
20922,26098,26099,4,0,0.74355351260157865
20923,26099,26100,3,0,0.092890585950608756
20924,26100,26101,5,0,0.012360653987210883
20925,26101,26102,1,0,0.64154022825762769
20926,26102,26103,3,0,0.095265442626575353
20927,26103,26104,1,0,0.10034438017178977
20928,26104,26105,5,0,0.079954118019657322
20929,26106,26107,5,0,0.18640565741115411
20930,26107,26108,3,0,0.061618672754703008
20931,26108,26109,3,1,0.37749886858830473
20932,26109,26110,2,0,0.17327262456782275
20933,26110,26111,3,0,0.16719415198557322
20934,26111,26112,4,0,0.085286347828408937
20935,26112,26113,3,0,0.070976103824030717
20936,26113,26114,1,0,0.10512869551655454
20937,26114,26115,2,0,0.16074747678127319
20938,26115,26116,2,0,0.29304040142301918
20939,26117,26118,3,0,0.12488002022682324
20940,26119,26120,3,1,0.077550264577993688
20941,26121,26122,5,1,0.058799508773267048
20942,26122,26123,3,0,0.093618098595680557
20943,26123,26124,2,0,0.11364944804787361
20944,26124,26125,4,0,0.22808826342075841
20945,26125,26126,3,0,0.17521485860929017
20946,26126,26127,2,0,0.10437098657751999
20947,26127,26128,5,1,0.25981526570870955
20948,26128,26129,3,0,0.10219239378844704
20949,26129,26130,1,0,0.4505836942910601
20950,26130,26131,4,0,0.062939784012802855
20951,26131,26132,3,0,0.13206106526945705
20952,26132,26133,5,0,0.53203661932401525
20953,26133,26134,5,1,0.24721438728681211
20954,26134,26135,3,0,0.15801332864576878
20955,26135,26136,3,0,0.088253062509243585
20956,26136,26137,1,0,0.0086488978234532162
20957,26137,26138,5,0,0.12887545706266856
20958,26138,26139,2,1,0.710140534286689
20959,26139,26140,5,0,0.18301968787502129
20960,26140,26141,5,0,0.20142409917322149
20961,26142,26143,5,0,0.051044961492674519
20962,26143,26144,5,0,0.18851720802675129
20963,26144,26145,4,0,0.088390068611640171
20964,26146,26147,2,0,0.36226985518281585
20965,26147,26148,5,0,0.13601970421055765
20966,26148,26149,2,1,0.58341262782981962
20967,26149,26150,3,0,0.31160869189886398
20968,26150,26151,5,1,0.775113986521206
20969,26152,26153,4,0,0.096358106296052196
20970,26153,26154,5,0,0.10775749261715103
20971,26154,26155,3,0,0.28261455283573583
20972,26155,26156,2,0,0.17982901106403287
20973,26157,26158,4,0,0.11894421144937649
20974,26158,26159,3,1,0.12460175686893374
20975,26159,26160,5,0,0.21377341964032151
20976,26160,26161,4,0,0.18619294634454447
20977,26161,26162,5,0,0.04612272745731779
20978,26163,26164,2,0,0.053535740108705286
20979,26164,26165,2,1,0.17761461346884252
20980,26165,26166,2,0,0.016313279390284863
20981,26166,26167,4,0,0.035630223076241495
20982,26167,26168,2,1,0.63750301432670042
20983,26168,26169,3,1,0.31042208992938769
20984,26169,26170,2,0,0.19071443378277916
20985,26170,26171,5,1,0.5158219878943493
20986,26172,26173,1,0,0.18150312918334441
20987,26173,26174,2,1,0.63364472929027571
20988,26174,26175,4,0,0.054511114037918175
20989,26175,26176,5,0,0.032101084376521094
20990,26176,26177,4,0,0
20991,26177,26178,3,0,0.2850722545232599
20992,26178,26179,5,0,0.097316884227604622
20993,26180,26181,4,0,0.18674748708712682
20994,26181,26182,3,0,0.085679090151570131
20995,26182,26183,1,0,0.15871127042071745
20996,26183,26184,1,0,0.32549820347344149
20997,26184,26185,4,1,0.043982590788083246
20998,26185,26186,5,0,0.11353877176217375
20999,26186,26187,4,0,0.029545971504456564
21000,26187,26188,3,0,0.19233859182339541
21001,26188,26189,2,1,0.29705582042564399
21002,26189,26190,5,0,0.16690533915538572
21003,26190,26191,3,0,0.043028690431086487
21004,26191,26192,5,0,0.050264926692924275
21005,26192,26193,4,1,0.035403459953294712
21006,26193,26194,2,0,0.11862166908316772
21007,26194,26195,5,0,0.027678050536060404
21008,26195,26196,2,0,0.18659635373515071
21009,26196,26197,1,0,0.029514919914480516
21010,26197,26198,1,0,0.1151737080112179
21011,26198,26199,3,0,0.19752455720064557
21012,26199,26200,2,0,0.08355208914763125
21013,26201,26202,1,0,0.067798248190199556
21014,26202,26203,5,0,0.099100946628406725
21015,26204,26205,5,0,0.099084300824433952
21016,26206,26207,4,0,0.066809723589074374
21017,26207,26208,3,0,0.069970041065199357
21018,26208,26209,2,0,0.035703910066434072
21019,26209,26210,3,0,0.20023925317538371
21020,26210,26211,3,0,0.078619724837851124
21021,26211,26212,5,0,0.31452992404416896
21022,26212,26213,2,0,0.19893144939657159
21023,26213,26214,1,0,0.21204969917317101
21024,26214,26215,2,0,0.028176243181270301
21025,26216,26217,4,1,0.69409588186327253
21026,26217,26218,4,0,0.20099899576168315
21027,26218,26219,3,1,0.067427445075947237
21028,26222,26223,5,0,0.13494262421289482
21029,26223,26224,3,0,0.11317855114959298
21030,26225,26226,1,0,0.007553492739327765
21031,26226,26227,3,0,0.17870780739705275
21032,26227,26228,1,0,0.1352958859658458
21033,26228,26229,2,0,0.063802192078190018
21034,26229,26230,5,0,0.03867515188666195
21035,26230,26231,2,1,0.23936787516339156
21036,26231,26232,4,0,0.13037724580192617
21037,26232,26233,1,0,0.087176595998284659
21038,26233,26234,1,0,0.097183812705009018
21039,26234,26235,3,1,0.65132365945434312
21040,26235,26236,1,1,0.12728100405657669
21041,26236,26237,3,0,0.047464500512966835
21042,26237,26238,5,0,0.1206019880216545
21043,26238,26239,4,0,0.14999723380256572
21044,26239,26240,2,0,0.029721702336561542
21045,26240,26241,3,0,0.03732393315976288
21046,26241,26242,5,0,0.028254237182160379
21047,26242,26243,3,0,0.053558714484979585
21048,26243,26244,1,1,0.4642833425578019
21049,26244,26245,5,0,0.11364462822054701
21050,26245,26246,2,0,0.11834828156999928
21051,26247,26248,3,0,0.033715286190288796
21052,26249,26250,1,0,0
21053,26251,26252,4,0,0.03556877677942475
21054,26252,26253,5,0,0.26444085253985672
21055,26254,26255,2,0,0.2127710908141271
21056,26255,26256,1,0,0.24786512075135189
21057,26256,26257,5,0,0.14998943563541289
21058,26257,26258,3,0,0.046150899683255323
21059,26258,26259,3,0,0.16759063574510763
21060,26260,26261,2,1,0.15171195781229971
21061,26261,26262,1,0,0.067383889261698887
21062,26262,26263,3,0,0.12912174343854821
21063,26263,26264,3,0,0.12887386085901373
21064,26264,26265,1,0,0.17002568137461294
21065,26265,26266,3,0,0.4097105369914088
21066,26266,26267,3,0,0.13938482380742934
21067,26267,26268,2,0,0.027779348304914152
21068,26268,26269,1,0,0.092807676755970583
21069,26271,26272,1,0,0.1918114527776773
21070,26272,26273,1,0,0.30276141984847738
21071,26273,26274,4,0,0.0080406812382711433
21072,26274,26275,2,0,0.14948643974095896
21073,26275,26276,1,0,0.116158937558242
21074,26276,26277,1,0,0.53068912461159223
21075,26277,26278,3,0,0.19287431332086061
21076,26278,26279,2,1,0.11991374334889895
21077,26279,26280,2,0,0.27654967869023067
21078,26280,26281,4,0,0.72732277579774507
21079,26282,26283,3,0,0.022756075668333115
21080,26283,26284,3,0,0.24848508469593827
21081,26284,26285,5,1,0.14815929439690131
21082,26285,26286,2,0,0.047624208204650721
21083,26286,26287,4,0,0.017532111152518754
21084,26287,26288,2,0,0.062398041031785548
21085,26288,26289,4,1,0.37850143247606255
21086,26289,26290,1,0,0.010951229246597367
21087,26290,26291,3,0,0.10779737103866253
21088,26291,26292,2,0,0.077939821875472132
21089,26292,26293,5,0,0.072455302316175751
21090,26293,26294,5,0,0.1669289806507358
21091,26294,26295,1,1,0.18227912881368391
21092,26295,26296,2,0,0.21203153424177629
21093,26297,26298,3,1,0.65939762104197452
21094,26298,26299,3,0,0.13174806386653404
21095,26299,26300,1,0,0.22591564811474188
21096,26300,26301,5,1,0.50906781648783006
21097,26301,26302,2,0,0.10618925548705015
21098,26302,26303,4,0,0.086383742022117571
21099,26303,26304,1,0,0.43744775834588379
21100,26305,26306,1,0,0.13186868749438399
21101,26306,26307,4,0,0.17632642439047314
21102,26307,26308,1,1,0.6710776679716266
21103,26308,26309,1,0,0.099069518097397974
21104,26309,26310,1,0,0.12768355269947373
21105,26310,26311,4,0,0.34059237372449858
21106,26311,26312,1,0,0.20034541422441521
21107,26312,26313,1,1,0.34611115264650072
21108,26313,26314,2,1,0.68679904807097847
21109,26314,26315,4,1,0.48746918312074011
21110,26315,26316,2,1,0.064557958702832346
21111,26316,26317,3,0,0.17756401724034884
21112,26317,26318,5,0,0.044205371514286232
21113,26320,26321,3,0,0.08097450760158692
21114,26321,26322,2,1,0.18320292022818294
21115,26322,26323,3,0,0.15344752668803222
21116,26323,26324,5,0,0.14977015867428842
21117,26325,26326,5,0,0.11777352850130675
21118,26326,26327,5,1,0.45480297398514935
21119,26327,26328,5,1,0.41091034644946578
21120,26328,26329,1,0,0.12486372624788375
21121,26330,26331,5,0,0.21400723407013461
21122,26332,26333,5,0,0.058630980136541597
21123,26333,26334,4,0,0.086094288015652332
21124,26334,26335,3,0,0.29920891068837624
21125,26335,26336,1,1,0.091359296198268047
21126,26336,26337,2,0,0.07935489537673511
21127,26337,26338,1,0,0.016822110938198867
21128,26338,26339,3,0,0.13113742781209112
21129,26339,26340,5,1,0.045391745257268093
21130,26340,26341,4,0,0.24052213868929387
21131,26341,26342,2,0,0.073602382182457612
21132,26342,26343,1,0,0.066738168170426965
21133,26343,26344,4,0,0.1785742828206961
21134,26345,26346,4,0,0.11467226331098132
21135,26346,26347,2,1,0.32883306727357703
21136,26347,26348,3,0,0.58736128688715317
21137,26348,26349,3,0,0.083011679643381242
21138,26349,26350,4,0,0.15784222877574364
21139,26350,26351,1,0,0.063748028409624291
21140,26351,26352,3,0,0.096577197242743787
21141,26352,26353,4,1,0.13215652304629419
21142,26355,26356,1,0,0.13414942631725313
21143,26356,26357,1,0,0.14406930076530225
21144,26358,26359,5,0,0.60358510872104565
21145,26359,26360,5,0,0.035500890390026282
21146,26360,26361,2,0,0.076942729766940859
21147,26362,26363,1,0,0.21735446078679219
21148,26363,26364,5,0,0.25660890931439084
21149,26364,26365,4,0,0.13103121492279066
21150,26365,26366,2,0,0.079804904674322441
21151,26366,26367,1,0,0.059632576165531394
21152,26368,26369,2,0,0.15100998087362513
21153,26369,26370,4,0,0.085552944744985107
21154,26370,26371,3,1,0.29950640890726954
21155,26371,26372,2,0,0.13676592857488343
21156,26372,26373,4,0,0.59060192782463872
21157,26373,26374,1,0,0.18419131610824827
21158,26374,26375,5,1,0.34961671458823446
21159,26375,26376,2,0,0.35658524157197308
21160,26376,26377,2,1,0.048811808496443738
21161,26378,26379,2,1,0.73250893839426479
21162,26380,26381,1,0,0.057055283598404394
21163,26381,26382,2,0,0.4253726069238466
21164,26382,26383,1,0,0.010928492697547176
21165,26384,26385,5,0,0.037252116274808518
21166,26385,26386,3,0,0.1182432447148458
21167,26387,26388,3,0,0.0712195834197102
21168,26388,26389,3,0,0.12865979215307069
21169,26389,26390,2,0,0.23819550389374647
21170,26390,26391,3,1,0.45875995789934676
21171,26391,26392,2,0,0.074529596061916586
21172,26393,26394,1,0,0.25850846084689688
21173,26397,26398,4,0,0.061841479224639541
21174,26398,26399,5,0,0.059074133129058508
21175,26399,26400,4,0,0.064850503411092691
21176,26401,26402,2,0,0.18306299754205652
21177,26402,26403,1,0,0.057569615991658205
21178,26404,26405,2,1,0.28371971801585949
21179,26405,26406,1,0,0.24893837585644482
21180,26409,26410,1,0,0.097048311675153792
21181,26410,26411,4,0,0.067033984786180181
21182,26411,26412,3,0,0.15063584138148256
21183,26412,26413,2,0,0.57355276311684567
21184,26413,26414,5,0,0.069165014920838444
21185,26414,26415,3,0,0.026897833885051362
21186,26415,26416,5,0,0.18056826850889307
21187,26417,26418,3,0,0.064883939442182959
21188,26421,26422,2,0,0.17873843182283061
21189,26422,26423,5,0,0.051138191630877503
21190,26424,26425,4,0,0.044636541804484897
21191,26426,26427,5,1,0.18026382455677986
21192,26428,26429,2,0,0.03403277285585498
21193,26429,26430,1,0,0.10484542606327739
21194,26430,26431,2,0,0.045288040680013963
21195,26433,26434,4,0,0.083190813080946391
21196,26434,26435,2,0,0.023480197041967053
21197,26436,26437,1,0,0.16904532856102708
21198,26437,26438,4,0,0.17303764134240573
21199,26438,26439,1,0,0.13448245752410734
21200,26440,26441,4,0,0.85502181851965564
21201,26442,26443,5,1,0.10582242214725053
21202,26444,26445,2,0,0.45627172254785209
21203,26445,26446,1,1,0.35208980195345152
21204,26446,26447,1,1,0.59899903477268168
21205,26448,26449,5,1,0.1658297024390831
21206,26450,26451,1,0,0.042793902951434065
21207,26452,26453,3,0,0.034483295762330758
21208,26453,26454,3,1,0.17824016579954488
21209,26457,26458,2,0,0.58418057651216615
21210,26458,26459,4,0,0.12658617676330103
21211,26460,26461,1,0,0.12145443748946225
21212,26461,26462,3,0,0.094496827921039486
21213,26463,26464,2,1,0.25383052964322733
21214,26464,26465,4,0,0.081505488815178148
21215,26465,26466,5,1,0.16304103741513815
21216,26468,26469,3,0,0.11321383399031103
21217,26469,26470,4,0,0.19852385102674719
21218,26470,26471,1,0,0.066477921992929484
21219,26471,26472,5,0,0.26278864656982165
21220,26473,26474,2,0,0.061884306654100989
21221,26474,26475,3,0,0.16579957095230449
21222,26476,26477,4,0,0.067547767103067438
21223,26478,26479,1,0,0.22788635366071036
21224,26479,26480,4,1,0.19436740076726228
21225,26480,26481,2,0,0.14883831628356975
21226,26481,26482,3,0,0.31153482361007756
21227,26482,26483,3,0,0.12479876779985673
21228,26483,26484,2,0,0.47045211234179907
21229,26484,26485,4,1,0.57300479550216044
21230,26485,26486,5,0,0.15444684778880219
21231,26486,26487,1,1,0.42143538305846312
21232,26488,26489,4,0,0.082892135786971161
21233,26491,26492,2,0,0.11951057870101991
21234,26493,26494,2,0,0.13326395933472007
21235,26494,26495,3,1,0.445833128584047
21236,26495,26496,3,0,0.28517708426584781
21237,26496,26497,3,0,0.10999347797351899
21238,26497,26498,5,0,0.059118710126574839
21239,26498,26499,4,0,0.13168372479572488
21240,26500,26501,3,1,0.62836569480424065
21241,26501,26502,5,1,0.067502806667415677
21242,26502,26503,2,1,0.70866935510672402
21243,26505,26506,4,0,0.12474824384702422
21244,26506,26507,5,1,0.83613860043286337
21245,26507,26508,3,0,0.047847172751179286
21246,26508,26509,4,0,0.13282900402530926
21247,26509,26510,3,0,0.1397158222193266
21248,26510,26511,2,0,0.35673026311208433
21249,26511,26512,3,0,0.72235981885867517
21250,26513,26514,1,1,0.36733849182533973
21251,26514,26515,5,0,0.16422848421566832
21252,26515,26516,3,0,0.15395330637653221
21253,26516,26517,5,0,0.51207713404985633
21254,26518,26519,2,0,0.50148708798785135
21255,26519,26520,4,0,0.24977565135540322
21256,26520,26521,3,1,0.2645969123154272
21257,26521,26522,2,0,0.10681583597506633
21258,26522,26523,2,0,0.032413119815523424
21259,26523,26524,3,0,0.096085223212477755
21260,26524,26525,1,1,0.6330721926002324
21261,26525,26526,5,0,0.11031938865483916
21262,26527,26528,5,0,0.16176577927976596
21263,26528,26529,2,1,0.025947604323358436
21264,26529,26530,2,0,0.11450179683631595
21265,26530,26531,2,1,0.5954923121937018
21266,26531,26532,1,0,0.16763455473274588
21267,26533,26534,1,1,0.2896962605154727
21268,26534,26535,5,1,0.13770872984131002
21269,26535,26536,5,1,0.63918387996512127
21270,26536,26537,3,0,0.13297145638427227
21271,26537,26538,3,0,0.13968823179301421
21272,26540,26541,3,0,0.42087545661371156
21273,26541,26542,2,1,0.064016803603494821
21274,26542,26543,2,0,0.11322836575513238
21275,26544,26545,1,0,0.075581301911136184
21276,26545,26546,3,0,0.099082190246417817
21277,26546,26547,2,0,0.096189034086141351
21278,26549,26550,1,0,0.074406182831833562
21279,26552,26553,5,0,0.13641550109441769
21280,26553,26554,1,0,0.16038943920981655
21281,26554,26555,3,0,0.52865567051941531
21282,26555,26556,2,0,0.13983982077538595
21283,26556,26557,3,1,0.61975409249854563
21284,26557,26558,5,0,0.17370315897643768
21285,26559,26560,4,0,0.16332031163224017
21286,26560,26561,3,0,0.70906174378107045
21287,26561,26562,1,0,0.23039761452690646
21288,26562,26563,3,0,0.056671875510407616
21289,26563,26564,2,0,0.12687647382397946
21290,26564,26565,2,0,0.74980355122830122
21291,26565,26566,1,0,0.060993411051748769
21292,26566,26567,3,0,0.12182997628480323
21293,26568,26569,2,0,0.043016344515158601
21294,26569,26570,1,1,0.60998172873950607
21295,26571,26572,2,0,0.31679621398283819
21296,26573,26574,3,0,0.24096764576161361
21297,26574,26575,1,0,0.155233304441937
21298,26575,26576,4,0,0.23948211896596638
21299,26576,26577,4,0,0.10743437864024152
21300,26577,26578,5,0,0.10405693705258781
21301,26578,26579,2,0,0.27296037091497966
21302,26579,26580,3,0,0.7725698981932535
21303,26580,26581,2,0,0.11151756010861109
21304,26581,26582,1,0,0.090314741882012481
21305,26583,26584,5,0,0.067352439968032862
21306,26584,26585,5,1,0.22722535143644568
21307,26585,26586,3,1,0.2492293021216391
21308,26586,26587,4,1,0.18957372782531853
21309,26587,26588,4,1,0.52603698837106871
21310,26588,26589,3,1,0.52255777775189849
21311,26589,26590,3,0,0.056393294637639028
21312,26591,26592,5,0,0.13204879748932699
21313,26592,26593,3,0,0.074634155881070113
21314,26594,26595,2,0,0.10114779909610301
21315,26597,26598,3,0,0.13974598239072381
21316,26598,26599,1,1,0.3598155625472349
21317,26599,26600,5,0,0.09635884711277154
21318,26600,26601,5,0,0.10900066669850743
21319,26601,26602,1,0,0.090972279597672651
21320,26602,26603,1,0,0.44250223957811458
21321,26603,26604,3,0,0.20447913976288257
21322,26604,26605,1,0,0.15336890810804968
21323,26605,26606,3,1,0.7719054074375602
21324,26606,26607,2,0,0.17633037270310425
21325,26607,26608,5,0,0.15429080283822133
21326,26608,26609,4,0,0.19797184570043086
21327,26610,26611,1,0,0.1543815972741879
21328,26611,26612,4,0,0.39505334138377396
21329,26612,26613,2,0,0.13746509220858469
21330,26613,26614,4,0,0.43656149157629703
21331,26614,26615,4,0,0.71447780135759065
21332,26615,26616,5,1,0.71745861742539607
21333,26616,26617,1,0,0.22557656348054708
21334,26617,26618,3,0,0.27176436304972168
21335,26618,26619,5,1,0.16599926427032891
21336,26619,26620,2,1,0.59224255682543547
21337,26620,26621,5,1,0.092377654982865529
21338,26622,26623,3,0,0.18198704018225392
21339,26623,26624,2,0,0.10320218750601996
21340,26624,26625,1,1,0.13849669122512345
21341,26626,26627,3,1,0.15662383156091739
21342,26627,26628,1,1,0.68959609270679412
21343,26628,26629,4,0,0.087465430020369647
21344,26629,26630,5,0,0.21399901832046156
21345,26630,26631,3,0,0.13386267524890638
21346,26632,26633,2,0,0.19584888147395615
21347,26633,26634,3,1,0.39995170171612715
21348,26634,26635,2,0,0.34258117143211403
21349,26635,26636,3,1,0.48066326846349866
21350,26636,26637,3,0,0.39554447764941936
21351,26637,26638,2,0,0.031118119649268465
21352,26638,26639,4,0,0.1094435386307679
21353,26639,26640,3,0,0.1041137223183029
21354,26640,26641,2,1,0.7023024462127605
21355,26641,26642,5,0,0.13345929115106531
21356,26642,26643,2,0,0.15559602629990069
21357,26643,26644,1,1,0.67070756547973998
21358,26644,26645,3,1,0.22606181025681876
21359,26645,26646,4,1,0.1437358571864564
21360,26646,26647,4,0,0.046240894167610624
21361,26648,26649,4,1,0.1345863310669948
21362,26649,26650,1,0,0.38253427507101634
21363,26651,26652,2,1,0.67105030587398795
21364,26652,26653,5,0,0.12537603063641745
21365,26653,26654,1,0,0.20374298087184839
21366,26654,26655,1,0,0.24621302523435123
21367,26656,26657,4,1,0.18343634051924074
21368,26657,26658,2,0,0.32568498013448904
21369,26658,26659,5,1,0.54472509775141098
21370,26660,26661,5,0,0.10176071111499177
21371,26661,26662,4,0,0.20915248863265162
21372,26662,26663,4,0,0.091517443312899474
21373,26663,26664,4,1,0.68472707431156699
21374,26664,26665,2,0,0.20042703523242028
21375,26665,26666,4,0,0.19763302310390626
21376,26666,26667,5,0,0.11182315696161915
21377,26668,26669,5,0,0.13315479620747595
21378,26669,26670,1,0,0.015354245307088486
21379,26670,26671,2,0,0.10238648923828048
21380,26671,26672,3,0,0.17002779015143243
21381,26672,26673,2,0,0.41584754373771987
21382,26673,26674,2,0,0.28853280481012933
21383,26674,26675,4,0,0.071582619499350533
21384,26676,26677,1,0,0.10127394949607188
21385,26677,26678,3,0,0.042293893370701857
21386,26678,26679,3,0,0.13311506560097511
21387,26680,26681,2,1,0.64798740257413434
21388,26682,26683,2,0,0.16107333592311335
21389,26683,26684,2,0,0.16828544896666919
21390,26684,26685,5,0,0.34498403348372547
21391,26685,26686,4,1,0.76609475371915181
21392,26686,26687,4,0,0.59094321320312826
21393,26687,26688,5,0,0.75819874722050662
21394,26688,26689,2,1,0.19485589469456499
21395,26689,26690,5,1,0.46664103547426994
21396,26691,26692,3,0,0.37107979738940294
21397,26692,26693,5,1,0.077013727100797486
21398,26693,26694,5,0,0.10332175871331419
21399,26694,26695,1,0,0.36069555281937482
21400,26695,26696,2,0,0.1093107921571953
21401,26696,26697,5,0,0.20424040683090885
21402,26697,26698,1,0,0.13500126174939961
21403,26698,26699,5,0,0.15155382115949029
21404,26699,26700,4,1,0.15080898712446747
21405,26700,26701,3,1,0.11561577099895309
21406,26701,26702,2,0,0.28933705093733603
21407,26702,26703,2,0,0.60896636611137445
21408,26703,26704,2,0,0.091655318936558094
21409,26704,26705,2,0,0.028951695375253206
21410,26705,26706,1,0,0.18593405989598646
21411,26707,26708,3,0,0.19693408376426033
21412,26709,26710,1,0,0.11845317908166594
21413,26710,26711,4,1,0.652824020885583
21414,26711,26712,4,0,0.11555304585368785
21415,26713,26714,1,0,0.044926042031092808
21416,26714,26715,4,0,0.10773572561591402
21417,26715,26716,2,1,0.63150835732379529
21418,26716,26717,1,0,0.070420339689778969
21419,26717,26718,4,0,0.17351869702914435
21420,26718,26719,1,0,0.17291900243046424
21421,26721,26722,1,0,0.093887778326168167
21422,26723,26724,2,0,0.1318594031442584
21423,26724,26725,3,0,0.16202538178263362
21424,26726,26727,3,0,0.1584875996479691
21425,26728,26729,5,1,0.54370562347839102
21426,26729,26730,3,0,0.094782971858360571
21427,26730,26731,2,0,0.15308104464236214
21428,26733,26734,2,1,0.25352898860261025
21429,26734,26735,2,0,0.18266351494010027
21430,26736,26737,1,1,0.62763493922839064
21431,26737,26738,1,0,0.13071438495900664
21432,26738,26739,1,1,0.62689928684989227
21433,26739,26740,1,1,0.15535686964398387
21434,26740,26741,5,1,0.7243285014482882
21435,26741,26742,4,0,0.18927010636068659
21436,26742,26743,4,0,0.062297670907189483
21437,26743,26744,1,0,0.5590586193835444
21438,26744,26745,1,0,0.17976350925629542
21439,26745,26746,1,0,0.033006513767796002
21440,26746,26747,2,1,0.63593993410937677
21441,26747,26748,2,1,0.10266357887275988
21442,26748,26749,1,0,0.10433177246230839
21443,26750,26751,1,0,0.097520925775134187
21444,26751,26752,3,0,0.11513475077678291
21445,26753,26754,2,0,0.11275190723475143
21446,26754,26755,1,0,0.13151861040274535
21447,26755,26756,2,0,0.10686884931128025
21448,26756,26757,2,0,0.092239375659938047
21449,26757,26758,3,0,0.44662933521649517
21450,26758,26759,4,0,0.12255114568328568
21451,26759,26760,1,1,0.20636339790643229
21452,26760,26761,3,0,0.0077008622888210879
21453,26761,26762,4,0,0.3315193416708514
21454,26763,26764,2,0,0.091329442424327958
21455,26764,26765,5,1,0.73639165563845999
21456,26767,26768,5,0,0.098479175891916904
21457,26768,26769,2,1,0.088149329052249398
21458,26769,26770,4,0,0.050053933741381174
21459,26770,26771,1,0,0.12209788304838481
21460,26771,26772,4,0,0.26910596865777142
21461,26772,26773,4,0,0.15965057897375209
21462,26775,26776,5,0,0.11794249867822051
21463,26776,26777,5,0,0.19981375437134569
21464,26777,26778,3,1,0.13150446964946744
21465,26778,26779,3,0,0.16806740225934594
21466,26779,26780,4,0,0.62283970029251223
21467,26780,26781,5,0,0.030328034734229899
21468,26781,26782,2,1,0.31501994865442845
21469,26784,26785,2,1,0.77775592408467131
21470,26785,26786,3,0,0.63065130928071156
21471,26787,26788,4,0,0.054788347980411774
21472,26788,26789,1,1,0.09875982787354938
21473,26790,26791,2,0,0.1635177831776882
21474,26791,26792,5,0,0.019981337613110273
21475,26792,26793,1,0,0.5235819104183983
21476,26793,26794,5,0,0.030091549699639741
21477,26794,26795,1,0,0.098053674168262453
21478,26795,26796,1,0,0.13092052896184997
21479,26796,26797,5,0,0.064698282044207994
21480,26797,26798,1,0,0.20547118355229663
21481,26798,26799,2,0,0.033131015180402214
21482,26799,26800,2,0,0.088613955410891926
21483,26800,26801,5,0,0.11731241648156138
21484,26801,26802,1,1,0.8716784833102198
21485,26802,26803,3,0,0.26141647983840371
21486,26803,26804,5,1,0.66484697105748514
21487,26804,26805,2,0,0.11610829849877895
21488,26805,26806,5,0,4.427106418621721e-06
21489,26807,26808,5,0,0.095067888696520331
21490,26808,26809,4,1,0.082322923726622199
21491,26809,26810,2,0,0.018203731708095937
21492,26813,26814,5,1,0.073129483947801138
21493,26814,26815,3,0,0.12931829790270113
21494,26815,26816,2,0,0.20140068054801169
21495,26817,26818,3,0,0.12740453541419816
21496,26818,26819,5,1,0.33655414692681518
21497,26819,26820,4,0,0.086644736100372557
21498,26820,26821,4,0,0.027623286664273616
21499,26821,26822,2,0,0.1493980731168508
21500,26822,26823,4,0,0.16305248939969708
21501,26823,26824,3,0,0.084958627871861106
21502,26824,26825,1,0,0.17817160496694867
21503,26825,26826,4,0,0.094421212134030527
21504,26826,26827,5,1,0.64683778895290123
21505,26827,26828,1,0,0.11103812452927769
21506,26828,26829,1,0,0.070354974913300991
21507,26830,26831,4,1,0.3541249901572241
21508,26831,26832,5,0,0.044395751144797636
21509,26832,26833,5,0,0.039895380755632322
21510,26833,26834,5,0,0.10764346090815266
21511,26834,26835,4,0,0.037770860213649629
21512,26835,26836,2,0,0.18650539882740055
21513,26836,26837,4,0,0.039168513672557567
21514,26837,26838,5,0,0.22720383767729349
21515,26839,26840,5,0,0.17070458545861303
21516,26840,26841,4,0,0.17185219023442089
21517,26841,26842,3,0,0.10657128065518606
21518,26842,26843,1,0,0.028891384988408767
21519,26843,26844,5,0,0.1399051681703935
21520,26844,26845,4,0,0.24285343240264318
21521,26845,26846,4,1,0.46689018989397507
21522,26846,26847,4,1,0.27683915514038354
21523,26847,26848,5,0,0.2092381748284689
21524,26848,26849,4,0,0.66590212341923605
21525,26850,26851,2,0,0.026600345385735264
21526,26852,26853,1,0,0.12248916332357536
21527,26853,26854,1,1,0.37915637757595072
21528,26854,26855,2,0,0.15560077195780114
21529,26855,26856,2,0,0.21723571280981377
21530,26857,26858,3,0,0.088572554557145175
21531,26858,26859,4,1,0.58697582124117265
21532,26859,26860,1,0,0.040442494776516423
21533,26862,26863,5,0,0.070429925892242104
21534,26863,26864,3,0,0.13194002593525483
21535,26864,26865,4,0,0.15086185577745304
21536,26867,26868,2,0,0.16046660893785822
21537,26868,26869,2,0,0.066062195641496929
21538,26869,26870,2,0,0.1629674301122048
21539,26870,26871,3,1,0.39470040707857829
21540,26871,26872,2,0,0.040441786473933823
21541,26873,26874,5,0,0.24837674042134844
21542,26875,26876,4,0,0.123364741806855
21543,26876,26877,3,0,0.12029824428817672
21544,26877,26878,4,0,0.088442435065018754
21545,26879,26880,2,0,0.61098410730927211
21546,26882,26883,5,0,0.020729838008265677
21547,26883,26884,3,1,0.27712792223307431
21548,26884,26885,2,1,0.13125879633045615
21549,26885,26886,4,0,0.050712460737849872
21550,26886,26887,3,0,0.040266115519048226
21551,26887,26888,4,0,0.14614275624471673
21552,26888,26889,2,0,0.10585198737524135
21553,26889,26890,4,1,0.61972584971080069
21554,26890,26891,1,0,0.096623175159537208
21555,26891,26892,3,1,0.13718785316069709
21556,26894,26895,5,0,0.22252327803144054
21557,26895,26896,4,0,0.12400531507379842
21558,26896,26897,2,1,0.25538720958612049
21559,26897,26898,3,0,0.086242494211133072
21560,26898,26899,4,0,0.12414302243268001
21561,26899,26900,2,1,0.42501542374468781
21562,26900,26901,3,0,0.0084565846380349995
21563,26901,26902,5,0,0.22202594665055789
21564,26902,26903,4,0,0.087700495374143511
21565,26903,26904,1,0,0.079477739852445883
21566,26904,26905,2,0,0.080160259170719769
21567,26905,26906,2,0,0.0802110919048553
21568,26906,26907,4,0,0.1365911276698738
21569,26907,26908,4,0,0.23550895525958074
21570,26909,26910,4,0,0.044430310925281595
21571,26910,26911,2,0,0.56307495543859398
21572,26912,26913,3,0,0.11140837412130479
21573,26913,26914,2,1,0.22439956577371728
21574,26914,26915,5,1,0.79963058795984776
21575,26915,26916,5,0,0.068191783242139842
21576,26918,26919,3,0,0.26424693855801801
21577,26919,26920,1,1,0.18691051695902933
21578,26920,26921,3,0,0.04436348970306641
21579,26921,26922,2,1,0.031636581505802723
21580,26922,26923,1,0,0.16453395963196082
21581,26923,26924,2,0,0.10931491450442321
21582,26924,26925,4,0,0.13037969546088218
21583,26925,26926,1,1,0.59735414794943908
21584,26926,26927,1,0,0.03778819847486873
21585,26927,26928,3,0,0.060187752219052565
21586,26928,26929,1,0,0.27661355222198175
21587,26929,26930,5,1,0.63447429006658262
21588,26932,26933,2,1,0.19647628660428312
21589,26933,26934,5,0,0
21590,26934,26935,2,1,0.6029697578142158
21591,26935,26936,3,0,0.48223531140185832
21592,26936,26937,4,1,0.42786205787053933
21593,26937,26938,5,0,0.2002815210062843
21594,26939,26940,1,0,0
21595,26940,26941,1,0,0.11791400780791333
21596,26941,26942,4,0,0.034614232333976154
21597,26942,26943,3,1,0.67681283222891242
21598,26943,26944,4,1,0.38332764614069958
21599,26945,26946,1,0,0.13792634542119964
21600,26946,26947,4,0,0.2350425981910346
21601,26947,26948,2,1,0.64923443250062096
21602,26948,26949,2,0,0.091094144214420483
21603,26949,26950,4,0,0.06156183651933312
21604,26950,26951,5,0,0.047006534295823563
21605,26951,26952,5,0,0.38443885170706216
21606,26952,26953,5,0,0.16905721939421689
21607,26954,26955,1,0,0.085458724593130128
21608,26955,26956,5,0,0.054313220528836262
21609,26956,26957,1,0,0.08992881658442986
21610,26957,26958,4,0,0.053724317592533884
21611,26958,26959,5,0,0.075903237010401609
21612,26959,26960,1,0,0.010327721157795341
21613,26960,26961,5,0,0.19957208890457237
21614,26961,26962,1,0,0.12942448413702654
21615,26962,26963,3,0,0.021181549372952965
21616,26963,26964,1,0,0.060314054908630774
21617,26964,26965,1,0,0.17119257154958864
21618,26965,26966,2,1,0.39919224677477211
21619,26968,26969,4,0,0.14034151738912212
21620,26969,26970,3,0,0
21621,26970,26971,3,1,0.23030078013976144
21622,26971,26972,5,0,0.064957973014605805
21623,26972,26973,3,0,0.046148037325389392
21624,26973,26974,2,0,0
21625,26975,26976,1,0,0.28093193154078167
21626,26976,26977,3,0,0.094326744883657762
21627,26977,26978,1,0,0.073447116919507227
21628,26978,26979,4,0,0.67849628516352345
21629,26980,26981,2,0,0.1058323783492111
21630,26981,26982,5,0,0.13491887177841744
21631,26982,26983,5,0,0.12450568987422027
21632,26983,26984,2,0,0.043351740538313151
21633,26984,26985,1,0,0.080128071754023172
21634,26985,26986,4,0,0.16842029371628853
21635,26986,26987,2,0,0.050168457741811404
21636,26987,26988,4,0,0.096700392612835251
21637,26988,26989,5,0,0.081088970731981347
21638,26989,26990,5,0,0.05618827719783763
21639,26990,26991,1,0,0.2404457175867015
21640,26991,26992,4,0,0.10254737278106707
21641,26993,26994,2,0,1
21642,26994,26995,4,0,0.029296593789548974
21643,26995,26996,2,0,0.033344552833110309
21644,26996,26997,3,1,0.75332735630234704
21645,26997,26998,5,0,0.064914506912968059
21646,26998,26999,1,0,0.21950281688518122
21647,26999,27000,5,0,0.11192197605833466
21648,27000,27001,1,0,0.23675664850496939
21649,27001,27002,4,0,0.12030482079366649
21650,27002,27003,5,0,0.20576438442729914
21651,27003,27004,1,0,0.25187383285588089
21652,27005,27006,2,1,0.44218271963259093
21653,27006,27007,1,0,0.19409740093121375
21654,27007,27008,2,0,0.11179864629830195
21655,27008,27009,1,0,0.24380373930989818
21656,27009,27010,3,0,0.15697130787507199
21657,27010,27011,1,0,0.6758492259968355
21658,27011,27012,4,0,0.19908783536821048
21659,27012,27013,3,0,0.043518876301295958
21660,27013,27014,2,1,0.3297684757162716
21661,27014,27015,1,0,0.16082157478970818
21662,27015,27016,1,0,0.1567880163607995
21663,27016,27017,2,0,0.067866293044549358
21664,27018,27019,3,0,0.22886771845796283
21665,27019,27020,4,0,0.14068113692243736
21666,27021,27022,4,0,0.21805191885002667
21667,27022,27023,1,0,0.081299469590809748
21668,27025,27026,4,0,0.077211030278602918
21669,27026,27027,3,0,0.24969941152417957
21670,27027,27028,4,1,0.79693556854247649
21671,27028,27029,4,1,0.18259480020382476
21672,27029,27030,1,0,0.1684325549874115
21673,27030,27031,2,0,0.13819761047917142
21674,27031,27032,4,0,0.23682505782611377
21675,27032,27033,1,0,0.13678994204704401
21676,27033,27034,5,0,0.17143406400332822
21677,27034,27035,3,1,0.61233932126491231
21678,27035,27036,2,0,0.13958851250070786
21679,27036,27037,3,0,0.12229673545179406
21680,27037,27038,4,0,0.13695330663245861
21681,27038,27039,3,0,0.03148557574341055
21682,27039,27040,1,1,0.10563681305179476
21683,27040,27041,4,0,0.073392094553474854
21684,27041,27042,4,0,0.10228609966376816
21685,27043,27044,5,1,0.16367104104893199
21686,27044,27045,3,0,0.14949963732512089
21687,27045,27046,2,0,0.11233416504991554
21688,27046,27047,1,0,0.26830775673040796
21689,27047,27048,1,1,0.65182073805964635
21690,27048,27049,4,0,0.78118055317517321
21691,27049,27050,2,1,0.18366302896574158
21692,27050,27051,2,0,0.1071705314713471
21693,27051,27052,3,0,0.14676153209695408
21694,27052,27053,4,0,0.13105400579056725
21695,27054,27055,2,0,0.21942885126997297
21696,27055,27056,2,0,0.15129992371284084
21697,27056,27057,3,0,0.40629515348465128
21698,27057,27058,5,1,0.16099677622831318
21699,27059,27060,4,1,0.063229825928289046
21700,27060,27061,3,0,0.10268245694352342
21701,27061,27062,4,0,0.15479670293712491
21702,27062,27063,5,0,0.12557626923639698
21703,27063,27064,2,0,0.16364335817078599
21704,27064,27065,5,0,0.23001666184500813
21705,27065,27066,4,0,0.07467507745249613
21706,27066,27067,3,1,0.35485057921953322
21707,27067,27068,1,0,0.25165302945701606
21708,27068,27069,3,1,0.629700886603343
21709,27069,27070,5,0,0.12404808354692266
21710,27070,27071,3,0,0.0094221442070347265
21711,27071,27072,2,1,0.83271597324142443
21712,27072,27073,3,0,0.14707935566555705
21713,27073,27074,2,0,0.025270302864270188
21714,27074,27075,3,1,0.074881943224883202
21715,27075,27076,1,0,0.078802407142673489
21716,27076,27077,2,0,0.16125246089645931
21717,27077,27078,5,0,0.63410277124593506
21718,27078,27079,5,0,0.021822161516594406
21719,27079,27080,4,0,0.13195900671697208
21720,27080,27081,3,0,0.090254453108831026
21721,27081,27082,5,0,0.066095079016401631
21722,27082,27083,2,1,0.73571131605186024
21723,27083,27084,2,0,0.053562649730045687
21724,27084,27085,4,1,0.60128638820441727
21725,27085,27086,1,0,0.35349806231223313
21726,27086,27087,1,0,0.061108125906325993
21727,27087,27088,3,0,0.38564454573773133
21728,27089,27090,2,0,0.082410759951880824
21729,27091,27092,4,1,0.61172863593959137
21730,27093,27094,2,0,0.15801646669684299
21731,27094,27095,1,0,0.12399560487753077
21732,27096,27097,1,0,0.13783762714071754
21733,27098,27099,5,0,0.16724938023458583
21734,27099,27100,2,0,0.079386637862873172
21735,27100,27101,1,0,0.11995546935930691
21736,27101,27102,3,1,0.078506155586182083
21737,27102,27103,2,0,0.21306939612523879
21738,27103,27104,3,0,0.099236732434262384
21739,27104,27105,3,0,0.18795135448483197
21740,27105,27106,5,1,0.31027341504777151
21741,27107,27108,1,0,0.1489819731963973
21742,27108,27109,4,0,0.075286134411231845
21743,27109,27110,4,0,0.16720728382738062
21744,27110,27111,3,1,0.3222681068307886
21745,27111,27112,1,1,0.66135117970675672
21746,27112,27113,4,1,0.07120104026699943
21747,27114,27115,3,0,0.030952580852299089
21748,27116,27117,3,0,0.18935508792543904
21749,27117,27118,5,0,0.074665118118067086
21750,27118,27119,3,0,0.14556436135659093
21751,27119,27120,3,1,0.02836354140083449
21752,27121,27122,1,1,0.43413424478883855
21753,27122,27123,2,1,0.75650350597363436
21754,27123,27124,4,0,0.048435673963646814
21755,27124,27125,5,0,0.055864326315361271
21756,27125,27126,3,0,0.3242701250019589
21757,27126,27127,4,0,0.13840873092110872
21758,27127,27128,2,0,0.061154880895093501
21759,27128,27129,1,0,0.12815435859992236
21760,27129,27130,3,1,0.20837394879815155
21761,27130,27131,1,0,0.037861275845484779
21762,27131,27132,5,1,0.3415222081689776
21763,27132,27133,5,0,0.024144416995520609
21764,27134,27135,2,0,0.049609637444878459
21765,27136,27137,4,1,0.74951437810481347
21766,27137,27138,4,0,0.19258417906470782
21767,27138,27139,1,0,0.10107984881229141
21768,27139,27140,1,1,0.80061013675260628
21769,27140,27141,1,0,0.11081480917823038
21770,27141,27142,1,0,0.19002095796796978
21771,27145,27146,5,1,0.018257536583317743
21772,27146,27147,4,0,0.11215986563130348
21773,27147,27148,5,0,0.13593248022203311
21774,27148,27149,4,0,0.073424039412790132
21775,27149,27150,5,1,0.67142034105503468
21776,27150,27151,1,0,0.24799242613456404
21777,27151,27152,3,0,0.23114250756408714
21778,27152,27153,5,0,0.028425979466899336
21779,27153,27154,3,0,0.096939661815349881
21780,27154,27155,2,1,0.68500969906997067
21781,27155,27156,1,0,0.14591115926599171
21782,27156,27157,5,1,0.63896771595908575
21783,27157,27158,1,1,0.76026961791407854
21784,27158,27159,4,1,0.17382357568111259
21785,27159,27160,3,1,0.18072406624809609
21786,27162,27163,4,0,0.079817184999838448
21787,27163,27164,1,0,0.74325259372615549
21788,27164,27165,5,0,0.16960906005591761
21789,27166,27167,1,0,0.40459648557603439
21790,27167,27168,3,1,0.20439314231424963
21791,27169,27170,1,0,0.023612103877794909
21792,27170,27171,3,0,0.085299919298908192
21793,27172,27173,3,0,0.23743881046421517
21794,27174,27175,4,0,0.10368934336675489
21795,27175,27176,5,0,0.12881481479501558
21796,27176,27177,5,0,0.38171727221570989
21797,27177,27178,2,0,0.040121455581064537
21798,27178,27179,4,1,0.49241739286910663
21799,27179,27180,2,0,0.038764225080994016
21800,27182,27183,2,0,0.034501432246045065
21801,27186,27187,4,0,0.12977338963424048
21802,27187,27188,2,0,0.057575653683745426
21803,27188,27189,3,0,0.13620884400271394
21804,27191,27192,4,0,0.17883456720649879
21805,27192,27193,4,1,0.89491478974888761
21806,27193,27194,4,1,0.14787993547424236
21807,27194,27195,5,0,0.07362925963328143
21808,27195,27196,4,1,0.51354397549285669
21809,27196,27197,5,1,0.21961013338072849
21810,27197,27198,4,0,0.1159078311903141
21811,27199,27200,5,0,0.21877205875355896
21812,27200,27201,3,0,0.20217782469341866
21813,27203,27204,4,0,0.14216897731941261
21814,27204,27205,3,0,0.18312557597250489
21815,27205,27206,4,0,0.24088589150165232
21816,27206,27207,1,0,0.057236803559462292
21817,27207,27208,3,0,0.2124491843298924
21818,27208,27209,3,0,0.17122944332210932
21819,27209,27210,3,1,0.33788633197288692
21820,27210,27211,1,0,0.13743255062651757
21821,27211,27212,2,1,0.58607876175763807
21822,27212,27213,4,0,0.066297230055992862
21823,27213,27214,4,1,0.72376230921549878
21824,27214,27215,5,0,0.7835709510214266
21825,27215,27216,1,0,0.11661867722152554
21826,27216,27217,2,1,0.76858665446666041
21827,27217,27218,3,1,0.52552916510542813
21828,27218,27219,1,0,0.12881402624044969
21829,27219,27220,3,0,0.095882374854979135
21830,27220,27221,2,0,0.038708553048972111
21831,27222,27223,3,1,0.23039305310689828
21832,27223,27224,1,0,0.10941415383062483
21833,27224,27225,3,1,0.15908900261205663
21834,27225,27226,2,0,0.21735057679658931
21835,27227,27228,2,0,0.10552326685973494
21836,27229,27230,1,0,0.11215051930276537
21837,27231,27232,3,0,0.049112137652632844
21838,27233,27234,2,0,0.096072764538454411
21839,27234,27235,1,0,0.10146044278870592
21840,27236,27237,4,1,0.16289121656139127
21841,27237,27238,4,0,0.1432629110001884
21842,27239,27240,4,0,0.094628599210711956
21843,27240,27241,4,0,0.1335224111404012
21844,27241,27242,5,0,0.65113405777251976
21845,27242,27243,1,1,0.10644379364356456
21846,27244,27245,2,0,0.24707068864329371
21847,27245,27246,2,0,0.096523134923348047
21848,27246,27247,2,0,0.38208283567115681
21849,27247,27248,5,0,0
21850,27248,27249,2,0,0.0097011538407464452
21851,27249,27250,4,0,0.12100969990765688
21852,27251,27252,5,0,0.054417010534957205
21853,27252,27253,2,0,0.10120157153198553
21854,27253,27254,3,1,0.34131297630375934
21855,27254,27255,4,0,0.84374293892245344
21856,27255,27256,1,0,0.16615622667839497
21857,27256,27257,2,0,0.080013834563663858
21858,27258,27259,4,0,0.10525551523727129
21859,27259,27260,4,1,0.66043792818336622
21860,27260,27261,3,0,0.067317477703294937
21861,27261,27262,2,0,0.59385274033611157
21862,27262,27263,1,1,0.76299630484684255
21863,27263,27264,1,1,0.41773176666952344
21864,27265,27266,4,0,0.35132715359359901
21865,27266,27267,1,0,0.1092856592830766
21866,27267,27268,3,1,0.59431623928149524
21867,27268,27269,2,0,0.10373675663636302
21868,27270,27271,3,0,0.1193339686786708
21869,27271,27272,2,0,0.13987272358929603
21870,27272,27273,1,0,0.12735286474688917
21871,27273,27274,2,1,0.35953452287459853
21872,27274,27275,4,0,0.20663116425150979
21873,27276,27277,1,1,0.78798394999969978
21874,27279,27280,5,0,0.11754134110961093
21875,27280,27281,3,0,0.0981845158380832
21876,27281,27282,1,0,0.42708733205213556
21877,27282,27283,2,0,0.20478718200257531
21878,27283,27284,4,0,0.043665742215962811
21879,27284,27285,4,1,0.12862539935161865
21880,27285,27286,5,0,0.062715324093559899
21881,27286,27287,5,0,0.18292513982897929
21882,27287,27288,1,0,0.16148604924103155
21883,27288,27289,4,1,0.12025317466815764
21884,27291,27292,1,0,0.23476815910155177
21885,27292,27293,1,0,0.029332866124228169
21886,27293,27294,5,0,0.17610501997106084
21887,27294,27295,2,0,0.16147312900387367
21888,27295,27296,1,1,0
21889,27297,27298,1,1,0.22873769676107375
21890,27298,27299,1,1,0.41894094572602131
21891,27299,27300,2,0,0.049579012460462146
21892,27300,27301,5,0,0.098988304212308212
21893,27301,27302,3,0,0.14198236490403299
21894,27303,27304,1,0,0.03067683342150718
21895,27304,27305,4,0,0.011626021978956107
21896,27305,27306,1,0,0.055232050116801483
21897,27306,27307,1,0,0.10042814895760752
21898,27307,27308,2,0,0.12499280963660726
21899,27308,27309,4,0,0.58539336133569841
21900,27310,27311,3,0,0.23916764771081087
21901,27311,27312,1,0,0.30952167613709364
21902,27312,27313,5,0,0.17654782093514651
21903,27313,27314,1,0,0.16570881430089374
21904,27315,27316,3,0,0.13955110513204172
21905,27316,27317,4,0,0.2401636719653461
21906,27317,27318,3,0,0.11640150482447106
21907,27318,27319,5,0,0.27386580324130599
21908,27319,27320,2,0,0.27507101841879922
21909,27321,27322,3,1,0.038809215451183182
21910,27322,27323,3,0,0.077592273010310991
21911,27324,27325,4,0,0.040137237427627322
21912,27325,27326,2,0,0.13503592864218231
21913,27326,27327,3,0,0.10398642938706396
21914,27327,27328,4,0,0.1168956174475253
21915,27328,27329,2,1,0.11652328358786947
21916,27329,27330,5,0,0.23566569351875677
21917,27331,27332,5,0,0.076913266122351012
21918,27332,27333,2,0,0.13585875079698451
21919,27333,27334,4,0,0.29912666994071491
21920,27334,27335,2,0,0.096923338304516993
21921,27335,27336,2,0,0.09650825620294351
21922,27336,27337,5,1,0.59173576661380456
21923,27337,27338,3,0,0.089482091983599008
21924,27338,27339,4,0,0.11698920587702157
21925,27339,27340,1,0,0.38314539922437896
21926,27340,27341,3,0,0.21061986681434511
21927,27341,27342,2,0,0.11480542287866365
21928,27344,27345,1,0,0.067392223734466142
21929,27345,27346,4,1,0.078667968636283739
21930,27346,27347,5,0,0.12523118259704749
21931,27347,27348,3,1,0.23016451230225596
21932,27350,27351,5,1,0.14842702499490235
21933,27353,27354,2,1,0.59050482739795163
21934,27354,27355,1,1,0.34844449016686074
21935,27355,27356,5,0,0.18204747802425866
21936,27357,27358,3,0,0
21937,27358,27359,3,0,0.021489581633444124
21938,27359,27360,3,0,0.3099105422151251
21939,27360,27361,3,0,0.60921873063525711
21940,27361,27362,3,1,0.15406894497838947
21941,27363,27364,3,0,0.13632675105368736
21942,27365,27366,1,0,0.20671630140774896
21943,27366,27367,5,0,0.0084434650616892135
21944,27367,27368,2,0,0.69160848691208532
21945,27369,27370,2,0,0.081179021855024236
21946,27371,27372,4,0,0.025454479068612038
21947,27372,27373,4,1,0.62686711430175135
21948,27373,27374,2,0,0.17531523386428802
21949,27374,27375,4,1,0.17369756536753495
21950,27375,27376,4,1,0.23382852135492721
21951,27376,27377,4,0,0.080069276754239319
21952,27377,27378,1,0,0.12203599685996171
21953,27378,27379,4,0,0.10980924663701148
21954,27379,27380,4,0,0.18329050473390468
21955,27380,27381,5,0,0.04471090774239652
21956,27381,27382,2,0,0.09837220587372969
21957,27382,27383,4,0,0.055679740395709776
21958,27383,27384,3,0,0.047462512878377293
21959,27384,27385,3,1,0.62588944593061535
21960,27385,27386,1,0,0.11400630023826841
21961,27386,27387,5,1,0.67083949642121932
21962,27388,27389,2,0,0.22371906224356666
21963,27389,27390,2,1,0.2004692413982519
21964,27390,27391,4,0,0.085761158308871432
21965,27391,27392,4,0,0.040049490300992599
21966,27392,27393,4,0,0.080098552505019613
21967,27393,27394,4,1,0.65475992291331875
21968,27394,27395,4,0,0.051319115320932862
21969,27395,27396,4,0,0.048739487631697505
21970,27396,27397,3,0,0.36860418616418961
21971,27398,27399,1,0,0.15554640299888531
21972,27399,27400,3,0,0.14566870958912057
21973,27400,27401,1,0,0.14325523689379344
21974,27401,27402,3,0,0.12853088810749216
21975,27403,27404,2,0,0.061848904494128054
21976,27404,27405,4,0,0.15946733434031904
21977,27405,27406,3,0,0.46225625730963371
21978,27406,27407,2,0,0.17836069433988294
21979,27407,27408,4,0,0.15259665725880206
21980,27408,27409,5,0,0.19930543780524529
21981,27409,27410,4,0,0.10828270308075875
21982,27410,27411,5,0,0.084331353981571933
21983,27411,27412,2,0,0.12495004249239353
21984,27412,27413,2,0,0.12005842998831419
21985,27413,27414,1,0,0.13389694261962998
21986,27414,27415,5,0,0.11688898359789948
21987,27415,27416,4,1,0.3994394773525301
21988,27416,27417,3,1,0.17425434684231117
21989,27417,27418,5,0,0.10180705487471541
21990,27418,27419,2,0,0.056922599732020469
21991,27420,27421,2,0,0.37812256303911429
21992,27421,27422,4,0,0.19965647636208403
21993,27423,27424,5,0,0.094856941036372752
21994,27425,27426,4,1,0.043420910019281243
21995,27426,27427,1,0,0.20405979132076602
21996,27427,27428,2,1,0.34495249287215624
21997,27429,27430,3,0,0.05188904290418276
21998,27430,27431,3,1,0.11136487755089419
21999,27431,27432,4,1,0.14718072782422603
22000,27432,27433,1,0,0.27744413756493896
22001,27434,27435,5,1,0.21904732698572876
22002,27435,27436,3,0,0.11539558907239633
22003,27436,27437,1,0,0.17754326235352422
22004,27437,27438,5,0,0.079665239096788104
22005,27438,27439,5,0,0.031424592833507209
22006,27439,27440,4,0,0.72542525151406301
22007,27440,27441,2,1,0.64225846593693925
22008,27441,27442,1,1,0.36113516295066295
22009,27442,27443,1,0,0.4403506081332566
22010,27444,27445,5,0,0.02311123270185212
22011,27445,27446,3,0,0.10684378098485453
22012,27446,27447,1,0,0.07866586742952969
22013,27448,27449,4,1,0.26689355770357526
22014,27451,27452,4,0,0.14966709596383454
22015,27452,27453,1,1,0.67606624591336972
22016,27453,27454,5,1,0.74656516353835933
22017,27455,27456,4,0,0.18871458454773399
22018,27456,27457,1,0,0.20741946082216847
22019,27457,27458,1,1,0.1694443368697722
22020,27458,27459,3,0,0.63423270960168066
22021,27459,27460,1,0,0.062490612394427186
22022,27461,27462,4,0,0.19555335805446925
22023,27462,27463,4,0,0.071971034811332157
22024,27463,27464,5,0,0.47664729165918834
22025,27465,27466,4,0,0.14250092604723971
22026,27466,27467,2,0,0.14000693181557428
22027,27467,27468,3,1,0.65193741331151622
22028,27468,27469,4,0,0.13419034616177386
22029,27469,27470,2,0,0.49057256388225989
22030,27470,27471,3,1,0.62845342956036021
22031,27471,27472,2,0,0.05895506257814543
22032,27473,27474,5,1,0.56602281817815037
22033,27474,27475,4,0,0.055947518132589587
22034,27476,27477,5,0,0.66608256284809253
22035,27477,27478,2,0,0.47618290951910791
22036,27478,27479,5,0,0.089826352996878203
22037,27479,27480,1,0,0.15317156253588837
22038,27480,27481,3,0,0.043673772011158442
22039,27482,27483,5,0,0.6467778248080438
22040,27483,27484,4,0,0.40536576427919641
22041,27484,27485,2,1,0.73609742699850167
22042,27485,27486,1,1,0.80458704753839683
22043,27487,27488,1,0,0.16382239514174227
22044,27488,27489,5,0,0.1746713746318404
22045,27490,27491,3,0,0.15286941386463795
22046,27491,27492,1,0,0.11519660807285673
22047,27492,27493,2,0,0.2550733430286139
22048,27494,27495,1,0,0.29408858565545909
22049,27496,27497,5,0,0.14881769872202052
22050,27497,27498,2,0,0.31973262756765453
22051,27499,27500,3,1,0.84593382005206841
22052,27500,27501,5,0,0.11354920416295074
22053,27501,27502,2,1,0.1713496082755129
22054,27502,27503,4,0,0.31850077362216178
22055,27503,27504,3,0,0.23288237738875342
22056,27504,27505,4,0,0.062046491442687757
22057,27505,27506,4,0,0.076837044041533964
22058,27507,27508,3,1,0.13874431400588935
22059,27508,27509,1,0,0.15018431011325623
22060,27509,27510,4,1,0.45772136547171771
22061,27510,27511,4,0,0.65279473041306935
22062,27511,27512,4,1,0.32244994360136603
22063,27512,27513,3,0,0.062152290220479391
22064,27515,27516,4,0,0.20335345449973685
22065,27517,27518,2,0,0.1737783829781413
22066,27518,27519,2,0,0.20979131483250124
22067,27519,27520,2,0,0.072112599919704798
22068,27520,27521,5,1,0.13756657121910784
22069,27521,27522,2,0,0.39423472422850009
22070,27522,27523,2,1,0.14642547535551464
22071,27523,27524,5,1,0.23374211010262252
22072,27524,27525,5,0,0.1657758764569699
22073,27525,27526,1,0,0.15236614755089453
22074,27526,27527,5,1,0.23483049336416606
22075,27529,27530,1,0,0.4945721815430425
22076,27530,27531,5,0,0.1193591311484382
22077,27533,27534,2,1,0.54421618531004101
22078,27534,27535,2,0,0.20625504941370734
22079,27535,27536,5,1,0.65329041809327726
22080,27537,27538,4,0,0.23626338951158377
22081,27538,27539,5,0,0.11124315329671768
22082,27540,27541,3,1,0.15771432464110446
22083,27541,27542,3,0,0.075474090665968149
22084,27542,27543,2,0,0.31095014484443045
22085,27543,27544,3,1,0.23803831555635535
22086,27544,27545,2,0,0.49624590637200783
22087,27545,27546,3,1,0.082318149957860215
22088,27546,27547,1,0,0.26709473197770223
22089,27547,27548,5,1,0.20811858322554322
22090,27548,27549,3,1,0.71500434133864865
22091,27549,27550,3,1,0.70733718488901276
22092,27550,27551,3,1,0.46212575674454603
22093,27551,27552,2,0,0.039590395618939705
22094,27552,27553,4,0,0.059634806246918866
22095,27553,27554,5,1,0.57217009128799912
22096,27555,27556,2,0,0.12025192351305773
22097,27556,27557,4,1,0.7073282023840447
22098,27557,27558,5,0,0.13219739256594859
22099,27558,27559,1,0,0.14853674019409022
22100,27559,27560,4,0,0.16737017146689967
22101,27560,27561,3,0,0.22577379434220762
22102,27562,27563,3,0,0.20304913925019363
22103,27564,27565,4,1,0.14549064112801854
22104,27565,27566,1,0,0.19075327459076516
22105,27567,27568,5,0,0.11537682336678665
22106,27568,27569,2,0,0.28971968137050153
22107,27569,27570,3,1,0.11997315345846998
22108,27570,27571,5,0,0.10701037788350938
22109,27571,27572,4,0,0.069196966289989753
22110,27573,27574,1,0,0.0672581043167709
22111,27574,27575,4,0,0.20266811177611629
22112,27575,27576,4,0,0.13703670670918694
22113,27576,27577,3,0,0.17701508063640789
22114,27577,27578,4,1,0.28694697154426602
22115,27578,27579,1,0,0.16694617863209396
22116,27579,27580,2,1,0.69996543712916526
22117,27581,27582,5,0,0.70440408560654677
22118,27582,27583,3,0,0.28958315292153247
22119,27583,27584,5,0,0.12323114162588079
22120,27584,27585,5,1,0.084316793224870817
22121,27586,27587,3,0,0.3464980347956203
22122,27587,27588,3,1,0.17002905912873065
22123,27588,27589,2,0,0.12258895258429063
22124,27589,27590,3,1,0.46721505043033806
22125,27590,27591,5,0,0.081900463127959261
22126,27591,27592,5,0,0.36734646169978852
22127,27592,27593,1,1,0.15329697840595483
22128,27593,27594,1,0,0.18018424898222174
22129,27594,27595,5,0,0.23035489179192606
22130,27597,27598,3,0,0.11219502982378975
22131,27599,27600,2,1,0.65103983770274076
22132,27600,27601,2,0,0.099478253261808605
22133,27601,27602,1,0,0.12336899386651114
22134,27603,27604,5,0,0.021768091820491466
22135,27604,27605,5,0,0.26618729853759843
22136,27606,27607,5,1,0.2172949327823937
22137,27608,27609,3,0,0.035885923541164953
22138,27609,27610,1,0,0.11377140468831135
22139,27610,27611,3,0,0.073408948877580329
22140,27612,27613,4,1,0.71920335494911569
22141,27614,27615,4,0,0.027471758400142366
22142,27615,27616,4,1,0.75178679632981527
22143,27617,27618,2,0,0.33915589289933357
22144,27618,27619,5,1,0.55467728260735338
22145,27619,27620,4,1,0.21550649649274253
22146,27620,27621,2,0,0.080111071674772424
22147,27621,27622,2,0,0.19401098324430857
22148,27622,27623,2,0,0.1304337542978086
22149,27624,27625,3,0,0.13374120658639613
22150,27626,27627,5,0,0.12044542503989861
22151,27628,27629,1,0,0.097239248775242718
22152,27629,27630,2,0,0.10508142204692024
22153,27630,27631,1,1,0.63349907453065013
22154,27632,27633,5,0,0.22719391325240804
22155,27634,27635,4,0,0.16670389196036825
22156,27637,27638,2,0,0.20542734021552292
22157,27638,27639,5,0,0.24756956620652693
22158,27639,27640,3,0,0.38764170774872797
22159,27642,27643,5,0,0.039558334322626731
22160,27644,27645,2,0,0.064285588323703097
22161,27645,27646,1,0,0.061854486798620448
22162,27646,27647,3,0,0.083569222019259218
22163,27647,27648,5,0,0.12682016919625255
22164,27648,27649,2,0,0.096148816356986605
22165,27651,27652,4,0,0.25074497811983826
22166,27653,27654,3,1,0.49066295762445938
22167,27654,27655,1,1,0.21872720628336448
22168,27655,27656,5,0,0.094379748629794688
22169,27656,27657,5,1,0.15690921371123753
22170,27657,27658,4,0,0.73654860035475089
22171,27658,27659,5,0,0.3678768229743396
22172,27659,27660,2,1,0.57966930341893641
22173,27660,27661,1,0,0.18263327206714719
22174,27661,27662,2,1,0.19769903986939014
22175,27663,27664,1,1,0.31860518639511815
22176,27664,27665,2,1,0.75275683376126334
22177,27665,27666,2,1,0.1759783452234783
22178,27666,27667,1,0,0.050128593255650174
22179,27667,27668,3,0,0.12894434946179192
22180,27670,27671,3,1,0.56470133462359973
22181,27671,27672,3,0,0.20235696137349807
22182,27673,27674,1,1,0.24341875551870518
22183,27674,27675,2,0,0.17501670919466783
22184,27677,27678,1,0,0.11830206819618697
22185,27678,27679,5,0,0.10606963409464533
22186,27680,27681,1,0,0.13704522165679953
22187,27681,27682,5,0,0.21343906161647777
22188,27682,27683,2,0,0.1966695687780827
22189,27684,27685,4,0,0.086179028726964077
22190,27686,27687,2,0,0.12923181016932744
22191,27687,27688,1,1,0.19078543466946443
22192,27688,27689,5,1,0.17410004270204682
22193,27691,27692,3,0,0.033824379014430958
22194,27692,27693,3,0,0.048914974866703938
22195,27693,27694,1,0,0.26653010109251413
22196,27694,27695,3,0,0.10137945146997743
22197,27695,27696,4,0,0.030445202337843577
22198,27697,27698,4,0,0.064711397897695921
22199,27698,27699,2,0,0.20918045358214066
22200,27699,27700,2,0,0.2475624566520794
22201,27700,27701,5,0,0.15043737628981599
22202,27702,27703,4,0,0.2952678423572726
22203,27706,27707,4,1,0.14625045754794799
22204,27707,27708,1,0,0.01873216383793376
22205,27709,27710,1,0,0.12073236038309454
22206,27710,27711,3,0,0.095089755091370062
22207,27711,27712,5,0,0.15481180362233515
22208,27712,27713,3,0,0.066325458387814867
22209,27713,27714,3,0,0.14091402899746971
22210,27714,27715,5,0,0.038348614286094172
22211,27715,27716,2,0,0.24982669378790376
22212,27716,27717,3,0,0.10789464165713226
22213,27718,27719,1,1,0.71408386488997055
22214,27719,27720,5,0,0.18041724778659798
22215,27720,27721,1,1,0.21792804624096834
22216,27722,27723,2,0,0.53458863661563882
22217,27723,27724,1,0,0.70918793697194671
22218,27724,27725,5,0,0.19734741421754931
22219,27725,27726,1,0,0.21879497139231249
22220,27726,27727,2,0,0.14159977389555398
22221,27727,27728,5,1,0.22735902965829288
22222,27729,27730,1,0,0.093027755937150403
22223,27731,27732,5,0,0.24698745955888096
22224,27734,27735,4,0,0.1158957547873968
22225,27735,27736,2,0,0.19445523001815648
22226,27736,27737,5,1,0.54469257165615248
22227,27737,27738,3,0,0.25334933457853687
22228,27738,27739,1,0,0.12496610956463236
22229,27739,27740,5,1,0.1944011097832446
22230,27741,27742,3,0,0.14928618405770261
22231,27742,27743,3,0,0.69216879760637573
22232,27746,27747,4,0,0.10846141878646734
22233,27747,27748,1,1,0.70268829504490737
22234,27749,27750,2,0,0.04641066223556517
22235,27750,27751,4,0,0.36200768009370832
22236,27751,27752,4,0,0.01720473782545481
22237,27752,27753,2,0,0.084207943405375962
22238,27753,27754,2,0,0.1129387005722946
22239,27754,27755,5,1,0.38526744457854412
22240,27755,27756,4,0,0.16066752495024805
22241,27756,27757,3,0,0.25113967937213594
22242,27757,27758,5,1,0.15344798555177686
22243,27758,27759,4,0,0.25024859575445901
22244,27759,27760,4,1,0.53779615253604751
22245,27761,27762,5,0,0.12405091880110851
22246,27762,27763,3,0,0.30819420461202268
22247,27763,27764,2,0,0.14511295894789364
22248,27765,27766,1,0,0
22249,27767,27768,1,0,0.20293100980010437
22250,27768,27769,3,0,0.076368646124306397
22251,27769,27770,5,0,0.13183355749100137
22252,27770,27771,1,0,0.18684252201866941
22253,27771,27772,5,0,0.040424863686829259
22254,27772,27773,1,1,0.18745879771345716
22255,27773,27774,1,1,0.43260990082687201
22256,27774,27775,4,0,0.042045106093677814
22257,27775,27776,5,0,0.32848052174570641
22258,27777,27778,1,0,0.06017747465515589
22259,27778,27779,4,0,0.21199253120329728
22260,27779,27780,4,0,0.13718298527234246
22261,27780,27781,1,0,0.060955600674286438
22262,27781,27782,1,0,0.081453731553354447
22263,27783,27784,4,0,0.031121558241548612
22264,27786,27787,3,0,0.076597428952611957
22265,27787,27788,5,0,0.16401684994420404
22266,27788,27789,2,0,0.20357817110216253
22267,27789,27790,3,0,0.11937396136948716
22268,27790,27791,5,1,0.68684794137785732
22269,27791,27792,5,0,0.057727271838214619
22270,27792,27793,2,0,0.084812112586918467
22271,27794,27795,1,0,0.037653914271939683
22272,27795,27796,4,0,0.13461566174314576
22273,27797,27798,5,0,0.13567595503524676
22274,27798,27799,5,0,0.047735247757897031
22275,27799,27800,1,1,0.62663505180280077
22276,27800,27801,3,1,0.68866047184441748
22277,27801,27802,5,0,0.23112428197064411
22278,27802,27803,3,0,0.056331124165160652
22279,27803,27804,3,0,0.17580132694267084
22280,27804,27805,3,1,0.36370949913064493
22281,27805,27806,5,0,0.062798438441076548
22282,27806,27807,4,0,0.084543954047478193
22283,27807,27808,3,1,0.06623583933982824
22284,27808,27809,2,0,0.10778061828266834
22285,27809,27810,5,0,0.62593636288002941
22286,27810,27811,2,0,0.21208926002954601
22287,27811,27812,4,0,0.10731825106814584
22288,27812,27813,3,1,0.30791083823135629
22289,27813,27814,5,0,0.36527937351870365
22290,27814,27815,3,0,0.12355288268204025
22291,27816,27817,1,0,0.14746331460801754
22292,27817,27818,3,0,0.0745365404978863
22293,27818,27819,5,0,0.10534125829825775
22294,27819,27820,3,0,0.10803312204981549
22295,27820,27821,5,0,0.30245618122766249
22296,27821,27822,1,0,0.052276466230366109
22297,27823,27824,4,1,0.4284799156956704
22298,27824,27825,5,0,0.10566601972724511
22299,27825,27826,4,0,0.16766500523699893
22300,27826,27827,5,1,0.63032432166593078
22301,27827,27828,4,0,0.047738081019424422
22302,27828,27829,4,0,0.090963266459578765
22303,27829,27830,4,0,0.2679049478812795
22304,27830,27831,2,0,0.10086192799415337
22305,27831,27832,3,0,0.039786678816898957
22306,27832,27833,3,0,0.04712854317332682
22307,27833,27834,5,1,0.36394705003039857
22308,27835,27836,2,0,0.10491604267871855
22309,27837,27838,2,1,0.1764646265042315
22310,27838,27839,1,0,0.32816588653669332
22311,27839,27840,2,1,0.76153575191568956
22312,27840,27841,1,0,0.31198230975714181
22313,27841,27842,5,0,0.6035336316448604
22314,27842,27843,5,0,0.44806066346581341
22315,27844,27845,1,0,0.03991988960842674
22316,27845,27846,4,1,0.75913262971997686
22317,27846,27847,3,0,0.06331547726241403
22318,27847,27848,2,0,0.28333645547457875
22319,27848,27849,5,0,0.032936761653410224
22320,27850,27851,3,0,0.12485692255099222
22321,27852,27853,1,1,0.68204161707538491
22322,27853,27854,4,1,0.49994679842532264
22323,27855,27856,5,0,0.065718372003855274
22324,27856,27857,5,0,0.17494386231828388
22325,27857,27858,4,1,0.7571710228814662
22326,27858,27859,4,1,0.68077449010657676
22327,27859,27860,2,0,0.13846623273935812
22328,27860,27861,3,0,0.14219023340867987
22329,27861,27862,5,0,0.051849050418445494
22330,27862,27863,3,0,0.034225779631557381
22331,27863,27864,3,0,0.18709174282945643
22332,27865,27866,3,0,0.14554494473605065
22333,27867,27868,3,0,0.077437401498408567
22334,27869,27870,5,0,0.071151986387931118
22335,27871,27872,2,0,0.12813328414766106
22336,27872,27873,4,0,0.36436222977141419
22337,27874,27875,3,0,0.043931335648125056
22338,27875,27876,1,1,0.41476949453420164
22339,27876,27877,1,0,0.047175768872874217
22340,27877,27878,4,0,0.069196285495714493
22341,27878,27879,4,0,0.45538543783979524
22342,27879,27880,4,0,0.029371193479980295
22343,27880,27881,2,0,0.40481503601335206
22344,27881,27882,4,0,0.020174790357473143
22345,27882,27883,3,0,0.063231937474034022
22346,27884,27885,3,0,0.040989733924414531
22347,27886,27887,3,0,0.07314859207948915
22348,27887,27888,4,0,0.24487034591010864
22349,27888,27889,3,0,0.42391410635755283
22350,27889,27890,3,0,0.13182445002400583
22351,27890,27891,2,0,0.038957236478850556
22352,27891,27892,3,0,0.13729070464502913
22353,27892,27893,1,0,0.057405634829834018
22354,27895,27896,1,0,0.097949475686054555
22355,27896,27897,4,0,0.091315031270220851
22356,27897,27898,3,0,0.080204848110939947
22357,27898,27899,1,0,0.14616837880545963
22358,27899,27900,5,0,0.038707574502966392
22359,27901,27902,1,0,0.1025697916283739
22360,27903,27904,2,0,0.12534748005601934
22361,27904,27905,2,0,0.30323905615009827
22362,27905,27906,2,0,0.075989902246796859
22363,27906,27907,1,0,0.11109188023165649
22364,27907,27908,5,0,0.10520944193564004
22365,27908,27909,3,0,0.10536040737684327
22366,27909,27910,2,1,0.46493577151538967
22367,27910,27911,1,0,0.4596112902832436
22368,27911,27912,5,0,0.14187515461889735
22369,27912,27913,3,1,0.070020075274556226
22370,27913,27914,1,0,0.63515830386768357
22371,27914,27915,1,0,0.084071308393919103
22372,27917,27918,5,1,7.4655992148216279e-06
22373,27918,27919,1,0,0.023121158452498673
22374,27919,27920,2,0,0.50644080748770393
22375,27920,27921,2,0,0.48888842520765552
22376,27921,27922,4,0,0.052364570366221191
22377,27923,27924,2,0,0.11179394254772357
22378,27924,27925,1,0,0.052005331571573339
22379,27926,27927,4,0,0.079537802471769559
22380,27928,27929,3,0,0
22381,27929,27930,2,1,0.58444898266159229
22382,27930,27931,4,0,0.69067012097544844
22383,27931,27932,1,0,0.059059323488948219
22384,27932,27933,1,1,0.66141755494875154
22385,27933,27934,4,0,0.088011435261054316
22386,27936,27937,2,0,0.20677019930778254
22387,27937,27938,3,1,0.39936733808609659
22388,27938,27939,1,0,0.015837356530914302
22389,27940,27941,5,0,0.039768098615451206
22390,27941,27942,1,0,0.076812370528368645
22391,27942,27943,3,0,0.067032609226097814
22392,27944,27945,1,0,0.046485357722765248
22393,27946,27947,3,0,0.19510039354542943
22394,27947,27948,4,0,0.36791672222217858
22395,27949,27950,2,0,0.037053940905705796
22396,27950,27951,5,1,0.43689630580773281
22397,27951,27952,3,0,0.3884923157804433
22398,27952,27953,5,0,0.084358956021734141
22399,27954,27955,4,1,0.12521573454933999
22400,27955,27956,1,0,0.21319941475625856
22401,27957,27958,3,0,0.668987606924209
22402,27958,27959,3,1,0.71431087964912343
22403,27959,27960,1,0,0.24346381700490402
22404,27961,27962,2,0,0.241557483786803
22405,27963,27964,4,1,0.13500815191890331
22406,27964,27965,4,0,0.23527525747389239
22407,27965,27966,1,0,0.24417049979280972
22408,27966,27967,5,0,6.2992591945224025e-06
22409,27967,27968,1,0,0.075889056983998893
22410,27968,27969,5,0,0.22534676755920216
22411,27969,27970,4,0,0.074163121810071939
22412,27970,27971,1,0,0.057455330250591491
22413,27971,27972,5,1,0.38840746334269899
22414,27972,27973,4,0,0.087601354881772217
22415,27973,27974,5,0,0.17877468977136696
22416,27974,27975,2,0,0.11621917102209306
22417,27975,27976,4,0,0.14518299670681609
22418,27976,27977,5,0,0.0733325117165778
22419,27977,27978,4,0,0.23146146080078087
22420,27978,27979,1,0,0.1679924330150358
22421,27980,27981,1,0,0.076577189241034252
22422,27983,27984,4,1,0.2223593206903777
22423,27984,27985,5,0,0.20716321158806464
22424,27987,27988,3,1,0.16065494232525146
22425,27988,27989,3,0,0.036909650638730356
22426,27989,27990,2,0,0.14837222941588749
22427,27990,27991,2,0,0.033668563141729169
22428,27992,27993,3,0,0.070864464679147421
22429,27994,27995,5,0,0.041787397889630019
22430,27996,27997,4,0,0.073553470332771556
22431,27997,27998,1,0,0.18106283416566454
22432,27998,27999,1,0,0.080700453898077118
22433,27999,28000,5,0,0.30732641155799995
22434,28000,28001,1,1,0.58471037248326618
22435,28001,28002,4,0,0.04077733410503747
22436,28002,28003,1,0,0.23366951967725241
22437,28004,28005,3,1,0.44193217487151731
22438,28005,28006,4,0,0.01822146297351325
22439,28006,28007,4,0,0.10944497986602451
22440,28007,28008,1,0,0.018058186996489627
22441,28008,28009,3,0,0.30956072950909252
22442,28009,28010,3,0,0.17041711544312521
22443,28010,28011,5,0,0.1275341324233947
22444,28012,28013,2,0,0.095612340943486446
22445,28013,28014,2,0,0.12606820429226595
22446,28015,28016,2,1,0.44013763625276647
22447,28016,28017,1,1,0.14299402253361448
22448,28017,28018,1,0,0.048913929645146056
22449,28018,28019,3,1,0.26129032014922621
22450,28019,28020,5,1,0.31024877017146457
22451,28020,28021,2,0,0.67642789498226941
22452,28021,28022,2,0,0.10197389490753668
22453,28022,28023,2,0,0.074589860914975478
22454,28023,28024,5,0,0.042318736640309253
22455,28024,28025,5,0,0.062174817118133434
22456,28025,28026,3,1,0.14502473419388917
22457,28026,28027,3,0,0.25877059011109693
22458,28027,28028,2,0,0.19733880372094392
22459,28028,28029,1,1,0.15604149857765695
22460,28029,28030,3,0,0.12855652456705571
22461,28030,28031,4,1,0.19340220634961791
22462,28031,28032,5,0,0.16717899572704217
22463,28033,28034,5,0,0.19527917698777028
22464,28034,28035,3,0,0.090739026100962947
22465,28035,28036,2,0,0.14157080098252392
22466,28036,28037,4,0,0.040944162439796088
22467,28037,28038,5,0,0.018633350216961001
22468,28039,28040,1,0,0.23307699501615187
22469,28041,28042,4,0,0.037029043724574343
22470,28042,28043,1,0,0.2229671280679936
22471,28044,28045,2,0,0.041731410428992637
22472,28045,28046,1,0,0.026155750361497053
22473,28046,28047,5,0,0.12791827202501704
22474,28047,28048,5,0,0.29080926496461346
22475,28048,28049,2,0,0.21271265642108411
22476,28049,28050,2,1,0.12889238158545133
22477,28050,28051,4,0,0.0082199022728759868
22478,28051,28052,2,0,0.13165603996288805
22479,28052,28053,3,1,0.08055840345611566
22480,28053,28054,5,0,0.0090247158997432755
22481,28055,28056,3,0,0.29608553468018267
22482,28057,28058,1,1,0.75924921530250078
22483,28059,28060,3,1,0.74146749354091535
22484,28060,28061,4,0,0.10057276989068885
22485,28061,28062,2,1,0.76859477255697561
22486,28062,28063,4,0,0.1107361751205274
22487,28063,28064,2,0,0.20543825318926387
22488,28065,28066,3,1,0.59675853231553078
22489,28066,28067,2,0,0.16942091698195486
22490,28067,28068,4,0,0.049959173722001322
22491,28071,28072,4,0,0.37853921019215109
22492,28072,28073,2,0,0.18383049409094349
22493,28073,28074,5,1,0.28777576630998569
22494,28074,28075,1,0,0.13915347730579283
22495,28076,28077,5,1,0.58459960782467235
22496,28078,28079,4,1,0.15346035705217595
22497,28080,28081,2,0,0.29294316685403149
22498,28082,28083,3,0,0.03758315917672745
22499,28084,28085,1,0,0.19343593805562281
22500,28085,28086,5,0,0.18278899037808796
22501,28086,28087,2,0,0.038202393594573628
22502,28087,28088,3,0,0.17046250167861654
22503,28088,28089,4,0,0.029435149448310535
22504,28090,28091,1,0,0.10735293071078199
22505,28091,28092,3,1,0.1751606995890411
22506,28092,28093,5,0,0.090159640651586104
22507,28093,28094,3,0,0.10753013863047879
22508,28094,28095,4,0,0.076572892640779183
22509,28097,28098,2,0,0.018735492259088972
22510,28098,28099,2,0,0.18211329245819233
22511,28099,28100,2,1,0.50880600245995489
22512,28100,28101,2,0,0.19168674264847027
22513,28101,28102,4,0,0.1969459297658944
22514,28102,28103,1,1,0.64185980187804959
22515,28103,28104,2,1,0.49349019065461514
22516,28105,28106,5,0,0.097006372734400534
22517,28107,28108,1,0,0.29096855409784772
22518,28108,28109,2,1,0.75424750980620525
22519,28110,28111,3,0,0.070845535820112188
22520,28111,28112,4,0,0.044323752557330738
22521,28113,28114,5,0,0.082859077260684713
22522,28115,28116,1,1,0.52016482921744922
22523,28117,28118,5,0,0.089812427367388661
22524,28118,28119,4,1,0.047112285988137728
22525,28119,28120,4,0,0.13814917958680051
22526,28120,28121,3,0,0.041198077842736658
22527,28121,28122,1,0,0.094308532249704188
22528,28122,28123,3,0,0.14601781630322014
22529,28124,28125,4,0,0.17309557934564571
22530,28125,28126,4,0,0.41520414597109567
22531,28126,28127,4,1,0.42324171405545852
22532,28127,28128,4,0,0.37326397945317696
22533,28128,28129,2,0,0.059947759041222362
22534,28130,28131,5,0,0.050261504915060422
22535,28131,28132,5,0,0.16850723561091274
22536,28132,28133,3,0,0.21802897927320092
22537,28133,28134,1,0,0.10794287882706297
22538,28134,28135,4,0,0.081415349777322996
22539,28135,28136,5,0,0.099727334468236867
22540,28136,28137,3,0,0.10361219700905058
22541,28137,28138,2,0,0.36639546098059705
22542,28138,28139,3,0,0.072156758251161995
22543,28139,28140,1,0,0.1054148645357938
22544,28141,28142,1,0,0.10341643316838089
22545,28142,28143,1,0,0.14851312516300744
22546,28143,28144,4,0,0.64893799956519138
22547,28144,28145,1,0,0.2054210141538873
22548,28145,28146,1,0,0.026227712851487308
22549,28146,28147,4,0,0.057109733075489957
22550,28147,28148,1,0,0.028235288040375797
22551,28148,28149,4,0,0.14873681884682333
22552,28149,28150,1,0,0.60548894164755396
22553,28150,28151,5,1,0.61356793278653365
22554,28151,28152,5,0,0.03262168847692741
22555,28152,28153,1,0,0.30455336901852492
22556,28153,28154,5,0,0.04886763653125064
22557,28154,28155,4,0,0.26671058403706976
22558,28155,28156,1,0,0.16980040855393203
22559,28156,28157,1,0,0.095194260301888156
22560,28157,28158,3,1,0.058865711783485861
22561,28158,28159,5,0,0.0093709853737506486
22562,28159,28160,1,0,0.091665672263323408
22563,28160,28161,2,0,0.030961010703638762
22564,28161,28162,3,0,0.21906664916026528
22565,28164,28165,5,0,0.10499094740793255
22566,28165,28166,2,0,0.21173246801401543
22567,28167,28168,2,0,0.08651692733266246
22568,28168,28169,2,0,0.051941871868637773
22569,28169,28170,5,0,0.086303987331776896
22570,28170,28171,1,1,0.6052830979637237
22571,28172,28173,4,0,0.026962553244143806
22572,28174,28175,5,0,0.11785265813235461
22573,28175,28176,3,1,0.16577752473639237
22574,28176,28177,2,0,0.72332332030082636
22575,28177,28178,4,0,0.3606736418669283
22576,28178,28179,1,0,0.21430549906240162
22577,28179,28180,2,0,0.056837563139000721
22578,28180,28181,1,0,0.21598895278015384
22579,28181,28182,4,0,0.21023989704458387
22580,28182,28183,1,1,0.048616891489781898
22581,28183,28184,5,0,0.16060108476461643
22582,28185,28186,2,1,0.4445889041282956
22583,28186,28187,5,0,0.094819707796186731
22584,28188,28189,5,0,0.16743090213288661
22585,28189,28190,5,0,0.14015556030362988
22586,28190,28191,2,0,0.12060256551053876
22587,28191,28192,3,0,0.24718819070094339
22588,28192,28193,1,0,0.10454592934414234
22589,28193,28194,2,0,0.17409227530620433
22590,28194,28195,5,0,0.11551419069385457
22591,28196,28197,1,0,0.086504016816361204
22592,28197,28198,4,0,0.028675439807825998
22593,28198,28199,3,0,0.070235175897326266
22594,28199,28200,2,0,0.057606884120128134
22595,28200,28201,1,1,0.084994779180872879
22596,28205,28206,5,1,0.11340185757321811
22597,28208,28209,5,0,0.018384337889834814
22598,28209,28210,4,0,0.10803079154013517
22599,28210,28211,4,0,0.054186589174559471
22600,28211,28212,2,0,0.16628782550379523
22601,28212,28213,4,0,0.018411937571096774
22602,28213,28214,3,0,0.15041463426382365
22603,28214,28215,5,0,0.16163806998895361
22604,28216,28217,5,0,0.039219482050455889
22605,28217,28218,4,0,0.11788162136687312
22606,28220,28221,1,1,0.81589300903464035
22607,28221,28222,2,0,0.13464965995683617
22608,28222,28223,1,0,0.21258046580724191
22609,28223,28224,1,0,0.04795542118712761
22610,28225,28226,1,0,0.031787933428859091
22611,28227,28228,1,0,0.051637365776662086
22612,28228,28229,3,0,0
22613,28229,28230,5,1,0.67374880266044368
22614,28233,28234,5,0,0.11434089050727379
22615,28235,28236,1,1,0.27342007722153011
22616,28238,28239,5,0,0.078603901143706995
22617,28239,28240,4,1,0.15584441650958789
22618,28240,28241,5,0,0.10448729734527418
22619,28243,28244,1,0,0.057643689308328784
22620,28244,28245,3,0,0.10952943770754082
22621,28245,28246,5,1,0.41322372838469246
22622,28246,28247,3,0,0.12861285307742382
22623,28248,28249,4,0,0.10366074386301875
22624,28249,28250,5,0,0.13567084580358549
22625,28250,28251,1,0,0.2209924772164599
22626,28251,28252,4,0,0.095208586503656711
22627,28252,28253,4,0,0.11443948048723086
22628,28254,28255,1,0,0.11607547043338004
22629,28255,28256,3,0,0.052572251891492686
22630,28256,28257,3,0,0.055405507809995126
22631,28257,28258,3,0,0.11168804750357667
22632,28259,28260,4,0,0.30426606816928992
22633,28260,28261,1,1,0.11198626892196104
22634,28261,28262,3,1,0.80860159395396836
22635,28262,28263,2,0,0.095078135418665388
22636,28263,28264,3,0,0.10878352474641614
22637,28264,28265,4,0,0.18251927299534654
22638,28265,28266,5,1,0.21313385197396911
22639,28269,28270,2,1,0.36185570292898206
22640,28270,28271,3,1,0.24183813106547947
22641,28272,28273,5,0,0.12585483231664996
22642,28273,28274,3,0,0.14208901018764275
22643,28275,28276,1,0,0.082036677899479438
22644,28276,28277,3,1,0.14889334751746328
22645,28277,28278,4,0,0.030764821026737006
22646,28280,28281,2,0,0.099765292580552806
22647,28281,28282,5,0,0.22308223980326811
22648,28283,28284,5,0,0.11840395997921292
22649,28285,28286,2,1,0.14274884225324008
22650,28286,28287,1,1,0.33609715221756947
22651,28287,28288,3,1,0.64401371287593079
22652,28288,28289,2,0,0.17942432412559003
22653,28289,28290,5,1,0.68668951501181585
22654,28290,28291,2,0,0.1253551762232531
22655,28291,28292,5,0,0.14461903394448822
22656,28292,28293,5,0,0.038033927117260467
22657,28293,28294,2,0,0.15577553466800975
22658,28294,28295,2,0,0.1162059539704106
22659,28295,28296,2,0,0.15948226383303418
22660,28296,28297,4,0,0.14564142928411686
22661,28297,28298,5,1,0.77390594552928438
22662,28299,28300,4,0,0.10440255457439154
22663,28300,28301,5,0,0.1340133638326356
22664,28301,28302,1,0,0.78655467877509588
22665,28302,28303,3,0,0.03953293807771676
22666,28303,28304,5,0,0.060775660309295335
22667,28304,28305,3,0,0.59459993768736208
22668,28305,28306,5,0,0.25287498471534087
22669,28306,28307,3,0,0.05077139764588854
22670,28307,28308,1,1,0.66101831395923827
22671,28308,28309,2,0,0.13792002897991601
22672,28309,28310,1,0,0.067310289163215048
22673,28310,28311,3,0,0.15665124821936233
22674,28311,28312,4,0,0.22731717535334489
22675,28312,28313,5,0,0.018826620836936352
22676,28314,28315,3,1,0.1863465652258838
22677,28315,28316,3,0,0.15438979778489337
22678,28317,28318,1,0,0.26521387839946575
22679,28318,28319,1,0,0.046800181946296565
22680,28319,28320,4,0,0.66786300218273376
22681,28320,28321,3,0,0.067210915134906443
22682,28322,28323,3,0,0.096422100927020873
22683,28323,28324,5,1,0.70711732218052925
22684,28324,28325,2,0,0.10917744284708751
22685,28325,28326,1,1,0.11460849079622357
22686,28326,28327,1,0,0.025261331100968658
22687,28327,28328,2,0,0.24890818695595168
22688,28328,28329,1,0,0.046671745596256024
22689,28329,28330,4,0,0.079294269849416593
22690,28330,28331,2,0,0.2161907701261408
22691,28331,28332,5,0,0.16921710717629326
22692,28332,28333,4,0,0.061524565271565336
22693,28333,28334,4,0,0.09091326638927219
22694,28334,28335,5,0,0.2644527521290414
22695,28335,28336,1,0,0.12472382902402837
22696,28336,28337,5,0,0.16633464755510077
22697,28337,28338,1,0,0.17668753183002936
22698,28338,28339,3,0,0.06445013008335429
22699,28339,28340,3,0,0.038371860461871903
22700,28340,28341,5,1,0.25608278870833823
22701,28341,28342,4,0,0.23096299940880938
22702,28342,28343,5,0,0.18849108414393753
22703,28343,28344,3,0,0.20786825255308969
22704,28344,28345,5,0,0.27280384697177962
22705,28345,28346,2,0,0.099568644960821281
22706,28346,28347,1,0,0.20412684170300333
22707,28347,28348,3,0,0.11038547753382762
22708,28348,28349,4,0,0.046378442967838322
22709,28349,28350,1,1,0.71785671617955826
22710,28350,28351,1,0,0.19599568946177789
22711,28352,28353,5,0,0.016146961415446741
22712,28353,28354,5,0,0.03710618296049379
22713,28354,28355,5,0,0.13038678487872499
22714,28355,28356,1,0,0.065604413639205217
22715,28356,28357,4,0,0.067211000852635219
22716,28358,28359,1,0,0.026167451362273834
22717,28359,28360,2,0,0.076212101990404624
22718,28360,28361,3,0,0.14615243146095117
22719,28362,28363,5,0,0.089821318119396545
22720,28364,28365,4,1,0.72143951317557109
22721,28365,28366,4,0,0.12854697021337583
22722,28366,28367,3,1,0.62049593534301162
22723,28368,28369,2,0,0.097689702253156832
22724,28370,28371,1,0,0.20025793549537743
22725,28371,28372,2,0,0.30098328503689115
22726,28372,28373,1,1,0.79713912110932539
22727,28373,28374,4,0,0.11587248308067365
22728,28374,28375,4,1,0.53090891585039779
22729,28375,28376,4,0,0.059065216419498551
22730,28376,28377,4,0,0.63092987381016497
22731,28377,28378,3,0,0.035951557548280784
22732,28378,28379,3,0,0.029597041680701534
22733,28379,28380,2,0,0.19009085663008207
22734,28380,28381,2,0,0.10809567160018169
22735,28381,28382,4,0,0.093761691562676608
22736,28382,28383,3,0,0.19473978648302975
22737,28383,28384,2,0,0.1559171672947105
22738,28384,28385,2,1,0.19412762475749196
22739,28385,28386,1,0,0.21205295593809845
22740,28386,28387,1,1,0.097109844569330209
22741,28387,28388,5,0,0.14105774627903966
22742,28388,28389,5,0,0.063642094931089577
22743,28389,28390,4,0,0.043188134532021236
22744,28390,28391,5,0,0.074874018022601851
22745,28391,28392,4,0,0.19208923956010407
22746,28392,28393,2,0,0.25792705601342797
22747,28393,28394,1,0,0.070651063572716055
22748,28394,28395,5,0,0.045098501036268994
22749,28395,28396,1,0,0.10802168666623693
22750,28396,28397,1,0,0.14722790182674353
22751,28397,28398,1,0,0.49919997798521432
22752,28398,28399,3,0,0.073094592190054625
22753,28399,28400,2,0,0.017672551181031278
22754,28401,28402,5,0,0.14627716764830023
22755,28402,28403,4,1,0.13891645295529922
22756,28403,28404,2,0,0.11558885656012904
22757,28404,28405,5,1,0.11887856192748657
22758,28405,28406,4,0,0.23479500455853339
22759,28407,28408,4,0,0.39284018328437403
22760,28409,28410,1,0,0.1569818184329097
22761,28410,28411,2,0,0.062729783336042469
22762,28411,28412,1,0,0.032166893615375246
22763,28414,28415,3,0,0.11922331403746125
22764,28415,28416,2,0,0.12162180805624656
22765,28417,28418,3,0,0.28848355153651106
22766,28418,28419,2,0,0.71182054821282881
22767,28420,28421,1,0,0.039548285740895223
22768,28421,28422,1,0,0.036295727078955502
22769,28422,28423,4,0,0.058918031470364819
22770,28425,28426,1,1,0.21846295125346762
22771,28427,28428,1,0,0.11855582018775664
22772,28428,28429,4,0,0.034249828741437248
22773,28430,28431,4,0,0.093871618252238623
22774,28431,28432,2,0,0.10638428415337073
22775,28432,28433,5,0,0.098089453007718638
22776,28433,28434,5,1,0.53369242579132858
22777,28434,28435,1,0,0.16171336644366729
22778,28435,28436,2,0,0.23577964268455254
22779,28436,28437,1,0,0.10552996597790334
22780,28437,28438,4,0,0.16367214426558035
22781,28438,28439,4,0,0.086711073085107615
22782,28439,28440,4,0,0.13555704607004068
22783,28441,28442,3,0,0.019478161155627068
22784,28444,28445,2,0,0.058039525891903407
22785,28446,28447,3,0,0.045332203774786528
22786,28447,28448,2,0,0.061660408977416203
22787,28448,28449,2,0,0.01584547093231051
22788,28449,28450,2,0,0.1079236172368539
22789,28451,28452,3,0,0.044229293738101604
22790,28454,28455,3,1,0.10852190605686921
22791,28455,28456,1,0,0.10815274397570114
22792,28456,28457,3,0,0.16909794713903226
22793,28458,28459,3,0,0.094192037311085039
22794,28459,28460,5,1,0.53550919291406773
22795,28460,28461,5,1,0.12917788340395914
22796,28461,28462,1,0,0.34961575756239638
22797,28462,28463,3,0,0.35129262417544976
22798,28463,28464,1,0,0.18169991049174231
22799,28464,28465,1,0,0.30193041650731772
22800,28465,28466,5,1,0.28101702262338507
22801,28466,28467,3,0,0.34312481714837983
22802,28467,28468,4,0,0.17891052742042807
22803,28468,28469,2,0,0.022657419532582788
22804,28469,28470,1,0,0.18789250689485865
22805,28470,28471,5,0,0.17920953071168189
22806,28471,28472,2,0,0.1861028330236216
22807,28472,28473,3,0,0.058301643856185269
22808,28474,28475,1,0,0.15677738573824185
22809,28475,28476,3,0,0.072630337199476466
22810,28476,28477,2,1,0.24849019098176572
22811,28477,28478,3,0,0.13363650282489831
22812,28478,28479,2,1,0.15090224903189114
22813,28479,28480,4,0,0.062532386288463512
22814,28480,28481,1,0,0.26265553819224324
22815,28481,28482,4,1,0.72319529314727204
22816,28482,28483,3,0,0.22163246069626158
22817,28485,28486,1,0,0.076639064321897613
22818,28486,28487,1,0,0.58238040776079791
22819,28488,28489,5,1,0.49855871712390093
22820,28490,28491,2,1,0.18569089290814839
22821,28491,28492,2,0,0.28474719387518638
22822,28492,28493,5,1,0.59270390324489619
22823,28493,28494,4,0,0.13344636360834958
22824,28495,28496,5,0,0.31937390386984016
22825,28496,28497,1,0,0.096421521949613009
22826,28497,28498,4,0,0.024620311905505104
22827,28498,28499,5,0,0.18503817690030247
22828,28500,28501,3,0,0.037677993057857587
22829,28502,28503,5,0,0.053740570078404395
22830,28503,28504,1,1,0.7624369288603271
22831,28505,28506,3,0,0.17012359797377774
22832,28506,28507,1,0,0.12368353828330557
22833,28507,28508,2,0,0.068818122202569276
22834,28508,28509,5,0,0.044041073702956748
22835,28509,28510,2,0,0
22836,28510,28511,3,0,0.068494159393422141
22837,28511,28512,3,0,0.10972444084311314
22838,28512,28513,2,0,0.17198994240546328
22839,28513,28514,1,0,0.048174737332241042
22840,28514,28515,4,1,0.26137375384522654
22841,28515,28516,2,0,0.036646919604754129
22842,28516,28517,1,1,0.24471409655585685
22843,28517,28518,3,0,0.078606232089003497
22844,28518,28519,4,0,0.1162382590097977
22845,28521,28522,4,1,0.67444543821553449
22846,28522,28523,5,0,0.11191471707477281
22847,28523,28524,5,0,0.036909215363593678
22848,28524,28525,2,0,0.064746249481557369
22849,28525,28526,4,0,0.063440787028309853
22850,28526,28527,5,0,0.29492490278480904
22851,28527,28528,4,0,0.069883212755721
22852,28529,28530,4,1,0.30348529200357088
22853,28530,28531,4,0,0.15509976437622383
22854,28533,28534,3,1,0.49318734633816635
22855,28534,28535,4,1,0.48211327724876257
22856,28535,28536,5,0,0.10725378193580512
22857,28536,28537,2,0,0.20564731605359013
22858,28537,28538,5,0,0.66276976953411848
22859,28540,28541,2,0,0.146403092252164
22860,28542,28543,1,0,0.24241492310877696
22861,28543,28544,3,0,0.045523619725185295
22862,28544,28545,5,0,0.038633297858997877
22863,28545,28546,2,0,0.095299435076162231
22864,28546,28547,5,1,0.50408688107169208
22865,28547,28548,4,0,0.080972735678058294
22866,28548,28549,3,0,0.12150891580945805
22867,28549,28550,3,0,0.026271027334315349
22868,28552,28553,5,1,0.23464607379069841
22869,28554,28555,5,0,0.52060227872987663
22870,28555,28556,5,0,0.16465757065576447
22871,28556,28557,3,0,0.42570306397308483
22872,28557,28558,3,0,0.078079066206749176
22873,28558,28559,3,0,0.10640470558880989
22874,28560,28561,3,1,0.16981484695740723
22875,28562,28563,1,0,0.13018793587825039
22876,28563,28564,3,0,0.23822908591990982
22877,28564,28565,2,0,0.045176828196002161
22878,28566,28567,4,0,0.029079835418975124
22879,28568,28569,3,0,0.12600002964464602
22880,28569,28570,2,0,0.15832338166372226
22881,28570,28571,2,0,0.23378220041757899
22882,28572,28573,5,0,0.21716702505870983
22883,28573,28574,1,0,0.081275277045121427
22884,28575,28576,3,1,0.1346113187132181
22885,28576,28577,2,0,0.63086151036832006
22886,28577,28578,5,0,0.11259971351993668
22887,28579,28580,3,0,0.32418276768731552
22888,28580,28581,2,0,0.15689671533446958
22889,28582,28583,5,0,0.10882975113502955
22890,28583,28584,4,0,0.12388416426769189
22891,28584,28585,5,0,0.23054917392189583
22892,28585,28586,5,0,0.54289474436974317
22893,28586,28587,4,0,0.093297746050886171
22894,28587,28588,1,0,0.27855379526896351
22895,28588,28589,1,0,0.13296469005619918
22896,28591,28592,1,1,0.50190384185260073
22897,28593,28594,2,0,0.11006994821602956
22898,28594,28595,5,0,0.15793537073176284
22899,28595,28596,3,0,0.17537128174355418
22900,28596,28597,2,0,0.14696023473207639
22901,28597,28598,3,1,0.76225351727747725
22902,28598,28599,1,0,0.54493281365350221
22903,28599,28600,2,0,0.22948866225756334
22904,28600,28601,4,0,0.15597234146130759
22905,28602,28603,3,0,0.13344590299608708
22906,28603,28604,3,1,0.75305428338639846
22907,28604,28605,1,1,0.66920497655432998
22908,28605,28606,5,0,0.18640615893874221
22909,28606,28607,5,0,0.26360313190642637
22910,28607,28608,5,0,0.29630271417052589
22911,28609,28610,1,0,0.10508798778385375
22912,28610,28611,2,0,0.25681735673878225
22913,28611,28612,3,0,0.53281722901186301
22914,28612,28613,2,0,0.39680027858575817
22915,28613,28614,2,0,0.15629855961078581
22916,28614,28615,4,0,0.071117125945009713
22917,28615,28616,1,0,0.085801096111324207
22918,28616,28617,3,0,0.10018850226053937
22919,28619,28620,1,0,0.15650072470485163
22920,28620,28621,1,0,0.16994506248132563
22921,28621,28622,4,1,0.079054076347042687
22922,28624,28625,4,1,0.67233038913065257
22923,28625,28626,2,0,0.12397644357624724
22924,28631,28632,5,0,0.1830936818030432
22925,28632,28633,4,0,0.086086912935708637
22926,28636,28637,4,0,0.25892176344274481
22927,28637,28638,2,1,0.6137591211757305
22928,28638,28639,3,0,0.053644938078671822
22929,28639,28640,5,0,0.032678195415122666
22930,28640,28641,4,0,0.14680348339886393
22931,28644,28645,2,1,0.65435464783131725
22932,28645,28646,5,0,0
22933,28646,28647,5,1,0.53630813478258499
22934,28647,28648,1,0,0.083507610978641678
22935,28648,28649,2,0,0.084112727714157287
22936,28650,28651,5,0,0.12074295264995218
22937,28651,28652,2,0,0.29286347169205557
22938,28652,28653,3,0,0.064050820614177564
22939,28654,28655,4,0,0.41269218426317911
22940,28655,28656,5,1,0.10768662185617985
22941,28656,28657,5,0,0.080828638833629368
22942,28657,28658,2,0,0.19927925151913145
22943,28658,28659,4,0,0.074953227312816589
22944,28659,28660,5,0,0.036715391400547422
22945,28660,28661,3,0,0.067112788614156968
22946,28662,28663,4,1,0.79005810980028368
22947,28663,28664,2,1,0.36006727194633842
22948,28664,28665,2,0,0.43538348389799836
22949,28665,28666,4,1,0.17345108467703918
22950,28667,28668,4,0,0.076701407942254399
22951,28669,28670,3,0,0.15982503292996866
22952,28670,28671,5,1,0.61128794918150475
22953,28671,28672,2,0,0.037351613670117231
22954,28672,28673,5,0,0.20689675575499777
22955,28673,28674,4,0,0.057733553361514707
22956,28674,28675,5,0,0.10585331461897705
22957,28675,28676,2,1,0.70277613043591725
22958,28676,28677,3,0,0
22959,28678,28679,5,0,0.21676954275840496
22960,28679,28680,5,0,0.1099462310548445
22961,28680,28681,2,0,0.086524393671928573
22962,28681,28682,3,1,0.1830303288850578
22963,28682,28683,5,0,0.088714147615646929
22964,28683,28684,2,1,0.65200195083442603
22965,28684,28685,2,0,0.11205821261823293
22966,28686,28687,3,0,0.056985638997146863
22967,28687,28688,5,0,0.26657563502306231
22968,28688,28689,1,0,0.11142818642599907
22969,28692,28693,3,0,0.1488591546407935
22970,28693,28694,3,1,0.11627065591961813
22971,28694,28695,3,0,0.054417272074407302
22972,28695,28696,1,0,0.027544506897935167
22973,28696,28697,5,0,0.21269127661524195
22974,28698,28699,3,0,0.0080001404413427568
22975,28699,28700,2,0,0.33466446832200164
22976,28700,28701,2,1,0.2275044431694119
22977,28701,28702,5,0,0.043471013411208168
22978,28702,28703,5,0,0.50472560006618739
22979,28703,28704,1,0,0.24230110827740781
22980,28705,28706,2,0,0.17113419616926945
22981,28706,28707,4,0,0.11115485483009252
22982,28707,28708,2,0,0.039880216773210388
22983,28708,28709,5,0,0.032798163826776014
22984,28709,28710,1,0,0.077465042938855991
22985,28711,28712,4,1,0.4690606399553654
22986,28712,28713,1,0,0.054237338917527966
22987,28714,28715,1,0,0.16278137029914225
22988,28715,28716,2,0,0.0089756951061905101
22989,28716,28717,1,0,0.14949406746471389
22990,28717,28718,1,0,0.086798395151722968
22991,28718,28719,5,0,0.19092799039989905
22992,28719,28720,3,1,0.067708519010393611
22993,28722,28723,2,0,0.1132002147693506
22994,28723,28724,4,0,0.17521170423096935
22995,28724,28725,2,0,0
22996,28726,28727,5,1,0.17831758079741986
22997,28727,28728,5,0,0.12847739681810633
22998,28728,28729,1,0,0.22466266643503208
22999,28730,28731,4,0,0.21021128405338999
23000,28731,28732,4,1,0.25355717579954795
23001,28732,28733,3,0,0.12884512110976951
23002,28734,28735,4,0,0.17790674615981397
23003,28735,28736,1,0,0.016006917523596589
23004,28736,28737,2,1,0.12543471883631124
23005,28737,28738,1,0,0.021167451550132568
23006,28740,28741,1,0,0.29654219195955345
23007,28741,28742,3,0,0.044848697049460623
23008,28742,28743,1,0,0.067930569630740761
23009,28743,28744,2,0,0.047379381313223078
23010,28744,28745,2,0,0.21228546088894015
23011,28745,28746,5,1,0.23255832221658343
23012,28748,28749,4,1,0.64035086776463557
23013,28750,28751,4,0,0.066358379671471665
23014,28751,28752,5,1,0.089496064122591826
23015,28752,28753,1,0,0.069440831147448617
23016,28753,28754,3,0,0.1346393186726452
23017,28756,28757,1,0,0.049555763050859784
23018,28757,28758,5,0,0.027580366849531489
23019,28758,28759,1,0,0.035096732681952
23020,28761,28762,1,1,0.35045047383000122
23021,28762,28763,4,0,0.16280862678537614
23022,28764,28765,5,0,0.27126951822628553
23023,28766,28767,4,0,0.5550763039652431
23024,28769,28770,3,0,0.11171410947301227
23025,28771,28772,5,0,0.0078969725228997395
23026,28772,28773,5,0,0.1345146614352899
23027,28773,28774,1,0,0.30878790683838564
23028,28774,28775,4,0,0.11951401079560377
23029,28775,28776,1,1,0.1830028151930202
23030,28776,28777,5,0,0.24464327660177049
23031,28777,28778,4,0,0.061492726040115207
23032,28778,28779,5,0,0.20721623973330097
23033,28779,28780,4,0,1.0204530104950637e-05
23034,28781,28782,3,0,0.22686644194551459
23035,28782,28783,5,0,0.19826486218355385
23036,28783,28784,5,0,0.1427410639259476
23037,28784,28785,4,0,0.19382127621143583
23038,28785,28786,2,0,0.27359950337206734
23039,28786,28787,5,0,0.099697861072651439
23040,28787,28788,3,0,0.10284503134149997
23041,28788,28789,5,0,0.018601861792654932
23042,28789,28790,5,0,0.1577577474802829
23043,28790,28791,1,0,0.18180158529853521
23044,28791,28792,2,0,0.43199018648153792
23045,28792,28793,4,0,0.1509722836647695
23046,28793,28794,5,0,0.069737367886919047
23047,28794,28795,3,0,0.15577841867164605
23048,28795,28796,2,0,0.13586119930475951
23049,28797,28798,2,0,0.099325674587605592
23050,28798,28799,1,0,0.056402610042834256
23051,28800,28801,4,1,0.71040759516922292
23052,28801,28802,1,0,0.083480205764366391
23053,28803,28804,5,0,0.063475108773885208
23054,28804,28805,3,0,0.29064175856957664
23055,28805,28806,2,0,0.038640547794072048
23056,28807,28808,1,0,0.097193392804430734
23057,28808,28809,1,0,0.017774786179224497
23058,28809,28810,3,0,0.24120744328528235
23059,28810,28811,2,0,0.096720973641877539
23060,28811,28812,3,0,0.087039207483344413
23061,28815,28816,4,1,0.64761894091165051
23062,28817,28818,5,0,0.063761329525030552
23063,28818,28819,2,1,0.099595138290749216
23064,28819,28820,2,0,0.17196371354279327
23065,28820,28821,4,0,0.21044133740392021
23066,28821,28822,3,0,0.14494414091325505
23067,28822,28823,1,0,0.039331991349739186
23068,28823,28824,4,0,0.1381920261824072
23069,28824,28825,1,0,0.071971327961780587
23070,28825,28826,5,0,0.18891820165936429
23071,28826,28827,2,0,0.2186131065738133
23072,28827,28828,3,0,0.098272067879779421
23073,28828,28829,5,0,0.03687192844849381
23074,28829,28830,5,0,0.10838738522252264
23075,28830,28831,1,0,0.14037597992971015
23076,28831,28832,4,0,0.040796790578003367
23077,28833,28834,5,0,0.40188832260044705
23078,28835,28836,2,0,0.095942264726879528
23079,28836,28837,4,0,0.10387568171696659
23080,28837,28838,2,0,0.027625711427836472
23081,28838,28839,2,0,0.27277651026844785
23082,28839,28840,5,1,0.4837060647410405
23083,28840,28841,5,1,0.16809468245397688
23084,28841,28842,1,0,0.17073546054466635
23085,28842,28843,3,0,0.026782027560341006
23086,28843,28844,3,0,0.04423388392049564
23087,28844,28845,5,0,0.054110914056940032
23088,28845,28846,5,0,0.064844556024496541
23089,28846,28847,1,0,0.10274864599449479
23090,28847,28848,5,0,0.13843082331384857
23091,28848,28849,2,0,0.35253594009520284
23092,28849,28850,3,0,0.031427962413725571
23093,28851,28852,3,1,0.87876788280254714
23094,28852,28853,2,0,0.097055106272967692
23095,28853,28854,2,1,0.14943260361749444
23096,28854,28855,2,0,0.055315636227602674
23097,28855,28856,2,0,0.099910963667687661
23098,28856,28857,5,0,0.091453952407194936
23099,28857,28858,1,0,0.10850616284228572
23100,28858,28859,4,0,0.43127055563032946
23101,28859,28860,5,0,0.09392256333186913
23102,28860,28861,2,0,0.24982570272343685
23103,28861,28862,5,0,0.039226666034338921
23104,28862,28863,2,0,0.13354683211328117
23105,28863,28864,2,0,0.24097789133784273
23106,28864,28865,3,0,0.046339843659761008
23107,28865,28866,4,0,0.018643263399949775
23108,28868,28869,2,0,0.17554908643769088
23109,28869,28870,5,0,0.089687040973476545
23110,28870,28871,3,1,0.15903033449386136
23111,28871,28872,1,0,0.118151325803213
23112,28872,28873,2,0,0.11837815568463102
23113,28873,28874,4,0,0.060415095800067244
23114,28874,28875,1,0,0.26034794273775552
23115,28875,28876,5,0,0.25875542823254333
23116,28876,28877,1,0,0.097960458851143878
23117,28877,28878,2,0,0.06707607331812708
23118,28878,28879,4,0,0.12418207307532766
23119,28879,28880,1,1,0.77021103870444374
23120,28880,28881,2,1,0.19740731960397742
23121,28881,28882,1,0,0.46705936108486945
23122,28882,28883,2,1,0.11999652421430716
23123,28883,28884,3,0,0.20065393845562046
23124,28887,28888,3,0,0.09212987773091022
23125,28888,28889,3,0,0.068270868920976099
23126,28889,28890,4,0,0.23880351852731888
23127,28890,28891,1,0,0.48421279145049723
23128,28891,28892,2,0,0.13081415139170158
23129,28892,28893,3,1,0.18588174497024187
23130,28894,28895,4,0,0.17223725448746624
23131,28895,28896,4,0,0.29617344822206498
23132,28896,28897,4,0,0.22050112229002797
23133,28897,28898,4,0,0.029166654742179832
23134,28898,28899,4,0,0.060075597402362783
23135,28899,28900,4,1,0.66452260567902366
23136,28900,28901,5,0,0.036285293765363005
23137,28904,28905,1,0,0.17786406599548094
23138,28905,28906,2,0,0.21563722597639784
23139,28909,28910,1,0,0
23140,28910,28911,1,1,0.24743138983398133
23141,28911,28912,3,0,0.090817018004001354
23142,28912,28913,5,0,0.05669537443810295
23143,28913,28914,1,0,0.041609725864710276
23144,28915,28916,2,0,0.091021882293512379
23145,28916,28917,3,0,0.12177290695064071
23146,28917,28918,1,0,0.081506999532247701
23147,28918,28919,4,0,0.21178838994390387
23148,28919,28920,1,0,0.058261313373194908
23149,28921,28922,5,0,0.11297838618334936
23150,28922,28923,2,0,0.22756820154494473
23151,28923,28924,1,0,0.051365547969960929
23152,28924,28925,2,0,0.5870107772980101
23153,28925,28926,2,1,0.14537592705168359
23154,28927,28928,1,0,0.082432165779420433
23155,28928,28929,1,0,0.10048311626035099
23156,28929,28930,2,1,0.098845646281217225
23157,28930,28931,2,0,0.19895258354974221
23158,28931,28932,1,0,0.045842053682927805
23159,28933,28934,1,0,0.28601173670424335
23160,28935,28936,1,0,0.087087480060001929
23161,28936,28937,1,0,0.072315236710001632
23162,28938,28939,2,0,0.11306248789833673
23163,28939,28940,5,0,0.037758232948839197
23164,28940,28941,5,0,0.52975911141733478
23165,28941,28942,2,0,0.25483218940319902
23166,28942,28943,3,0,0.038783889659041837
23167,28943,28944,2,0,0.067743091261912178
23168,28944,28945,1,0,0.26138584586894031
23169,28946,28947,3,1,0.093959975210949828
23170,28947,28948,2,0,0.12039112362308028
23171,28949,28950,2,0,0.093003141836707173
23172,28951,28952,3,0,0.17805628620524505
23173,28952,28953,1,0,0.075967657127073207
23174,28953,28954,3,0,0.030220197207303963
23175,28954,28955,4,0,0.059662866829861431
23176,28955,28956,2,0,0.0081253799327882566
23177,28957,28958,5,0,0.19315776515758873
23178,28958,28959,1,1,0.67961411128138083
23179,28959,28960,3,0,0.015449367468629025
23180,28960,28961,5,0,0.072383347250836547
23181,28961,28962,5,0,0.35241329163041346
23182,28963,28964,2,1,0.056846281929063817
23183,28964,28965,4,0,0.13001721368702512
23184,28965,28966,3,1,0.076078543811328905
23185,28966,28967,5,0,0.035414805975681002
23186,28967,28968,2,0,0.066876343057464566
23187,28968,28969,1,0,0.3103779141388997
23188,28970,28971,4,0,0.34073079379171067
23189,28971,28972,2,0,0.44963003797523277
23190,28973,28974,4,1,0.1278395294910791
23191,28974,28975,5,1,0.6942914928584818
23192,28975,28976,4,0,0
23193,28976,28977,2,0,0.15382989517064322
23194,28977,28978,4,0,0.21357155834874217
23195,28978,28979,2,1,0.26063907017441745
23196,28979,28980,4,1,0.45892139114997166
23197,28980,28981,4,0,0.15870782500132011
23198,28981,28982,1,0,0.061834585216394906
23199,28982,28983,5,0,0.039449355997281374
23200,28983,28984,3,0,0
23201,28984,28985,1,1,0.13314172290480739
23202,28985,28986,3,0,0.32085708579003386
23203,28986,28987,4,0,0.12891638045109322
23204,28989,28990,3,0,0.034934330060881612
23205,28991,28992,2,0,0.070564196753138714
23206,28994,28995,3,0,0.038581583035442936
23207,28995,28996,4,1,0.71157107972169664
23208,28996,28997,4,0,0.16920368872986469
23209,28997,28998,3,0,0.055312462226046903
23210,28998,28999,3,0,0.27512736319490155
23211,28999,29000,3,0,0.069588221856733745
23212,29000,29001,4,0,0.14116990574145813
23213,29001,29002,2,1,0.23667548288089368
23214,29002,29003,1,1,0.4893205284510565
23215,29003,29004,4,0,0.032392761313487339
23216,29004,29005,2,0,0.68205612104436253
23217,29005,29006,2,0,0.21059100599378924
23218,29006,29007,2,0,0.2164384205574901
23219,29009,29010,3,0,0.1504525729687046
23220,29010,29011,2,0,0.13128937012573236
23221,29011,29012,3,1,0.3593682489650224
23222,29012,29013,1,0,0.09211168742765026
23223,29014,29015,2,0,0.039158590468931241
23224,29016,29017,5,0,0.20373879640809725
23225,29017,29018,3,1,0.23085308765452503
23226,29019,29020,5,1,0.33651336766369394
23227,29020,29021,2,0,0.071990961335662254
23228,29021,29022,1,1,0.18218208645389172
23229,29022,29023,3,0,0.44994061988809014
23230,29023,29024,5,0,0.039419291681614087
23231,29024,29025,5,1,0.0935497422569182
23232,29025,29026,4,1,0.69753870769218451
23233,29026,29027,1,0,0.11530575688696189
23234,29028,29029,4,1,0.72738634312560968
23235,29030,29031,3,0,0.05706197807762714
23236,29031,29032,1,0,0.13452051277635996
23237,29032,29033,4,0,0.078376999898578673
23238,29033,29034,1,1,0.17726932234753168
23239,29034,29035,5,0,0.17499456878607267
23240,29035,29036,4,1,0.20550231159744009
23241,29036,29037,3,0,0.0087899548205209125
23242,29037,29038,1,0,0.22228246161520482
23243,29038,29039,4,0,0.36320595492815611
23244,29039,29040,2,0,0.14010886260327932
23245,29040,29041,4,0,0.081923730404412851
23246,29042,29043,5,0,0.26058154790811683
23247,29043,29044,3,0,0.15083150863699854
23248,29044,29045,5,1,0.25211630192389506
23249,29045,29046,1,0,0.089945035022965414
23250,29046,29047,5,0,0.12194008039908269
23251,29047,29048,2,0,0.10763112445131134
23252,29048,29049,4,0,0.2266048156113751
23253,29049,29050,2,1,0.39606466024796488
23254,29050,29051,5,0,0.077677001898139642
23255,29051,29052,4,0,0.37660147405084421
23256,29052,29053,3,1,0.54402378439068466
23257,29053,29054,1,0,0.28553953429355622
23258,29054,29055,2,1,0.068777613556017109
23259,29055,29056,5,0,0.089762477694114884
23260,29056,29057,2,0,0.51318149249044642
23261,29057,29058,5,0,0.0088719784879780599
23262,29058,29059,4,1,0.050891574474265656
23263,29061,29062,5,0,0.15161781927019433
23264,29062,29063,2,0,0.27311849374772518
23265,29063,29064,5,0,0.18897186970251847
23266,29064,29065,4,0,0.56123708905872549
23267,29065,29066,4,0,0.084961147069603365
23268,29067,29068,2,0,0.13530595609899035
23269,29068,29069,1,0,0.15096182513910159
23270,29069,29070,2,0,0.030573693205667191
23271,29070,29071,1,0,0.12695290433193515
23272,29071,29072,4,0,0.040487484644078593
23273,29073,29074,1,0,0.6664852194250257
23274,29075,29076,2,0,0.079426711695826185
23275,29076,29077,2,0,0.23759580006747472
23276,29077,29078,3,0,0.12810108219188893
23277,29078,29079,5,0,0.593807298870485
23278,29079,29080,3,0,0.1681453447264373
23279,29082,29083,1,0,0.44719804549681785
23280,29083,29084,4,0,0.061125575837687449
23281,29088,29089,5,0,0.11079248430930273
23282,29089,29090,1,0,0.1741947295253902
23283,29090,29091,3,0,0.16213927526789648
23284,29091,29092,1,1,0.3987032002988769
23285,29093,29094,1,0,0.027425646684156802
23286,29095,29096,5,1,0.096780103255149394
23287,29096,29097,2,0,0.10510344794214452
23288,29097,29098,5,0,0.07569434448543659
23289,29098,29099,2,0,0.070479764019456229
23290,29101,29102,2,0,0.097723770131314822
23291,29102,29103,4,0,0.090466239869135212
23292,29104,29105,5,0,0.041842290829174886
23293,29105,29106,4,1,0.45678578378420653
23294,29106,29107,3,0,0.056326424167449506
23295,29107,29108,2,0,0.46261488763867076
23296,29108,29109,3,1,0.4030451785739656
23297,29109,29110,1,1,0.6727718848331925
23298,29110,29111,3,0,0.12205481194448838
23299,29111,29112,3,0,0.37760895990673882
23300,29112,29113,3,0,0.10535478629517366
23301,29113,29114,5,1,0.14598438008080084
23302,29114,29115,3,1,0.32221973000327081
23303,29115,29116,4,1,0.83670240082216873
23304,29117,29118,4,0,0.19414074061225531
23305,29119,29120,5,0,0.33347854299550977
23306,29121,29122,1,0,0.63529353365419994
23307,29122,29123,2,0,0.21940418756206656
23308,29124,29125,4,0,0.24764989775790164
23309,29125,29126,3,0,0.20946312181959079
23310,29126,29127,2,1,0.61607245871177585
23311,29127,29128,5,0,0.64605170471395068
23312,29128,29129,1,0,0.11603079584252994
23313,29130,29131,5,0,0.058557465669413035
23314,29131,29132,2,0,0.22630503516195977
23315,29132,29133,4,1,0.082565427591649629
23316,29133,29134,1,0,0.30810688488476479
23317,29135,29136,3,0,0.10183819314410174
23318,29136,29137,4,0,0.17546318953044773
23319,29137,29138,5,0,0.064163899024657842
23320,29138,29139,4,1,0.6045886748822249
23321,29140,29141,4,0,0.095968589132035861
23322,29143,29144,3,0,0.20797168660139256
23323,29147,29148,1,0,0.039204181797191227
23324,29148,29149,3,0,0.18625769325757033
23325,29149,29150,2,0,0.58714116046383702
23326,29152,29153,2,1,0.37099212989124414
23327,29153,29154,2,0,0.21620539243932102
23328,29154,29155,5,1,0.84136950726061888
23329,29155,29156,2,1,0.36239678443917978
23330,29157,29158,3,0,0.39766738146153102
23331,29158,29159,4,0,0.20211838733440521
23332,29160,29161,3,0,0.7173050498970408
23333,29161,29162,4,1,0.65050173740710104
23334,29162,29163,4,0,0.20163284431288447
23335,29163,29164,4,1,0.37850360141295497
23336,29164,29165,3,0,0.13754824077032635
23337,29165,29166,3,0,0.097183901317589333
23338,29166,29167,2,0,0.12320416991389903
23339,29167,29168,5,1,0.10082161177342329
23340,29168,29169,2,0,0.10860275165357873
23341,29169,29170,4,1,0.55309519381058059
23342,29172,29173,3,0,0.05641875806843711
23343,29174,29175,4,0,0.023402444907610891
23344,29175,29176,5,0,0.09032380735901438
23345,29177,29178,2,0,0.62580874970380884
23346,29178,29179,2,0,0.076124885109990673
23347,29179,29180,4,1,0.050670036522792311
23348,29180,29181,2,1,0.542305835974211
23349,29181,29182,4,0,0.15187595704530632
23350,29182,29183,3,0,0.019162210032234006
23351,29183,29184,5,0,0.088453204507248889
23352,29185,29186,5,0,0.67055628581915805
23353,29188,29189,5,0,0.16700593853665663
23354,29189,29190,1,1,0.4362335040746137
23355,29192,29193,5,1,0.23243077839624737
23356,29193,29194,4,1,0.19887143866605497
23357,29194,29195,5,0,0.074361947897502334
23358,29195,29196,2,0,0.6009586560484812
23359,29196,29197,1,0,0.16780993577470127
23360,29197,29198,5,0,0.16635945453585238
23361,29198,29199,5,0,0.1215557866537457
23362,29199,29200,2,0,0.15902894241465584
23363,29200,29201,2,0,0.2985385263654175
23364,29201,29202,5,1,0.61245826009365922
23365,29202,29203,5,1,0.1730629642193145
23366,29204,29205,4,0,0.19224481782535169
23367,29205,29206,4,0,0.39696021884707716
23368,29207,29208,1,0,0.084409707489219263
23369,29208,29209,1,0,0.10756955944590803
23370,29209,29210,3,0,0.13487768343826079
23371,29210,29211,1,1,0.56415332287794506
23372,29212,29213,5,0,0.13182077766351058
23373,29213,29214,2,1,0.58238300844755886
23374,29215,29216,5,0,0.1466519808476362
23375,29216,29217,1,0,0.23425377030498426
23376,29217,29218,3,0,0.14033653463138068
23377,29218,29219,5,0,0.12814591642824749
23378,29219,29220,3,0,0.087523362457964035
23379,29220,29221,2,0,0.3663084614975759
23380,29222,29223,1,0,0.2534247513325476
23381,29223,29224,3,0,0.20593338153759988
23382,29224,29225,4,0,0.72945145698422753
23383,29225,29226,2,0,0.11870658883553105
23384,29227,29228,3,0,0.12502175733053336
23385,29228,29229,3,0,0.1910763046783899
23386,29229,29230,4,0,0.11151382890994224
23387,29230,29231,3,0,0.19407084550017015
23388,29231,29232,4,0,0.14861620718809262
23389,29232,29233,3,0,0.18153978021263548
23390,29233,29234,5,1,0.22402141978886295
23391,29234,29235,3,1,0.2402745539805187
23392,29235,29236,2,0,0.24468548585749433
23393,29236,29237,4,1,0.19411811491969766
23394,29237,29238,2,0,0.19829024033573434
23395,29238,29239,2,0,0.46160654168768434
23396,29239,29240,1,0,0.15982223205531973
23397,29240,29241,2,1,0.091000330111238134
23398,29241,29242,3,0,0.35843899669527368
23399,29243,29244,5,0,0.16778070522043356
23400,29244,29245,3,0,0.094802842991573488
23401,29247,29248,3,1,0.38436140917985001
23402,29249,29250,4,1,0.77326886389180338
23403,29250,29251,2,1,0.49916261254527855
23404,29251,29252,3,0,0.19281466914434023
23405,29252,29253,2,0,0.11137221526827193
23406,29254,29255,2,1,0.15530352270325262
23407,29256,29257,1,0,0.19073799610544373
23408,29257,29258,2,1,0.21156677996279605
23409,29258,29259,1,0,0.51448270926391571
23410,29261,29262,5,1,0.17638697034587938
23411,29263,29264,5,0,0.18780173486991916
23412,29264,29265,2,0,0.046268762935567621
23413,29265,29266,2,0,0
23414,29266,29267,2,0,0.11636748634875162
23415,29267,29268,1,0,0.19014079464531741
23416,29268,29269,5,1,0.76848534126619494
23417,29269,29270,3,0,0.048423130018357713
23418,29270,29271,4,1,0.15112287157725582
23419,29271,29272,4,0,0.16245221093555287
23420,29272,29273,1,0,0.09766064624230722
23421,29273,29274,5,0,0.43835107161696163
23422,29274,29275,2,0,0.13781647230609217
23423,29275,29276,2,0,0.65017604789889261
23424,29277,29278,4,0,0.046718689302853868
23425,29278,29279,5,1,0.14280316192770171
23426,29279,29280,4,0,0.14752498659356189
23427,29280,29281,2,0,0
23428,29281,29282,5,1,0.52502818882078717
23429,29282,29283,5,0,0.17560459791664232
23430,29283,29284,3,0,0.036893690371001042
23431,29284,29285,5,0,0.089190154391842927
23432,29285,29286,1,0,0.07641647323711856
23433,29286,29287,3,1,0.69652005890010593
23434,29288,29289,1,0,0.085602599613299427
23435,29290,29291,3,1,0.68519473565665179
23436,29292,29293,2,1,0.53131484620485214
23437,29293,29294,3,1,0.0683269489040257
23438,29294,29295,5,0,0.12022370549080147
23439,29296,29297,2,0,0.15672221532193426
23440,29297,29298,2,0,0.16341020570461559
23441,29298,29299,4,0,0.2290319920915499
23442,29299,29300,3,0,0.055634590535168379
23443,29301,29302,4,0,0.32901648729479804
23444,29302,29303,4,0,0.091297658688143546
23445,29304,29305,5,0,0.038241092694709281
23446,29305,29306,2,0,0.17340685665214031
23447,29306,29307,4,0,0.14814069084324805
23448,29307,29308,3,0,0.032992268302401664
23449,29308,29309,5,0,0.20477512053361396
23450,29310,29311,3,0,0.07859606192168736
23451,29311,29312,3,1,0.18371638818934879
23452,29312,29313,3,1,0.71165898268438177
23453,29313,29314,3,0,0.18721864324091397
23454,29314,29315,5,0,0.17134148490156459
23455,29317,29318,1,0,0.15260746044806703
23456,29320,29321,3,0,0.068653180236840236
23457,29321,29322,1,0,0.090646995748594597
23458,29322,29323,5,0,0.56897998338334943
23459,29323,29324,2,0,0.18788662582878934
23460,29324,29325,1,0,0.1550081082955109
23461,29325,29326,4,0,0.18427450929422082
23462,29326,29327,4,0,0.13201868742179268
23463,29328,29329,4,0,0.15602745922471767
23464,29329,29330,4,1,0.11150793940296229
23465,29330,29331,4,0,0.061210276977932646
23466,29332,29333,1,0,0.080630377315922
23467,29333,29334,5,0,0.12857560041659896
23468,29334,29335,5,0,0.078532996407983932
23469,29335,29336,3,0,0.069460677243287305
23470,29336,29337,1,0,0.17924757750886428
23471,29337,29338,4,0,0.088325100781229876
23472,29338,29339,2,1,0.65604517136152496
23473,29339,29340,3,0,0.44515020605483041
23474,29340,29341,2,0,0.2278255000470551
23475,29341,29342,5,0,0.27896209751614826
23476,29342,29343,1,1,0.60475960168518628
23477,29343,29344,5,0,0.10237331721261161
23478,29344,29345,4,0,0.074044544802775794
23479,29345,29346,5,1,0.62183553456729024
23480,29347,29348,1,0,0.59412687033485923
23481,29348,29349,5,0,0.14504198443289962
23482,29349,29350,4,0,0.079419870472306087
23483,29350,29351,4,0,0.043461736120850747
23484,29351,29352,1,0,0.15264095405727313
23485,29352,29353,4,1,0.19701560278583521
23486,29353,29354,1,0,0.098457033490911644
23487,29354,29355,2,1,0.28167888783888012
23488,29355,29356,2,1,0.317782443871645
23489,29356,29357,4,1,0.56795757535122238
23490,29357,29358,5,0,0.5167613823743783
23491,29358,29359,4,0,0.12873432102330445
23492,29359,29360,1,0,0.1560398266781049
23493,29360,29361,5,1,0.2228489521837429
23494,29361,29362,1,0,0.22758676968111755
23495,29362,29363,5,0,0.12824229363028278
23496,29365,29366,2,0,0.11200732316630044
23497,29366,29367,1,1,0.86234475925135667
23498,29367,29368,4,0,0.1727760006103968
23499,29368,29369,3,0,0.10939622716536619
23500,29369,29370,5,0,0.15358913902755572
23501,29370,29371,2,0,0.13431731906094493
23502,29372,29373,5,0,0.15532332439569296
23503,29373,29374,3,0,0.059674649097856906
23504,29374,29375,3,0,0.36382005529404571
23505,29375,29376,2,0,0.12576333504596926
23506,29376,29377,3,1,0.10068790968700402
23507,29378,29379,1,1,0.32544037861704345
23508,29379,29380,4,0,0.2178057512365093
23509,29380,29381,3,0,0.35948977014215966
23510,29381,29382,4,0,0.1801561722485174
23511,29384,29385,4,0,0.10338936650620205
23512,29385,29386,2,0,0.090721095734031171
23513,29386,29387,3,0,0.090723782416248233
23514,29387,29388,5,0,0.094974519352665793
23515,29388,29389,3,0,0.064256805148047769
23516,29389,29390,1,0,0.21963395598812319
23517,29392,29393,3,0,0.010266052089165022
23518,29393,29394,5,0,0.23449228720424795
23519,29394,29395,1,0,0.071997549520448109
23520,29395,29396,1,0,0.15680443628097268
23521,29396,29397,4,0,0.12726979860371115
23522,29397,29398,3,0,0.2184142168554393
23523,29398,29399,1,0,0.25500644122474914
23524,29400,29401,3,0,0.12949573154532343
23525,29401,29402,3,0,0.1431217551781819
23526,29402,29403,4,0,0.11978008712103209
23527,29403,29404,1,0,0.13906750228288686
23528,29404,29405,1,0,0.07386046488019038
23529,29405,29406,1,0,0.11690418196102928
23530,29406,29407,4,0,0.10671068497158946
23531,29407,29408,4,0,0.14024960542203552
23532,29408,29409,2,1,0.47544346651181169
23533,29409,29410,5,0,0.23456732269095057
23534,29410,29411,2,0,0.16435840533011517
23535,29411,29412,5,0,0.29887831441446505
23536,29412,29413,4,0,0.32152188185722141
23537,29414,29415,2,0,0.12179293054052982
23538,29415,29416,1,0,0.17794660917443877
23539,29416,29417,1,0,0.21502604498646616
23540,29417,29418,3,0,0.17982736794850993
23541,29418,29419,5,1,0.82234147143072378
23542,29419,29420,5,0,0.1054626783920285
23543,29420,29421,4,0,0.15876315492629248
23544,29421,29422,3,0,0.070826297991652978
23545,29422,29423,5,0,0.16623081925784153
23546,29423,29424,4,0,0.047377480303668854
23547,29424,29425,2,0,0.081964452098634039
23548,29425,29426,2,0,0.17486433444254781
23549,29426,29427,4,0,0.12426380563107431
23550,29427,29428,1,1,0.36775102882885013
23551,29430,29431,1,0,0.10931320488021595
23552,29431,29432,1,0,0.23750320198472713
23553,29432,29433,4,0,0.34748674187435519
23554,29433,29434,5,0,0.063610520010050797
23555,29435,29436,3,0,0.2819437390663822
23556,29436,29437,5,1,0.54399542648812016
23557,29438,29439,4,0,0.080556190655365831
23558,29439,29440,1,0,0.088466461081681311
23559,29440,29441,3,0,0.077728371163370974
23560,29442,29443,3,0,0.082057385955342926
23561,29443,29444,3,0,0.20832213999880603
23562,29444,29445,1,1,0.090590137898843917
23563,29445,29446,5,0,0.14307259164730132
23564,29446,29447,4,0,0.2257567734745311
23565,29447,29448,5,1,0.11009868057665342
23566,29449,29450,2,0,0.17883191986639591
23567,29451,29452,1,1,0.68345120659026992
23568,29452,29453,1,1,0.18917708964837357
23569,29453,29454,4,0,0.1963962595507735
23570,29456,29457,3,0,0.17117700952927606
23571,29457,29458,2,0,0.068295358894796099
23572,29458,29459,2,0,0.077874019688815077
23573,29459,29460,2,0,0.38410491232454302
23574,29460,29461,3,0,0.13868122627779109
23575,29461,29462,5,0,0.17413434373840767
23576,29462,29463,4,0,0.018112773566691342
23577,29463,29464,4,0,0.13204782268119483
23578,29464,29465,4,1,0.13988714764174121
23579,29465,29466,1,0,0.037548056765486781
23580,29469,29470,5,0,0.21461564483028547
23581,29470,29471,4,0,0.22881606887217468
23582,29471,29472,2,0,0.042282297665684067
23583,29472,29473,3,0,0.15938135560453986
23584,29473,29474,2,0,0.27103128383927261
23585,29474,29475,4,0,0.10877569602658937
23586,29475,29476,4,0,0.11071485224779599
23587,29476,29477,2,0,0.029093420053515201
23588,29477,29478,3,1,0.81015741368551364
23589,29478,29479,1,0,0.26529096174080091
23590,29479,29480,1,0,0.1282696977385436
23591,29481,29482,2,0,0.069001522735379198
23592,29482,29483,3,0,0.10628349756856588
23593,29484,29485,2,0,0.11668250698767803
23594,29485,29486,5,1,0.085969712447333396
23595,29486,29487,5,0,0.16017507625720132
23596,29487,29488,1,0,0.21479953750560507
23597,29488,29489,5,0,0.18747806882750875
23598,29490,29491,2,0,0.1126720905021151
23599,29492,29493,1,0,0.27522419123306968
23600,29493,29494,4,0,0.7352691269962548
23601,29494,29495,5,0,0
23602,29496,29497,2,0,0.13778523472872567
23603,29497,29498,2,1,0.58226327653123167
23604,29498,29499,5,0,0.27031892463398949
23605,29499,29500,4,0,0.16499728822975454
23606,29500,29501,3,1,0.81933901868766756
23607,29501,29502,2,0,0.16866494706312954
23608,29502,29503,4,0,0.099898445511758596
23609,29503,29504,3,1,0.66373562397116637
23610,29504,29505,3,0,0.71049190652548355
23611,29505,29506,4,0,0.29706658607006053
23612,29506,29507,3,0,0.10354860667089072
23613,29507,29508,5,0,0.16374704229950504
23614,29508,29509,2,0,0.13010357733587127
23615,29509,29510,4,0,0.35689002822908278
23616,29510,29511,1,0,0.1621688605952856
23617,29511,29512,1,1,0.3315411365543412
23618,29515,29516,4,1,0.10908892226940073
23619,29516,29517,3,1,0.1415915762332729
23620,29517,29518,3,0,0.10900742483286278
23621,29518,29519,5,1,0.13084898027725816
23622,29519,29520,3,0,0.099957980646869074
23623,29521,29522,5,0,0.11087137465272622
23624,29522,29523,5,0,0.20770227677819447
23625,29523,29524,3,1,0.78319208996872269
23626,29525,29526,5,0,0.081812477124939734
23627,29528,29529,3,0,0.20394936059182181
23628,29529,29530,4,0,0.15844514809484872
23629,29531,29532,5,1,0.36509947087562167
23630,29533,29534,1,0,0.32880595117369071
23631,29534,29535,2,0,0.15059807539695916
23632,29535,29536,5,0,0.53997760620897184
23633,29536,29537,2,0,0.14395563737863978
23634,29537,29538,1,1,0.19081171571492569
23635,29538,29539,4,0,0.77905389622120547
23636,29539,29540,4,0,0.11147111385619742
23637,29541,29542,2,0,0.50933172214217637
23638,29542,29543,1,0,0.082963012712665526
23639,29543,29544,1,0,0.23120086737947484
23640,29544,29545,4,0,0.20681379533583458
23641,29547,29548,2,0,0.1382792602880917
23642,29548,29549,3,1,0.4644786820963776
23643,29550,29551,1,0,0.63840803020892889
23644,29551,29552,5,0,0.18848872933393604
23645,29552,29553,5,0,0.21357086752790963
23646,29553,29554,2,0,0.16646307136661834
23647,29554,29555,3,1,0.18027684513909722
23648,29555,29556,3,0,0.037867699379777395
23649,29556,29557,4,1,0.67722696058016507
23650,29557,29558,5,1,0.20458773226297203
23651,29558,29559,3,0,0.1098900955894675
23652,29559,29560,1,0,0.10825563186033876
23653,29560,29561,2,0,0.35676420873074849
23654,29561,29562,2,0,0.39946705483294187
23655,29563,29564,5,0,0.13124527204591208
23656,29564,29565,2,0,0.1589426485808752
23657,29565,29566,4,0,0.18682651498387176
23658,29566,29567,2,0,0.1960899326363113
23659,29567,29568,4,0,0.16138485294267021
23660,29569,29570,5,1,0.68004221954642241
23661,29571,29572,3,0,0.14806437032222852
23662,29572,29573,1,1,0.1691340798826548
23663,29573,29574,4,0,0.52963866896676814
23664,29574,29575,1,0,0.18569164322862969
23665,29575,29576,2,1,0.73326942024420994
23666,29578,29579,2,0,0.069298129324893196
23667,29579,29580,3,1,0.78129114029391344
23668,29582,29583,3,0,0.21205669694802237
23669,29584,29585,2,1,0.070081233133095833
23670,29585,29586,3,1,0.22900692822639276
23671,29586,29587,2,0,0.096896633546963165
23672,29587,29588,5,0,0.16304052562860397
23673,29588,29589,3,0,0.088798273788943838
23674,29589,29590,3,0,0.16121612873067215
23675,29590,29591,1,1,0.4685040363371098
23676,29591,29592,5,0,0.18061569534402699
23677,29592,29593,3,0,0.22591859087514043
23678,29593,29594,4,0,0.17819771665226
23679,29594,29595,4,1,0.13535593017308237
23680,29595,29596,3,0,0.050469267314991337
23681,29600,29601,3,0,0.056014116453299838
23682,29601,29602,1,0,0.048538075360318247
23683,29602,29603,4,0,0.11497163747839381
23684,29603,29604,3,0,0.69937045925847197
23685,29604,29605,3,0,0.20392378882012177
23686,29605,29606,4,0,0.21203701567283059
23687,29606,29607,2,1,0.41006278803584323
23688,29607,29608,2,0,0.065026608748015732
23689,29608,29609,1,1,0.44962301845196884
23690,29609,29610,1,1,0.13673577146626842
23691,29610,29611,4,0,0.037880726050440162
23692,29611,29612,5,1,0.15808971837887995
23693,29612,29613,4,1,0.35765023654056244
23694,29613,29614,2,0,0.13234982978997398
23695,29614,29615,5,1,0.64261625081262697
23696,29617,29618,2,0,0.25309031536227355
23697,29619,29620,2,1,0.53931523958375616
23698,29620,29621,3,0,0.40617291664376237
23699,29621,29622,2,0,0.16725087193662716
23700,29622,29623,1,1,0.74748046537930013
23701,29623,29624,2,0,0.050507048114741694
23702,29624,29625,3,0,0.076504091903088475
23703,29625,29626,5,0,0.12106804805888985
23704,29626,29627,4,0,0.1085464842627472
23705,29627,29628,1,0,0.14941747444784778
23706,29629,29630,4,0,0.09460149446017041
23707,29630,29631,3,0,0.12885732737655783
23708,29632,29633,2,0,0.15352196558702688
23709,29633,29634,5,0,0.12887786633380416
23710,29636,29637,2,0,0.23649655825374019
23711,29637,29638,5,0,0.18747021696046817
23712,29638,29639,1,1,0.12949497426276052
23713,29639,29640,4,0,0.14314448899320203
23714,29640,29641,1,1,0.09095131998122831
23715,29642,29643,2,1,0.68138045915621148
23716,29643,29644,4,1,0.55340502520444756
23717,29644,29645,4,0,0.3362867808117091
23718,29645,29646,5,0,0.069076065540265866
23719,29646,29647,5,0,0.15773036207760283
23720,29647,29648,4,0,0.099039482216253513
23721,29648,29649,2,0,0.14941079155369927
23722,29650,29651,5,1,0.6745357709830746
23723,29653,29654,2,0,0.046955280041001836
23724,29654,29655,4,1,0.19599469167054698
23725,29655,29656,3,0,0.039347577199499675
23726,29656,29657,3,0,0.1369761443640595
23727,29657,29658,5,1,0.095416598131975935
23728,29658,29659,4,0,0.15548374217650299
23729,29659,29660,5,0,0.26028803388230509
23730,29660,29661,2,0,0.14527384852839015
23731,29661,29662,5,0,0.046747676426416182
23732,29662,29663,4,0,0.12622941296855159
23733,29663,29664,5,0,0.1139244033991898
23734,29665,29666,3,0,0.75692872967965341
23735,29666,29667,5,0,0.027831107010974087
23736,29667,29668,1,1,0.61230136598496177
23737,29668,29669,2,1,0.69523021974613308
23738,29671,29672,1,0,0.135926302258222
23739,29672,29673,5,0,0.2670792378669537
23740,29673,29674,3,0,0.028274925653355036
23741,29674,29675,1,0,0.083714478265214054
23742,29676,29677,1,0,0.13009440075931863
23743,29677,29678,3,0,0.092151446354474906
23744,29678,29679,5,1,0.64771348467210776
23745,29679,29680,4,0,0.13423689597612401
23746,29682,29683,1,0,0.16344640175947928
23747,29683,29684,3,0,0.30568342034958668
23748,29684,29685,2,0,0.079712610174197451
23749,29685,29686,1,1,0.1509764782908288
23750,29686,29687,5,0,0.0090713332255552333
23751,29687,29688,5,1,0.66218759556961182
23752,29688,29689,2,0,0.54210462020517525
23753,29691,29692,4,0,0.038148770108954407
23754,29692,29693,1,0,0.11701751920732932
23755,29693,29694,5,0,0.038546096865556684
23756,29694,29695,5,0,0.20009954759187604
23757,29696,29697,4,0,0.037836249876111859
23758,29697,29698,1,0,0.36686629194863152
23759,29698,29699,5,0,0.33528586992352361
23760,29699,29700,1,0,0.17477127274794949
23761,29700,29701,2,1,0.32742837763838756
23762,29701,29702,4,1,0.59183265768119675
23763,29702,29703,5,0,0.12226527596730488
23764,29703,29704,5,0,0.11860986402564996
23765,29705,29706,2,0,0.31270369696701694
23766,29706,29707,2,0,0.056590354351001002
23767,29707,29708,3,0,0.41136409601736568
23768,29708,29709,4,0,0.57165648647230549
23769,29709,29710,5,1,0.35078803942132575
23770,29710,29711,3,0,0.072399018042021299
23771,29711,29712,4,0,0.39428095221592652
23772,29712,29713,2,0,0.23620522463749102
23773,29713,29714,3,0,0.15634922980172314
23774,29714,29715,5,0,0.19014084720459842
23775,29715,29716,3,1,0.52560654159075293
23776,29716,29717,4,1,0.58374731037466698
23777,29719,29720,2,0,0.13478538769129056
23778,29721,29722,1,0,0.16110205178174988
23779,29722,29723,2,0,0.17209565725985182
23780,29723,29724,1,1,0.727712871794571
23781,29724,29725,5,0,0.060948600597988629
23782,29725,29726,4,0,0.064434944136208483
23783,29727,29728,1,0,0.097138733903654254
23784,29728,29729,3,1,0.38250753297753848
23785,29729,29730,4,0,0.078960214888102703
23786,29730,29731,4,0,0.14569897808213386
23787,29731,29732,4,1,0.21826852071944147
23788,29732,29733,1,0,0.59850672534341753
23789,29733,29734,2,0,0.081958298583045305
23790,29734,29735,2,1,0.16220487001642842
23791,29735,29736,2,1,0.70881963735253195
23792,29738,29739,1,0,0.17524747402975288
23793,29739,29740,1,0,0.068393839054214783
23794,29740,29741,5,0,0.043569055793417223
23795,29741,29742,1,0,0.13451796924352424
23796,29742,29743,4,0,0.12550489897488476
23797,29743,29744,3,0,0.19077652002881471
23798,29744,29745,3,1,0.71388479447474962
23799,29745,29746,5,0,0.19476017234804421
23800,29746,29747,1,1,0.15114335309651269
23801,29747,29748,4,1,0.72245806489899822
23802,29748,29749,2,0,0.14338542314620867
23803,29749,29750,1,0,0.2547962228695293
23804,29750,29751,5,0,0.18675319768290949
23805,29751,29752,1,0,0.21611764810632544
23806,29752,29753,5,0,0.40192781588932586
23807,29753,29754,1,0,0.0487865539280673
23808,29755,29756,4,0,0.28655498613269936
23809,29758,29759,1,0,0.29968063027780528
23810,29759,29760,3,0,0.44120433318238378
23811,29760,29761,1,1,0.33186969312042452
23812,29761,29762,3,0,0.05763128619468471
23813,29762,29763,4,0,0.17994049310388135
23814,29763,29764,3,0,0.22645734926604733
23815,29764,29765,3,0,0.23579038136678054
23816,29765,29766,1,0,0.16011948132038389
23817,29767,29768,2,0,0.3868281379966485
23818,29768,29769,3,0,0.17519747364548346
23819,29769,29770,4,0,0.21772110558849295
23820,29771,29772,3,1,0.54877374159973136
23821,29773,29774,2,0,0.17065552750356663
23822,29774,29775,2,1,0.073191310402704948
23823,29775,29776,4,0,0.24932804657783633
23824,29776,29777,5,0,0.070652639280452331
23825,29777,29778,2,1,0.14654892676969808
23826,29778,29779,3,1,0.6323138818249262
23827,29779,29780,1,0,0.11064873172323179
23828,29781,29782,2,0,0.2552037493948851
23829,29782,29783,5,0,0.18347713435112084
23830,29783,29784,5,0,0.47300802670891734
23831,29784,29785,1,0,0.1367097470060685
23832,29785,29786,3,1,0.62417413130396837
23833,29786,29787,3,0,0.15958320055200106
23834,29787,29788,5,0,0.47204136972307364
23835,29789,29790,5,0,0.12206923044922229
23836,29791,29792,3,0,0.057725247328054466
23837,29792,29793,1,0,0.1619550789980902
23838,29793,29794,2,1,0.12322676552509024
23839,29794,29795,5,0,0.060601089240819042
23840,29795,29796,4,0,0.23914776859744941
23841,29796,29797,4,0,0.077809984188082992
23842,29797,29798,4,0,0.14473419558761222
23843,29798,29799,1,0,0.24903444239392047
23844,29799,29800,1,1,0.7129905547155585
23845,29800,29801,1,0,0.14434783013468175
23846,29801,29802,1,0,0.7549604759795856
23847,29802,29803,2,0,0.20246037293921523
23848,29803,29804,5,0,0.122286828161827
23849,29804,29805,2,1,0.49139951318294939
23850,29805,29806,3,0,0.16506616842527691
23851,29806,29807,3,0,0.19557143709637081
23852,29807,29808,1,0,0.2248660764873848
23853,29808,29809,3,1,0.028485425380179202
23854,29809,29810,1,1,0.53435112473376101
23855,29810,29811,5,0,0.12040190764979317
23856,29811,29812,3,0,0.18075472912297177
23857,29812,29813,2,0,0.095664605758532986
23858,29814,29815,3,0,0.63011212574086184
23859,29816,29817,2,0,0.41726110584031967
23860,29817,29818,3,1,0.7359684443249771
23861,29818,29819,1,0,0.17559585106206846
23862,29819,29820,3,1,0.18225122067114188
23863,29820,29821,2,0,0.28799752963985981
23864,29821,29822,2,0,0.059510111714887917
23865,29823,29824,1,1,1
23866,29824,29825,4,1,0.7744986488045964
23867,29825,29826,2,0,0.20932687340926975
23868,29826,29827,4,0,0.098660178440939827
23869,29827,29828,4,1,0.68487048302884912
23870,29828,29829,4,1,0.39150920890112872
23871,29829,29830,4,0,0.12607181285097119
23872,29830,29831,2,1,0.45887952675166616
23873,29831,29832,1,0,0.1065777277813602
23874,29832,29833,4,0,0.11549680131529788
23875,29833,29834,2,1,0.22770908850863195
23876,29834,29835,5,0,0.15791932833710079
23877,29835,29836,5,0,0.078990394966440905
23878,29836,29837,4,0,0.37271466841981848
23879,29839,29840,2,0,0.25089801938985129
23880,29843,29844,2,1,0.54561640307441006
23881,29845,29846,5,1,0.25108816199588235
23882,29846,29847,1,0,0.060837846688014292
23883,29847,29848,2,0,0.018047048469045347
23884,29848,29849,3,1,0.7669740688776826
23885,29849,29850,1,0,0.17292611727600246
23886,29851,29852,5,0,0.1865419291933981
23887,29852,29853,5,0,0.094287038235349271
23888,29853,29854,3,1,0.19308145114258093
23889,29854,29855,1,0,0.052204314839881014
23890,29855,29856,2,0,0.54119708359252583
23891,29856,29857,5,0,0.06688360390609803
23892,29857,29858,2,0,0.10272436946942255
23893,29859,29860,1,1,0.063599938960920782
23894,29860,29861,5,0,0.018581157265272891
23895,29861,29862,5,0,0.049248492689155328
23896,29862,29863,2,1,0.12570650218215804
23897,29863,29864,4,0,0.13067483051173054
23898,29864,29865,1,0,0.050808314706430248
23899,29865,29866,1,1,0.35335759177966214
23900,29866,29867,3,1,0.56536384041519971
23901,29868,29869,5,0,0.0079395817460635402
23902,29869,29870,5,0,0.25175834762172572
23903,29870,29871,2,1,0.14795542335699738
23904,29871,29872,5,0,0.15417227496126915
23905,29872,29873,4,0,0.093060002771554171
23906,29873,29874,4,0,0.13588073542069942
23907,29874,29875,3,1,0.1770185607664865
23908,29875,29876,5,0,0.15973853053202799
23909,29876,29877,4,0,0.041699441847150666
23910,29877,29878,2,0,0.026415229839509089
23911,29878,29879,2,1,0.1144869973159411
23912,29880,29881,1,1,0.19326446404311268
23913,29881,29882,2,0,0.089221843873203824
23914,29882,29883,5,0,0.15905252191298197
23915,29883,29884,2,0,0.17043877222055445
23916,29884,29885,2,0,0.56015519479905529
23917,29885,29886,3,1,0.15191427251143749
23918,29886,29887,3,0,0.089841333598848702
23919,29887,29888,5,0,0.080294739585293373
23920,29888,29889,1,0,0.085731493973087977
23921,29889,29890,3,0,0.068835588170949757
23922,29890,29891,2,0,0.25037381041136697
23923,29891,29892,4,0,0.19416029900301421
23924,29892,29893,4,0,0.19138779802079739
23925,29893,29894,2,0,0.12424330660827733
23926,29894,29895,5,1,0.12273037067216998
23927,29896,29897,4,1,0.7406419754478244
23928,29897,29898,4,1,0.035404299020019771
23929,29898,29899,1,0,0.43323885103412196
23930,29901,29902,3,0,0.36972014930011993
23931,29902,29903,5,0,0.083514993205438218
23932,29904,29905,5,1,0.065078986142307393
23933,29906,29907,5,0,0.096939885623692018
23934,29907,29908,2,1,0.44512687741028084
23935,29908,29909,5,1,0.34496742606369951
23936,29909,29910,2,0,0.35383196059088617
23937,29910,29911,2,0,0.14582613748098991
23938,29911,29912,3,1,0.1278737652580739
23939,29913,29914,4,0,0.057914859285402756
23940,29914,29915,4,0,0.064587008723550332
23941,29917,29918,3,1,0.46995157175150576
23942,29919,29920,1,1,0.2780376685275181
23943,29920,29921,2,1,0.50230638167561592
23944,29921,29922,1,1,0.10199926938910556
23945,29922,29923,5,0,0.34486635815962757
23946,29923,29924,2,0,0.24345171730961621
23947,29924,29925,2,0,0.24118948348895841
23948,29925,29926,1,0,0.05953309085256147
23949,29926,29927,2,0,0.56182445555312543
23950,29927,29928,2,0,0.10384086206515752
23951,29928,29929,5,0,0.26346491237700559
23952,29929,29930,3,1,0.12339778579944879
23953,29930,29931,4,0,0.64381874573449915
23954,29932,29933,3,1,0.5936058136399629
23955,29934,29935,2,0,0.19249859075027584
23956,29936,29937,3,0,0.086522349804530996
23957,29937,29938,3,0,0.033154792070252688
23958,29938,29939,3,0,0.65880671793398549
23959,29940,29941,3,0,0.43709030275029509
23960,29941,29942,4,0,0.24155431742573688
23961,29942,29943,4,1,0.091028067617689473
23962,29943,29944,1,0,0.071747098998921052
23963,29947,29948,2,0,0.19880124756977258
23964,29948,29949,4,0,0.11614316466151922
23965,29949,29950,1,0,0.0091218922462231958
23966,29950,29951,1,0,0.29224660152038917
23967,29951,29952,1,0,0.11002792543722911
23968,29952,29953,1,0,0.12906448218827071
23969,29953,29954,1,0,0.16777091322340534
23970,29954,29955,4,0,0.14305848401157137
23971,29955,29956,4,0,0.30995792126225058
23972,29956,29957,4,0,0.048086116530743815
23973,29957,29958,1,0,0.029402975444475128
23974,29960,29961,5,0,0.097654490344241549
23975,29961,29962,4,0,0.07922020479091918
23976,29962,29963,5,0,0.2014058045496207
23977,29964,29965,5,0,0.14251191688141357
23978,29965,29966,4,0,0.10262070395354957
23979,29966,29967,5,1,0.27766784890538843
23980,29971,29972,1,0,0.14574714606748215
23981,29973,29974,1,1,0.30824401946402646
23982,29974,29975,3,1,0.49224589170151184
23983,29975,29976,4,0,0.066938497638870095
23984,29978,29979,4,0,0.07113837536752303
23985,29979,29980,5,0,0.39128439026692635
23986,29980,29981,4,0,0.14523136733987782
23987,29981,29982,1,0,0.5605532179491427
23988,29983,29984,4,0,0.072795972337663981
23989,29984,29985,5,0,0.1272859071388317
23990,29986,29987,4,0,0.27418387318541687
23991,29987,29988,5,0,0.040058318774704019
23992,29989,29990,5,0,0.14174486223599916
23993,29990,29991,3,0,0.17813661732384753
23994,29991,29992,4,1,0.8850328736188865
23995,29992,29993,3,0,0.19619293756639758
23996,29995,29996,5,0,0.12875604303174715
23997,29997,29998,5,1,0.72539403829951044
23998,29998,29999,5,1,0.13662577013469437
23999,29999,30000,1,1,0.22881711666212531
