test_index,row_id,original_id,y_true,y_pred,probability_class_1,selected_k,metric,weights
0,1,2,1,0,0.36842105263157893,19,euclidean,uniform
1,11,12,0,0,0.21052631578947367,19,euclidean,uniform
2,14,15,0,0,0,19,euclidean,uniform
3,17,18,0,0,0.10526315789473684,19,euclidean,uniform
4,20,21,0,0,0.26315789473684209,19,euclidean,uniform
5,21,22,1,0,0.26315789473684209,19,euclidean,uniform
6,26,27,1,0,0.21052631578947367,19,euclidean,uniform
7,33,34,0,0,0.10526315789473684,19,euclidean,uniform
8,34,35,0,0,0.26315789473684209,19,euclidean,uniform
9,45,46,1,0,0.15789473684210525,19,euclidean,uniform
10,54,55,0,1,0.84210526315789469,19,euclidean,uniform
11,63,64,1,0,0.21052631578947367,19,euclidean,uniform
12,65,66,1,0,0.10526315789473684,19,euclidean,uniform
13,66,67,1,1,0.52631578947368418,19,euclidean,uniform
14,73,74,0,0,0.15789473684210525,19,euclidean,uniform
15,75,76,0,0,0.31578947368421051,19,euclidean,uniform
16,82,83,1,0,0.15789473684210525,19,euclidean,uniform
17,83,84,0,0,0.10526315789473684,19,euclidean,uniform
18,90,91,1,1,0.57894736842105265,19,euclidean,uniform
19,92,93,0,0,0.21052631578947367,19,euclidean,uniform
20,104,105,0,1,0.73684210526315785,19,euclidean,uniform
21,109,110,0,1,0.52631578947368418,19,euclidean,uniform
22,113,114,0,0,0.10526315789473684,19,euclidean,uniform
23,118,119,0,0,0,19,euclidean,uniform
24,131,132,0,0,0.21052631578947367,19,euclidean,uniform
25,141,142,0,0,0.21052631578947367,19,euclidean,uniform
26,149,150,0,0,0.26315789473684209,19,euclidean,uniform
27,154,155,0,0,0.15789473684210525,19,euclidean,uniform
28,158,159,1,1,0.57894736842105265,19,euclidean,uniform
29,163,164,0,0,0.15789473684210525,19,euclidean,uniform
30,164,165,0,0,0.10526315789473684,19,euclidean,uniform
31,176,177,0,0,0.052631578947368418,19,euclidean,uniform
32,178,179,0,0,0.10526315789473684,19,euclidean,uniform
33,181,182,0,0,0.10526315789473684,19,euclidean,uniform
34,188,189,0,0,0.15789473684210525,19,euclidean,uniform
35,192,193,0,0,0.15789473684210525,19,euclidean,uniform
36,197,198,0,0,0.10526315789473684,19,euclidean,uniform
37,198,199,0,0,0.052631578947368418,19,euclidean,uniform
38,201,202,0,0,0.21052631578947367,19,euclidean,uniform
39,205,206,0,0,0.10526315789473684,19,euclidean,uniform
40,209,210,0,0,0.15789473684210525,19,euclidean,uniform
41,210,211,0,0,0.10526315789473684,19,euclidean,uniform
42,212,213,0,0,0.15789473684210525,19,euclidean,uniform
43,214,215,0,1,0.52631578947368418,19,euclidean,uniform
44,215,216,0,0,0.21052631578947367,19,euclidean,uniform
45,220,221,1,1,0.57894736842105265,19,euclidean,uniform
46,226,227,0,0,0.15789473684210525,19,euclidean,uniform
47,238,239,1,0,0.15789473684210525,19,euclidean,uniform
48,239,240,1,0,0.10526315789473684,19,euclidean,uniform
49,243,244,0,0,0.42105263157894735,19,euclidean,uniform
50,244,245,0,1,0.52631578947368418,19,euclidean,uniform
51,246,247,0,0,0.31578947368421051,19,euclidean,uniform
52,247,248,0,0,0.10526315789473684,19,euclidean,uniform
53,248,249,0,0,0.052631578947368418,19,euclidean,uniform
54,249,250,0,0,0.15789473684210525,19,euclidean,uniform
55,250,251,0,1,0.52631578947368418,19,euclidean,uniform
56,253,254,0,0,0.15789473684210525,19,euclidean,uniform
57,255,256,0,0,0.15789473684210525,19,euclidean,uniform
58,260,261,0,0,0,19,euclidean,uniform
59,261,262,0,0,0.15789473684210525,19,euclidean,uniform
60,262,263,0,0,0.10526315789473684,19,euclidean,uniform
61,263,264,0,0,0.10526315789473684,19,euclidean,uniform
62,265,266,0,0,0.26315789473684209,19,euclidean,uniform
63,266,267,0,0,0.36842105263157893,19,euclidean,uniform
64,277,278,0,0,0.15789473684210525,19,euclidean,uniform
65,279,280,0,0,0.10526315789473684,19,euclidean,uniform
66,294,295,0,0,0.36842105263157893,19,euclidean,uniform
67,304,305,0,0,0.10526315789473684,19,euclidean,uniform
68,305,306,0,0,0.10526315789473684,19,euclidean,uniform
69,306,307,0,0,0.052631578947368418,19,euclidean,uniform
70,309,310,0,0,0.10526315789473684,19,euclidean,uniform
71,313,314,1,0,0.26315789473684209,19,euclidean,uniform
72,315,316,1,0,0.10526315789473684,19,euclidean,uniform
73,326,327,1,0,0.36842105263157893,19,euclidean,uniform
74,337,338,0,0,0.21052631578947367,19,euclidean,uniform
75,338,339,1,0,0.15789473684210525,19,euclidean,uniform
76,351,352,0,0,0.21052631578947367,19,euclidean,uniform
77,354,355,0,1,0.57894736842105265,19,euclidean,uniform
78,361,362,0,0,0,19,euclidean,uniform
79,367,368,0,0,0.47368421052631576,19,euclidean,uniform
80,368,369,0,1,0.52631578947368418,19,euclidean,uniform
81,379,380,1,0,0.31578947368421051,19,euclidean,uniform
82,385,386,0,0,0.15789473684210525,19,euclidean,uniform
83,387,388,1,0,0.42105263157894735,19,euclidean,uniform
84,391,392,1,0,0.10526315789473684,19,euclidean,uniform
85,395,396,0,0,0.10526315789473684,19,euclidean,uniform
86,396,397,0,0,0.21052631578947367,19,euclidean,uniform
87,411,412,0,0,0.15789473684210525,19,euclidean,uniform
88,431,432,1,0,0.15789473684210525,19,euclidean,uniform
89,435,436,1,1,0.63157894736842102,19,euclidean,uniform
90,441,442,0,0,0.26315789473684209,19,euclidean,uniform
91,443,444,0,0,0,19,euclidean,uniform
92,446,447,0,0,0.052631578947368418,19,euclidean,uniform
93,448,449,0,0,0,19,euclidean,uniform
94,461,462,0,0,0.15789473684210525,19,euclidean,uniform
95,469,470,0,0,0.21052631578947367,19,euclidean,uniform
96,474,475,0,0,0.36842105263157893,19,euclidean,uniform
97,476,477,0,0,0.10526315789473684,19,euclidean,uniform
98,477,478,0,0,0.26315789473684209,19,euclidean,uniform
99,487,488,0,0,0,19,euclidean,uniform
100,499,500,0,0,0.36842105263157893,19,euclidean,uniform
101,501,502,0,1,0.73684210526315785,19,euclidean,uniform
102,505,506,0,0,0.21052631578947367,19,euclidean,uniform
103,507,508,0,0,0.15789473684210525,19,euclidean,uniform
104,508,509,0,0,0.26315789473684209,19,euclidean,uniform
105,523,524,1,0,0,19,euclidean,uniform
106,524,525,0,0,0.052631578947368418,19,euclidean,uniform
107,526,527,0,0,0.47368421052631576,19,euclidean,uniform
108,533,534,1,1,0.89473684210526316,19,euclidean,uniform
109,535,536,0,0,0.21052631578947367,19,euclidean,uniform
110,540,541,0,0,0.26315789473684209,19,euclidean,uniform
111,543,544,0,0,0,19,euclidean,uniform
112,564,565,0,1,0.68421052631578949,19,euclidean,uniform
113,570,571,0,0,0.10526315789473684,19,euclidean,uniform
114,571,572,0,0,0.21052631578947367,19,euclidean,uniform
115,577,578,0,0,0.31578947368421051,19,euclidean,uniform
116,580,581,1,0,0.36842105263157893,19,euclidean,uniform
117,587,588,1,0,0.26315789473684209,19,euclidean,uniform
118,592,593,0,0,0.15789473684210525,19,euclidean,uniform
119,599,600,1,0,0.10526315789473684,19,euclidean,uniform
120,612,613,0,0,0.26315789473684209,19,euclidean,uniform
121,618,619,0,0,0.10526315789473684,19,euclidean,uniform
122,625,626,0,0,0.15789473684210525,19,euclidean,uniform
123,626,627,0,0,0,19,euclidean,uniform
124,629,630,0,0,0.052631578947368418,19,euclidean,uniform
125,639,640,0,0,0.31578947368421051,19,euclidean,uniform
126,641,642,0,0,0.15789473684210525,19,euclidean,uniform
127,645,646,0,0,0.26315789473684209,19,euclidean,uniform
128,653,654,1,0,0.26315789473684209,19,euclidean,uniform
129,654,655,0,0,0.15789473684210525,19,euclidean,uniform
130,655,656,1,0,0.21052631578947367,19,euclidean,uniform
131,665,666,0,0,0.052631578947368418,19,euclidean,uniform
132,668,669,0,1,0.63157894736842102,19,euclidean,uniform
133,669,670,1,1,0.78947368421052633,19,euclidean,uniform
134,670,671,0,0,0.42105263157894735,19,euclidean,uniform
135,673,674,1,1,0.84210526315789469,19,euclidean,uniform
136,678,679,0,0,0.26315789473684209,19,euclidean,uniform
137,689,690,0,0,0.052631578947368418,19,euclidean,uniform
138,691,692,0,0,0.36842105263157893,19,euclidean,uniform
139,696,697,0,0,0.10526315789473684,19,euclidean,uniform
140,702,703,1,0,0.31578947368421051,19,euclidean,uniform
141,705,706,1,0,0,19,euclidean,uniform
142,706,707,0,0,0.47368421052631576,19,euclidean,uniform
143,711,712,0,0,0.21052631578947367,19,euclidean,uniform
144,714,715,0,0,0.21052631578947367,19,euclidean,uniform
145,726,727,0,0,0.15789473684210525,19,euclidean,uniform
146,727,728,0,0,0.10526315789473684,19,euclidean,uniform
147,728,729,0,0,0.10526315789473684,19,euclidean,uniform
148,730,731,0,0,0.10526315789473684,19,euclidean,uniform
149,746,747,0,0,0.15789473684210525,19,euclidean,uniform
150,749,750,1,0,0.42105263157894735,19,euclidean,uniform
151,756,757,0,0,0.052631578947368418,19,euclidean,uniform
152,760,761,1,0,0.42105263157894735,19,euclidean,uniform
153,762,763,0,0,0.052631578947368418,19,euclidean,uniform
154,777,778,0,0,0.15789473684210525,19,euclidean,uniform
155,780,781,0,0,0.47368421052631576,19,euclidean,uniform
156,784,785,1,0,0.10526315789473684,19,euclidean,uniform
157,788,789,0,0,0.36842105263157893,19,euclidean,uniform
158,797,798,0,0,0.31578947368421051,19,euclidean,uniform
159,798,799,0,1,0.73684210526315785,19,euclidean,uniform
160,799,800,0,0,0,19,euclidean,uniform
161,802,803,0,0,0.21052631578947367,19,euclidean,uniform
162,804,805,0,0,0.15789473684210525,19,euclidean,uniform
163,818,819,0,0,0.15789473684210525,19,euclidean,uniform
164,824,825,1,0,0.10526315789473684,19,euclidean,uniform
165,825,826,0,0,0.15789473684210525,19,euclidean,uniform
166,838,839,0,0,0.052631578947368418,19,euclidean,uniform
167,841,842,0,0,0.052631578947368418,19,euclidean,uniform
168,845,846,0,0,0.10526315789473684,19,euclidean,uniform
169,846,847,0,0,0.10526315789473684,19,euclidean,uniform
170,851,852,0,1,0.63157894736842102,19,euclidean,uniform
171,852,853,0,0,0.052631578947368418,19,euclidean,uniform
172,856,857,1,1,0.52631578947368418,19,euclidean,uniform
173,864,865,0,0,0,19,euclidean,uniform
174,869,870,0,0,0.21052631578947367,19,euclidean,uniform
175,871,872,0,0,0.10526315789473684,19,euclidean,uniform
176,873,874,0,0,0.15789473684210525,19,euclidean,uniform
177,874,875,0,0,0.15789473684210525,19,euclidean,uniform
178,883,884,0,0,0.10526315789473684,19,euclidean,uniform
179,885,886,0,0,0.26315789473684209,19,euclidean,uniform
180,897,898,1,1,0.68421052631578949,19,euclidean,uniform
181,908,909,0,0,0.10526315789473684,19,euclidean,uniform
182,910,911,0,1,0.68421052631578949,19,euclidean,uniform
183,912,913,0,0,0.052631578947368418,19,euclidean,uniform
184,918,919,0,0,0.15789473684210525,19,euclidean,uniform
185,920,921,0,0,0.26315789473684209,19,euclidean,uniform
186,931,932,1,0,0.15789473684210525,19,euclidean,uniform
187,932,933,1,0,0.47368421052631576,19,euclidean,uniform
188,943,944,1,1,0.57894736842105265,19,euclidean,uniform
189,960,961,1,0,0.26315789473684209,19,euclidean,uniform
190,969,970,0,0,0,19,euclidean,uniform
191,970,971,1,0,0.052631578947368418,19,euclidean,uniform
192,971,972,0,0,0.052631578947368418,19,euclidean,uniform
193,973,974,0,0,0.10526315789473684,19,euclidean,uniform
194,977,978,0,0,0.10526315789473684,19,euclidean,uniform
195,982,983,1,0,0.052631578947368418,19,euclidean,uniform
196,985,986,1,0,0.21052631578947367,19,euclidean,uniform
197,987,988,0,0,0.21052631578947367,19,euclidean,uniform
198,989,990,0,0,0.47368421052631576,19,euclidean,uniform
199,990,991,0,0,0.15789473684210525,19,euclidean,uniform
200,996,997,0,0,0.36842105263157893,19,euclidean,uniform
201,999,1000,0,0,0.47368421052631576,19,euclidean,uniform
202,1004,1005,1,0,0.21052631578947367,19,euclidean,uniform
203,1009,1010,0,0,0.052631578947368418,19,euclidean,uniform
204,1022,1023,0,0,0.15789473684210525,19,euclidean,uniform
205,1024,1025,0,0,0.10526315789473684,19,euclidean,uniform
206,1034,1035,0,0,0.31578947368421051,19,euclidean,uniform
207,1035,1036,1,1,0.63157894736842102,19,euclidean,uniform
208,1037,1038,1,0,0.15789473684210525,19,euclidean,uniform
209,1038,1039,0,0,0.15789473684210525,19,euclidean,uniform
210,1046,1047,1,0,0.15789473684210525,19,euclidean,uniform
211,1048,1049,0,0,0.15789473684210525,19,euclidean,uniform
212,1049,1050,0,0,0.21052631578947367,19,euclidean,uniform
213,1053,1054,0,0,0.10526315789473684,19,euclidean,uniform
214,1056,1057,0,0,0.36842105263157893,19,euclidean,uniform
215,1060,1061,1,0,0.36842105263157893,19,euclidean,uniform
216,1071,1072,1,0,0.15789473684210525,19,euclidean,uniform
217,1077,1078,0,0,0,19,euclidean,uniform
218,1078,1079,0,0,0,19,euclidean,uniform
219,1084,1085,0,0,0.21052631578947367,19,euclidean,uniform
220,1087,1088,0,0,0.21052631578947367,19,euclidean,uniform
221,1088,1089,0,0,0.15789473684210525,19,euclidean,uniform
222,1089,1090,0,0,0,19,euclidean,uniform
223,1091,1092,0,0,0.052631578947368418,19,euclidean,uniform
224,1093,1094,1,0,0.36842105263157893,19,euclidean,uniform
225,1094,1095,0,1,0.52631578947368418,19,euclidean,uniform
226,1095,1096,0,0,0.10526315789473684,19,euclidean,uniform
227,1096,1097,0,0,0,19,euclidean,uniform
228,1101,1102,1,0,0.47368421052631576,19,euclidean,uniform
229,1107,1108,0,0,0.31578947368421051,19,euclidean,uniform
230,1109,1110,0,0,0.36842105263157893,19,euclidean,uniform
231,1115,1116,0,0,0.15789473684210525,19,euclidean,uniform
232,1125,1126,0,0,0.15789473684210525,19,euclidean,uniform
233,1132,1133,0,1,0.63157894736842102,19,euclidean,uniform
234,1137,1138,0,0,0.26315789473684209,19,euclidean,uniform
235,1139,1140,0,0,0,19,euclidean,uniform
236,1142,1143,0,0,0.10526315789473684,19,euclidean,uniform
237,1147,1148,0,0,0.21052631578947367,19,euclidean,uniform
238,1159,1160,0,0,0.42105263157894735,19,euclidean,uniform
239,1166,1167,0,0,0.052631578947368418,19,euclidean,uniform
240,1168,1169,0,0,0.10526315789473684,19,euclidean,uniform
241,1172,1173,0,0,0.052631578947368418,19,euclidean,uniform
242,1173,1174,0,0,0.31578947368421051,19,euclidean,uniform
243,1181,1182,0,0,0.31578947368421051,19,euclidean,uniform
244,1189,1190,0,0,0,19,euclidean,uniform
245,1192,1193,1,0,0.21052631578947367,19,euclidean,uniform
246,1205,1206,1,0,0.052631578947368418,19,euclidean,uniform
247,1209,1210,1,0,0.36842105263157893,19,euclidean,uniform
248,1211,1212,0,0,0.052631578947368418,19,euclidean,uniform
249,1215,1216,0,0,0.10526315789473684,19,euclidean,uniform
250,1216,1217,0,0,0.052631578947368418,19,euclidean,uniform
251,1217,1218,0,0,0,19,euclidean,uniform
252,1225,1226,1,0,0.26315789473684209,19,euclidean,uniform
253,1233,1234,0,0,0.26315789473684209,19,euclidean,uniform
254,1235,1236,1,0,0.26315789473684209,19,euclidean,uniform
255,1242,1243,0,0,0.15789473684210525,19,euclidean,uniform
256,1246,1247,1,1,0.68421052631578949,19,euclidean,uniform
257,1259,1260,0,1,0.63157894736842102,19,euclidean,uniform
258,1260,1261,0,0,0.10526315789473684,19,euclidean,uniform
259,1270,1271,0,0,0.15789473684210525,19,euclidean,uniform
260,1274,1275,0,0,0.10526315789473684,19,euclidean,uniform
261,1275,1276,1,0,0.052631578947368418,19,euclidean,uniform
262,1276,1277,0,0,0.15789473684210525,19,euclidean,uniform
263,1283,1284,0,0,0.15789473684210525,19,euclidean,uniform
264,1290,1291,0,0,0.10526315789473684,19,euclidean,uniform
265,1291,1292,0,0,0.10526315789473684,19,euclidean,uniform
266,1292,1293,0,0,0.10526315789473684,19,euclidean,uniform
267,1294,1295,0,0,0.10526315789473684,19,euclidean,uniform
268,1297,1298,0,0,0.052631578947368418,19,euclidean,uniform
269,1302,1303,0,0,0.21052631578947367,19,euclidean,uniform
270,1348,1349,0,0,0.10526315789473684,19,euclidean,uniform
271,1350,1351,0,0,0.26315789473684209,19,euclidean,uniform
272,1352,1353,0,0,0.052631578947368418,19,euclidean,uniform
273,1354,1355,0,0,0.10526315789473684,19,euclidean,uniform
274,1357,1358,1,1,0.63157894736842102,19,euclidean,uniform
275,1366,1367,0,0,0.10526315789473684,19,euclidean,uniform
276,1375,1376,0,0,0.15789473684210525,19,euclidean,uniform
277,1376,1377,0,0,0.10526315789473684,19,euclidean,uniform
278,1383,1384,0,0,0,19,euclidean,uniform
279,1384,1385,0,0,0.10526315789473684,19,euclidean,uniform
280,1388,1389,0,0,0.052631578947368418,19,euclidean,uniform
281,1394,1395,0,0,0.10526315789473684,19,euclidean,uniform
282,1396,1397,1,0,0.42105263157894735,19,euclidean,uniform
283,1399,1400,0,0,0.052631578947368418,19,euclidean,uniform
284,1401,1402,0,1,0.57894736842105265,19,euclidean,uniform
285,1402,1403,1,0,0.15789473684210525,19,euclidean,uniform
286,1403,1404,0,0,0.10526315789473684,19,euclidean,uniform
287,1416,1417,0,0,0,19,euclidean,uniform
288,1417,1418,0,0,0.42105263157894735,19,euclidean,uniform
289,1420,1421,0,0,0.10526315789473684,19,euclidean,uniform
290,1425,1426,0,0,0.21052631578947367,19,euclidean,uniform
291,1437,1438,0,0,0.21052631578947367,19,euclidean,uniform
292,1439,1440,0,0,0.052631578947368418,19,euclidean,uniform
293,1441,1442,0,0,0.10526315789473684,19,euclidean,uniform
294,1442,1443,1,0,0.21052631578947367,19,euclidean,uniform
295,1443,1444,0,0,0.10526315789473684,19,euclidean,uniform
296,1446,1447,1,0,0.31578947368421051,19,euclidean,uniform
297,1448,1449,0,0,0.10526315789473684,19,euclidean,uniform
298,1450,1451,0,0,0.21052631578947367,19,euclidean,uniform
299,1458,1459,1,0,0,19,euclidean,uniform
300,1463,1464,0,0,0.052631578947368418,19,euclidean,uniform
301,1464,1465,0,0,0.15789473684210525,19,euclidean,uniform
302,1468,1469,0,0,0.10526315789473684,19,euclidean,uniform
303,1474,1475,1,0,0.10526315789473684,19,euclidean,uniform
304,1483,1484,0,0,0.15789473684210525,19,euclidean,uniform
305,1486,1487,0,0,0,19,euclidean,uniform
306,1490,1491,0,0,0.10526315789473684,19,euclidean,uniform
307,1492,1493,0,1,0.57894736842105265,19,euclidean,uniform
308,1496,1497,1,0,0.47368421052631576,19,euclidean,uniform
309,1499,1500,0,0,0.31578947368421051,19,euclidean,uniform
310,1521,1522,0,1,0.63157894736842102,19,euclidean,uniform
311,1526,1527,1,0,0.10526315789473684,19,euclidean,uniform
312,1527,1528,0,0,0,19,euclidean,uniform
313,1534,1535,0,0,0.15789473684210525,19,euclidean,uniform
314,1538,1539,1,0,0.15789473684210525,19,euclidean,uniform
315,1543,1544,0,0,0.21052631578947367,19,euclidean,uniform
316,1551,1552,0,0,0,19,euclidean,uniform
317,1559,1560,1,0,0.21052631578947367,19,euclidean,uniform
318,1565,1566,0,0,0.10526315789473684,19,euclidean,uniform
319,1566,1567,0,0,0,19,euclidean,uniform
320,1567,1568,0,0,0.052631578947368418,19,euclidean,uniform
321,1578,1579,0,0,0.31578947368421051,19,euclidean,uniform
322,1579,1580,0,0,0.31578947368421051,19,euclidean,uniform
323,1587,1588,0,0,0,19,euclidean,uniform
324,1591,1592,0,1,0.57894736842105265,19,euclidean,uniform
325,1602,1603,0,0,0.052631578947368418,19,euclidean,uniform
326,1609,1610,0,0,0.15789473684210525,19,euclidean,uniform
327,1614,1615,0,0,0.052631578947368418,19,euclidean,uniform
328,1626,1627,0,0,0.052631578947368418,19,euclidean,uniform
329,1631,1632,0,0,0.052631578947368418,19,euclidean,uniform
330,1634,1635,0,0,0.21052631578947367,19,euclidean,uniform
331,1637,1638,0,1,0.57894736842105265,19,euclidean,uniform
332,1649,1650,0,0,0.10526315789473684,19,euclidean,uniform
333,1654,1655,0,0,0.36842105263157893,19,euclidean,uniform
334,1659,1660,0,0,0.26315789473684209,19,euclidean,uniform
335,1662,1663,0,0,0.42105263157894735,19,euclidean,uniform
336,1664,1665,0,0,0.21052631578947367,19,euclidean,uniform
337,1670,1671,0,0,0.21052631578947367,19,euclidean,uniform
338,1674,1675,0,0,0.052631578947368418,19,euclidean,uniform
339,1675,1676,1,0,0.10526315789473684,19,euclidean,uniform
340,1678,1679,0,0,0.31578947368421051,19,euclidean,uniform
341,1684,1685,0,0,0.10526315789473684,19,euclidean,uniform
342,1689,1690,1,0,0.42105263157894735,19,euclidean,uniform
343,1702,1703,1,0,0.15789473684210525,19,euclidean,uniform
344,1705,1706,1,0,0.36842105263157893,19,euclidean,uniform
345,1706,1707,0,1,0.52631578947368418,19,euclidean,uniform
346,1707,1708,0,0,0,19,euclidean,uniform
347,1723,1724,0,0,0,19,euclidean,uniform
348,1734,1735,0,0,0,19,euclidean,uniform
349,1737,1738,0,0,0.10526315789473684,19,euclidean,uniform
350,1743,1744,0,0,0.21052631578947367,19,euclidean,uniform
351,1753,1754,0,0,0.10526315789473684,19,euclidean,uniform
352,1755,1756,0,0,0.10526315789473684,19,euclidean,uniform
353,1757,1758,0,0,0.36842105263157893,19,euclidean,uniform
354,1758,1759,0,0,0,19,euclidean,uniform
355,1759,1760,0,0,0.21052631578947367,19,euclidean,uniform
356,1768,1769,0,0,0.15789473684210525,19,euclidean,uniform
357,1773,1774,1,1,0.78947368421052633,19,euclidean,uniform
358,1784,1785,0,0,0.15789473684210525,19,euclidean,uniform
359,1788,1789,0,0,0.15789473684210525,19,euclidean,uniform
360,1794,1795,1,0,0.15789473684210525,19,euclidean,uniform
361,1795,1796,0,0,0.36842105263157893,19,euclidean,uniform
362,1813,1814,0,0,0.47368421052631576,19,euclidean,uniform
363,1817,1818,0,0,0.31578947368421051,19,euclidean,uniform
364,1821,1822,0,0,0.10526315789473684,19,euclidean,uniform
365,1825,1826,0,0,0,19,euclidean,uniform
366,1830,1831,1,0,0.26315789473684209,19,euclidean,uniform
367,1835,1836,1,0,0.47368421052631576,19,euclidean,uniform
368,1837,1838,1,0,0.10526315789473684,19,euclidean,uniform
369,1840,1841,0,0,0.15789473684210525,19,euclidean,uniform
370,1843,1844,1,0,0,19,euclidean,uniform
371,1844,1845,0,0,0.26315789473684209,19,euclidean,uniform
372,1860,1861,0,0,0.36842105263157893,19,euclidean,uniform
373,1888,1889,0,1,0.63157894736842102,19,euclidean,uniform
374,1894,1895,1,1,0.84210526315789469,19,euclidean,uniform
375,1902,1903,0,0,0.10526315789473684,19,euclidean,uniform
376,1911,1912,0,0,0.10526315789473684,19,euclidean,uniform
377,1932,1933,0,0,0.10526315789473684,19,euclidean,uniform
378,1933,1934,0,0,0.26315789473684209,19,euclidean,uniform
379,1935,1936,0,0,0.21052631578947367,19,euclidean,uniform
380,1942,1943,0,0,0.052631578947368418,19,euclidean,uniform
381,1949,1950,0,0,0,19,euclidean,uniform
382,1951,1952,0,0,0.052631578947368418,19,euclidean,uniform
383,1956,1957,1,1,0.94736842105263153,19,euclidean,uniform
384,1960,1961,1,1,0.73684210526315785,19,euclidean,uniform
385,1961,1962,0,0,0.052631578947368418,19,euclidean,uniform
386,1966,1967,0,0,0.21052631578947367,19,euclidean,uniform
387,1972,1973,0,0,0.052631578947368418,19,euclidean,uniform
388,1976,1977,0,0,0.21052631578947367,19,euclidean,uniform
389,1978,1979,0,0,0.26315789473684209,19,euclidean,uniform
390,1981,1982,1,1,0.84210526315789469,19,euclidean,uniform
391,1988,1989,0,1,0.57894736842105265,19,euclidean,uniform
392,1989,1990,1,0,0.052631578947368418,19,euclidean,uniform
393,1994,1995,0,0,0.36842105263157893,19,euclidean,uniform
394,2003,2004,1,1,0.73684210526315785,19,euclidean,uniform
395,2008,2009,1,0,0.15789473684210525,19,euclidean,uniform
396,2015,2016,1,0,0.10526315789473684,19,euclidean,uniform
397,2023,2024,0,0,0,19,euclidean,uniform
398,2030,2031,0,0,0.15789473684210525,19,euclidean,uniform
399,2034,2035,0,0,0.21052631578947367,19,euclidean,uniform
400,2036,2037,0,0,0.10526315789473684,19,euclidean,uniform
401,2045,2046,1,1,0.84210526315789469,19,euclidean,uniform
402,2052,2053,0,0,0.15789473684210525,19,euclidean,uniform
403,2054,2055,0,0,0.21052631578947367,19,euclidean,uniform
404,2070,2071,0,0,0.15789473684210525,19,euclidean,uniform
405,2073,2074,0,0,0.15789473684210525,19,euclidean,uniform
406,2076,2077,0,0,0.21052631578947367,19,euclidean,uniform
407,2079,2080,0,1,0.63157894736842102,19,euclidean,uniform
408,2080,2081,0,0,0,19,euclidean,uniform
409,2081,2082,0,0,0.15789473684210525,19,euclidean,uniform
410,2082,2083,0,0,0.42105263157894735,19,euclidean,uniform
411,2085,2086,0,0,0.42105263157894735,19,euclidean,uniform
412,2090,2091,0,0,0.36842105263157893,19,euclidean,uniform
413,2091,2092,0,0,0.36842105263157893,19,euclidean,uniform
414,2092,2093,0,0,0.10526315789473684,19,euclidean,uniform
415,2101,2102,0,1,0.68421052631578949,19,euclidean,uniform
416,2103,2104,0,0,0.10526315789473684,19,euclidean,uniform
417,2109,2110,0,0,0.052631578947368418,19,euclidean,uniform
418,2113,2114,1,0,0.15789473684210525,19,euclidean,uniform
419,2116,2117,1,0,0.052631578947368418,19,euclidean,uniform
420,2133,2134,0,0,0.21052631578947367,19,euclidean,uniform
421,2139,2140,1,0,0.21052631578947367,19,euclidean,uniform
422,2141,2142,0,0,0.15789473684210525,19,euclidean,uniform
423,2150,2151,0,0,0.10526315789473684,19,euclidean,uniform
424,2151,2152,0,0,0.10526315789473684,19,euclidean,uniform
425,2154,2155,0,0,0.31578947368421051,19,euclidean,uniform
426,2155,2156,1,1,0.68421052631578949,19,euclidean,uniform
427,2156,2157,1,0,0.10526315789473684,19,euclidean,uniform
428,2159,2160,0,0,0.21052631578947367,19,euclidean,uniform
429,2170,2171,0,0,0.052631578947368418,19,euclidean,uniform
430,2171,2172,0,0,0.052631578947368418,19,euclidean,uniform
431,2175,2176,0,0,0.15789473684210525,19,euclidean,uniform
432,2183,2184,0,0,0.10526315789473684,19,euclidean,uniform
433,2187,2188,1,0,0.26315789473684209,19,euclidean,uniform
434,2194,2195,0,0,0.15789473684210525,19,euclidean,uniform
435,2200,2201,1,0,0.10526315789473684,19,euclidean,uniform
436,2203,2204,0,0,0.10526315789473684,19,euclidean,uniform
437,2206,2207,0,0,0.10526315789473684,19,euclidean,uniform
438,2213,2214,0,0,0.052631578947368418,19,euclidean,uniform
439,2214,2215,0,0,0.26315789473684209,19,euclidean,uniform
440,2215,2216,0,0,0.36842105263157893,19,euclidean,uniform
441,2219,2220,1,0,0.31578947368421051,19,euclidean,uniform
442,2225,2226,1,0,0.052631578947368418,19,euclidean,uniform
443,2228,2229,0,0,0.21052631578947367,19,euclidean,uniform
444,2237,2238,0,0,0,19,euclidean,uniform
445,2240,2241,0,0,0.15789473684210525,19,euclidean,uniform
446,2243,2244,1,1,0.78947368421052633,19,euclidean,uniform
447,2245,2246,0,0,0.15789473684210525,19,euclidean,uniform
448,2246,2247,0,0,0.15789473684210525,19,euclidean,uniform
449,2247,2248,1,1,0.57894736842105265,19,euclidean,uniform
450,2251,2252,0,1,0.63157894736842102,19,euclidean,uniform
451,2253,2254,0,0,0.26315789473684209,19,euclidean,uniform
452,2254,2255,0,0,0.21052631578947367,19,euclidean,uniform
453,2255,2256,0,0,0.36842105263157893,19,euclidean,uniform
454,2261,2262,1,0,0.15789473684210525,19,euclidean,uniform
455,2267,2268,0,0,0.052631578947368418,19,euclidean,uniform
456,2268,2269,1,1,0.57894736842105265,19,euclidean,uniform
457,2270,2271,0,0,0.10526315789473684,19,euclidean,uniform
458,2274,2275,0,0,0.15789473684210525,19,euclidean,uniform
459,2284,2285,1,0,0.31578947368421051,19,euclidean,uniform
460,2291,2292,0,0,0.42105263157894735,19,euclidean,uniform
461,2300,2301,0,0,0.36842105263157893,19,euclidean,uniform
462,2306,2307,0,0,0.10526315789473684,19,euclidean,uniform
463,2310,2311,0,0,0.36842105263157893,19,euclidean,uniform
464,2314,2315,0,0,0.15789473684210525,19,euclidean,uniform
465,2317,2318,0,0,0.10526315789473684,19,euclidean,uniform
466,2321,2322,0,1,0.52631578947368418,19,euclidean,uniform
467,2325,2326,0,0,0.21052631578947367,19,euclidean,uniform
468,2329,2330,0,0,0.15789473684210525,19,euclidean,uniform
469,2333,2334,0,0,0.47368421052631576,19,euclidean,uniform
470,2335,2336,0,0,0.15789473684210525,19,euclidean,uniform
471,2353,2354,0,0,0.052631578947368418,19,euclidean,uniform
472,2360,2361,0,0,0.31578947368421051,19,euclidean,uniform
473,2366,2367,0,0,0.10526315789473684,19,euclidean,uniform
474,2368,2369,0,0,0,19,euclidean,uniform
475,2369,2370,0,0,0.26315789473684209,19,euclidean,uniform
476,2370,2371,0,0,0.15789473684210525,19,euclidean,uniform
477,2374,2375,1,1,0.84210526315789469,19,euclidean,uniform
478,2381,2382,0,0,0,19,euclidean,uniform
479,2386,2387,0,0,0.10526315789473684,19,euclidean,uniform
480,2390,2391,1,1,0.57894736842105265,19,euclidean,uniform
481,2395,2396,0,0,0.10526315789473684,19,euclidean,uniform
482,2401,2402,0,0,0.26315789473684209,19,euclidean,uniform
483,2403,2404,1,0,0.26315789473684209,19,euclidean,uniform
484,2417,2418,1,1,0.68421052631578949,19,euclidean,uniform
485,2418,2419,0,0,0.42105263157894735,19,euclidean,uniform
486,2421,2422,1,1,0.73684210526315785,19,euclidean,uniform
487,2422,2423,0,0,0.052631578947368418,19,euclidean,uniform
488,2425,2426,0,0,0.42105263157894735,19,euclidean,uniform
489,2426,2427,0,0,0.31578947368421051,19,euclidean,uniform
490,2430,2431,1,0,0.21052631578947367,19,euclidean,uniform
491,2432,2433,1,0,0.47368421052631576,19,euclidean,uniform
492,2442,2443,0,0,0,19,euclidean,uniform
493,2443,2444,0,0,0.42105263157894735,19,euclidean,uniform
494,2444,2445,0,0,0.21052631578947367,19,euclidean,uniform
495,2453,2454,0,0,0.26315789473684209,19,euclidean,uniform
496,2454,2455,0,0,0,19,euclidean,uniform
497,2457,2458,0,1,0.63157894736842102,19,euclidean,uniform
498,2460,2461,0,0,0,19,euclidean,uniform
499,2465,2466,1,0,0.21052631578947367,19,euclidean,uniform
500,2470,2471,1,1,0.63157894736842102,19,euclidean,uniform
501,2471,2472,1,1,0.68421052631578949,19,euclidean,uniform
502,2473,2474,0,0,0.10526315789473684,19,euclidean,uniform
503,2478,2479,0,0,0.21052631578947367,19,euclidean,uniform
504,2479,2480,0,0,0.15789473684210525,19,euclidean,uniform
505,2481,2482,0,0,0.21052631578947367,19,euclidean,uniform
506,2484,2485,0,0,0.47368421052631576,19,euclidean,uniform
507,2489,2490,0,0,0.26315789473684209,19,euclidean,uniform
508,2493,2494,0,0,0.052631578947368418,19,euclidean,uniform
509,2494,2495,1,0,0.42105263157894735,19,euclidean,uniform
510,2497,2498,0,0,0.15789473684210525,19,euclidean,uniform
511,2503,2504,1,0,0.21052631578947367,19,euclidean,uniform
512,2508,2509,0,0,0,19,euclidean,uniform
513,2522,2523,0,0,0.052631578947368418,19,euclidean,uniform
514,2524,2525,0,0,0.10526315789473684,19,euclidean,uniform
515,2535,2536,0,0,0.21052631578947367,19,euclidean,uniform
516,2538,2539,0,0,0.052631578947368418,19,euclidean,uniform
517,2543,2544,0,0,0.15789473684210525,19,euclidean,uniform
518,2544,2545,1,0,0.36842105263157893,19,euclidean,uniform
519,2551,2552,0,0,0.052631578947368418,19,euclidean,uniform
520,2552,2553,1,0,0.15789473684210525,19,euclidean,uniform
521,2559,2560,0,0,0.15789473684210525,19,euclidean,uniform
522,2562,2563,1,1,0.57894736842105265,19,euclidean,uniform
523,2563,2564,0,0,0.15789473684210525,19,euclidean,uniform
524,2565,2566,0,0,0.26315789473684209,19,euclidean,uniform
525,2568,2569,0,0,0.42105263157894735,19,euclidean,uniform
526,2573,2574,0,0,0.15789473684210525,19,euclidean,uniform
527,2581,2582,0,0,0.21052631578947367,19,euclidean,uniform
528,2584,2585,0,0,0.15789473684210525,19,euclidean,uniform
529,2590,2591,0,0,0,19,euclidean,uniform
530,2593,2594,0,0,0.10526315789473684,19,euclidean,uniform
531,2604,2605,0,0,0.21052631578947367,19,euclidean,uniform
532,2607,2608,1,0,0.10526315789473684,19,euclidean,uniform
533,2610,2611,0,0,0,19,euclidean,uniform
534,2615,2616,0,0,0.052631578947368418,19,euclidean,uniform
535,2618,2619,0,0,0.10526315789473684,19,euclidean,uniform
536,2631,2632,0,0,0.10526315789473684,19,euclidean,uniform
537,2634,2635,1,0,0.052631578947368418,19,euclidean,uniform
538,2638,2639,0,0,0.10526315789473684,19,euclidean,uniform
539,2639,2640,0,0,0.052631578947368418,19,euclidean,uniform
540,2642,2643,0,0,0.26315789473684209,19,euclidean,uniform
541,2644,2645,1,0,0.36842105263157893,19,euclidean,uniform
542,2655,2656,1,0,0.21052631578947367,19,euclidean,uniform
543,2656,2657,1,0,0.42105263157894735,19,euclidean,uniform
544,2660,2661,1,0,0.21052631578947367,19,euclidean,uniform
545,2665,2666,0,0,0.21052631578947367,19,euclidean,uniform
546,2669,2670,1,0,0.21052631578947367,19,euclidean,uniform
547,2671,2672,1,0,0.31578947368421051,19,euclidean,uniform
548,2674,2675,0,0,0.15789473684210525,19,euclidean,uniform
549,2682,2683,0,0,0.15789473684210525,19,euclidean,uniform
550,2686,2687,0,0,0.10526315789473684,19,euclidean,uniform
551,2688,2689,1,0,0.15789473684210525,19,euclidean,uniform
552,2697,2698,0,0,0.15789473684210525,19,euclidean,uniform
553,2698,2699,0,0,0.15789473684210525,19,euclidean,uniform
554,2701,2702,0,0,0.21052631578947367,19,euclidean,uniform
555,2702,2703,0,0,0.15789473684210525,19,euclidean,uniform
556,2705,2706,0,0,0.10526315789473684,19,euclidean,uniform
557,2706,2707,1,1,0.57894736842105265,19,euclidean,uniform
558,2709,2710,0,0,0.052631578947368418,19,euclidean,uniform
559,2710,2711,0,0,0,19,euclidean,uniform
560,2711,2712,0,0,0.21052631578947367,19,euclidean,uniform
561,2712,2713,0,0,0,19,euclidean,uniform
562,2719,2720,0,0,0.26315789473684209,19,euclidean,uniform
563,2723,2724,0,0,0.15789473684210525,19,euclidean,uniform
564,2727,2728,0,0,0.15789473684210525,19,euclidean,uniform
565,2731,2732,1,0,0.15789473684210525,19,euclidean,uniform
566,2733,2734,0,0,0.36842105263157893,19,euclidean,uniform
567,2746,2747,1,1,0.52631578947368418,19,euclidean,uniform
568,2747,2748,0,0,0.052631578947368418,19,euclidean,uniform
569,2751,2752,0,0,0.21052631578947367,19,euclidean,uniform
570,2758,2759,0,0,0.15789473684210525,19,euclidean,uniform
571,2766,2767,0,0,0.052631578947368418,19,euclidean,uniform
572,2775,2776,0,0,0.26315789473684209,19,euclidean,uniform
573,2776,2777,1,1,0.68421052631578949,19,euclidean,uniform
574,2777,2778,0,0,0.15789473684210525,19,euclidean,uniform
575,2780,2781,1,0,0.10526315789473684,19,euclidean,uniform
576,2793,2794,0,0,0.052631578947368418,19,euclidean,uniform
577,2804,2805,0,0,0.26315789473684209,19,euclidean,uniform
578,2807,2808,0,0,0.31578947368421051,19,euclidean,uniform
579,2816,2817,0,0,0.21052631578947367,19,euclidean,uniform
580,2820,2821,0,0,0.47368421052631576,19,euclidean,uniform
581,2826,2827,0,0,0,19,euclidean,uniform
582,2827,2828,0,0,0.15789473684210525,19,euclidean,uniform
583,2831,2832,0,0,0.15789473684210525,19,euclidean,uniform
584,2833,2834,0,0,0.15789473684210525,19,euclidean,uniform
585,2835,2836,1,1,0.57894736842105265,19,euclidean,uniform
586,2836,2837,0,0,0,19,euclidean,uniform
587,2840,2841,0,0,0.10526315789473684,19,euclidean,uniform
588,2854,2855,1,1,0.73684210526315785,19,euclidean,uniform
589,2856,2857,0,0,0.15789473684210525,19,euclidean,uniform
590,2859,2860,0,0,0.36842105263157893,19,euclidean,uniform
591,2866,2867,0,0,0.052631578947368418,19,euclidean,uniform
592,2872,2873,0,0,0.21052631578947367,19,euclidean,uniform
593,2884,2885,0,0,0.26315789473684209,19,euclidean,uniform
594,2885,2886,0,0,0.21052631578947367,19,euclidean,uniform
595,2901,2902,0,0,0.36842105263157893,19,euclidean,uniform
596,2907,2908,1,0,0.10526315789473684,19,euclidean,uniform
597,2908,2909,1,0,0.15789473684210525,19,euclidean,uniform
598,2909,2910,0,0,0.15789473684210525,19,euclidean,uniform
599,2918,2919,1,0,0.10526315789473684,19,euclidean,uniform
600,2931,2932,0,0,0.31578947368421051,19,euclidean,uniform
601,2936,2937,0,0,0.052631578947368418,19,euclidean,uniform
602,2939,2940,0,0,0,19,euclidean,uniform
603,2945,2946,0,0,0.21052631578947367,19,euclidean,uniform
604,2949,2950,0,0,0.052631578947368418,19,euclidean,uniform
605,2951,2952,0,0,0.21052631578947367,19,euclidean,uniform
606,2952,2953,0,0,0.36842105263157893,19,euclidean,uniform
607,2966,2967,0,0,0.21052631578947367,19,euclidean,uniform
608,2976,2977,1,0,0.31578947368421051,19,euclidean,uniform
609,2989,2990,0,0,0.26315789473684209,19,euclidean,uniform
610,2997,2998,0,0,0.31578947368421051,19,euclidean,uniform
611,3003,3004,1,1,0.78947368421052633,19,euclidean,uniform
612,3006,3007,0,0,0.10526315789473684,19,euclidean,uniform
613,3009,3010,1,1,0.63157894736842102,19,euclidean,uniform
614,3014,3015,0,0,0,19,euclidean,uniform
615,3030,3031,0,0,0.052631578947368418,19,euclidean,uniform
616,3031,3032,0,0,0.31578947368421051,19,euclidean,uniform
617,3034,3035,0,0,0.10526315789473684,19,euclidean,uniform
618,3045,3046,0,0,0.21052631578947367,19,euclidean,uniform
619,3048,3049,0,0,0.10526315789473684,19,euclidean,uniform
620,3054,3055,1,0,0.36842105263157893,19,euclidean,uniform
621,3057,3058,0,0,0.26315789473684209,19,euclidean,uniform
622,3059,3060,0,0,0.15789473684210525,19,euclidean,uniform
623,3060,3061,1,0,0.15789473684210525,19,euclidean,uniform
624,3064,3065,0,0,0.052631578947368418,19,euclidean,uniform
625,3068,3069,0,0,0.15789473684210525,19,euclidean,uniform
626,3069,3070,0,0,0.36842105263157893,19,euclidean,uniform
627,3073,3074,1,0,0.052631578947368418,19,euclidean,uniform
628,3076,3077,1,0,0.10526315789473684,19,euclidean,uniform
629,3084,3085,0,0,0,19,euclidean,uniform
630,3101,3102,0,0,0.10526315789473684,19,euclidean,uniform
631,3112,3113,0,0,0,19,euclidean,uniform
632,3115,3116,0,0,0.42105263157894735,19,euclidean,uniform
633,3117,3118,0,0,0.10526315789473684,19,euclidean,uniform
634,3118,3119,0,0,0,19,euclidean,uniform
635,3119,3120,0,0,0,19,euclidean,uniform
636,3121,3122,0,0,0.052631578947368418,19,euclidean,uniform
637,3124,3125,0,0,0.10526315789473684,19,euclidean,uniform
638,3128,3129,0,0,0.31578947368421051,19,euclidean,uniform
639,3131,3132,0,0,0.10526315789473684,19,euclidean,uniform
640,3136,3137,0,0,0,19,euclidean,uniform
641,3140,3141,1,0,0.42105263157894735,19,euclidean,uniform
642,3146,3147,0,0,0.15789473684210525,19,euclidean,uniform
643,3151,3152,0,0,0.36842105263157893,19,euclidean,uniform
644,3160,3161,0,0,0.15789473684210525,19,euclidean,uniform
645,3169,3170,0,0,0.26315789473684209,19,euclidean,uniform
646,3172,3173,0,0,0.15789473684210525,19,euclidean,uniform
647,3175,3176,0,0,0.15789473684210525,19,euclidean,uniform
648,3179,3180,0,0,0,19,euclidean,uniform
649,3183,3184,0,0,0.15789473684210525,19,euclidean,uniform
650,3188,3189,0,0,0.10526315789473684,19,euclidean,uniform
651,3197,3198,0,0,0,19,euclidean,uniform
652,3198,3199,0,0,0.31578947368421051,19,euclidean,uniform
653,3202,3203,0,0,0,19,euclidean,uniform
654,3206,3207,0,0,0.052631578947368418,19,euclidean,uniform
655,3214,3215,0,0,0.10526315789473684,19,euclidean,uniform
656,3236,3237,0,0,0.10526315789473684,19,euclidean,uniform
657,3240,3241,0,0,0.21052631578947367,19,euclidean,uniform
658,3241,3242,1,1,0.57894736842105265,19,euclidean,uniform
659,3250,3251,0,0,0,19,euclidean,uniform
660,3253,3254,1,0,0.36842105263157893,19,euclidean,uniform
661,3256,3257,1,0,0.47368421052631576,19,euclidean,uniform
662,3258,3259,0,0,0.052631578947368418,19,euclidean,uniform
663,3262,3263,0,0,0.15789473684210525,19,euclidean,uniform
664,3264,3265,1,1,0.52631578947368418,19,euclidean,uniform
665,3279,3280,0,0,0.15789473684210525,19,euclidean,uniform
666,3283,3284,0,0,0.052631578947368418,19,euclidean,uniform
667,3285,3286,0,0,0,19,euclidean,uniform
668,3294,3295,0,0,0,19,euclidean,uniform
669,3298,3299,1,0,0.36842105263157893,19,euclidean,uniform
670,3302,3303,1,1,0.57894736842105265,19,euclidean,uniform
671,3303,3304,0,0,0.10526315789473684,19,euclidean,uniform
672,3309,3310,0,0,0.21052631578947367,19,euclidean,uniform
673,3319,3320,0,0,0.31578947368421051,19,euclidean,uniform
674,3330,3331,0,0,0.36842105263157893,19,euclidean,uniform
675,3331,3332,0,0,0.10526315789473684,19,euclidean,uniform
676,3332,3333,1,0,0.26315789473684209,19,euclidean,uniform
677,3339,3340,1,0,0.10526315789473684,19,euclidean,uniform
678,3341,3342,0,0,0.15789473684210525,19,euclidean,uniform
679,3343,3344,1,0,0.26315789473684209,19,euclidean,uniform
680,3347,3348,0,0,0.10526315789473684,19,euclidean,uniform
681,3348,3349,0,1,0.63157894736842102,19,euclidean,uniform
682,3350,3351,1,1,0.73684210526315785,19,euclidean,uniform
683,3361,3362,0,0,0.26315789473684209,19,euclidean,uniform
684,3366,3367,0,0,0.21052631578947367,19,euclidean,uniform
685,3370,3371,1,0,0.10526315789473684,19,euclidean,uniform
686,3374,3375,0,0,0.052631578947368418,19,euclidean,uniform
687,3383,3384,1,0,0.47368421052631576,19,euclidean,uniform
688,3391,3392,0,0,0,19,euclidean,uniform
689,3397,3398,1,0,0.31578947368421051,19,euclidean,uniform
690,3404,3405,0,0,0.10526315789473684,19,euclidean,uniform
691,3405,3406,0,0,0.15789473684210525,19,euclidean,uniform
692,3413,3414,1,0,0.47368421052631576,19,euclidean,uniform
693,3422,3423,0,0,0,19,euclidean,uniform
694,3423,3424,1,0,0.10526315789473684,19,euclidean,uniform
695,3424,3425,0,0,0.15789473684210525,19,euclidean,uniform
696,3425,3426,0,0,0.052631578947368418,19,euclidean,uniform
697,3431,3432,0,0,0.26315789473684209,19,euclidean,uniform
698,3433,3434,0,0,0,19,euclidean,uniform
699,3435,3436,0,0,0.26315789473684209,19,euclidean,uniform
700,3441,3442,0,0,0.47368421052631576,19,euclidean,uniform
701,3459,3460,1,0,0.052631578947368418,19,euclidean,uniform
702,3463,3464,0,0,0.26315789473684209,19,euclidean,uniform
703,3466,3467,0,0,0.26315789473684209,19,euclidean,uniform
704,3468,3469,0,0,0.47368421052631576,19,euclidean,uniform
705,3469,3470,0,0,0,19,euclidean,uniform
706,3475,3476,0,0,0.26315789473684209,19,euclidean,uniform
707,3487,3488,0,0,0.15789473684210525,19,euclidean,uniform
708,3491,3492,0,0,0,19,euclidean,uniform
709,3497,3498,0,0,0,19,euclidean,uniform
710,3501,3502,0,0,0,19,euclidean,uniform
711,3502,3503,0,0,0,19,euclidean,uniform
712,3512,3513,1,1,0.78947368421052633,19,euclidean,uniform
713,3520,3521,0,0,0.42105263157894735,19,euclidean,uniform
714,3523,3524,0,0,0.21052631578947367,19,euclidean,uniform
715,3530,3531,0,0,0.15789473684210525,19,euclidean,uniform
716,3532,3533,0,0,0.052631578947368418,19,euclidean,uniform
717,3536,3537,0,0,0.47368421052631576,19,euclidean,uniform
718,3537,3538,1,1,0.73684210526315785,19,euclidean,uniform
719,3538,3539,1,0,0.052631578947368418,19,euclidean,uniform
720,3551,3552,0,0,0.10526315789473684,19,euclidean,uniform
721,3555,3556,0,0,0.052631578947368418,19,euclidean,uniform
722,3557,3558,0,0,0.10526315789473684,19,euclidean,uniform
723,3560,3561,1,1,0.73684210526315785,19,euclidean,uniform
724,3576,3577,0,0,0,19,euclidean,uniform
725,3582,3583,0,0,0.10526315789473684,19,euclidean,uniform
726,3583,3584,1,1,0.73684210526315785,19,euclidean,uniform
727,3584,3585,0,0,0,19,euclidean,uniform
728,3589,3590,1,1,0.78947368421052633,19,euclidean,uniform
729,3591,3592,0,0,0.052631578947368418,19,euclidean,uniform
730,3593,3594,0,1,0.57894736842105265,19,euclidean,uniform
731,3594,3595,1,0,0.15789473684210525,19,euclidean,uniform
732,3610,3611,0,0,0,19,euclidean,uniform
733,3621,3622,0,0,0,19,euclidean,uniform
734,3626,3627,0,0,0.21052631578947367,19,euclidean,uniform
735,3632,3633,0,0,0.15789473684210525,19,euclidean,uniform
736,3633,3634,1,0,0.052631578947368418,19,euclidean,uniform
737,3645,3646,0,0,0.10526315789473684,19,euclidean,uniform
738,3646,3647,0,0,0.15789473684210525,19,euclidean,uniform
739,3650,3651,0,0,0.052631578947368418,19,euclidean,uniform
740,3657,3658,0,0,0.10526315789473684,19,euclidean,uniform
741,3662,3663,0,0,0.15789473684210525,19,euclidean,uniform
742,3663,3664,1,1,0.73684210526315785,19,euclidean,uniform
743,3668,3669,0,0,0.36842105263157893,19,euclidean,uniform
744,3669,3670,0,0,0.21052631578947367,19,euclidean,uniform
745,3671,3672,0,0,0.10526315789473684,19,euclidean,uniform
746,3672,3673,1,0,0.21052631578947367,19,euclidean,uniform
747,3675,3676,0,0,0.26315789473684209,19,euclidean,uniform
748,3685,3686,0,0,0.10526315789473684,19,euclidean,uniform
749,3689,3690,0,0,0.42105263157894735,19,euclidean,uniform
750,3693,3694,0,0,0.10526315789473684,19,euclidean,uniform
751,3696,3697,0,0,0.052631578947368418,19,euclidean,uniform
752,3701,3702,0,0,0.10526315789473684,19,euclidean,uniform
753,3718,3719,0,0,0.15789473684210525,19,euclidean,uniform
754,3719,3720,0,0,0.47368421052631576,19,euclidean,uniform
755,3720,3721,1,0,0.31578947368421051,19,euclidean,uniform
756,3725,3726,0,0,0.42105263157894735,19,euclidean,uniform
757,3728,3729,1,0,0.31578947368421051,19,euclidean,uniform
758,3744,3745,0,0,0,19,euclidean,uniform
759,3747,3748,0,0,0.15789473684210525,19,euclidean,uniform
760,3754,3755,0,0,0.10526315789473684,19,euclidean,uniform
761,3757,3758,1,0,0.31578947368421051,19,euclidean,uniform
762,3758,3759,1,0,0.26315789473684209,19,euclidean,uniform
763,3766,3767,1,1,0.68421052631578949,19,euclidean,uniform
764,3776,3777,1,1,0.57894736842105265,19,euclidean,uniform
765,3780,3781,0,0,0.052631578947368418,19,euclidean,uniform
766,3790,3791,1,0,0.15789473684210525,19,euclidean,uniform
767,3791,3792,1,0,0,19,euclidean,uniform
768,3793,3794,0,0,0.15789473684210525,19,euclidean,uniform
769,3803,3804,0,0,0.31578947368421051,19,euclidean,uniform
770,3805,3806,0,0,0.42105263157894735,19,euclidean,uniform
771,3807,3808,0,0,0.21052631578947367,19,euclidean,uniform
772,3810,3811,0,0,0.15789473684210525,19,euclidean,uniform
773,3813,3814,0,0,0.10526315789473684,19,euclidean,uniform
774,3818,3819,0,0,0.15789473684210525,19,euclidean,uniform
775,3823,3824,0,0,0.15789473684210525,19,euclidean,uniform
776,3832,3833,1,0,0.36842105263157893,19,euclidean,uniform
777,3833,3834,0,0,0.052631578947368418,19,euclidean,uniform
778,3837,3838,0,0,0.26315789473684209,19,euclidean,uniform
779,3842,3843,0,0,0.21052631578947367,19,euclidean,uniform
780,3847,3848,0,0,0.15789473684210525,19,euclidean,uniform
781,3852,3853,1,0,0.26315789473684209,19,euclidean,uniform
782,3862,3863,0,0,0.10526315789473684,19,euclidean,uniform
783,3864,3865,0,0,0.21052631578947367,19,euclidean,uniform
784,3872,3873,0,1,0.84210526315789469,19,euclidean,uniform
785,3873,3874,1,0,0.31578947368421051,19,euclidean,uniform
786,3886,3887,0,0,0.10526315789473684,19,euclidean,uniform
787,3894,3895,0,0,0.052631578947368418,19,euclidean,uniform
788,3911,3912,0,0,0.26315789473684209,19,euclidean,uniform
789,3912,3913,0,0,0.21052631578947367,19,euclidean,uniform
790,3916,3917,1,1,0.63157894736842102,19,euclidean,uniform
791,3926,3927,0,0,0.21052631578947367,19,euclidean,uniform
792,3928,3929,0,0,0.10526315789473684,19,euclidean,uniform
793,3930,3931,0,0,0.21052631578947367,19,euclidean,uniform
794,3946,3947,0,0,0.15789473684210525,19,euclidean,uniform
795,3951,3952,0,0,0.052631578947368418,19,euclidean,uniform
796,3953,3954,0,0,0.15789473684210525,19,euclidean,uniform
797,3961,3962,0,0,0.052631578947368418,19,euclidean,uniform
798,3965,3966,0,0,0,19,euclidean,uniform
799,3968,3969,0,0,0.26315789473684209,19,euclidean,uniform
800,3976,3977,0,1,0.68421052631578949,19,euclidean,uniform
801,3980,3981,1,0,0.052631578947368418,19,euclidean,uniform
802,3988,3989,0,0,0.052631578947368418,19,euclidean,uniform
803,4007,4008,0,0,0.26315789473684209,19,euclidean,uniform
804,4013,4014,1,1,0.78947368421052633,19,euclidean,uniform
805,4018,4019,1,0,0.31578947368421051,19,euclidean,uniform
806,4028,4029,0,0,0.21052631578947367,19,euclidean,uniform
807,4034,4035,0,0,0.21052631578947367,19,euclidean,uniform
808,4035,4036,0,0,0,19,euclidean,uniform
809,4038,4039,0,0,0.26315789473684209,19,euclidean,uniform
810,4042,4043,0,0,0.15789473684210525,19,euclidean,uniform
811,4048,4049,1,0,0.42105263157894735,19,euclidean,uniform
812,4057,4058,0,0,0.15789473684210525,19,euclidean,uniform
813,4060,4061,0,0,0.052631578947368418,19,euclidean,uniform
814,4072,4073,0,0,0.052631578947368418,19,euclidean,uniform
815,4078,4079,0,0,0,19,euclidean,uniform
816,4084,4085,0,1,0.63157894736842102,19,euclidean,uniform
817,4090,4091,0,0,0.15789473684210525,19,euclidean,uniform
818,4094,4095,0,0,0.10526315789473684,19,euclidean,uniform
819,4103,4104,0,0,0.052631578947368418,19,euclidean,uniform
820,4104,4105,1,0,0.42105263157894735,19,euclidean,uniform
821,4110,4111,0,0,0,19,euclidean,uniform
822,4141,4142,0,1,0.52631578947368418,19,euclidean,uniform
823,4153,4154,0,0,0.10526315789473684,19,euclidean,uniform
824,4154,4155,0,0,0.15789473684210525,19,euclidean,uniform
825,4157,4158,0,0,0.052631578947368418,19,euclidean,uniform
826,4165,4166,1,1,0.52631578947368418,19,euclidean,uniform
827,4170,4171,0,0,0.052631578947368418,19,euclidean,uniform
828,4186,4187,0,0,0.052631578947368418,19,euclidean,uniform
829,4193,4194,0,1,0.63157894736842102,19,euclidean,uniform
830,4194,4195,0,0,0.15789473684210525,19,euclidean,uniform
831,4197,4198,0,0,0,19,euclidean,uniform
832,4201,4202,0,0,0.052631578947368418,19,euclidean,uniform
833,4204,4205,0,0,0.21052631578947367,19,euclidean,uniform
834,4208,4209,0,1,0.57894736842105265,19,euclidean,uniform
835,4209,4210,0,0,0.10526315789473684,19,euclidean,uniform
836,4215,4216,0,0,0.10526315789473684,19,euclidean,uniform
837,4222,4223,0,0,0.31578947368421051,19,euclidean,uniform
838,4226,4227,1,0,0,19,euclidean,uniform
839,4229,4230,1,0,0.36842105263157893,19,euclidean,uniform
840,4240,4241,0,0,0.21052631578947367,19,euclidean,uniform
841,4241,4242,0,0,0.10526315789473684,19,euclidean,uniform
842,4243,4244,0,0,0.21052631578947367,19,euclidean,uniform
843,4249,4250,0,0,0.10526315789473684,19,euclidean,uniform
844,4252,4253,0,0,0.052631578947368418,19,euclidean,uniform
845,4253,4254,0,0,0.15789473684210525,19,euclidean,uniform
846,4255,4256,0,0,0.21052631578947367,19,euclidean,uniform
847,4259,4260,1,0,0.31578947368421051,19,euclidean,uniform
848,4261,4262,0,0,0.36842105263157893,19,euclidean,uniform
849,4262,4263,1,1,0.57894736842105265,19,euclidean,uniform
850,4265,4266,0,0,0,19,euclidean,uniform
851,4269,4270,1,0,0.052631578947368418,19,euclidean,uniform
852,4275,4276,1,0,0.31578947368421051,19,euclidean,uniform
853,4276,4277,0,0,0,19,euclidean,uniform
854,4277,4278,1,0,0.15789473684210525,19,euclidean,uniform
855,4286,4287,0,0,0.15789473684210525,19,euclidean,uniform
856,4289,4290,0,0,0.15789473684210525,19,euclidean,uniform
857,4304,4305,0,0,0.21052631578947367,19,euclidean,uniform
858,4305,4306,0,0,0,19,euclidean,uniform
859,4310,4311,0,0,0.26315789473684209,19,euclidean,uniform
860,4318,4319,0,0,0.052631578947368418,19,euclidean,uniform
861,4324,4325,0,1,0.52631578947368418,19,euclidean,uniform
862,4326,4327,0,0,0.31578947368421051,19,euclidean,uniform
863,4331,4332,0,0,0.26315789473684209,19,euclidean,uniform
864,4337,4338,0,0,0.052631578947368418,19,euclidean,uniform
865,4338,4339,0,1,0.52631578947368418,19,euclidean,uniform
866,4344,4345,0,0,0.052631578947368418,19,euclidean,uniform
867,4348,4349,0,0,0.42105263157894735,19,euclidean,uniform
868,4350,4351,1,0,0.31578947368421051,19,euclidean,uniform
869,4351,4352,1,0,0.21052631578947367,19,euclidean,uniform
870,4356,4357,0,0,0.10526315789473684,19,euclidean,uniform
871,4357,4358,0,0,0.31578947368421051,19,euclidean,uniform
872,4359,4360,0,0,0.15789473684210525,19,euclidean,uniform
873,4366,4367,1,1,0.68421052631578949,19,euclidean,uniform
874,4368,4369,1,0,0.15789473684210525,19,euclidean,uniform
875,4372,4373,1,0,0,19,euclidean,uniform
876,4382,4383,1,0,0.15789473684210525,19,euclidean,uniform
877,4384,4385,0,0,0.052631578947368418,19,euclidean,uniform
878,4387,4388,1,0,0.47368421052631576,19,euclidean,uniform
879,4392,4393,0,0,0.21052631578947367,19,euclidean,uniform
880,4395,4396,0,0,0.15789473684210525,19,euclidean,uniform
881,4397,4398,0,0,0.31578947368421051,19,euclidean,uniform
882,4398,4399,0,0,0,19,euclidean,uniform
883,4401,4402,0,0,0.10526315789473684,19,euclidean,uniform
884,4409,4410,0,0,0.10526315789473684,19,euclidean,uniform
885,4414,4415,0,0,0.052631578947368418,19,euclidean,uniform
886,4415,4416,0,0,0.26315789473684209,19,euclidean,uniform
887,4418,4419,0,0,0.15789473684210525,19,euclidean,uniform
888,4419,4420,0,0,0.052631578947368418,19,euclidean,uniform
889,4423,4424,0,0,0.26315789473684209,19,euclidean,uniform
890,4430,4431,0,0,0,19,euclidean,uniform
891,4432,4433,0,1,0.89473684210526316,19,euclidean,uniform
892,4433,4434,0,0,0,19,euclidean,uniform
893,4436,4437,0,0,0.36842105263157893,19,euclidean,uniform
894,4455,4456,0,0,0.47368421052631576,19,euclidean,uniform
895,4462,4463,0,0,0.10526315789473684,19,euclidean,uniform
896,4477,4478,0,0,0.10526315789473684,19,euclidean,uniform
897,4487,4488,0,0,0.15789473684210525,19,euclidean,uniform
898,4495,4496,0,0,0,19,euclidean,uniform
899,4501,4502,1,0,0,19,euclidean,uniform
900,4502,4503,1,1,0.52631578947368418,19,euclidean,uniform
901,4510,4511,0,0,0.10526315789473684,19,euclidean,uniform
902,4516,4517,0,0,0.26315789473684209,19,euclidean,uniform
903,4527,4528,1,0,0.42105263157894735,19,euclidean,uniform
904,4528,4529,0,0,0.42105263157894735,19,euclidean,uniform
905,4535,4536,1,0,0.26315789473684209,19,euclidean,uniform
906,4536,4537,0,0,0.052631578947368418,19,euclidean,uniform
907,4553,4554,0,0,0.15789473684210525,19,euclidean,uniform
908,4554,4555,1,0,0.42105263157894735,19,euclidean,uniform
909,4556,4557,0,1,0.52631578947368418,19,euclidean,uniform
910,4557,4558,0,0,0.052631578947368418,19,euclidean,uniform
911,4558,4559,1,0,0.21052631578947367,19,euclidean,uniform
912,4559,4560,0,0,0.15789473684210525,19,euclidean,uniform
913,4562,4563,0,0,0.21052631578947367,19,euclidean,uniform
914,4565,4566,1,0,0.15789473684210525,19,euclidean,uniform
915,4568,4569,0,0,0.10526315789473684,19,euclidean,uniform
916,4573,4574,0,0,0,19,euclidean,uniform
917,4574,4575,1,0,0.26315789473684209,19,euclidean,uniform
918,4580,4581,0,0,0.052631578947368418,19,euclidean,uniform
919,4590,4591,1,0,0.36842105263157893,19,euclidean,uniform
920,4594,4595,1,0,0.15789473684210525,19,euclidean,uniform
921,4596,4597,1,0,0.10526315789473684,19,euclidean,uniform
922,4603,4604,0,0,0.052631578947368418,19,euclidean,uniform
923,4607,4608,0,0,0,19,euclidean,uniform
924,4619,4620,0,0,0.21052631578947367,19,euclidean,uniform
925,4623,4624,0,0,0.31578947368421051,19,euclidean,uniform
926,4631,4632,0,0,0.21052631578947367,19,euclidean,uniform
927,4635,4636,0,0,0.26315789473684209,19,euclidean,uniform
928,4655,4656,0,0,0.26315789473684209,19,euclidean,uniform
929,4657,4658,0,0,0.052631578947368418,19,euclidean,uniform
930,4658,4659,0,0,0.10526315789473684,19,euclidean,uniform
931,4659,4660,1,1,0.73684210526315785,19,euclidean,uniform
932,4660,4661,0,0,0.15789473684210525,19,euclidean,uniform
933,4665,4666,0,0,0.10526315789473684,19,euclidean,uniform
934,4671,4672,0,0,0.10526315789473684,19,euclidean,uniform
935,4675,4676,0,0,0,19,euclidean,uniform
936,4677,4678,0,0,0.26315789473684209,19,euclidean,uniform
937,4678,4679,0,0,0.31578947368421051,19,euclidean,uniform
938,4682,4683,0,0,0.052631578947368418,19,euclidean,uniform
939,4689,4690,0,1,0.78947368421052633,19,euclidean,uniform
940,4703,4704,1,0,0.21052631578947367,19,euclidean,uniform
941,4705,4706,0,0,0.21052631578947367,19,euclidean,uniform
942,4707,4708,1,1,0.68421052631578949,19,euclidean,uniform
943,4709,4710,0,0,0.052631578947368418,19,euclidean,uniform
944,4719,4720,0,1,0.57894736842105265,19,euclidean,uniform
945,4730,4731,0,0,0.10526315789473684,19,euclidean,uniform
946,4734,4735,0,0,0,19,euclidean,uniform
947,4745,4746,0,1,0.68421052631578949,19,euclidean,uniform
948,4749,4750,0,0,0.21052631578947367,19,euclidean,uniform
949,4751,4752,0,0,0,19,euclidean,uniform
950,4761,4762,0,0,0.052631578947368418,19,euclidean,uniform
951,4762,4763,1,1,0.68421052631578949,19,euclidean,uniform
952,4765,4766,0,0,0,19,euclidean,uniform
953,4766,4767,0,0,0.052631578947368418,19,euclidean,uniform
954,4769,4770,1,1,0.52631578947368418,19,euclidean,uniform
955,4771,4772,0,0,0.10526315789473684,19,euclidean,uniform
956,4775,4776,0,0,0.31578947368421051,19,euclidean,uniform
957,4783,4784,0,0,0.31578947368421051,19,euclidean,uniform
958,4785,4786,0,0,0.052631578947368418,19,euclidean,uniform
959,4792,4793,0,0,0.10526315789473684,19,euclidean,uniform
960,4799,4800,0,0,0.15789473684210525,19,euclidean,uniform
961,4804,4805,0,0,0.052631578947368418,19,euclidean,uniform
962,4807,4808,0,0,0,19,euclidean,uniform
963,4813,4814,0,0,0,19,euclidean,uniform
964,4815,4816,0,0,0.21052631578947367,19,euclidean,uniform
965,4819,4820,0,0,0.10526315789473684,19,euclidean,uniform
966,4821,4822,0,0,0.10526315789473684,19,euclidean,uniform
967,4825,4826,0,0,0.10526315789473684,19,euclidean,uniform
968,4827,4828,0,0,0.21052631578947367,19,euclidean,uniform
969,4829,4830,0,0,0.052631578947368418,19,euclidean,uniform
970,4830,4831,0,0,0.052631578947368418,19,euclidean,uniform
971,4831,4832,1,0,0.15789473684210525,19,euclidean,uniform
972,4840,4841,1,1,0.63157894736842102,19,euclidean,uniform
973,4860,4861,1,1,0.78947368421052633,19,euclidean,uniform
974,4862,4863,1,1,0.73684210526315785,19,euclidean,uniform
975,4863,4864,1,0,0.052631578947368418,19,euclidean,uniform
976,4871,4872,0,0,0.15789473684210525,19,euclidean,uniform
977,4877,4878,0,0,0.10526315789473684,19,euclidean,uniform
978,4884,4885,1,0,0.42105263157894735,19,euclidean,uniform
979,4886,4887,0,0,0.10526315789473684,19,euclidean,uniform
980,4889,4890,0,0,0.26315789473684209,19,euclidean,uniform
981,4891,4892,0,0,0.15789473684210525,19,euclidean,uniform
982,4892,4893,0,0,0.21052631578947367,19,euclidean,uniform
983,4895,4896,0,0,0.10526315789473684,19,euclidean,uniform
984,4897,4898,0,0,0.15789473684210525,19,euclidean,uniform
985,4900,4901,1,0,0.10526315789473684,19,euclidean,uniform
986,4901,4902,0,0,0.21052631578947367,19,euclidean,uniform
987,4904,4905,0,0,0.10526315789473684,19,euclidean,uniform
988,4906,4907,0,0,0.26315789473684209,19,euclidean,uniform
989,4914,4915,0,1,0.68421052631578949,19,euclidean,uniform
990,4918,4919,0,0,0,19,euclidean,uniform
991,4920,4921,0,0,0.36842105263157893,19,euclidean,uniform
992,4922,4923,0,0,0.26315789473684209,19,euclidean,uniform
993,4932,4933,0,0,0.15789473684210525,19,euclidean,uniform
994,4934,4935,0,1,0.78947368421052633,19,euclidean,uniform
995,4942,4943,0,0,0.21052631578947367,19,euclidean,uniform
996,4943,4944,0,0,0.21052631578947367,19,euclidean,uniform
997,4955,4956,1,0,0.15789473684210525,19,euclidean,uniform
998,4957,4958,1,0,0.26315789473684209,19,euclidean,uniform
999,4963,4964,0,0,0.10526315789473684,19,euclidean,uniform
1000,4964,4965,0,0,0.052631578947368418,19,euclidean,uniform
1001,4966,4967,0,0,0.10526315789473684,19,euclidean,uniform
1002,4969,4970,0,0,0.15789473684210525,19,euclidean,uniform
1003,4972,4973,0,0,0.26315789473684209,19,euclidean,uniform
1004,4992,4993,1,1,0.78947368421052633,19,euclidean,uniform
1005,4996,4997,0,0,0,19,euclidean,uniform
1006,4997,4998,1,0,0.052631578947368418,19,euclidean,uniform
1007,5000,5001,0,1,0.63157894736842102,19,euclidean,uniform
1008,5001,5002,1,0,0,19,euclidean,uniform
1009,5008,5009,0,0,0.15789473684210525,19,euclidean,uniform
1010,5011,5012,1,0,0.10526315789473684,19,euclidean,uniform
1011,5015,5016,0,0,0.26315789473684209,19,euclidean,uniform
1012,5020,5021,0,0,0,19,euclidean,uniform
1013,5022,5023,0,0,0.21052631578947367,19,euclidean,uniform
1014,5024,5025,0,0,0.10526315789473684,19,euclidean,uniform
1015,5034,5035,1,0,0.10526315789473684,19,euclidean,uniform
1016,5036,5037,0,0,0.31578947368421051,19,euclidean,uniform
1017,5043,5044,0,0,0.10526315789473684,19,euclidean,uniform
1018,5048,5049,1,1,0.52631578947368418,19,euclidean,uniform
1019,5052,5053,0,0,0.052631578947368418,19,euclidean,uniform
1020,5056,5057,1,1,0.63157894736842102,19,euclidean,uniform
1021,5062,5063,0,0,0.31578947368421051,19,euclidean,uniform
1022,5064,5065,1,0,0.36842105263157893,19,euclidean,uniform
1023,5088,5089,0,0,0.15789473684210525,19,euclidean,uniform
1024,5098,5099,0,0,0,19,euclidean,uniform
1025,5100,5101,0,0,0.31578947368421051,19,euclidean,uniform
1026,5103,5104,0,0,0.26315789473684209,19,euclidean,uniform
1027,5105,5106,0,0,0.21052631578947367,19,euclidean,uniform
1028,5113,5114,1,1,0.68421052631578949,19,euclidean,uniform
1029,5120,5121,0,0,0.21052631578947367,19,euclidean,uniform
1030,5121,5122,1,0,0.31578947368421051,19,euclidean,uniform
1031,5127,5128,0,0,0.21052631578947367,19,euclidean,uniform
1032,5140,5141,0,0,0.052631578947368418,19,euclidean,uniform
1033,5142,5143,0,0,0.10526315789473684,19,euclidean,uniform
1034,5147,5148,1,0,0.47368421052631576,19,euclidean,uniform
1035,5148,5149,1,0,0.47368421052631576,19,euclidean,uniform
1036,5159,5160,0,0,0.10526315789473684,19,euclidean,uniform
1037,5166,5167,0,0,0.052631578947368418,19,euclidean,uniform
1038,5170,5171,0,1,0.52631578947368418,19,euclidean,uniform
1039,5172,5173,0,0,0.15789473684210525,19,euclidean,uniform
1040,5174,5175,0,0,0.052631578947368418,19,euclidean,uniform
1041,5177,5178,1,1,0.68421052631578949,19,euclidean,uniform
1042,5182,5183,0,0,0.10526315789473684,19,euclidean,uniform
1043,5192,5193,0,0,0.15789473684210525,19,euclidean,uniform
1044,5248,5249,1,0,0.15789473684210525,19,euclidean,uniform
1045,5250,5251,0,0,0.10526315789473684,19,euclidean,uniform
1046,5253,5254,0,0,0.15789473684210525,19,euclidean,uniform
1047,5260,5261,1,1,0.68421052631578949,19,euclidean,uniform
1048,5261,5262,0,0,0.21052631578947367,19,euclidean,uniform
1049,5263,5264,0,0,0.052631578947368418,19,euclidean,uniform
1050,5283,5284,0,0,0.21052631578947367,19,euclidean,uniform
1051,5284,5285,1,1,0.89473684210526316,19,euclidean,uniform
1052,5285,5286,0,0,0.052631578947368418,19,euclidean,uniform
1053,5286,5287,1,0,0.052631578947368418,19,euclidean,uniform
1054,5287,5288,0,0,0.10526315789473684,19,euclidean,uniform
1055,5292,5293,0,0,0.10526315789473684,19,euclidean,uniform
1056,5296,5297,0,0,0.15789473684210525,19,euclidean,uniform
1057,5311,5312,0,0,0.26315789473684209,19,euclidean,uniform
1058,5313,5314,0,0,0.31578947368421051,19,euclidean,uniform
1059,5314,5315,0,0,0.15789473684210525,19,euclidean,uniform
1060,5315,5316,0,0,0,19,euclidean,uniform
1061,5320,5321,0,0,0.10526315789473684,19,euclidean,uniform
1062,5324,5325,0,0,0.26315789473684209,19,euclidean,uniform
1063,5327,5328,0,0,0.052631578947368418,19,euclidean,uniform
1064,5328,5329,0,0,0.31578947368421051,19,euclidean,uniform
1065,5343,5344,0,0,0.31578947368421051,19,euclidean,uniform
1066,5349,5350,1,1,0.63157894736842102,19,euclidean,uniform
1067,5352,5353,0,0,0.47368421052631576,19,euclidean,uniform
1068,5355,5356,0,0,0.15789473684210525,19,euclidean,uniform
1069,5359,5360,0,0,0.052631578947368418,19,euclidean,uniform
1070,5360,5361,0,0,0.052631578947368418,19,euclidean,uniform
1071,5361,5362,0,0,0.10526315789473684,19,euclidean,uniform
1072,5366,5367,0,0,0.31578947368421051,19,euclidean,uniform
1073,5378,5379,0,0,0.15789473684210525,19,euclidean,uniform
1074,5391,5392,0,0,0.15789473684210525,19,euclidean,uniform
1075,5404,5405,1,1,0.63157894736842102,19,euclidean,uniform
1076,5408,5409,0,0,0.10526315789473684,19,euclidean,uniform
1077,5412,5413,0,0,0.31578947368421051,19,euclidean,uniform
1078,5413,5414,0,0,0.15789473684210525,19,euclidean,uniform
1079,5414,5415,0,0,0,19,euclidean,uniform
1080,5422,5423,1,0,0.10526315789473684,19,euclidean,uniform
1081,5437,5438,0,0,0,19,euclidean,uniform
1082,5439,5440,0,1,0.73684210526315785,19,euclidean,uniform
1083,5441,5442,0,0,0.052631578947368418,19,euclidean,uniform
1084,5449,5450,0,0,0.15789473684210525,19,euclidean,uniform
1085,5459,5460,0,0,0,19,euclidean,uniform
1086,5461,5462,0,0,0.10526315789473684,19,euclidean,uniform
1087,5465,5466,0,0,0.42105263157894735,19,euclidean,uniform
1088,5477,5478,0,0,0,19,euclidean,uniform
1089,5492,5493,0,0,0.42105263157894735,19,euclidean,uniform
1090,5499,5500,0,0,0.10526315789473684,19,euclidean,uniform
1091,5504,5505,0,0,0.052631578947368418,19,euclidean,uniform
1092,5516,5517,0,1,0.78947368421052633,19,euclidean,uniform
1093,5519,5520,0,0,0.21052631578947367,19,euclidean,uniform
1094,5531,5532,0,0,0.21052631578947367,19,euclidean,uniform
1095,5546,5547,0,0,0.15789473684210525,19,euclidean,uniform
1096,5552,5553,0,0,0.26315789473684209,19,euclidean,uniform
1097,5553,5554,0,0,0.15789473684210525,19,euclidean,uniform
1098,5556,5557,0,0,0.26315789473684209,19,euclidean,uniform
1099,5564,5565,1,0,0.052631578947368418,19,euclidean,uniform
1100,5573,5574,0,0,0.052631578947368418,19,euclidean,uniform
1101,5576,5577,1,0,0.15789473684210525,19,euclidean,uniform
1102,5588,5589,0,0,0.10526315789473684,19,euclidean,uniform
1103,5589,5590,0,0,0.052631578947368418,19,euclidean,uniform
1104,5591,5592,0,0,0.21052631578947367,19,euclidean,uniform
1105,5592,5593,0,1,0.94736842105263153,19,euclidean,uniform
1106,5594,5595,0,0,0.42105263157894735,19,euclidean,uniform
1107,5603,5604,0,0,0.052631578947368418,19,euclidean,uniform
1108,5613,5614,0,0,0.31578947368421051,19,euclidean,uniform
1109,5615,5616,0,0,0,19,euclidean,uniform
1110,5624,5625,0,0,0.052631578947368418,19,euclidean,uniform
1111,5625,5626,0,0,0.15789473684210525,19,euclidean,uniform
1112,5626,5627,1,0,0.47368421052631576,19,euclidean,uniform
1113,5633,5634,0,0,0.15789473684210525,19,euclidean,uniform
1114,5643,5644,0,0,0.26315789473684209,19,euclidean,uniform
1115,5667,5668,0,0,0,19,euclidean,uniform
1116,5670,5671,0,0,0.10526315789473684,19,euclidean,uniform
1117,5675,5676,0,0,0.15789473684210525,19,euclidean,uniform
1118,5676,5677,0,0,0.10526315789473684,19,euclidean,uniform
1119,5677,5678,0,0,0.10526315789473684,19,euclidean,uniform
1120,5679,5680,0,0,0.052631578947368418,19,euclidean,uniform
1121,5684,5685,0,0,0.15789473684210525,19,euclidean,uniform
1122,5687,5688,0,0,0.10526315789473684,19,euclidean,uniform
1123,5691,5692,0,0,0.052631578947368418,19,euclidean,uniform
1124,5693,5694,0,0,0.15789473684210525,19,euclidean,uniform
1125,5703,5704,0,0,0.052631578947368418,19,euclidean,uniform
1126,5706,5707,0,0,0.052631578947368418,19,euclidean,uniform
1127,5713,5714,0,1,0.78947368421052633,19,euclidean,uniform
1128,5716,5717,0,0,0,19,euclidean,uniform
1129,5722,5723,0,0,0.10526315789473684,19,euclidean,uniform
1130,5729,5730,0,0,0.15789473684210525,19,euclidean,uniform
1131,5738,5739,1,1,0.57894736842105265,19,euclidean,uniform
1132,5740,5741,0,0,0.15789473684210525,19,euclidean,uniform
1133,5744,5745,0,0,0,19,euclidean,uniform
1134,5749,5750,0,0,0.26315789473684209,19,euclidean,uniform
1135,5750,5751,1,1,0.73684210526315785,19,euclidean,uniform
1136,5760,5761,0,0,0.15789473684210525,19,euclidean,uniform
1137,5761,5762,0,1,0.52631578947368418,19,euclidean,uniform
1138,5762,5763,0,0,0.31578947368421051,19,euclidean,uniform
1139,5763,5764,0,0,0.26315789473684209,19,euclidean,uniform
1140,5764,5765,0,0,0.15789473684210525,19,euclidean,uniform
1141,5766,5767,0,0,0.10526315789473684,19,euclidean,uniform
1142,5768,5769,0,0,0.10526315789473684,19,euclidean,uniform
1143,5777,5778,0,0,0.21052631578947367,19,euclidean,uniform
1144,5786,5787,1,1,0.68421052631578949,19,euclidean,uniform
1145,5789,5790,0,0,0.21052631578947367,19,euclidean,uniform
1146,5795,5796,0,0,0,19,euclidean,uniform
1147,5802,5803,0,0,0.21052631578947367,19,euclidean,uniform
1148,5804,5805,0,0,0.15789473684210525,19,euclidean,uniform
1149,5813,5814,0,0,0.36842105263157893,19,euclidean,uniform
1150,5822,5823,0,0,0.10526315789473684,19,euclidean,uniform
1151,5823,5824,0,0,0.10526315789473684,19,euclidean,uniform
1152,5827,5828,1,0,0.052631578947368418,19,euclidean,uniform
1153,5839,5840,0,0,0.10526315789473684,19,euclidean,uniform
1154,5841,5842,0,0,0.052631578947368418,19,euclidean,uniform
1155,5843,5844,0,0,0.10526315789473684,19,euclidean,uniform
1156,5851,5852,0,0,0.21052631578947367,19,euclidean,uniform
1157,5866,5867,0,0,0.10526315789473684,19,euclidean,uniform
1158,5872,5873,0,0,0.10526315789473684,19,euclidean,uniform
1159,5875,5876,1,0,0.21052631578947367,19,euclidean,uniform
1160,5887,5888,0,0,0,19,euclidean,uniform
1161,5893,5894,0,0,0.15789473684210525,19,euclidean,uniform
1162,5908,5909,0,0,0.052631578947368418,19,euclidean,uniform
1163,5909,5910,0,0,0.10526315789473684,19,euclidean,uniform
1164,5913,5914,0,0,0.052631578947368418,19,euclidean,uniform
1165,5914,5915,0,0,0.10526315789473684,19,euclidean,uniform
1166,5921,5922,0,0,0.21052631578947367,19,euclidean,uniform
1167,5929,5930,0,0,0.052631578947368418,19,euclidean,uniform
1168,5931,5932,0,0,0,19,euclidean,uniform
1169,5935,5936,0,0,0.052631578947368418,19,euclidean,uniform
1170,5940,5941,0,0,0.10526315789473684,19,euclidean,uniform
1171,5945,5946,0,0,0.21052631578947367,19,euclidean,uniform
1172,5946,5947,1,0,0.21052631578947367,19,euclidean,uniform
1173,5948,5949,0,0,0.052631578947368418,19,euclidean,uniform
1174,5954,5955,0,0,0.052631578947368418,19,euclidean,uniform
1175,5956,5957,0,0,0.15789473684210525,19,euclidean,uniform
1176,5958,5959,0,0,0.15789473684210525,19,euclidean,uniform
1177,5964,5965,0,0,0.052631578947368418,19,euclidean,uniform
1178,5968,5969,0,0,0.15789473684210525,19,euclidean,uniform
1179,5971,5972,1,0,0.10526315789473684,19,euclidean,uniform
1180,5975,5976,0,0,0,19,euclidean,uniform
1181,5978,5979,0,0,0.21052631578947367,19,euclidean,uniform
1182,5980,5981,0,0,0.26315789473684209,19,euclidean,uniform
1183,5984,5985,0,0,0.15789473684210525,19,euclidean,uniform
1184,5986,5987,1,0,0.10526315789473684,19,euclidean,uniform
1185,5987,5988,1,0,0.36842105263157893,19,euclidean,uniform
1186,5988,5989,0,0,0.15789473684210525,19,euclidean,uniform
1187,6012,6013,1,0,0.15789473684210525,19,euclidean,uniform
1188,6013,6014,0,0,0.21052631578947367,19,euclidean,uniform
1189,6023,6024,0,0,0.052631578947368418,19,euclidean,uniform
1190,6025,6026,1,0,0.15789473684210525,19,euclidean,uniform
1191,6037,6038,0,0,0.26315789473684209,19,euclidean,uniform
1192,6046,6047,0,0,0,19,euclidean,uniform
1193,6059,6060,0,0,0.21052631578947367,19,euclidean,uniform
1194,6060,6061,0,0,0.21052631578947367,19,euclidean,uniform
1195,6061,6062,0,1,0.63157894736842102,19,euclidean,uniform
1196,6065,6066,0,1,0.57894736842105265,19,euclidean,uniform
1197,6067,6068,0,0,0,19,euclidean,uniform
1198,6068,6069,0,0,0.10526315789473684,19,euclidean,uniform
1199,6069,6070,0,0,0.052631578947368418,19,euclidean,uniform
1200,6072,6073,1,0,0.47368421052631576,19,euclidean,uniform
1201,6076,6077,1,0,0.26315789473684209,19,euclidean,uniform
1202,6085,6086,1,0,0.42105263157894735,19,euclidean,uniform
1203,6089,6090,0,1,0.73684210526315785,19,euclidean,uniform
1204,6094,6095,1,0,0.21052631578947367,19,euclidean,uniform
1205,6102,6103,0,0,0.052631578947368418,19,euclidean,uniform
1206,6106,6107,0,1,0.73684210526315785,19,euclidean,uniform
1207,6109,6110,0,0,0.052631578947368418,19,euclidean,uniform
1208,6118,6119,0,0,0.10526315789473684,19,euclidean,uniform
1209,6119,6120,1,1,0.84210526315789469,19,euclidean,uniform
1210,6129,6130,1,0,0.36842105263157893,19,euclidean,uniform
1211,6133,6134,0,0,0.15789473684210525,19,euclidean,uniform
1212,6135,6136,0,0,0,19,euclidean,uniform
1213,6140,6141,0,0,0.15789473684210525,19,euclidean,uniform
1214,6151,6152,0,0,0.10526315789473684,19,euclidean,uniform
1215,6155,6156,1,0,0.31578947368421051,19,euclidean,uniform
1216,6160,6161,1,0,0.36842105263157893,19,euclidean,uniform
1217,6161,6162,0,0,0,19,euclidean,uniform
1218,6162,6163,0,0,0.21052631578947367,19,euclidean,uniform
1219,6165,6166,0,0,0.10526315789473684,19,euclidean,uniform
1220,6167,6168,0,0,0,19,euclidean,uniform
1221,6173,6174,0,0,0.26315789473684209,19,euclidean,uniform
1222,6175,6176,0,0,0.47368421052631576,19,euclidean,uniform
1223,6177,6178,1,0,0.10526315789473684,19,euclidean,uniform
1224,6178,6179,0,0,0.052631578947368418,19,euclidean,uniform
1225,6185,6186,0,0,0.10526315789473684,19,euclidean,uniform
1226,6198,6199,0,0,0.42105263157894735,19,euclidean,uniform
1227,6201,6202,1,0,0.21052631578947367,19,euclidean,uniform
1228,6211,6212,0,0,0.26315789473684209,19,euclidean,uniform
1229,6215,6216,0,0,0.47368421052631576,19,euclidean,uniform
1230,6217,6218,0,0,0.42105263157894735,19,euclidean,uniform
1231,6222,6223,0,0,0.21052631578947367,19,euclidean,uniform
1232,6227,6228,0,0,0.26315789473684209,19,euclidean,uniform
1233,6228,6229,1,0,0.15789473684210525,19,euclidean,uniform
1234,6236,6237,0,0,0.052631578947368418,19,euclidean,uniform
1235,6237,6238,1,0,0.052631578947368418,19,euclidean,uniform
1236,6239,6240,0,0,0,19,euclidean,uniform
1237,6241,6242,0,0,0.10526315789473684,19,euclidean,uniform
1238,6243,6244,0,0,0.21052631578947367,19,euclidean,uniform
1239,6244,6245,0,0,0,19,euclidean,uniform
1240,6251,6252,1,0,0.21052631578947367,19,euclidean,uniform
1241,6261,6262,0,0,0.052631578947368418,19,euclidean,uniform
1242,6263,6264,0,0,0.10526315789473684,19,euclidean,uniform
1243,6271,6272,1,1,0.84210526315789469,19,euclidean,uniform
1244,6272,6273,0,0,0.26315789473684209,19,euclidean,uniform
1245,6276,6277,0,0,0.26315789473684209,19,euclidean,uniform
1246,6284,6285,0,0,0,19,euclidean,uniform
1247,6287,6288,0,0,0.052631578947368418,19,euclidean,uniform
1248,6304,6305,1,0,0.15789473684210525,19,euclidean,uniform
1249,6306,6307,0,0,0,19,euclidean,uniform
1250,6308,6309,0,0,0.21052631578947367,19,euclidean,uniform
1251,6314,6315,0,0,0.10526315789473684,19,euclidean,uniform
1252,6315,6316,1,0,0.36842105263157893,19,euclidean,uniform
1253,6319,6320,0,0,0.26315789473684209,19,euclidean,uniform
1254,6328,6329,0,0,0,19,euclidean,uniform
1255,6334,6335,1,1,0.68421052631578949,19,euclidean,uniform
1256,6335,6336,0,0,0,19,euclidean,uniform
1257,6337,6338,0,0,0.47368421052631576,19,euclidean,uniform
1258,6341,6342,0,1,0.84210526315789469,19,euclidean,uniform
1259,6347,6348,0,0,0.26315789473684209,19,euclidean,uniform
1260,6351,6352,1,0,0.31578947368421051,19,euclidean,uniform
1261,6352,6353,0,1,0.57894736842105265,19,euclidean,uniform
1262,6353,6354,0,0,0.26315789473684209,19,euclidean,uniform
1263,6354,6355,0,0,0.31578947368421051,19,euclidean,uniform
1264,6355,6356,0,0,0,19,euclidean,uniform
1265,6366,6367,1,0,0.31578947368421051,19,euclidean,uniform
1266,6370,6371,0,1,0.57894736842105265,19,euclidean,uniform
1267,6373,6374,1,1,0.57894736842105265,19,euclidean,uniform
1268,6374,6375,0,0,0,19,euclidean,uniform
1269,6382,6383,0,1,0.68421052631578949,19,euclidean,uniform
1270,6385,6386,0,0,0.052631578947368418,19,euclidean,uniform
1271,6386,6387,1,1,0.73684210526315785,19,euclidean,uniform
1272,6390,6391,0,0,0,19,euclidean,uniform
1273,6395,6396,1,0,0.31578947368421051,19,euclidean,uniform
1274,6397,6398,0,0,0.052631578947368418,19,euclidean,uniform
1275,6403,6404,1,0,0,19,euclidean,uniform
1276,6411,6412,0,0,0.42105263157894735,19,euclidean,uniform
1277,6414,6415,0,0,0.26315789473684209,19,euclidean,uniform
1278,6423,6424,0,0,0,19,euclidean,uniform
1279,6425,6426,0,0,0.052631578947368418,19,euclidean,uniform
1280,6427,6428,0,0,0.052631578947368418,19,euclidean,uniform
1281,6430,6431,0,0,0.10526315789473684,19,euclidean,uniform
1282,6436,6437,0,0,0.26315789473684209,19,euclidean,uniform
1283,6442,6443,0,0,0.36842105263157893,19,euclidean,uniform
1284,6450,6451,0,0,0.15789473684210525,19,euclidean,uniform
1285,6451,6452,0,0,0,19,euclidean,uniform
1286,6455,6456,0,1,0.78947368421052633,19,euclidean,uniform
1287,6463,6464,0,0,0.26315789473684209,19,euclidean,uniform
1288,6470,6471,0,0,0.26315789473684209,19,euclidean,uniform
1289,6473,6474,0,0,0.21052631578947367,19,euclidean,uniform
1290,6486,6487,1,1,0.89473684210526316,19,euclidean,uniform
1291,6489,6490,1,0,0.052631578947368418,19,euclidean,uniform
1292,6491,6492,0,0,0.36842105263157893,19,euclidean,uniform
1293,6493,6494,0,1,0.52631578947368418,19,euclidean,uniform
1294,6495,6496,0,0,0.15789473684210525,19,euclidean,uniform
1295,6496,6497,0,0,0.21052631578947367,19,euclidean,uniform
1296,6497,6498,0,0,0.15789473684210525,19,euclidean,uniform
1297,6498,6499,0,0,0,19,euclidean,uniform
1298,6514,6515,1,0,0.15789473684210525,19,euclidean,uniform
1299,6515,6516,1,0,0,19,euclidean,uniform
1300,6523,6524,0,0,0.26315789473684209,19,euclidean,uniform
1301,6524,6525,0,0,0.21052631578947367,19,euclidean,uniform
1302,6525,6526,0,0,0.052631578947368418,19,euclidean,uniform
1303,6529,6530,0,0,0.26315789473684209,19,euclidean,uniform
1304,6536,6537,0,0,0.31578947368421051,19,euclidean,uniform
1305,6537,6538,0,0,0.10526315789473684,19,euclidean,uniform
1306,6547,6548,0,0,0.052631578947368418,19,euclidean,uniform
1307,6554,6555,0,0,0.10526315789473684,19,euclidean,uniform
1308,6559,6560,1,0,0,19,euclidean,uniform
1309,6563,6564,0,0,0.052631578947368418,19,euclidean,uniform
1310,6564,6565,0,0,0.15789473684210525,19,euclidean,uniform
1311,6565,6566,0,0,0.10526315789473684,19,euclidean,uniform
1312,6569,6570,1,1,0.63157894736842102,19,euclidean,uniform
1313,6571,6572,0,0,0.10526315789473684,19,euclidean,uniform
1314,6572,6573,0,0,0,19,euclidean,uniform
1315,6582,6583,1,1,0.84210526315789469,19,euclidean,uniform
1316,6586,6587,0,0,0.10526315789473684,19,euclidean,uniform
1317,6589,6590,0,0,0.10526315789473684,19,euclidean,uniform
1318,6591,6592,0,1,0.52631578947368418,19,euclidean,uniform
1319,6593,6594,0,0,0.31578947368421051,19,euclidean,uniform
1320,6599,6600,0,0,0.052631578947368418,19,euclidean,uniform
1321,6603,6604,0,0,0.10526315789473684,19,euclidean,uniform
1322,6608,6609,0,0,0.15789473684210525,19,euclidean,uniform
1323,6621,6622,1,1,0.57894736842105265,19,euclidean,uniform
1324,6633,6634,0,0,0.052631578947368418,19,euclidean,uniform
1325,6653,6654,1,0,0.15789473684210525,19,euclidean,uniform
1326,6654,6655,1,0,0.47368421052631576,19,euclidean,uniform
1327,6655,6656,0,0,0.10526315789473684,19,euclidean,uniform
1328,6656,6657,0,0,0.21052631578947367,19,euclidean,uniform
1329,6657,6658,0,0,0.36842105263157893,19,euclidean,uniform
1330,6665,6666,0,0,0.36842105263157893,19,euclidean,uniform
1331,6670,6671,0,0,0.10526315789473684,19,euclidean,uniform
1332,6678,6679,1,0,0.10526315789473684,19,euclidean,uniform
1333,6694,6695,0,0,0.21052631578947367,19,euclidean,uniform
1334,6699,6700,0,0,0.26315789473684209,19,euclidean,uniform
1335,6711,6712,0,0,0,19,euclidean,uniform
1336,6717,6718,1,0,0.21052631578947367,19,euclidean,uniform
1337,6722,6723,0,0,0,19,euclidean,uniform
1338,6724,6725,0,0,0.21052631578947367,19,euclidean,uniform
1339,6729,6730,1,1,0.52631578947368418,19,euclidean,uniform
1340,6731,6732,0,0,0.21052631578947367,19,euclidean,uniform
1341,6732,6733,0,0,0.052631578947368418,19,euclidean,uniform
1342,6734,6735,0,0,0.10526315789473684,19,euclidean,uniform
1343,6736,6737,0,0,0.052631578947368418,19,euclidean,uniform
1344,6737,6738,0,0,0.10526315789473684,19,euclidean,uniform
1345,6738,6739,1,0,0.47368421052631576,19,euclidean,uniform
1346,6744,6745,1,1,0.52631578947368418,19,euclidean,uniform
1347,6745,6746,0,0,0,19,euclidean,uniform
1348,6747,6748,0,0,0.26315789473684209,19,euclidean,uniform
1349,6750,6751,1,1,0.68421052631578949,19,euclidean,uniform
1350,6751,6752,1,0,0.10526315789473684,19,euclidean,uniform
1351,6752,6753,1,1,0.68421052631578949,19,euclidean,uniform
1352,6759,6760,0,0,0.15789473684210525,19,euclidean,uniform
1353,6761,6762,0,0,0.21052631578947367,19,euclidean,uniform
1354,6781,6782,0,0,0.15789473684210525,19,euclidean,uniform
1355,6789,6790,0,0,0.21052631578947367,19,euclidean,uniform
1356,6791,6792,0,0,0.052631578947368418,19,euclidean,uniform
1357,6793,6794,0,0,0.052631578947368418,19,euclidean,uniform
1358,6803,6804,0,0,0.052631578947368418,19,euclidean,uniform
1359,6808,6809,0,0,0,19,euclidean,uniform
1360,6810,6811,0,0,0.052631578947368418,19,euclidean,uniform
1361,6816,6817,0,0,0,19,euclidean,uniform
1362,6819,6820,0,0,0,19,euclidean,uniform
1363,6821,6822,0,0,0.21052631578947367,19,euclidean,uniform
1364,6834,6835,0,0,0,19,euclidean,uniform
1365,6835,6836,0,1,0.52631578947368418,19,euclidean,uniform
1366,6849,6850,0,0,0.052631578947368418,19,euclidean,uniform
1367,6853,6854,1,0,0.052631578947368418,19,euclidean,uniform
1368,6857,6858,1,0,0.21052631578947367,19,euclidean,uniform
1369,6858,6859,0,0,0.15789473684210525,19,euclidean,uniform
1370,6867,6868,0,0,0.36842105263157893,19,euclidean,uniform
1371,6872,6873,0,0,0.15789473684210525,19,euclidean,uniform
1372,6875,6876,1,1,0.73684210526315785,19,euclidean,uniform
1373,6882,6883,0,0,0.052631578947368418,19,euclidean,uniform
1374,6894,6895,1,1,0.94736842105263153,19,euclidean,uniform
1375,6898,6899,0,0,0.10526315789473684,19,euclidean,uniform
1376,6902,6903,0,0,0.10526315789473684,19,euclidean,uniform
1377,6907,6908,0,0,0.15789473684210525,19,euclidean,uniform
1378,6908,6909,0,0,0.31578947368421051,19,euclidean,uniform
1379,6920,6921,1,0,0.15789473684210525,19,euclidean,uniform
1380,6928,6929,0,0,0.10526315789473684,19,euclidean,uniform
1381,6933,6934,0,0,0.15789473684210525,19,euclidean,uniform
1382,6938,6939,0,1,0.57894736842105265,19,euclidean,uniform
1383,6942,6943,1,0,0.26315789473684209,19,euclidean,uniform
1384,6946,6947,1,0,0.15789473684210525,19,euclidean,uniform
1385,6951,6952,1,0,0.47368421052631576,19,euclidean,uniform
1386,6959,6960,0,0,0.052631578947368418,19,euclidean,uniform
1387,6961,6962,0,1,0.57894736842105265,19,euclidean,uniform
1388,6969,6970,0,0,0.31578947368421051,19,euclidean,uniform
1389,6977,6978,0,0,0.052631578947368418,19,euclidean,uniform
1390,6985,6986,0,0,0.10526315789473684,19,euclidean,uniform
1391,6988,6989,1,0,0.42105263157894735,19,euclidean,uniform
1392,6989,6990,0,0,0.42105263157894735,19,euclidean,uniform
1393,6990,6991,0,0,0.47368421052631576,19,euclidean,uniform
1394,6992,6993,0,0,0.31578947368421051,19,euclidean,uniform
1395,6995,6996,1,0,0.21052631578947367,19,euclidean,uniform
1396,6997,6998,0,0,0.21052631578947367,19,euclidean,uniform
1397,7001,7002,0,0,0.26315789473684209,19,euclidean,uniform
1398,7002,7003,0,1,0.84210526315789469,19,euclidean,uniform
1399,7004,7005,0,0,0.26315789473684209,19,euclidean,uniform
1400,7006,7007,0,0,0.10526315789473684,19,euclidean,uniform
1401,7007,7008,0,0,0,19,euclidean,uniform
1402,7009,7010,0,0,0.15789473684210525,19,euclidean,uniform
1403,7010,7011,0,0,0.21052631578947367,19,euclidean,uniform
1404,7017,7018,0,0,0.26315789473684209,19,euclidean,uniform
1405,7023,7024,0,0,0.15789473684210525,19,euclidean,uniform
1406,7024,7025,0,0,0.052631578947368418,19,euclidean,uniform
1407,7032,7033,0,0,0.10526315789473684,19,euclidean,uniform
1408,7038,7039,0,0,0.42105263157894735,19,euclidean,uniform
1409,7039,7040,0,0,0.15789473684210525,19,euclidean,uniform
1410,7045,7046,0,0,0,19,euclidean,uniform
1411,7048,7049,1,1,0.57894736842105265,19,euclidean,uniform
1412,7054,7055,0,0,0,19,euclidean,uniform
1413,7058,7059,0,0,0.21052631578947367,19,euclidean,uniform
1414,7060,7061,0,0,0.31578947368421051,19,euclidean,uniform
1415,7067,7068,0,1,0.73684210526315785,19,euclidean,uniform
1416,7070,7071,1,0,0.36842105263157893,19,euclidean,uniform
1417,7072,7073,0,0,0.15789473684210525,19,euclidean,uniform
1418,7088,7089,0,0,0.052631578947368418,19,euclidean,uniform
1419,7090,7091,0,0,0.10526315789473684,19,euclidean,uniform
1420,7091,7092,1,0,0,19,euclidean,uniform
1421,7092,7093,1,0,0.052631578947368418,19,euclidean,uniform
1422,7094,7095,1,0,0.10526315789473684,19,euclidean,uniform
1423,7103,7104,0,0,0.052631578947368418,19,euclidean,uniform
1424,7114,7115,0,0,0.052631578947368418,19,euclidean,uniform
1425,7121,7122,0,0,0.052631578947368418,19,euclidean,uniform
1426,7122,7123,1,1,0.57894736842105265,19,euclidean,uniform
1427,7126,7127,0,0,0.21052631578947367,19,euclidean,uniform
1428,7131,7132,0,0,0.26315789473684209,19,euclidean,uniform
1429,7132,7133,1,0,0.31578947368421051,19,euclidean,uniform
1430,7138,7139,0,0,0.15789473684210525,19,euclidean,uniform
1431,7143,7144,1,0,0.21052631578947367,19,euclidean,uniform
1432,7146,7147,0,0,0.15789473684210525,19,euclidean,uniform
1433,7153,7154,0,0,0.21052631578947367,19,euclidean,uniform
1434,7154,7155,1,1,0.68421052631578949,19,euclidean,uniform
1435,7156,7157,0,0,0.26315789473684209,19,euclidean,uniform
1436,7161,7162,1,0,0.10526315789473684,19,euclidean,uniform
1437,7162,7163,0,1,0.73684210526315785,19,euclidean,uniform
1438,7167,7168,0,0,0.21052631578947367,19,euclidean,uniform
1439,7169,7170,1,0,0.15789473684210525,19,euclidean,uniform
1440,7171,7172,0,0,0.15789473684210525,19,euclidean,uniform
1441,7174,7175,0,1,0.68421052631578949,19,euclidean,uniform
1442,7187,7188,0,0,0.36842105263157893,19,euclidean,uniform
1443,7190,7191,0,0,0.15789473684210525,19,euclidean,uniform
1444,7194,7195,0,0,0.10526315789473684,19,euclidean,uniform
1445,7195,7196,1,0,0,19,euclidean,uniform
1446,7197,7198,0,0,0,19,euclidean,uniform
1447,7206,7207,0,0,0.31578947368421051,19,euclidean,uniform
1448,7231,7232,0,0,0.15789473684210525,19,euclidean,uniform
1449,7232,7233,0,0,0.31578947368421051,19,euclidean,uniform
1450,7235,7236,0,0,0.21052631578947367,19,euclidean,uniform
1451,7240,7241,0,0,0,19,euclidean,uniform
1452,7242,7243,0,0,0.052631578947368418,19,euclidean,uniform
1453,7246,7247,0,0,0.21052631578947367,19,euclidean,uniform
1454,7254,7255,0,0,0.26315789473684209,19,euclidean,uniform
1455,7255,7256,0,0,0.052631578947368418,19,euclidean,uniform
1456,7257,7258,1,0,0.21052631578947367,19,euclidean,uniform
1457,7259,7260,0,0,0.10526315789473684,19,euclidean,uniform
1458,7265,7266,1,0,0.47368421052631576,19,euclidean,uniform
1459,7268,7269,0,1,0.63157894736842102,19,euclidean,uniform
1460,7269,7270,0,0,0.10526315789473684,19,euclidean,uniform
1461,7282,7283,0,0,0.10526315789473684,19,euclidean,uniform
1462,7284,7285,0,0,0.36842105263157893,19,euclidean,uniform
1463,7288,7289,0,0,0.10526315789473684,19,euclidean,uniform
1464,7289,7290,0,0,0.15789473684210525,19,euclidean,uniform
1465,7297,7298,0,0,0.26315789473684209,19,euclidean,uniform
1466,7298,7299,0,0,0,19,euclidean,uniform
1467,7304,7305,0,0,0.052631578947368418,19,euclidean,uniform
1468,7313,7314,1,0,0.10526315789473684,19,euclidean,uniform
1469,7314,7315,1,0,0.15789473684210525,19,euclidean,uniform
1470,7316,7317,1,0,0.10526315789473684,19,euclidean,uniform
1471,7319,7320,1,0,0.36842105263157893,19,euclidean,uniform
1472,7321,7322,0,0,0.052631578947368418,19,euclidean,uniform
1473,7326,7327,0,0,0.15789473684210525,19,euclidean,uniform
1474,7332,7333,0,0,0.052631578947368418,19,euclidean,uniform
1475,7333,7334,0,0,0.15789473684210525,19,euclidean,uniform
1476,7341,7342,0,0,0.10526315789473684,19,euclidean,uniform
1477,7346,7347,0,0,0.26315789473684209,19,euclidean,uniform
1478,7353,7354,0,0,0.26315789473684209,19,euclidean,uniform
1479,7358,7359,0,0,0.10526315789473684,19,euclidean,uniform
1480,7369,7370,0,0,0.26315789473684209,19,euclidean,uniform
1481,7372,7373,0,0,0.052631578947368418,19,euclidean,uniform
1482,7374,7375,1,0,0.10526315789473684,19,euclidean,uniform
1483,7376,7377,0,0,0.47368421052631576,19,euclidean,uniform
1484,7390,7391,0,0,0.21052631578947367,19,euclidean,uniform
1485,7393,7394,0,0,0.15789473684210525,19,euclidean,uniform
1486,7400,7401,0,0,0.10526315789473684,19,euclidean,uniform
1487,7401,7402,0,0,0.15789473684210525,19,euclidean,uniform
1488,7402,7403,1,0,0.21052631578947367,19,euclidean,uniform
1489,7404,7405,1,0,0.10526315789473684,19,euclidean,uniform
1490,7410,7411,0,0,0.15789473684210525,19,euclidean,uniform
1491,7412,7413,0,0,0.42105263157894735,19,euclidean,uniform
1492,7416,7417,0,1,0.63157894736842102,19,euclidean,uniform
1493,7418,7419,0,0,0.15789473684210525,19,euclidean,uniform
1494,7420,7421,0,0,0.31578947368421051,19,euclidean,uniform
1495,7433,7434,1,0,0.15789473684210525,19,euclidean,uniform
1496,7436,7437,1,1,0.78947368421052633,19,euclidean,uniform
1497,7438,7439,0,0,0.10526315789473684,19,euclidean,uniform
1498,7441,7442,0,0,0.10526315789473684,19,euclidean,uniform
1499,7444,7445,0,0,0.15789473684210525,19,euclidean,uniform
1500,7448,7449,0,0,0.052631578947368418,19,euclidean,uniform
1501,7453,7454,0,0,0.21052631578947367,19,euclidean,uniform
1502,7460,7461,0,0,0.10526315789473684,19,euclidean,uniform
1503,7463,7464,0,0,0.052631578947368418,19,euclidean,uniform
1504,7466,7467,0,0,0.052631578947368418,19,euclidean,uniform
1505,7471,7472,0,0,0.052631578947368418,19,euclidean,uniform
1506,7476,7477,1,0,0.26315789473684209,19,euclidean,uniform
1507,7477,7478,0,0,0.21052631578947367,19,euclidean,uniform
1508,7487,7488,0,0,0.052631578947368418,19,euclidean,uniform
1509,7489,7490,0,0,0.21052631578947367,19,euclidean,uniform
1510,7498,7499,0,0,0.052631578947368418,19,euclidean,uniform
1511,7505,7506,1,0,0.47368421052631576,19,euclidean,uniform
1512,7511,7512,0,0,0.21052631578947367,19,euclidean,uniform
1513,7516,7517,0,0,0.36842105263157893,19,euclidean,uniform
1514,7517,7518,0,0,0.15789473684210525,19,euclidean,uniform
1515,7527,7528,0,1,0.52631578947368418,19,euclidean,uniform
1516,7530,7531,1,1,0.78947368421052633,19,euclidean,uniform
1517,7533,7534,0,0,0.26315789473684209,19,euclidean,uniform
1518,7536,7537,1,0,0,19,euclidean,uniform
1519,7540,7541,0,0,0.052631578947368418,19,euclidean,uniform
1520,7542,7543,1,0,0.31578947368421051,19,euclidean,uniform
1521,7547,7548,0,0,0.052631578947368418,19,euclidean,uniform
1522,7562,7563,0,0,0.21052631578947367,19,euclidean,uniform
1523,7566,7567,0,0,0.21052631578947367,19,euclidean,uniform
1524,7575,7576,0,0,0,19,euclidean,uniform
1525,7580,7581,0,0,0,19,euclidean,uniform
1526,7589,7590,0,1,0.78947368421052633,19,euclidean,uniform
1527,7592,7593,0,0,0.21052631578947367,19,euclidean,uniform
1528,7593,7594,0,0,0.052631578947368418,19,euclidean,uniform
1529,7596,7597,0,0,0,19,euclidean,uniform
1530,7602,7603,1,0,0.15789473684210525,19,euclidean,uniform
1531,7604,7605,0,0,0.15789473684210525,19,euclidean,uniform
1532,7606,7607,1,0,0,19,euclidean,uniform
1533,7611,7612,0,0,0.052631578947368418,19,euclidean,uniform
1534,7612,7613,0,0,0,19,euclidean,uniform
1535,7617,7618,1,0,0.21052631578947367,19,euclidean,uniform
1536,7636,7637,0,0,0,19,euclidean,uniform
1537,7652,7653,0,0,0.31578947368421051,19,euclidean,uniform
1538,7654,7655,0,0,0.10526315789473684,19,euclidean,uniform
1539,7657,7658,0,0,0.15789473684210525,19,euclidean,uniform
1540,7659,7660,0,1,0.73684210526315785,19,euclidean,uniform
1541,7660,7661,1,0,0.36842105263157893,19,euclidean,uniform
1542,7665,7666,0,0,0.10526315789473684,19,euclidean,uniform
1543,7668,7669,0,0,0.21052631578947367,19,euclidean,uniform
1544,7678,7679,0,0,0.10526315789473684,19,euclidean,uniform
1545,7681,7682,1,1,0.57894736842105265,19,euclidean,uniform
1546,7696,7697,1,0,0.21052631578947367,19,euclidean,uniform
1547,7704,7705,0,0,0.47368421052631576,19,euclidean,uniform
1548,7711,7712,0,0,0.47368421052631576,19,euclidean,uniform
1549,7713,7714,0,0,0.10526315789473684,19,euclidean,uniform
1550,7715,7716,0,0,0.10526315789473684,19,euclidean,uniform
1551,7716,7717,0,0,0.052631578947368418,19,euclidean,uniform
1552,7719,7720,0,0,0,19,euclidean,uniform
1553,7728,7729,0,0,0.052631578947368418,19,euclidean,uniform
1554,7749,7750,1,0,0.052631578947368418,19,euclidean,uniform
1555,7750,7751,0,0,0.26315789473684209,19,euclidean,uniform
1556,7759,7760,0,0,0.42105263157894735,19,euclidean,uniform
1557,7773,7774,0,0,0.31578947368421051,19,euclidean,uniform
1558,7776,7777,1,0,0.26315789473684209,19,euclidean,uniform
1559,7777,7778,1,0,0.10526315789473684,19,euclidean,uniform
1560,7778,7779,0,0,0,19,euclidean,uniform
1561,7784,7785,1,0,0.15789473684210525,19,euclidean,uniform
1562,7785,7786,1,0,0.47368421052631576,19,euclidean,uniform
1563,7794,7795,0,0,0.052631578947368418,19,euclidean,uniform
1564,7795,7796,0,0,0.15789473684210525,19,euclidean,uniform
1565,7798,7799,0,0,0.21052631578947367,19,euclidean,uniform
1566,7802,7803,1,1,0.78947368421052633,19,euclidean,uniform
1567,7814,7815,0,0,0.21052631578947367,19,euclidean,uniform
1568,7837,7838,0,0,0,19,euclidean,uniform
1569,7840,7841,0,0,0.10526315789473684,19,euclidean,uniform
1570,7851,7852,0,0,0.21052631578947367,19,euclidean,uniform
1571,7855,7856,0,0,0.15789473684210525,19,euclidean,uniform
1572,7857,7858,0,1,0.52631578947368418,19,euclidean,uniform
1573,7863,7864,0,0,0.052631578947368418,19,euclidean,uniform
1574,7866,7867,0,0,0.10526315789473684,19,euclidean,uniform
1575,7884,7885,0,0,0.052631578947368418,19,euclidean,uniform
1576,7890,7891,0,0,0.15789473684210525,19,euclidean,uniform
1577,7891,7892,0,0,0.15789473684210525,19,euclidean,uniform
1578,7903,7904,0,0,0.31578947368421051,19,euclidean,uniform
1579,7914,7915,0,0,0,19,euclidean,uniform
1580,7915,7916,0,0,0,19,euclidean,uniform
1581,7917,7918,0,0,0,19,euclidean,uniform
1582,7921,7922,1,0,0.10526315789473684,19,euclidean,uniform
1583,7928,7929,1,0,0.26315789473684209,19,euclidean,uniform
1584,7931,7932,0,0,0.052631578947368418,19,euclidean,uniform
1585,7934,7935,1,0,0.42105263157894735,19,euclidean,uniform
1586,7937,7938,0,0,0.10526315789473684,19,euclidean,uniform
1587,7938,7939,0,0,0,19,euclidean,uniform
1588,7945,7946,1,0,0.21052631578947367,19,euclidean,uniform
1589,7947,7948,0,0,0.21052631578947367,19,euclidean,uniform
1590,7955,7956,0,0,0.47368421052631576,19,euclidean,uniform
1591,7958,7959,0,0,0.15789473684210525,19,euclidean,uniform
1592,7959,7960,0,1,0.68421052631578949,19,euclidean,uniform
1593,7973,7974,0,0,0.47368421052631576,19,euclidean,uniform
1594,7974,7975,0,0,0.052631578947368418,19,euclidean,uniform
1595,7982,7983,0,1,0.57894736842105265,19,euclidean,uniform
1596,8003,8004,0,0,0.21052631578947367,19,euclidean,uniform
1597,8004,8005,1,0,0.052631578947368418,19,euclidean,uniform
1598,8020,8021,1,0,0.10526315789473684,19,euclidean,uniform
1599,8022,8023,0,0,0.21052631578947367,19,euclidean,uniform
1600,8033,8034,0,0,0.052631578947368418,19,euclidean,uniform
1601,8037,8038,0,0,0.15789473684210525,19,euclidean,uniform
1602,8043,8044,1,0,0.15789473684210525,19,euclidean,uniform
1603,8044,8045,0,0,0.21052631578947367,19,euclidean,uniform
1604,8046,8047,0,1,0.68421052631578949,19,euclidean,uniform
1605,8048,8049,1,1,0.73684210526315785,19,euclidean,uniform
1606,8055,8056,1,0,0.10526315789473684,19,euclidean,uniform
1607,8061,8062,0,0,0.26315789473684209,19,euclidean,uniform
1608,8064,8065,0,0,0.21052631578947367,19,euclidean,uniform
1609,8066,8067,0,0,0.052631578947368418,19,euclidean,uniform
1610,8071,8072,0,0,0.15789473684210525,19,euclidean,uniform
1611,8072,8073,0,0,0.21052631578947367,19,euclidean,uniform
1612,8075,8076,0,0,0.36842105263157893,19,euclidean,uniform
1613,8080,8081,0,0,0.052631578947368418,19,euclidean,uniform
1614,8085,8086,0,0,0.15789473684210525,19,euclidean,uniform
1615,8090,8091,1,1,0.57894736842105265,19,euclidean,uniform
1616,8091,8092,0,0,0.26315789473684209,19,euclidean,uniform
1617,8100,8101,0,0,0.10526315789473684,19,euclidean,uniform
1618,8107,8108,0,0,0.21052631578947367,19,euclidean,uniform
1619,8116,8117,0,0,0.10526315789473684,19,euclidean,uniform
1620,8117,8118,1,1,0.63157894736842102,19,euclidean,uniform
1621,8118,8119,1,0,0.052631578947368418,19,euclidean,uniform
1622,8119,8120,0,0,0.052631578947368418,19,euclidean,uniform
1623,8120,8121,0,0,0.10526315789473684,19,euclidean,uniform
1624,8121,8122,0,0,0.10526315789473684,19,euclidean,uniform
1625,8128,8129,0,0,0.15789473684210525,19,euclidean,uniform
1626,8129,8130,0,1,0.78947368421052633,19,euclidean,uniform
1627,8141,8142,0,0,0.31578947368421051,19,euclidean,uniform
1628,8143,8144,0,0,0.26315789473684209,19,euclidean,uniform
1629,8146,8147,0,0,0.21052631578947367,19,euclidean,uniform
1630,8147,8148,1,0,0,19,euclidean,uniform
1631,8148,8149,1,0,0.36842105263157893,19,euclidean,uniform
1632,8149,8150,0,0,0.052631578947368418,19,euclidean,uniform
1633,8164,8165,0,0,0.26315789473684209,19,euclidean,uniform
1634,8169,8170,0,0,0.26315789473684209,19,euclidean,uniform
1635,8170,8171,0,0,0.10526315789473684,19,euclidean,uniform
1636,8171,8172,1,0,0.42105263157894735,19,euclidean,uniform
1637,8175,8176,1,0,0.052631578947368418,19,euclidean,uniform
1638,8178,8179,1,1,0.78947368421052633,19,euclidean,uniform
1639,8180,8181,1,0,0.15789473684210525,19,euclidean,uniform
1640,8183,8184,0,0,0.21052631578947367,19,euclidean,uniform
1641,8186,8187,0,0,0,19,euclidean,uniform
1642,8187,8188,1,0,0,19,euclidean,uniform
1643,8198,8199,0,0,0.10526315789473684,19,euclidean,uniform
1644,8204,8205,0,0,0.21052631578947367,19,euclidean,uniform
1645,8206,8207,0,0,0.26315789473684209,19,euclidean,uniform
1646,8214,8215,0,0,0.052631578947368418,19,euclidean,uniform
1647,8218,8219,0,0,0.052631578947368418,19,euclidean,uniform
1648,8220,8221,0,0,0,19,euclidean,uniform
1649,8224,8225,0,1,0.63157894736842102,19,euclidean,uniform
1650,8226,8227,0,0,0.21052631578947367,19,euclidean,uniform
1651,8227,8228,1,0,0.15789473684210525,19,euclidean,uniform
1652,8253,8254,0,0,0.10526315789473684,19,euclidean,uniform
1653,8254,8255,0,0,0.21052631578947367,19,euclidean,uniform
1654,8259,8260,1,0,0.31578947368421051,19,euclidean,uniform
1655,8266,8267,0,0,0.10526315789473684,19,euclidean,uniform
1656,8272,8273,0,0,0.15789473684210525,19,euclidean,uniform
1657,8273,8274,0,0,0.052631578947368418,19,euclidean,uniform
1658,8279,8280,0,0,0.052631578947368418,19,euclidean,uniform
1659,8283,8284,0,0,0.15789473684210525,19,euclidean,uniform
1660,8288,8289,1,0,0.052631578947368418,19,euclidean,uniform
1661,8290,8291,0,0,0,19,euclidean,uniform
1662,8292,8293,1,0,0.21052631578947367,19,euclidean,uniform
1663,8295,8296,1,1,0.73684210526315785,19,euclidean,uniform
1664,8299,8300,0,0,0.052631578947368418,19,euclidean,uniform
1665,8301,8302,0,0,0.052631578947368418,19,euclidean,uniform
1666,8310,8311,0,0,0.052631578947368418,19,euclidean,uniform
1667,8312,8313,0,0,0.052631578947368418,19,euclidean,uniform
1668,8316,8317,0,0,0.26315789473684209,19,euclidean,uniform
1669,8317,8318,0,0,0.10526315789473684,19,euclidean,uniform
1670,8320,8321,1,0,0.36842105263157893,19,euclidean,uniform
1671,8324,8325,0,0,0.15789473684210525,19,euclidean,uniform
1672,8331,8332,0,0,0.15789473684210525,19,euclidean,uniform
1673,8343,8344,0,0,0.26315789473684209,19,euclidean,uniform
1674,8349,8350,0,0,0.15789473684210525,19,euclidean,uniform
1675,8351,8352,0,0,0,19,euclidean,uniform
1676,8354,8355,0,0,0,19,euclidean,uniform
1677,8356,8357,0,0,0.42105263157894735,19,euclidean,uniform
1678,8372,8373,0,0,0.10526315789473684,19,euclidean,uniform
1679,8378,8379,0,0,0.10526315789473684,19,euclidean,uniform
1680,8388,8389,1,0,0.052631578947368418,19,euclidean,uniform
1681,8400,8401,0,1,0.63157894736842102,19,euclidean,uniform
1682,8403,8404,0,0,0.21052631578947367,19,euclidean,uniform
1683,8409,8410,0,0,0.052631578947368418,19,euclidean,uniform
1684,8422,8423,0,0,0.10526315789473684,19,euclidean,uniform
1685,8431,8432,0,0,0.15789473684210525,19,euclidean,uniform
1686,8432,8433,0,0,0.26315789473684209,19,euclidean,uniform
1687,8434,8435,0,0,0.15789473684210525,19,euclidean,uniform
1688,8438,8439,0,0,0.052631578947368418,19,euclidean,uniform
1689,8441,8442,0,0,0.36842105263157893,19,euclidean,uniform
1690,8446,8447,1,0,0.31578947368421051,19,euclidean,uniform
1691,8450,8451,0,0,0.052631578947368418,19,euclidean,uniform
1692,8453,8454,1,0,0.15789473684210525,19,euclidean,uniform
1693,8463,8464,0,0,0.10526315789473684,19,euclidean,uniform
1694,8464,8465,0,0,0.052631578947368418,19,euclidean,uniform
1695,8465,8466,0,0,0.052631578947368418,19,euclidean,uniform
1696,8468,8469,1,1,0.63157894736842102,19,euclidean,uniform
1697,8470,8471,1,1,0.84210526315789469,19,euclidean,uniform
1698,8477,8478,0,0,0,19,euclidean,uniform
1699,8480,8481,0,0,0.15789473684210525,19,euclidean,uniform
1700,8488,8489,0,0,0.052631578947368418,19,euclidean,uniform
1701,8489,8490,0,0,0.26315789473684209,19,euclidean,uniform
1702,8494,8495,0,0,0.47368421052631576,19,euclidean,uniform
1703,8496,8497,0,0,0.21052631578947367,19,euclidean,uniform
1704,8497,8498,0,0,0.21052631578947367,19,euclidean,uniform
1705,8500,8501,0,0,0.10526315789473684,19,euclidean,uniform
1706,8513,8514,1,0,0.21052631578947367,19,euclidean,uniform
1707,8520,8521,1,1,0.73684210526315785,19,euclidean,uniform
1708,8522,8523,0,0,0.36842105263157893,19,euclidean,uniform
1709,8527,8528,0,0,0.10526315789473684,19,euclidean,uniform
1710,8529,8530,0,0,0.052631578947368418,19,euclidean,uniform
1711,8536,8537,0,0,0.052631578947368418,19,euclidean,uniform
1712,8539,8540,0,0,0.10526315789473684,19,euclidean,uniform
1713,8541,8542,1,0,0.10526315789473684,19,euclidean,uniform
1714,8549,8550,0,0,0.15789473684210525,19,euclidean,uniform
1715,8559,8560,0,0,0.15789473684210525,19,euclidean,uniform
1716,8561,8562,0,0,0.15789473684210525,19,euclidean,uniform
1717,8565,8566,0,0,0.052631578947368418,19,euclidean,uniform
1718,8566,8567,0,0,0.052631578947368418,19,euclidean,uniform
1719,8568,8569,0,0,0.15789473684210525,19,euclidean,uniform
1720,8569,8570,0,0,0.052631578947368418,19,euclidean,uniform
1721,8573,8574,1,1,0.68421052631578949,19,euclidean,uniform
1722,8574,8575,1,0,0.15789473684210525,19,euclidean,uniform
1723,8579,8580,0,0,0.15789473684210525,19,euclidean,uniform
1724,8583,8584,0,0,0.15789473684210525,19,euclidean,uniform
1725,8599,8600,1,1,0.57894736842105265,19,euclidean,uniform
1726,8608,8609,0,1,0.73684210526315785,19,euclidean,uniform
1727,8616,8617,1,0,0.15789473684210525,19,euclidean,uniform
1728,8632,8633,0,0,0.42105263157894735,19,euclidean,uniform
1729,8638,8639,0,0,0.052631578947368418,19,euclidean,uniform
1730,8642,8643,0,0,0,19,euclidean,uniform
1731,8648,8649,0,0,0.10526315789473684,19,euclidean,uniform
1732,8656,8657,0,1,0.63157894736842102,19,euclidean,uniform
1733,8657,8658,1,0,0.052631578947368418,19,euclidean,uniform
1734,8659,8660,0,0,0.36842105263157893,19,euclidean,uniform
1735,8662,8663,0,0,0.21052631578947367,19,euclidean,uniform
1736,8663,8664,0,0,0,19,euclidean,uniform
1737,8667,8668,1,0,0.10526315789473684,19,euclidean,uniform
1738,8675,8676,0,0,0.15789473684210525,19,euclidean,uniform
1739,8681,8682,0,0,0.15789473684210525,19,euclidean,uniform
1740,8683,8684,0,0,0.052631578947368418,19,euclidean,uniform
1741,8684,8685,0,0,0.21052631578947367,19,euclidean,uniform
1742,8689,8690,1,0,0.10526315789473684,19,euclidean,uniform
1743,8698,8699,0,0,0.052631578947368418,19,euclidean,uniform
1744,8715,8716,0,0,0.052631578947368418,19,euclidean,uniform
1745,8719,8720,0,0,0,19,euclidean,uniform
1746,8723,8724,0,1,0.52631578947368418,19,euclidean,uniform
1747,8725,8726,1,0,0.052631578947368418,19,euclidean,uniform
1748,8726,8727,0,0,0.21052631578947367,19,euclidean,uniform
1749,8728,8729,0,0,0.21052631578947367,19,euclidean,uniform
1750,8730,8731,0,0,0.15789473684210525,19,euclidean,uniform
1751,8738,8739,0,0,0.21052631578947367,19,euclidean,uniform
1752,8753,8754,0,0,0.10526315789473684,19,euclidean,uniform
1753,8755,8756,1,1,0.52631578947368418,19,euclidean,uniform
1754,8757,8758,0,0,0,19,euclidean,uniform
1755,8760,8761,0,0,0,19,euclidean,uniform
1756,8767,8768,0,0,0.31578947368421051,19,euclidean,uniform
1757,8770,8771,0,0,0.21052631578947367,19,euclidean,uniform
1758,8774,8775,0,0,0.10526315789473684,19,euclidean,uniform
1759,8779,8780,0,0,0.10526315789473684,19,euclidean,uniform
1760,8783,8784,0,0,0.15789473684210525,19,euclidean,uniform
1761,8787,8788,0,0,0.052631578947368418,19,euclidean,uniform
1762,8788,8789,1,1,0.68421052631578949,19,euclidean,uniform
1763,8803,8804,0,0,0.36842105263157893,19,euclidean,uniform
1764,8808,8809,1,1,0.57894736842105265,19,euclidean,uniform
1765,8809,8810,0,0,0.10526315789473684,19,euclidean,uniform
1766,8811,8812,1,0,0.21052631578947367,19,euclidean,uniform
1767,8813,8814,0,0,0.15789473684210525,19,euclidean,uniform
1768,8817,8818,1,0,0.15789473684210525,19,euclidean,uniform
1769,8821,8822,1,1,0.78947368421052633,19,euclidean,uniform
1770,8833,8834,0,0,0.15789473684210525,19,euclidean,uniform
1771,8836,8837,0,0,0.052631578947368418,19,euclidean,uniform
1772,8840,8841,0,0,0.21052631578947367,19,euclidean,uniform
1773,8855,8856,1,0,0.10526315789473684,19,euclidean,uniform
1774,8856,8857,1,1,0.84210526315789469,19,euclidean,uniform
1775,8860,8861,0,0,0.10526315789473684,19,euclidean,uniform
1776,8865,8866,1,0,0.21052631578947367,19,euclidean,uniform
1777,8872,8873,0,0,0,19,euclidean,uniform
1778,8873,8874,0,0,0.052631578947368418,19,euclidean,uniform
1779,8887,8888,0,0,0.21052631578947367,19,euclidean,uniform
1780,8889,8890,0,0,0.10526315789473684,19,euclidean,uniform
1781,8894,8895,0,0,0.10526315789473684,19,euclidean,uniform
1782,8897,8898,0,0,0.15789473684210525,19,euclidean,uniform
1783,8902,8903,0,0,0.21052631578947367,19,euclidean,uniform
1784,8907,8908,0,0,0.26315789473684209,19,euclidean,uniform
1785,8914,8915,0,0,0.10526315789473684,19,euclidean,uniform
1786,8924,8925,0,0,0,19,euclidean,uniform
1787,8932,8933,1,1,0.63157894736842102,19,euclidean,uniform
1788,8942,8943,0,0,0.10526315789473684,19,euclidean,uniform
1789,8946,8947,0,0,0.15789473684210525,19,euclidean,uniform
1790,8947,8948,1,0,0.26315789473684209,19,euclidean,uniform
1791,8950,8951,0,0,0,19,euclidean,uniform
1792,8957,8958,0,0,0.052631578947368418,19,euclidean,uniform
1793,8958,8959,1,0,0.052631578947368418,19,euclidean,uniform
1794,8962,8963,0,0,0.26315789473684209,19,euclidean,uniform
1795,8973,8974,0,1,0.73684210526315785,19,euclidean,uniform
1796,8980,8981,0,0,0,19,euclidean,uniform
1797,8982,8983,0,0,0.15789473684210525,19,euclidean,uniform
1798,8986,8987,0,0,0.10526315789473684,19,euclidean,uniform
1799,8989,8990,0,0,0.15789473684210525,19,euclidean,uniform
1800,8990,8991,0,0,0.052631578947368418,19,euclidean,uniform
1801,8998,8999,1,0,0.42105263157894735,19,euclidean,uniform
1802,8999,9000,0,0,0.15789473684210525,19,euclidean,uniform
1803,9000,9001,0,0,0.31578947368421051,19,euclidean,uniform
1804,9001,9002,0,0,0.15789473684210525,19,euclidean,uniform
1805,9002,9003,1,0,0.21052631578947367,19,euclidean,uniform
1806,9003,9004,0,0,0.47368421052631576,19,euclidean,uniform
1807,9006,9007,1,1,0.73684210526315785,19,euclidean,uniform
1808,9010,9011,0,0,0.26315789473684209,19,euclidean,uniform
1809,9011,9012,1,0,0.36842105263157893,19,euclidean,uniform
1810,9012,9013,0,1,0.57894736842105265,19,euclidean,uniform
1811,9013,9014,0,0,0.21052631578947367,19,euclidean,uniform
1812,9015,9016,0,0,0.10526315789473684,19,euclidean,uniform
1813,9020,9021,0,0,0,19,euclidean,uniform
1814,9030,9031,0,0,0.10526315789473684,19,euclidean,uniform
1815,9031,9032,1,1,0.52631578947368418,19,euclidean,uniform
1816,9032,9033,0,0,0.10526315789473684,19,euclidean,uniform
1817,9035,9036,0,0,0.15789473684210525,19,euclidean,uniform
1818,9036,9037,0,0,0.15789473684210525,19,euclidean,uniform
1819,9037,9038,0,1,0.57894736842105265,19,euclidean,uniform
1820,9043,9044,1,0,0.31578947368421051,19,euclidean,uniform
1821,9044,9045,0,0,0.15789473684210525,19,euclidean,uniform
1822,9050,9051,0,0,0.31578947368421051,19,euclidean,uniform
1823,9061,9062,0,0,0.47368421052631576,19,euclidean,uniform
1824,9062,9063,1,1,0.73684210526315785,19,euclidean,uniform
1825,9073,9074,0,0,0.47368421052631576,19,euclidean,uniform
1826,9079,9080,0,1,0.89473684210526316,19,euclidean,uniform
1827,9089,9090,1,1,0.63157894736842102,19,euclidean,uniform
1828,9091,9092,0,0,0.21052631578947367,19,euclidean,uniform
1829,9093,9094,1,0,0.42105263157894735,19,euclidean,uniform
1830,9095,9096,1,0,0.21052631578947367,19,euclidean,uniform
1831,9097,9098,0,0,0.26315789473684209,19,euclidean,uniform
1832,9099,9100,0,0,0.10526315789473684,19,euclidean,uniform
1833,9103,9104,0,0,0.15789473684210525,19,euclidean,uniform
1834,9105,9106,1,0,0.052631578947368418,19,euclidean,uniform
1835,9110,9111,1,1,0.78947368421052633,19,euclidean,uniform
1836,9112,9113,0,0,0.26315789473684209,19,euclidean,uniform
1837,9117,9118,0,0,0.10526315789473684,19,euclidean,uniform
1838,9130,9131,1,1,0.68421052631578949,19,euclidean,uniform
1839,9132,9133,0,0,0.15789473684210525,19,euclidean,uniform
1840,9134,9135,0,0,0,19,euclidean,uniform
1841,9135,9136,0,0,0.15789473684210525,19,euclidean,uniform
1842,9136,9137,0,0,0.21052631578947367,19,euclidean,uniform
1843,9137,9138,0,0,0.10526315789473684,19,euclidean,uniform
1844,9142,9143,1,1,0.57894736842105265,19,euclidean,uniform
1845,9146,9147,1,1,0.73684210526315785,19,euclidean,uniform
1846,9154,9155,0,0,0.052631578947368418,19,euclidean,uniform
1847,9157,9158,0,0,0.052631578947368418,19,euclidean,uniform
1848,9165,9166,0,0,0.21052631578947367,19,euclidean,uniform
1849,9177,9178,0,0,0.15789473684210525,19,euclidean,uniform
1850,9182,9183,0,0,0.10526315789473684,19,euclidean,uniform
1851,9184,9185,1,0,0.10526315789473684,19,euclidean,uniform
1852,9186,9187,0,0,0.10526315789473684,19,euclidean,uniform
1853,9188,9189,0,0,0.47368421052631576,19,euclidean,uniform
1854,9190,9191,1,1,0.78947368421052633,19,euclidean,uniform
1855,9191,9192,0,0,0.10526315789473684,19,euclidean,uniform
1856,9200,9201,0,0,0.15789473684210525,19,euclidean,uniform
1857,9205,9206,0,0,0.26315789473684209,19,euclidean,uniform
1858,9209,9210,0,0,0.052631578947368418,19,euclidean,uniform
1859,9210,9211,1,0,0.26315789473684209,19,euclidean,uniform
1860,9215,9216,1,0,0.10526315789473684,19,euclidean,uniform
1861,9218,9219,1,0,0.10526315789473684,19,euclidean,uniform
1862,9229,9230,0,0,0.15789473684210525,19,euclidean,uniform
1863,9233,9234,0,1,0.57894736842105265,19,euclidean,uniform
1864,9236,9237,0,0,0.31578947368421051,19,euclidean,uniform
1865,9238,9239,0,0,0,19,euclidean,uniform
1866,9240,9241,0,0,0.052631578947368418,19,euclidean,uniform
1867,9245,9246,0,0,0.052631578947368418,19,euclidean,uniform
1868,9246,9247,1,0,0.36842105263157893,19,euclidean,uniform
1869,9250,9251,0,0,0.10526315789473684,19,euclidean,uniform
1870,9251,9252,0,1,0.52631578947368418,19,euclidean,uniform
1871,9267,9268,0,0,0.052631578947368418,19,euclidean,uniform
1872,9273,9274,0,0,0.052631578947368418,19,euclidean,uniform
1873,9274,9275,0,0,0.21052631578947367,19,euclidean,uniform
1874,9276,9277,0,0,0.052631578947368418,19,euclidean,uniform
1875,9281,9282,0,0,0.26315789473684209,19,euclidean,uniform
1876,9284,9285,0,0,0.10526315789473684,19,euclidean,uniform
1877,9286,9287,1,1,1,19,euclidean,uniform
1878,9291,9292,0,0,0.15789473684210525,19,euclidean,uniform
1879,9306,9307,0,0,0.26315789473684209,19,euclidean,uniform
1880,9309,9310,0,0,0.052631578947368418,19,euclidean,uniform
1881,9314,9315,1,0,0.10526315789473684,19,euclidean,uniform
1882,9319,9320,0,0,0,19,euclidean,uniform
1883,9324,9325,0,0,0.15789473684210525,19,euclidean,uniform
1884,9333,9334,0,0,0.052631578947368418,19,euclidean,uniform
1885,9335,9336,0,0,0.15789473684210525,19,euclidean,uniform
1886,9342,9343,0,0,0.21052631578947367,19,euclidean,uniform
1887,9353,9354,0,0,0.15789473684210525,19,euclidean,uniform
1888,9356,9357,1,0,0.10526315789473684,19,euclidean,uniform
1889,9358,9359,0,0,0.052631578947368418,19,euclidean,uniform
1890,9371,9372,0,0,0.21052631578947367,19,euclidean,uniform
1891,9385,9386,1,1,0.78947368421052633,19,euclidean,uniform
1892,9386,9387,0,0,0.26315789473684209,19,euclidean,uniform
1893,9389,9390,0,1,0.68421052631578949,19,euclidean,uniform
1894,9393,9394,0,0,0.10526315789473684,19,euclidean,uniform
1895,9401,9402,0,0,0.15789473684210525,19,euclidean,uniform
1896,9416,9417,0,0,0.052631578947368418,19,euclidean,uniform
1897,9420,9421,0,0,0.21052631578947367,19,euclidean,uniform
1898,9425,9426,0,0,0.31578947368421051,19,euclidean,uniform
1899,9426,9427,0,0,0.26315789473684209,19,euclidean,uniform
1900,9446,9447,0,0,0.31578947368421051,19,euclidean,uniform
1901,9447,9448,0,0,0.26315789473684209,19,euclidean,uniform
1902,9449,9450,1,0,0.052631578947368418,19,euclidean,uniform
1903,9450,9451,0,0,0.052631578947368418,19,euclidean,uniform
1904,9464,9465,0,0,0.10526315789473684,19,euclidean,uniform
1905,9475,9476,1,0,0.47368421052631576,19,euclidean,uniform
1906,9479,9480,1,0,0.31578947368421051,19,euclidean,uniform
1907,9489,9490,0,0,0.052631578947368418,19,euclidean,uniform
1908,9492,9493,1,1,0.57894736842105265,19,euclidean,uniform
1909,9495,9496,0,0,0.10526315789473684,19,euclidean,uniform
1910,9497,9498,0,0,0,19,euclidean,uniform
1911,9502,9503,0,0,0.10526315789473684,19,euclidean,uniform
1912,9504,9505,0,0,0.052631578947368418,19,euclidean,uniform
1913,9507,9508,0,0,0.31578947368421051,19,euclidean,uniform
1914,9509,9510,0,0,0.15789473684210525,19,euclidean,uniform
1915,9517,9518,1,1,0.68421052631578949,19,euclidean,uniform
1916,9521,9522,0,0,0.36842105263157893,19,euclidean,uniform
1917,9526,9527,0,0,0.10526315789473684,19,euclidean,uniform
1918,9528,9529,0,0,0.36842105263157893,19,euclidean,uniform
1919,9531,9532,1,0,0.10526315789473684,19,euclidean,uniform
1920,9541,9542,0,0,0.10526315789473684,19,euclidean,uniform
1921,9550,9551,0,1,0.84210526315789469,19,euclidean,uniform
1922,9552,9553,0,0,0.15789473684210525,19,euclidean,uniform
1923,9554,9555,0,0,0.052631578947368418,19,euclidean,uniform
1924,9563,9564,0,0,0.15789473684210525,19,euclidean,uniform
1925,9566,9567,1,0,0.26315789473684209,19,euclidean,uniform
1926,9569,9570,0,0,0.052631578947368418,19,euclidean,uniform
1927,9581,9582,0,0,0.26315789473684209,19,euclidean,uniform
1928,9588,9589,0,0,0.15789473684210525,19,euclidean,uniform
1929,9592,9593,0,0,0.052631578947368418,19,euclidean,uniform
1930,9596,9597,0,0,0.31578947368421051,19,euclidean,uniform
1931,9598,9599,0,0,0.052631578947368418,19,euclidean,uniform
1932,9601,9602,0,0,0.15789473684210525,19,euclidean,uniform
1933,9609,9610,1,0,0.47368421052631576,19,euclidean,uniform
1934,9622,9623,0,0,0.15789473684210525,19,euclidean,uniform
1935,9625,9626,1,0,0.15789473684210525,19,euclidean,uniform
1936,9634,9635,0,0,0.10526315789473684,19,euclidean,uniform
1937,9641,9642,0,0,0.10526315789473684,19,euclidean,uniform
1938,9663,9664,0,0,0,19,euclidean,uniform
1939,9669,9670,0,0,0.21052631578947367,19,euclidean,uniform
1940,9671,9672,0,1,0.84210526315789469,19,euclidean,uniform
1941,9678,9679,0,0,0.10526315789473684,19,euclidean,uniform
1942,9681,9682,0,0,0,19,euclidean,uniform
1943,9713,9714,0,0,0.15789473684210525,19,euclidean,uniform
1944,9715,9716,0,0,0.42105263157894735,19,euclidean,uniform
1945,9718,9719,1,0,0.26315789473684209,19,euclidean,uniform
1946,9721,9722,1,0,0.15789473684210525,19,euclidean,uniform
1947,9722,9723,0,0,0.10526315789473684,19,euclidean,uniform
1948,9726,9727,1,0,0.15789473684210525,19,euclidean,uniform
1949,9728,9729,0,0,0.21052631578947367,19,euclidean,uniform
1950,9742,9743,0,0,0.052631578947368418,19,euclidean,uniform
1951,9743,9744,0,0,0.15789473684210525,19,euclidean,uniform
1952,9759,9760,1,0,0,19,euclidean,uniform
1953,9760,9761,0,0,0.10526315789473684,19,euclidean,uniform
1954,9761,9762,0,1,0.52631578947368418,19,euclidean,uniform
1955,9762,9763,1,0,0.15789473684210525,19,euclidean,uniform
1956,9766,9767,0,0,0.21052631578947367,19,euclidean,uniform
1957,9779,9780,0,0,0.42105263157894735,19,euclidean,uniform
1958,9783,9784,0,0,0.15789473684210525,19,euclidean,uniform
1959,9795,9796,1,0,0.10526315789473684,19,euclidean,uniform
1960,9797,9798,0,0,0,19,euclidean,uniform
1961,9801,9802,1,0,0.10526315789473684,19,euclidean,uniform
1962,9808,9809,0,0,0.10526315789473684,19,euclidean,uniform
1963,9810,9811,0,0,0.21052631578947367,19,euclidean,uniform
1964,9818,9819,0,0,0.10526315789473684,19,euclidean,uniform
1965,9825,9826,0,0,0.15789473684210525,19,euclidean,uniform
1966,9827,9828,0,0,0.21052631578947367,19,euclidean,uniform
1967,9835,9836,0,0,0.15789473684210525,19,euclidean,uniform
1968,9836,9837,0,0,0.10526315789473684,19,euclidean,uniform
1969,9837,9838,0,0,0.15789473684210525,19,euclidean,uniform
1970,9844,9845,0,0,0.052631578947368418,19,euclidean,uniform
1971,9853,9854,0,0,0.052631578947368418,19,euclidean,uniform
1972,9856,9857,1,1,0.73684210526315785,19,euclidean,uniform
1973,9857,9858,1,1,0.68421052631578949,19,euclidean,uniform
1974,9873,9874,0,0,0.21052631578947367,19,euclidean,uniform
1975,9882,9883,0,0,0.21052631578947367,19,euclidean,uniform
1976,9888,9889,0,0,0.26315789473684209,19,euclidean,uniform
1977,9890,9891,0,0,0,19,euclidean,uniform
1978,9897,9898,1,0,0,19,euclidean,uniform
1979,9910,9911,0,0,0.21052631578947367,19,euclidean,uniform
1980,9911,9912,0,0,0.10526315789473684,19,euclidean,uniform
1981,9917,9918,0,0,0.47368421052631576,19,euclidean,uniform
1982,9923,9924,0,0,0.15789473684210525,19,euclidean,uniform
1983,9933,9934,1,0,0.10526315789473684,19,euclidean,uniform
1984,9935,9936,0,0,0.10526315789473684,19,euclidean,uniform
1985,9936,9937,0,0,0.15789473684210525,19,euclidean,uniform
1986,9941,9942,0,0,0,19,euclidean,uniform
1987,9960,9961,0,0,0,19,euclidean,uniform
1988,9966,9967,0,0,0,19,euclidean,uniform
1989,9969,9970,0,0,0.052631578947368418,19,euclidean,uniform
1990,9972,9973,1,0,0.10526315789473684,19,euclidean,uniform
1991,9990,9991,0,0,0,19,euclidean,uniform
1992,9995,9996,0,0,0.15789473684210525,19,euclidean,uniform
1993,10001,10002,0,0,0.26315789473684209,19,euclidean,uniform
1994,10019,10020,1,0,0.10526315789473684,19,euclidean,uniform
1995,10020,10021,0,0,0.21052631578947367,19,euclidean,uniform
1996,10023,10024,0,0,0.31578947368421051,19,euclidean,uniform
1997,10032,10033,1,0,0.15789473684210525,19,euclidean,uniform
1998,10044,10045,0,0,0.31578947368421051,19,euclidean,uniform
1999,10045,10046,0,0,0.052631578947368418,19,euclidean,uniform
2000,10046,10047,1,0,0.31578947368421051,19,euclidean,uniform
2001,10051,10052,0,0,0.15789473684210525,19,euclidean,uniform
2002,10057,10058,0,0,0.052631578947368418,19,euclidean,uniform
2003,10064,10065,1,0,0.15789473684210525,19,euclidean,uniform
2004,10075,10076,1,0,0,19,euclidean,uniform
2005,10077,10078,0,0,0.052631578947368418,19,euclidean,uniform
2006,10078,10079,0,0,0.052631578947368418,19,euclidean,uniform
2007,10087,10088,0,0,0.052631578947368418,19,euclidean,uniform
2008,10089,10090,0,0,0,19,euclidean,uniform
2009,10092,10093,0,0,0,19,euclidean,uniform
2010,10094,10095,0,0,0.052631578947368418,19,euclidean,uniform
2011,10095,10096,0,0,0.36842105263157893,19,euclidean,uniform
2012,10102,10103,1,1,0.78947368421052633,19,euclidean,uniform
2013,10103,10104,0,0,0.31578947368421051,19,euclidean,uniform
2014,10110,10111,0,0,0.31578947368421051,19,euclidean,uniform
2015,10114,10115,0,0,0.26315789473684209,19,euclidean,uniform
2016,10119,10120,0,0,0.21052631578947367,19,euclidean,uniform
2017,10130,10131,0,0,0.10526315789473684,19,euclidean,uniform
2018,10133,10134,0,0,0.31578947368421051,19,euclidean,uniform
2019,10135,10136,1,0,0.47368421052631576,19,euclidean,uniform
2020,10136,10137,0,0,0.21052631578947367,19,euclidean,uniform
2021,10138,10139,1,1,0.63157894736842102,19,euclidean,uniform
2022,10140,10141,1,0,0.15789473684210525,19,euclidean,uniform
2023,10142,10143,0,1,0.89473684210526316,19,euclidean,uniform
2024,10160,10161,0,0,0.052631578947368418,19,euclidean,uniform
2025,10163,10164,0,0,0,19,euclidean,uniform
2026,10164,10165,1,0,0.10526315789473684,19,euclidean,uniform
2027,10167,10168,1,0,0.31578947368421051,19,euclidean,uniform
2028,10185,10186,1,0,0,19,euclidean,uniform
2029,10186,10187,1,1,0.68421052631578949,19,euclidean,uniform
2030,10194,10195,1,1,0.68421052631578949,19,euclidean,uniform
2031,10203,10204,0,0,0.31578947368421051,19,euclidean,uniform
2032,10214,10215,0,0,0.10526315789473684,19,euclidean,uniform
2033,10218,10219,0,0,0.21052631578947367,19,euclidean,uniform
2034,10237,10238,0,0,0.31578947368421051,19,euclidean,uniform
2035,10239,10240,0,0,0.26315789473684209,19,euclidean,uniform
2036,10246,10247,0,0,0.10526315789473684,19,euclidean,uniform
2037,10254,10255,1,0,0.10526315789473684,19,euclidean,uniform
2038,10255,10256,0,0,0.15789473684210525,19,euclidean,uniform
2039,10257,10258,0,0,0.052631578947368418,19,euclidean,uniform
2040,10264,10265,0,0,0.31578947368421051,19,euclidean,uniform
2041,10271,10272,0,0,0.26315789473684209,19,euclidean,uniform
2042,10282,10283,0,0,0.052631578947368418,19,euclidean,uniform
2043,10285,10286,0,0,0,19,euclidean,uniform
2044,10287,10288,1,0,0.15789473684210525,19,euclidean,uniform
2045,10289,10290,0,0,0.10526315789473684,19,euclidean,uniform
2046,10295,10296,0,0,0.15789473684210525,19,euclidean,uniform
2047,10300,10301,0,0,0.15789473684210525,19,euclidean,uniform
2048,10303,10304,0,0,0.15789473684210525,19,euclidean,uniform
2049,10305,10306,0,0,0.10526315789473684,19,euclidean,uniform
2050,10308,10309,0,0,0.15789473684210525,19,euclidean,uniform
2051,10310,10311,0,0,0.052631578947368418,19,euclidean,uniform
2052,10311,10312,0,0,0,19,euclidean,uniform
2053,10313,10314,0,0,0.26315789473684209,19,euclidean,uniform
2054,10316,10317,1,1,0.52631578947368418,19,euclidean,uniform
2055,10319,10320,0,0,0.10526315789473684,19,euclidean,uniform
2056,10322,10323,0,0,0.42105263157894735,19,euclidean,uniform
2057,10323,10324,0,1,0.73684210526315785,19,euclidean,uniform
2058,10324,10325,0,0,0.10526315789473684,19,euclidean,uniform
2059,10328,10329,0,0,0.21052631578947367,19,euclidean,uniform
2060,10329,10330,0,1,0.52631578947368418,19,euclidean,uniform
2061,10337,10338,1,1,0.84210526315789469,19,euclidean,uniform
2062,10342,10343,0,0,0.21052631578947367,19,euclidean,uniform
2063,10343,10344,0,0,0.10526315789473684,19,euclidean,uniform
2064,10349,10350,1,0,0.15789473684210525,19,euclidean,uniform
2065,10355,10356,0,0,0.052631578947368418,19,euclidean,uniform
2066,10357,10358,0,0,0.15789473684210525,19,euclidean,uniform
2067,10367,10368,1,0,0,19,euclidean,uniform
2068,10370,10371,0,0,0.15789473684210525,19,euclidean,uniform
2069,10372,10373,0,0,0.15789473684210525,19,euclidean,uniform
2070,10375,10376,0,0,0.052631578947368418,19,euclidean,uniform
2071,10385,10386,0,0,0.10526315789473684,19,euclidean,uniform
2072,10388,10389,1,0,0.26315789473684209,19,euclidean,uniform
2073,10389,10390,1,1,0.68421052631578949,19,euclidean,uniform
2074,10393,10394,0,0,0.15789473684210525,19,euclidean,uniform
2075,10414,10415,0,0,0.36842105263157893,19,euclidean,uniform
2076,10416,10417,0,0,0,19,euclidean,uniform
2077,10420,10421,0,0,0.15789473684210525,19,euclidean,uniform
2078,10426,10427,0,0,0.21052631578947367,19,euclidean,uniform
2079,10428,10429,0,0,0.052631578947368418,19,euclidean,uniform
2080,10432,10433,1,0,0.10526315789473684,19,euclidean,uniform
2081,10439,10440,1,0,0.21052631578947367,19,euclidean,uniform
2082,10449,10450,0,0,0.21052631578947367,19,euclidean,uniform
2083,10465,10466,0,0,0.052631578947368418,19,euclidean,uniform
2084,10467,10468,0,1,0.63157894736842102,19,euclidean,uniform
2085,10475,10476,0,0,0.26315789473684209,19,euclidean,uniform
2086,10483,10484,0,0,0.10526315789473684,19,euclidean,uniform
2087,10487,10488,1,0,0.10526315789473684,19,euclidean,uniform
2088,10490,10491,0,1,0.73684210526315785,19,euclidean,uniform
2089,10493,10494,0,0,0.10526315789473684,19,euclidean,uniform
2090,10507,10508,1,0,0.10526315789473684,19,euclidean,uniform
2091,10516,10517,0,0,0.10526315789473684,19,euclidean,uniform
2092,10518,10519,0,0,0.21052631578947367,19,euclidean,uniform
2093,10521,10522,1,1,0.84210526315789469,19,euclidean,uniform
2094,10522,10523,0,0,0.15789473684210525,19,euclidean,uniform
2095,10530,10531,0,0,0.15789473684210525,19,euclidean,uniform
2096,10532,10533,0,0,0.15789473684210525,19,euclidean,uniform
2097,10544,10545,0,0,0.052631578947368418,19,euclidean,uniform
2098,10545,10546,0,0,0.26315789473684209,19,euclidean,uniform
2099,10550,10551,0,0,0.052631578947368418,19,euclidean,uniform
2100,10555,10556,0,0,0.10526315789473684,19,euclidean,uniform
2101,10565,10566,0,0,0.15789473684210525,19,euclidean,uniform
2102,10571,10572,1,0,0.15789473684210525,19,euclidean,uniform
2103,10575,10576,1,1,0.73684210526315785,19,euclidean,uniform
2104,10579,10580,0,0,0.21052631578947367,19,euclidean,uniform
2105,10582,10583,0,0,0.21052631578947367,19,euclidean,uniform
2106,10590,10591,0,0,0.26315789473684209,19,euclidean,uniform
2107,10592,10593,0,0,0.052631578947368418,19,euclidean,uniform
2108,10610,10611,0,0,0.26315789473684209,19,euclidean,uniform
2109,10612,10613,0,0,0.15789473684210525,19,euclidean,uniform
2110,10614,10615,0,0,0.10526315789473684,19,euclidean,uniform
2111,10616,10617,0,0,0.052631578947368418,19,euclidean,uniform
2112,10620,10621,0,0,0,19,euclidean,uniform
2113,10621,10622,0,0,0.052631578947368418,19,euclidean,uniform
2114,10622,10623,1,0,0.21052631578947367,19,euclidean,uniform
2115,10634,10635,0,0,0.10526315789473684,19,euclidean,uniform
2116,10635,10636,0,0,0.10526315789473684,19,euclidean,uniform
2117,10643,10644,0,0,0.36842105263157893,19,euclidean,uniform
2118,10649,10650,1,0,0.21052631578947367,19,euclidean,uniform
2119,10651,10652,0,0,0.10526315789473684,19,euclidean,uniform
2120,10652,10653,0,0,0.15789473684210525,19,euclidean,uniform
2121,10657,10658,0,0,0.10526315789473684,19,euclidean,uniform
2122,10658,10659,0,0,0.21052631578947367,19,euclidean,uniform
2123,10663,10664,1,1,0.89473684210526316,19,euclidean,uniform
2124,10670,10671,1,0,0,19,euclidean,uniform
2125,10673,10674,0,0,0.052631578947368418,19,euclidean,uniform
2126,10676,10677,0,0,0.052631578947368418,19,euclidean,uniform
2127,10686,10687,0,0,0.42105263157894735,19,euclidean,uniform
2128,10695,10696,1,1,0.57894736842105265,19,euclidean,uniform
2129,10714,10715,0,0,0.21052631578947367,19,euclidean,uniform
2130,10717,10718,0,0,0.21052631578947367,19,euclidean,uniform
2131,10718,10719,0,0,0.10526315789473684,19,euclidean,uniform
2132,10721,10722,0,0,0.052631578947368418,19,euclidean,uniform
2133,10723,10724,0,0,0,19,euclidean,uniform
2134,10726,10727,0,0,0.21052631578947367,19,euclidean,uniform
2135,10732,10733,1,0,0,19,euclidean,uniform
2136,10734,10735,0,0,0.052631578947368418,19,euclidean,uniform
2137,10735,10736,0,0,0.10526315789473684,19,euclidean,uniform
2138,10738,10739,0,0,0.21052631578947367,19,euclidean,uniform
2139,10739,10740,1,1,0.68421052631578949,19,euclidean,uniform
2140,10742,10743,0,0,0.21052631578947367,19,euclidean,uniform
2141,10745,10746,0,0,0.10526315789473684,19,euclidean,uniform
2142,10746,10747,0,0,0,19,euclidean,uniform
2143,10753,10754,1,0,0,19,euclidean,uniform
2144,10754,10755,0,0,0.15789473684210525,19,euclidean,uniform
2145,10757,10758,0,0,0.15789473684210525,19,euclidean,uniform
2146,10760,10761,0,0,0.26315789473684209,19,euclidean,uniform
2147,10761,10762,1,0,0.15789473684210525,19,euclidean,uniform
2148,10772,10773,0,0,0.47368421052631576,19,euclidean,uniform
2149,10782,10783,0,0,0.21052631578947367,19,euclidean,uniform
2150,10783,10784,0,0,0.052631578947368418,19,euclidean,uniform
2151,10789,10790,0,0,0.26315789473684209,19,euclidean,uniform
2152,10795,10796,0,0,0.10526315789473684,19,euclidean,uniform
2153,10814,10815,1,0,0.052631578947368418,19,euclidean,uniform
2154,10815,10816,1,1,0.73684210526315785,19,euclidean,uniform
2155,10819,10820,0,0,0.36842105263157893,19,euclidean,uniform
2156,10822,10823,1,1,0.52631578947368418,19,euclidean,uniform
2157,10824,10825,0,0,0.15789473684210525,19,euclidean,uniform
2158,10827,10828,0,0,0.26315789473684209,19,euclidean,uniform
2159,10830,10831,1,0,0.36842105263157893,19,euclidean,uniform
2160,10833,10834,1,0,0.42105263157894735,19,euclidean,uniform
2161,10834,10835,0,0,0.10526315789473684,19,euclidean,uniform
2162,10836,10837,0,0,0.31578947368421051,19,euclidean,uniform
2163,10858,10859,0,0,0.15789473684210525,19,euclidean,uniform
2164,10861,10862,1,1,0.68421052631578949,19,euclidean,uniform
2165,10862,10863,0,0,0.42105263157894735,19,euclidean,uniform
2166,10870,10871,1,1,0.89473684210526316,19,euclidean,uniform
2167,10874,10875,1,0,0.052631578947368418,19,euclidean,uniform
2168,10875,10876,1,0,0.052631578947368418,19,euclidean,uniform
2169,10878,10879,0,0,0.47368421052631576,19,euclidean,uniform
2170,10879,10880,0,0,0.21052631578947367,19,euclidean,uniform
2171,10880,10881,0,0,0.052631578947368418,19,euclidean,uniform
2172,10884,10885,0,0,0.15789473684210525,19,euclidean,uniform
2173,10887,10888,0,0,0.15789473684210525,19,euclidean,uniform
2174,10889,10890,0,0,0.052631578947368418,19,euclidean,uniform
2175,10890,10891,1,1,0.52631578947368418,19,euclidean,uniform
2176,10901,10902,0,0,0.052631578947368418,19,euclidean,uniform
2177,10907,10908,1,1,0.78947368421052633,19,euclidean,uniform
2178,10918,10919,0,0,0.052631578947368418,19,euclidean,uniform
2179,10926,10927,0,0,0.15789473684210525,19,euclidean,uniform
2180,10932,10933,0,0,0.42105263157894735,19,euclidean,uniform
2181,10935,10936,0,0,0.15789473684210525,19,euclidean,uniform
2182,10942,10943,1,0,0.21052631578947367,19,euclidean,uniform
2183,10955,10956,0,0,0,19,euclidean,uniform
2184,10956,10957,0,0,0.21052631578947367,19,euclidean,uniform
2185,10962,10963,1,0,0.36842105263157893,19,euclidean,uniform
2186,10972,10973,0,0,0.10526315789473684,19,euclidean,uniform
2187,10984,10985,0,0,0.21052631578947367,19,euclidean,uniform
2188,10992,10993,0,0,0.21052631578947367,19,euclidean,uniform
2189,11004,11005,0,0,0.15789473684210525,19,euclidean,uniform
2190,11009,11010,0,0,0,19,euclidean,uniform
2191,11012,11013,0,0,0.10526315789473684,19,euclidean,uniform
2192,11025,11026,0,0,0,19,euclidean,uniform
2193,11027,11028,0,0,0.052631578947368418,19,euclidean,uniform
2194,11029,11030,0,0,0.10526315789473684,19,euclidean,uniform
2195,11034,11035,1,1,0.73684210526315785,19,euclidean,uniform
2196,11039,11040,0,0,0.31578947368421051,19,euclidean,uniform
2197,11042,11043,0,0,0.10526315789473684,19,euclidean,uniform
2198,11045,11046,0,0,0.10526315789473684,19,euclidean,uniform
2199,11049,11050,0,1,0.73684210526315785,19,euclidean,uniform
2200,11058,11059,0,0,0.052631578947368418,19,euclidean,uniform
2201,11059,11060,0,0,0.42105263157894735,19,euclidean,uniform
2202,11067,11068,0,0,0.15789473684210525,19,euclidean,uniform
2203,11075,11076,0,0,0.10526315789473684,19,euclidean,uniform
2204,11076,11077,0,0,0,19,euclidean,uniform
2205,11079,11080,0,0,0.21052631578947367,19,euclidean,uniform
2206,11083,11084,1,1,0.52631578947368418,19,euclidean,uniform
2207,11094,11095,0,0,0.052631578947368418,19,euclidean,uniform
2208,11098,11099,0,1,0.57894736842105265,19,euclidean,uniform
2209,11100,11101,0,0,0.10526315789473684,19,euclidean,uniform
2210,11104,11105,0,1,0.84210526315789469,19,euclidean,uniform
2211,11109,11110,0,0,0.21052631578947367,19,euclidean,uniform
2212,11141,11142,0,0,0.052631578947368418,19,euclidean,uniform
2213,11144,11145,0,0,0.15789473684210525,19,euclidean,uniform
2214,11149,11150,0,0,0.31578947368421051,19,euclidean,uniform
2215,11151,11152,1,1,0.78947368421052633,19,euclidean,uniform
2216,11156,11157,0,0,0.10526315789473684,19,euclidean,uniform
2217,11162,11163,0,0,0.052631578947368418,19,euclidean,uniform
2218,11166,11167,0,1,0.78947368421052633,19,euclidean,uniform
2219,11169,11170,0,0,0,19,euclidean,uniform
2220,11171,11172,1,0,0.42105263157894735,19,euclidean,uniform
2221,11174,11175,0,0,0.15789473684210525,19,euclidean,uniform
2222,11178,11179,0,0,0.10526315789473684,19,euclidean,uniform
2223,11194,11195,0,0,0.36842105263157893,19,euclidean,uniform
2224,11196,11197,0,0,0,19,euclidean,uniform
2225,11204,11205,0,1,0.73684210526315785,19,euclidean,uniform
2226,11207,11208,0,0,0.052631578947368418,19,euclidean,uniform
2227,11211,11212,1,0,0.42105263157894735,19,euclidean,uniform
2228,11221,11222,0,0,0.10526315789473684,19,euclidean,uniform
2229,11225,11226,0,1,0.52631578947368418,19,euclidean,uniform
2230,11226,11227,0,0,0.10526315789473684,19,euclidean,uniform
2231,11227,11228,0,0,0.10526315789473684,19,euclidean,uniform
2232,11230,11231,1,0,0.26315789473684209,19,euclidean,uniform
2233,11233,11234,0,0,0.42105263157894735,19,euclidean,uniform
2234,11235,11236,0,0,0.10526315789473684,19,euclidean,uniform
2235,11239,11240,0,1,0.78947368421052633,19,euclidean,uniform
2236,11240,11241,0,1,0.57894736842105265,19,euclidean,uniform
2237,11245,11246,1,0,0.47368421052631576,19,euclidean,uniform
2238,11262,11263,0,0,0.36842105263157893,19,euclidean,uniform
2239,11266,11267,1,1,0.73684210526315785,19,euclidean,uniform
2240,11286,11287,0,0,0.15789473684210525,19,euclidean,uniform
2241,11288,11289,0,0,0.052631578947368418,19,euclidean,uniform
2242,11289,11290,0,0,0.15789473684210525,19,euclidean,uniform
2243,11310,11311,0,0,0.26315789473684209,19,euclidean,uniform
2244,11313,11314,0,0,0.052631578947368418,19,euclidean,uniform
2245,11314,11315,1,1,0.78947368421052633,19,euclidean,uniform
2246,11328,11329,0,0,0,19,euclidean,uniform
2247,11329,11330,0,0,0.052631578947368418,19,euclidean,uniform
2248,11333,11334,1,1,0.68421052631578949,19,euclidean,uniform
2249,11335,11336,0,0,0.15789473684210525,19,euclidean,uniform
2250,11342,11343,1,1,0.73684210526315785,19,euclidean,uniform
2251,11344,11345,0,0,0.21052631578947367,19,euclidean,uniform
2252,11348,11349,0,0,0.15789473684210525,19,euclidean,uniform
2253,11353,11354,0,0,0,19,euclidean,uniform
2254,11364,11365,0,0,0.21052631578947367,19,euclidean,uniform
2255,11368,11369,1,0,0.21052631578947367,19,euclidean,uniform
2256,11369,11370,0,0,0.21052631578947367,19,euclidean,uniform
2257,11378,11379,0,0,0.15789473684210525,19,euclidean,uniform
2258,11381,11382,1,0,0.15789473684210525,19,euclidean,uniform
2259,11397,11398,1,0,0,19,euclidean,uniform
2260,11401,11402,0,0,0.10526315789473684,19,euclidean,uniform
2261,11402,11403,0,0,0.15789473684210525,19,euclidean,uniform
2262,11405,11406,0,0,0,19,euclidean,uniform
2263,11418,11419,0,0,0.21052631578947367,19,euclidean,uniform
2264,11426,11427,0,0,0.15789473684210525,19,euclidean,uniform
2265,11432,11433,1,0,0.15789473684210525,19,euclidean,uniform
2266,11463,11464,0,0,0,19,euclidean,uniform
2267,11479,11480,0,0,0.052631578947368418,19,euclidean,uniform
2268,11491,11492,0,0,0.10526315789473684,19,euclidean,uniform
2269,11492,11493,0,0,0.052631578947368418,19,euclidean,uniform
2270,11499,11500,0,0,0.21052631578947367,19,euclidean,uniform
2271,11508,11509,0,0,0.052631578947368418,19,euclidean,uniform
2272,11509,11510,0,0,0.15789473684210525,19,euclidean,uniform
2273,11512,11513,0,0,0.15789473684210525,19,euclidean,uniform
2274,11515,11516,0,0,0,19,euclidean,uniform
2275,11519,11520,1,0,0.15789473684210525,19,euclidean,uniform
2276,11523,11524,0,0,0.10526315789473684,19,euclidean,uniform
2277,11532,11533,0,0,0.15789473684210525,19,euclidean,uniform
2278,11536,11537,0,0,0,19,euclidean,uniform
2279,11549,11550,1,0,0.10526315789473684,19,euclidean,uniform
2280,11562,11563,0,0,0.10526315789473684,19,euclidean,uniform
2281,11588,11589,0,0,0.15789473684210525,19,euclidean,uniform
2282,11592,11593,0,0,0.10526315789473684,19,euclidean,uniform
2283,11602,11603,0,0,0.15789473684210525,19,euclidean,uniform
2284,11611,11612,0,0,0.052631578947368418,19,euclidean,uniform
2285,11613,11614,0,0,0.15789473684210525,19,euclidean,uniform
2286,11620,11621,0,0,0.052631578947368418,19,euclidean,uniform
2287,11624,11625,0,0,0.052631578947368418,19,euclidean,uniform
2288,11629,11630,0,0,0.052631578947368418,19,euclidean,uniform
2289,11630,11631,0,0,0,19,euclidean,uniform
2290,11644,11645,0,0,0.15789473684210525,19,euclidean,uniform
2291,11647,11648,0,0,0.052631578947368418,19,euclidean,uniform
2292,11648,11649,0,0,0.21052631578947367,19,euclidean,uniform
2293,11658,11659,1,1,0.63157894736842102,19,euclidean,uniform
2294,11670,11671,0,0,0.26315789473684209,19,euclidean,uniform
2295,11692,11693,0,0,0.21052631578947367,19,euclidean,uniform
2296,11693,11694,0,0,0.21052631578947367,19,euclidean,uniform
2297,11695,11696,0,0,0.36842105263157893,19,euclidean,uniform
2298,11707,11708,0,0,0.36842105263157893,19,euclidean,uniform
2299,11709,11710,0,0,0.10526315789473684,19,euclidean,uniform
2300,11710,11711,0,0,0.31578947368421051,19,euclidean,uniform
2301,11711,11712,0,0,0.15789473684210525,19,euclidean,uniform
2302,11722,11723,0,0,0.052631578947368418,19,euclidean,uniform
2303,11725,11726,1,0,0,19,euclidean,uniform
2304,11727,11728,1,0,0.10526315789473684,19,euclidean,uniform
2305,11728,11729,0,0,0.052631578947368418,19,euclidean,uniform
2306,11735,11736,0,0,0.21052631578947367,19,euclidean,uniform
2307,11738,11739,1,1,0.73684210526315785,19,euclidean,uniform
2308,11748,11749,0,1,0.68421052631578949,19,euclidean,uniform
2309,11753,11754,0,0,0.052631578947368418,19,euclidean,uniform
2310,11754,11755,0,0,0.21052631578947367,19,euclidean,uniform
2311,11755,11756,0,0,0.10526315789473684,19,euclidean,uniform
2312,11757,11758,0,0,0.26315789473684209,19,euclidean,uniform
2313,11759,11760,0,0,0.052631578947368418,19,euclidean,uniform
2314,11760,11761,0,0,0.47368421052631576,19,euclidean,uniform
2315,11774,11775,0,0,0.052631578947368418,19,euclidean,uniform
2316,11781,11782,0,0,0.15789473684210525,19,euclidean,uniform
2317,11784,11785,0,1,0.63157894736842102,19,euclidean,uniform
2318,11785,11786,0,0,0.052631578947368418,19,euclidean,uniform
2319,11790,11791,0,0,0.052631578947368418,19,euclidean,uniform
2320,11794,11795,1,0,0.31578947368421051,19,euclidean,uniform
2321,11806,11807,0,0,0.052631578947368418,19,euclidean,uniform
2322,11812,11813,0,0,0.10526315789473684,19,euclidean,uniform
2323,11813,11814,1,1,0.52631578947368418,19,euclidean,uniform
2324,11817,11818,0,1,0.73684210526315785,19,euclidean,uniform
2325,11822,11823,0,0,0.052631578947368418,19,euclidean,uniform
2326,11825,11826,1,0,0.47368421052631576,19,euclidean,uniform
2327,11834,11835,0,1,0.73684210526315785,19,euclidean,uniform
2328,11838,11839,0,0,0.052631578947368418,19,euclidean,uniform
2329,11844,11845,0,1,0.73684210526315785,19,euclidean,uniform
2330,11848,11849,0,0,0.15789473684210525,19,euclidean,uniform
2331,11850,11851,1,0,0.15789473684210525,19,euclidean,uniform
2332,11852,11853,0,0,0.31578947368421051,19,euclidean,uniform
2333,11871,11872,0,0,0.10526315789473684,19,euclidean,uniform
2334,11874,11875,0,1,0.73684210526315785,19,euclidean,uniform
2335,11875,11876,0,0,0.052631578947368418,19,euclidean,uniform
2336,11877,11878,0,0,0.15789473684210525,19,euclidean,uniform
2337,11878,11879,0,0,0.052631578947368418,19,euclidean,uniform
2338,11879,11880,0,0,0.052631578947368418,19,euclidean,uniform
2339,11889,11890,0,0,0,19,euclidean,uniform
2340,11894,11895,0,0,0.21052631578947367,19,euclidean,uniform
2341,11898,11899,0,0,0.15789473684210525,19,euclidean,uniform
2342,11906,11907,1,0,0.21052631578947367,19,euclidean,uniform
2343,11907,11908,1,1,0.89473684210526316,19,euclidean,uniform
2344,11909,11910,0,0,0.21052631578947367,19,euclidean,uniform
2345,11913,11914,1,0,0.42105263157894735,19,euclidean,uniform
2346,11931,11932,0,0,0,19,euclidean,uniform
2347,11934,11935,0,0,0.10526315789473684,19,euclidean,uniform
2348,11937,11938,1,0,0.21052631578947367,19,euclidean,uniform
2349,11945,11946,0,0,0.21052631578947367,19,euclidean,uniform
2350,11946,11947,1,0,0.26315789473684209,19,euclidean,uniform
2351,11955,11956,0,0,0.15789473684210525,19,euclidean,uniform
2352,11957,11958,0,0,0.052631578947368418,19,euclidean,uniform
2353,11961,11962,0,0,0,19,euclidean,uniform
2354,11967,11968,0,0,0.15789473684210525,19,euclidean,uniform
2355,11971,11972,1,0,0.36842105263157893,19,euclidean,uniform
2356,11975,11976,0,0,0.31578947368421051,19,euclidean,uniform
2357,11993,11994,0,1,0.78947368421052633,19,euclidean,uniform
2358,11998,11999,0,0,0.26315789473684209,19,euclidean,uniform
2359,12004,12005,0,0,0.21052631578947367,19,euclidean,uniform
2360,12008,12009,0,0,0.10526315789473684,19,euclidean,uniform
2361,12021,12022,1,1,0.68421052631578949,19,euclidean,uniform
2362,12024,12025,1,1,0.73684210526315785,19,euclidean,uniform
2363,12025,12026,0,0,0.10526315789473684,19,euclidean,uniform
2364,12027,12028,0,0,0.052631578947368418,19,euclidean,uniform
2365,12038,12039,0,0,0.10526315789473684,19,euclidean,uniform
2366,12039,12040,1,1,0.57894736842105265,19,euclidean,uniform
2367,12043,12044,0,0,0.15789473684210525,19,euclidean,uniform
2368,12045,12046,0,0,0.052631578947368418,19,euclidean,uniform
2369,12048,12049,0,1,0.63157894736842102,19,euclidean,uniform
2370,12052,12053,0,0,0.21052631578947367,19,euclidean,uniform
2371,12054,12055,1,0,0.21052631578947367,19,euclidean,uniform
2372,12056,12057,0,0,0.10526315789473684,19,euclidean,uniform
2373,12066,12067,1,1,0.89473684210526316,19,euclidean,uniform
2374,12071,12072,0,0,0.26315789473684209,19,euclidean,uniform
2375,12082,12083,0,0,0.26315789473684209,19,euclidean,uniform
2376,12086,12087,0,0,0.10526315789473684,19,euclidean,uniform
2377,12090,12091,0,0,0.26315789473684209,19,euclidean,uniform
2378,12104,12105,0,0,0.15789473684210525,19,euclidean,uniform
2379,12128,12129,1,0,0.31578947368421051,19,euclidean,uniform
2380,12131,12132,1,1,0.73684210526315785,19,euclidean,uniform
2381,12138,12139,1,0,0.052631578947368418,19,euclidean,uniform
2382,12153,12154,0,0,0.052631578947368418,19,euclidean,uniform
2383,12154,12155,0,1,0.68421052631578949,19,euclidean,uniform
2384,12163,12164,0,1,0.57894736842105265,19,euclidean,uniform
2385,12167,12168,0,0,0,19,euclidean,uniform
2386,12169,12170,1,0,0.31578947368421051,19,euclidean,uniform
2387,12178,12179,0,0,0,19,euclidean,uniform
2388,12179,12180,0,0,0.052631578947368418,19,euclidean,uniform
2389,12194,12195,1,0,0.10526315789473684,19,euclidean,uniform
2390,12198,12199,0,0,0.052631578947368418,19,euclidean,uniform
2391,12210,12211,0,0,0.10526315789473684,19,euclidean,uniform
2392,12212,12213,0,0,0.21052631578947367,19,euclidean,uniform
2393,12214,12215,0,0,0.21052631578947367,19,euclidean,uniform
2394,12216,12217,1,1,0.73684210526315785,19,euclidean,uniform
2395,12222,12223,1,1,0.52631578947368418,19,euclidean,uniform
2396,12230,12231,0,0,0.47368421052631576,19,euclidean,uniform
2397,12239,12240,1,0,0.052631578947368418,19,euclidean,uniform
2398,12242,12243,0,0,0.052631578947368418,19,euclidean,uniform
2399,12246,12247,0,0,0.21052631578947367,19,euclidean,uniform
2400,12250,12251,0,0,0.10526315789473684,19,euclidean,uniform
2401,12254,12255,0,0,0.31578947368421051,19,euclidean,uniform
2402,12255,12256,1,0,0.36842105263157893,19,euclidean,uniform
2403,12262,12263,0,0,0.42105263157894735,19,euclidean,uniform
2404,12269,12270,0,0,0.26315789473684209,19,euclidean,uniform
2405,12271,12272,0,0,0.052631578947368418,19,euclidean,uniform
2406,12272,12273,0,0,0.10526315789473684,19,euclidean,uniform
2407,12274,12275,1,1,0.68421052631578949,19,euclidean,uniform
2408,12275,12276,0,0,0.26315789473684209,19,euclidean,uniform
2409,12277,12278,0,0,0.052631578947368418,19,euclidean,uniform
2410,12279,12280,0,0,0.21052631578947367,19,euclidean,uniform
2411,12281,12282,1,1,0.84210526315789469,19,euclidean,uniform
2412,12285,12286,0,0,0,19,euclidean,uniform
2413,12296,12297,1,0,0,19,euclidean,uniform
2414,12300,12301,0,0,0.10526315789473684,19,euclidean,uniform
2415,12313,12314,0,0,0.26315789473684209,19,euclidean,uniform
2416,12318,12319,1,1,0.78947368421052633,19,euclidean,uniform
2417,12320,12321,0,0,0.15789473684210525,19,euclidean,uniform
2418,12321,12322,0,0,0.15789473684210525,19,euclidean,uniform
2419,12329,12330,1,0,0.36842105263157893,19,euclidean,uniform
2420,12336,12337,0,0,0.052631578947368418,19,euclidean,uniform
2421,12343,12344,0,0,0,19,euclidean,uniform
2422,12346,12347,1,1,0.73684210526315785,19,euclidean,uniform
2423,12350,12351,0,0,0.052631578947368418,19,euclidean,uniform
2424,12354,12355,0,0,0.21052631578947367,19,euclidean,uniform
2425,12358,12359,0,0,0.15789473684210525,19,euclidean,uniform
2426,12359,12360,0,0,0.10526315789473684,19,euclidean,uniform
2427,12363,12364,0,0,0.10526315789473684,19,euclidean,uniform
2428,12370,12371,0,0,0.10526315789473684,19,euclidean,uniform
2429,12371,12372,1,1,0.73684210526315785,19,euclidean,uniform
2430,12377,12378,0,0,0.15789473684210525,19,euclidean,uniform
2431,12386,12387,1,0,0.47368421052631576,19,euclidean,uniform
2432,12402,12403,1,0,0,19,euclidean,uniform
2433,12426,12427,0,0,0.42105263157894735,19,euclidean,uniform
2434,12431,12432,0,0,0.10526315789473684,19,euclidean,uniform
2435,12435,12436,1,0,0.15789473684210525,19,euclidean,uniform
2436,12440,12441,0,0,0.15789473684210525,19,euclidean,uniform
2437,12441,12442,0,0,0.052631578947368418,19,euclidean,uniform
2438,12446,12447,0,0,0.15789473684210525,19,euclidean,uniform
2439,12458,12459,0,0,0.36842105263157893,19,euclidean,uniform
2440,12463,12464,0,0,0.052631578947368418,19,euclidean,uniform
2441,12484,12485,0,0,0.10526315789473684,19,euclidean,uniform
2442,12487,12488,0,0,0,19,euclidean,uniform
2443,12492,12493,0,0,0.31578947368421051,19,euclidean,uniform
2444,12503,12504,1,0,0.10526315789473684,19,euclidean,uniform
2445,12505,12506,0,0,0.052631578947368418,19,euclidean,uniform
2446,12525,12526,1,0,0.31578947368421051,19,euclidean,uniform
2447,12527,12528,0,0,0.21052631578947367,19,euclidean,uniform
2448,12528,12529,0,0,0.10526315789473684,19,euclidean,uniform
2449,12539,12540,1,0,0.15789473684210525,19,euclidean,uniform
2450,12548,12549,0,0,0.15789473684210525,19,euclidean,uniform
2451,12552,12553,1,0,0.052631578947368418,19,euclidean,uniform
2452,12559,12560,0,0,0.052631578947368418,19,euclidean,uniform
2453,12563,12564,0,0,0.052631578947368418,19,euclidean,uniform
2454,12567,12568,0,0,0.10526315789473684,19,euclidean,uniform
2455,12568,12569,1,1,0.52631578947368418,19,euclidean,uniform
2456,12578,12579,0,0,0,19,euclidean,uniform
2457,12590,12591,0,0,0.21052631578947367,19,euclidean,uniform
2458,12594,12595,0,0,0.10526315789473684,19,euclidean,uniform
2459,12595,12596,0,0,0.21052631578947367,19,euclidean,uniform
2460,12596,12597,0,0,0.15789473684210525,19,euclidean,uniform
2461,12597,12598,1,0,0.21052631578947367,19,euclidean,uniform
2462,12599,12600,0,0,0.10526315789473684,19,euclidean,uniform
2463,12609,12610,1,0,0.47368421052631576,19,euclidean,uniform
2464,12620,12621,0,0,0.052631578947368418,19,euclidean,uniform
2465,12621,12622,0,0,0.15789473684210525,19,euclidean,uniform
2466,12626,12627,0,0,0.10526315789473684,19,euclidean,uniform
2467,12627,12628,1,0,0.26315789473684209,19,euclidean,uniform
2468,12628,12629,0,0,0.21052631578947367,19,euclidean,uniform
2469,12633,12634,0,0,0.15789473684210525,19,euclidean,uniform
2470,12634,12635,0,0,0,19,euclidean,uniform
2471,12636,12637,0,0,0.15789473684210525,19,euclidean,uniform
2472,12643,12644,0,0,0.26315789473684209,19,euclidean,uniform
2473,12656,12657,0,0,0.052631578947368418,19,euclidean,uniform
2474,12660,12661,0,0,0.31578947368421051,19,euclidean,uniform
2475,12665,12666,0,0,0.21052631578947367,19,euclidean,uniform
2476,12669,12670,0,0,0.10526315789473684,19,euclidean,uniform
2477,12680,12681,0,0,0.15789473684210525,19,euclidean,uniform
2478,12682,12683,0,0,0.15789473684210525,19,euclidean,uniform
2479,12685,12686,0,0,0.26315789473684209,19,euclidean,uniform
2480,12696,12697,0,0,0.21052631578947367,19,euclidean,uniform
2481,12701,12702,0,0,0.15789473684210525,19,euclidean,uniform
2482,12705,12706,1,1,0.63157894736842102,19,euclidean,uniform
2483,12711,12712,0,0,0,19,euclidean,uniform
2484,12716,12717,0,0,0.15789473684210525,19,euclidean,uniform
2485,12719,12720,0,0,0.052631578947368418,19,euclidean,uniform
2486,12720,12721,0,0,0.36842105263157893,19,euclidean,uniform
2487,12726,12727,0,0,0.10526315789473684,19,euclidean,uniform
2488,12727,12728,0,0,0.052631578947368418,19,euclidean,uniform
2489,12734,12735,1,0,0.47368421052631576,19,euclidean,uniform
2490,12735,12736,0,0,0.31578947368421051,19,euclidean,uniform
2491,12738,12739,0,0,0.15789473684210525,19,euclidean,uniform
2492,12740,12741,0,0,0.21052631578947367,19,euclidean,uniform
2493,12741,12742,0,0,0.15789473684210525,19,euclidean,uniform
2494,12750,12751,1,1,0.52631578947368418,19,euclidean,uniform
2495,12759,12760,0,0,0.10526315789473684,19,euclidean,uniform
2496,12761,12762,1,0,0.15789473684210525,19,euclidean,uniform
2497,12763,12764,0,0,0.26315789473684209,19,euclidean,uniform
2498,12769,12770,0,0,0.10526315789473684,19,euclidean,uniform
2499,12770,12771,0,0,0.10526315789473684,19,euclidean,uniform
2500,12772,12773,1,0,0.26315789473684209,19,euclidean,uniform
2501,12773,12774,1,0,0.21052631578947367,19,euclidean,uniform
2502,12774,12775,1,1,0.68421052631578949,19,euclidean,uniform
2503,12776,12777,0,0,0,19,euclidean,uniform
2504,12782,12783,0,0,0.10526315789473684,19,euclidean,uniform
2505,12783,12784,0,0,0.15789473684210525,19,euclidean,uniform
2506,12785,12786,0,0,0.15789473684210525,19,euclidean,uniform
2507,12786,12787,0,0,0,19,euclidean,uniform
2508,12794,12795,1,0,0.10526315789473684,19,euclidean,uniform
2509,12796,12797,1,0,0.26315789473684209,19,euclidean,uniform
2510,12800,12801,1,0,0.21052631578947367,19,euclidean,uniform
2511,12810,12811,1,1,0.63157894736842102,19,euclidean,uniform
2512,12818,12819,0,0,0.42105263157894735,19,euclidean,uniform
2513,12819,12820,0,1,0.78947368421052633,19,euclidean,uniform
2514,12822,12823,0,1,0.52631578947368418,19,euclidean,uniform
2515,12828,12829,0,0,0,19,euclidean,uniform
2516,12832,12833,0,0,0.21052631578947367,19,euclidean,uniform
2517,12835,12836,1,1,0.78947368421052633,19,euclidean,uniform
2518,12839,12840,0,0,0,19,euclidean,uniform
2519,12843,12844,0,0,0.26315789473684209,19,euclidean,uniform
2520,12852,12853,0,0,0.052631578947368418,19,euclidean,uniform
2521,12870,12871,1,0,0.15789473684210525,19,euclidean,uniform
2522,12871,12872,0,0,0.10526315789473684,19,euclidean,uniform
2523,12873,12874,1,0,0.31578947368421051,19,euclidean,uniform
2524,12881,12882,0,0,0.21052631578947367,19,euclidean,uniform
2525,12889,12890,0,0,0.052631578947368418,19,euclidean,uniform
2526,12903,12904,0,0,0.15789473684210525,19,euclidean,uniform
2527,12915,12916,0,0,0.052631578947368418,19,euclidean,uniform
2528,12916,12917,0,0,0.10526315789473684,19,euclidean,uniform
2529,12925,12926,0,0,0,19,euclidean,uniform
2530,12934,12935,0,0,0.052631578947368418,19,euclidean,uniform
2531,12948,12949,1,0,0.47368421052631576,19,euclidean,uniform
2532,12950,12951,0,0,0.21052631578947367,19,euclidean,uniform
2533,12955,12956,1,1,1,19,euclidean,uniform
2534,12958,12959,1,1,0.57894736842105265,19,euclidean,uniform
2535,12960,12961,0,0,0.052631578947368418,19,euclidean,uniform
2536,12969,12970,0,0,0.21052631578947367,19,euclidean,uniform
2537,12971,12972,1,0,0.21052631578947367,19,euclidean,uniform
2538,12973,12974,0,0,0.31578947368421051,19,euclidean,uniform
2539,12976,12977,0,0,0.47368421052631576,19,euclidean,uniform
2540,12978,12979,0,0,0.42105263157894735,19,euclidean,uniform
2541,12984,12985,0,0,0.21052631578947367,19,euclidean,uniform
2542,12989,12990,0,0,0.052631578947368418,19,euclidean,uniform
2543,12990,12991,1,0,0.36842105263157893,19,euclidean,uniform
2544,12996,12997,1,1,0.52631578947368418,19,euclidean,uniform
2545,12997,12998,1,0,0.42105263157894735,19,euclidean,uniform
2546,13002,13003,0,0,0.052631578947368418,19,euclidean,uniform
2547,13006,13007,0,0,0.21052631578947367,19,euclidean,uniform
2548,13013,13014,0,0,0.21052631578947367,19,euclidean,uniform
2549,13018,13019,0,0,0.15789473684210525,19,euclidean,uniform
2550,13025,13026,0,0,0.15789473684210525,19,euclidean,uniform
2551,13029,13030,1,0,0.21052631578947367,19,euclidean,uniform
2552,13033,13034,0,0,0,19,euclidean,uniform
2553,13034,13035,0,0,0.15789473684210525,19,euclidean,uniform
2554,13039,13040,0,0,0,19,euclidean,uniform
2555,13047,13048,0,0,0,19,euclidean,uniform
2556,13050,13051,1,1,0.73684210526315785,19,euclidean,uniform
2557,13062,13063,0,0,0.21052631578947367,19,euclidean,uniform
2558,13063,13064,1,0,0.052631578947368418,19,euclidean,uniform
2559,13078,13079,0,0,0.21052631578947367,19,euclidean,uniform
2560,13080,13081,0,0,0.10526315789473684,19,euclidean,uniform
2561,13082,13083,1,0,0.26315789473684209,19,euclidean,uniform
2562,13083,13084,1,1,0.68421052631578949,19,euclidean,uniform
2563,13090,13091,0,0,0,19,euclidean,uniform
2564,13092,13093,1,1,0.68421052631578949,19,euclidean,uniform
2565,13094,13095,0,0,0.31578947368421051,19,euclidean,uniform
2566,13096,13097,0,1,0.52631578947368418,19,euclidean,uniform
2567,13099,13100,0,0,0.10526315789473684,19,euclidean,uniform
2568,13112,13113,0,0,0.052631578947368418,19,euclidean,uniform
2569,13113,13114,0,0,0.26315789473684209,19,euclidean,uniform
2570,13117,13118,0,0,0.052631578947368418,19,euclidean,uniform
2571,13119,13120,0,0,0,19,euclidean,uniform
2572,13125,13126,0,0,0.26315789473684209,19,euclidean,uniform
2573,13129,13130,0,0,0.15789473684210525,19,euclidean,uniform
2574,13130,13131,0,0,0.31578947368421051,19,euclidean,uniform
2575,13131,13132,0,0,0.26315789473684209,19,euclidean,uniform
2576,13132,13133,0,0,0.26315789473684209,19,euclidean,uniform
2577,13136,13137,0,0,0.052631578947368418,19,euclidean,uniform
2578,13138,13139,0,0,0.15789473684210525,19,euclidean,uniform
2579,13145,13146,0,0,0.21052631578947367,19,euclidean,uniform
2580,13155,13156,0,0,0.10526315789473684,19,euclidean,uniform
2581,13157,13158,0,0,0.052631578947368418,19,euclidean,uniform
2582,13169,13170,0,0,0,19,euclidean,uniform
2583,13171,13172,0,0,0.052631578947368418,19,euclidean,uniform
2584,13174,13175,0,0,0.10526315789473684,19,euclidean,uniform
2585,13176,13177,0,0,0.15789473684210525,19,euclidean,uniform
2586,13177,13178,1,0,0.47368421052631576,19,euclidean,uniform
2587,13185,13186,1,0,0,19,euclidean,uniform
2588,13189,13190,0,0,0.10526315789473684,19,euclidean,uniform
2589,13192,13193,0,0,0,19,euclidean,uniform
2590,13195,13196,1,0,0.31578947368421051,19,euclidean,uniform
2591,13200,13201,0,0,0.15789473684210525,19,euclidean,uniform
2592,13203,13204,0,0,0.10526315789473684,19,euclidean,uniform
2593,13208,13209,0,0,0.15789473684210525,19,euclidean,uniform
2594,13209,13210,1,0,0.10526315789473684,19,euclidean,uniform
2595,13220,13221,0,0,0.15789473684210525,19,euclidean,uniform
2596,13225,13226,0,0,0.10526315789473684,19,euclidean,uniform
2597,13233,13234,0,0,0.10526315789473684,19,euclidean,uniform
2598,13234,13235,1,0,0.26315789473684209,19,euclidean,uniform
2599,13238,13239,1,1,0.52631578947368418,19,euclidean,uniform
2600,13239,13240,1,0,0.31578947368421051,19,euclidean,uniform
2601,13246,13247,0,0,0,19,euclidean,uniform
2602,13250,13251,0,0,0.31578947368421051,19,euclidean,uniform
2603,13260,13261,0,0,0.26315789473684209,19,euclidean,uniform
2604,13266,13267,1,0,0.15789473684210525,19,euclidean,uniform
2605,13272,13273,0,0,0.47368421052631576,19,euclidean,uniform
2606,13278,13279,0,0,0.052631578947368418,19,euclidean,uniform
2607,13281,13282,1,0,0.10526315789473684,19,euclidean,uniform
2608,13282,13283,0,1,0.63157894736842102,19,euclidean,uniform
2609,13291,13292,1,1,0.89473684210526316,19,euclidean,uniform
2610,13304,13305,0,0,0.052631578947368418,19,euclidean,uniform
2611,13305,13306,1,0,0.26315789473684209,19,euclidean,uniform
2612,13311,13312,0,0,0.052631578947368418,19,euclidean,uniform
2613,13319,13320,0,0,0.052631578947368418,19,euclidean,uniform
2614,13326,13327,1,0,0.31578947368421051,19,euclidean,uniform
2615,13332,13333,0,0,0.15789473684210525,19,euclidean,uniform
2616,13336,13337,0,0,0.15789473684210525,19,euclidean,uniform
2617,13342,13343,0,0,0.10526315789473684,19,euclidean,uniform
2618,13344,13345,1,0,0.052631578947368418,19,euclidean,uniform
2619,13347,13348,0,0,0.052631578947368418,19,euclidean,uniform
2620,13349,13350,0,0,0.052631578947368418,19,euclidean,uniform
2621,13350,13351,0,0,0.10526315789473684,19,euclidean,uniform
2622,13355,13356,0,0,0,19,euclidean,uniform
2623,13362,13363,0,0,0.31578947368421051,19,euclidean,uniform
2624,13366,13367,0,0,0.15789473684210525,19,euclidean,uniform
2625,13389,13390,0,0,0.15789473684210525,19,euclidean,uniform
2626,13390,13391,1,1,0.57894736842105265,19,euclidean,uniform
2627,13392,13393,0,0,0,19,euclidean,uniform
2628,13399,13400,1,0,0.36842105263157893,19,euclidean,uniform
2629,13401,13402,1,0,0.052631578947368418,19,euclidean,uniform
2630,13411,13412,0,0,0.10526315789473684,19,euclidean,uniform
2631,13412,13413,1,0,0.26315789473684209,19,euclidean,uniform
2632,13414,13415,0,0,0.15789473684210525,19,euclidean,uniform
2633,13423,13424,1,0,0.26315789473684209,19,euclidean,uniform
2634,13425,13426,0,0,0.21052631578947367,19,euclidean,uniform
2635,13433,13434,0,0,0.052631578947368418,19,euclidean,uniform
2636,13434,13435,0,0,0,19,euclidean,uniform
2637,13436,13437,0,0,0.10526315789473684,19,euclidean,uniform
2638,13453,13454,0,0,0.31578947368421051,19,euclidean,uniform
2639,13461,13462,0,0,0.15789473684210525,19,euclidean,uniform
2640,13473,13474,0,0,0.15789473684210525,19,euclidean,uniform
2641,13478,13479,1,1,0.73684210526315785,19,euclidean,uniform
2642,13479,13480,1,1,0.73684210526315785,19,euclidean,uniform
2643,13483,13484,0,0,0.052631578947368418,19,euclidean,uniform
2644,13485,13486,0,0,0,19,euclidean,uniform
2645,13487,13488,0,0,0.10526315789473684,19,euclidean,uniform
2646,13492,13493,0,0,0.052631578947368418,19,euclidean,uniform
2647,13497,13498,1,0,0.21052631578947367,19,euclidean,uniform
2648,13503,13504,1,0,0.15789473684210525,19,euclidean,uniform
2649,13504,13505,1,1,0.52631578947368418,19,euclidean,uniform
2650,13517,13518,0,0,0.052631578947368418,19,euclidean,uniform
2651,13522,13523,0,0,0.26315789473684209,19,euclidean,uniform
2652,13530,13531,0,0,0.36842105263157893,19,euclidean,uniform
2653,13533,13534,0,0,0.26315789473684209,19,euclidean,uniform
2654,13534,13535,0,0,0.10526315789473684,19,euclidean,uniform
2655,13538,13539,0,0,0.10526315789473684,19,euclidean,uniform
2656,13553,13554,0,0,0.052631578947368418,19,euclidean,uniform
2657,13573,13574,0,0,0.10526315789473684,19,euclidean,uniform
2658,13574,13575,0,0,0.15789473684210525,19,euclidean,uniform
2659,13576,13577,0,0,0.052631578947368418,19,euclidean,uniform
2660,13581,13582,0,0,0.21052631578947367,19,euclidean,uniform
2661,13586,13587,0,0,0.31578947368421051,19,euclidean,uniform
2662,13591,13592,0,0,0.052631578947368418,19,euclidean,uniform
2663,13595,13596,0,0,0.15789473684210525,19,euclidean,uniform
2664,13600,13601,0,0,0.15789473684210525,19,euclidean,uniform
2665,13602,13603,0,0,0,19,euclidean,uniform
2666,13603,13604,1,0,0.10526315789473684,19,euclidean,uniform
2667,13617,13618,0,0,0.10526315789473684,19,euclidean,uniform
2668,13619,13620,1,0,0.21052631578947367,19,euclidean,uniform
2669,13620,13621,0,0,0.10526315789473684,19,euclidean,uniform
2670,13621,13622,0,0,0.15789473684210525,19,euclidean,uniform
2671,13625,13626,0,0,0.15789473684210525,19,euclidean,uniform
2672,13628,13629,0,0,0.10526315789473684,19,euclidean,uniform
2673,13638,13639,0,0,0.052631578947368418,19,euclidean,uniform
2674,13647,13648,1,0,0.42105263157894735,19,euclidean,uniform
2675,13649,13650,0,0,0,19,euclidean,uniform
2676,13651,13652,0,0,0.31578947368421051,19,euclidean,uniform
2677,13656,13657,0,0,0.10526315789473684,19,euclidean,uniform
2678,13661,13662,0,0,0.052631578947368418,19,euclidean,uniform
2679,13664,13665,0,0,0.26315789473684209,19,euclidean,uniform
2680,13667,13668,0,0,0.10526315789473684,19,euclidean,uniform
2681,13668,13669,0,0,0.10526315789473684,19,euclidean,uniform
2682,13670,13671,0,0,0.21052631578947367,19,euclidean,uniform
2683,13678,13679,0,0,0.10526315789473684,19,euclidean,uniform
2684,13680,13681,0,1,0.63157894736842102,19,euclidean,uniform
2685,13695,13696,0,1,0.68421052631578949,19,euclidean,uniform
2686,13696,13697,0,1,0.84210526315789469,19,euclidean,uniform
2687,13702,13703,0,0,0.26315789473684209,19,euclidean,uniform
2688,13704,13705,0,0,0,19,euclidean,uniform
2689,13705,13706,0,0,0.15789473684210525,19,euclidean,uniform
2690,13706,13707,0,0,0.052631578947368418,19,euclidean,uniform
2691,13716,13717,0,0,0.47368421052631576,19,euclidean,uniform
2692,13717,13718,1,1,0.63157894736842102,19,euclidean,uniform
2693,13719,13720,0,1,0.68421052631578949,19,euclidean,uniform
2694,13720,13721,1,0,0.21052631578947367,19,euclidean,uniform
2695,13724,13725,0,0,0.31578947368421051,19,euclidean,uniform
2696,13726,13727,0,0,0.21052631578947367,19,euclidean,uniform
2697,13730,13731,1,0,0.42105263157894735,19,euclidean,uniform
2698,13732,13733,0,0,0.31578947368421051,19,euclidean,uniform
2699,13737,13738,0,0,0.15789473684210525,19,euclidean,uniform
2700,13739,13740,1,1,0.84210526315789469,19,euclidean,uniform
2701,13741,13742,1,0,0.10526315789473684,19,euclidean,uniform
2702,13745,13746,0,0,0.42105263157894735,19,euclidean,uniform
2703,13749,13750,0,0,0.26315789473684209,19,euclidean,uniform
2704,13767,13768,0,0,0.15789473684210525,19,euclidean,uniform
2705,13770,13771,0,0,0.052631578947368418,19,euclidean,uniform
2706,13779,13780,0,0,0.21052631578947367,19,euclidean,uniform
2707,13786,13787,0,0,0.052631578947368418,19,euclidean,uniform
2708,13793,13794,0,0,0.10526315789473684,19,euclidean,uniform
2709,13794,13795,0,0,0.10526315789473684,19,euclidean,uniform
2710,13797,13798,0,0,0.31578947368421051,19,euclidean,uniform
2711,13800,13801,0,1,0.57894736842105265,19,euclidean,uniform
2712,13801,13802,0,0,0.36842105263157893,19,euclidean,uniform
2713,13805,13806,0,0,0.10526315789473684,19,euclidean,uniform
2714,13809,13810,0,0,0.31578947368421051,19,euclidean,uniform
2715,13811,13812,0,0,0.10526315789473684,19,euclidean,uniform
2716,13823,13824,0,0,0.15789473684210525,19,euclidean,uniform
2717,13825,13826,0,0,0,19,euclidean,uniform
2718,13828,13829,0,0,0.15789473684210525,19,euclidean,uniform
2719,13833,13834,0,0,0.10526315789473684,19,euclidean,uniform
2720,13837,13838,0,0,0.21052631578947367,19,euclidean,uniform
2721,13841,13842,0,0,0,19,euclidean,uniform
2722,13849,13850,0,0,0.15789473684210525,19,euclidean,uniform
2723,13852,13853,0,0,0.26315789473684209,19,euclidean,uniform
2724,13860,13861,0,0,0.15789473684210525,19,euclidean,uniform
2725,13861,13862,1,0,0.26315789473684209,19,euclidean,uniform
2726,13862,13863,0,0,0.10526315789473684,19,euclidean,uniform
2727,13866,13867,0,0,0.21052631578947367,19,euclidean,uniform
2728,13867,13868,0,0,0,19,euclidean,uniform
2729,13869,13870,0,0,0.26315789473684209,19,euclidean,uniform
2730,13872,13873,0,1,0.63157894736842102,19,euclidean,uniform
2731,13874,13875,0,0,0.052631578947368418,19,euclidean,uniform
2732,13876,13877,0,1,0.57894736842105265,19,euclidean,uniform
2733,13877,13878,0,0,0.31578947368421051,19,euclidean,uniform
2734,13879,13880,0,0,0.15789473684210525,19,euclidean,uniform
2735,13881,13882,1,0,0.47368421052631576,19,euclidean,uniform
2736,13900,13901,0,0,0.26315789473684209,19,euclidean,uniform
2737,13903,13904,0,0,0.42105263157894735,19,euclidean,uniform
2738,13905,13906,0,0,0.052631578947368418,19,euclidean,uniform
2739,13915,13916,0,0,0.26315789473684209,19,euclidean,uniform
2740,13918,13919,0,0,0.15789473684210525,19,euclidean,uniform
2741,13920,13921,0,0,0.052631578947368418,19,euclidean,uniform
2742,13922,13923,1,0,0.21052631578947367,19,euclidean,uniform
2743,13926,13927,0,0,0.21052631578947367,19,euclidean,uniform
2744,13932,13933,0,1,0.57894736842105265,19,euclidean,uniform
2745,13933,13934,0,0,0.15789473684210525,19,euclidean,uniform
2746,13938,13939,0,0,0.15789473684210525,19,euclidean,uniform
2747,13941,13942,1,0,0.26315789473684209,19,euclidean,uniform
2748,13942,13943,0,0,0.15789473684210525,19,euclidean,uniform
2749,13943,13944,1,0,0.36842105263157893,19,euclidean,uniform
2750,13953,13954,0,0,0.052631578947368418,19,euclidean,uniform
2751,13954,13955,0,0,0.15789473684210525,19,euclidean,uniform
2752,13956,13957,1,0,0.31578947368421051,19,euclidean,uniform
2753,13960,13961,0,1,0.84210526315789469,19,euclidean,uniform
2754,13964,13965,0,1,0.52631578947368418,19,euclidean,uniform
2755,13966,13967,1,1,0.84210526315789469,19,euclidean,uniform
2756,13968,13969,1,0,0.36842105263157893,19,euclidean,uniform
2757,13969,13970,0,0,0.052631578947368418,19,euclidean,uniform
2758,13973,13974,0,0,0.47368421052631576,19,euclidean,uniform
2759,13979,13980,1,0,0.10526315789473684,19,euclidean,uniform
2760,13980,13981,0,0,0.26315789473684209,19,euclidean,uniform
2761,13990,13991,0,0,0.15789473684210525,19,euclidean,uniform
2762,13995,13996,0,0,0.15789473684210525,19,euclidean,uniform
2763,13997,13998,1,1,0.63157894736842102,19,euclidean,uniform
2764,13998,13999,0,0,0.10526315789473684,19,euclidean,uniform
2765,14005,14006,0,0,0.052631578947368418,19,euclidean,uniform
2766,14007,14008,1,0,0.10526315789473684,19,euclidean,uniform
2767,14008,14009,0,0,0.36842105263157893,19,euclidean,uniform
2768,14026,14027,0,0,0,19,euclidean,uniform
2769,14030,14031,1,0,0.21052631578947367,19,euclidean,uniform
2770,14031,14032,0,0,0.15789473684210525,19,euclidean,uniform
2771,14041,14042,0,0,0,19,euclidean,uniform
2772,14049,14050,1,0,0.42105263157894735,19,euclidean,uniform
2773,14051,14052,0,0,0.21052631578947367,19,euclidean,uniform
2774,14054,14055,0,0,0.10526315789473684,19,euclidean,uniform
2775,14058,14059,0,0,0.15789473684210525,19,euclidean,uniform
2776,14071,14072,1,0,0.31578947368421051,19,euclidean,uniform
2777,14074,14075,1,1,0.63157894736842102,19,euclidean,uniform
2778,14077,14078,0,0,0.15789473684210525,19,euclidean,uniform
2779,14080,14081,0,0,0.36842105263157893,19,euclidean,uniform
2780,14088,14089,0,0,0.052631578947368418,19,euclidean,uniform
2781,14089,14090,0,0,0.052631578947368418,19,euclidean,uniform
2782,14107,14108,0,0,0.052631578947368418,19,euclidean,uniform
2783,14125,14126,0,0,0.052631578947368418,19,euclidean,uniform
2784,14137,14138,0,0,0.052631578947368418,19,euclidean,uniform
2785,14138,14139,0,0,0.15789473684210525,19,euclidean,uniform
2786,14140,14141,0,0,0.36842105263157893,19,euclidean,uniform
2787,14151,14152,0,0,0.21052631578947367,19,euclidean,uniform
2788,14153,14154,0,0,0.15789473684210525,19,euclidean,uniform
2789,14159,14160,1,0,0.21052631578947367,19,euclidean,uniform
2790,14161,14162,1,0,0.47368421052631576,19,euclidean,uniform
2791,14165,14166,0,0,0.052631578947368418,19,euclidean,uniform
2792,14167,14168,1,0,0.15789473684210525,19,euclidean,uniform
2793,14168,14169,0,0,0.052631578947368418,19,euclidean,uniform
2794,14176,14177,1,1,0.78947368421052633,19,euclidean,uniform
2795,14185,14186,0,0,0.10526315789473684,19,euclidean,uniform
2796,14187,14188,0,0,0.10526315789473684,19,euclidean,uniform
2797,14188,14189,0,0,0.21052631578947367,19,euclidean,uniform
2798,14192,14193,0,0,0.10526315789473684,19,euclidean,uniform
2799,14193,14194,0,0,0.10526315789473684,19,euclidean,uniform
2800,14196,14197,0,0,0,19,euclidean,uniform
2801,14198,14199,0,0,0.10526315789473684,19,euclidean,uniform
2802,14204,14205,1,0,0.31578947368421051,19,euclidean,uniform
2803,14213,14214,0,0,0.26315789473684209,19,euclidean,uniform
2804,14214,14215,1,0,0.31578947368421051,19,euclidean,uniform
2805,14220,14221,1,1,0.84210526315789469,19,euclidean,uniform
2806,14223,14224,0,0,0.21052631578947367,19,euclidean,uniform
2807,14224,14225,0,0,0.052631578947368418,19,euclidean,uniform
2808,14225,14226,1,1,0.78947368421052633,19,euclidean,uniform
2809,14234,14235,0,0,0,19,euclidean,uniform
2810,14238,14239,0,0,0,19,euclidean,uniform
2811,14240,14241,0,0,0.15789473684210525,19,euclidean,uniform
2812,14251,14252,1,1,0.68421052631578949,19,euclidean,uniform
2813,14254,14255,0,0,0.31578947368421051,19,euclidean,uniform
2814,14261,14262,1,0,0.10526315789473684,19,euclidean,uniform
2815,14263,14264,0,0,0.10526315789473684,19,euclidean,uniform
2816,14277,14278,0,1,0.52631578947368418,19,euclidean,uniform
2817,14279,14280,1,0,0.31578947368421051,19,euclidean,uniform
2818,14281,14282,0,0,0.15789473684210525,19,euclidean,uniform
2819,14285,14286,0,0,0,19,euclidean,uniform
2820,14303,14304,0,0,0.36842105263157893,19,euclidean,uniform
2821,14304,14305,0,0,0.10526315789473684,19,euclidean,uniform
2822,14307,14308,0,0,0.10526315789473684,19,euclidean,uniform
2823,14308,14309,0,0,0.10526315789473684,19,euclidean,uniform
2824,14318,14319,0,0,0.052631578947368418,19,euclidean,uniform
2825,14319,14320,0,0,0.21052631578947367,19,euclidean,uniform
2826,14326,14327,0,0,0.26315789473684209,19,euclidean,uniform
2827,14330,14331,1,1,0.63157894736842102,19,euclidean,uniform
2828,14331,14332,0,0,0.10526315789473684,19,euclidean,uniform
2829,14336,14337,0,0,0,19,euclidean,uniform
2830,14340,14341,0,1,0.73684210526315785,19,euclidean,uniform
2831,14346,14347,0,0,0.10526315789473684,19,euclidean,uniform
2832,14353,14354,0,0,0.052631578947368418,19,euclidean,uniform
2833,14354,14355,1,0,0.31578947368421051,19,euclidean,uniform
2834,14356,14357,0,0,0.26315789473684209,19,euclidean,uniform
2835,14364,14365,0,0,0.21052631578947367,19,euclidean,uniform
2836,14369,14370,0,0,0.15789473684210525,19,euclidean,uniform
2837,14373,14374,1,0,0.15789473684210525,19,euclidean,uniform
2838,14379,14380,0,0,0.10526315789473684,19,euclidean,uniform
2839,14394,14395,0,0,0,19,euclidean,uniform
2840,14398,14399,0,0,0,19,euclidean,uniform
2841,14400,14401,0,0,0,19,euclidean,uniform
2842,14401,14402,0,0,0.42105263157894735,19,euclidean,uniform
2843,14412,14413,0,0,0.10526315789473684,19,euclidean,uniform
2844,14415,14416,0,0,0,19,euclidean,uniform
2845,14417,14418,0,0,0.10526315789473684,19,euclidean,uniform
2846,14418,14419,0,1,0.84210526315789469,19,euclidean,uniform
2847,14421,14422,0,0,0.15789473684210525,19,euclidean,uniform
2848,14422,14423,0,0,0.10526315789473684,19,euclidean,uniform
2849,14423,14424,0,0,0.052631578947368418,19,euclidean,uniform
2850,14424,14425,0,0,0.26315789473684209,19,euclidean,uniform
2851,14432,14433,0,0,0.052631578947368418,19,euclidean,uniform
2852,14433,14434,0,0,0.052631578947368418,19,euclidean,uniform
2853,14434,14435,1,0,0.36842105263157893,19,euclidean,uniform
2854,14438,14439,0,0,0,19,euclidean,uniform
2855,14439,14440,1,1,0.73684210526315785,19,euclidean,uniform
2856,14440,14441,0,0,0.26315789473684209,19,euclidean,uniform
2857,14444,14445,0,0,0.15789473684210525,19,euclidean,uniform
2858,14446,14447,1,1,0.73684210526315785,19,euclidean,uniform
2859,14464,14465,0,0,0.10526315789473684,19,euclidean,uniform
2860,14466,14467,0,0,0.15789473684210525,19,euclidean,uniform
2861,14470,14471,1,0,0.36842105263157893,19,euclidean,uniform
2862,14471,14472,1,0,0.47368421052631576,19,euclidean,uniform
2863,14480,14481,1,0,0.15789473684210525,19,euclidean,uniform
2864,14496,14497,1,0,0.21052631578947367,19,euclidean,uniform
2865,14499,14500,0,1,0.57894736842105265,19,euclidean,uniform
2866,14507,14508,0,0,0,19,euclidean,uniform
2867,14513,14514,0,0,0.15789473684210525,19,euclidean,uniform
2868,14522,14523,0,0,0.21052631578947367,19,euclidean,uniform
2869,14524,14525,0,0,0.10526315789473684,19,euclidean,uniform
2870,14531,14532,0,0,0.15789473684210525,19,euclidean,uniform
2871,14532,14533,0,0,0.21052631578947367,19,euclidean,uniform
2872,14537,14538,1,0,0.15789473684210525,19,euclidean,uniform
2873,14541,14542,1,1,0.68421052631578949,19,euclidean,uniform
2874,14542,14543,1,1,0.78947368421052633,19,euclidean,uniform
2875,14548,14549,0,0,0.10526315789473684,19,euclidean,uniform
2876,14559,14560,0,0,0.10526315789473684,19,euclidean,uniform
2877,14561,14562,0,0,0.21052631578947367,19,euclidean,uniform
2878,14562,14563,1,1,0.84210526315789469,19,euclidean,uniform
2879,14567,14568,0,0,0,19,euclidean,uniform
2880,14583,14584,1,0,0.42105263157894735,19,euclidean,uniform
2881,14584,14585,0,0,0.15789473684210525,19,euclidean,uniform
2882,14592,14593,0,0,0.052631578947368418,19,euclidean,uniform
2883,14593,14594,0,0,0.21052631578947367,19,euclidean,uniform
2884,14599,14600,0,0,0.052631578947368418,19,euclidean,uniform
2885,14601,14602,0,0,0.26315789473684209,19,euclidean,uniform
2886,14603,14604,0,0,0.15789473684210525,19,euclidean,uniform
2887,14605,14606,0,0,0.15789473684210525,19,euclidean,uniform
2888,14621,14622,0,0,0.052631578947368418,19,euclidean,uniform
2889,14622,14623,0,0,0.052631578947368418,19,euclidean,uniform
2890,14632,14633,0,0,0.15789473684210525,19,euclidean,uniform
2891,14634,14635,0,0,0,19,euclidean,uniform
2892,14641,14642,0,0,0.15789473684210525,19,euclidean,uniform
2893,14646,14647,0,1,0.63157894736842102,19,euclidean,uniform
2894,14661,14662,0,0,0.10526315789473684,19,euclidean,uniform
2895,14662,14663,0,0,0.052631578947368418,19,euclidean,uniform
2896,14672,14673,0,0,0.10526315789473684,19,euclidean,uniform
2897,14673,14674,0,0,0.26315789473684209,19,euclidean,uniform
2898,14682,14683,0,0,0.36842105263157893,19,euclidean,uniform
2899,14683,14684,0,0,0.21052631578947367,19,euclidean,uniform
2900,14684,14685,0,0,0.26315789473684209,19,euclidean,uniform
2901,14690,14691,1,0,0.21052631578947367,19,euclidean,uniform
2902,14691,14692,1,1,0.63157894736842102,19,euclidean,uniform
2903,14696,14697,0,0,0.052631578947368418,19,euclidean,uniform
2904,14701,14702,0,0,0.26315789473684209,19,euclidean,uniform
2905,14704,14705,0,0,0.10526315789473684,19,euclidean,uniform
2906,14707,14708,1,1,0.52631578947368418,19,euclidean,uniform
2907,14717,14718,0,1,0.73684210526315785,19,euclidean,uniform
2908,14722,14723,1,1,0.73684210526315785,19,euclidean,uniform
2909,14723,14724,0,0,0.10526315789473684,19,euclidean,uniform
2910,14725,14726,0,0,0.10526315789473684,19,euclidean,uniform
2911,14727,14728,1,0,0.10526315789473684,19,euclidean,uniform
2912,14736,14737,0,0,0.052631578947368418,19,euclidean,uniform
2913,14740,14741,0,0,0.42105263157894735,19,euclidean,uniform
2914,14748,14749,0,0,0.15789473684210525,19,euclidean,uniform
2915,14752,14753,0,0,0.052631578947368418,19,euclidean,uniform
2916,14757,14758,0,1,0.68421052631578949,19,euclidean,uniform
2917,14761,14762,0,0,0.36842105263157893,19,euclidean,uniform
2918,14763,14764,1,1,0.68421052631578949,19,euclidean,uniform
2919,14766,14767,1,0,0.10526315789473684,19,euclidean,uniform
2920,14768,14769,0,0,0.15789473684210525,19,euclidean,uniform
2921,14786,14787,1,0,0.052631578947368418,19,euclidean,uniform
2922,14793,14794,1,1,0.78947368421052633,19,euclidean,uniform
2923,14800,14801,1,0,0.26315789473684209,19,euclidean,uniform
2924,14801,14802,0,0,0.26315789473684209,19,euclidean,uniform
2925,14805,14806,0,1,0.63157894736842102,19,euclidean,uniform
2926,14807,14808,0,1,0.63157894736842102,19,euclidean,uniform
2927,14811,14812,0,0,0.10526315789473684,19,euclidean,uniform
2928,14814,14815,0,0,0.31578947368421051,19,euclidean,uniform
2929,14818,14819,0,0,0.15789473684210525,19,euclidean,uniform
2930,14821,14822,0,0,0.052631578947368418,19,euclidean,uniform
2931,14822,14823,1,0,0.21052631578947367,19,euclidean,uniform
2932,14823,14824,0,0,0.26315789473684209,19,euclidean,uniform
2933,14834,14835,0,0,0.10526315789473684,19,euclidean,uniform
2934,14835,14836,0,0,0.10526315789473684,19,euclidean,uniform
2935,14855,14856,0,0,0.15789473684210525,19,euclidean,uniform
2936,14860,14861,0,1,0.78947368421052633,19,euclidean,uniform
2937,14862,14863,0,0,0.21052631578947367,19,euclidean,uniform
2938,14864,14865,1,0,0.36842105263157893,19,euclidean,uniform
2939,14873,14874,1,0,0.36842105263157893,19,euclidean,uniform
2940,14879,14880,0,0,0,19,euclidean,uniform
2941,14881,14882,0,0,0.42105263157894735,19,euclidean,uniform
2942,14882,14883,0,0,0,19,euclidean,uniform
2943,14883,14884,1,1,0.52631578947368418,19,euclidean,uniform
2944,14884,14885,1,0,0.21052631578947367,19,euclidean,uniform
2945,14888,14889,0,0,0.31578947368421051,19,euclidean,uniform
2946,14890,14891,0,0,0.26315789473684209,19,euclidean,uniform
2947,14899,14900,0,0,0.052631578947368418,19,euclidean,uniform
2948,14902,14903,0,0,0.052631578947368418,19,euclidean,uniform
2949,14911,14912,0,0,0.10526315789473684,19,euclidean,uniform
2950,14914,14915,1,1,0.73684210526315785,19,euclidean,uniform
2951,14915,14916,0,0,0.10526315789473684,19,euclidean,uniform
2952,14919,14920,0,0,0.10526315789473684,19,euclidean,uniform
2953,14922,14923,0,1,0.57894736842105265,19,euclidean,uniform
2954,14924,14925,0,0,0.10526315789473684,19,euclidean,uniform
2955,14926,14927,0,0,0.10526315789473684,19,euclidean,uniform
2956,14927,14928,1,0,0.36842105263157893,19,euclidean,uniform
2957,14936,14937,1,0,0.10526315789473684,19,euclidean,uniform
2958,14940,14941,0,0,0.21052631578947367,19,euclidean,uniform
2959,14944,14945,0,0,0.21052631578947367,19,euclidean,uniform
2960,14945,14946,1,0,0.21052631578947367,19,euclidean,uniform
2961,14955,14956,0,0,0.10526315789473684,19,euclidean,uniform
2962,14956,14957,0,0,0.10526315789473684,19,euclidean,uniform
2963,14959,14960,0,0,0.36842105263157893,19,euclidean,uniform
2964,14961,14962,0,0,0.36842105263157893,19,euclidean,uniform
2965,14965,14966,0,0,0.10526315789473684,19,euclidean,uniform
2966,14967,14968,0,0,0.10526315789473684,19,euclidean,uniform
2967,14969,14970,1,0,0.15789473684210525,19,euclidean,uniform
2968,14971,14972,1,0,0.42105263157894735,19,euclidean,uniform
2969,14973,14974,1,1,0.84210526315789469,19,euclidean,uniform
2970,14975,14976,1,0,0.10526315789473684,19,euclidean,uniform
2971,14980,14981,1,1,0.63157894736842102,19,euclidean,uniform
2972,14989,14990,0,0,0.15789473684210525,19,euclidean,uniform
2973,14995,14996,0,0,0.15789473684210525,19,euclidean,uniform
2974,15016,15017,0,1,0.68421052631578949,19,euclidean,uniform
2975,15018,15019,0,1,0.63157894736842102,19,euclidean,uniform
2976,15020,15021,0,0,0.42105263157894735,19,euclidean,uniform
2977,15024,15025,0,1,0.52631578947368418,19,euclidean,uniform
2978,15028,15029,0,0,0.10526315789473684,19,euclidean,uniform
2979,15030,15031,1,0,0.47368421052631576,19,euclidean,uniform
2980,15033,15034,1,1,0.78947368421052633,19,euclidean,uniform
2981,15037,15038,0,0,0.42105263157894735,19,euclidean,uniform
2982,15041,15042,0,0,0.10526315789473684,19,euclidean,uniform
2983,15048,15049,0,0,0.052631578947368418,19,euclidean,uniform
2984,15051,15052,0,0,0,19,euclidean,uniform
2985,15056,15057,0,1,0.63157894736842102,19,euclidean,uniform
2986,15066,15067,0,0,0.10526315789473684,19,euclidean,uniform
2987,15074,15075,0,0,0.21052631578947367,19,euclidean,uniform
2988,15075,15076,0,0,0,19,euclidean,uniform
2989,15083,15084,0,0,0.052631578947368418,19,euclidean,uniform
2990,15084,15085,1,0,0.15789473684210525,19,euclidean,uniform
2991,15085,15086,0,0,0,19,euclidean,uniform
2992,15088,15089,0,0,0.47368421052631576,19,euclidean,uniform
2993,15089,15090,0,0,0.21052631578947367,19,euclidean,uniform
2994,15096,15097,0,0,0,19,euclidean,uniform
2995,15101,15102,0,0,0.052631578947368418,19,euclidean,uniform
2996,15102,15103,0,1,0.52631578947368418,19,euclidean,uniform
2997,15104,15105,0,0,0.052631578947368418,19,euclidean,uniform
2998,15110,15111,0,1,0.57894736842105265,19,euclidean,uniform
2999,15112,15113,0,0,0.052631578947368418,19,euclidean,uniform
3000,15117,15118,0,1,0.78947368421052633,19,euclidean,uniform
3001,15119,15120,1,1,0.63157894736842102,19,euclidean,uniform
3002,15122,15123,0,0,0.21052631578947367,19,euclidean,uniform
3003,15139,15140,1,0,0.052631578947368418,19,euclidean,uniform
3004,15142,15143,0,0,0.15789473684210525,19,euclidean,uniform
3005,15143,15144,0,0,0.052631578947368418,19,euclidean,uniform
3006,15144,15145,0,0,0.052631578947368418,19,euclidean,uniform
3007,15151,15152,1,1,0.63157894736842102,19,euclidean,uniform
3008,15156,15157,0,0,0.15789473684210525,19,euclidean,uniform
3009,15159,15160,0,1,0.57894736842105265,19,euclidean,uniform
3010,15160,15161,1,1,0.68421052631578949,19,euclidean,uniform
3011,15161,15162,0,0,0.21052631578947367,19,euclidean,uniform
3012,15166,15167,0,0,0.10526315789473684,19,euclidean,uniform
3013,15167,15168,0,0,0.21052631578947367,19,euclidean,uniform
3014,15170,15171,0,0,0.15789473684210525,19,euclidean,uniform
3015,15177,15178,0,0,0.10526315789473684,19,euclidean,uniform
3016,15180,15181,1,1,0.68421052631578949,19,euclidean,uniform
3017,15183,15184,0,0,0.10526315789473684,19,euclidean,uniform
3018,15191,15192,0,0,0.052631578947368418,19,euclidean,uniform
3019,15195,15196,0,0,0.21052631578947367,19,euclidean,uniform
3020,15197,15198,0,0,0.052631578947368418,19,euclidean,uniform
3021,15200,15201,1,1,0.68421052631578949,19,euclidean,uniform
3022,15201,15202,1,1,0.84210526315789469,19,euclidean,uniform
3023,15208,15209,0,0,0.21052631578947367,19,euclidean,uniform
3024,15212,15213,1,0,0.15789473684210525,19,euclidean,uniform
3025,15223,15224,1,0,0.15789473684210525,19,euclidean,uniform
3026,15224,15225,0,0,0.21052631578947367,19,euclidean,uniform
3027,15225,15226,1,1,0.73684210526315785,19,euclidean,uniform
3028,15228,15229,0,1,0.57894736842105265,19,euclidean,uniform
3029,15242,15243,0,0,0.15789473684210525,19,euclidean,uniform
3030,15249,15250,0,0,0.052631578947368418,19,euclidean,uniform
3031,15253,15254,0,0,0,19,euclidean,uniform
3032,15255,15256,0,0,0.15789473684210525,19,euclidean,uniform
3033,15258,15259,0,0,0.10526315789473684,19,euclidean,uniform
3034,15263,15264,0,0,0.052631578947368418,19,euclidean,uniform
3035,15265,15266,0,0,0.052631578947368418,19,euclidean,uniform
3036,15267,15268,0,1,0.52631578947368418,19,euclidean,uniform
3037,15270,15271,1,0,0.26315789473684209,19,euclidean,uniform
3038,15279,15280,1,0,0.42105263157894735,19,euclidean,uniform
3039,15282,15283,0,0,0.052631578947368418,19,euclidean,uniform
3040,15284,15285,0,0,0.10526315789473684,19,euclidean,uniform
3041,15288,15289,0,0,0,19,euclidean,uniform
3042,15296,15297,0,0,0.31578947368421051,19,euclidean,uniform
3043,15300,15301,0,0,0.052631578947368418,19,euclidean,uniform
3044,15303,15304,1,0,0.15789473684210525,19,euclidean,uniform
3045,15304,15305,0,0,0.052631578947368418,19,euclidean,uniform
3046,15308,15309,0,1,0.57894736842105265,19,euclidean,uniform
3047,15309,15310,0,0,0.15789473684210525,19,euclidean,uniform
3048,15311,15312,0,0,0.21052631578947367,19,euclidean,uniform
3049,15312,15313,0,0,0.10526315789473684,19,euclidean,uniform
3050,15316,15317,1,0,0.31578947368421051,19,euclidean,uniform
3051,15330,15331,0,0,0.10526315789473684,19,euclidean,uniform
3052,15336,15337,0,0,0.21052631578947367,19,euclidean,uniform
3053,15348,15349,0,0,0,19,euclidean,uniform
3054,15352,15353,0,0,0.31578947368421051,19,euclidean,uniform
3055,15360,15361,0,0,0.15789473684210525,19,euclidean,uniform
3056,15362,15363,0,0,0.052631578947368418,19,euclidean,uniform
3057,15367,15368,0,0,0.42105263157894735,19,euclidean,uniform
3058,15373,15374,0,0,0,19,euclidean,uniform
3059,15375,15376,0,0,0.15789473684210525,19,euclidean,uniform
3060,15385,15386,1,0,0.36842105263157893,19,euclidean,uniform
3061,15386,15387,0,0,0.10526315789473684,19,euclidean,uniform
3062,15387,15388,0,0,0.10526315789473684,19,euclidean,uniform
3063,15393,15394,0,0,0.31578947368421051,19,euclidean,uniform
3064,15397,15398,0,0,0.052631578947368418,19,euclidean,uniform
3065,15399,15400,0,0,0.21052631578947367,19,euclidean,uniform
3066,15400,15401,0,1,0.68421052631578949,19,euclidean,uniform
3067,15402,15403,0,0,0.10526315789473684,19,euclidean,uniform
3068,15405,15406,0,0,0.21052631578947367,19,euclidean,uniform
3069,15407,15408,0,0,0.052631578947368418,19,euclidean,uniform
3070,15416,15417,0,0,0.31578947368421051,19,euclidean,uniform
3071,15421,15422,1,0,0.47368421052631576,19,euclidean,uniform
3072,15422,15423,0,0,0,19,euclidean,uniform
3073,15423,15424,0,0,0.31578947368421051,19,euclidean,uniform
3074,15424,15425,1,1,0.63157894736842102,19,euclidean,uniform
3075,15425,15426,0,0,0.052631578947368418,19,euclidean,uniform
3076,15449,15450,0,0,0,19,euclidean,uniform
3077,15452,15453,0,0,0.26315789473684209,19,euclidean,uniform
3078,15454,15455,1,1,0.68421052631578949,19,euclidean,uniform
3079,15457,15458,0,0,0.42105263157894735,19,euclidean,uniform
3080,15460,15461,0,0,0.10526315789473684,19,euclidean,uniform
3081,15462,15463,0,0,0.15789473684210525,19,euclidean,uniform
3082,15464,15465,0,0,0.10526315789473684,19,euclidean,uniform
3083,15468,15469,1,0,0.15789473684210525,19,euclidean,uniform
3084,15469,15470,1,1,0.84210526315789469,19,euclidean,uniform
3085,15478,15479,0,0,0,19,euclidean,uniform
3086,15482,15483,0,0,0.10526315789473684,19,euclidean,uniform
3087,15491,15492,0,0,0.052631578947368418,19,euclidean,uniform
3088,15497,15498,1,1,0.78947368421052633,19,euclidean,uniform
3089,15506,15507,0,0,0.21052631578947367,19,euclidean,uniform
3090,15513,15514,1,0,0,19,euclidean,uniform
3091,15519,15520,0,0,0.15789473684210525,19,euclidean,uniform
3092,15520,15521,0,0,0,19,euclidean,uniform
3093,15523,15524,0,0,0,19,euclidean,uniform
3094,15525,15526,0,0,0.15789473684210525,19,euclidean,uniform
3095,15527,15528,0,0,0.052631578947368418,19,euclidean,uniform
3096,15529,15530,0,0,0.052631578947368418,19,euclidean,uniform
3097,15531,15532,1,0,0.36842105263157893,19,euclidean,uniform
3098,15541,15542,0,0,0.10526315789473684,19,euclidean,uniform
3099,15545,15546,1,1,0.52631578947368418,19,euclidean,uniform
3100,15548,15549,1,0,0.052631578947368418,19,euclidean,uniform
3101,15557,15558,0,0,0,19,euclidean,uniform
3102,15568,15569,0,0,0,19,euclidean,uniform
3103,15573,15574,0,0,0.26315789473684209,19,euclidean,uniform
3104,15586,15587,0,0,0.10526315789473684,19,euclidean,uniform
3105,15588,15589,0,0,0,19,euclidean,uniform
3106,15590,15591,0,0,0.10526315789473684,19,euclidean,uniform
3107,15593,15594,1,0,0.42105263157894735,19,euclidean,uniform
3108,15596,15597,0,0,0.21052631578947367,19,euclidean,uniform
3109,15599,15600,1,1,0.57894736842105265,19,euclidean,uniform
3110,15603,15604,0,0,0.052631578947368418,19,euclidean,uniform
3111,15613,15614,0,0,0.10526315789473684,19,euclidean,uniform
3112,15615,15616,1,1,0.52631578947368418,19,euclidean,uniform
3113,15617,15618,0,0,0.15789473684210525,19,euclidean,uniform
3114,15618,15619,1,0,0.052631578947368418,19,euclidean,uniform
3115,15621,15622,0,0,0,19,euclidean,uniform
3116,15635,15636,0,0,0.10526315789473684,19,euclidean,uniform
3117,15639,15640,0,0,0.10526315789473684,19,euclidean,uniform
3118,15641,15642,0,0,0.10526315789473684,19,euclidean,uniform
3119,15653,15654,0,0,0.26315789473684209,19,euclidean,uniform
3120,15654,15655,0,0,0.15789473684210525,19,euclidean,uniform
3121,15659,15660,0,0,0,19,euclidean,uniform
3122,15660,15661,0,0,0.36842105263157893,19,euclidean,uniform
3123,15666,15667,0,0,0.15789473684210525,19,euclidean,uniform
3124,15669,15670,0,0,0.15789473684210525,19,euclidean,uniform
3125,15674,15675,0,0,0.21052631578947367,19,euclidean,uniform
3126,15681,15682,1,0,0.42105263157894735,19,euclidean,uniform
3127,15683,15684,0,0,0.47368421052631576,19,euclidean,uniform
3128,15690,15691,0,0,0.26315789473684209,19,euclidean,uniform
3129,15692,15693,0,0,0.15789473684210525,19,euclidean,uniform
3130,15693,15694,0,0,0.052631578947368418,19,euclidean,uniform
3131,15697,15698,0,0,0.15789473684210525,19,euclidean,uniform
3132,15699,15700,0,0,0.47368421052631576,19,euclidean,uniform
3133,15702,15703,0,0,0,19,euclidean,uniform
3134,15703,15704,0,0,0.31578947368421051,19,euclidean,uniform
3135,15705,15706,0,0,0.26315789473684209,19,euclidean,uniform
3136,15712,15713,0,0,0.15789473684210525,19,euclidean,uniform
3137,15717,15718,0,0,0.15789473684210525,19,euclidean,uniform
3138,15720,15721,0,0,0.15789473684210525,19,euclidean,uniform
3139,15722,15723,0,0,0.15789473684210525,19,euclidean,uniform
3140,15728,15729,0,0,0.10526315789473684,19,euclidean,uniform
3141,15730,15731,0,0,0.21052631578947367,19,euclidean,uniform
3142,15731,15732,0,0,0.26315789473684209,19,euclidean,uniform
3143,15743,15744,0,0,0.15789473684210525,19,euclidean,uniform
3144,15752,15753,0,1,0.73684210526315785,19,euclidean,uniform
3145,15757,15758,1,1,0.73684210526315785,19,euclidean,uniform
3146,15761,15762,0,0,0,19,euclidean,uniform
3147,15764,15765,0,0,0.10526315789473684,19,euclidean,uniform
3148,15767,15768,0,0,0.21052631578947367,19,euclidean,uniform
3149,15769,15770,0,0,0.052631578947368418,19,euclidean,uniform
3150,15774,15775,1,1,0.68421052631578949,19,euclidean,uniform
3151,15777,15778,1,0,0.47368421052631576,19,euclidean,uniform
3152,15784,15785,1,1,0.63157894736842102,19,euclidean,uniform
3153,15787,15788,0,0,0,19,euclidean,uniform
3154,15790,15791,0,0,0.10526315789473684,19,euclidean,uniform
3155,15793,15794,0,0,0.10526315789473684,19,euclidean,uniform
3156,15794,15795,0,0,0.15789473684210525,19,euclidean,uniform
3157,15799,15800,0,0,0.15789473684210525,19,euclidean,uniform
3158,15801,15802,0,0,0.052631578947368418,19,euclidean,uniform
3159,15806,15807,0,0,0,19,euclidean,uniform
3160,15810,15811,1,1,0.57894736842105265,19,euclidean,uniform
3161,15818,15819,0,0,0,19,euclidean,uniform
3162,15821,15822,0,0,0.21052631578947367,19,euclidean,uniform
3163,15836,15837,0,0,0.15789473684210525,19,euclidean,uniform
3164,15847,15848,0,0,0.052631578947368418,19,euclidean,uniform
3165,15848,15849,0,0,0,19,euclidean,uniform
3166,15859,15860,0,0,0.10526315789473684,19,euclidean,uniform
3167,15861,15862,1,1,0.57894736842105265,19,euclidean,uniform
3168,15868,15869,0,0,0,19,euclidean,uniform
3169,15872,15873,0,0,0,19,euclidean,uniform
3170,15877,15878,1,0,0.26315789473684209,19,euclidean,uniform
3171,15882,15883,0,0,0.10526315789473684,19,euclidean,uniform
3172,15886,15887,0,0,0.26315789473684209,19,euclidean,uniform
3173,15887,15888,0,0,0,19,euclidean,uniform
3174,15888,15889,0,0,0.42105263157894735,19,euclidean,uniform
3175,15889,15890,0,0,0.052631578947368418,19,euclidean,uniform
3176,15890,15891,1,1,0.57894736842105265,19,euclidean,uniform
3177,15897,15898,0,0,0.47368421052631576,19,euclidean,uniform
3178,15899,15900,0,0,0.21052631578947367,19,euclidean,uniform
3179,15900,15901,0,0,0.10526315789473684,19,euclidean,uniform
3180,15906,15907,0,0,0,19,euclidean,uniform
3181,15909,15910,0,1,0.73684210526315785,19,euclidean,uniform
3182,15923,15924,0,0,0.10526315789473684,19,euclidean,uniform
3183,15925,15926,0,0,0.10526315789473684,19,euclidean,uniform
3184,15930,15931,0,0,0.10526315789473684,19,euclidean,uniform
3185,15935,15936,1,1,0.78947368421052633,19,euclidean,uniform
3186,15945,15946,0,0,0,19,euclidean,uniform
3187,15950,15951,1,0,0.47368421052631576,19,euclidean,uniform
3188,15955,15956,0,0,0,19,euclidean,uniform
3189,15960,15961,0,0,0,19,euclidean,uniform
3190,15964,15965,1,1,0.68421052631578949,19,euclidean,uniform
3191,15972,15973,1,0,0.42105263157894735,19,euclidean,uniform
3192,15974,15975,0,0,0.052631578947368418,19,euclidean,uniform
3193,15976,15977,1,0,0.36842105263157893,19,euclidean,uniform
3194,15980,15981,0,0,0.42105263157894735,19,euclidean,uniform
3195,15988,15989,1,0,0.052631578947368418,19,euclidean,uniform
3196,15996,15997,1,0,0.052631578947368418,19,euclidean,uniform
3197,16005,16006,0,0,0.10526315789473684,19,euclidean,uniform
3198,16007,16008,0,1,0.57894736842105265,19,euclidean,uniform
3199,16009,16010,0,0,0.21052631578947367,19,euclidean,uniform
3200,16012,16013,0,0,0.15789473684210525,19,euclidean,uniform
3201,16018,16019,0,0,0,19,euclidean,uniform
3202,16050,16051,0,0,0.052631578947368418,19,euclidean,uniform
3203,16051,16052,0,0,0.15789473684210525,19,euclidean,uniform
3204,16055,16056,0,0,0.15789473684210525,19,euclidean,uniform
3205,16056,16057,0,0,0.10526315789473684,19,euclidean,uniform
3206,16069,16070,0,0,0.21052631578947367,19,euclidean,uniform
3207,16071,16072,0,0,0,19,euclidean,uniform
3208,16073,16074,0,0,0.15789473684210525,19,euclidean,uniform
3209,16080,16081,0,0,0,19,euclidean,uniform
3210,16081,16082,0,0,0,19,euclidean,uniform
3211,16087,16088,1,0,0.21052631578947367,19,euclidean,uniform
3212,16088,16089,1,0,0.10526315789473684,19,euclidean,uniform
3213,16099,16100,1,0,0,19,euclidean,uniform
3214,16100,16101,1,0,0.36842105263157893,19,euclidean,uniform
3215,16103,16104,0,1,0.52631578947368418,19,euclidean,uniform
3216,16104,16105,1,0,0.052631578947368418,19,euclidean,uniform
3217,16121,16122,1,0,0.31578947368421051,19,euclidean,uniform
3218,16123,16124,0,0,0.15789473684210525,19,euclidean,uniform
3219,16125,16126,1,1,0.52631578947368418,19,euclidean,uniform
3220,16128,16129,1,0,0,19,euclidean,uniform
3221,16129,16130,0,0,0.15789473684210525,19,euclidean,uniform
3222,16131,16132,0,0,0.31578947368421051,19,euclidean,uniform
3223,16132,16133,1,1,0.78947368421052633,19,euclidean,uniform
3224,16139,16140,0,0,0.052631578947368418,19,euclidean,uniform
3225,16143,16144,0,0,0.052631578947368418,19,euclidean,uniform
3226,16147,16148,0,0,0.10526315789473684,19,euclidean,uniform
3227,16176,16177,0,0,0.15789473684210525,19,euclidean,uniform
3228,16192,16193,0,0,0,19,euclidean,uniform
3229,16195,16196,1,0,0.15789473684210525,19,euclidean,uniform
3230,16219,16220,1,0,0.31578947368421051,19,euclidean,uniform
3231,16240,16241,0,0,0.10526315789473684,19,euclidean,uniform
3232,16249,16250,0,0,0.26315789473684209,19,euclidean,uniform
3233,16250,16251,0,0,0.31578947368421051,19,euclidean,uniform
3234,16254,16255,1,0,0.15789473684210525,19,euclidean,uniform
3235,16256,16257,0,0,0.15789473684210525,19,euclidean,uniform
3236,16262,16263,0,0,0.10526315789473684,19,euclidean,uniform
3237,16266,16267,0,0,0.052631578947368418,19,euclidean,uniform
3238,16271,16272,0,0,0.15789473684210525,19,euclidean,uniform
3239,16273,16274,0,0,0.26315789473684209,19,euclidean,uniform
3240,16276,16277,1,0,0,19,euclidean,uniform
3241,16277,16278,0,0,0.052631578947368418,19,euclidean,uniform
3242,16279,16280,0,0,0.10526315789473684,19,euclidean,uniform
3243,16283,16284,0,0,0.052631578947368418,19,euclidean,uniform
3244,16294,16295,1,0,0.47368421052631576,19,euclidean,uniform
3245,16308,16309,0,0,0.15789473684210525,19,euclidean,uniform
3246,16312,16313,0,0,0,19,euclidean,uniform
3247,16321,16322,0,0,0,19,euclidean,uniform
3248,16325,16326,0,0,0.47368421052631576,19,euclidean,uniform
3249,16327,16328,0,0,0.10526315789473684,19,euclidean,uniform
3250,16335,16336,0,0,0.26315789473684209,19,euclidean,uniform
3251,16342,16343,0,0,0.10526315789473684,19,euclidean,uniform
3252,16344,16345,0,0,0.26315789473684209,19,euclidean,uniform
3253,16362,16363,0,0,0.36842105263157893,19,euclidean,uniform
3254,16367,16368,1,0,0.21052631578947367,19,euclidean,uniform
3255,16373,16374,0,0,0,19,euclidean,uniform
3256,16377,16378,0,0,0.052631578947368418,19,euclidean,uniform
3257,16380,16381,1,0,0.21052631578947367,19,euclidean,uniform
3258,16387,16388,0,0,0.10526315789473684,19,euclidean,uniform
3259,16392,16393,0,0,0.10526315789473684,19,euclidean,uniform
3260,16393,16394,0,0,0.21052631578947367,19,euclidean,uniform
3261,16395,16396,0,0,0.052631578947368418,19,euclidean,uniform
3262,16401,16402,0,0,0.26315789473684209,19,euclidean,uniform
3263,16406,16407,1,0,0.15789473684210525,19,euclidean,uniform
3264,16417,16418,0,0,0.15789473684210525,19,euclidean,uniform
3265,16424,16425,0,0,0.10526315789473684,19,euclidean,uniform
3266,16429,16430,0,0,0.31578947368421051,19,euclidean,uniform
3267,16435,16436,0,0,0.15789473684210525,19,euclidean,uniform
3268,16436,16437,0,0,0.36842105263157893,19,euclidean,uniform
3269,16445,16446,0,0,0.10526315789473684,19,euclidean,uniform
3270,16446,16447,1,1,0.63157894736842102,19,euclidean,uniform
3271,16452,16453,0,0,0.15789473684210525,19,euclidean,uniform
3272,16456,16457,1,0,0.052631578947368418,19,euclidean,uniform
3273,16459,16460,1,1,0.57894736842105265,19,euclidean,uniform
3274,16460,16461,0,0,0.15789473684210525,19,euclidean,uniform
3275,16463,16464,1,1,0.57894736842105265,19,euclidean,uniform
3276,16468,16469,0,0,0.052631578947368418,19,euclidean,uniform
3277,16470,16471,0,0,0.21052631578947367,19,euclidean,uniform
3278,16490,16491,1,0,0.42105263157894735,19,euclidean,uniform
3279,16494,16495,0,0,0.052631578947368418,19,euclidean,uniform
3280,16503,16504,0,0,0.31578947368421051,19,euclidean,uniform
3281,16508,16509,0,0,0.21052631578947367,19,euclidean,uniform
3282,16516,16517,0,0,0.10526315789473684,19,euclidean,uniform
3283,16519,16520,1,0,0.36842105263157893,19,euclidean,uniform
3284,16522,16523,0,0,0.36842105263157893,19,euclidean,uniform
3285,16523,16524,0,0,0.21052631578947367,19,euclidean,uniform
3286,16524,16525,0,0,0.47368421052631576,19,euclidean,uniform
3287,16526,16527,0,1,0.57894736842105265,19,euclidean,uniform
3288,16533,16534,0,0,0.10526315789473684,19,euclidean,uniform
3289,16542,16543,1,1,0.84210526315789469,19,euclidean,uniform
3290,16545,16546,0,0,0.26315789473684209,19,euclidean,uniform
3291,16554,16555,1,1,0.84210526315789469,19,euclidean,uniform
3292,16564,16565,0,0,0.052631578947368418,19,euclidean,uniform
3293,16571,16572,0,1,0.57894736842105265,19,euclidean,uniform
3294,16575,16576,0,0,0.21052631578947367,19,euclidean,uniform
3295,16580,16581,0,0,0.10526315789473684,19,euclidean,uniform
3296,16582,16583,1,0,0.10526315789473684,19,euclidean,uniform
3297,16585,16586,0,0,0.052631578947368418,19,euclidean,uniform
3298,16586,16587,0,0,0,19,euclidean,uniform
3299,16594,16595,1,0,0.42105263157894735,19,euclidean,uniform
3300,16597,16598,0,0,0.052631578947368418,19,euclidean,uniform
3301,16606,16607,0,0,0.052631578947368418,19,euclidean,uniform
3302,16611,16612,0,0,0.36842105263157893,19,euclidean,uniform
3303,16612,16613,1,1,0.68421052631578949,19,euclidean,uniform
3304,16622,16623,1,1,0.52631578947368418,19,euclidean,uniform
3305,16625,16626,1,1,0.68421052631578949,19,euclidean,uniform
3306,16629,16630,0,0,0.15789473684210525,19,euclidean,uniform
3307,16630,16631,0,0,0.31578947368421051,19,euclidean,uniform
3308,16638,16639,0,0,0.15789473684210525,19,euclidean,uniform
3309,16642,16643,0,1,0.52631578947368418,19,euclidean,uniform
3310,16655,16656,0,0,0.052631578947368418,19,euclidean,uniform
3311,16656,16657,0,0,0.21052631578947367,19,euclidean,uniform
3312,16658,16659,0,0,0.21052631578947367,19,euclidean,uniform
3313,16660,16661,0,0,0.26315789473684209,19,euclidean,uniform
3314,16664,16665,0,0,0.15789473684210525,19,euclidean,uniform
3315,16665,16666,0,0,0,19,euclidean,uniform
3316,16672,16673,0,1,0.57894736842105265,19,euclidean,uniform
3317,16682,16683,0,0,0.10526315789473684,19,euclidean,uniform
3318,16685,16686,0,0,0.42105263157894735,19,euclidean,uniform
3319,16686,16687,1,1,0.68421052631578949,19,euclidean,uniform
3320,16689,16690,1,1,0.78947368421052633,19,euclidean,uniform
3321,16702,16703,0,0,0.21052631578947367,19,euclidean,uniform
3322,16704,16705,0,1,0.57894736842105265,19,euclidean,uniform
3323,16706,16707,0,0,0.15789473684210525,19,euclidean,uniform
3324,16712,16713,0,0,0.15789473684210525,19,euclidean,uniform
3325,16716,16717,0,0,0.15789473684210525,19,euclidean,uniform
3326,16729,16730,1,0,0.42105263157894735,19,euclidean,uniform
3327,16734,16735,0,0,0.10526315789473684,19,euclidean,uniform
3328,16748,16749,0,1,0.78947368421052633,19,euclidean,uniform
3329,16756,16757,0,0,0.10526315789473684,19,euclidean,uniform
3330,16760,16761,0,0,0.15789473684210525,19,euclidean,uniform
3331,16761,16762,0,0,0.15789473684210525,19,euclidean,uniform
3332,16768,16769,0,1,0.57894736842105265,19,euclidean,uniform
3333,16782,16783,1,0,0.31578947368421051,19,euclidean,uniform
3334,16785,16786,1,1,0.57894736842105265,19,euclidean,uniform
3335,16788,16789,1,1,0.84210526315789469,19,euclidean,uniform
3336,16795,16796,0,0,0,19,euclidean,uniform
3337,16803,16804,0,0,0.052631578947368418,19,euclidean,uniform
3338,16808,16809,0,0,0.15789473684210525,19,euclidean,uniform
3339,16810,16811,0,0,0.052631578947368418,19,euclidean,uniform
3340,16818,16819,0,0,0.15789473684210525,19,euclidean,uniform
3341,16820,16821,0,0,0.21052631578947367,19,euclidean,uniform
3342,16823,16824,0,0,0.10526315789473684,19,euclidean,uniform
3343,16830,16831,0,0,0.15789473684210525,19,euclidean,uniform
3344,16833,16834,0,0,0.47368421052631576,19,euclidean,uniform
3345,16841,16842,0,0,0.15789473684210525,19,euclidean,uniform
3346,16842,16843,0,0,0.10526315789473684,19,euclidean,uniform
3347,16846,16847,0,0,0.10526315789473684,19,euclidean,uniform
3348,16853,16854,1,1,0.78947368421052633,19,euclidean,uniform
3349,16856,16857,0,1,0.73684210526315785,19,euclidean,uniform
3350,16866,16867,0,0,0.21052631578947367,19,euclidean,uniform
3351,16882,16883,0,0,0.052631578947368418,19,euclidean,uniform
3352,16884,16885,1,0,0.26315789473684209,19,euclidean,uniform
3353,16890,16891,0,0,0.052631578947368418,19,euclidean,uniform
3354,16891,16892,0,0,0.36842105263157893,19,euclidean,uniform
3355,16906,16907,0,0,0.10526315789473684,19,euclidean,uniform
3356,16909,16910,0,0,0.15789473684210525,19,euclidean,uniform
3357,16913,16914,0,0,0.31578947368421051,19,euclidean,uniform
3358,16915,16916,0,0,0.052631578947368418,19,euclidean,uniform
3359,16921,16922,0,0,0.10526315789473684,19,euclidean,uniform
3360,16931,16932,0,0,0.26315789473684209,19,euclidean,uniform
3361,16934,16935,0,0,0.31578947368421051,19,euclidean,uniform
3362,16938,16939,0,0,0.052631578947368418,19,euclidean,uniform
3363,16940,16941,1,0,0.15789473684210525,19,euclidean,uniform
3364,16945,16946,0,0,0.31578947368421051,19,euclidean,uniform
3365,16947,16948,0,0,0,19,euclidean,uniform
3366,16954,16955,0,0,0.21052631578947367,19,euclidean,uniform
3367,16964,16965,0,0,0,19,euclidean,uniform
3368,16969,16970,1,0,0.21052631578947367,19,euclidean,uniform
3369,16991,16992,1,1,0.68421052631578949,19,euclidean,uniform
3370,16994,16995,1,1,0.78947368421052633,19,euclidean,uniform
3371,16996,16997,0,0,0.15789473684210525,19,euclidean,uniform
3372,17004,17005,0,1,0.73684210526315785,19,euclidean,uniform
3373,17005,17006,0,0,0.21052631578947367,19,euclidean,uniform
3374,17011,17012,0,0,0.21052631578947367,19,euclidean,uniform
3375,17016,17017,0,0,0,19,euclidean,uniform
3376,17021,17022,0,0,0.47368421052631576,19,euclidean,uniform
3377,17023,17024,1,0,0.052631578947368418,19,euclidean,uniform
3378,17029,17030,0,0,0.21052631578947367,19,euclidean,uniform
3379,17042,17043,0,0,0.052631578947368418,19,euclidean,uniform
3380,17043,17044,1,1,0.57894736842105265,19,euclidean,uniform
3381,17056,17057,0,0,0.15789473684210525,19,euclidean,uniform
3382,17060,17061,1,0,0.15789473684210525,19,euclidean,uniform
3383,17061,17062,0,1,0.78947368421052633,19,euclidean,uniform
3384,17065,17066,0,0,0.26315789473684209,19,euclidean,uniform
3385,17074,17075,0,0,0.10526315789473684,19,euclidean,uniform
3386,17076,17077,1,1,0.68421052631578949,19,euclidean,uniform
3387,17085,17086,1,0,0.47368421052631576,19,euclidean,uniform
3388,17089,17090,0,1,0.57894736842105265,19,euclidean,uniform
3389,17093,17094,0,0,0.052631578947368418,19,euclidean,uniform
3390,17102,17103,0,0,0,19,euclidean,uniform
3391,17110,17111,0,0,0.21052631578947367,19,euclidean,uniform
3392,17111,17112,0,0,0.42105263157894735,19,euclidean,uniform
3393,17119,17120,0,0,0.10526315789473684,19,euclidean,uniform
3394,17120,17121,0,1,0.52631578947368418,19,euclidean,uniform
3395,17121,17122,1,1,0.89473684210526316,19,euclidean,uniform
3396,17128,17129,0,0,0.36842105263157893,19,euclidean,uniform
3397,17133,17134,1,1,0.63157894736842102,19,euclidean,uniform
3398,17137,17138,1,0,0.15789473684210525,19,euclidean,uniform
3399,17142,17143,1,1,0.52631578947368418,19,euclidean,uniform
3400,17157,17158,0,0,0.15789473684210525,19,euclidean,uniform
3401,17163,17164,0,0,0.15789473684210525,19,euclidean,uniform
3402,17165,17166,0,0,0.31578947368421051,19,euclidean,uniform
3403,17166,17167,0,0,0.052631578947368418,19,euclidean,uniform
3404,17168,17169,0,0,0.052631578947368418,19,euclidean,uniform
3405,17172,17173,0,0,0.052631578947368418,19,euclidean,uniform
3406,17174,17175,1,1,0.52631578947368418,19,euclidean,uniform
3407,17175,17176,0,0,0.15789473684210525,19,euclidean,uniform
3408,17176,17177,0,0,0,19,euclidean,uniform
3409,17177,17178,0,0,0.15789473684210525,19,euclidean,uniform
3410,17182,17183,0,0,0,19,euclidean,uniform
3411,17184,17185,0,0,0.15789473684210525,19,euclidean,uniform
3412,17192,17193,0,0,0.052631578947368418,19,euclidean,uniform
3413,17207,17208,1,1,0.78947368421052633,19,euclidean,uniform
3414,17209,17210,0,0,0.10526315789473684,19,euclidean,uniform
3415,17212,17213,0,0,0.21052631578947367,19,euclidean,uniform
3416,17213,17214,1,1,0.52631578947368418,19,euclidean,uniform
3417,17222,17223,0,0,0.10526315789473684,19,euclidean,uniform
3418,17230,17231,1,1,0.73684210526315785,19,euclidean,uniform
3419,17237,17238,0,0,0,19,euclidean,uniform
3420,17240,17241,0,1,0.52631578947368418,19,euclidean,uniform
3421,17242,17243,0,0,0.31578947368421051,19,euclidean,uniform
3422,17243,17244,0,0,0.052631578947368418,19,euclidean,uniform
3423,17248,17249,1,1,0.84210526315789469,19,euclidean,uniform
3424,17252,17253,0,1,0.73684210526315785,19,euclidean,uniform
3425,17257,17258,1,0,0.10526315789473684,19,euclidean,uniform
3426,17266,17267,0,0,0,19,euclidean,uniform
3427,17269,17270,0,0,0,19,euclidean,uniform
3428,17275,17276,0,0,0.10526315789473684,19,euclidean,uniform
3429,17282,17283,1,0,0,19,euclidean,uniform
3430,17294,17295,0,1,0.73684210526315785,19,euclidean,uniform
3431,17295,17296,0,0,0,19,euclidean,uniform
3432,17300,17301,0,0,0,19,euclidean,uniform
3433,17301,17302,0,0,0,19,euclidean,uniform
3434,17304,17305,1,0,0.31578947368421051,19,euclidean,uniform
3435,17314,17315,0,0,0.47368421052631576,19,euclidean,uniform
3436,17318,17319,0,1,0.68421052631578949,19,euclidean,uniform
3437,17319,17320,1,0,0.47368421052631576,19,euclidean,uniform
3438,17323,17324,1,0,0.47368421052631576,19,euclidean,uniform
3439,17328,17329,0,0,0.21052631578947367,19,euclidean,uniform
3440,17338,17339,0,0,0.26315789473684209,19,euclidean,uniform
3441,17349,17350,1,1,0.57894736842105265,19,euclidean,uniform
3442,17354,17355,0,0,0.15789473684210525,19,euclidean,uniform
3443,17361,17362,0,0,0.36842105263157893,19,euclidean,uniform
3444,17375,17376,0,0,0.26315789473684209,19,euclidean,uniform
3445,17376,17377,0,0,0.10526315789473684,19,euclidean,uniform
3446,17379,17380,0,0,0.36842105263157893,19,euclidean,uniform
3447,17382,17383,0,0,0.052631578947368418,19,euclidean,uniform
3448,17391,17392,0,0,0.052631578947368418,19,euclidean,uniform
3449,17393,17394,1,1,0.84210526315789469,19,euclidean,uniform
3450,17395,17396,0,1,0.63157894736842102,19,euclidean,uniform
3451,17399,17400,0,0,0.26315789473684209,19,euclidean,uniform
3452,17401,17402,0,0,0.26315789473684209,19,euclidean,uniform
3453,17404,17405,0,0,0.10526315789473684,19,euclidean,uniform
3454,17405,17406,0,0,0.15789473684210525,19,euclidean,uniform
3455,17408,17409,0,0,0.10526315789473684,19,euclidean,uniform
3456,17410,17411,0,0,0.10526315789473684,19,euclidean,uniform
3457,17412,17413,0,0,0.21052631578947367,19,euclidean,uniform
3458,17413,17414,1,1,0.89473684210526316,19,euclidean,uniform
3459,17417,17418,0,0,0.26315789473684209,19,euclidean,uniform
3460,17420,17421,0,1,0.57894736842105265,19,euclidean,uniform
3461,17423,17424,1,0,0.10526315789473684,19,euclidean,uniform
3462,17426,17427,0,0,0.31578947368421051,19,euclidean,uniform
3463,17434,17435,0,0,0.15789473684210525,19,euclidean,uniform
3464,17435,17436,0,0,0.21052631578947367,19,euclidean,uniform
3465,17448,17449,1,0,0.15789473684210525,19,euclidean,uniform
3466,17454,17455,0,0,0.10526315789473684,19,euclidean,uniform
3467,17461,17462,1,0,0.36842105263157893,19,euclidean,uniform
3468,17462,17463,0,0,0.052631578947368418,19,euclidean,uniform
3469,17467,17468,0,0,0,19,euclidean,uniform
3470,17469,17470,0,0,0.21052631578947367,19,euclidean,uniform
3471,17472,17473,0,0,0.21052631578947367,19,euclidean,uniform
3472,17474,17475,0,0,0,19,euclidean,uniform
3473,17482,17483,1,0,0.36842105263157893,19,euclidean,uniform
3474,17485,17486,1,1,0.73684210526315785,19,euclidean,uniform
3475,17490,17491,0,0,0.15789473684210525,19,euclidean,uniform
3476,17495,17496,0,0,0.10526315789473684,19,euclidean,uniform
3477,17503,17504,0,0,0.052631578947368418,19,euclidean,uniform
3478,17505,17506,0,0,0,19,euclidean,uniform
3479,17508,17509,1,0,0.21052631578947367,19,euclidean,uniform
3480,17510,17511,1,0,0.31578947368421051,19,euclidean,uniform
3481,17518,17519,0,0,0.052631578947368418,19,euclidean,uniform
3482,17519,17520,0,1,0.52631578947368418,19,euclidean,uniform
3483,17522,17523,0,0,0.15789473684210525,19,euclidean,uniform
3484,17531,17532,0,0,0.10526315789473684,19,euclidean,uniform
3485,17535,17536,0,0,0,19,euclidean,uniform
3486,17539,17540,0,0,0.47368421052631576,19,euclidean,uniform
3487,17541,17542,1,0,0.42105263157894735,19,euclidean,uniform
3488,17547,17548,1,0,0.47368421052631576,19,euclidean,uniform
3489,17555,17556,0,0,0.15789473684210525,19,euclidean,uniform
3490,17557,17558,0,0,0.10526315789473684,19,euclidean,uniform
3491,17558,17559,0,1,0.73684210526315785,19,euclidean,uniform
3492,17564,17565,0,0,0.21052631578947367,19,euclidean,uniform
3493,17569,17570,1,1,0.78947368421052633,19,euclidean,uniform
3494,17571,17572,0,0,0.15789473684210525,19,euclidean,uniform
3495,17575,17576,1,0,0.36842105263157893,19,euclidean,uniform
3496,17583,17584,1,0,0.052631578947368418,19,euclidean,uniform
3497,17585,17586,1,1,0.68421052631578949,19,euclidean,uniform
3498,17588,17589,0,0,0.26315789473684209,19,euclidean,uniform
3499,17597,17598,0,0,0.10526315789473684,19,euclidean,uniform
3500,17598,17599,1,0,0.15789473684210525,19,euclidean,uniform
3501,17600,17601,0,0,0.36842105263157893,19,euclidean,uniform
3502,17603,17604,0,0,0,19,euclidean,uniform
3503,17618,17619,1,0,0.47368421052631576,19,euclidean,uniform
3504,17619,17620,1,1,0.68421052631578949,19,euclidean,uniform
3505,17620,17621,0,0,0.26315789473684209,19,euclidean,uniform
3506,17621,17622,0,0,0.10526315789473684,19,euclidean,uniform
3507,17626,17627,0,0,0.26315789473684209,19,euclidean,uniform
3508,17635,17636,0,0,0.052631578947368418,19,euclidean,uniform
3509,17646,17647,0,0,0.10526315789473684,19,euclidean,uniform
3510,17647,17648,1,0,0.42105263157894735,19,euclidean,uniform
3511,17649,17650,1,1,0.57894736842105265,19,euclidean,uniform
3512,17662,17663,0,0,0.26315789473684209,19,euclidean,uniform
3513,17664,17665,0,0,0.10526315789473684,19,euclidean,uniform
3514,17672,17673,0,0,0.15789473684210525,19,euclidean,uniform
3515,17679,17680,0,0,0.10526315789473684,19,euclidean,uniform
3516,17681,17682,1,0,0.36842105263157893,19,euclidean,uniform
3517,17683,17684,0,0,0,19,euclidean,uniform
3518,17685,17686,1,1,0.68421052631578949,19,euclidean,uniform
3519,17691,17692,0,0,0.36842105263157893,19,euclidean,uniform
3520,17693,17694,0,0,0.36842105263157893,19,euclidean,uniform
3521,17694,17695,0,0,0.052631578947368418,19,euclidean,uniform
3522,17701,17702,0,0,0.21052631578947367,19,euclidean,uniform
3523,17707,17708,0,0,0.26315789473684209,19,euclidean,uniform
3524,17720,17721,0,0,0.15789473684210525,19,euclidean,uniform
3525,17728,17729,0,1,0.52631578947368418,19,euclidean,uniform
3526,17730,17731,0,0,0.10526315789473684,19,euclidean,uniform
3527,17735,17736,1,0,0.15789473684210525,19,euclidean,uniform
3528,17737,17738,1,0,0.36842105263157893,19,euclidean,uniform
3529,17738,17739,1,1,0.57894736842105265,19,euclidean,uniform
3530,17739,17740,0,0,0.31578947368421051,19,euclidean,uniform
3531,17753,17754,0,0,0.052631578947368418,19,euclidean,uniform
3532,17758,17759,1,1,0.63157894736842102,19,euclidean,uniform
3533,17759,17760,0,0,0.15789473684210525,19,euclidean,uniform
3534,17762,17763,0,0,0.42105263157894735,19,euclidean,uniform
3535,17767,17768,0,0,0.15789473684210525,19,euclidean,uniform
3536,17769,17770,0,0,0.10526315789473684,19,euclidean,uniform
3537,17773,17774,0,0,0.052631578947368418,19,euclidean,uniform
3538,17774,17775,1,1,0.78947368421052633,19,euclidean,uniform
3539,17778,17779,0,1,0.57894736842105265,19,euclidean,uniform
3540,17795,17796,0,0,0.21052631578947367,19,euclidean,uniform
3541,17799,17800,0,0,0.052631578947368418,19,euclidean,uniform
3542,17806,17807,1,1,0.84210526315789469,19,euclidean,uniform
3543,17807,17808,0,0,0.15789473684210525,19,euclidean,uniform
3544,17809,17810,1,0,0.15789473684210525,19,euclidean,uniform
3545,17815,17816,0,0,0.26315789473684209,19,euclidean,uniform
3546,17818,17819,0,0,0.15789473684210525,19,euclidean,uniform
3547,17823,17824,1,0,0.47368421052631576,19,euclidean,uniform
3548,17836,17837,1,1,0.63157894736842102,19,euclidean,uniform
3549,17846,17847,1,1,0.73684210526315785,19,euclidean,uniform
3550,17848,17849,0,0,0.21052631578947367,19,euclidean,uniform
3551,17857,17858,0,0,0.10526315789473684,19,euclidean,uniform
3552,17861,17862,0,0,0.31578947368421051,19,euclidean,uniform
3553,17867,17868,0,0,0.052631578947368418,19,euclidean,uniform
3554,17875,17876,0,0,0.052631578947368418,19,euclidean,uniform
3555,17878,17879,0,0,0.10526315789473684,19,euclidean,uniform
3556,17886,17887,0,0,0,19,euclidean,uniform
3557,17891,17892,1,0,0.42105263157894735,19,euclidean,uniform
3558,17892,17893,0,0,0.36842105263157893,19,euclidean,uniform
3559,17893,17894,0,0,0.15789473684210525,19,euclidean,uniform
3560,17895,17896,0,0,0.26315789473684209,19,euclidean,uniform
3561,17900,17901,0,1,0.52631578947368418,19,euclidean,uniform
3562,17911,17912,1,0,0,19,euclidean,uniform
3563,17923,17924,1,1,0.78947368421052633,19,euclidean,uniform
3564,17927,17928,0,0,0.26315789473684209,19,euclidean,uniform
3565,17931,17932,1,0,0.42105263157894735,19,euclidean,uniform
3566,17932,17933,0,0,0.10526315789473684,19,euclidean,uniform
3567,17942,17943,0,0,0.052631578947368418,19,euclidean,uniform
3568,17947,17948,0,0,0.21052631578947367,19,euclidean,uniform
3569,17948,17949,0,0,0.21052631578947367,19,euclidean,uniform
3570,17975,17976,0,0,0.15789473684210525,19,euclidean,uniform
3571,17979,17980,0,0,0.21052631578947367,19,euclidean,uniform
3572,17987,17988,0,0,0.052631578947368418,19,euclidean,uniform
3573,17992,17993,0,0,0.052631578947368418,19,euclidean,uniform
3574,17998,17999,0,0,0.10526315789473684,19,euclidean,uniform
3575,18003,18004,0,1,0.84210526315789469,19,euclidean,uniform
3576,18005,18006,1,1,0.78947368421052633,19,euclidean,uniform
3577,18016,18017,0,0,0.26315789473684209,19,euclidean,uniform
3578,18017,18018,0,0,0.10526315789473684,19,euclidean,uniform
3579,18022,18023,1,0,0.26315789473684209,19,euclidean,uniform
3580,18025,18026,0,0,0.15789473684210525,19,euclidean,uniform
3581,18030,18031,0,0,0.26315789473684209,19,euclidean,uniform
3582,18040,18041,0,0,0.15789473684210525,19,euclidean,uniform
3583,18041,18042,0,0,0.26315789473684209,19,euclidean,uniform
3584,18056,18057,0,0,0.26315789473684209,19,euclidean,uniform
3585,18059,18060,0,0,0.10526315789473684,19,euclidean,uniform
3586,18069,18070,0,0,0.052631578947368418,19,euclidean,uniform
3587,18071,18072,1,1,0.84210526315789469,19,euclidean,uniform
3588,18081,18082,0,0,0.42105263157894735,19,euclidean,uniform
3589,18084,18085,0,0,0.36842105263157893,19,euclidean,uniform
3590,18086,18087,1,0,0.26315789473684209,19,euclidean,uniform
3591,18088,18089,0,0,0.26315789473684209,19,euclidean,uniform
3592,18092,18093,1,0,0.15789473684210525,19,euclidean,uniform
3593,18093,18094,0,0,0.15789473684210525,19,euclidean,uniform
3594,18094,18095,1,1,0.78947368421052633,19,euclidean,uniform
3595,18095,18096,0,0,0,19,euclidean,uniform
3596,18098,18099,0,0,0.31578947368421051,19,euclidean,uniform
3597,18105,18106,0,0,0.21052631578947367,19,euclidean,uniform
3598,18108,18109,0,0,0.10526315789473684,19,euclidean,uniform
3599,18115,18116,0,0,0.26315789473684209,19,euclidean,uniform
3600,18117,18118,0,0,0.052631578947368418,19,euclidean,uniform
3601,18123,18124,0,0,0.21052631578947367,19,euclidean,uniform
3602,18131,18132,0,0,0.052631578947368418,19,euclidean,uniform
3603,18133,18134,1,0,0.15789473684210525,19,euclidean,uniform
3604,18134,18135,0,0,0.21052631578947367,19,euclidean,uniform
3605,18136,18137,0,0,0,19,euclidean,uniform
3606,18139,18140,0,0,0.052631578947368418,19,euclidean,uniform
3607,18156,18157,0,0,0.21052631578947367,19,euclidean,uniform
3608,18159,18160,0,0,0,19,euclidean,uniform
3609,18163,18164,0,0,0,19,euclidean,uniform
3610,18164,18165,1,0,0.15789473684210525,19,euclidean,uniform
3611,18165,18166,0,0,0.36842105263157893,19,euclidean,uniform
3612,18171,18172,0,0,0.052631578947368418,19,euclidean,uniform
3613,18175,18176,0,0,0.15789473684210525,19,euclidean,uniform
3614,18182,18183,0,0,0.10526315789473684,19,euclidean,uniform
3615,18188,18189,1,0,0.15789473684210525,19,euclidean,uniform
3616,18191,18192,0,0,0.15789473684210525,19,euclidean,uniform
3617,18194,18195,0,0,0.21052631578947367,19,euclidean,uniform
3618,18197,18198,0,0,0.21052631578947367,19,euclidean,uniform
3619,18199,18200,0,0,0.10526315789473684,19,euclidean,uniform
3620,18206,18207,0,0,0.052631578947368418,19,euclidean,uniform
3621,18211,18212,0,0,0,19,euclidean,uniform
3622,18213,18214,1,0,0.052631578947368418,19,euclidean,uniform
3623,18233,18234,0,0,0,19,euclidean,uniform
3624,18234,18235,0,0,0.42105263157894735,19,euclidean,uniform
3625,18235,18236,0,0,0.052631578947368418,19,euclidean,uniform
3626,18239,18240,0,0,0,19,euclidean,uniform
3627,18245,18246,0,0,0.15789473684210525,19,euclidean,uniform
3628,18248,18249,0,0,0.10526315789473684,19,euclidean,uniform
3629,18252,18253,1,0,0.47368421052631576,19,euclidean,uniform
3630,18254,18255,0,0,0.10526315789473684,19,euclidean,uniform
3631,18255,18256,0,0,0.10526315789473684,19,euclidean,uniform
3632,18256,18257,1,1,0.78947368421052633,19,euclidean,uniform
3633,18263,18264,1,0,0.26315789473684209,19,euclidean,uniform
3634,18268,18269,0,0,0.10526315789473684,19,euclidean,uniform
3635,18269,18270,0,0,0.15789473684210525,19,euclidean,uniform
3636,18274,18275,0,0,0.26315789473684209,19,euclidean,uniform
3637,18277,18278,1,1,0.78947368421052633,19,euclidean,uniform
3638,18280,18281,0,0,0.42105263157894735,19,euclidean,uniform
3639,18283,18284,0,0,0.21052631578947367,19,euclidean,uniform
3640,18290,18291,0,0,0.26315789473684209,19,euclidean,uniform
3641,18291,18292,1,0,0.36842105263157893,19,euclidean,uniform
3642,18295,18296,1,0,0.26315789473684209,19,euclidean,uniform
3643,18296,18297,1,0,0.36842105263157893,19,euclidean,uniform
3644,18297,18298,0,0,0.10526315789473684,19,euclidean,uniform
3645,18300,18301,0,0,0.10526315789473684,19,euclidean,uniform
3646,18305,18306,0,0,0.052631578947368418,19,euclidean,uniform
3647,18308,18309,0,0,0.31578947368421051,19,euclidean,uniform
3648,18309,18310,0,0,0.10526315789473684,19,euclidean,uniform
3649,18315,18316,0,0,0.15789473684210525,19,euclidean,uniform
3650,18319,18320,0,0,0,19,euclidean,uniform
3651,18330,18331,0,0,0.10526315789473684,19,euclidean,uniform
3652,18344,18345,0,0,0.15789473684210525,19,euclidean,uniform
3653,18348,18349,0,0,0.052631578947368418,19,euclidean,uniform
3654,18352,18353,0,0,0.052631578947368418,19,euclidean,uniform
3655,18357,18358,0,0,0.42105263157894735,19,euclidean,uniform
3656,18362,18363,1,0,0.21052631578947367,19,euclidean,uniform
3657,18363,18364,0,0,0.052631578947368418,19,euclidean,uniform
3658,18365,18366,0,0,0.21052631578947367,19,euclidean,uniform
3659,18366,18367,0,0,0.15789473684210525,19,euclidean,uniform
3660,18384,18385,0,0,0.21052631578947367,19,euclidean,uniform
3661,18388,18389,0,0,0.052631578947368418,19,euclidean,uniform
3662,18389,18390,0,0,0,19,euclidean,uniform
3663,18391,18392,0,0,0.052631578947368418,19,euclidean,uniform
3664,18393,18394,1,1,0.63157894736842102,19,euclidean,uniform
3665,18408,18409,0,0,0.10526315789473684,19,euclidean,uniform
3666,18409,18410,1,0,0.47368421052631576,19,euclidean,uniform
3667,18410,18411,0,0,0.26315789473684209,19,euclidean,uniform
3668,18418,18419,0,0,0.21052631578947367,19,euclidean,uniform
3669,18421,18422,1,0,0.052631578947368418,19,euclidean,uniform
3670,18423,18424,1,0,0.10526315789473684,19,euclidean,uniform
3671,18434,18435,0,0,0.052631578947368418,19,euclidean,uniform
3672,18445,18446,0,0,0.15789473684210525,19,euclidean,uniform
3673,18454,18455,1,0,0.42105263157894735,19,euclidean,uniform
3674,18459,18460,0,0,0,19,euclidean,uniform
3675,18462,18463,0,0,0.36842105263157893,19,euclidean,uniform
3676,18471,18472,0,0,0.052631578947368418,19,euclidean,uniform
3677,18476,18477,0,0,0.10526315789473684,19,euclidean,uniform
3678,18480,18481,0,0,0.052631578947368418,19,euclidean,uniform
3679,18482,18483,0,0,0.052631578947368418,19,euclidean,uniform
3680,18484,18485,0,0,0.26315789473684209,19,euclidean,uniform
3681,18485,18486,0,0,0.36842105263157893,19,euclidean,uniform
3682,18486,18487,0,0,0.26315789473684209,19,euclidean,uniform
3683,18489,18490,1,1,0.73684210526315785,19,euclidean,uniform
3684,18491,18492,0,0,0,19,euclidean,uniform
3685,18502,18503,0,0,0.10526315789473684,19,euclidean,uniform
3686,18509,18510,0,0,0.10526315789473684,19,euclidean,uniform
3687,18510,18511,0,0,0.15789473684210525,19,euclidean,uniform
3688,18511,18512,1,0,0.15789473684210525,19,euclidean,uniform
3689,18518,18519,1,1,0.78947368421052633,19,euclidean,uniform
3690,18527,18528,0,0,0.10526315789473684,19,euclidean,uniform
3691,18539,18540,1,1,0.57894736842105265,19,euclidean,uniform
3692,18541,18542,0,0,0.052631578947368418,19,euclidean,uniform
3693,18542,18543,0,0,0.052631578947368418,19,euclidean,uniform
3694,18547,18548,0,0,0.26315789473684209,19,euclidean,uniform
3695,18558,18559,0,0,0.10526315789473684,19,euclidean,uniform
3696,18559,18560,0,0,0.26315789473684209,19,euclidean,uniform
3697,18566,18567,0,0,0.052631578947368418,19,euclidean,uniform
3698,18571,18572,0,0,0.15789473684210525,19,euclidean,uniform
3699,18573,18574,1,0,0.15789473684210525,19,euclidean,uniform
3700,18576,18577,0,0,0,19,euclidean,uniform
3701,18577,18578,0,0,0.10526315789473684,19,euclidean,uniform
3702,18578,18579,0,0,0.36842105263157893,19,euclidean,uniform
3703,18579,18580,0,0,0.42105263157894735,19,euclidean,uniform
3704,18581,18582,0,0,0.26315789473684209,19,euclidean,uniform
3705,18585,18586,0,0,0.10526315789473684,19,euclidean,uniform
3706,18586,18587,0,0,0.15789473684210525,19,euclidean,uniform
3707,18590,18591,0,0,0.10526315789473684,19,euclidean,uniform
3708,18599,18600,0,0,0,19,euclidean,uniform
3709,18600,18601,0,0,0.21052631578947367,19,euclidean,uniform
3710,18606,18607,1,0,0.31578947368421051,19,euclidean,uniform
3711,18610,18611,1,0,0.10526315789473684,19,euclidean,uniform
3712,18612,18613,0,0,0,19,euclidean,uniform
3713,18614,18615,1,1,0.84210526315789469,19,euclidean,uniform
3714,18621,18622,0,0,0.31578947368421051,19,euclidean,uniform
3715,18633,18634,0,0,0.15789473684210525,19,euclidean,uniform
3716,18651,18652,0,0,0.10526315789473684,19,euclidean,uniform
3717,18659,18660,0,0,0.10526315789473684,19,euclidean,uniform
3718,18671,18672,0,0,0.15789473684210525,19,euclidean,uniform
3719,18674,18675,0,0,0.15789473684210525,19,euclidean,uniform
3720,18678,18679,0,0,0.15789473684210525,19,euclidean,uniform
3721,18682,18683,1,0,0.052631578947368418,19,euclidean,uniform
3722,18683,18684,0,0,0.36842105263157893,19,euclidean,uniform
3723,18688,18689,1,0,0.26315789473684209,19,euclidean,uniform
3724,18690,18691,0,0,0.052631578947368418,19,euclidean,uniform
3725,18696,18697,0,0,0.10526315789473684,19,euclidean,uniform
3726,18698,18699,0,0,0.42105263157894735,19,euclidean,uniform
3727,18699,18700,0,0,0.052631578947368418,19,euclidean,uniform
3728,18707,18708,0,1,0.52631578947368418,19,euclidean,uniform
3729,18709,18710,1,0,0.21052631578947367,19,euclidean,uniform
3730,18711,18712,0,0,0.10526315789473684,19,euclidean,uniform
3731,18730,18731,1,0,0.10526315789473684,19,euclidean,uniform
3732,18733,18734,0,0,0.21052631578947367,19,euclidean,uniform
3733,18744,18745,0,0,0,19,euclidean,uniform
3734,18745,18746,0,0,0.052631578947368418,19,euclidean,uniform
3735,18746,18747,0,0,0.15789473684210525,19,euclidean,uniform
3736,18750,18751,0,0,0,19,euclidean,uniform
3737,18753,18754,0,0,0,19,euclidean,uniform
3738,18757,18758,0,1,0.73684210526315785,19,euclidean,uniform
3739,18761,18762,0,0,0.052631578947368418,19,euclidean,uniform
3740,18770,18771,1,0,0.31578947368421051,19,euclidean,uniform
3741,18773,18774,1,1,0.52631578947368418,19,euclidean,uniform
3742,18779,18780,0,0,0.052631578947368418,19,euclidean,uniform
3743,18781,18782,0,0,0.15789473684210525,19,euclidean,uniform
3744,18802,18803,0,0,0.052631578947368418,19,euclidean,uniform
3745,18803,18804,0,0,0.052631578947368418,19,euclidean,uniform
3746,18808,18809,0,0,0.052631578947368418,19,euclidean,uniform
3747,18813,18814,0,0,0.26315789473684209,19,euclidean,uniform
3748,18816,18817,0,0,0.10526315789473684,19,euclidean,uniform
3749,18819,18820,0,0,0.052631578947368418,19,euclidean,uniform
3750,18824,18825,0,0,0.052631578947368418,19,euclidean,uniform
3751,18838,18839,0,0,0.052631578947368418,19,euclidean,uniform
3752,18839,18840,0,0,0.052631578947368418,19,euclidean,uniform
3753,18853,18854,0,0,0.21052631578947367,19,euclidean,uniform
3754,18863,18864,0,0,0.10526315789473684,19,euclidean,uniform
3755,18866,18867,0,0,0,19,euclidean,uniform
3756,18872,18873,0,0,0,19,euclidean,uniform
3757,18877,18878,0,0,0.15789473684210525,19,euclidean,uniform
3758,18880,18881,0,0,0.052631578947368418,19,euclidean,uniform
3759,18882,18883,0,0,0.31578947368421051,19,euclidean,uniform
3760,18883,18884,0,0,0.21052631578947367,19,euclidean,uniform
3761,18887,18888,0,0,0.21052631578947367,19,euclidean,uniform
3762,18898,18899,1,0,0,19,euclidean,uniform
3763,18901,18902,0,0,0.10526315789473684,19,euclidean,uniform
3764,18902,18903,0,0,0.21052631578947367,19,euclidean,uniform
3765,18905,18906,0,0,0.15789473684210525,19,euclidean,uniform
3766,18909,18910,0,0,0.10526315789473684,19,euclidean,uniform
3767,18912,18913,0,0,0.10526315789473684,19,euclidean,uniform
3768,18915,18916,0,0,0.10526315789473684,19,euclidean,uniform
3769,18918,18919,1,1,0.73684210526315785,19,euclidean,uniform
3770,18921,18922,0,0,0.10526315789473684,19,euclidean,uniform
3771,18922,18923,0,0,0.10526315789473684,19,euclidean,uniform
3772,18923,18924,0,0,0.15789473684210525,19,euclidean,uniform
3773,18929,18930,0,0,0.10526315789473684,19,euclidean,uniform
3774,18949,18950,0,0,0.052631578947368418,19,euclidean,uniform
3775,18950,18951,1,0,0.36842105263157893,19,euclidean,uniform
3776,18955,18956,1,0,0.21052631578947367,19,euclidean,uniform
3777,18958,18959,0,0,0.15789473684210525,19,euclidean,uniform
3778,18960,18961,1,0,0.15789473684210525,19,euclidean,uniform
3779,18961,18962,0,1,0.68421052631578949,19,euclidean,uniform
3780,18963,18964,1,0,0.21052631578947367,19,euclidean,uniform
3781,18965,18966,0,0,0.052631578947368418,19,euclidean,uniform
3782,18974,18975,0,0,0,19,euclidean,uniform
3783,18976,18977,0,0,0.10526315789473684,19,euclidean,uniform
3784,19001,19002,0,0,0.15789473684210525,19,euclidean,uniform
3785,19008,19009,0,0,0.052631578947368418,19,euclidean,uniform
3786,19013,19014,1,0,0.052631578947368418,19,euclidean,uniform
3787,19018,19019,0,0,0.10526315789473684,19,euclidean,uniform
3788,19026,19027,1,0,0.21052631578947367,19,euclidean,uniform
3789,19029,19030,1,1,0.73684210526315785,19,euclidean,uniform
3790,19044,19045,0,0,0.10526315789473684,19,euclidean,uniform
3791,19046,19047,0,0,0,19,euclidean,uniform
3792,19058,19059,0,0,0.21052631578947367,19,euclidean,uniform
3793,19060,19061,1,0,0.26315789473684209,19,euclidean,uniform
3794,19071,19072,0,0,0.15789473684210525,19,euclidean,uniform
3795,19074,19075,0,0,0.052631578947368418,19,euclidean,uniform
3796,19077,19078,0,1,0.73684210526315785,19,euclidean,uniform
3797,19079,19080,0,0,0.052631578947368418,19,euclidean,uniform
3798,19090,19091,0,0,0.15789473684210525,19,euclidean,uniform
3799,19101,19102,1,1,0.73684210526315785,19,euclidean,uniform
3800,19118,19119,0,0,0.21052631578947367,19,euclidean,uniform
3801,19119,19120,0,0,0.15789473684210525,19,euclidean,uniform
3802,19124,19125,0,0,0.21052631578947367,19,euclidean,uniform
3803,19135,19136,0,0,0.052631578947368418,19,euclidean,uniform
3804,19150,19151,0,0,0.10526315789473684,19,euclidean,uniform
3805,19156,19157,0,0,0.36842105263157893,19,euclidean,uniform
3806,19162,19163,0,0,0.052631578947368418,19,euclidean,uniform
3807,19189,19190,1,0,0.26315789473684209,19,euclidean,uniform
3808,19202,19203,0,0,0.052631578947368418,19,euclidean,uniform
3809,19209,19210,0,0,0.10526315789473684,19,euclidean,uniform
3810,19220,19221,1,1,0.63157894736842102,19,euclidean,uniform
3811,19224,19225,0,0,0,19,euclidean,uniform
3812,19238,19239,0,0,0,19,euclidean,uniform
3813,19240,19241,0,0,0.052631578947368418,19,euclidean,uniform
3814,19242,19243,0,0,0.21052631578947367,19,euclidean,uniform
3815,19245,19246,0,0,0.10526315789473684,19,euclidean,uniform
3816,19246,19247,0,1,0.63157894736842102,19,euclidean,uniform
3817,19250,19251,1,0,0.15789473684210525,19,euclidean,uniform
3818,19253,19254,0,0,0.052631578947368418,19,euclidean,uniform
3819,19258,19259,1,1,0.78947368421052633,19,euclidean,uniform
3820,19266,19267,0,0,0.21052631578947367,19,euclidean,uniform
3821,19268,19269,0,0,0.052631578947368418,19,euclidean,uniform
3822,19277,19278,0,0,0.052631578947368418,19,euclidean,uniform
3823,19280,19281,0,0,0.26315789473684209,19,euclidean,uniform
3824,19284,19285,1,1,0.84210526315789469,19,euclidean,uniform
3825,19285,19286,1,0,0.10526315789473684,19,euclidean,uniform
3826,19286,19287,0,0,0.10526315789473684,19,euclidean,uniform
3827,19294,19295,0,0,0.10526315789473684,19,euclidean,uniform
3828,19297,19298,1,0,0.10526315789473684,19,euclidean,uniform
3829,19304,19305,0,0,0.21052631578947367,19,euclidean,uniform
3830,19306,19307,0,0,0,19,euclidean,uniform
3831,19307,19308,0,0,0.10526315789473684,19,euclidean,uniform
3832,19330,19331,0,0,0,19,euclidean,uniform
3833,19331,19332,0,0,0.10526315789473684,19,euclidean,uniform
3834,19338,19339,0,0,0.052631578947368418,19,euclidean,uniform
3835,19341,19342,0,0,0.052631578947368418,19,euclidean,uniform
3836,19343,19344,0,0,0.31578947368421051,19,euclidean,uniform
3837,19344,19345,1,1,0.68421052631578949,19,euclidean,uniform
3838,19350,19351,1,0,0.47368421052631576,19,euclidean,uniform
3839,19354,19355,1,0,0.42105263157894735,19,euclidean,uniform
3840,19355,19356,0,0,0,19,euclidean,uniform
3841,19364,19365,0,0,0.052631578947368418,19,euclidean,uniform
3842,19372,19373,0,0,0,19,euclidean,uniform
3843,19382,19383,0,0,0.26315789473684209,19,euclidean,uniform
3844,19390,19391,0,0,0.052631578947368418,19,euclidean,uniform
3845,19399,19400,0,0,0.10526315789473684,19,euclidean,uniform
3846,19400,19401,0,1,0.52631578947368418,19,euclidean,uniform
3847,19406,19407,0,0,0.052631578947368418,19,euclidean,uniform
3848,19415,19416,1,0,0.052631578947368418,19,euclidean,uniform
3849,19416,19417,1,0,0.10526315789473684,19,euclidean,uniform
3850,19421,19422,1,0,0.10526315789473684,19,euclidean,uniform
3851,19428,19429,0,0,0.26315789473684209,19,euclidean,uniform
3852,19433,19434,1,0,0.31578947368421051,19,euclidean,uniform
3853,19453,19454,1,0,0.31578947368421051,19,euclidean,uniform
3854,19454,19455,0,0,0,19,euclidean,uniform
3855,19455,19456,0,0,0,19,euclidean,uniform
3856,19462,19463,1,0,0.15789473684210525,19,euclidean,uniform
3857,19468,19469,0,0,0.052631578947368418,19,euclidean,uniform
3858,19483,19484,0,0,0,19,euclidean,uniform
3859,19485,19486,1,0,0.15789473684210525,19,euclidean,uniform
3860,19487,19488,0,0,0.31578947368421051,19,euclidean,uniform
3861,19501,19502,0,0,0.052631578947368418,19,euclidean,uniform
3862,19503,19504,0,0,0.10526315789473684,19,euclidean,uniform
3863,19504,19505,0,0,0.47368421052631576,19,euclidean,uniform
3864,19505,19506,0,0,0.052631578947368418,19,euclidean,uniform
3865,19509,19510,0,0,0,19,euclidean,uniform
3866,19516,19517,0,0,0.10526315789473684,19,euclidean,uniform
3867,19522,19523,1,0,0.47368421052631576,19,euclidean,uniform
3868,19527,19528,1,0,0,19,euclidean,uniform
3869,19537,19538,0,0,0.052631578947368418,19,euclidean,uniform
3870,19540,19541,0,0,0.10526315789473684,19,euclidean,uniform
3871,19545,19546,0,1,0.78947368421052633,19,euclidean,uniform
3872,19546,19547,0,0,0.21052631578947367,19,euclidean,uniform
3873,19551,19552,0,1,0.63157894736842102,19,euclidean,uniform
3874,19552,19553,1,0,0.26315789473684209,19,euclidean,uniform
3875,19559,19560,0,0,0.15789473684210525,19,euclidean,uniform
3876,19564,19565,1,0,0.21052631578947367,19,euclidean,uniform
3877,19566,19567,0,0,0.052631578947368418,19,euclidean,uniform
3878,19569,19570,1,0,0.21052631578947367,19,euclidean,uniform
3879,19571,19572,0,0,0.21052631578947367,19,euclidean,uniform
3880,19573,19574,0,0,0.052631578947368418,19,euclidean,uniform
3881,19574,19575,0,0,0.10526315789473684,19,euclidean,uniform
3882,19579,19580,0,0,0.26315789473684209,19,euclidean,uniform
3883,19582,19583,0,0,0.10526315789473684,19,euclidean,uniform
3884,19594,19595,0,0,0.10526315789473684,19,euclidean,uniform
3885,19595,19596,1,1,0.57894736842105265,19,euclidean,uniform
3886,19603,19604,1,0,0.26315789473684209,19,euclidean,uniform
3887,19604,19605,0,0,0.21052631578947367,19,euclidean,uniform
3888,19615,19616,0,0,0.26315789473684209,19,euclidean,uniform
3889,19620,19621,0,0,0.052631578947368418,19,euclidean,uniform
3890,19634,19635,0,0,0.052631578947368418,19,euclidean,uniform
3891,19643,19644,0,0,0.052631578947368418,19,euclidean,uniform
3892,19645,19646,0,0,0.15789473684210525,19,euclidean,uniform
3893,19647,19648,0,0,0.052631578947368418,19,euclidean,uniform
3894,19650,19651,0,0,0,19,euclidean,uniform
3895,19655,19656,0,0,0.15789473684210525,19,euclidean,uniform
3896,19657,19658,0,0,0.47368421052631576,19,euclidean,uniform
3897,19661,19662,0,0,0.31578947368421051,19,euclidean,uniform
3898,19667,19668,0,0,0.21052631578947367,19,euclidean,uniform
3899,19670,19671,0,0,0.36842105263157893,19,euclidean,uniform
3900,19679,19680,0,0,0.15789473684210525,19,euclidean,uniform
3901,19686,19687,1,0,0.36842105263157893,19,euclidean,uniform
3902,19688,19689,0,0,0.052631578947368418,19,euclidean,uniform
3903,19697,19698,1,1,0.68421052631578949,19,euclidean,uniform
3904,19701,19702,0,0,0.10526315789473684,19,euclidean,uniform
3905,19703,19704,0,0,0.15789473684210525,19,euclidean,uniform
3906,19708,19709,0,0,0.10526315789473684,19,euclidean,uniform
3907,19710,19711,0,0,0,19,euclidean,uniform
3908,19713,19714,0,0,0.15789473684210525,19,euclidean,uniform
3909,19717,19718,0,0,0.052631578947368418,19,euclidean,uniform
3910,19727,19728,1,0,0.10526315789473684,19,euclidean,uniform
3911,19734,19735,0,0,0.15789473684210525,19,euclidean,uniform
3912,19735,19736,0,0,0.052631578947368418,19,euclidean,uniform
3913,19738,19739,0,0,0.15789473684210525,19,euclidean,uniform
3914,19741,19742,0,0,0.052631578947368418,19,euclidean,uniform
3915,19743,19744,0,0,0.26315789473684209,19,euclidean,uniform
3916,19747,19748,0,0,0.21052631578947367,19,euclidean,uniform
3917,19757,19758,0,0,0.21052631578947367,19,euclidean,uniform
3918,19764,19765,0,0,0.10526315789473684,19,euclidean,uniform
3919,19771,19772,0,0,0,19,euclidean,uniform
3920,19773,19774,0,0,0.052631578947368418,19,euclidean,uniform
3921,19774,19775,0,0,0.052631578947368418,19,euclidean,uniform
3922,19781,19782,0,0,0.21052631578947367,19,euclidean,uniform
3923,19787,19788,0,0,0.26315789473684209,19,euclidean,uniform
3924,19794,19795,0,0,0.21052631578947367,19,euclidean,uniform
3925,19799,19800,0,0,0,19,euclidean,uniform
3926,19808,19809,0,0,0.052631578947368418,19,euclidean,uniform
3927,19814,19815,1,1,0.57894736842105265,19,euclidean,uniform
3928,19817,19818,1,1,0.68421052631578949,19,euclidean,uniform
3929,19824,19825,1,1,0.57894736842105265,19,euclidean,uniform
3930,19837,19838,0,0,0.052631578947368418,19,euclidean,uniform
3931,19841,19842,0,0,0.10526315789473684,19,euclidean,uniform
3932,19847,19848,0,0,0.15789473684210525,19,euclidean,uniform
3933,19851,19852,0,0,0.052631578947368418,19,euclidean,uniform
3934,19866,19867,0,0,0.10526315789473684,19,euclidean,uniform
3935,19877,19878,0,0,0.052631578947368418,19,euclidean,uniform
3936,19883,19884,0,0,0.15789473684210525,19,euclidean,uniform
3937,19886,19887,0,0,0,19,euclidean,uniform
3938,19890,19891,0,0,0.31578947368421051,19,euclidean,uniform
3939,19893,19894,0,0,0.052631578947368418,19,euclidean,uniform
3940,19898,19899,1,1,0.52631578947368418,19,euclidean,uniform
3941,19899,19900,1,0,0.31578947368421051,19,euclidean,uniform
3942,19902,19903,0,0,0.21052631578947367,19,euclidean,uniform
3943,19904,19905,0,0,0.15789473684210525,19,euclidean,uniform
3944,19915,19916,0,0,0,19,euclidean,uniform
3945,19916,19917,0,0,0.10526315789473684,19,euclidean,uniform
3946,19920,19921,0,0,0.15789473684210525,19,euclidean,uniform
3947,19921,19922,0,0,0.10526315789473684,19,euclidean,uniform
3948,19923,19924,0,0,0.10526315789473684,19,euclidean,uniform
3949,19925,19926,1,0,0.36842105263157893,19,euclidean,uniform
3950,19926,19927,1,0,0.15789473684210525,19,euclidean,uniform
3951,19930,19931,0,0,0,19,euclidean,uniform
3952,19931,19932,1,0,0.15789473684210525,19,euclidean,uniform
3953,19936,19937,0,0,0.10526315789473684,19,euclidean,uniform
3954,19938,19939,0,0,0.052631578947368418,19,euclidean,uniform
3955,19951,19952,0,0,0,19,euclidean,uniform
3956,19961,19962,0,0,0.31578947368421051,19,euclidean,uniform
3957,19962,19963,0,0,0.15789473684210525,19,euclidean,uniform
3958,19971,19972,0,0,0.10526315789473684,19,euclidean,uniform
3959,19976,19977,0,0,0.052631578947368418,19,euclidean,uniform
3960,19989,19990,0,0,0.15789473684210525,19,euclidean,uniform
3961,19990,19991,0,0,0.21052631578947367,19,euclidean,uniform
3962,19991,19992,0,0,0.42105263157894735,19,euclidean,uniform
3963,19995,19996,0,0,0.052631578947368418,19,euclidean,uniform
3964,19996,19997,1,0,0.15789473684210525,19,euclidean,uniform
3965,19999,20000,0,0,0.42105263157894735,19,euclidean,uniform
3966,20003,20004,0,0,0.15789473684210525,19,euclidean,uniform
3967,20009,20010,0,0,0.052631578947368418,19,euclidean,uniform
3968,20010,20011,1,0,0.10526315789473684,19,euclidean,uniform
3969,20018,20019,0,0,0.26315789473684209,19,euclidean,uniform
3970,20024,20025,0,0,0.21052631578947367,19,euclidean,uniform
3971,20040,20041,0,0,0.052631578947368418,19,euclidean,uniform
3972,20050,20051,0,0,0.15789473684210525,19,euclidean,uniform
3973,20059,20060,0,0,0,19,euclidean,uniform
3974,20072,20073,0,0,0.10526315789473684,19,euclidean,uniform
3975,20075,20076,0,0,0.10526315789473684,19,euclidean,uniform
3976,20081,20082,0,0,0.052631578947368418,19,euclidean,uniform
3977,20083,20084,0,0,0.42105263157894735,19,euclidean,uniform
3978,20084,20085,0,0,0.10526315789473684,19,euclidean,uniform
3979,20086,20087,0,0,0.10526315789473684,19,euclidean,uniform
3980,20089,20090,0,0,0.26315789473684209,19,euclidean,uniform
3981,20092,20093,0,0,0.15789473684210525,19,euclidean,uniform
3982,20093,20094,0,0,0.31578947368421051,19,euclidean,uniform
3983,20095,20096,0,0,0.10526315789473684,19,euclidean,uniform
3984,20096,20097,0,0,0.15789473684210525,19,euclidean,uniform
3985,20107,20108,0,0,0.10526315789473684,19,euclidean,uniform
3986,20120,20121,1,0,0.052631578947368418,19,euclidean,uniform
3987,20126,20127,0,0,0.26315789473684209,19,euclidean,uniform
3988,20129,20130,1,1,0.63157894736842102,19,euclidean,uniform
3989,20131,20132,0,0,0.15789473684210525,19,euclidean,uniform
3990,20143,20144,0,0,0,19,euclidean,uniform
3991,20144,20145,0,0,0.052631578947368418,19,euclidean,uniform
3992,20165,20166,0,0,0.052631578947368418,19,euclidean,uniform
3993,20170,20171,1,0,0.15789473684210525,19,euclidean,uniform
3994,20175,20176,0,0,0.15789473684210525,19,euclidean,uniform
3995,20176,20177,0,0,0.31578947368421051,19,euclidean,uniform
3996,20177,20178,0,0,0.052631578947368418,19,euclidean,uniform
3997,20178,20179,0,0,0.36842105263157893,19,euclidean,uniform
3998,20182,20183,0,0,0.10526315789473684,19,euclidean,uniform
3999,20186,20187,0,0,0.10526315789473684,19,euclidean,uniform
4000,20189,20190,0,0,0.10526315789473684,19,euclidean,uniform
4001,20190,20191,0,0,0.052631578947368418,19,euclidean,uniform
4002,20219,20220,0,0,0.10526315789473684,19,euclidean,uniform
4003,20224,20225,0,1,0.52631578947368418,19,euclidean,uniform
4004,20230,20231,0,0,0.47368421052631576,19,euclidean,uniform
4005,20234,20235,0,0,0.052631578947368418,19,euclidean,uniform
4006,20235,20236,0,0,0.31578947368421051,19,euclidean,uniform
4007,20237,20238,0,0,0.21052631578947367,19,euclidean,uniform
4008,20238,20239,0,0,0.36842105263157893,19,euclidean,uniform
4009,20240,20241,0,0,0.10526315789473684,19,euclidean,uniform
4010,20245,20246,0,1,0.57894736842105265,19,euclidean,uniform
4011,20248,20249,1,1,0.57894736842105265,19,euclidean,uniform
4012,20249,20250,0,0,0.21052631578947367,19,euclidean,uniform
4013,20254,20255,1,1,0.84210526315789469,19,euclidean,uniform
4014,20272,20273,1,1,0.78947368421052633,19,euclidean,uniform
4015,20277,20278,0,0,0.10526315789473684,19,euclidean,uniform
4016,20278,20279,1,0,0.15789473684210525,19,euclidean,uniform
4017,20284,20285,0,1,0.73684210526315785,19,euclidean,uniform
4018,20290,20291,0,0,0.26315789473684209,19,euclidean,uniform
4019,20299,20300,0,0,0.10526315789473684,19,euclidean,uniform
4020,20301,20302,0,0,0.10526315789473684,19,euclidean,uniform
4021,20306,20307,1,0,0.15789473684210525,19,euclidean,uniform
4022,20325,20326,0,0,0.31578947368421051,19,euclidean,uniform
4023,20326,20327,0,0,0.26315789473684209,19,euclidean,uniform
4024,20328,20329,0,0,0.10526315789473684,19,euclidean,uniform
4025,20329,20330,0,0,0.10526315789473684,19,euclidean,uniform
4026,20333,20334,0,0,0.052631578947368418,19,euclidean,uniform
4027,20335,20336,1,1,0.73684210526315785,19,euclidean,uniform
4028,20338,20339,0,1,0.78947368421052633,19,euclidean,uniform
4029,20339,20340,1,0,0.10526315789473684,19,euclidean,uniform
4030,20344,20345,0,0,0.10526315789473684,19,euclidean,uniform
4031,20351,20352,0,0,0.15789473684210525,19,euclidean,uniform
4032,20357,20358,1,0,0.21052631578947367,19,euclidean,uniform
4033,20365,20366,0,0,0.10526315789473684,19,euclidean,uniform
4034,20376,20377,0,0,0.15789473684210525,19,euclidean,uniform
4035,20380,20381,1,0,0.21052631578947367,19,euclidean,uniform
4036,20382,20383,0,0,0.10526315789473684,19,euclidean,uniform
4037,20385,20386,0,0,0.42105263157894735,19,euclidean,uniform
4038,20389,20390,0,0,0.47368421052631576,19,euclidean,uniform
4039,20390,20391,0,0,0.10526315789473684,19,euclidean,uniform
4040,20393,20394,0,0,0.052631578947368418,19,euclidean,uniform
4041,20404,20405,0,0,0.052631578947368418,19,euclidean,uniform
4042,20412,20413,0,0,0.10526315789473684,19,euclidean,uniform
4043,20414,20415,0,0,0.10526315789473684,19,euclidean,uniform
4044,20419,20420,0,0,0.10526315789473684,19,euclidean,uniform
4045,20426,20427,0,0,0.10526315789473684,19,euclidean,uniform
4046,20429,20430,1,1,0.68421052631578949,19,euclidean,uniform
4047,20435,20436,0,0,0.15789473684210525,19,euclidean,uniform
4048,20439,20440,1,1,0.57894736842105265,19,euclidean,uniform
4049,20447,20448,0,0,0.052631578947368418,19,euclidean,uniform
4050,20448,20449,0,0,0.10526315789473684,19,euclidean,uniform
4051,20452,20453,1,0,0.052631578947368418,19,euclidean,uniform
4052,20464,20465,1,1,0.68421052631578949,19,euclidean,uniform
4053,20465,20466,0,0,0.26315789473684209,19,euclidean,uniform
4054,20467,20468,0,0,0.36842105263157893,19,euclidean,uniform
4055,20472,20473,1,1,0.52631578947368418,19,euclidean,uniform
4056,20481,20482,0,0,0.10526315789473684,19,euclidean,uniform
4057,20486,20487,0,0,0.052631578947368418,19,euclidean,uniform
4058,20490,20491,0,0,0.42105263157894735,19,euclidean,uniform
4059,20501,20502,0,0,0.10526315789473684,19,euclidean,uniform
4060,20513,20514,0,0,0.21052631578947367,19,euclidean,uniform
4061,20516,20517,0,0,0.052631578947368418,19,euclidean,uniform
4062,20519,20520,0,0,0.052631578947368418,19,euclidean,uniform
4063,20551,20552,0,0,0.10526315789473684,19,euclidean,uniform
4064,20558,20559,0,0,0.15789473684210525,19,euclidean,uniform
4065,20563,20564,0,0,0.10526315789473684,19,euclidean,uniform
4066,20570,20571,0,0,0.052631578947368418,19,euclidean,uniform
4067,20572,20573,1,0,0.10526315789473684,19,euclidean,uniform
4068,20575,20576,0,0,0,19,euclidean,uniform
4069,20578,20579,0,0,0.21052631578947367,19,euclidean,uniform
4070,20580,20581,0,0,0.15789473684210525,19,euclidean,uniform
4071,20585,20586,0,0,0,19,euclidean,uniform
4072,20592,20593,0,0,0.21052631578947367,19,euclidean,uniform
4073,20597,20598,1,0,0.21052631578947367,19,euclidean,uniform
4074,20598,20599,0,0,0.15789473684210525,19,euclidean,uniform
4075,20604,20605,0,0,0.10526315789473684,19,euclidean,uniform
4076,20606,20607,0,0,0.31578947368421051,19,euclidean,uniform
4077,20609,20610,0,1,0.57894736842105265,19,euclidean,uniform
4078,20611,20612,1,0,0.26315789473684209,19,euclidean,uniform
4079,20613,20614,0,0,0.26315789473684209,19,euclidean,uniform
4080,20623,20624,0,0,0.10526315789473684,19,euclidean,uniform
4081,20624,20625,0,0,0.10526315789473684,19,euclidean,uniform
4082,20631,20632,0,0,0.15789473684210525,19,euclidean,uniform
4083,20635,20636,0,0,0.10526315789473684,19,euclidean,uniform
4084,20639,20640,1,1,0.57894736842105265,19,euclidean,uniform
4085,20641,20642,0,0,0.15789473684210525,19,euclidean,uniform
4086,20644,20645,1,0,0.31578947368421051,19,euclidean,uniform
4087,20647,20648,0,0,0.052631578947368418,19,euclidean,uniform
4088,20656,20657,1,0,0.10526315789473684,19,euclidean,uniform
4089,20660,20661,1,0,0.21052631578947367,19,euclidean,uniform
4090,20664,20665,1,0,0.21052631578947367,19,euclidean,uniform
4091,20673,20674,1,1,0.63157894736842102,19,euclidean,uniform
4092,20692,20693,0,0,0.31578947368421051,19,euclidean,uniform
4093,20698,20699,1,0,0.10526315789473684,19,euclidean,uniform
4094,20705,20706,0,0,0.15789473684210525,19,euclidean,uniform
4095,20708,20709,0,0,0.21052631578947367,19,euclidean,uniform
4096,20715,20716,0,0,0,19,euclidean,uniform
4097,20716,20717,0,0,0,19,euclidean,uniform
4098,20717,20718,0,0,0.31578947368421051,19,euclidean,uniform
4099,20720,20721,0,0,0.10526315789473684,19,euclidean,uniform
4100,20721,20722,1,1,0.84210526315789469,19,euclidean,uniform
4101,20722,20723,0,0,0.31578947368421051,19,euclidean,uniform
4102,20724,20725,1,1,0.73684210526315785,19,euclidean,uniform
4103,20731,20732,0,0,0.21052631578947367,19,euclidean,uniform
4104,20736,20737,0,0,0.47368421052631576,19,euclidean,uniform
4105,20737,20738,0,1,0.63157894736842102,19,euclidean,uniform
4106,20745,20746,0,0,0.15789473684210525,19,euclidean,uniform
4107,20746,20747,0,0,0.26315789473684209,19,euclidean,uniform
4108,20748,20749,0,0,0.052631578947368418,19,euclidean,uniform
4109,20750,20751,0,0,0.21052631578947367,19,euclidean,uniform
4110,20756,20757,1,1,0.84210526315789469,19,euclidean,uniform
4111,20760,20761,0,0,0.15789473684210525,19,euclidean,uniform
4112,20762,20763,0,0,0.10526315789473684,19,euclidean,uniform
4113,20766,20767,0,0,0.052631578947368418,19,euclidean,uniform
4114,20767,20768,1,0,0.10526315789473684,19,euclidean,uniform
4115,20769,20770,0,0,0,19,euclidean,uniform
4116,20771,20772,0,0,0.42105263157894735,19,euclidean,uniform
4117,20783,20784,0,0,0.10526315789473684,19,euclidean,uniform
4118,20787,20788,0,0,0,19,euclidean,uniform
4119,20792,20793,0,0,0.26315789473684209,19,euclidean,uniform
4120,20797,20798,1,1,0.57894736842105265,19,euclidean,uniform
4121,20805,20806,1,0,0.052631578947368418,19,euclidean,uniform
4122,20811,20812,0,0,0.052631578947368418,19,euclidean,uniform
4123,20814,20815,0,0,0.26315789473684209,19,euclidean,uniform
4124,20823,20824,1,0,0.10526315789473684,19,euclidean,uniform
4125,20831,20832,0,0,0.052631578947368418,19,euclidean,uniform
4126,20833,20834,1,0,0.42105263157894735,19,euclidean,uniform
4127,20837,20838,0,0,0.052631578947368418,19,euclidean,uniform
4128,20842,20843,1,0,0.10526315789473684,19,euclidean,uniform
4129,20844,20845,0,0,0.26315789473684209,19,euclidean,uniform
4130,20845,20846,0,0,0.10526315789473684,19,euclidean,uniform
4131,20853,20854,0,0,0.10526315789473684,19,euclidean,uniform
4132,20854,20855,1,1,0.57894736842105265,19,euclidean,uniform
4133,20863,20864,0,0,0.21052631578947367,19,euclidean,uniform
4134,20866,20867,0,1,0.84210526315789469,19,euclidean,uniform
4135,20869,20870,0,0,0.052631578947368418,19,euclidean,uniform
4136,20895,20896,0,0,0.21052631578947367,19,euclidean,uniform
4137,20901,20902,0,0,0,19,euclidean,uniform
4138,20912,20913,0,0,0.26315789473684209,19,euclidean,uniform
4139,20917,20918,1,0,0.26315789473684209,19,euclidean,uniform
4140,20919,20920,1,1,0.52631578947368418,19,euclidean,uniform
4141,20922,20923,1,0,0.26315789473684209,19,euclidean,uniform
4142,20931,20932,0,0,0.15789473684210525,19,euclidean,uniform
4143,20934,20935,0,0,0.15789473684210525,19,euclidean,uniform
4144,20938,20939,0,0,0.052631578947368418,19,euclidean,uniform
4145,20943,20944,1,0,0.21052631578947367,19,euclidean,uniform
4146,20945,20946,0,0,0.15789473684210525,19,euclidean,uniform
4147,20947,20948,0,0,0.10526315789473684,19,euclidean,uniform
4148,20953,20954,0,0,0.10526315789473684,19,euclidean,uniform
4149,20957,20958,0,0,0.42105263157894735,19,euclidean,uniform
4150,20962,20963,1,0,0.21052631578947367,19,euclidean,uniform
4151,20967,20968,1,1,0.57894736842105265,19,euclidean,uniform
4152,20970,20971,0,0,0.15789473684210525,19,euclidean,uniform
4153,20977,20978,1,1,0.78947368421052633,19,euclidean,uniform
4154,20984,20985,0,0,0.052631578947368418,19,euclidean,uniform
4155,20985,20986,0,0,0,19,euclidean,uniform
4156,20990,20991,0,1,0.68421052631578949,19,euclidean,uniform
4157,20992,20993,1,1,0.57894736842105265,19,euclidean,uniform
4158,20994,20995,0,0,0.36842105263157893,19,euclidean,uniform
4159,21001,21002,1,0,0.26315789473684209,19,euclidean,uniform
4160,21009,21010,0,0,0.26315789473684209,19,euclidean,uniform
4161,21011,21012,0,0,0.26315789473684209,19,euclidean,uniform
4162,21018,21019,0,0,0.15789473684210525,19,euclidean,uniform
4163,21022,21023,0,0,0.10526315789473684,19,euclidean,uniform
4164,21023,21024,1,0,0.15789473684210525,19,euclidean,uniform
4165,21028,21029,0,0,0.052631578947368418,19,euclidean,uniform
4166,21041,21042,0,0,0.36842105263157893,19,euclidean,uniform
4167,21043,21044,0,0,0.42105263157894735,19,euclidean,uniform
4168,21046,21047,1,0,0.42105263157894735,19,euclidean,uniform
4169,21051,21052,0,0,0.10526315789473684,19,euclidean,uniform
4170,21052,21053,1,1,0.89473684210526316,19,euclidean,uniform
4171,21057,21058,1,1,0.73684210526315785,19,euclidean,uniform
4172,21058,21059,0,0,0.10526315789473684,19,euclidean,uniform
4173,21062,21063,0,1,0.57894736842105265,19,euclidean,uniform
4174,21101,21102,0,1,0.57894736842105265,19,euclidean,uniform
4175,21103,21104,0,0,0.10526315789473684,19,euclidean,uniform
4176,21104,21105,0,0,0.052631578947368418,19,euclidean,uniform
4177,21106,21107,0,0,0.10526315789473684,19,euclidean,uniform
4178,21108,21109,1,0,0.15789473684210525,19,euclidean,uniform
4179,21113,21114,0,0,0.21052631578947367,19,euclidean,uniform
4180,21116,21117,0,0,0.36842105263157893,19,euclidean,uniform
4181,21124,21125,0,0,0.10526315789473684,19,euclidean,uniform
4182,21129,21130,0,0,0.15789473684210525,19,euclidean,uniform
4183,21132,21133,0,0,0,19,euclidean,uniform
4184,21143,21144,1,0,0.15789473684210525,19,euclidean,uniform
4185,21145,21146,0,0,0.10526315789473684,19,euclidean,uniform
4186,21147,21148,1,0,0.26315789473684209,19,euclidean,uniform
4187,21149,21150,0,0,0.15789473684210525,19,euclidean,uniform
4188,21150,21151,0,0,0.052631578947368418,19,euclidean,uniform
4189,21152,21153,0,0,0.10526315789473684,19,euclidean,uniform
4190,21160,21161,0,0,0.21052631578947367,19,euclidean,uniform
4191,21165,21166,1,0,0.42105263157894735,19,euclidean,uniform
4192,21166,21167,1,1,0.52631578947368418,19,euclidean,uniform
4193,21176,21177,0,0,0.15789473684210525,19,euclidean,uniform
4194,21177,21178,0,0,0,19,euclidean,uniform
4195,21188,21189,1,0,0.10526315789473684,19,euclidean,uniform
4196,21190,21191,0,0,0.052631578947368418,19,euclidean,uniform
4197,21191,21192,0,0,0,19,euclidean,uniform
4198,21196,21197,0,0,0.15789473684210525,19,euclidean,uniform
4199,21199,21200,0,0,0.15789473684210525,19,euclidean,uniform
4200,21203,21204,1,0,0.26315789473684209,19,euclidean,uniform
4201,21211,21212,0,0,0.10526315789473684,19,euclidean,uniform
4202,21212,21213,0,1,0.73684210526315785,19,euclidean,uniform
4203,21219,21220,0,0,0.21052631578947367,19,euclidean,uniform
4204,21220,21221,0,1,0.73684210526315785,19,euclidean,uniform
4205,21222,21223,0,0,0.052631578947368418,19,euclidean,uniform
4206,21227,21228,0,0,0.10526315789473684,19,euclidean,uniform
4207,21228,21229,0,0,0.26315789473684209,19,euclidean,uniform
4208,21229,21230,0,0,0.26315789473684209,19,euclidean,uniform
4209,21231,21232,0,0,0.15789473684210525,19,euclidean,uniform
4210,21238,21239,0,0,0.15789473684210525,19,euclidean,uniform
4211,21240,21241,0,0,0.36842105263157893,19,euclidean,uniform
4212,21243,21244,0,0,0.10526315789473684,19,euclidean,uniform
4213,21244,21245,0,0,0.052631578947368418,19,euclidean,uniform
4214,21245,21246,0,0,0.21052631578947367,19,euclidean,uniform
4215,21247,21248,0,0,0.26315789473684209,19,euclidean,uniform
4216,21249,21250,0,0,0.21052631578947367,19,euclidean,uniform
4217,21258,21259,0,0,0.10526315789473684,19,euclidean,uniform
4218,21261,21262,0,0,0.21052631578947367,19,euclidean,uniform
4219,21263,21264,0,0,0.10526315789473684,19,euclidean,uniform
4220,21273,21274,1,1,0.63157894736842102,19,euclidean,uniform
4221,21286,21287,0,0,0.31578947368421051,19,euclidean,uniform
4222,21302,21303,0,0,0.21052631578947367,19,euclidean,uniform
4223,21306,21307,0,0,0.052631578947368418,19,euclidean,uniform
4224,21310,21311,1,0,0.31578947368421051,19,euclidean,uniform
4225,21311,21312,1,1,0.52631578947368418,19,euclidean,uniform
4226,21313,21314,0,0,0.21052631578947367,19,euclidean,uniform
4227,21314,21315,1,0,0.15789473684210525,19,euclidean,uniform
4228,21324,21325,0,0,0.26315789473684209,19,euclidean,uniform
4229,21326,21327,1,0,0.21052631578947367,19,euclidean,uniform
4230,21328,21329,0,0,0.21052631578947367,19,euclidean,uniform
4231,21337,21338,0,0,0.15789473684210525,19,euclidean,uniform
4232,21340,21341,0,0,0.21052631578947367,19,euclidean,uniform
4233,21345,21346,0,0,0.26315789473684209,19,euclidean,uniform
4234,21362,21363,0,1,0.57894736842105265,19,euclidean,uniform
4235,21366,21367,0,0,0.15789473684210525,19,euclidean,uniform
4236,21374,21375,0,0,0.31578947368421051,19,euclidean,uniform
4237,21380,21381,1,1,0.94736842105263153,19,euclidean,uniform
4238,21386,21387,0,0,0.15789473684210525,19,euclidean,uniform
4239,21387,21388,0,0,0.42105263157894735,19,euclidean,uniform
4240,21392,21393,1,1,0.57894736842105265,19,euclidean,uniform
4241,21393,21394,1,0,0.26315789473684209,19,euclidean,uniform
4242,21398,21399,1,0,0.21052631578947367,19,euclidean,uniform
4243,21399,21400,0,0,0.15789473684210525,19,euclidean,uniform
4244,21407,21408,0,0,0.15789473684210525,19,euclidean,uniform
4245,21410,21411,0,0,0.47368421052631576,19,euclidean,uniform
4246,21414,21415,0,0,0.31578947368421051,19,euclidean,uniform
4247,21416,21417,0,0,0.31578947368421051,19,euclidean,uniform
4248,21417,21418,0,0,0.052631578947368418,19,euclidean,uniform
4249,21421,21422,0,0,0.052631578947368418,19,euclidean,uniform
4250,21426,21427,0,0,0.10526315789473684,19,euclidean,uniform
4251,21428,21429,0,0,0.26315789473684209,19,euclidean,uniform
4252,21436,21437,0,0,0.052631578947368418,19,euclidean,uniform
4253,21439,21440,1,0,0.21052631578947367,19,euclidean,uniform
4254,21442,21443,0,0,0,19,euclidean,uniform
4255,21444,21445,0,0,0,19,euclidean,uniform
4256,21475,21476,0,0,0.052631578947368418,19,euclidean,uniform
4257,21480,21481,1,0,0.47368421052631576,19,euclidean,uniform
4258,21486,21487,0,0,0.47368421052631576,19,euclidean,uniform
4259,21493,21494,1,0,0.052631578947368418,19,euclidean,uniform
4260,21498,21499,0,0,0.15789473684210525,19,euclidean,uniform
4261,21503,21504,0,0,0,19,euclidean,uniform
4262,21504,21505,0,0,0.10526315789473684,19,euclidean,uniform
4263,21511,21512,1,0,0.36842105263157893,19,euclidean,uniform
4264,21528,21529,0,0,0.052631578947368418,19,euclidean,uniform
4265,21529,21530,0,0,0.10526315789473684,19,euclidean,uniform
4266,21531,21532,0,0,0.21052631578947367,19,euclidean,uniform
4267,21542,21543,0,0,0.10526315789473684,19,euclidean,uniform
4268,21552,21553,0,0,0.21052631578947367,19,euclidean,uniform
4269,21561,21562,0,1,0.68421052631578949,19,euclidean,uniform
4270,21567,21568,0,0,0.052631578947368418,19,euclidean,uniform
4271,21574,21575,0,0,0.10526315789473684,19,euclidean,uniform
4272,21576,21577,0,0,0.10526315789473684,19,euclidean,uniform
4273,21578,21579,0,0,0.15789473684210525,19,euclidean,uniform
4274,21587,21588,0,0,0.052631578947368418,19,euclidean,uniform
4275,21588,21589,0,0,0.31578947368421051,19,euclidean,uniform
4276,21595,21596,0,0,0.10526315789473684,19,euclidean,uniform
4277,21596,21597,0,0,0.15789473684210525,19,euclidean,uniform
4278,21600,21601,1,0,0.26315789473684209,19,euclidean,uniform
4279,21606,21607,0,0,0.21052631578947367,19,euclidean,uniform
4280,21611,21612,0,1,0.57894736842105265,19,euclidean,uniform
4281,21618,21619,0,0,0.26315789473684209,19,euclidean,uniform
4282,21630,21631,0,0,0.052631578947368418,19,euclidean,uniform
4283,21631,21632,0,0,0.052631578947368418,19,euclidean,uniform
4284,21634,21635,1,1,0.84210526315789469,19,euclidean,uniform
4285,21648,21649,0,0,0.052631578947368418,19,euclidean,uniform
4286,21661,21662,0,0,0.15789473684210525,19,euclidean,uniform
4287,21663,21664,0,0,0,19,euclidean,uniform
4288,21672,21673,1,1,0.68421052631578949,19,euclidean,uniform
4289,21675,21676,0,0,0.31578947368421051,19,euclidean,uniform
4290,21676,21677,0,0,0.15789473684210525,19,euclidean,uniform
4291,21680,21681,0,0,0.052631578947368418,19,euclidean,uniform
4292,21683,21684,0,0,0.21052631578947367,19,euclidean,uniform
4293,21695,21696,0,0,0,19,euclidean,uniform
4294,21700,21701,0,0,0,19,euclidean,uniform
4295,21701,21702,1,1,0.73684210526315785,19,euclidean,uniform
4296,21702,21703,0,1,0.73684210526315785,19,euclidean,uniform
4297,21706,21707,0,0,0.15789473684210525,19,euclidean,uniform
4298,21708,21709,0,1,0.52631578947368418,19,euclidean,uniform
4299,21715,21716,1,1,0.52631578947368418,19,euclidean,uniform
4300,21721,21722,0,0,0,19,euclidean,uniform
4301,21722,21723,0,0,0.10526315789473684,19,euclidean,uniform
4302,21731,21732,0,0,0.21052631578947367,19,euclidean,uniform
4303,21737,21738,0,0,0.15789473684210525,19,euclidean,uniform
4304,21750,21751,0,0,0.15789473684210525,19,euclidean,uniform
4305,21771,21772,0,1,0.52631578947368418,19,euclidean,uniform
4306,21802,21803,0,0,0.42105263157894735,19,euclidean,uniform
4307,21806,21807,0,0,0.10526315789473684,19,euclidean,uniform
4308,21809,21810,1,1,0.63157894736842102,19,euclidean,uniform
4309,21811,21812,1,1,0.73684210526315785,19,euclidean,uniform
4310,21812,21813,0,0,0.052631578947368418,19,euclidean,uniform
4311,21819,21820,0,0,0.26315789473684209,19,euclidean,uniform
4312,21824,21825,0,0,0.052631578947368418,19,euclidean,uniform
4313,21826,21827,0,0,0,19,euclidean,uniform
4314,21839,21840,0,0,0,19,euclidean,uniform
4315,21849,21850,0,0,0,19,euclidean,uniform
4316,21857,21858,0,0,0.15789473684210525,19,euclidean,uniform
4317,21866,21867,0,0,0.15789473684210525,19,euclidean,uniform
4318,21881,21882,0,0,0.052631578947368418,19,euclidean,uniform
4319,21883,21884,0,0,0.10526315789473684,19,euclidean,uniform
4320,21887,21888,0,0,0,19,euclidean,uniform
4321,21894,21895,0,0,0.21052631578947367,19,euclidean,uniform
4322,21896,21897,0,0,0.052631578947368418,19,euclidean,uniform
4323,21900,21901,1,1,0.52631578947368418,19,euclidean,uniform
4324,21901,21902,0,0,0.10526315789473684,19,euclidean,uniform
4325,21904,21905,0,0,0.052631578947368418,19,euclidean,uniform
4326,21906,21907,0,0,0.10526315789473684,19,euclidean,uniform
4327,21911,21912,0,0,0.36842105263157893,19,euclidean,uniform
4328,21912,21913,0,0,0.21052631578947367,19,euclidean,uniform
4329,21915,21916,0,0,0.21052631578947367,19,euclidean,uniform
4330,21920,21921,1,0,0.10526315789473684,19,euclidean,uniform
4331,21935,21936,0,0,0,19,euclidean,uniform
4332,21940,21941,0,0,0.21052631578947367,19,euclidean,uniform
4333,21957,21958,0,0,0.10526315789473684,19,euclidean,uniform
4334,21962,21963,0,0,0,19,euclidean,uniform
4335,21963,21964,0,0,0,19,euclidean,uniform
4336,21968,21969,0,0,0.21052631578947367,19,euclidean,uniform
4337,21969,21970,0,0,0,19,euclidean,uniform
4338,21971,21972,0,0,0.31578947368421051,19,euclidean,uniform
4339,21984,21985,0,0,0.15789473684210525,19,euclidean,uniform
4340,21988,21989,0,0,0.15789473684210525,19,euclidean,uniform
4341,21992,21993,0,0,0.052631578947368418,19,euclidean,uniform
4342,21994,21995,0,0,0.052631578947368418,19,euclidean,uniform
4343,21998,21999,0,0,0.10526315789473684,19,euclidean,uniform
4344,22002,22003,0,0,0.21052631578947367,19,euclidean,uniform
4345,22007,22008,0,0,0.21052631578947367,19,euclidean,uniform
4346,22008,22009,0,0,0.052631578947368418,19,euclidean,uniform
4347,22027,22028,0,0,0.21052631578947367,19,euclidean,uniform
4348,22028,22029,0,0,0,19,euclidean,uniform
4349,22031,22032,0,0,0,19,euclidean,uniform
4350,22032,22033,0,0,0.21052631578947367,19,euclidean,uniform
4351,22035,22036,0,0,0.21052631578947367,19,euclidean,uniform
4352,22041,22042,0,0,0.15789473684210525,19,euclidean,uniform
4353,22042,22043,0,0,0.31578947368421051,19,euclidean,uniform
4354,22043,22044,0,0,0.052631578947368418,19,euclidean,uniform
4355,22046,22047,0,0,0,19,euclidean,uniform
4356,22056,22057,0,0,0.42105263157894735,19,euclidean,uniform
4357,22057,22058,0,0,0.10526315789473684,19,euclidean,uniform
4358,22058,22059,0,0,0.21052631578947367,19,euclidean,uniform
4359,22061,22062,0,0,0.052631578947368418,19,euclidean,uniform
4360,22070,22071,0,0,0.052631578947368418,19,euclidean,uniform
4361,22072,22073,0,0,0.21052631578947367,19,euclidean,uniform
4362,22075,22076,0,0,0.31578947368421051,19,euclidean,uniform
4363,22080,22081,1,1,0.78947368421052633,19,euclidean,uniform
4364,22081,22082,0,0,0.15789473684210525,19,euclidean,uniform
4365,22088,22089,0,0,0.21052631578947367,19,euclidean,uniform
4366,22089,22090,0,0,0.26315789473684209,19,euclidean,uniform
4367,22090,22091,1,0,0.10526315789473684,19,euclidean,uniform
4368,22091,22092,0,0,0,19,euclidean,uniform
4369,22092,22093,0,0,0.052631578947368418,19,euclidean,uniform
4370,22095,22096,0,0,0.42105263157894735,19,euclidean,uniform
4371,22098,22099,0,0,0,19,euclidean,uniform
4372,22101,22102,1,0,0.15789473684210525,19,euclidean,uniform
4373,22102,22103,0,0,0,19,euclidean,uniform
4374,22104,22105,0,0,0.052631578947368418,19,euclidean,uniform
4375,22105,22106,0,0,0.21052631578947367,19,euclidean,uniform
4376,22111,22112,1,1,0.78947368421052633,19,euclidean,uniform
4377,22112,22113,0,0,0.26315789473684209,19,euclidean,uniform
4378,22116,22117,0,0,0.052631578947368418,19,euclidean,uniform
4379,22128,22129,0,0,0.21052631578947367,19,euclidean,uniform
4380,22129,22130,0,0,0.10526315789473684,19,euclidean,uniform
4381,22139,22140,0,0,0.21052631578947367,19,euclidean,uniform
4382,22168,22169,1,1,0.68421052631578949,19,euclidean,uniform
4383,22176,22177,1,1,0.73684210526315785,19,euclidean,uniform
4384,22179,22180,0,0,0.10526315789473684,19,euclidean,uniform
4385,22188,22189,0,0,0.052631578947368418,19,euclidean,uniform
4386,22189,22190,0,0,0.21052631578947367,19,euclidean,uniform
4387,22195,22196,0,0,0.052631578947368418,19,euclidean,uniform
4388,22196,22197,0,0,0,19,euclidean,uniform
4389,22198,22199,0,0,0.15789473684210525,19,euclidean,uniform
4390,22214,22215,0,0,0.21052631578947367,19,euclidean,uniform
4391,22226,22227,0,0,0.15789473684210525,19,euclidean,uniform
4392,22241,22242,0,0,0.10526315789473684,19,euclidean,uniform
4393,22250,22251,1,0,0.15789473684210525,19,euclidean,uniform
4394,22252,22253,0,0,0.052631578947368418,19,euclidean,uniform
4395,22254,22255,0,0,0.21052631578947367,19,euclidean,uniform
4396,22256,22257,1,0,0.10526315789473684,19,euclidean,uniform
4397,22261,22262,0,0,0.15789473684210525,19,euclidean,uniform
4398,22262,22263,1,0,0.21052631578947367,19,euclidean,uniform
4399,22264,22265,0,0,0.10526315789473684,19,euclidean,uniform
4400,22266,22267,1,0,0,19,euclidean,uniform
4401,22281,22282,0,0,0.15789473684210525,19,euclidean,uniform
4402,22285,22286,1,1,0.68421052631578949,19,euclidean,uniform
4403,22286,22287,1,1,0.52631578947368418,19,euclidean,uniform
4404,22290,22291,1,1,0.78947368421052633,19,euclidean,uniform
4405,22306,22307,1,0,0.15789473684210525,19,euclidean,uniform
4406,22307,22308,0,0,0.15789473684210525,19,euclidean,uniform
4407,22311,22312,0,0,0.052631578947368418,19,euclidean,uniform
4408,22319,22320,0,0,0.15789473684210525,19,euclidean,uniform
4409,22321,22322,0,0,0.10526315789473684,19,euclidean,uniform
4410,22323,22324,0,0,0,19,euclidean,uniform
4411,22328,22329,0,0,0.052631578947368418,19,euclidean,uniform
4412,22333,22334,0,0,0.052631578947368418,19,euclidean,uniform
4413,22338,22339,0,0,0.21052631578947367,19,euclidean,uniform
4414,22352,22353,0,0,0.21052631578947367,19,euclidean,uniform
4415,22357,22358,0,0,0.21052631578947367,19,euclidean,uniform
4416,22360,22361,0,0,0.10526315789473684,19,euclidean,uniform
4417,22364,22365,0,0,0.052631578947368418,19,euclidean,uniform
4418,22366,22367,0,0,0.31578947368421051,19,euclidean,uniform
4419,22368,22369,0,0,0.10526315789473684,19,euclidean,uniform
4420,22372,22373,0,0,0,19,euclidean,uniform
4421,22377,22378,0,0,0.052631578947368418,19,euclidean,uniform
4422,22378,22379,0,0,0,19,euclidean,uniform
4423,22382,22383,0,0,0.052631578947368418,19,euclidean,uniform
4424,22385,22386,1,0,0.10526315789473684,19,euclidean,uniform
4425,22387,22388,0,0,0.052631578947368418,19,euclidean,uniform
4426,22396,22397,0,0,0.26315789473684209,19,euclidean,uniform
4427,22399,22400,0,0,0.15789473684210525,19,euclidean,uniform
4428,22402,22403,0,0,0.21052631578947367,19,euclidean,uniform
4429,22404,22405,0,0,0,19,euclidean,uniform
4430,22407,22408,0,0,0.052631578947368418,19,euclidean,uniform
4431,22408,22409,0,0,0.10526315789473684,19,euclidean,uniform
4432,22412,22413,0,0,0,19,euclidean,uniform
4433,22416,22417,0,1,0.73684210526315785,19,euclidean,uniform
4434,22420,22421,0,0,0.21052631578947367,19,euclidean,uniform
4435,22424,22425,0,0,0.26315789473684209,19,euclidean,uniform
4436,22430,22431,0,0,0.31578947368421051,19,euclidean,uniform
4437,22434,22435,0,0,0.10526315789473684,19,euclidean,uniform
4438,22439,22440,0,0,0.052631578947368418,19,euclidean,uniform
4439,22442,22443,1,0,0.052631578947368418,19,euclidean,uniform
4440,22445,22446,0,0,0.052631578947368418,19,euclidean,uniform
4441,22447,22448,0,0,0.26315789473684209,19,euclidean,uniform
4442,22448,22449,0,0,0.10526315789473684,19,euclidean,uniform
4443,22450,22451,0,0,0.052631578947368418,19,euclidean,uniform
4444,22451,22452,0,0,0.15789473684210525,19,euclidean,uniform
4445,22452,22453,0,0,0.10526315789473684,19,euclidean,uniform
4446,22453,22454,0,0,0.052631578947368418,19,euclidean,uniform
4447,22468,22469,1,0,0.10526315789473684,19,euclidean,uniform
4448,22472,22473,1,1,0.89473684210526316,19,euclidean,uniform
4449,22481,22482,0,0,0,19,euclidean,uniform
4450,22496,22497,1,0,0.052631578947368418,19,euclidean,uniform
4451,22500,22501,0,0,0.21052631578947367,19,euclidean,uniform
4452,22501,22502,0,0,0.10526315789473684,19,euclidean,uniform
4453,22502,22503,1,0,0.36842105263157893,19,euclidean,uniform
4454,22505,22506,1,0,0.36842105263157893,19,euclidean,uniform
4455,22513,22514,0,0,0,19,euclidean,uniform
4456,22514,22515,0,0,0.10526315789473684,19,euclidean,uniform
4457,22517,22518,0,0,0.21052631578947367,19,euclidean,uniform
4458,22524,22525,0,0,0.10526315789473684,19,euclidean,uniform
4459,22527,22528,0,0,0.21052631578947367,19,euclidean,uniform
4460,22529,22530,0,0,0.47368421052631576,19,euclidean,uniform
4461,22533,22534,0,0,0.10526315789473684,19,euclidean,uniform
4462,22543,22544,1,0,0.36842105263157893,19,euclidean,uniform
4463,22547,22548,1,0,0.10526315789473684,19,euclidean,uniform
4464,22549,22550,0,0,0.31578947368421051,19,euclidean,uniform
4465,22552,22553,0,0,0.10526315789473684,19,euclidean,uniform
4466,22553,22554,0,0,0.36842105263157893,19,euclidean,uniform
4467,22557,22558,0,0,0.31578947368421051,19,euclidean,uniform
4468,22561,22562,0,0,0.21052631578947367,19,euclidean,uniform
4469,22566,22567,0,1,0.84210526315789469,19,euclidean,uniform
4470,22585,22586,0,0,0.10526315789473684,19,euclidean,uniform
4471,22589,22590,0,0,0.15789473684210525,19,euclidean,uniform
4472,22592,22593,0,0,0.15789473684210525,19,euclidean,uniform
4473,22616,22617,0,0,0.052631578947368418,19,euclidean,uniform
4474,22619,22620,0,0,0.26315789473684209,19,euclidean,uniform
4475,22626,22627,0,0,0,19,euclidean,uniform
4476,22627,22628,1,0,0.26315789473684209,19,euclidean,uniform
4477,22632,22633,0,0,0.36842105263157893,19,euclidean,uniform
4478,22634,22635,0,0,0.052631578947368418,19,euclidean,uniform
4479,22636,22637,0,0,0.15789473684210525,19,euclidean,uniform
4480,22649,22650,0,0,0.15789473684210525,19,euclidean,uniform
4481,22656,22657,1,1,0.52631578947368418,19,euclidean,uniform
4482,22661,22662,0,0,0,19,euclidean,uniform
4483,22682,22683,0,0,0.10526315789473684,19,euclidean,uniform
4484,22688,22689,1,1,0.78947368421052633,19,euclidean,uniform
4485,22689,22690,0,0,0.052631578947368418,19,euclidean,uniform
4486,22690,22691,0,1,0.68421052631578949,19,euclidean,uniform
4487,22697,22698,0,0,0.21052631578947367,19,euclidean,uniform
4488,22705,22706,0,0,0.36842105263157893,19,euclidean,uniform
4489,22710,22711,1,0,0.36842105263157893,19,euclidean,uniform
4490,22711,22712,1,0,0.15789473684210525,19,euclidean,uniform
4491,22712,22713,0,0,0.26315789473684209,19,euclidean,uniform
4492,22715,22716,0,0,0.15789473684210525,19,euclidean,uniform
4493,22729,22730,0,0,0.21052631578947367,19,euclidean,uniform
4494,22738,22739,0,0,0.052631578947368418,19,euclidean,uniform
4495,22747,22748,0,0,0.15789473684210525,19,euclidean,uniform
4496,22752,22753,0,0,0.10526315789473684,19,euclidean,uniform
4497,22753,22754,1,1,0.63157894736842102,19,euclidean,uniform
4498,22755,22756,1,0,0,19,euclidean,uniform
4499,22757,22758,0,0,0.15789473684210525,19,euclidean,uniform
4500,22759,22760,1,1,0.94736842105263153,19,euclidean,uniform
4501,22763,22764,0,0,0.10526315789473684,19,euclidean,uniform
4502,22767,22768,0,0,0.052631578947368418,19,euclidean,uniform
4503,22768,22769,1,0,0.052631578947368418,19,euclidean,uniform
4504,22776,22777,1,0,0.052631578947368418,19,euclidean,uniform
4505,22778,22779,0,0,0,19,euclidean,uniform
4506,22779,22780,0,0,0.052631578947368418,19,euclidean,uniform
4507,22780,22781,0,0,0.15789473684210525,19,euclidean,uniform
4508,22789,22790,1,0,0.31578947368421051,19,euclidean,uniform
4509,22790,22791,0,0,0.15789473684210525,19,euclidean,uniform
4510,22792,22793,0,0,0.10526315789473684,19,euclidean,uniform
4511,22801,22802,0,0,0.052631578947368418,19,euclidean,uniform
4512,22803,22804,0,0,0.052631578947368418,19,euclidean,uniform
4513,22819,22820,0,0,0.10526315789473684,19,euclidean,uniform
4514,22820,22821,0,0,0.10526315789473684,19,euclidean,uniform
4515,22822,22823,0,0,0.15789473684210525,19,euclidean,uniform
4516,22826,22827,0,0,0.15789473684210525,19,euclidean,uniform
4517,22833,22834,0,0,0.052631578947368418,19,euclidean,uniform
4518,22841,22842,0,0,0.052631578947368418,19,euclidean,uniform
4519,22851,22852,1,0,0.47368421052631576,19,euclidean,uniform
4520,22862,22863,1,1,0.73684210526315785,19,euclidean,uniform
4521,22866,22867,0,0,0.21052631578947367,19,euclidean,uniform
4522,22873,22874,0,0,0.052631578947368418,19,euclidean,uniform
4523,22875,22876,0,0,0.10526315789473684,19,euclidean,uniform
4524,22880,22881,0,1,0.63157894736842102,19,euclidean,uniform
4525,22881,22882,1,0,0.10526315789473684,19,euclidean,uniform
4526,22882,22883,0,0,0.10526315789473684,19,euclidean,uniform
4527,22888,22889,0,0,0,19,euclidean,uniform
4528,22893,22894,1,0,0.10526315789473684,19,euclidean,uniform
4529,22894,22895,0,0,0.21052631578947367,19,euclidean,uniform
4530,22897,22898,1,1,0.78947368421052633,19,euclidean,uniform
4531,22900,22901,1,1,0.84210526315789469,19,euclidean,uniform
4532,22904,22905,0,0,0.21052631578947367,19,euclidean,uniform
4533,22913,22914,0,0,0.052631578947368418,19,euclidean,uniform
4534,22914,22915,0,0,0.15789473684210525,19,euclidean,uniform
4535,22927,22928,0,0,0.15789473684210525,19,euclidean,uniform
4536,22930,22931,0,0,0.15789473684210525,19,euclidean,uniform
4537,22936,22937,0,0,0.15789473684210525,19,euclidean,uniform
4538,22937,22938,0,0,0.21052631578947367,19,euclidean,uniform
4539,22938,22939,0,0,0.15789473684210525,19,euclidean,uniform
4540,22939,22940,0,0,0,19,euclidean,uniform
4541,22940,22941,0,0,0.15789473684210525,19,euclidean,uniform
4542,22944,22945,0,0,0,19,euclidean,uniform
4543,22979,22980,0,0,0.26315789473684209,19,euclidean,uniform
4544,22988,22989,0,0,0.052631578947368418,19,euclidean,uniform
4545,22996,22997,0,0,0.052631578947368418,19,euclidean,uniform
4546,22997,22998,0,0,0,19,euclidean,uniform
4547,22999,23000,0,0,0.052631578947368418,19,euclidean,uniform
4548,23005,23006,1,0,0.10526315789473684,19,euclidean,uniform
4549,23007,23008,0,0,0.15789473684210525,19,euclidean,uniform
4550,23009,23010,0,0,0.15789473684210525,19,euclidean,uniform
4551,23016,23017,0,0,0.21052631578947367,19,euclidean,uniform
4552,23022,23023,0,0,0.21052631578947367,19,euclidean,uniform
4553,23024,23025,0,0,0.21052631578947367,19,euclidean,uniform
4554,23029,23030,0,0,0.052631578947368418,19,euclidean,uniform
4555,23038,23039,0,0,0.052631578947368418,19,euclidean,uniform
4556,23039,23040,1,1,0.57894736842105265,19,euclidean,uniform
4557,23041,23042,0,0,0.052631578947368418,19,euclidean,uniform
4558,23043,23044,1,0,0.21052631578947367,19,euclidean,uniform
4559,23044,23045,0,0,0.052631578947368418,19,euclidean,uniform
4560,23051,23052,0,0,0.31578947368421051,19,euclidean,uniform
4561,23067,23068,0,0,0.052631578947368418,19,euclidean,uniform
4562,23069,23070,0,1,0.57894736842105265,19,euclidean,uniform
4563,23070,23071,1,0,0.15789473684210525,19,euclidean,uniform
4564,23078,23079,0,0,0,19,euclidean,uniform
4565,23079,23080,0,0,0.10526315789473684,19,euclidean,uniform
4566,23092,23093,1,0,0.26315789473684209,19,euclidean,uniform
4567,23098,23099,0,0,0,19,euclidean,uniform
4568,23104,23105,0,0,0.10526315789473684,19,euclidean,uniform
4569,23107,23108,0,0,0.052631578947368418,19,euclidean,uniform
4570,23108,23109,0,0,0.15789473684210525,19,euclidean,uniform
4571,23109,23110,0,0,0.42105263157894735,19,euclidean,uniform
4572,23112,23113,0,0,0.10526315789473684,19,euclidean,uniform
4573,23115,23116,0,0,0.21052631578947367,19,euclidean,uniform
4574,23122,23123,0,0,0,19,euclidean,uniform
4575,23125,23126,1,0,0.15789473684210525,19,euclidean,uniform
4576,23127,23128,0,0,0,19,euclidean,uniform
4577,23133,23134,1,0,0.21052631578947367,19,euclidean,uniform
4578,23136,23137,0,0,0.10526315789473684,19,euclidean,uniform
4579,23145,23146,0,0,0.21052631578947367,19,euclidean,uniform
4580,23159,23160,0,0,0.21052631578947367,19,euclidean,uniform
4581,23163,23164,0,0,0.10526315789473684,19,euclidean,uniform
4582,23164,23165,1,0,0.36842105263157893,19,euclidean,uniform
4583,23169,23170,0,0,0.36842105263157893,19,euclidean,uniform
4584,23172,23173,0,0,0.15789473684210525,19,euclidean,uniform
4585,23183,23184,0,0,0.15789473684210525,19,euclidean,uniform
4586,23186,23187,1,0,0.10526315789473684,19,euclidean,uniform
4587,23201,23202,0,0,0,19,euclidean,uniform
4588,23205,23206,1,1,0.57894736842105265,19,euclidean,uniform
4589,23213,23214,1,0,0.15789473684210525,19,euclidean,uniform
4590,23232,23233,1,0,0,19,euclidean,uniform
4591,23236,23237,0,0,0.42105263157894735,19,euclidean,uniform
4592,23238,23239,0,0,0.15789473684210525,19,euclidean,uniform
4593,23240,23241,0,0,0.10526315789473684,19,euclidean,uniform
4594,23243,23244,0,0,0.10526315789473684,19,euclidean,uniform
4595,23244,23245,0,0,0.26315789473684209,19,euclidean,uniform
4596,23250,23251,0,0,0.10526315789473684,19,euclidean,uniform
4597,23251,23252,0,0,0.10526315789473684,19,euclidean,uniform
4598,23254,23255,0,0,0.21052631578947367,19,euclidean,uniform
4599,23259,23260,0,0,0.15789473684210525,19,euclidean,uniform
4600,23270,23271,0,0,0.10526315789473684,19,euclidean,uniform
4601,23272,23273,0,0,0.21052631578947367,19,euclidean,uniform
4602,23273,23274,0,0,0.15789473684210525,19,euclidean,uniform
4603,23276,23277,0,0,0.10526315789473684,19,euclidean,uniform
4604,23278,23279,0,0,0.21052631578947367,19,euclidean,uniform
4605,23284,23285,0,0,0.10526315789473684,19,euclidean,uniform
4606,23286,23287,0,0,0.42105263157894735,19,euclidean,uniform
4607,23289,23290,0,0,0.052631578947368418,19,euclidean,uniform
4608,23300,23301,0,0,0.052631578947368418,19,euclidean,uniform
4609,23301,23302,0,1,0.63157894736842102,19,euclidean,uniform
4610,23303,23304,0,0,0.21052631578947367,19,euclidean,uniform
4611,23304,23305,0,0,0.21052631578947367,19,euclidean,uniform
4612,23307,23308,1,0,0.052631578947368418,19,euclidean,uniform
4613,23308,23309,0,0,0.15789473684210525,19,euclidean,uniform
4614,23318,23319,1,0,0.052631578947368418,19,euclidean,uniform
4615,23322,23323,1,0,0.26315789473684209,19,euclidean,uniform
4616,23324,23325,0,0,0.15789473684210525,19,euclidean,uniform
4617,23327,23328,0,0,0,19,euclidean,uniform
4618,23329,23330,0,0,0.052631578947368418,19,euclidean,uniform
4619,23333,23334,0,0,0,19,euclidean,uniform
4620,23337,23338,0,0,0.052631578947368418,19,euclidean,uniform
4621,23339,23340,1,1,0.68421052631578949,19,euclidean,uniform
4622,23341,23342,1,0,0.10526315789473684,19,euclidean,uniform
4623,23350,23351,1,0,0.052631578947368418,19,euclidean,uniform
4624,23351,23352,0,0,0.10526315789473684,19,euclidean,uniform
4625,23352,23353,1,0,0.26315789473684209,19,euclidean,uniform
4626,23355,23356,1,1,0.57894736842105265,19,euclidean,uniform
4627,23365,23366,0,0,0.10526315789473684,19,euclidean,uniform
4628,23383,23384,0,0,0.31578947368421051,19,euclidean,uniform
4629,23387,23388,1,0,0.052631578947368418,19,euclidean,uniform
4630,23388,23389,0,0,0,19,euclidean,uniform
4631,23395,23396,0,0,0.10526315789473684,19,euclidean,uniform
4632,23399,23400,1,0,0.15789473684210525,19,euclidean,uniform
4633,23402,23403,0,0,0.10526315789473684,19,euclidean,uniform
4634,23411,23412,0,0,0.10526315789473684,19,euclidean,uniform
4635,23412,23413,0,0,0,19,euclidean,uniform
4636,23415,23416,1,1,0.84210526315789469,19,euclidean,uniform
4637,23421,23422,0,0,0.052631578947368418,19,euclidean,uniform
4638,23424,23425,0,0,0,19,euclidean,uniform
4639,23431,23432,1,0,0.21052631578947367,19,euclidean,uniform
4640,23433,23434,0,0,0,19,euclidean,uniform
4641,23434,23435,0,0,0,19,euclidean,uniform
4642,23442,23443,0,0,0.15789473684210525,19,euclidean,uniform
4643,23447,23448,0,0,0.15789473684210525,19,euclidean,uniform
4644,23451,23452,0,0,0.42105263157894735,19,euclidean,uniform
4645,23457,23458,0,0,0.052631578947368418,19,euclidean,uniform
4646,23461,23462,0,0,0,19,euclidean,uniform
4647,23463,23464,1,0,0.052631578947368418,19,euclidean,uniform
4648,23465,23466,1,1,0.57894736842105265,19,euclidean,uniform
4649,23467,23468,0,0,0.10526315789473684,19,euclidean,uniform
4650,23468,23469,1,1,0.78947368421052633,19,euclidean,uniform
4651,23471,23472,0,0,0.42105263157894735,19,euclidean,uniform
4652,23476,23477,0,0,0,19,euclidean,uniform
4653,23483,23484,0,0,0.21052631578947367,19,euclidean,uniform
4654,23485,23486,0,0,0.15789473684210525,19,euclidean,uniform
4655,23494,23495,0,0,0.052631578947368418,19,euclidean,uniform
4656,23495,23496,1,0,0.26315789473684209,19,euclidean,uniform
4657,23496,23497,0,0,0,19,euclidean,uniform
4658,23499,23500,0,0,0.26315789473684209,19,euclidean,uniform
4659,23501,23502,0,0,0.42105263157894735,19,euclidean,uniform
4660,23504,23505,0,0,0.10526315789473684,19,euclidean,uniform
4661,23505,23506,1,0,0.42105263157894735,19,euclidean,uniform
4662,23509,23510,0,1,0.73684210526315785,19,euclidean,uniform
4663,23513,23514,0,0,0,19,euclidean,uniform
4664,23518,23519,0,0,0.15789473684210525,19,euclidean,uniform
4665,23528,23529,0,0,0.052631578947368418,19,euclidean,uniform
4666,23532,23533,1,1,0.52631578947368418,19,euclidean,uniform
4667,23538,23539,0,0,0.10526315789473684,19,euclidean,uniform
4668,23540,23541,0,0,0.36842105263157893,19,euclidean,uniform
4669,23544,23545,0,0,0.10526315789473684,19,euclidean,uniform
4670,23549,23550,0,0,0.21052631578947367,19,euclidean,uniform
4671,23553,23554,0,0,0.21052631578947367,19,euclidean,uniform
4672,23562,23563,1,0,0.15789473684210525,19,euclidean,uniform
4673,23563,23564,0,0,0.052631578947368418,19,euclidean,uniform
4674,23569,23570,0,0,0.31578947368421051,19,euclidean,uniform
4675,23572,23573,0,0,0,19,euclidean,uniform
4676,23575,23576,0,0,0.052631578947368418,19,euclidean,uniform
4677,23583,23584,0,0,0.052631578947368418,19,euclidean,uniform
4678,23597,23598,0,0,0.10526315789473684,19,euclidean,uniform
4679,23599,23600,0,0,0,19,euclidean,uniform
4680,23601,23602,0,0,0.15789473684210525,19,euclidean,uniform
4681,23602,23603,1,0,0.21052631578947367,19,euclidean,uniform
4682,23607,23608,1,1,0.63157894736842102,19,euclidean,uniform
4683,23612,23613,0,0,0.10526315789473684,19,euclidean,uniform
4684,23626,23627,0,0,0.10526315789473684,19,euclidean,uniform
4685,23629,23630,0,0,0,19,euclidean,uniform
4686,23635,23636,1,0,0.15789473684210525,19,euclidean,uniform
4687,23642,23643,0,0,0.10526315789473684,19,euclidean,uniform
4688,23643,23644,0,0,0.26315789473684209,19,euclidean,uniform
4689,23653,23654,0,0,0,19,euclidean,uniform
4690,23656,23657,0,0,0.47368421052631576,19,euclidean,uniform
4691,23658,23659,0,0,0.26315789473684209,19,euclidean,uniform
4692,23663,23664,1,0,0.15789473684210525,19,euclidean,uniform
4693,23667,23668,0,0,0.15789473684210525,19,euclidean,uniform
4694,23683,23684,0,0,0.052631578947368418,19,euclidean,uniform
4695,23686,23687,0,0,0.10526315789473684,19,euclidean,uniform
4696,23690,23691,0,0,0.10526315789473684,19,euclidean,uniform
4697,23692,23693,0,0,0.31578947368421051,19,euclidean,uniform
4698,23694,23695,0,0,0.36842105263157893,19,euclidean,uniform
4699,23695,23696,0,0,0.052631578947368418,19,euclidean,uniform
4700,23704,23705,1,1,0.84210526315789469,19,euclidean,uniform
4701,23707,23708,0,0,0.15789473684210525,19,euclidean,uniform
4702,23714,23715,0,0,0.10526315789473684,19,euclidean,uniform
4703,23727,23728,0,0,0.10526315789473684,19,euclidean,uniform
4704,23735,23736,0,0,0.15789473684210525,19,euclidean,uniform
4705,23736,23737,1,0,0.10526315789473684,19,euclidean,uniform
4706,23748,23749,0,0,0.15789473684210525,19,euclidean,uniform
4707,23750,23751,0,0,0.10526315789473684,19,euclidean,uniform
4708,23753,23754,0,0,0.10526315789473684,19,euclidean,uniform
4709,23756,23757,0,0,0,19,euclidean,uniform
4710,23759,23760,1,0,0.36842105263157893,19,euclidean,uniform
4711,23762,23763,0,0,0.26315789473684209,19,euclidean,uniform
4712,23767,23768,0,0,0.31578947368421051,19,euclidean,uniform
4713,23771,23772,0,0,0.15789473684210525,19,euclidean,uniform
4714,23773,23774,0,0,0.10526315789473684,19,euclidean,uniform
4715,23776,23777,0,0,0,19,euclidean,uniform
4716,23779,23780,0,0,0.15789473684210525,19,euclidean,uniform
4717,23782,23783,0,0,0.26315789473684209,19,euclidean,uniform
4718,23784,23785,0,0,0.21052631578947367,19,euclidean,uniform
4719,23789,23790,0,0,0.26315789473684209,19,euclidean,uniform
4720,23808,23809,0,0,0.21052631578947367,19,euclidean,uniform
4721,23817,23818,1,0,0,19,euclidean,uniform
4722,23822,23823,1,0,0.36842105263157893,19,euclidean,uniform
4723,23824,23825,0,0,0.052631578947368418,19,euclidean,uniform
4724,23827,23828,1,1,0.73684210526315785,19,euclidean,uniform
4725,23829,23830,0,0,0.21052631578947367,19,euclidean,uniform
4726,23846,23847,0,0,0.36842105263157893,19,euclidean,uniform
4727,23851,23852,0,0,0.21052631578947367,19,euclidean,uniform
4728,23858,23859,0,0,0.10526315789473684,19,euclidean,uniform
4729,23866,23867,0,0,0.15789473684210525,19,euclidean,uniform
4730,23871,23872,0,0,0.10526315789473684,19,euclidean,uniform
4731,23879,23880,0,0,0.10526315789473684,19,euclidean,uniform
4732,23886,23887,0,0,0,19,euclidean,uniform
4733,23889,23890,0,0,0.15789473684210525,19,euclidean,uniform
4734,23893,23894,0,0,0.42105263157894735,19,euclidean,uniform
4735,23894,23895,0,0,0.10526315789473684,19,euclidean,uniform
4736,23895,23896,1,1,0.63157894736842102,19,euclidean,uniform
4737,23896,23897,0,0,0.10526315789473684,19,euclidean,uniform
4738,23907,23908,1,0,0.10526315789473684,19,euclidean,uniform
4739,23909,23910,0,0,0.47368421052631576,19,euclidean,uniform
4740,23911,23912,0,0,0,19,euclidean,uniform
4741,23921,23922,0,0,0.052631578947368418,19,euclidean,uniform
4742,23931,23932,0,1,0.52631578947368418,19,euclidean,uniform
4743,23937,23938,0,0,0.21052631578947367,19,euclidean,uniform
4744,23939,23940,1,0,0.31578947368421051,19,euclidean,uniform
4745,23947,23948,0,0,0.052631578947368418,19,euclidean,uniform
4746,23948,23949,0,0,0.052631578947368418,19,euclidean,uniform
4747,23950,23951,0,0,0.42105263157894735,19,euclidean,uniform
4748,23954,23955,0,0,0.26315789473684209,19,euclidean,uniform
4749,23967,23968,0,0,0,19,euclidean,uniform
4750,23973,23974,0,0,0,19,euclidean,uniform
4751,23985,23986,1,0,0.26315789473684209,19,euclidean,uniform
4752,23988,23989,0,0,0.10526315789473684,19,euclidean,uniform
4753,23993,23994,0,0,0.15789473684210525,19,euclidean,uniform
4754,23995,23996,0,1,0.52631578947368418,19,euclidean,uniform
4755,24002,24003,0,0,0.052631578947368418,19,euclidean,uniform
4756,24010,24011,0,0,0.15789473684210525,19,euclidean,uniform
4757,24012,24013,1,1,0.68421052631578949,19,euclidean,uniform
4758,24016,24017,0,0,0.21052631578947367,19,euclidean,uniform
4759,24017,24018,0,0,0.26315789473684209,19,euclidean,uniform
4760,24026,24027,0,0,0.15789473684210525,19,euclidean,uniform
4761,24032,24033,1,0,0.47368421052631576,19,euclidean,uniform
4762,24040,24041,0,0,0.052631578947368418,19,euclidean,uniform
4763,24046,24047,0,0,0.21052631578947367,19,euclidean,uniform
4764,24061,24062,0,0,0.10526315789473684,19,euclidean,uniform
4765,24062,24063,0,0,0.21052631578947367,19,euclidean,uniform
4766,24065,24066,0,0,0.21052631578947367,19,euclidean,uniform
4767,24073,24074,0,0,0.15789473684210525,19,euclidean,uniform
4768,24075,24076,0,1,0.73684210526315785,19,euclidean,uniform
4769,24077,24078,0,0,0.052631578947368418,19,euclidean,uniform
4770,24090,24091,0,0,0.21052631578947367,19,euclidean,uniform
4771,24092,24093,0,1,0.68421052631578949,19,euclidean,uniform
4772,24095,24096,0,0,0.10526315789473684,19,euclidean,uniform
4773,24096,24097,0,0,0.31578947368421051,19,euclidean,uniform
4774,24098,24099,0,0,0.15789473684210525,19,euclidean,uniform
4775,24118,24119,0,0,0.10526315789473684,19,euclidean,uniform
4776,24121,24122,0,0,0.21052631578947367,19,euclidean,uniform
4777,24126,24127,1,0,0.42105263157894735,19,euclidean,uniform
4778,24128,24129,0,0,0.15789473684210525,19,euclidean,uniform
4779,24133,24134,0,0,0.15789473684210525,19,euclidean,uniform
4780,24136,24137,0,0,0.15789473684210525,19,euclidean,uniform
4781,24139,24140,1,0,0.10526315789473684,19,euclidean,uniform
4782,24144,24145,0,0,0.10526315789473684,19,euclidean,uniform
4783,24145,24146,0,0,0.15789473684210525,19,euclidean,uniform
4784,24147,24148,1,0,0.26315789473684209,19,euclidean,uniform
4785,24148,24149,0,0,0.10526315789473684,19,euclidean,uniform
4786,24154,24155,1,1,0.63157894736842102,19,euclidean,uniform
4787,24162,24163,0,0,0,19,euclidean,uniform
4788,24169,24170,0,0,0.10526315789473684,19,euclidean,uniform
4789,24176,24177,0,0,0.21052631578947367,19,euclidean,uniform
4790,24177,24178,0,0,0.052631578947368418,19,euclidean,uniform
4791,24187,24188,0,0,0.10526315789473684,19,euclidean,uniform
4792,24192,24193,1,1,0.52631578947368418,19,euclidean,uniform
4793,24196,24197,0,0,0.052631578947368418,19,euclidean,uniform
4794,24197,24198,1,1,0.89473684210526316,19,euclidean,uniform
4795,24198,24199,0,0,0.26315789473684209,19,euclidean,uniform
4796,24207,24208,0,0,0.052631578947368418,19,euclidean,uniform
4797,24210,24211,0,0,0,19,euclidean,uniform
4798,24219,24220,0,0,0.31578947368421051,19,euclidean,uniform
4799,24223,24224,0,0,0.052631578947368418,19,euclidean,uniform
4800,24235,24236,0,0,0.31578947368421051,19,euclidean,uniform
4801,24265,24266,0,0,0,19,euclidean,uniform
4802,24266,24267,0,0,0.10526315789473684,19,euclidean,uniform
4803,24274,24275,0,0,0.052631578947368418,19,euclidean,uniform
4804,24276,24277,0,0,0.21052631578947367,19,euclidean,uniform
4805,24288,24289,0,0,0.10526315789473684,19,euclidean,uniform
4806,24303,24304,1,1,0.57894736842105265,19,euclidean,uniform
4807,24305,24306,0,0,0.10526315789473684,19,euclidean,uniform
4808,24308,24309,0,0,0.21052631578947367,19,euclidean,uniform
4809,24309,24310,0,0,0.21052631578947367,19,euclidean,uniform
4810,24318,24319,0,0,0.10526315789473684,19,euclidean,uniform
4811,24320,24321,0,0,0.10526315789473684,19,euclidean,uniform
4812,24328,24329,0,0,0.26315789473684209,19,euclidean,uniform
4813,24332,24333,1,0,0.42105263157894735,19,euclidean,uniform
4814,24341,24342,1,1,0.63157894736842102,19,euclidean,uniform
4815,24348,24349,0,0,0.15789473684210525,19,euclidean,uniform
4816,24355,24356,0,0,0.21052631578947367,19,euclidean,uniform
4817,24359,24360,1,1,0.78947368421052633,19,euclidean,uniform
4818,24362,24363,0,0,0.31578947368421051,19,euclidean,uniform
4819,24365,24366,0,0,0.15789473684210525,19,euclidean,uniform
4820,24368,24369,0,0,0.15789473684210525,19,euclidean,uniform
4821,24375,24376,0,0,0,19,euclidean,uniform
4822,24379,24380,0,0,0.21052631578947367,19,euclidean,uniform
4823,24384,24385,0,0,0.10526315789473684,19,euclidean,uniform
4824,24387,24388,0,0,0.21052631578947367,19,euclidean,uniform
4825,24389,24390,0,0,0.15789473684210525,19,euclidean,uniform
4826,24391,24392,0,0,0.26315789473684209,19,euclidean,uniform
4827,24392,24393,1,0,0.15789473684210525,19,euclidean,uniform
4828,24397,24398,1,1,0.68421052631578949,19,euclidean,uniform
4829,24399,24400,0,0,0.052631578947368418,19,euclidean,uniform
4830,24400,24401,1,1,0.89473684210526316,19,euclidean,uniform
4831,24401,24402,0,0,0.21052631578947367,19,euclidean,uniform
4832,24402,24403,0,0,0.052631578947368418,19,euclidean,uniform
4833,24407,24408,1,0,0.15789473684210525,19,euclidean,uniform
4834,24412,24413,1,0,0.42105263157894735,19,euclidean,uniform
4835,24414,24415,0,0,0.052631578947368418,19,euclidean,uniform
4836,24418,24419,0,0,0.26315789473684209,19,euclidean,uniform
4837,24420,24421,0,0,0.10526315789473684,19,euclidean,uniform
4838,24421,24422,0,0,0.052631578947368418,19,euclidean,uniform
4839,24426,24427,0,0,0.052631578947368418,19,euclidean,uniform
4840,24429,24430,1,0,0.15789473684210525,19,euclidean,uniform
4841,24433,24434,0,0,0.26315789473684209,19,euclidean,uniform
4842,24436,24437,0,0,0.21052631578947367,19,euclidean,uniform
4843,24437,24438,0,0,0,19,euclidean,uniform
4844,24448,24449,1,0,0.42105263157894735,19,euclidean,uniform
4845,24449,24450,0,0,0.42105263157894735,19,euclidean,uniform
4846,24453,24454,0,0,0.10526315789473684,19,euclidean,uniform
4847,24454,24455,0,0,0.21052631578947367,19,euclidean,uniform
4848,24459,24460,0,0,0.42105263157894735,19,euclidean,uniform
4849,24477,24478,0,0,0,19,euclidean,uniform
4850,24488,24489,0,0,0.10526315789473684,19,euclidean,uniform
4851,24491,24492,0,0,0,19,euclidean,uniform
4852,24492,24493,0,0,0.052631578947368418,19,euclidean,uniform
4853,24503,24504,0,0,0.36842105263157893,19,euclidean,uniform
4854,24508,24509,0,0,0.26315789473684209,19,euclidean,uniform
4855,24520,24521,0,0,0.15789473684210525,19,euclidean,uniform
4856,24525,24526,1,0,0.15789473684210525,19,euclidean,uniform
4857,24531,24532,1,0,0.21052631578947367,19,euclidean,uniform
4858,24537,24538,0,0,0.26315789473684209,19,euclidean,uniform
4859,24540,24541,0,0,0.10526315789473684,19,euclidean,uniform
4860,24546,24547,0,0,0.21052631578947367,19,euclidean,uniform
4861,24548,24549,0,0,0.21052631578947367,19,euclidean,uniform
4862,24551,24552,1,0,0.10526315789473684,19,euclidean,uniform
4863,24555,24556,0,0,0.26315789473684209,19,euclidean,uniform
4864,24574,24575,0,0,0.15789473684210525,19,euclidean,uniform
4865,24575,24576,0,0,0.26315789473684209,19,euclidean,uniform
4866,24581,24582,0,0,0.15789473684210525,19,euclidean,uniform
4867,24586,24587,0,0,0.21052631578947367,19,euclidean,uniform
4868,24587,24588,0,0,0,19,euclidean,uniform
4869,24594,24595,1,1,0.52631578947368418,19,euclidean,uniform
4870,24597,24598,0,0,0.15789473684210525,19,euclidean,uniform
4871,24601,24602,1,0,0.31578947368421051,19,euclidean,uniform
4872,24605,24606,0,0,0.052631578947368418,19,euclidean,uniform
4873,24611,24612,0,0,0.10526315789473684,19,euclidean,uniform
4874,24613,24614,0,0,0.052631578947368418,19,euclidean,uniform
4875,24615,24616,0,0,0.10526315789473684,19,euclidean,uniform
4876,24617,24618,1,1,0.57894736842105265,19,euclidean,uniform
4877,24618,24619,0,0,0.26315789473684209,19,euclidean,uniform
4878,24620,24621,0,0,0.31578947368421051,19,euclidean,uniform
4879,24622,24623,0,0,0.052631578947368418,19,euclidean,uniform
4880,24623,24624,0,0,0.10526315789473684,19,euclidean,uniform
4881,24625,24626,0,0,0.052631578947368418,19,euclidean,uniform
4882,24630,24631,0,0,0.10526315789473684,19,euclidean,uniform
4883,24631,24632,0,0,0.21052631578947367,19,euclidean,uniform
4884,24632,24633,0,0,0.052631578947368418,19,euclidean,uniform
4885,24641,24642,0,0,0.052631578947368418,19,euclidean,uniform
4886,24643,24644,1,0,0.052631578947368418,19,euclidean,uniform
4887,24652,24653,0,0,0,19,euclidean,uniform
4888,24655,24656,1,0,0.15789473684210525,19,euclidean,uniform
4889,24657,24658,0,0,0.31578947368421051,19,euclidean,uniform
4890,24659,24660,0,0,0.15789473684210525,19,euclidean,uniform
4891,24660,24661,0,0,0.36842105263157893,19,euclidean,uniform
4892,24666,24667,0,1,0.68421052631578949,19,euclidean,uniform
4893,24667,24668,0,0,0.10526315789473684,19,euclidean,uniform
4894,24674,24675,1,1,0.63157894736842102,19,euclidean,uniform
4895,24678,24679,0,0,0.10526315789473684,19,euclidean,uniform
4896,24681,24682,0,0,0,19,euclidean,uniform
4897,24682,24683,0,0,0,19,euclidean,uniform
4898,24684,24685,1,1,0.68421052631578949,19,euclidean,uniform
4899,24686,24687,0,0,0.15789473684210525,19,euclidean,uniform
4900,24688,24689,0,0,0.26315789473684209,19,euclidean,uniform
4901,24692,24693,0,0,0.31578947368421051,19,euclidean,uniform
4902,24694,24695,0,0,0.21052631578947367,19,euclidean,uniform
4903,24700,24701,0,0,0.10526315789473684,19,euclidean,uniform
4904,24707,24708,0,0,0.052631578947368418,19,euclidean,uniform
4905,24708,24709,0,1,0.78947368421052633,19,euclidean,uniform
4906,24711,24712,0,0,0.47368421052631576,19,euclidean,uniform
4907,24717,24718,0,0,0.15789473684210525,19,euclidean,uniform
4908,24721,24722,0,0,0.052631578947368418,19,euclidean,uniform
4909,24725,24726,0,0,0.10526315789473684,19,euclidean,uniform
4910,24728,24729,0,0,0.052631578947368418,19,euclidean,uniform
4911,24731,24732,0,0,0.10526315789473684,19,euclidean,uniform
4912,24733,24734,0,0,0.10526315789473684,19,euclidean,uniform
4913,24742,24743,0,0,0.10526315789473684,19,euclidean,uniform
4914,24744,24745,0,0,0.052631578947368418,19,euclidean,uniform
4915,24749,24750,0,0,0.31578947368421051,19,euclidean,uniform
4916,24751,24752,0,0,0.15789473684210525,19,euclidean,uniform
4917,24755,24756,0,0,0.21052631578947367,19,euclidean,uniform
4918,24759,24760,1,1,0.63157894736842102,19,euclidean,uniform
4919,24766,24767,0,0,0.052631578947368418,19,euclidean,uniform
4920,24767,24768,1,1,0.57894736842105265,19,euclidean,uniform
4921,24771,24772,0,0,0.26315789473684209,19,euclidean,uniform
4922,24773,24774,0,0,0.21052631578947367,19,euclidean,uniform
4923,24788,24789,0,0,0.15789473684210525,19,euclidean,uniform
4924,24795,24796,0,0,0.21052631578947367,19,euclidean,uniform
4925,24796,24797,0,0,0.36842105263157893,19,euclidean,uniform
4926,24802,24803,0,0,0.10526315789473684,19,euclidean,uniform
4927,24823,24824,0,0,0.21052631578947367,19,euclidean,uniform
4928,24825,24826,0,0,0,19,euclidean,uniform
4929,24841,24842,0,0,0.052631578947368418,19,euclidean,uniform
4930,24848,24849,0,0,0.052631578947368418,19,euclidean,uniform
4931,24853,24854,0,0,0,19,euclidean,uniform
4932,24856,24857,1,0,0,19,euclidean,uniform
4933,24860,24861,0,0,0.26315789473684209,19,euclidean,uniform
4934,24866,24867,0,0,0.26315789473684209,19,euclidean,uniform
4935,24885,24886,0,0,0.10526315789473684,19,euclidean,uniform
4936,24889,24890,0,0,0.36842105263157893,19,euclidean,uniform
4937,24890,24891,0,1,0.52631578947368418,19,euclidean,uniform
4938,24893,24894,0,0,0.10526315789473684,19,euclidean,uniform
4939,24898,24899,0,0,0.052631578947368418,19,euclidean,uniform
4940,24907,24908,1,0,0,19,euclidean,uniform
4941,24909,24910,0,0,0,19,euclidean,uniform
4942,24913,24914,1,1,0.52631578947368418,19,euclidean,uniform
4943,24919,24920,0,0,0.36842105263157893,19,euclidean,uniform
4944,24922,24923,0,0,0.10526315789473684,19,euclidean,uniform
4945,24923,24924,0,0,0,19,euclidean,uniform
4946,24925,24926,0,0,0.21052631578947367,19,euclidean,uniform
4947,24927,24928,0,0,0.42105263157894735,19,euclidean,uniform
4948,24936,24937,0,0,0.15789473684210525,19,euclidean,uniform
4949,24937,24938,1,0,0.31578947368421051,19,euclidean,uniform
4950,24940,24941,0,0,0.26315789473684209,19,euclidean,uniform
4951,24961,24962,0,0,0.10526315789473684,19,euclidean,uniform
4952,24963,24964,0,0,0.10526315789473684,19,euclidean,uniform
4953,24975,24976,0,0,0.15789473684210525,19,euclidean,uniform
4954,24987,24988,0,0,0.10526315789473684,19,euclidean,uniform
4955,24988,24989,1,1,0.57894736842105265,19,euclidean,uniform
4956,24997,24998,0,0,0.052631578947368418,19,euclidean,uniform
4957,25005,25006,0,0,0.26315789473684209,19,euclidean,uniform
4958,25025,25026,0,0,0,19,euclidean,uniform
4959,25031,25032,0,0,0.15789473684210525,19,euclidean,uniform
4960,25038,25039,0,0,0.052631578947368418,19,euclidean,uniform
4961,25045,25046,0,0,0.10526315789473684,19,euclidean,uniform
4962,25046,25047,0,0,0.052631578947368418,19,euclidean,uniform
4963,25051,25052,0,0,0.10526315789473684,19,euclidean,uniform
4964,25054,25055,1,0,0.26315789473684209,19,euclidean,uniform
4965,25059,25060,1,0,0.36842105263157893,19,euclidean,uniform
4966,25060,25061,0,0,0.10526315789473684,19,euclidean,uniform
4967,25071,25072,0,1,0.73684210526315785,19,euclidean,uniform
4968,25075,25076,0,0,0,19,euclidean,uniform
4969,25079,25080,0,0,0.42105263157894735,19,euclidean,uniform
4970,25082,25083,0,0,0.052631578947368418,19,euclidean,uniform
4971,25088,25089,0,0,0,19,euclidean,uniform
4972,25093,25094,0,0,0.10526315789473684,19,euclidean,uniform
4973,25094,25095,0,0,0.21052631578947367,19,euclidean,uniform
4974,25097,25098,1,0,0.15789473684210525,19,euclidean,uniform
4975,25105,25106,0,0,0.15789473684210525,19,euclidean,uniform
4976,25106,25107,0,0,0.10526315789473684,19,euclidean,uniform
4977,25107,25108,0,0,0.10526315789473684,19,euclidean,uniform
4978,25113,25114,0,0,0.15789473684210525,19,euclidean,uniform
4979,25116,25117,1,0,0.15789473684210525,19,euclidean,uniform
4980,25124,25125,0,0,0.052631578947368418,19,euclidean,uniform
4981,25128,25129,0,0,0.10526315789473684,19,euclidean,uniform
4982,25130,25131,0,0,0.15789473684210525,19,euclidean,uniform
4983,25137,25138,0,0,0.42105263157894735,19,euclidean,uniform
4984,25140,25141,0,0,0.052631578947368418,19,euclidean,uniform
4985,25142,25143,0,0,0.10526315789473684,19,euclidean,uniform
4986,25151,25152,0,0,0,19,euclidean,uniform
4987,25152,25153,0,0,0.15789473684210525,19,euclidean,uniform
4988,25153,25154,1,1,0.52631578947368418,19,euclidean,uniform
4989,25154,25155,1,1,0.57894736842105265,19,euclidean,uniform
4990,25155,25156,0,1,0.52631578947368418,19,euclidean,uniform
4991,25163,25164,0,0,0.15789473684210525,19,euclidean,uniform
4992,25171,25172,0,0,0.052631578947368418,19,euclidean,uniform
4993,25175,25176,0,1,0.68421052631578949,19,euclidean,uniform
4994,25176,25177,0,1,0.57894736842105265,19,euclidean,uniform
4995,25177,25178,0,1,0.57894736842105265,19,euclidean,uniform
4996,25179,25180,0,0,0.052631578947368418,19,euclidean,uniform
4997,25181,25182,0,0,0.10526315789473684,19,euclidean,uniform
4998,25182,25183,1,1,0.63157894736842102,19,euclidean,uniform
4999,25193,25194,1,1,0.68421052631578949,19,euclidean,uniform
5000,25196,25197,1,1,0.73684210526315785,19,euclidean,uniform
5001,25199,25200,0,0,0.31578947368421051,19,euclidean,uniform
5002,25206,25207,0,0,0.052631578947368418,19,euclidean,uniform
5003,25208,25209,0,0,0.10526315789473684,19,euclidean,uniform
5004,25220,25221,0,1,0.63157894736842102,19,euclidean,uniform
5005,25222,25223,0,0,0.10526315789473684,19,euclidean,uniform
5006,25226,25227,0,1,0.52631578947368418,19,euclidean,uniform
5007,25230,25231,0,0,0.052631578947368418,19,euclidean,uniform
5008,25236,25237,0,0,0.10526315789473684,19,euclidean,uniform
5009,25240,25241,0,0,0.052631578947368418,19,euclidean,uniform
5010,25244,25245,0,0,0.10526315789473684,19,euclidean,uniform
5011,25251,25252,0,0,0,19,euclidean,uniform
5012,25256,25257,0,0,0.36842105263157893,19,euclidean,uniform
5013,25260,25261,0,1,0.52631578947368418,19,euclidean,uniform
5014,25263,25264,0,0,0.21052631578947367,19,euclidean,uniform
5015,25264,25265,0,0,0,19,euclidean,uniform
5016,25268,25269,0,0,0.15789473684210525,19,euclidean,uniform
5017,25278,25279,1,0,0,19,euclidean,uniform
5018,25282,25283,0,0,0.10526315789473684,19,euclidean,uniform
5019,25296,25297,0,0,0.26315789473684209,19,euclidean,uniform
5020,25298,25299,1,1,0.84210526315789469,19,euclidean,uniform
5021,25299,25300,0,0,0.21052631578947367,19,euclidean,uniform
5022,25302,25303,0,0,0.31578947368421051,19,euclidean,uniform
5023,25323,25324,0,0,0.10526315789473684,19,euclidean,uniform
5024,25335,25336,0,0,0.052631578947368418,19,euclidean,uniform
5025,25344,25345,0,0,0.15789473684210525,19,euclidean,uniform
5026,25360,25361,0,0,0.15789473684210525,19,euclidean,uniform
5027,25363,25364,0,1,0.57894736842105265,19,euclidean,uniform
5028,25367,25368,0,0,0.15789473684210525,19,euclidean,uniform
5029,25371,25372,0,0,0,19,euclidean,uniform
5030,25385,25386,0,0,0.10526315789473684,19,euclidean,uniform
5031,25395,25396,0,0,0.10526315789473684,19,euclidean,uniform
5032,25413,25414,1,0,0.10526315789473684,19,euclidean,uniform
5033,25420,25421,1,1,0.52631578947368418,19,euclidean,uniform
5034,25423,25424,0,0,0.052631578947368418,19,euclidean,uniform
5035,25424,25425,0,0,0.052631578947368418,19,euclidean,uniform
5036,25425,25426,0,0,0.15789473684210525,19,euclidean,uniform
5037,25431,25432,0,0,0.10526315789473684,19,euclidean,uniform
5038,25436,25437,0,0,0.10526315789473684,19,euclidean,uniform
5039,25447,25448,0,0,0.15789473684210525,19,euclidean,uniform
5040,25450,25451,0,0,0,19,euclidean,uniform
5041,25476,25477,0,0,0.052631578947368418,19,euclidean,uniform
5042,25481,25482,0,0,0.15789473684210525,19,euclidean,uniform
5043,25490,25491,0,1,0.52631578947368418,19,euclidean,uniform
5044,25491,25492,0,0,0.10526315789473684,19,euclidean,uniform
5045,25496,25497,0,0,0,19,euclidean,uniform
5046,25507,25508,0,0,0.10526315789473684,19,euclidean,uniform
5047,25510,25511,1,1,0.57894736842105265,19,euclidean,uniform
5048,25513,25514,0,0,0,19,euclidean,uniform
5049,25519,25520,0,0,0.10526315789473684,19,euclidean,uniform
5050,25524,25525,0,0,0.21052631578947367,19,euclidean,uniform
5051,25528,25529,0,0,0.31578947368421051,19,euclidean,uniform
5052,25531,25532,0,0,0.052631578947368418,19,euclidean,uniform
5053,25536,25537,0,0,0.36842105263157893,19,euclidean,uniform
5054,25544,25545,0,0,0,19,euclidean,uniform
5055,25559,25560,0,0,0.052631578947368418,19,euclidean,uniform
5056,25560,25561,0,0,0.10526315789473684,19,euclidean,uniform
5057,25563,25564,0,0,0.052631578947368418,19,euclidean,uniform
5058,25567,25568,0,0,0.052631578947368418,19,euclidean,uniform
5059,25569,25570,1,1,0.73684210526315785,19,euclidean,uniform
5060,25571,25572,0,0,0.052631578947368418,19,euclidean,uniform
5061,25588,25589,0,0,0.10526315789473684,19,euclidean,uniform
5062,25592,25593,0,0,0.052631578947368418,19,euclidean,uniform
5063,25593,25594,0,0,0.15789473684210525,19,euclidean,uniform
5064,25598,25599,0,0,0.10526315789473684,19,euclidean,uniform
5065,25599,25600,0,0,0.31578947368421051,19,euclidean,uniform
5066,25601,25602,0,0,0.15789473684210525,19,euclidean,uniform
5067,25603,25604,0,0,0.052631578947368418,19,euclidean,uniform
5068,25609,25610,0,0,0.10526315789473684,19,euclidean,uniform
5069,25614,25615,0,0,0.15789473684210525,19,euclidean,uniform
5070,25615,25616,0,0,0,19,euclidean,uniform
5071,25619,25620,1,0,0.31578947368421051,19,euclidean,uniform
5072,25620,25621,0,0,0.10526315789473684,19,euclidean,uniform
5073,25621,25622,0,0,0,19,euclidean,uniform
5074,25622,25623,0,0,0.36842105263157893,19,euclidean,uniform
5075,25625,25626,0,0,0.052631578947368418,19,euclidean,uniform
5076,25630,25631,0,0,0.10526315789473684,19,euclidean,uniform
5077,25637,25638,0,0,0.10526315789473684,19,euclidean,uniform
5078,25642,25643,0,0,0.21052631578947367,19,euclidean,uniform
5079,25645,25646,1,1,0.78947368421052633,19,euclidean,uniform
5080,25651,25652,0,0,0.10526315789473684,19,euclidean,uniform
5081,25663,25664,0,0,0.15789473684210525,19,euclidean,uniform
5082,25665,25666,0,0,0.10526315789473684,19,euclidean,uniform
5083,25671,25672,0,0,0,19,euclidean,uniform
5084,25673,25674,0,0,0.052631578947368418,19,euclidean,uniform
5085,25676,25677,0,0,0.15789473684210525,19,euclidean,uniform
5086,25684,25685,0,0,0.052631578947368418,19,euclidean,uniform
5087,25687,25688,0,0,0,19,euclidean,uniform
5088,25692,25693,0,0,0,19,euclidean,uniform
5089,25697,25698,0,0,0.26315789473684209,19,euclidean,uniform
5090,25698,25699,0,0,0.052631578947368418,19,euclidean,uniform
5091,25704,25705,1,0,0.42105263157894735,19,euclidean,uniform
5092,25705,25706,0,0,0,19,euclidean,uniform
5093,25711,25712,0,0,0.15789473684210525,19,euclidean,uniform
5094,25713,25714,1,0,0.10526315789473684,19,euclidean,uniform
5095,25720,25721,1,0,0.052631578947368418,19,euclidean,uniform
5096,25729,25730,0,0,0.052631578947368418,19,euclidean,uniform
5097,25730,25731,0,0,0.21052631578947367,19,euclidean,uniform
5098,25734,25735,0,0,0.26315789473684209,19,euclidean,uniform
5099,25737,25738,0,0,0.31578947368421051,19,euclidean,uniform
5100,25740,25741,0,0,0,19,euclidean,uniform
5101,25742,25743,1,0,0.052631578947368418,19,euclidean,uniform
5102,25744,25745,0,0,0.15789473684210525,19,euclidean,uniform
5103,25745,25746,0,0,0.10526315789473684,19,euclidean,uniform
5104,25750,25751,1,0,0.31578947368421051,19,euclidean,uniform
5105,25753,25754,0,0,0.26315789473684209,19,euclidean,uniform
5106,25778,25779,0,0,0.10526315789473684,19,euclidean,uniform
5107,25783,25784,0,0,0.10526315789473684,19,euclidean,uniform
5108,25785,25786,0,0,0,19,euclidean,uniform
5109,25788,25789,0,0,0.052631578947368418,19,euclidean,uniform
5110,25789,25790,0,0,0.10526315789473684,19,euclidean,uniform
5111,25793,25794,0,0,0.052631578947368418,19,euclidean,uniform
5112,25794,25795,0,0,0.052631578947368418,19,euclidean,uniform
5113,25805,25806,0,0,0.15789473684210525,19,euclidean,uniform
5114,25806,25807,0,0,0,19,euclidean,uniform
5115,25811,25812,0,0,0,19,euclidean,uniform
5116,25812,25813,0,0,0.26315789473684209,19,euclidean,uniform
5117,25816,25817,0,0,0.15789473684210525,19,euclidean,uniform
5118,25819,25820,0,0,0.15789473684210525,19,euclidean,uniform
5119,25826,25827,0,0,0,19,euclidean,uniform
5120,25832,25833,0,0,0.15789473684210525,19,euclidean,uniform
5121,25836,25837,0,0,0.10526315789473684,19,euclidean,uniform
5122,25843,25844,0,0,0.052631578947368418,19,euclidean,uniform
5123,25846,25847,0,0,0.26315789473684209,19,euclidean,uniform
5124,25850,25851,1,0,0.052631578947368418,19,euclidean,uniform
5125,25851,25852,1,1,0.73684210526315785,19,euclidean,uniform
5126,25854,25855,0,0,0.10526315789473684,19,euclidean,uniform
5127,25860,25861,0,0,0.052631578947368418,19,euclidean,uniform
5128,25863,25864,0,0,0,19,euclidean,uniform
5129,25865,25866,0,0,0,19,euclidean,uniform
5130,25866,25867,0,0,0.31578947368421051,19,euclidean,uniform
5131,25871,25872,0,0,0.21052631578947367,19,euclidean,uniform
5132,25872,25873,0,0,0.21052631578947367,19,euclidean,uniform
5133,25879,25880,0,0,0.10526315789473684,19,euclidean,uniform
5134,25882,25883,0,0,0.21052631578947367,19,euclidean,uniform
5135,25886,25887,1,0,0.47368421052631576,19,euclidean,uniform
5136,25898,25899,0,0,0.052631578947368418,19,euclidean,uniform
5137,25900,25901,0,0,0.052631578947368418,19,euclidean,uniform
5138,25901,25902,0,0,0.10526315789473684,19,euclidean,uniform
5139,25905,25906,0,0,0,19,euclidean,uniform
5140,25908,25909,0,0,0.15789473684210525,19,euclidean,uniform
5141,25912,25913,0,1,0.57894736842105265,19,euclidean,uniform
5142,25914,25915,0,0,0.10526315789473684,19,euclidean,uniform
5143,25917,25918,0,0,0.052631578947368418,19,euclidean,uniform
5144,25928,25929,1,0,0.31578947368421051,19,euclidean,uniform
5145,25930,25931,0,0,0.15789473684210525,19,euclidean,uniform
5146,25939,25940,0,0,0.15789473684210525,19,euclidean,uniform
5147,25940,25941,0,0,0,19,euclidean,uniform
5148,25942,25943,0,0,0.26315789473684209,19,euclidean,uniform
5149,25973,25974,0,0,0.052631578947368418,19,euclidean,uniform
5150,25974,25975,0,1,0.52631578947368418,19,euclidean,uniform
5151,25979,25980,0,0,0.10526315789473684,19,euclidean,uniform
5152,25982,25983,0,1,0.63157894736842102,19,euclidean,uniform
5153,25988,25989,0,0,0.10526315789473684,19,euclidean,uniform
5154,25989,25990,0,0,0,19,euclidean,uniform
5155,25992,25993,0,0,0.10526315789473684,19,euclidean,uniform
5156,25993,25994,0,0,0.10526315789473684,19,euclidean,uniform
5157,25994,25995,0,0,0.26315789473684209,19,euclidean,uniform
5158,25995,25996,1,1,0.52631578947368418,19,euclidean,uniform
5159,26000,26001,0,0,0.21052631578947367,19,euclidean,uniform
5160,26008,26009,0,0,0.21052631578947367,19,euclidean,uniform
5161,26010,26011,0,0,0.052631578947368418,19,euclidean,uniform
5162,26022,26023,0,1,0.57894736842105265,19,euclidean,uniform
5163,26028,26029,0,0,0.052631578947368418,19,euclidean,uniform
5164,26031,26032,0,0,0,19,euclidean,uniform
5165,26033,26034,0,0,0,19,euclidean,uniform
5166,26043,26044,1,1,0.52631578947368418,19,euclidean,uniform
5167,26056,26057,0,0,0.10526315789473684,19,euclidean,uniform
5168,26057,26058,1,1,0.73684210526315785,19,euclidean,uniform
5169,26059,26060,0,0,0.052631578947368418,19,euclidean,uniform
5170,26073,26074,0,0,0.31578947368421051,19,euclidean,uniform
5171,26082,26083,0,1,0.57894736842105265,19,euclidean,uniform
5172,26083,26084,1,0,0.15789473684210525,19,euclidean,uniform
5173,26089,26090,0,0,0.15789473684210525,19,euclidean,uniform
5174,26090,26091,0,0,0.052631578947368418,19,euclidean,uniform
5175,26095,26096,0,0,0.10526315789473684,19,euclidean,uniform
5176,26105,26106,0,0,0.26315789473684209,19,euclidean,uniform
5177,26116,26117,0,0,0.10526315789473684,19,euclidean,uniform
5178,26118,26119,0,0,0.10526315789473684,19,euclidean,uniform
5179,26120,26121,0,0,0.21052631578947367,19,euclidean,uniform
5180,26141,26142,0,0,0.10526315789473684,19,euclidean,uniform
5181,26145,26146,0,0,0.052631578947368418,19,euclidean,uniform
5182,26151,26152,0,0,0.10526315789473684,19,euclidean,uniform
5183,26156,26157,0,0,0,19,euclidean,uniform
5184,26162,26163,0,0,0,19,euclidean,uniform
5185,26171,26172,0,0,0.052631578947368418,19,euclidean,uniform
5186,26179,26180,0,0,0.10526315789473684,19,euclidean,uniform
5187,26200,26201,0,0,0.15789473684210525,19,euclidean,uniform
5188,26203,26204,0,0,0.10526315789473684,19,euclidean,uniform
5189,26205,26206,0,0,0.21052631578947367,19,euclidean,uniform
5190,26215,26216,0,0,0.36842105263157893,19,euclidean,uniform
5191,26219,26220,0,0,0.052631578947368418,19,euclidean,uniform
5192,26220,26221,0,0,0.15789473684210525,19,euclidean,uniform
5193,26221,26222,0,0,0.052631578947368418,19,euclidean,uniform
5194,26224,26225,0,0,0.052631578947368418,19,euclidean,uniform
5195,26246,26247,1,1,0.52631578947368418,19,euclidean,uniform
5196,26248,26249,0,0,0.052631578947368418,19,euclidean,uniform
5197,26250,26251,0,0,0,19,euclidean,uniform
5198,26253,26254,0,0,0.21052631578947367,19,euclidean,uniform
5199,26259,26260,0,0,0.31578947368421051,19,euclidean,uniform
5200,26269,26270,0,0,0.10526315789473684,19,euclidean,uniform
5201,26270,26271,1,0,0.21052631578947367,19,euclidean,uniform
5202,26281,26282,0,0,0,19,euclidean,uniform
5203,26296,26297,0,0,0.052631578947368418,19,euclidean,uniform
5204,26304,26305,0,0,0.052631578947368418,19,euclidean,uniform
5205,26318,26319,1,0,0.15789473684210525,19,euclidean,uniform
5206,26319,26320,0,0,0.052631578947368418,19,euclidean,uniform
5207,26324,26325,1,0,0.15789473684210525,19,euclidean,uniform
5208,26329,26330,0,0,0.052631578947368418,19,euclidean,uniform
5209,26331,26332,0,0,0.10526315789473684,19,euclidean,uniform
5210,26344,26345,0,0,0.26315789473684209,19,euclidean,uniform
5211,26353,26354,0,0,0.10526315789473684,19,euclidean,uniform
5212,26354,26355,0,0,0.15789473684210525,19,euclidean,uniform
5213,26357,26358,0,0,0.15789473684210525,19,euclidean,uniform
5214,26361,26362,0,0,0.15789473684210525,19,euclidean,uniform
5215,26367,26368,1,0,0.36842105263157893,19,euclidean,uniform
5216,26377,26378,0,0,0.10526315789473684,19,euclidean,uniform
5217,26379,26380,0,0,0.26315789473684209,19,euclidean,uniform
5218,26383,26384,0,0,0.10526315789473684,19,euclidean,uniform
5219,26386,26387,0,0,0.10526315789473684,19,euclidean,uniform
5220,26392,26393,0,0,0.052631578947368418,19,euclidean,uniform
5221,26394,26395,0,1,0.52631578947368418,19,euclidean,uniform
5222,26395,26396,0,0,0.10526315789473684,19,euclidean,uniform
5223,26396,26397,0,0,0,19,euclidean,uniform
5224,26400,26401,0,0,0.052631578947368418,19,euclidean,uniform
5225,26403,26404,0,0,0.15789473684210525,19,euclidean,uniform
5226,26406,26407,0,0,0.052631578947368418,19,euclidean,uniform
5227,26407,26408,0,0,0.10526315789473684,19,euclidean,uniform
5228,26408,26409,1,0,0.15789473684210525,19,euclidean,uniform
5229,26416,26417,0,0,0.052631578947368418,19,euclidean,uniform
5230,26418,26419,0,0,0,19,euclidean,uniform
5231,26419,26420,0,0,0.052631578947368418,19,euclidean,uniform
5232,26420,26421,1,0,0.10526315789473684,19,euclidean,uniform
5233,26423,26424,0,0,0.21052631578947367,19,euclidean,uniform
5234,26425,26426,0,0,0,19,euclidean,uniform
5235,26427,26428,0,0,0.052631578947368418,19,euclidean,uniform
5236,26431,26432,0,0,0.15789473684210525,19,euclidean,uniform
5237,26432,26433,0,0,0.26315789473684209,19,euclidean,uniform
5238,26435,26436,0,0,0.052631578947368418,19,euclidean,uniform
5239,26439,26440,0,0,0.15789473684210525,19,euclidean,uniform
5240,26441,26442,1,0,0.26315789473684209,19,euclidean,uniform
5241,26443,26444,0,0,0.15789473684210525,19,euclidean,uniform
5242,26447,26448,0,0,0.10526315789473684,19,euclidean,uniform
5243,26449,26450,0,0,0.10526315789473684,19,euclidean,uniform
5244,26451,26452,0,0,0.21052631578947367,19,euclidean,uniform
5245,26454,26455,1,1,0.52631578947368418,19,euclidean,uniform
5246,26455,26456,0,0,0.26315789473684209,19,euclidean,uniform
5247,26456,26457,1,0,0.15789473684210525,19,euclidean,uniform
5248,26459,26460,1,0,0.052631578947368418,19,euclidean,uniform
5249,26462,26463,0,0,0.21052631578947367,19,euclidean,uniform
5250,26466,26467,1,0,0.052631578947368418,19,euclidean,uniform
5251,26467,26468,0,0,0.052631578947368418,19,euclidean,uniform
5252,26472,26473,1,0,0.15789473684210525,19,euclidean,uniform
5253,26475,26476,1,0,0.47368421052631576,19,euclidean,uniform
5254,26477,26478,0,0,0.15789473684210525,19,euclidean,uniform
5255,26487,26488,0,0,0.26315789473684209,19,euclidean,uniform
5256,26489,26490,0,0,0.052631578947368418,19,euclidean,uniform
5257,26490,26491,0,0,0.36842105263157893,19,euclidean,uniform
5258,26492,26493,1,0,0.21052631578947367,19,euclidean,uniform
5259,26499,26500,0,0,0.31578947368421051,19,euclidean,uniform
5260,26503,26504,0,0,0.26315789473684209,19,euclidean,uniform
5261,26504,26505,0,0,0.26315789473684209,19,euclidean,uniform
5262,26512,26513,0,0,0.052631578947368418,19,euclidean,uniform
5263,26517,26518,1,0,0.26315789473684209,19,euclidean,uniform
5264,26526,26527,0,0,0.10526315789473684,19,euclidean,uniform
5265,26532,26533,0,0,0.21052631578947367,19,euclidean,uniform
5266,26538,26539,0,0,0.26315789473684209,19,euclidean,uniform
5267,26539,26540,0,0,0.42105263157894735,19,euclidean,uniform
5268,26543,26544,0,0,0.36842105263157893,19,euclidean,uniform
5269,26547,26548,0,0,0.15789473684210525,19,euclidean,uniform
5270,26548,26549,0,0,0.052631578947368418,19,euclidean,uniform
5271,26550,26551,1,0,0.21052631578947367,19,euclidean,uniform
5272,26551,26552,1,0,0.052631578947368418,19,euclidean,uniform
5273,26558,26559,1,0,0.10526315789473684,19,euclidean,uniform
5274,26567,26568,0,0,0.052631578947368418,19,euclidean,uniform
5275,26570,26571,0,0,0.21052631578947367,19,euclidean,uniform
5276,26572,26573,0,0,0.10526315789473684,19,euclidean,uniform
5277,26582,26583,1,0,0.10526315789473684,19,euclidean,uniform
5278,26590,26591,0,0,0.052631578947368418,19,euclidean,uniform
5279,26593,26594,0,0,0.10526315789473684,19,euclidean,uniform
5280,26595,26596,0,0,0.26315789473684209,19,euclidean,uniform
5281,26596,26597,0,0,0.15789473684210525,19,euclidean,uniform
5282,26609,26610,1,1,0.52631578947368418,19,euclidean,uniform
5283,26621,26622,0,0,0,19,euclidean,uniform
5284,26625,26626,0,0,0.052631578947368418,19,euclidean,uniform
5285,26631,26632,0,0,0.36842105263157893,19,euclidean,uniform
5286,26647,26648,1,1,0.73684210526315785,19,euclidean,uniform
5287,26650,26651,0,1,0.52631578947368418,19,euclidean,uniform
5288,26655,26656,0,0,0.42105263157894735,19,euclidean,uniform
5289,26659,26660,0,0,0.15789473684210525,19,euclidean,uniform
5290,26667,26668,0,0,0.10526315789473684,19,euclidean,uniform
5291,26675,26676,0,0,0.21052631578947367,19,euclidean,uniform
5292,26679,26680,0,0,0.42105263157894735,19,euclidean,uniform
5293,26681,26682,0,0,0.10526315789473684,19,euclidean,uniform
5294,26690,26691,0,0,0.052631578947368418,19,euclidean,uniform
5295,26706,26707,1,1,0.57894736842105265,19,euclidean,uniform
5296,26708,26709,0,0,0.052631578947368418,19,euclidean,uniform
5297,26712,26713,0,1,0.57894736842105265,19,euclidean,uniform
5298,26719,26720,1,1,0.63157894736842102,19,euclidean,uniform
5299,26720,26721,0,0,0.31578947368421051,19,euclidean,uniform
5300,26722,26723,0,0,0.052631578947368418,19,euclidean,uniform
5301,26725,26726,0,0,0,19,euclidean,uniform
5302,26727,26728,0,0,0.052631578947368418,19,euclidean,uniform
5303,26731,26732,0,0,0.10526315789473684,19,euclidean,uniform
5304,26732,26733,0,0,0.10526315789473684,19,euclidean,uniform
5305,26735,26736,0,0,0.31578947368421051,19,euclidean,uniform
5306,26749,26750,1,1,0.84210526315789469,19,euclidean,uniform
5307,26752,26753,0,0,0.052631578947368418,19,euclidean,uniform
5308,26762,26763,0,0,0.47368421052631576,19,euclidean,uniform
5309,26765,26766,1,0,0.15789473684210525,19,euclidean,uniform
5310,26766,26767,0,0,0.052631578947368418,19,euclidean,uniform
5311,26773,26774,1,0,0.47368421052631576,19,euclidean,uniform
5312,26774,26775,0,0,0.47368421052631576,19,euclidean,uniform
5313,26782,26783,0,0,0,19,euclidean,uniform
5314,26783,26784,0,0,0.052631578947368418,19,euclidean,uniform
5315,26786,26787,0,0,0.15789473684210525,19,euclidean,uniform
5316,26789,26790,0,0,0.21052631578947367,19,euclidean,uniform
5317,26806,26807,0,0,0,19,euclidean,uniform
5318,26810,26811,0,0,0.21052631578947367,19,euclidean,uniform
5319,26811,26812,0,0,0.10526315789473684,19,euclidean,uniform
5320,26812,26813,0,0,0.052631578947368418,19,euclidean,uniform
5321,26816,26817,0,0,0.21052631578947367,19,euclidean,uniform
5322,26829,26830,1,0,0.10526315789473684,19,euclidean,uniform
5323,26838,26839,0,0,0.21052631578947367,19,euclidean,uniform
5324,26849,26850,1,1,0.78947368421052633,19,euclidean,uniform
5325,26851,26852,0,0,0.42105263157894735,19,euclidean,uniform
5326,26856,26857,1,0,0.21052631578947367,19,euclidean,uniform
5327,26860,26861,0,0,0.21052631578947367,19,euclidean,uniform
5328,26861,26862,0,0,0,19,euclidean,uniform
5329,26865,26866,1,1,0.68421052631578949,19,euclidean,uniform
5330,26866,26867,1,0,0.21052631578947367,19,euclidean,uniform
5331,26872,26873,0,0,0.10526315789473684,19,euclidean,uniform
5332,26874,26875,0,0,0.052631578947368418,19,euclidean,uniform
5333,26878,26879,0,0,0.052631578947368418,19,euclidean,uniform
5334,26880,26881,0,1,0.63157894736842102,19,euclidean,uniform
5335,26881,26882,0,0,0.052631578947368418,19,euclidean,uniform
5336,26892,26893,0,0,0.47368421052631576,19,euclidean,uniform
5337,26893,26894,0,0,0.15789473684210525,19,euclidean,uniform
5338,26908,26909,0,0,0.21052631578947367,19,euclidean,uniform
5339,26911,26912,0,0,0.21052631578947367,19,euclidean,uniform
5340,26916,26917,0,0,0.47368421052631576,19,euclidean,uniform
5341,26917,26918,0,0,0.052631578947368418,19,euclidean,uniform
5342,26930,26931,1,0,0.26315789473684209,19,euclidean,uniform
5343,26931,26932,0,0,0.15789473684210525,19,euclidean,uniform
5344,26938,26939,1,0,0.15789473684210525,19,euclidean,uniform
5345,26944,26945,0,0,0.15789473684210525,19,euclidean,uniform
5346,26953,26954,0,0,0.052631578947368418,19,euclidean,uniform
5347,26966,26967,0,0,0.21052631578947367,19,euclidean,uniform
5348,26967,26968,0,0,0,19,euclidean,uniform
5349,26974,26975,1,0,0.052631578947368418,19,euclidean,uniform
5350,26979,26980,0,0,0.052631578947368418,19,euclidean,uniform
5351,26992,26993,0,0,0.10526315789473684,19,euclidean,uniform
5352,27004,27005,0,0,0,19,euclidean,uniform
5353,27017,27018,0,0,0.10526315789473684,19,euclidean,uniform
5354,27020,27021,1,0,0.47368421052631576,19,euclidean,uniform
5355,27023,27024,0,0,0.26315789473684209,19,euclidean,uniform
5356,27024,27025,0,1,0.68421052631578949,19,euclidean,uniform
5357,27042,27043,0,0,0.31578947368421051,19,euclidean,uniform
5358,27053,27054,1,1,0.63157894736842102,19,euclidean,uniform
5359,27058,27059,0,0,0.31578947368421051,19,euclidean,uniform
5360,27088,27089,1,0,0.26315789473684209,19,euclidean,uniform
5361,27090,27091,0,0,0.21052631578947367,19,euclidean,uniform
5362,27092,27093,0,0,0.26315789473684209,19,euclidean,uniform
5363,27095,27096,0,0,0.21052631578947367,19,euclidean,uniform
5364,27097,27098,0,0,0.10526315789473684,19,euclidean,uniform
5365,27106,27107,0,0,0.21052631578947367,19,euclidean,uniform
5366,27113,27114,0,0,0.31578947368421051,19,euclidean,uniform
5367,27115,27116,0,0,0.21052631578947367,19,euclidean,uniform
5368,27120,27121,0,0,0.15789473684210525,19,euclidean,uniform
5369,27133,27134,0,0,0.26315789473684209,19,euclidean,uniform
5370,27135,27136,0,0,0.10526315789473684,19,euclidean,uniform
5371,27142,27143,0,0,0.10526315789473684,19,euclidean,uniform
5372,27143,27144,0,0,0.15789473684210525,19,euclidean,uniform
5373,27144,27145,0,0,0.052631578947368418,19,euclidean,uniform
5374,27160,27161,1,1,0.68421052631578949,19,euclidean,uniform
5375,27161,27162,0,0,0.052631578947368418,19,euclidean,uniform
5376,27165,27166,0,0,0.26315789473684209,19,euclidean,uniform
5377,27168,27169,0,0,0.10526315789473684,19,euclidean,uniform
5378,27171,27172,0,0,0.15789473684210525,19,euclidean,uniform
5379,27173,27174,0,0,0.21052631578947367,19,euclidean,uniform
5380,27180,27181,0,0,0.10526315789473684,19,euclidean,uniform
5381,27181,27182,0,0,0.052631578947368418,19,euclidean,uniform
5382,27183,27184,0,0,0.10526315789473684,19,euclidean,uniform
5383,27184,27185,1,0,0.31578947368421051,19,euclidean,uniform
5384,27185,27186,0,0,0.10526315789473684,19,euclidean,uniform
5385,27189,27190,1,0,0.21052631578947367,19,euclidean,uniform
5386,27190,27191,0,0,0.21052631578947367,19,euclidean,uniform
5387,27198,27199,1,0,0.42105263157894735,19,euclidean,uniform
5388,27201,27202,0,0,0.21052631578947367,19,euclidean,uniform
5389,27202,27203,0,0,0.10526315789473684,19,euclidean,uniform
5390,27221,27222,1,1,0.52631578947368418,19,euclidean,uniform
5391,27226,27227,0,0,0.052631578947368418,19,euclidean,uniform
5392,27228,27229,1,1,0.68421052631578949,19,euclidean,uniform
5393,27230,27231,1,1,0.63157894736842102,19,euclidean,uniform
5394,27232,27233,0,0,0.26315789473684209,19,euclidean,uniform
5395,27235,27236,0,1,0.63157894736842102,19,euclidean,uniform
5396,27238,27239,0,0,0.26315789473684209,19,euclidean,uniform
5397,27243,27244,1,0,0.15789473684210525,19,euclidean,uniform
5398,27250,27251,0,0,0.15789473684210525,19,euclidean,uniform
5399,27257,27258,0,0,0.21052631578947367,19,euclidean,uniform
5400,27264,27265,0,0,0.26315789473684209,19,euclidean,uniform
5401,27269,27270,0,0,0.26315789473684209,19,euclidean,uniform
5402,27275,27276,0,0,0.15789473684210525,19,euclidean,uniform
5403,27277,27278,0,0,0.47368421052631576,19,euclidean,uniform
5404,27278,27279,1,0,0.15789473684210525,19,euclidean,uniform
5405,27289,27290,0,0,0.15789473684210525,19,euclidean,uniform
5406,27290,27291,0,0,0.052631578947368418,19,euclidean,uniform
5407,27296,27297,0,0,0.26315789473684209,19,euclidean,uniform
5408,27302,27303,0,0,0.052631578947368418,19,euclidean,uniform
5409,27309,27310,0,0,0.10526315789473684,19,euclidean,uniform
5410,27314,27315,1,0,0.10526315789473684,19,euclidean,uniform
5411,27320,27321,1,1,0.84210526315789469,19,euclidean,uniform
5412,27323,27324,0,0,0.15789473684210525,19,euclidean,uniform
5413,27330,27331,0,0,0.10526315789473684,19,euclidean,uniform
5414,27342,27343,0,0,0,19,euclidean,uniform
5415,27343,27344,0,0,0.052631578947368418,19,euclidean,uniform
5416,27348,27349,0,0,0.15789473684210525,19,euclidean,uniform
5417,27349,27350,0,0,0.26315789473684209,19,euclidean,uniform
5418,27351,27352,0,0,0.15789473684210525,19,euclidean,uniform
5419,27352,27353,0,0,0.31578947368421051,19,euclidean,uniform
5420,27356,27357,0,0,0.15789473684210525,19,euclidean,uniform
5421,27362,27363,0,0,0.052631578947368418,19,euclidean,uniform
5422,27364,27365,0,0,0.21052631578947367,19,euclidean,uniform
5423,27368,27369,0,0,0.31578947368421051,19,euclidean,uniform
5424,27370,27371,0,0,0.21052631578947367,19,euclidean,uniform
5425,27387,27388,0,0,0.21052631578947367,19,euclidean,uniform
5426,27397,27398,0,0,0.31578947368421051,19,euclidean,uniform
5427,27402,27403,0,0,0.31578947368421051,19,euclidean,uniform
5428,27419,27420,1,0,0.26315789473684209,19,euclidean,uniform
5429,27422,27423,0,0,0.10526315789473684,19,euclidean,uniform
5430,27424,27425,1,0,0.10526315789473684,19,euclidean,uniform
5431,27428,27429,1,0,0.21052631578947367,19,euclidean,uniform
5432,27433,27434,0,0,0.15789473684210525,19,euclidean,uniform
5433,27443,27444,0,0,0.15789473684210525,19,euclidean,uniform
5434,27447,27448,0,0,0.21052631578947367,19,euclidean,uniform
5435,27449,27450,0,0,0.15789473684210525,19,euclidean,uniform
5436,27450,27451,0,0,0.15789473684210525,19,euclidean,uniform
5437,27454,27455,0,0,0.42105263157894735,19,euclidean,uniform
5438,27460,27461,0,0,0.21052631578947367,19,euclidean,uniform
5439,27464,27465,0,0,0.10526315789473684,19,euclidean,uniform
5440,27472,27473,0,0,0.26315789473684209,19,euclidean,uniform
5441,27475,27476,0,0,0.10526315789473684,19,euclidean,uniform
5442,27481,27482,1,0,0.10526315789473684,19,euclidean,uniform
5443,27486,27487,1,0,0.21052631578947367,19,euclidean,uniform
5444,27489,27490,0,0,0.10526315789473684,19,euclidean,uniform
5445,27493,27494,1,0,0.15789473684210525,19,euclidean,uniform
5446,27495,27496,1,0,0.10526315789473684,19,euclidean,uniform
5447,27498,27499,1,0,0.10526315789473684,19,euclidean,uniform
5448,27506,27507,1,0,0.21052631578947367,19,euclidean,uniform
5449,27513,27514,0,0,0.10526315789473684,19,euclidean,uniform
5450,27514,27515,0,0,0.21052631578947367,19,euclidean,uniform
5451,27516,27517,0,0,0.21052631578947367,19,euclidean,uniform
5452,27527,27528,1,0,0.15789473684210525,19,euclidean,uniform
5453,27528,27529,0,0,0.052631578947368418,19,euclidean,uniform
5454,27531,27532,0,0,0.052631578947368418,19,euclidean,uniform
5455,27532,27533,0,0,0.052631578947368418,19,euclidean,uniform
5456,27536,27537,1,1,0.89473684210526316,19,euclidean,uniform
5457,27539,27540,1,0,0.15789473684210525,19,euclidean,uniform
5458,27554,27555,1,1,0.52631578947368418,19,euclidean,uniform
5459,27561,27562,0,0,0.052631578947368418,19,euclidean,uniform
5460,27563,27564,0,0,0.21052631578947367,19,euclidean,uniform
5461,27566,27567,0,1,0.84210526315789469,19,euclidean,uniform
5462,27572,27573,0,0,0.31578947368421051,19,euclidean,uniform
5463,27580,27581,1,1,0.63157894736842102,19,euclidean,uniform
5464,27585,27586,1,1,0.52631578947368418,19,euclidean,uniform
5465,27595,27596,1,0,0.21052631578947367,19,euclidean,uniform
5466,27596,27597,0,0,0.15789473684210525,19,euclidean,uniform
5467,27598,27599,0,0,0.21052631578947367,19,euclidean,uniform
5468,27602,27603,0,0,0.052631578947368418,19,euclidean,uniform
5469,27605,27606,0,0,0.21052631578947367,19,euclidean,uniform
5470,27607,27608,0,0,0.10526315789473684,19,euclidean,uniform
5471,27611,27612,0,0,0.10526315789473684,19,euclidean,uniform
5472,27613,27614,1,1,0.68421052631578949,19,euclidean,uniform
5473,27616,27617,0,0,0.10526315789473684,19,euclidean,uniform
5474,27623,27624,1,1,0.63157894736842102,19,euclidean,uniform
5475,27625,27626,0,0,0.15789473684210525,19,euclidean,uniform
5476,27627,27628,1,0,0.36842105263157893,19,euclidean,uniform
5477,27631,27632,1,1,0.52631578947368418,19,euclidean,uniform
5478,27633,27634,0,0,0.15789473684210525,19,euclidean,uniform
5479,27635,27636,1,0,0.26315789473684209,19,euclidean,uniform
5480,27636,27637,0,0,0.42105263157894735,19,euclidean,uniform
5481,27640,27641,0,0,0.052631578947368418,19,euclidean,uniform
5482,27641,27642,0,0,0.26315789473684209,19,euclidean,uniform
5483,27643,27644,1,1,0.52631578947368418,19,euclidean,uniform
5484,27649,27650,0,0,0.31578947368421051,19,euclidean,uniform
5485,27650,27651,0,1,0.73684210526315785,19,euclidean,uniform
5486,27652,27653,0,0,0.31578947368421051,19,euclidean,uniform
5487,27662,27663,0,0,0.36842105263157893,19,euclidean,uniform
5488,27668,27669,1,0,0.15789473684210525,19,euclidean,uniform
5489,27669,27670,0,1,0.57894736842105265,19,euclidean,uniform
5490,27672,27673,0,0,0.31578947368421051,19,euclidean,uniform
5491,27675,27676,0,1,0.68421052631578949,19,euclidean,uniform
5492,27676,27677,0,0,0,19,euclidean,uniform
5493,27679,27680,0,0,0.052631578947368418,19,euclidean,uniform
5494,27683,27684,1,1,0.68421052631578949,19,euclidean,uniform
5495,27685,27686,0,0,0.26315789473684209,19,euclidean,uniform
5496,27689,27690,0,0,0.26315789473684209,19,euclidean,uniform
5497,27690,27691,0,0,0.10526315789473684,19,euclidean,uniform
5498,27696,27697,1,0,0.36842105263157893,19,euclidean,uniform
5499,27701,27702,1,1,0.84210526315789469,19,euclidean,uniform
5500,27703,27704,1,1,0.63157894736842102,19,euclidean,uniform
5501,27704,27705,0,1,0.57894736842105265,19,euclidean,uniform
5502,27705,27706,0,0,0.052631578947368418,19,euclidean,uniform
5503,27708,27709,1,0,0.36842105263157893,19,euclidean,uniform
5504,27717,27718,0,0,0.052631578947368418,19,euclidean,uniform
5505,27721,27722,1,0,0.10526315789473684,19,euclidean,uniform
5506,27728,27729,0,0,0,19,euclidean,uniform
5507,27730,27731,1,1,0.73684210526315785,19,euclidean,uniform
5508,27732,27733,0,0,0.15789473684210525,19,euclidean,uniform
5509,27733,27734,0,0,0.47368421052631576,19,euclidean,uniform
5510,27740,27741,0,0,0,19,euclidean,uniform
5511,27743,27744,0,0,0.052631578947368418,19,euclidean,uniform
5512,27744,27745,0,0,0.15789473684210525,19,euclidean,uniform
5513,27745,27746,0,0,0.21052631578947367,19,euclidean,uniform
5514,27748,27749,1,1,0.63157894736842102,19,euclidean,uniform
5515,27760,27761,0,0,0.10526315789473684,19,euclidean,uniform
5516,27764,27765,0,0,0.10526315789473684,19,euclidean,uniform
5517,27766,27767,1,0,0.36842105263157893,19,euclidean,uniform
5518,27776,27777,0,0,0.052631578947368418,19,euclidean,uniform
5519,27782,27783,0,0,0.10526315789473684,19,euclidean,uniform
5520,27784,27785,0,0,0.052631578947368418,19,euclidean,uniform
5521,27785,27786,0,0,0.052631578947368418,19,euclidean,uniform
5522,27793,27794,0,1,0.57894736842105265,19,euclidean,uniform
5523,27796,27797,0,0,0.10526315789473684,19,euclidean,uniform
5524,27815,27816,0,0,0.10526315789473684,19,euclidean,uniform
5525,27822,27823,0,0,0.10526315789473684,19,euclidean,uniform
5526,27834,27835,0,0,0,19,euclidean,uniform
5527,27836,27837,0,0,0.052631578947368418,19,euclidean,uniform
5528,27843,27844,0,0,0.26315789473684209,19,euclidean,uniform
5529,27849,27850,0,1,0.84210526315789469,19,euclidean,uniform
5530,27851,27852,0,1,0.78947368421052633,19,euclidean,uniform
5531,27854,27855,0,0,0.21052631578947367,19,euclidean,uniform
5532,27864,27865,0,0,0.21052631578947367,19,euclidean,uniform
5533,27866,27867,0,0,0.10526315789473684,19,euclidean,uniform
5534,27868,27869,1,0,0.10526315789473684,19,euclidean,uniform
5535,27870,27871,0,0,0.15789473684210525,19,euclidean,uniform
5536,27873,27874,0,0,0,19,euclidean,uniform
5537,27883,27884,0,0,0.47368421052631576,19,euclidean,uniform
5538,27885,27886,1,0,0.10526315789473684,19,euclidean,uniform
5539,27893,27894,0,0,0.10526315789473684,19,euclidean,uniform
5540,27894,27895,0,0,0.052631578947368418,19,euclidean,uniform
5541,27900,27901,0,0,0.10526315789473684,19,euclidean,uniform
5542,27902,27903,0,0,0,19,euclidean,uniform
5543,27915,27916,1,1,0.84210526315789469,19,euclidean,uniform
5544,27916,27917,0,0,0,19,euclidean,uniform
5545,27922,27923,1,0,0.47368421052631576,19,euclidean,uniform
5546,27925,27926,0,1,0.73684210526315785,19,euclidean,uniform
5547,27927,27928,0,0,0.10526315789473684,19,euclidean,uniform
5548,27934,27935,0,0,0.10526315789473684,19,euclidean,uniform
5549,27935,27936,0,0,0,19,euclidean,uniform
5550,27939,27940,0,0,0.10526315789473684,19,euclidean,uniform
5551,27943,27944,0,0,0.21052631578947367,19,euclidean,uniform
5552,27945,27946,0,0,0.21052631578947367,19,euclidean,uniform
5553,27948,27949,0,0,0.10526315789473684,19,euclidean,uniform
5554,27953,27954,0,0,0,19,euclidean,uniform
5555,27956,27957,0,0,0.052631578947368418,19,euclidean,uniform
5556,27960,27961,0,0,0.10526315789473684,19,euclidean,uniform
5557,27962,27963,0,1,0.52631578947368418,19,euclidean,uniform
5558,27979,27980,0,0,0.15789473684210525,19,euclidean,uniform
5559,27981,27982,0,0,0.052631578947368418,19,euclidean,uniform
5560,27982,27983,0,0,0,19,euclidean,uniform
5561,27985,27986,0,0,0.10526315789473684,19,euclidean,uniform
5562,27986,27987,0,0,0,19,euclidean,uniform
5563,27991,27992,0,0,0.31578947368421051,19,euclidean,uniform
5564,27993,27994,0,0,0.42105263157894735,19,euclidean,uniform
5565,27995,27996,0,0,0.26315789473684209,19,euclidean,uniform
5566,28003,28004,0,0,0.21052631578947367,19,euclidean,uniform
5567,28011,28012,0,0,0.052631578947368418,19,euclidean,uniform
5568,28014,28015,0,0,0.052631578947368418,19,euclidean,uniform
5569,28032,28033,0,1,0.73684210526315785,19,euclidean,uniform
5570,28038,28039,1,0,0.15789473684210525,19,euclidean,uniform
5571,28040,28041,0,0,0.21052631578947367,19,euclidean,uniform
5572,28043,28044,0,1,0.63157894736842102,19,euclidean,uniform
5573,28054,28055,1,1,0.84210526315789469,19,euclidean,uniform
5574,28056,28057,0,0,0.42105263157894735,19,euclidean,uniform
5575,28058,28059,0,0,0.15789473684210525,19,euclidean,uniform
5576,28064,28065,0,0,0.10526315789473684,19,euclidean,uniform
5577,28068,28069,0,0,0.052631578947368418,19,euclidean,uniform
5578,28069,28070,0,0,0.26315789473684209,19,euclidean,uniform
5579,28070,28071,0,0,0.052631578947368418,19,euclidean,uniform
5580,28075,28076,0,0,0.10526315789473684,19,euclidean,uniform
5581,28077,28078,0,0,0.10526315789473684,19,euclidean,uniform
5582,28079,28080,0,0,0,19,euclidean,uniform
5583,28081,28082,1,1,0.73684210526315785,19,euclidean,uniform
5584,28083,28084,0,0,0.15789473684210525,19,euclidean,uniform
5585,28089,28090,0,0,0.052631578947368418,19,euclidean,uniform
5586,28095,28096,0,0,0.21052631578947367,19,euclidean,uniform
5587,28096,28097,1,0,0.42105263157894735,19,euclidean,uniform
5588,28104,28105,0,0,0.42105263157894735,19,euclidean,uniform
5589,28106,28107,0,0,0.21052631578947367,19,euclidean,uniform
5590,28109,28110,1,0,0.26315789473684209,19,euclidean,uniform
5591,28112,28113,0,0,0,19,euclidean,uniform
5592,28114,28115,0,0,0.052631578947368418,19,euclidean,uniform
5593,28116,28117,0,0,0.052631578947368418,19,euclidean,uniform
5594,28123,28124,1,0,0.26315789473684209,19,euclidean,uniform
5595,28129,28130,0,0,0.10526315789473684,19,euclidean,uniform
5596,28140,28141,0,0,0.21052631578947367,19,euclidean,uniform
5597,28162,28163,0,0,0.15789473684210525,19,euclidean,uniform
5598,28163,28164,0,0,0.31578947368421051,19,euclidean,uniform
5599,28166,28167,1,0,0.052631578947368418,19,euclidean,uniform
5600,28171,28172,0,0,0.10526315789473684,19,euclidean,uniform
5601,28173,28174,1,0,0.10526315789473684,19,euclidean,uniform
5602,28184,28185,0,0,0,19,euclidean,uniform
5603,28187,28188,1,0,0.10526315789473684,19,euclidean,uniform
5604,28195,28196,0,0,0,19,euclidean,uniform
5605,28201,28202,1,0,0.47368421052631576,19,euclidean,uniform
5606,28202,28203,0,0,0.21052631578947367,19,euclidean,uniform
5607,28203,28204,0,0,0,19,euclidean,uniform
5608,28204,28205,1,0,0.052631578947368418,19,euclidean,uniform
5609,28206,28207,1,0,0.36842105263157893,19,euclidean,uniform
5610,28207,28208,0,0,0.21052631578947367,19,euclidean,uniform
5611,28215,28216,0,0,0.26315789473684209,19,euclidean,uniform
5612,28218,28219,0,0,0.10526315789473684,19,euclidean,uniform
5613,28219,28220,0,0,0.10526315789473684,19,euclidean,uniform
5614,28224,28225,0,0,0.26315789473684209,19,euclidean,uniform
5615,28226,28227,0,0,0,19,euclidean,uniform
5616,28230,28231,0,0,0.15789473684210525,19,euclidean,uniform
5617,28231,28232,1,0,0.42105263157894735,19,euclidean,uniform
5618,28232,28233,0,0,0.10526315789473684,19,euclidean,uniform
5619,28234,28235,0,0,0.15789473684210525,19,euclidean,uniform
5620,28236,28237,0,0,0.052631578947368418,19,euclidean,uniform
5621,28237,28238,0,0,0.052631578947368418,19,euclidean,uniform
5622,28241,28242,0,0,0.31578947368421051,19,euclidean,uniform
5623,28242,28243,1,1,0.84210526315789469,19,euclidean,uniform
5624,28247,28248,0,0,0.21052631578947367,19,euclidean,uniform
5625,28253,28254,0,0,0.15789473684210525,19,euclidean,uniform
5626,28258,28259,0,0,0.15789473684210525,19,euclidean,uniform
5627,28266,28267,0,0,0.15789473684210525,19,euclidean,uniform
5628,28267,28268,0,0,0,19,euclidean,uniform
5629,28268,28269,0,0,0.26315789473684209,19,euclidean,uniform
5630,28271,28272,0,0,0.052631578947368418,19,euclidean,uniform
5631,28274,28275,0,0,0.052631578947368418,19,euclidean,uniform
5632,28278,28279,0,0,0.26315789473684209,19,euclidean,uniform
5633,28279,28280,0,0,0.26315789473684209,19,euclidean,uniform
5634,28282,28283,1,0,0.052631578947368418,19,euclidean,uniform
5635,28284,28285,0,0,0.052631578947368418,19,euclidean,uniform
5636,28298,28299,0,0,0.21052631578947367,19,euclidean,uniform
5637,28313,28314,0,0,0,19,euclidean,uniform
5638,28316,28317,0,0,0.10526315789473684,19,euclidean,uniform
5639,28321,28322,1,0,0.052631578947368418,19,euclidean,uniform
5640,28351,28352,0,1,0.52631578947368418,19,euclidean,uniform
5641,28357,28358,0,0,0.21052631578947367,19,euclidean,uniform
5642,28361,28362,0,0,0.15789473684210525,19,euclidean,uniform
5643,28363,28364,0,0,0.36842105263157893,19,euclidean,uniform
5644,28367,28368,0,0,0.15789473684210525,19,euclidean,uniform
5645,28369,28370,0,0,0.15789473684210525,19,euclidean,uniform
5646,28400,28401,0,0,0.26315789473684209,19,euclidean,uniform
5647,28406,28407,0,0,0.31578947368421051,19,euclidean,uniform
5648,28408,28409,0,0,0.052631578947368418,19,euclidean,uniform
5649,28412,28413,0,0,0.052631578947368418,19,euclidean,uniform
5650,28413,28414,0,0,0.10526315789473684,19,euclidean,uniform
5651,28416,28417,0,0,0,19,euclidean,uniform
5652,28419,28420,1,0,0.052631578947368418,19,euclidean,uniform
5653,28423,28424,0,0,0.10526315789473684,19,euclidean,uniform
5654,28424,28425,0,0,0,19,euclidean,uniform
5655,28426,28427,0,1,0.73684210526315785,19,euclidean,uniform
5656,28429,28430,0,0,0.15789473684210525,19,euclidean,uniform
5657,28440,28441,0,0,0.10526315789473684,19,euclidean,uniform
5658,28442,28443,0,1,0.68421052631578949,19,euclidean,uniform
5659,28443,28444,0,0,0.15789473684210525,19,euclidean,uniform
5660,28445,28446,0,0,0.10526315789473684,19,euclidean,uniform
5661,28450,28451,0,0,0.10526315789473684,19,euclidean,uniform
5662,28452,28453,0,0,0.21052631578947367,19,euclidean,uniform
5663,28453,28454,1,1,0.78947368421052633,19,euclidean,uniform
5664,28457,28458,0,0,0.052631578947368418,19,euclidean,uniform
5665,28473,28474,0,0,0.10526315789473684,19,euclidean,uniform
5666,28483,28484,0,0,0.15789473684210525,19,euclidean,uniform
5667,28484,28485,0,0,0.15789473684210525,19,euclidean,uniform
5668,28487,28488,0,0,0.21052631578947367,19,euclidean,uniform
5669,28489,28490,0,0,0.052631578947368418,19,euclidean,uniform
5670,28494,28495,0,0,0.10526315789473684,19,euclidean,uniform
5671,28499,28500,0,0,0.052631578947368418,19,euclidean,uniform
5672,28501,28502,0,1,0.57894736842105265,19,euclidean,uniform
5673,28504,28505,0,0,0.36842105263157893,19,euclidean,uniform
5674,28519,28520,0,0,0.052631578947368418,19,euclidean,uniform
5675,28520,28521,0,0,0.42105263157894735,19,euclidean,uniform
5676,28528,28529,0,0,0.10526315789473684,19,euclidean,uniform
5677,28531,28532,1,1,0.73684210526315785,19,euclidean,uniform
5678,28532,28533,1,1,0.52631578947368418,19,euclidean,uniform
5679,28538,28539,0,0,0,19,euclidean,uniform
5680,28539,28540,0,0,0.10526315789473684,19,euclidean,uniform
5681,28541,28542,0,0,0.052631578947368418,19,euclidean,uniform
5682,28550,28551,0,0,0.15789473684210525,19,euclidean,uniform
5683,28551,28552,0,0,0.26315789473684209,19,euclidean,uniform
5684,28553,28554,0,0,0.10526315789473684,19,euclidean,uniform
5685,28559,28560,1,0,0,19,euclidean,uniform
5686,28561,28562,0,0,0,19,euclidean,uniform
5687,28565,28566,0,0,0.052631578947368418,19,euclidean,uniform
5688,28567,28568,0,0,0.15789473684210525,19,euclidean,uniform
5689,28571,28572,0,0,0.052631578947368418,19,euclidean,uniform
5690,28574,28575,0,0,0.15789473684210525,19,euclidean,uniform
5691,28578,28579,0,0,0,19,euclidean,uniform
5692,28581,28582,0,1,0.78947368421052633,19,euclidean,uniform
5693,28589,28590,0,0,0.052631578947368418,19,euclidean,uniform
5694,28590,28591,1,1,0.57894736842105265,19,euclidean,uniform
5695,28592,28593,0,0,0.052631578947368418,19,euclidean,uniform
5696,28601,28602,0,0,0.052631578947368418,19,euclidean,uniform
5697,28608,28609,0,0,0.21052631578947367,19,euclidean,uniform
5698,28617,28618,0,0,0.052631578947368418,19,euclidean,uniform
5699,28618,28619,0,0,0.15789473684210525,19,euclidean,uniform
5700,28622,28623,0,0,0.052631578947368418,19,euclidean,uniform
5701,28623,28624,0,0,0.31578947368421051,19,euclidean,uniform
5702,28626,28627,0,0,0.052631578947368418,19,euclidean,uniform
5703,28627,28628,0,0,0.31578947368421051,19,euclidean,uniform
5704,28628,28629,0,0,0,19,euclidean,uniform
5705,28629,28630,0,0,0.26315789473684209,19,euclidean,uniform
5706,28630,28631,0,0,0.052631578947368418,19,euclidean,uniform
5707,28633,28634,1,1,0.73684210526315785,19,euclidean,uniform
5708,28634,28635,0,0,0.15789473684210525,19,euclidean,uniform
5709,28635,28636,1,1,0.78947368421052633,19,euclidean,uniform
5710,28641,28642,1,1,0.52631578947368418,19,euclidean,uniform
5711,28642,28643,0,0,0.052631578947368418,19,euclidean,uniform
5712,28643,28644,0,0,0.052631578947368418,19,euclidean,uniform
5713,28649,28650,0,0,0.15789473684210525,19,euclidean,uniform
5714,28653,28654,0,0,0,19,euclidean,uniform
5715,28661,28662,0,0,0.42105263157894735,19,euclidean,uniform
5716,28666,28667,1,0,0.15789473684210525,19,euclidean,uniform
5717,28668,28669,0,0,0.10526315789473684,19,euclidean,uniform
5718,28677,28678,0,0,0,19,euclidean,uniform
5719,28685,28686,1,0,0.10526315789473684,19,euclidean,uniform
5720,28689,28690,0,0,0.15789473684210525,19,euclidean,uniform
5721,28690,28691,0,0,0.15789473684210525,19,euclidean,uniform
5722,28691,28692,0,0,0,19,euclidean,uniform
5723,28697,28698,0,0,0.10526315789473684,19,euclidean,uniform
5724,28704,28705,0,0,0.10526315789473684,19,euclidean,uniform
5725,28710,28711,0,0,0.10526315789473684,19,euclidean,uniform
5726,28713,28714,0,0,0.26315789473684209,19,euclidean,uniform
5727,28720,28721,0,0,0.15789473684210525,19,euclidean,uniform
5728,28721,28722,0,0,0,19,euclidean,uniform
5729,28725,28726,0,0,0.052631578947368418,19,euclidean,uniform
5730,28729,28730,0,0,0.15789473684210525,19,euclidean,uniform
5731,28733,28734,0,0,0.052631578947368418,19,euclidean,uniform
5732,28738,28739,0,0,0.21052631578947367,19,euclidean,uniform
5733,28739,28740,0,0,0.052631578947368418,19,euclidean,uniform
5734,28746,28747,0,0,0.21052631578947367,19,euclidean,uniform
5735,28747,28748,0,1,0.84210526315789469,19,euclidean,uniform
5736,28749,28750,0,0,0.26315789473684209,19,euclidean,uniform
5737,28754,28755,0,0,0.15789473684210525,19,euclidean,uniform
5738,28755,28756,0,0,0.10526315789473684,19,euclidean,uniform
5739,28759,28760,0,0,0.052631578947368418,19,euclidean,uniform
5740,28760,28761,0,0,0.21052631578947367,19,euclidean,uniform
5741,28763,28764,1,0,0.15789473684210525,19,euclidean,uniform
5742,28765,28766,0,0,0,19,euclidean,uniform
5743,28767,28768,0,0,0.052631578947368418,19,euclidean,uniform
5744,28768,28769,0,0,0,19,euclidean,uniform
5745,28770,28771,1,0,0.21052631578947367,19,euclidean,uniform
5746,28780,28781,0,0,0.10526315789473684,19,euclidean,uniform
5747,28796,28797,1,0,0.21052631578947367,19,euclidean,uniform
5748,28799,28800,0,0,0.052631578947368418,19,euclidean,uniform
5749,28802,28803,0,0,0.10526315789473684,19,euclidean,uniform
5750,28806,28807,1,0,0.42105263157894735,19,euclidean,uniform
5751,28812,28813,0,0,0,19,euclidean,uniform
5752,28813,28814,0,0,0.052631578947368418,19,euclidean,uniform
5753,28814,28815,0,0,0.31578947368421051,19,euclidean,uniform
5754,28816,28817,0,0,0.10526315789473684,19,euclidean,uniform
5755,28832,28833,0,0,0.052631578947368418,19,euclidean,uniform
5756,28834,28835,1,0,0.10526315789473684,19,euclidean,uniform
5757,28850,28851,0,0,0,19,euclidean,uniform
5758,28866,28867,0,0,0.052631578947368418,19,euclidean,uniform
5759,28867,28868,0,0,0.052631578947368418,19,euclidean,uniform
5760,28884,28885,0,0,0.052631578947368418,19,euclidean,uniform
5761,28885,28886,0,0,0.052631578947368418,19,euclidean,uniform
5762,28886,28887,0,0,0.052631578947368418,19,euclidean,uniform
5763,28893,28894,0,1,0.63157894736842102,19,euclidean,uniform
5764,28901,28902,0,0,0.10526315789473684,19,euclidean,uniform
5765,28902,28903,0,0,0.26315789473684209,19,euclidean,uniform
5766,28903,28904,0,0,0,19,euclidean,uniform
5767,28906,28907,0,0,0.26315789473684209,19,euclidean,uniform
5768,28907,28908,0,0,0.10526315789473684,19,euclidean,uniform
5769,28908,28909,1,0,0.10526315789473684,19,euclidean,uniform
5770,28914,28915,0,0,0.26315789473684209,19,euclidean,uniform
5771,28920,28921,1,0,0.10526315789473684,19,euclidean,uniform
5772,28926,28927,1,0,0.26315789473684209,19,euclidean,uniform
5773,28932,28933,1,0,0.21052631578947367,19,euclidean,uniform
5774,28934,28935,0,0,0.10526315789473684,19,euclidean,uniform
5775,28937,28938,0,0,0.10526315789473684,19,euclidean,uniform
5776,28945,28946,0,0,0.052631578947368418,19,euclidean,uniform
5777,28948,28949,0,0,0.10526315789473684,19,euclidean,uniform
5778,28950,28951,1,0,0.10526315789473684,19,euclidean,uniform
5779,28956,28957,0,0,0.15789473684210525,19,euclidean,uniform
5780,28962,28963,0,0,0.15789473684210525,19,euclidean,uniform
5781,28969,28970,0,0,0.15789473684210525,19,euclidean,uniform
5782,28972,28973,0,0,0.10526315789473684,19,euclidean,uniform
5783,28987,28988,0,0,0.10526315789473684,19,euclidean,uniform
5784,28988,28989,1,0,0.36842105263157893,19,euclidean,uniform
5785,28990,28991,0,0,0.15789473684210525,19,euclidean,uniform
5786,28992,28993,0,0,0.15789473684210525,19,euclidean,uniform
5787,28993,28994,1,0,0.052631578947368418,19,euclidean,uniform
5788,29007,29008,0,0,0.052631578947368418,19,euclidean,uniform
5789,29008,29009,0,0,0.052631578947368418,19,euclidean,uniform
5790,29013,29014,0,0,0.10526315789473684,19,euclidean,uniform
5791,29015,29016,1,1,0.68421052631578949,19,euclidean,uniform
5792,29018,29019,0,0,0.052631578947368418,19,euclidean,uniform
5793,29027,29028,1,0,0.10526315789473684,19,euclidean,uniform
5794,29029,29030,0,0,0,19,euclidean,uniform
5795,29041,29042,1,0,0.10526315789473684,19,euclidean,uniform
5796,29059,29060,0,0,0.10526315789473684,19,euclidean,uniform
5797,29060,29061,0,0,0.15789473684210525,19,euclidean,uniform
5798,29066,29067,0,0,0.10526315789473684,19,euclidean,uniform
5799,29072,29073,0,0,0.21052631578947367,19,euclidean,uniform
5800,29074,29075,1,0,0.42105263157894735,19,euclidean,uniform
5801,29080,29081,1,0,0.36842105263157893,19,euclidean,uniform
5802,29081,29082,1,0,0.36842105263157893,19,euclidean,uniform
5803,29084,29085,1,0,0.26315789473684209,19,euclidean,uniform
5804,29085,29086,0,0,0.26315789473684209,19,euclidean,uniform
5805,29086,29087,0,0,0.052631578947368418,19,euclidean,uniform
5806,29087,29088,0,0,0.42105263157894735,19,euclidean,uniform
5807,29092,29093,0,0,0.15789473684210525,19,euclidean,uniform
5808,29094,29095,0,0,0.36842105263157893,19,euclidean,uniform
5809,29099,29100,0,0,0.10526315789473684,19,euclidean,uniform
5810,29100,29101,0,0,0.26315789473684209,19,euclidean,uniform
5811,29103,29104,0,0,0.21052631578947367,19,euclidean,uniform
5812,29116,29117,0,0,0.15789473684210525,19,euclidean,uniform
5813,29118,29119,1,0,0.36842105263157893,19,euclidean,uniform
5814,29120,29121,0,0,0.21052631578947367,19,euclidean,uniform
5815,29123,29124,0,0,0.21052631578947367,19,euclidean,uniform
5816,29129,29130,0,0,0.15789473684210525,19,euclidean,uniform
5817,29134,29135,0,0,0.15789473684210525,19,euclidean,uniform
5818,29139,29140,0,0,0.052631578947368418,19,euclidean,uniform
5819,29141,29142,0,0,0.052631578947368418,19,euclidean,uniform
5820,29142,29143,0,0,0.052631578947368418,19,euclidean,uniform
5821,29144,29145,0,0,0.052631578947368418,19,euclidean,uniform
5822,29145,29146,1,0,0.052631578947368418,19,euclidean,uniform
5823,29146,29147,0,0,0.15789473684210525,19,euclidean,uniform
5824,29150,29151,1,0,0.21052631578947367,19,euclidean,uniform
5825,29151,29152,1,1,0.84210526315789469,19,euclidean,uniform
5826,29156,29157,0,0,0.21052631578947367,19,euclidean,uniform
5827,29159,29160,0,0,0.21052631578947367,19,euclidean,uniform
5828,29170,29171,1,0,0.36842105263157893,19,euclidean,uniform
5829,29171,29172,0,0,0.052631578947368418,19,euclidean,uniform
5830,29173,29174,0,0,0.26315789473684209,19,euclidean,uniform
5831,29176,29177,1,0,0.36842105263157893,19,euclidean,uniform
5832,29184,29185,1,0,0.31578947368421051,19,euclidean,uniform
5833,29186,29187,0,0,0.10526315789473684,19,euclidean,uniform
5834,29187,29188,0,0,0,19,euclidean,uniform
5835,29190,29191,0,0,0.15789473684210525,19,euclidean,uniform
5836,29191,29192,0,0,0,19,euclidean,uniform
5837,29203,29204,0,0,0.15789473684210525,19,euclidean,uniform
5838,29206,29207,0,0,0.052631578947368418,19,euclidean,uniform
5839,29211,29212,0,0,0.10526315789473684,19,euclidean,uniform
5840,29214,29215,1,1,0.63157894736842102,19,euclidean,uniform
5841,29221,29222,0,0,0.21052631578947367,19,euclidean,uniform
5842,29226,29227,0,0,0.31578947368421051,19,euclidean,uniform
5843,29242,29243,1,0,0.15789473684210525,19,euclidean,uniform
5844,29245,29246,0,0,0.15789473684210525,19,euclidean,uniform
5845,29246,29247,0,0,0.21052631578947367,19,euclidean,uniform
5846,29248,29249,1,0,0.26315789473684209,19,euclidean,uniform
5847,29253,29254,0,0,0.21052631578947367,19,euclidean,uniform
5848,29255,29256,1,0,0.10526315789473684,19,euclidean,uniform
5849,29259,29260,0,0,0,19,euclidean,uniform
5850,29260,29261,0,0,0.26315789473684209,19,euclidean,uniform
5851,29262,29263,0,0,0.15789473684210525,19,euclidean,uniform
5852,29276,29277,0,0,0.052631578947368418,19,euclidean,uniform
5853,29287,29288,0,0,0.31578947368421051,19,euclidean,uniform
5854,29289,29290,0,0,0.10526315789473684,19,euclidean,uniform
5855,29291,29292,0,0,0.052631578947368418,19,euclidean,uniform
5856,29295,29296,0,0,0.42105263157894735,19,euclidean,uniform
5857,29300,29301,1,1,0.57894736842105265,19,euclidean,uniform
5858,29303,29304,0,0,0.15789473684210525,19,euclidean,uniform
5859,29309,29310,1,1,0.57894736842105265,19,euclidean,uniform
5860,29315,29316,0,0,0.052631578947368418,19,euclidean,uniform
5861,29316,29317,0,0,0.36842105263157893,19,euclidean,uniform
5862,29318,29319,0,0,0.26315789473684209,19,euclidean,uniform
5863,29319,29320,0,0,0.052631578947368418,19,euclidean,uniform
5864,29327,29328,0,0,0.052631578947368418,19,euclidean,uniform
5865,29331,29332,0,0,0.21052631578947367,19,euclidean,uniform
5866,29346,29347,0,0,0.052631578947368418,19,euclidean,uniform
5867,29363,29364,0,0,0.10526315789473684,19,euclidean,uniform
5868,29364,29365,0,0,0.21052631578947367,19,euclidean,uniform
5869,29371,29372,0,0,0.10526315789473684,19,euclidean,uniform
5870,29377,29378,0,0,0.052631578947368418,19,euclidean,uniform
5871,29382,29383,0,0,0,19,euclidean,uniform
5872,29383,29384,0,0,0,19,euclidean,uniform
5873,29390,29391,0,0,0.15789473684210525,19,euclidean,uniform
5874,29391,29392,1,0,0.21052631578947367,19,euclidean,uniform
5875,29399,29400,0,0,0.10526315789473684,19,euclidean,uniform
5876,29413,29414,1,1,0.57894736842105265,19,euclidean,uniform
5877,29428,29429,0,0,0.052631578947368418,19,euclidean,uniform
5878,29429,29430,0,0,0.21052631578947367,19,euclidean,uniform
5879,29434,29435,0,0,0.15789473684210525,19,euclidean,uniform
5880,29437,29438,0,0,0.21052631578947367,19,euclidean,uniform
5881,29441,29442,0,0,0.21052631578947367,19,euclidean,uniform
5882,29448,29449,0,1,0.52631578947368418,19,euclidean,uniform
5883,29450,29451,0,0,0.10526315789473684,19,euclidean,uniform
5884,29454,29455,1,0,0.10526315789473684,19,euclidean,uniform
5885,29455,29456,0,0,0.26315789473684209,19,euclidean,uniform
5886,29466,29467,0,1,0.68421052631578949,19,euclidean,uniform
5887,29467,29468,0,0,0,19,euclidean,uniform
5888,29468,29469,0,0,0.10526315789473684,19,euclidean,uniform
5889,29480,29481,0,0,0.21052631578947367,19,euclidean,uniform
5890,29483,29484,1,0,0.10526315789473684,19,euclidean,uniform
5891,29489,29490,0,0,0.26315789473684209,19,euclidean,uniform
5892,29491,29492,1,0,0.47368421052631576,19,euclidean,uniform
5893,29495,29496,0,0,0.052631578947368418,19,euclidean,uniform
5894,29512,29513,1,0,0.10526315789473684,19,euclidean,uniform
5895,29513,29514,0,0,0.31578947368421051,19,euclidean,uniform
5896,29514,29515,0,0,0.10526315789473684,19,euclidean,uniform
5897,29520,29521,1,0,0.21052631578947367,19,euclidean,uniform
5898,29524,29525,1,1,0.63157894736842102,19,euclidean,uniform
5899,29526,29527,0,0,0.10526315789473684,19,euclidean,uniform
5900,29527,29528,0,0,0.15789473684210525,19,euclidean,uniform
5901,29530,29531,0,0,0.15789473684210525,19,euclidean,uniform
5902,29532,29533,0,0,0.052631578947368418,19,euclidean,uniform
5903,29540,29541,1,0,0.26315789473684209,19,euclidean,uniform
5904,29545,29546,1,0,0.15789473684210525,19,euclidean,uniform
5905,29546,29547,0,0,0.10526315789473684,19,euclidean,uniform
5906,29549,29550,0,0,0.052631578947368418,19,euclidean,uniform
5907,29562,29563,0,0,0.052631578947368418,19,euclidean,uniform
5908,29568,29569,0,0,0.36842105263157893,19,euclidean,uniform
5909,29570,29571,1,1,0.89473684210526316,19,euclidean,uniform
5910,29576,29577,1,1,0.78947368421052633,19,euclidean,uniform
5911,29577,29578,1,0,0.052631578947368418,19,euclidean,uniform
5912,29580,29581,0,0,0.10526315789473684,19,euclidean,uniform
5913,29581,29582,0,0,0.10526315789473684,19,euclidean,uniform
5914,29583,29584,0,0,0.10526315789473684,19,euclidean,uniform
5915,29596,29597,0,0,0.10526315789473684,19,euclidean,uniform
5916,29597,29598,0,0,0.15789473684210525,19,euclidean,uniform
5917,29598,29599,1,0,0.31578947368421051,19,euclidean,uniform
5918,29599,29600,0,0,0.10526315789473684,19,euclidean,uniform
5919,29615,29616,1,0,0.42105263157894735,19,euclidean,uniform
5920,29616,29617,0,0,0.10526315789473684,19,euclidean,uniform
5921,29618,29619,0,0,0.10526315789473684,19,euclidean,uniform
5922,29628,29629,0,0,0.10526315789473684,19,euclidean,uniform
5923,29631,29632,0,0,0.26315789473684209,19,euclidean,uniform
5924,29634,29635,0,0,0,19,euclidean,uniform
5925,29635,29636,0,0,0.15789473684210525,19,euclidean,uniform
5926,29641,29642,0,0,0.052631578947368418,19,euclidean,uniform
5927,29649,29650,0,0,0.10526315789473684,19,euclidean,uniform
5928,29651,29652,1,1,0.52631578947368418,19,euclidean,uniform
5929,29652,29653,0,0,0.10526315789473684,19,euclidean,uniform
5930,29664,29665,0,0,0.15789473684210525,19,euclidean,uniform
5931,29669,29670,0,0,0.10526315789473684,19,euclidean,uniform
5932,29670,29671,0,0,0.42105263157894735,19,euclidean,uniform
5933,29675,29676,0,0,0.15789473684210525,19,euclidean,uniform
5934,29680,29681,0,0,0.36842105263157893,19,euclidean,uniform
5935,29681,29682,1,0,0.31578947368421051,19,euclidean,uniform
5936,29689,29690,0,0,0.26315789473684209,19,euclidean,uniform
5937,29690,29691,0,0,0.21052631578947367,19,euclidean,uniform
5938,29695,29696,0,0,0.10526315789473684,19,euclidean,uniform
5939,29704,29705,0,0,0.26315789473684209,19,euclidean,uniform
5940,29717,29718,1,0,0.10526315789473684,19,euclidean,uniform
5941,29718,29719,0,0,0.052631578947368418,19,euclidean,uniform
5942,29720,29721,0,0,0.15789473684210525,19,euclidean,uniform
5943,29726,29727,1,1,0.84210526315789469,19,euclidean,uniform
5944,29736,29737,0,0,0.15789473684210525,19,euclidean,uniform
5945,29737,29738,1,0,0.47368421052631576,19,euclidean,uniform
5946,29754,29755,0,1,0.52631578947368418,19,euclidean,uniform
5947,29756,29757,0,1,0.68421052631578949,19,euclidean,uniform
5948,29757,29758,0,0,0.10526315789473684,19,euclidean,uniform
5949,29766,29767,0,0,0.31578947368421051,19,euclidean,uniform
5950,29770,29771,1,1,0.84210526315789469,19,euclidean,uniform
5951,29772,29773,0,0,0.15789473684210525,19,euclidean,uniform
5952,29780,29781,0,0,0.21052631578947367,19,euclidean,uniform
5953,29788,29789,0,0,0.15789473684210525,19,euclidean,uniform
5954,29790,29791,0,0,0.10526315789473684,19,euclidean,uniform
5955,29813,29814,0,0,0.10526315789473684,19,euclidean,uniform
5956,29815,29816,0,0,0.26315789473684209,19,euclidean,uniform
5957,29822,29823,0,0,0.26315789473684209,19,euclidean,uniform
5958,29837,29838,0,0,0.42105263157894735,19,euclidean,uniform
5959,29838,29839,1,0,0.21052631578947367,19,euclidean,uniform
5960,29840,29841,1,1,0.78947368421052633,19,euclidean,uniform
5961,29841,29842,0,0,0.10526315789473684,19,euclidean,uniform
5962,29842,29843,0,0,0.26315789473684209,19,euclidean,uniform
5963,29844,29845,0,0,0.052631578947368418,19,euclidean,uniform
5964,29850,29851,0,0,0.15789473684210525,19,euclidean,uniform
5965,29858,29859,0,0,0.31578947368421051,19,euclidean,uniform
5966,29867,29868,0,0,0.10526315789473684,19,euclidean,uniform
5967,29879,29880,0,0,0.052631578947368418,19,euclidean,uniform
5968,29895,29896,0,0,0.15789473684210525,19,euclidean,uniform
5969,29899,29900,1,0,0.26315789473684209,19,euclidean,uniform
5970,29900,29901,1,0,0.15789473684210525,19,euclidean,uniform
5971,29903,29904,0,0,0.10526315789473684,19,euclidean,uniform
5972,29905,29906,1,1,0.52631578947368418,19,euclidean,uniform
5973,29912,29913,0,0,0.15789473684210525,19,euclidean,uniform
5974,29915,29916,0,0,0.47368421052631576,19,euclidean,uniform
5975,29916,29917,0,0,0.052631578947368418,19,euclidean,uniform
5976,29918,29919,0,0,0.10526315789473684,19,euclidean,uniform
5977,29931,29932,0,0,0.31578947368421051,19,euclidean,uniform
5978,29933,29934,0,0,0.42105263157894735,19,euclidean,uniform
5979,29935,29936,1,0,0.052631578947368418,19,euclidean,uniform
5980,29939,29940,0,0,0.10526315789473684,19,euclidean,uniform
5981,29944,29945,1,0,0.47368421052631576,19,euclidean,uniform
5982,29945,29946,0,0,0.21052631578947367,19,euclidean,uniform
5983,29946,29947,0,0,0.31578947368421051,19,euclidean,uniform
5984,29958,29959,0,0,0.21052631578947367,19,euclidean,uniform
5985,29959,29960,0,0,0.052631578947368418,19,euclidean,uniform
5986,29963,29964,0,0,0.10526315789473684,19,euclidean,uniform
5987,29967,29968,0,0,0.31578947368421051,19,euclidean,uniform
5988,29968,29969,0,0,0.21052631578947367,19,euclidean,uniform
5989,29969,29970,0,0,0,19,euclidean,uniform
5990,29970,29971,0,0,0,19,euclidean,uniform
5991,29972,29973,0,0,0.15789473684210525,19,euclidean,uniform
5992,29976,29977,1,1,0.89473684210526316,19,euclidean,uniform
5993,29977,29978,0,0,0,19,euclidean,uniform
5994,29982,29983,1,0,0.10526315789473684,19,euclidean,uniform
5995,29985,29986,0,0,0.10526315789473684,19,euclidean,uniform
5996,29988,29989,0,0,0.26315789473684209,19,euclidean,uniform
5997,29993,29994,0,0,0,19,euclidean,uniform
5998,29994,29995,1,1,0.89473684210526316,19,euclidean,uniform
5999,29996,29997,0,0,0.21052631578947367,19,euclidean,uniform
