test_index,row_id,original_id,y_true,y_pred,probability_class_1,selected_k
0,1,2,1,0,0.28209162257137255,25
1,11,12,0,0,0.2003905136695654,25
2,14,15,0,0,2.180657058221812E-7,25
3,17,18,0,0,0.1230051760183216,25
4,20,21,0,0,0.20101061118425734,25
5,21,22,1,0,0.2989688680872429,25
6,26,27,1,0,0.2583996153887923,25
7,33,34,0,0,0.12063729806078112,25
8,34,35,0,0,0.2407891767174225,25
9,45,46,1,0,0.26126961861864023,25
10,54,55,0,1,0.863049554395753,25
11,63,64,1,0,0.2573448546845134,25
12,65,66,1,0,0.12266426009408354,25
13,66,67,1,0,0.43966112391619616,25
14,73,74,0,0,0.14501859981067486,25
15,75,76,0,0,0.20507727294290728,25
16,82,83,1,0,0.11443570674886853,25
17,83,84,0,0,0.07906018631257032,25
18,90,91,1,1,0.6169143592951569,25
19,92,93,0,0,0.17588271880895412,25
20,104,105,0,1,0.717336983302776,25
21,109,110,0,0,0.3825846875465898,25
22,113,114,0,0,0.11991849963731904,25
23,118,119,0,0,0.033114800367995544,25
24,131,132,0,0,0.23742415170951298,25
25,141,142,0,0,0.12877589561433958,25
26,149,150,0,0,0.3114639366555088,25
27,154,155,0,0,0.1314228464830803,25
28,158,159,1,1,0.5793491339174581,25
29,163,164,0,0,0.11594562604983069,25
30,164,165,0,0,0.1179626545527212,25
31,176,177,0,0,0.03693040292295668,25
32,178,179,0,0,0.13509669721009077,25
33,181,182,0,0,0.07627992980763208,25
34,188,189,0,0,0.11714186742665539,25
35,192,193,0,0,0.12110533037802712,25
36,197,198,0,0,0.08274068197702181,25
37,198,199,0,0,0.07509848535604828,25
38,201,202,0,0,0.20126116049432555,25
39,205,206,0,0,0.10961702501982075,25
40,209,210,0,0,0.16091093320753544,25
41,210,211,0,0,0.1145243579005062,25
42,212,213,0,0,0.19842335283962298,25
43,214,215,0,0,0.4117972066873185,25
44,215,216,0,0,0.27291447224685983,25
45,220,221,1,1,0.5680676968396631,25
46,226,227,0,0,0.14316888180369308,25
47,238,239,1,0,0.1564948238134976,25
48,239,240,1,0,0.0840993683707446,25
49,243,244,0,0,0.3673527441043384,25
50,244,245,0,0,0.4852609717530689,25
51,246,247,0,0,0.22593843927179125,25
52,247,248,0,0,0.11740060028921362,25
53,248,249,0,0,0.04225583304766163,25
54,249,250,0,0,0.21725920407368546,25
55,250,251,0,1,0.5813582707157788,25
56,253,254,0,0,0.12148117906291259,25
57,255,256,0,0,0.11308638501788444,25
58,260,261,0,0,0.03681655744085113,25
59,261,262,0,0,0.16952432382670582,25
60,262,263,0,0,0.08023648930199388,25
61,263,264,0,0,0.07687007859674658,25
62,265,266,0,0,0.24833371290668435,25
63,266,267,0,0,0.35203128953861,25
64,277,278,0,0,0.19337321733014592,25
65,279,280,0,0,0.13412321739639452,25
66,294,295,0,0,0.41421955883859557,25
67,304,305,0,0,0.1151986317196307,25
68,305,306,0,0,0.07162269449631288,25
69,306,307,0,0,0.06214514358493498,25
70,309,310,0,0,0.07557512984525008,25
71,313,314,1,0,0.26773843877391973,25
72,315,316,1,0,0.09480896770699039,25
73,326,327,1,0,0.3633128113970482,25
74,337,338,0,0,0.12202368640724225,25
75,338,339,1,0,0.17292545007803697,25
76,351,352,0,0,0.1941616591141066,25
77,354,355,0,1,0.5014570890505169,25
78,361,362,0,0,2.298289345972583E-7,25
79,367,368,0,1,0.513556781862633,25
80,368,369,0,0,0.3982122525929788,25
81,379,380,1,0,0.32125367887041634,25
82,385,386,0,0,0.1149039818775343,25
83,387,388,1,0,0.3328601436735225,25
84,391,392,1,0,0.07661290424966838,25
85,395,396,0,0,0.13135409037906864,25
86,396,397,0,0,0.17858330293848396,25
87,411,412,0,0,0.15445697686683849,25
88,431,432,1,0,0.16144298254886535,25
89,435,436,1,1,0.6138884870024718,25
90,441,442,0,0,0.2571808182620512,25
91,443,444,0,0,0.03242521948885124,25
92,446,447,0,0,0.03969660222074703,25
93,448,449,0,0,0.03850786131003538,25
94,461,462,0,0,0.2292504415080059,25
95,469,470,0,0,0.17120762108707277,25
96,474,475,0,0,0.3079190351551615,25
97,476,477,0,0,0.11966094512727343,25
98,477,478,0,0,0.1970821195672035,25
99,487,488,0,0,0.06356563039155577,25
100,499,500,0,0,0.39037978822398284,25
101,501,502,0,1,0.6589189251100043,25
102,505,506,0,0,0.3172234614787045,25
103,507,508,0,0,0.22722462028837176,25
104,508,509,0,0,0.2875952891646303,25
105,523,524,1,0,0.10445939166427178,25
106,524,525,0,0,0.03409501246339028,25
107,526,527,0,1,0.5085650624463967,25
108,533,534,1,1,0.9136851590739935,25
109,535,536,0,0,0.22921589878359433,25
110,540,541,0,0,0.2215969952936111,25
111,543,544,0,0,0.03767758670658576,25
112,564,565,0,1,0.7172821576350565,25
113,570,571,0,0,0.11669091805167486,25
114,571,572,0,0,0.21342257414112295,25
115,577,578,0,0,0.2759874026706503,25
116,580,581,1,0,0.35353493453380525,25
117,587,588,1,0,0.2669291568751783,25
118,592,593,0,0,0.1139305634704468,25
119,599,600,1,0,0.1254197203435357,25
120,612,613,0,0,0.23357215772681575,25
121,618,619,0,0,0.07795850099577108,25
122,625,626,0,0,0.10207030703631832,25
123,626,627,0,0,2.098767125200789E-7,25
124,629,630,0,0,0.0429419315068452,25
125,639,640,0,0,0.25654014897082156,25
126,641,642,0,0,0.12362508713284605,25
127,645,646,0,0,0.23925254752328157,25
128,653,654,1,0,0.23738270623205582,25
129,654,655,0,0,0.1700847186136765,25
130,655,656,1,0,0.17824296256962638,25
131,665,666,0,0,0.06678273022892318,25
132,668,669,0,1,0.6396981118951702,25
133,669,670,1,1,0.7533330699596714,25
134,670,671,0,0,0.4011047439771033,25
135,673,674,1,1,0.8849303694858056,25
136,678,679,0,0,0.22128809732334928,25
137,689,690,0,0,0.04492265606967919,25
138,691,692,0,0,0.427306042494111,25
139,696,697,0,0,0.0785904190523927,25
140,702,703,1,0,0.3094267730460961,25
141,705,706,1,0,1.883564511589941E-7,25
142,706,707,0,0,0.4897699736117453,25
143,711,712,0,0,0.16309118804890077,25
144,714,715,0,0,0.19605402040922898,25
145,726,727,0,0,0.1224265219098264,25
146,727,728,0,0,0.0730903416228849,25
147,728,729,0,0,0.08522414550127352,25
148,730,731,0,0,0.14924738163902754,25
149,746,747,0,0,0.1396340574151371,25
150,749,750,1,0,0.4261298631263562,25
151,756,757,0,0,0.047559303912497845,25
152,760,761,1,0,0.3626404421646952,25
153,762,763,0,0,0.0797603724143298,25
154,777,778,0,0,0.13080869688180102,25
155,780,781,0,0,0.47562424108473567,25
156,784,785,1,0,0.11202072458368319,25
157,788,789,0,0,0.3466628798025766,25
158,797,798,0,0,0.2844373973966489,25
159,798,799,0,1,0.7486173843828766,25
160,799,800,0,0,1.8316123415923032E-7,25
161,802,803,0,0,0.20836221146133246,25
162,804,805,0,0,0.10101923827637861,25
163,818,819,0,0,0.17516101061565376,25
164,824,825,1,0,0.07733269651390286,25
165,825,826,0,0,0.14497468446056008,25
166,838,839,0,0,0.038819191858932164,25
167,841,842,0,0,0.03511295344000391,25
168,845,846,0,0,0.07985170652977717,25
169,846,847,0,0,0.07775371825146035,25
170,851,852,0,1,0.5594057037436581,25
171,852,853,0,0,0.036475740086822646,25
172,856,857,1,0,0.45911427045427633,25
173,864,865,0,0,0.029055402586743315,25
174,869,870,0,0,0.14082558832032208,25
175,871,872,0,0,0.10066486362272513,25
176,873,874,0,0,0.1436971709227878,25
177,874,875,0,0,0.1478296487332799,25
178,883,884,0,0,0.20055520401274649,25
179,885,886,0,0,0.2431405908044211,25
180,897,898,1,1,0.6162460375044385,25
181,908,909,0,0,0.09065226180038018,25
182,910,911,0,1,0.6811457036586414,25
183,912,913,0,0,0.04559741555342382,25
184,918,919,0,0,0.1986484338635297,25
185,920,921,0,0,0.31581695885871547,25
186,931,932,1,0,0.1720792324421775,25
187,932,933,1,1,0.5044661221204038,25
188,943,944,1,1,0.5810571241652884,25
189,960,961,1,0,0.2792904241291607,25
190,969,970,0,0,0.03608093618313487,25
191,970,971,1,0,0.03760953069491265,25
192,971,972,0,0,0.03572092436500864,25
193,973,974,0,0,0.07937318126222713,25
194,977,978,0,0,0.07355140363646326,25
195,982,983,1,0,0.04018610065189049,25
196,985,986,1,0,0.201593654517733,25
197,987,988,0,0,0.13345828313954525,25
198,989,990,0,0,0.40393511771648855,25
199,990,991,0,0,0.15544717539367697,25
200,996,997,0,0,0.37464484408971266,25
201,999,1000,0,0,0.4845908440425014,25
202,1004,1005,1,0,0.14494953851944867,25
203,1009,1010,0,0,0.06951763392805103,25
204,1022,1023,0,0,0.13260575938306066,25
205,1024,1025,0,0,0.08212666183263166,25
206,1034,1035,0,0,0.32208669031476356,25
207,1035,1036,1,1,0.5753717622447919,25
208,1037,1038,1,0,0.15895699983574074,25
209,1038,1039,0,0,0.16364845727366129,25
210,1046,1047,1,0,0.16974973308976898,25
211,1048,1049,0,0,0.11523304954573069,25
212,1049,1050,0,0,0.20264876460898545,25
213,1053,1054,0,0,0.07020669621625288,25
214,1056,1057,0,0,0.3445216927778404,25
215,1060,1061,1,0,0.3071489540559808,25
216,1071,1072,1,0,0.1146851624992185,25
217,1077,1078,0,0,1.085318229926804E-6,25
218,1078,1079,0,0,0.08299742295391359,25
219,1084,1085,0,0,0.22960976172147537,25
220,1087,1088,0,0,0.2076193467662848,25
221,1088,1089,0,0,0.3567215788178336,25
222,1089,1090,0,0,4.213676258077508E-7,25
223,1091,1092,0,0,0.07001504741078733,25
224,1093,1094,1,1,0.5286876402136295,25
225,1094,1095,0,0,0.46985605886691423,25
226,1095,1096,0,0,0.11170404942845152,25
227,1096,1097,0,0,0.03362932655615516,25
228,1101,1102,1,0,0.4165715097531067,25
229,1107,1108,0,0,0.30309417172371045,25
230,1109,1110,0,0,0.3446522559817318,25
231,1115,1116,0,0,0.19656932932881663,25
232,1125,1126,0,0,0.1384214854110456,25
233,1132,1133,0,1,0.6064035705027319,25
234,1137,1138,0,0,0.21850189547893217,25
235,1139,1140,0,0,4.1528834508836744E-7,25
236,1142,1143,0,0,0.08135006943969712,25
237,1147,1148,0,0,0.16094039185648124,25
238,1159,1160,0,0,0.4470847349272694,25
239,1166,1167,0,0,0.10745091026714791,25
240,1168,1169,0,0,0.15438829891283584,25
241,1172,1173,0,0,0.07619401804731137,25
242,1173,1174,0,0,0.3713476408435204,25
243,1181,1182,0,0,0.27090586244856285,25
244,1189,1190,0,0,0.03335593759007055,25
245,1192,1193,1,0,0.23159060805909226,25
246,1205,1206,1,0,0.038157040405328684,25
247,1209,1210,1,0,0.3182259956238034,25
248,1211,1212,0,0,0.026212074570289054,25
249,1215,1216,0,0,0.08487850786431848,25
250,1216,1217,0,0,0.11593387023559283,25
251,1217,1218,0,0,6.896099529484682E-7,25
252,1225,1226,1,0,0.27372353037074604,25
253,1233,1234,0,0,0.23838226147956781,25
254,1235,1236,1,0,0.20433094019559572,25
255,1242,1243,0,0,0.17326615660790134,25
256,1246,1247,1,1,0.7158569346137026,25
257,1259,1260,0,1,0.6284188697415034,25
258,1260,1261,0,0,0.12869738602466954,25
259,1270,1271,0,0,0.12878328370188696,25
260,1274,1275,0,0,0.10719686010189106,25
261,1275,1276,1,0,0.09226238422312061,25
262,1276,1277,0,0,0.12966525989769173,25
263,1283,1284,0,0,0.17981542172177228,25
264,1290,1291,0,0,0.16147659884251253,25
265,1291,1292,0,0,0.09627869731766708,25
266,1292,1293,0,0,0.09532052620948013,25
267,1294,1295,0,0,0.0806152103705378,25
268,1297,1298,0,0,0.11221033110883481,25
269,1302,1303,0,0,0.17803522978658928,25
270,1348,1349,0,0,0.1278142478050761,25
271,1350,1351,0,0,0.3964345591484582,25
272,1352,1353,0,0,0.04425806214682782,25
273,1354,1355,0,0,0.08174091072836151,25
274,1357,1358,1,1,0.624942107960804,25
275,1366,1367,0,0,0.15692861055342774,25
276,1375,1376,0,0,0.15347769957768606,25
277,1376,1377,0,0,0.15387002888737653,25
278,1383,1384,0,0,0.036239150748044895,25
279,1384,1385,0,0,0.15831706953106447,25
280,1388,1389,0,0,0.05076049190351659,25
281,1394,1395,0,0,0.11657341425529143,25
282,1396,1397,1,0,0.4741032797529554,25
283,1399,1400,0,0,0.07577840321132388,25
284,1401,1402,0,1,0.6214031596001373,25
285,1402,1403,1,0,0.1738640230104767,25
286,1403,1404,0,0,0.10379878166359643,25
287,1416,1417,0,0,0.034472754369322095,25
288,1417,1418,0,0,0.3881443222100108,25
289,1420,1421,0,0,0.1136425255948537,25
290,1425,1426,0,0,0.14716060083909308,25
291,1437,1438,0,0,0.1903518674879554,25
292,1439,1440,0,0,0.0358973115381781,25
293,1441,1442,0,0,0.09777641363749907,25
294,1442,1443,1,0,0.2108310316140041,25
295,1443,1444,0,0,0.11942964755125325,25
296,1446,1447,1,0,0.31686263139003373,25
297,1448,1449,0,0,0.09284761974313048,25
298,1450,1451,0,0,0.18781083009596147,25
299,1458,1459,1,0,0.03253928278034256,25
300,1463,1464,0,0,0.0360645616148151,25
301,1464,1465,0,0,0.14245428271555788,25
302,1468,1469,0,0,0.08832552635464147,25
303,1474,1475,1,0,0.15536548896528452,25
304,1483,1484,0,0,0.18045941510700464,25
305,1486,1487,0,0,3.375524151975672E-7,25
306,1490,1491,0,0,0.0774140508078606,25
307,1492,1493,0,1,0.5819209710227403,25
308,1496,1497,1,0,0.37879652163809113,25
309,1499,1500,0,0,0.31864516475651583,25
310,1521,1522,0,1,0.6823791177245919,25
311,1526,1527,1,0,0.07584642422064018,25
312,1527,1528,0,0,0.029804155718997905,25
313,1534,1535,0,0,0.10413816683438355,25
314,1538,1539,1,0,0.16053761826985286,25
315,1543,1544,0,0,0.25724766527925536,25
316,1551,1552,0,0,2.0870064996145917E-7,25
317,1559,1560,1,0,0.18505602338239294,25
318,1565,1566,0,0,0.08716133458797747,25
319,1566,1567,0,0,2.3410850219978187E-7,25
320,1567,1568,0,0,0.0315572348646879,25
321,1578,1579,0,0,0.28620184437083285,25
322,1579,1580,0,0,0.2773841278853103,25
323,1587,1588,0,0,0.03365125912734544,25
324,1591,1592,0,1,0.5388892561406311,25
325,1602,1603,0,0,0.07898110689307361,25
326,1609,1610,0,0,0.1256584543020243,25
327,1614,1615,0,0,0.0427474529518752,25
328,1626,1627,0,0,0.03475253958948042,25
329,1631,1632,0,0,0.04323405085564936,25
330,1634,1635,0,0,0.20301199494225725,25
331,1637,1638,0,0,0.491882968480056,25
332,1649,1650,0,0,0.09438465190822148,25
333,1654,1655,0,0,0.3028519590578778,25
334,1659,1660,0,0,0.19656780955240505,25
335,1662,1663,0,0,0.33668013850733364,25
336,1664,1665,0,0,0.18853917951136465,25
337,1670,1671,0,0,0.2366530217136231,25
338,1674,1675,0,0,0.07125628729536244,25
339,1675,1676,1,0,0.11642576111981043,25
340,1678,1679,0,0,0.2903778192095672,25
341,1684,1685,0,0,0.08361114307713999,25
342,1689,1690,1,0,0.43734066291714113,25
343,1702,1703,1,0,0.23355962176822814,25
344,1705,1706,1,0,0.33753121059304797,25
345,1706,1707,0,1,0.571806565804467,25
346,1707,1708,0,0,0.03534288349830649,25
347,1723,1724,0,0,4.863727772265768E-7,25
348,1734,1735,0,0,0.0641970947298876,25
349,1737,1738,0,0,0.1195199287308557,25
350,1743,1744,0,0,0.19890694467215086,25
351,1753,1754,0,0,0.13944751884439882,25
352,1755,1756,0,0,0.10926156149339958,25
353,1757,1758,0,0,0.3784311510540311,25
354,1758,1759,0,0,1.2854677557537074E-7,25
355,1759,1760,0,0,0.05398268888678513,25
356,1768,1769,0,0,0.1152937712332334,25
357,1773,1774,1,1,0.7222019073282475,25
358,1784,1785,0,0,0.11763410070400529,25
359,1788,1789,0,0,0.14097455904254186,25
360,1794,1795,1,0,0.08963062015295757,25
361,1795,1796,0,0,0.4033952895100662,25
362,1813,1814,0,0,0.4991584972420236,25
363,1817,1818,0,0,0.23285247238992,25
364,1821,1822,0,0,0.08329740606576673,25
365,1825,1826,0,0,1.4953233797316085E-6,25
366,1830,1831,1,0,0.2328730903282095,25
367,1835,1836,1,0,0.42812599008286634,25
368,1837,1838,1,0,0.12588695760479646,25
369,1840,1841,0,0,0.17658098122361768,25
370,1843,1844,1,0,0.03585103597063275,25
371,1844,1845,0,0,0.29989772147857824,25
372,1860,1861,0,0,0.42151203921435704,25
373,1888,1889,0,1,0.5415305309035381,25
374,1894,1895,1,1,0.8383566604428723,25
375,1902,1903,0,0,0.10685325530565722,25
376,1911,1912,0,0,0.07295906091459492,25
377,1932,1933,0,0,0.10406977512197262,25
378,1933,1934,0,0,0.3871074203088233,25
379,1935,1936,0,0,0.25769014636686655,25
380,1942,1943,0,0,0.04280868195834635,25
381,1949,1950,0,0,2.269645854325844E-7,25
382,1951,1952,0,0,0.0443955190338177,25
383,1956,1957,1,1,0.9635773353053497,25
384,1960,1961,1,1,0.720451140616747,25
385,1961,1962,0,0,0.04145029214659063,25
386,1966,1967,0,0,0.20449813083467525,25
387,1972,1973,0,0,0.07108677948334974,25
388,1976,1977,0,0,0.23350166883518117,25
389,1978,1979,0,0,0.2300299493588062,25
390,1981,1982,1,1,0.7738598711579104,25
391,1988,1989,0,1,0.5542385258134122,25
392,1989,1990,1,0,0.14223324615612967,25
393,1994,1995,0,0,0.3157995515499673,25
394,2003,2004,1,1,0.7156152174902756,25
395,2008,2009,1,0,0.18600877016278558,25
396,2015,2016,1,0,0.09094610477889244,25
397,2023,2024,0,0,1.1671914001000913E-6,25
398,2030,2031,0,0,0.1960655319916204,25
399,2034,2035,0,0,0.19302075795081017,25
400,2036,2037,0,0,0.07618956810580853,25
401,2045,2046,1,1,0.7906804342818883,25
402,2052,2053,0,0,0.16275233114357238,25
403,2054,2055,0,0,0.19401776331745893,25
404,2070,2071,0,0,0.11618358572818704,25
405,2073,2074,0,0,0.1252789156986292,25
406,2076,2077,0,0,0.1927254743605224,25
407,2079,2080,0,1,0.6310944030395761,25
408,2080,2081,0,0,1.2829428066369675E-7,25
409,2081,2082,0,0,0.18771346571531453,25
410,2082,2083,0,0,0.2507540170511075,25
411,2085,2086,0,1,0.523426655257575,25
412,2090,2091,0,0,0.2948554243519592,25
413,2091,2092,0,0,0.39013705160075446,25
414,2092,2093,0,0,0.20844414031493155,25
415,2101,2102,0,1,0.7126856543256024,25
416,2103,2104,0,0,0.08239763202321104,25
417,2109,2110,0,0,0.07652373500401995,25
418,2113,2114,1,0,0.1239922801095045,25
419,2116,2117,1,0,0.07754129653988612,25
420,2133,2134,0,0,0.18478212617343195,25
421,2139,2140,1,0,0.23405477103452596,25
422,2141,2142,0,0,0.20124099454485564,25
423,2150,2151,0,0,0.08812078689773824,25
424,2151,2152,0,0,0.0902469829325192,25
425,2154,2155,0,0,0.3097027696830852,25
426,2155,2156,1,1,0.6530899516715811,25
427,2156,2157,1,0,0.10344104785031633,25
428,2159,2160,0,0,0.24437762174250927,25
429,2170,2171,0,0,0.0351201370565052,25
430,2171,2172,0,0,0.07178303426314828,25
431,2175,2176,0,0,0.1186003559965632,25
432,2183,2184,0,0,0.12238620125338988,25
433,2187,2188,1,0,0.26131639797738526,25
434,2194,2195,0,0,0.16096144521058892,25
435,2200,2201,1,0,0.18263125759068305,25
436,2203,2204,0,0,0.136210325252046,25
437,2206,2207,0,0,0.07494152612826359,25
438,2213,2214,0,0,0.11170293541365463,25
439,2214,2215,0,0,0.3209979297271707,25
440,2215,2216,0,0,0.3747731437587472,25
441,2219,2220,1,0,0.24032243534010267,25
442,2225,2226,1,0,0.0371605033556481,25
443,2228,2229,0,0,0.1699007293575991,25
444,2237,2238,0,0,2.7778910883951415E-7,25
445,2240,2241,0,0,0.15973719160292651,25
446,2243,2244,1,1,0.7279015016659938,25
447,2245,2246,0,0,0.11551694677150832,25
448,2246,2247,0,0,0.1273103072373563,25
449,2247,2248,1,1,0.6297690202065735,25
450,2251,2252,0,1,0.6346383519798222,25
451,2253,2254,0,0,0.28473779535261196,25
452,2254,2255,0,0,0.157222870003672,25
453,2255,2256,0,0,0.3763318785461902,25
454,2261,2262,1,0,0.12679796742931215,25
455,2267,2268,0,0,0.04243304766155677,25
456,2268,2269,1,1,0.5709816992164632,25
457,2270,2271,0,0,0.13921676180512024,25
458,2274,2275,0,0,0.10962522673095058,25
459,2284,2285,1,0,0.3116055312850701,25
460,2291,2292,0,0,0.44230496076060855,25
461,2300,2301,0,0,0.4250507713880782,25
462,2306,2307,0,0,0.17736012533003492,25
463,2310,2311,0,0,0.2936190459626766,25
464,2314,2315,0,0,0.12119907463429287,25
465,2317,2318,0,0,0.08450848306105013,25
466,2321,2322,0,1,0.6046930124284187,25
467,2325,2326,0,0,0.16156087438039884,25
468,2329,2330,0,0,0.14810602151687907,25
469,2333,2334,0,0,0.4620463319930351,25
470,2335,2336,0,0,0.15005556890011215,25
471,2353,2354,0,0,0.045629873679745456,25
472,2360,2361,0,0,0.3156821272889737,25
473,2366,2367,0,0,0.11888649227844542,25
474,2368,2369,0,0,4.2876230392114433E-7,25
475,2369,2370,0,0,0.2820953196392438,25
476,2370,2371,0,0,0.10142895422662174,25
477,2374,2375,1,1,0.7340999336514946,25
478,2381,2382,0,0,0.03549708154359103,25
479,2386,2387,0,0,0.08101901961125774,25
480,2390,2391,1,1,0.6292379655210883,25
481,2395,2396,0,0,0.1573574124179691,25
482,2401,2402,0,0,0.23597801376322827,25
483,2403,2404,1,0,0.2975173406061257,25
484,2417,2418,1,1,0.7055146340626309,25
485,2418,2419,0,0,0.4115292741724431,25
486,2421,2422,1,1,0.7454417175812157,25
487,2422,2423,0,0,0.08193128062068991,25
488,2425,2426,0,0,0.4964949522931464,25
489,2426,2427,0,0,0.2948239076457728,25
490,2430,2431,1,0,0.2568148498848549,25
491,2432,2433,1,1,0.5176961780453908,25
492,2442,2443,0,0,0.03140485839527692,25
493,2443,2444,0,0,0.30437896496582434,25
494,2444,2445,0,0,0.2349480596676259,25
495,2453,2454,0,0,0.31949303906796617,25
496,2454,2455,0,0,3.911698665456568E-7,25
497,2457,2458,0,1,0.5470711694031227,25
498,2460,2461,0,0,2.494133712180198E-7,25
499,2465,2466,1,0,0.24419882700191609,25
500,2470,2471,1,1,0.6100394870204197,25
501,2471,2472,1,1,0.7381781271600425,25
502,2473,2474,0,0,0.13751809732539308,25
503,2478,2479,0,0,0.2322924848899903,25
504,2479,2480,0,0,0.1739794234105249,25
505,2481,2482,0,0,0.16009815808407674,25
506,2484,2485,0,0,0.44867098795293625,25
507,2489,2490,0,0,0.23687287458634304,25
508,2493,2494,0,0,0.10386072101818662,25
509,2494,2495,1,0,0.42256847377642986,25
510,2497,2498,0,0,0.12251725578772615,25
511,2503,2504,1,0,0.32609557986972854,25
512,2508,2509,0,0,0.030245411333958975,25
513,2522,2523,0,0,0.08034292042888998,25
514,2524,2525,0,0,0.15617352826196168,25
515,2535,2536,0,0,0.18205902580790023,25
516,2538,2539,0,0,0.07253963999708425,25
517,2543,2544,0,0,0.160318623759955,25
518,2544,2545,1,0,0.33882729801207057,25
519,2551,2552,0,0,0.10947360196561866,25
520,2552,2553,1,0,0.20531432307150613,25
521,2559,2560,0,0,0.1556768932391392,25
522,2562,2563,1,1,0.5629475973860628,25
523,2563,2564,0,0,0.24609265100128286,25
524,2565,2566,0,0,0.28009443466989975,25
525,2568,2569,0,0,0.4009806920479658,25
526,2573,2574,0,0,0.18352593967338698,25
527,2581,2582,0,0,0.22031097765643626,25
528,2584,2585,0,0,0.2522096944502653,25
529,2590,2591,0,0,0.10817800793999509,25
530,2593,2594,0,0,0.11827181597253353,25
531,2604,2605,0,0,0.20551594750711483,25
532,2607,2608,1,0,0.10763106028521703,25
533,2610,2611,0,0,2.949519567545558E-7,25
534,2615,2616,0,0,0.039288435832749685,25
535,2618,2619,0,0,0.09179135132585804,25
536,2631,2632,0,0,0.13838482827326323,25
537,2634,2635,1,0,0.0373914312463371,25
538,2638,2639,0,0,0.07804028735738458,25
539,2639,2640,0,0,0.11058081214729035,25
540,2642,2643,0,0,0.28679117834386725,25
541,2644,2645,1,0,0.4130723442493884,25
542,2655,2656,1,0,0.23998579214095964,25
543,2656,2657,1,0,0.43509172718534583,25
544,2660,2661,1,0,0.18793661902446615,25
545,2665,2666,0,0,0.14107659509011714,25
546,2669,2670,1,0,0.20833022217281336,25
547,2671,2672,1,0,0.31818035382701726,25
548,2674,2675,0,0,0.15624038415771047,25
549,2682,2683,0,0,0.13158541327464013,25
550,2686,2687,0,0,0.08458767034343202,25
551,2688,2689,1,0,0.13871356477433133,25
552,2697,2698,0,0,0.1568773538393812,25
553,2698,2699,0,0,0.10771015454635917,25
554,2701,2702,0,0,0.153505413432269,25
555,2702,2703,0,0,0.12400907785926642,25
556,2705,2706,0,0,0.12099522766542291,25
557,2706,2707,1,1,0.5560907171003261,25
558,2709,2710,0,0,0.07608010650287578,25
559,2710,2711,0,0,0.03752481599214315,25
560,2711,2712,0,0,0.17412576101424693,25
561,2712,2713,0,0,0.10550119100201388,25
562,2719,2720,0,0,0.2011051849715168,25
563,2723,2724,0,0,0.13156414261023744,25
564,2727,2728,0,0,0.15162621533075227,25
565,2731,2732,1,0,0.14030831051819395,25
566,2733,2734,0,0,0.3439818029407138,25
567,2746,2747,1,0,0.4661044045377129,25
568,2747,2748,0,0,0.03710398349545923,25
569,2751,2752,0,0,0.22006827360928044,25
570,2758,2759,0,0,0.18108659607167538,25
571,2766,2767,0,0,0.05812688419478473,25
572,2775,2776,0,0,0.25039332620596066,25
573,2776,2777,1,1,0.663208679271196,25
574,2777,2778,0,0,0.1895362658846361,25
575,2780,2781,1,0,0.09835401721411713,25
576,2793,2794,0,0,0.07800430887937906,25
577,2804,2805,0,0,0.2540006373101952,25
578,2807,2808,0,0,0.2983937362205383,25
579,2816,2817,0,0,0.17162108406422044,25
580,2820,2821,0,0,0.47991129518943143,25
581,2826,2827,0,0,5.370272296752085E-7,25
582,2827,2828,0,0,0.19280296302499056,25
583,2831,2832,0,0,0.1293487842927229,25
584,2833,2834,0,0,0.10195443606445288,25
585,2835,2836,1,1,0.6103911435787645,25
586,2836,2837,0,0,5.339881235151766E-7,25
587,2840,2841,0,0,0.08687782070065096,25
588,2854,2855,1,1,0.7318711454602409,25
589,2856,2857,0,0,0.23017915210065806,25
590,2859,2860,0,0,0.341180528312644,25
591,2866,2867,0,0,0.09214127260436819,25
592,2872,2873,0,0,0.2598947622072575,25
593,2884,2885,0,0,0.20259608311195756,25
594,2885,2886,0,0,0.2416934696329537,25
595,2901,2902,0,0,0.28965307075926744,25
596,2907,2908,1,0,0.14019573775215807,25
597,2908,2909,1,0,0.20210345625106127,25
598,2909,2910,0,0,0.11480459659809546,25
599,2918,2919,1,0,0.10235795016229372,25
600,2931,2932,0,0,0.3427274426362442,25
601,2936,2937,0,0,0.06592473995858493,25
602,2939,2940,0,0,2.834350077295693E-7,25
603,2945,2946,0,0,0.24185238885576785,25
604,2949,2950,0,0,0.036028975507625606,25
605,2951,2952,0,0,0.2036836930417591,25
606,2952,2953,0,0,0.36620724394627596,25
607,2966,2967,0,0,0.17299794735641275,25
608,2976,2977,1,0,0.31823383267216143,25
609,2989,2990,0,0,0.23775317385158445,25
610,2997,2998,0,0,0.28110241833912614,25
611,3003,3004,1,1,0.7886092557531038,25
612,3006,3007,0,0,0.08307929700701236,25
613,3009,3010,1,1,0.7136174787265458,25
614,3014,3015,0,0,7.110991409578921E-7,25
615,3030,3031,0,0,0.043776778295217485,25
616,3031,3032,0,0,0.31674312211472355,25
617,3034,3035,0,0,0.08624912845582593,25
618,3045,3046,0,0,0.25352237320285437,25
619,3048,3049,0,0,0.11663121759693688,25
620,3054,3055,1,0,0.31222968731838996,25
621,3057,3058,0,0,0.23728973164810932,25
622,3059,3060,0,0,0.1659224482552924,25
623,3060,3061,1,0,0.1606597981590503,25
624,3064,3065,0,0,0.09283874736740949,25
625,3068,3069,0,0,0.15937401992054545,25
626,3069,3070,0,0,0.4938221394189374,25
627,3073,3074,1,0,0.042260870934225335,25
628,3076,3077,1,0,0.12542030127552622,25
629,3084,3085,0,0,0.03173211930783068,25
630,3101,3102,0,0,0.15105914214589905,25
631,3112,3113,0,0,4.462005593572357E-7,25
632,3115,3116,0,0,0.3816831375301071,25
633,3117,3118,0,0,0.2817679934077775,25
634,3118,3119,0,0,0.03269593930021748,25
635,3119,3120,0,0,1.0385880865377351E-6,25
636,3121,3122,0,0,0.07230009552324648,25
637,3124,3125,0,0,0.1281875099813657,25
638,3128,3129,0,0,0.3503668340557282,25
639,3131,3132,0,0,0.0873793235842729,25
640,3136,3137,0,0,1.6892099507967561E-7,25
641,3140,3141,1,0,0.4854577329443728,25
642,3146,3147,0,0,0.12439845712711774,25
643,3151,3152,0,0,0.33089220038989653,25
644,3160,3161,0,0,0.17064275400158974,25
645,3169,3170,0,0,0.224786480482332,25
646,3172,3173,0,0,0.12465882007427072,25
647,3175,3176,0,0,0.10983475540109228,25
648,3179,3180,0,0,5.966613313465909E-7,25
649,3183,3184,0,0,0.1268184809719547,25
650,3188,3189,0,0,0.1243570564347293,25
651,3197,3198,0,0,0.03228146087889963,25
652,3198,3199,0,0,0.23173643708638192,25
653,3202,3203,0,0,0.03256043086719376,25
654,3206,3207,0,0,0.03706335224390129,25
655,3214,3215,0,0,0.18436311568911343,25
656,3236,3237,0,0,0.09768744386951334,25
657,3240,3241,0,0,0.17640901172470158,25
658,3241,3242,1,1,0.5617105363086876,25
659,3250,3251,0,0,6.205883268267731E-7,25
660,3253,3254,1,0,0.3246385380960612,25
661,3256,3257,1,1,0.5074773303355319,25
662,3258,3259,0,0,0.046238830880963665,25
663,3262,3263,0,0,0.1993573397757828,25
664,3264,3265,1,1,0.5294754976116826,25
665,3279,3280,0,0,0.12407173102308626,25
666,3283,3284,0,0,0.05614667262351848,25
667,3285,3286,0,0,1.9285288275373512E-6,25
668,3294,3295,0,0,3.345059375095826E-7,25
669,3298,3299,1,0,0.39003065606078297,25
670,3302,3303,1,1,0.6113235795734293,25
671,3303,3304,0,0,0.06680516851063666,25
672,3309,3310,0,0,0.2513701745933215,25
673,3319,3320,0,0,0.2847578044614179,25
674,3330,3331,0,0,0.30575207454818004,25
675,3331,3332,0,0,0.1022122839396596,25
676,3332,3333,1,0,0.3043791789059561,25
677,3339,3340,1,0,0.11364892194138207,25
678,3341,3342,0,0,0.1884274699462544,25
679,3343,3344,1,0,0.28236511829430233,25
680,3347,3348,0,0,0.07172512307676276,25
681,3348,3349,0,1,0.6597221494590063,25
682,3350,3351,1,1,0.6945506437069398,25
683,3361,3362,0,0,0.22535049774324353,25
684,3366,3367,0,0,0.19624070285914308,25
685,3370,3371,1,0,0.12262682731416855,25
686,3374,3375,0,0,0.03880944662271809,25
687,3383,3384,1,0,0.42518094287504066,25
688,3391,3392,0,0,0.034223985071669266,25
689,3397,3398,1,0,0.31797194020830954,25
690,3404,3405,0,0,0.16856773700349417,25
691,3405,3406,0,0,0.1195643810431728,25
692,3413,3414,1,0,0.47725277310752695,25
693,3422,3423,0,0,0.03361653804244074,25
694,3423,3424,1,0,0.07395204624179827,25
695,3424,3425,0,0,0.12344084157647177,25
696,3425,3426,0,0,0.07894756862782876,25
697,3431,3432,0,0,0.20951645238733435,25
698,3433,3434,0,0,1.1303345149689142E-7,25
699,3435,3436,0,0,0.2518718825853701,25
700,3441,3442,0,0,0.4454145409527158,25
701,3459,3460,1,0,0.037392321214776314,25
702,3463,3464,0,0,0.2227152972433489,25
703,3466,3467,0,0,0.20375695372312205,25
704,3468,3469,0,1,0.9451348488320847,25
705,3469,3470,0,0,0.03510947764046594,25
706,3475,3476,0,0,0.2657629352908264,25
707,3487,3488,0,0,0.1064065453175584,25
708,3491,3492,0,0,5.797043997771216E-7,25
709,3497,3498,0,0,0.07401223384206009,25
710,3501,3502,0,0,4.511184690506073E-7,25
711,3502,3503,0,0,0.03192308093310357,25
712,3512,3513,1,1,0.8048220039264476,25
713,3520,3521,0,0,0.46758274254933596,25
714,3523,3524,0,0,0.19216519336419,25
715,3530,3531,0,0,0.16102202533702847,25
716,3532,3533,0,0,0.03157082733496453,25
717,3536,3537,0,1,0.5303846232297152,25
718,3537,3538,1,1,0.7539431177776897,25
719,3538,3539,1,0,0.04381348875305101,25
720,3551,3552,0,0,0.11684644625843496,25
721,3555,3556,0,0,0.07257032624641716,25
722,3557,3558,0,0,0.16789858906985342,25
723,3560,3561,1,1,0.7693594122070643,25
724,3576,3577,0,0,7.148926621396581E-7,25
725,3582,3583,0,0,0.11151283558665373,25
726,3583,3584,1,1,0.7763470785387268,25
727,3584,3585,0,0,2.6287922499313647E-7,25
728,3589,3590,1,1,0.7347129936524531,25
729,3591,3592,0,0,0.1746104598257731,25
730,3593,3594,0,1,0.5843584526912209,25
731,3594,3595,1,0,0.18766387593985698,25
732,3610,3611,0,0,2.684968760407132E-7,25
733,3621,3622,0,0,1.7579443219224352E-7,25
734,3626,3627,0,0,0.20162666011274172,25
735,3632,3633,0,0,0.19252289181518098,25
736,3633,3634,1,0,0.03749912924567892,25
737,3645,3646,0,0,0.1296981547345164,25
738,3646,3647,0,0,0.15849910755895613,25
739,3650,3651,0,0,0.03921708886994115,25
740,3657,3658,0,0,0.07863687222554953,25
741,3662,3663,0,0,0.1433647581211912,25
742,3663,3664,1,1,0.7211488314632193,25
743,3668,3669,0,0,0.4008925256857437,25
744,3669,3670,0,0,0.2470072020788087,25
745,3671,3672,0,0,0.07957015010443351,25
746,3672,3673,1,0,0.19379209055518884,25
747,3675,3676,0,0,0.2540232002566381,25
748,3685,3686,0,0,0.08231872034225964,25
749,3689,3690,0,0,0.4061885410501478,25
750,3693,3694,0,0,0.0675447560760766,25
751,3696,3697,0,0,0.12056612174359498,25
752,3701,3702,0,0,0.07447022790315778,25
753,3718,3719,0,0,0.15973301441179424,25
754,3719,3720,0,1,0.5216444281214152,25
755,3720,3721,1,0,0.42475604094459407,25
756,3725,3726,0,0,0.48644998642995674,25
757,3728,3729,1,0,0.351253565648702,25
758,3744,3745,0,0,8.92401293942562E-7,25
759,3747,3748,0,0,0.19117988535765043,25
760,3754,3755,0,0,0.0810150903681595,25
761,3757,3758,1,0,0.2571030487615779,25
762,3758,3759,1,0,0.21358562033366513,25
763,3766,3767,1,1,0.7278966720916181,25
764,3776,3777,1,1,0.5715162499726916,25
765,3780,3781,0,0,0.035268673360228105,25
766,3790,3791,1,0,0.191795603354918,25
767,3791,3792,1,0,5.501970877789062E-7,25
768,3793,3794,0,0,0.19406936520374765,25
769,3803,3804,0,0,0.31396114971914685,25
770,3805,3806,0,0,0.4481728254750368,25
771,3807,3808,0,0,0.17012131420509422,25
772,3810,3811,0,0,0.1320416817598241,25
773,3813,3814,0,0,0.07772398968888329,25
774,3818,3819,0,0,0.19757301773263147,25
775,3823,3824,0,0,0.18383140395859215,25
776,3832,3833,1,0,0.31599365649112876,25
777,3833,3834,0,0,0.08134885872447328,25
778,3837,3838,0,0,0.20298975846412384,25
779,3842,3843,0,0,0.2240474946973112,25
780,3847,3848,0,0,0.12232659711508229,25
781,3852,3853,1,0,0.2183559671096584,25
782,3862,3863,0,0,0.1554469305131972,25
783,3864,3865,0,0,0.32084198670633257,25
784,3872,3873,0,1,0.7682434905650871,25
785,3873,3874,1,0,0.37234143842355744,25
786,3886,3887,0,0,0.08730995078790851,25
787,3894,3895,0,0,0.13252391502047564,25
788,3911,3912,0,0,0.34844033638042204,25
789,3912,3913,0,0,0.22021616188574017,25
790,3916,3917,1,1,0.6800673099802584,25
791,3926,3927,0,0,0.16534124556264845,25
792,3928,3929,0,0,0.09087140935994455,25
793,3930,3931,0,0,0.23091282908540883,25
794,3946,3947,0,0,0.13223862923220814,25
795,3951,3952,0,0,0.047189386157611195,25
796,3953,3954,0,0,0.15444625544597468,25
797,3961,3962,0,0,0.04229556800694361,25
798,3965,3966,0,0,4.231473050671299E-7,25
799,3968,3969,0,0,0.2739224049675158,25
800,3976,3977,0,1,0.7214873898410484,25
801,3980,3981,1,0,0.07371561608563787,25
802,3988,3989,0,0,0.04953195591699338,25
803,4007,4008,0,0,0.2969257142789216,25
804,4013,4014,1,1,0.8133753881046578,25
805,4018,4019,1,0,0.15875544287816287,25
806,4028,4029,0,0,0.15510406794299755,25
807,4034,4035,0,0,0.22173201793129305,25
808,4035,4036,0,0,4.066030764974256E-7,25
809,4038,4039,0,0,0.2593095169453403,25
810,4042,4043,0,0,0.15797194253975166,25
811,4048,4049,1,0,0.35105501132067024,25
812,4057,4058,0,0,0.18330346388080185,25
813,4060,4061,0,0,0.039843206362051006,25
814,4072,4073,0,0,0.06939113191934622,25
815,4078,4079,0,0,0.05702204197329929,25
816,4084,4085,0,1,0.6337310291355078,25
817,4090,4091,0,0,0.15802792097343718,25
818,4094,4095,0,0,0.16386475369142106,25
819,4103,4104,0,0,0.03765689252980865,25
820,4104,4105,1,0,0.4055295569117717,25
821,4110,4111,0,0,1.2106301286984698E-7,25
822,4141,4142,0,0,0.4367222238335675,25
823,4153,4154,0,0,0.08994579402555314,25
824,4154,4155,0,0,0.20213105163640832,25
825,4157,4158,0,0,0.07433993867450807,25
826,4165,4166,1,0,0.48352606676130466,25
827,4170,4171,0,0,0.07545027345589687,25
828,4186,4187,0,0,0.040178398396937265,25
829,4193,4194,0,1,0.5706559697214116,25
830,4194,4195,0,0,0.11891094545255168,25
831,4197,4198,0,0,5.143195076349279E-7,25
832,4201,4202,0,0,0.04109520320412131,25
833,4204,4205,0,0,0.15986365323671564,25
834,4208,4209,0,1,0.6202431368845874,25
835,4209,4210,0,0,0.10810646169688089,25
836,4215,4216,0,0,0.13066934778706896,25
837,4222,4223,0,0,0.2914677871128606,25
838,4226,4227,1,0,0.03658965539231235,25
839,4229,4230,1,0,0.32518696413729525,25
840,4240,4241,0,0,0.2195928680610262,25
841,4241,4242,0,0,0.11540174489214712,25
842,4243,4244,0,0,0.1701127556723259,25
843,4249,4250,0,0,0.11736195843938921,25
844,4252,4253,0,0,0.07598360117439092,25
845,4253,4254,0,0,0.1449096666809331,25
846,4255,4256,0,0,0.1964931093005075,25
847,4259,4260,1,0,0.3172727366167708,25
848,4261,4262,0,0,0.32700914822840965,25
849,4262,4263,1,1,0.5670650152525499,25
850,4265,4266,0,0,1.0458303680615226E-6,25
851,4269,4270,1,0,0.0819548025023942,25
852,4275,4276,1,0,0.3500537579557981,25
853,4276,4277,0,0,0.06624011065641372,25
854,4277,4278,1,0,0.17796271407758504,25
855,4286,4287,0,0,0.1844897709192222,25
856,4289,4290,0,0,0.1310496408135884,25
857,4304,4305,0,0,0.19191793151337838,25
858,4305,4306,0,0,0.023462637903055403,25
859,4310,4311,0,0,0.23839494662541377,25
860,4318,4319,0,0,0.14029336504449497,25
861,4324,4325,0,0,0.4367325230866211,25
862,4326,4327,0,0,0.35731540208243295,25
863,4331,4332,0,0,0.2815373221186634,25
864,4337,4338,0,0,0.07947982214358153,25
865,4338,4339,0,1,0.5041151927364744,25
866,4344,4345,0,0,0.057285471933810464,25
867,4348,4349,0,0,0.40371551530944855,25
868,4350,4351,1,0,0.3410245387173352,25
869,4351,4352,1,0,0.19498814171491063,25
870,4356,4357,0,0,0.07695216715013019,25
871,4357,4358,0,0,0.22522874284702524,25
872,4359,4360,0,0,0.11133906450440142,25
873,4366,4367,1,1,0.7143747833175684,25
874,4368,4369,1,0,0.12359617372282826,25
875,4372,4373,1,0,8.84944550246758E-7,25
876,4382,4383,1,0,0.12533080307013506,25
877,4384,4385,0,0,0.039493695300306844,25
878,4387,4388,1,0,0.46240731076560837,25
879,4392,4393,0,0,0.24424244654577024,25
880,4395,4396,0,0,0.15096056683800002,25
881,4397,4398,0,0,0.24237973982767,25
882,4398,4399,0,0,0.03833329451339478,25
883,4401,4402,0,0,0.11674018446531327,25
884,4409,4410,0,0,0.12328711910547988,25
885,4414,4415,0,0,0.040543387890307044,25
886,4415,4416,0,0,0.33009769748783807,25
887,4418,4419,0,0,0.11623588049504024,25
888,4419,4420,0,0,0.04624775771023834,25
889,4423,4424,0,0,0.22189730216137651,25
890,4430,4431,0,0,2.672821778213836E-7,25
891,4432,4433,0,1,0.8816448056255535,25
892,4433,4434,0,0,1.3404626245266077E-6,25
893,4436,4437,0,0,0.06288140742660886,25
894,4455,4456,0,0,0.4941089639886418,25
895,4462,4463,0,0,0.11830160784856424,25
896,4477,4478,0,0,0.08228505727891575,25
897,4487,4488,0,0,0.11952001193215893,25
898,4495,4496,0,0,3.723680645719637E-7,25
899,4501,4502,1,0,0.038124751121688984,25
900,4502,4503,1,1,0.5822081302317588,25
901,4510,4511,0,0,0.21397966140203012,25
902,4516,4517,0,0,0.32308382423000187,25
903,4527,4528,1,0,0.48853112786319935,25
904,4528,4529,0,0,0.449145808199736,25
905,4535,4536,1,0,0.1616465153480113,25
906,4536,4537,0,0,0.039272607164157675,25
907,4553,4554,0,0,0.15209696174155307,25
908,4554,4555,1,0,0.39315849827386073,25
909,4556,4557,0,0,0.48903069963706325,25
910,4557,4558,0,0,0.07180003239311239,25
911,4558,4559,1,0,0.18284235191397855,25
912,4559,4560,0,0,0.11886698174171631,25
913,4562,4563,0,0,0.19610918603051908,25
914,4565,4566,1,0,0.1916126212312269,25
915,4568,4569,0,0,0.10034506925478724,25
916,4573,4574,0,0,3.489171322800973E-7,25
917,4574,4575,1,0,0.2222662349005222,25
918,4580,4581,0,0,0.07050542035717687,25
919,4590,4591,1,0,0.37836713322922344,25
920,4594,4595,1,0,0.11429988099988383,25
921,4596,4597,1,0,0.10100036562935237,25
922,4603,4604,0,0,0.03869622066687872,25
923,4607,4608,0,0,1.1367734950348304E-6,25
924,4619,4620,0,0,0.19237383330743274,25
925,4623,4624,0,0,0.33044344763091216,25
926,4631,4632,0,0,0.20413036210594104,25
927,4635,4636,0,0,0.19973826101327474,25
928,4655,4656,0,0,0.2463970437161584,25
929,4657,4658,0,0,0.03634978427690782,25
930,4658,4659,0,0,0.14310049195645888,25
931,4659,4660,1,1,0.75874977828789,25
932,4660,4661,0,0,0.18980564436204408,25
933,4665,4666,0,0,0.07714720797158622,25
934,4671,4672,0,0,0.08677268068123106,25
935,4675,4676,0,0,1.2384856422113994E-7,25
936,4677,4678,0,0,0.25148060977882336,25
937,4678,4679,0,0,0.2668590593853304,25
938,4682,4683,0,0,0.041517677985863304,25
939,4689,4690,0,1,0.7207020319241738,25
940,4703,4704,1,0,0.28643798882035243,25
941,4705,4706,0,0,0.24104105821374838,25
942,4707,4708,1,1,0.7074124760268525,25
943,4709,4710,0,0,0.03934801941451159,25
944,4719,4720,0,1,0.5267999937774251,25
945,4730,4731,0,0,0.1202117702094137,25
946,4734,4735,0,0,8.624035538447686E-7,25
947,4745,4746,0,1,0.6651452234347197,25
948,4749,4750,0,0,0.3153280377505074,25
949,4751,4752,0,0,1.3679803181786234E-7,25
950,4761,4762,0,0,0.070319647620155,25
951,4762,4763,1,1,0.6387558817391809,25
952,4765,4766,0,0,0.03644420047024249,25
953,4766,4767,0,0,0.11230739431145342,25
954,4769,4770,1,1,0.5403256363833727,25
955,4771,4772,0,0,0.12358478141474406,25
956,4775,4776,0,0,0.23685047347038912,25
957,4783,4784,0,0,0.27598375994678004,25
958,4785,4786,0,0,0.03840418715454527,25
959,4792,4793,0,0,0.16588209498460962,25
960,4799,4800,0,0,0.1631442061065961,25
961,4804,4805,0,0,0.03950649575366073,25
962,4807,4808,0,0,0.10757463579804703,25
963,4813,4814,0,0,2.0673344398360168E-7,25
964,4815,4816,0,0,0.28095191376901824,25
965,4819,4820,0,0,0.07772663919985058,25
966,4821,4822,0,0,0.0725795647069815,25
967,4825,4826,0,0,0.07783593787812465,25
968,4827,4828,0,0,0.19649201495773314,25
969,4829,4830,0,0,0.027826975154338934,25
970,4830,4831,0,0,0.039882982477710896,25
971,4831,4832,1,0,0.14804777839791264,25
972,4840,4841,1,1,0.5874535513590003,25
973,4860,4861,1,1,0.8519248176143066,25
974,4862,4863,1,1,0.7879946258594515,25
975,4863,4864,1,0,0.031623541047945514,25
976,4871,4872,0,0,0.14627498603200723,25
977,4877,4878,0,0,0.06442700680901677,25
978,4884,4885,1,0,0.45686108466416825,25
979,4886,4887,0,0,0.11883979327337324,25
980,4889,4890,0,0,0.22035656971220238,25
981,4891,4892,0,0,0.1438131177154181,25
982,4892,4893,0,0,0.2367631203640076,25
983,4895,4896,0,0,0.07879196999234334,25
984,4897,4898,0,0,0.20839854860545198,25
985,4900,4901,1,0,0.10256076996079219,25
986,4901,4902,0,0,0.1483970763799821,25
987,4904,4905,0,0,0.0815096450540724,25
988,4906,4907,0,0,0.28120840387814827,25
989,4914,4915,0,1,0.710466314828622,25
990,4918,4919,0,0,0.0381876897372824,25
991,4920,4921,0,0,0.3069882501876004,25
992,4922,4923,0,0,0.2543711985460483,25
993,4932,4933,0,0,0.10158625550869475,25
994,4934,4935,0,1,0.6517183566759801,25
995,4942,4943,0,0,0.17518804199941013,25
996,4943,4944,0,0,0.21314663880537638,25
997,4955,4956,1,0,0.10460562562625474,25
998,4957,4958,1,0,0.358261313550209,25
999,4963,4964,0,0,0.15931328440987105,25
1000,4964,4965,0,0,0.03812152844032733,25
1001,4966,4967,0,0,0.23338585430009823,25
1002,4969,4970,0,0,0.16987794247424975,25
1003,4972,4973,0,0,0.23546223396162536,25
1004,4992,4993,1,1,0.8040673382752432,25
1005,4996,4997,0,0,0.11284633702046624,25
1006,4997,4998,1,0,0.03596608001778422,25
1007,5000,5001,0,1,0.5372940527790295,25
1008,5001,5002,1,0,1.1408079671460388E-6,25
1009,5008,5009,0,0,0.12324530384053034,25
1010,5011,5012,1,0,0.08678002159932531,25
1011,5015,5016,0,0,0.20027647653234254,25
1012,5020,5021,0,0,3.011744917361833E-7,25
1013,5022,5023,0,0,0.23989526358340343,25
1014,5024,5025,0,0,0.11179479407361079,25
1015,5034,5035,1,0,0.07205513688543871,25
1016,5036,5037,0,0,0.3614459334936233,25
1017,5043,5044,0,0,0.077695007736084,25
1018,5048,5049,1,1,0.6304390993951912,25
1019,5052,5053,0,0,0.03759059911002127,25
1020,5056,5057,1,1,0.6702714213805615,25
1021,5062,5063,0,0,0.301651085331713,25
1022,5064,5065,1,0,0.33087333172281863,25
1023,5088,5089,0,0,0.12330190925718224,25
1024,5098,5099,0,0,1.841801907688029E-7,25
1025,5100,5101,0,0,0.257992058921891,25
1026,5103,5104,0,0,0.2536024220222718,25
1027,5105,5106,0,0,0.2429450394653349,25
1028,5113,5114,1,1,0.7246598695509553,25
1029,5120,5121,0,0,0.16637670826278553,25
1030,5121,5122,1,0,0.3666996425937856,25
1031,5127,5128,0,0,0.18472355126264467,25
1032,5140,5141,0,0,0.04030253059593804,25
1033,5142,5143,0,0,0.0773106413793764,25
1034,5147,5148,1,1,0.5662910964035879,25
1035,5148,5149,1,0,0.4870745875927798,25
1036,5159,5160,0,0,0.0867699562710555,25
1037,5166,5167,0,0,0.06185556850888626,25
1038,5170,5171,0,0,0.35716576667797645,25
1039,5172,5173,0,0,0.1256647443612627,25
1040,5174,5175,0,0,0.041716403598755426,25
1041,5177,5178,1,1,0.7091793453932616,25
1042,5182,5183,0,0,0.1137111944205619,25
1043,5192,5193,0,0,0.13626447600644528,25
1044,5248,5249,1,0,0.14939305688599538,25
1045,5250,5251,0,0,0.1293514806209693,25
1046,5253,5254,0,0,0.12867302567712594,25
1047,5260,5261,1,1,0.6607775695002536,25
1048,5261,5262,0,0,0.22166615001104156,25
1049,5263,5264,0,0,0.0385144982527866,25
1050,5283,5284,0,0,0.24384274375133463,25
1051,5284,5285,1,1,0.8158444041046976,25
1052,5285,5286,0,0,0.06660186284905728,25
1053,5286,5287,1,0,0.0389073040215665,25
1054,5287,5288,0,0,0.07708254753948729,25
1055,5292,5293,0,0,0.07071456782612387,25
1056,5296,5297,0,0,0.11647419391498184,25
1057,5311,5312,0,0,0.25993786142634734,25
1058,5313,5314,0,0,0.27843534866215225,25
1059,5314,5315,0,0,0.15347579755502339,25
1060,5315,5316,0,0,2.4259530039688974E-7,25
1061,5320,5321,0,0,0.09364598050727453,25
1062,5324,5325,0,0,0.2470048204035376,25
1063,5327,5328,0,0,0.03519626077804407,25
1064,5328,5329,0,0,0.3243898375256351,25
1065,5343,5344,0,0,0.3042204920783489,25
1066,5349,5350,1,1,0.6020586063325091,25
1067,5352,5353,0,0,0.4832390358183225,25
1068,5355,5356,0,0,0.16738121733077768,25
1069,5359,5360,0,0,0.04835051657334275,25
1070,5360,5361,0,0,0.03353423972283505,25
1071,5361,5362,0,0,0.08068483313919608,25
1072,5366,5367,0,0,0.34589693439320973,25
1073,5378,5379,0,0,0.20108968137313055,25
1074,5391,5392,0,0,0.10925799703186354,25
1075,5404,5405,1,1,0.6077106423666796,25
1076,5408,5409,0,0,0.12737315059097978,25
1077,5412,5413,0,0,0.24968433824073688,25
1078,5413,5414,0,0,0.11882647979962087,25
1079,5414,5415,0,0,0.028282594401115566,25
1080,5422,5423,1,0,0.12097311388257978,25
1081,5437,5438,0,0,3.5269141572636497E-7,25
1082,5439,5440,0,1,0.7930684748091619,25
1083,5441,5442,0,0,0.0703869357089502,25
1084,5449,5450,0,0,0.1938396173671076,25
1085,5459,5460,0,0,2.2712425807596897E-6,25
1086,5461,5462,0,0,0.14007741793773668,25
1087,5465,5466,0,0,0.3777197596582912,25
1088,5477,5478,0,0,1.541123522637241E-7,25
1089,5492,5493,0,0,0.3723373705330271,25
1090,5499,5500,0,0,0.08015680787594857,25
1091,5504,5505,0,0,0.08938048624991343,25
1092,5516,5517,0,1,0.7660731885832011,25
1093,5519,5520,0,0,0.2707853038854191,25
1094,5531,5532,0,0,0.14700838017185905,25
1095,5546,5547,0,0,0.11773604992429867,25
1096,5552,5553,0,0,0.2567208790804663,25
1097,5553,5554,0,0,0.23281657149614982,25
1098,5556,5557,0,0,0.23603457529411764,25
1099,5564,5565,1,0,0.035089325978755956,25
1100,5573,5574,0,0,0.046735056360966996,25
1101,5576,5577,1,0,0.14742176453993852,25
1102,5588,5589,0,0,0.11774941192957965,25
1103,5589,5590,0,0,0.03965864670699392,25
1104,5591,5592,0,0,0.24342543670856945,25
1105,5592,5593,0,1,0.885475844143121,25
1106,5594,5595,0,0,0.4249688636631628,25
1107,5603,5604,0,0,0.04138596343507438,25
1108,5613,5614,0,0,0.3319639025691343,25
1109,5615,5616,0,0,1.1225106057255029E-6,25
1110,5624,5625,0,0,0.077625194399922,25
1111,5625,5626,0,0,0.19551639096183326,25
1112,5626,5627,1,0,0.45762459100927866,25
1113,5633,5634,0,0,0.148553526570409,25
1114,5643,5644,0,0,0.24557615696221155,25
1115,5667,5668,0,0,8.067204742485497E-7,25
1116,5670,5671,0,0,0.18426744043170923,25
1117,5675,5676,0,0,0.11763607025908905,25
1118,5676,5677,0,0,0.09608909423128378,25
1119,5677,5678,0,0,0.07605967850894112,25
1120,5679,5680,0,0,0.07572348150736455,25
1121,5684,5685,0,0,0.2044655674336043,25
1122,5687,5688,0,0,0.11897953327774563,25
1123,5691,5692,0,0,0.11381976526023664,25
1124,5693,5694,0,0,0.2368594126621779,25
1125,5703,5704,0,0,0.08322893859066424,25
1126,5706,5707,0,0,0.07729528481157384,25
1127,5713,5714,0,1,0.7408666881331054,25
1128,5716,5717,0,0,0.03199921554800887,25
1129,5722,5723,0,0,0.12186768514701996,25
1130,5729,5730,0,0,0.19878750640083,25
1131,5738,5739,1,1,0.527686541876035,25
1132,5740,5741,0,0,0.15567186065443048,25
1133,5744,5745,0,0,0.031011710635270546,25
1134,5749,5750,0,0,0.2567553529577818,25
1135,5750,5751,1,1,0.7521035306617189,25
1136,5760,5761,0,0,0.14593722889281102,25
1137,5761,5762,0,0,0.4159358243749812,25
1138,5762,5763,0,0,0.2894748558576697,25
1139,5763,5764,0,0,0.27331404837288203,25
1140,5764,5765,0,0,0.15491375834417526,25
1141,5766,5767,0,0,0.14301291936918617,25
1142,5768,5769,0,0,0.11767241748189959,25
1143,5777,5778,0,0,0.1830682931633742,25
1144,5786,5787,1,1,0.5967921573416949,25
1145,5789,5790,0,0,0.19617415855214765,25
1146,5795,5796,0,0,1.549040410857061E-7,25
1147,5802,5803,0,0,0.17243394383389696,25
1148,5804,5805,0,0,0.14058187864884691,25
1149,5813,5814,0,0,0.35574964685991334,25
1150,5822,5823,0,0,0.15116438504995455,25
1151,5823,5824,0,0,0.0810530168063344,25
1152,5827,5828,1,0,0.04279750777533907,25
1153,5839,5840,0,0,0.062155193308300175,25
1154,5841,5842,0,0,0.04108667513107281,25
1155,5843,5844,0,0,0.09556174894155091,25
1156,5851,5852,0,0,0.23930593892771115,25
1157,5866,5867,0,0,0.09647691067015944,25
1158,5872,5873,0,0,0.1090876187820032,25
1159,5875,5876,1,0,0.1975593559866321,25
1160,5887,5888,0,0,3.147338829847863E-7,25
1161,5893,5894,0,0,0.18474079920316921,25
1162,5908,5909,0,0,0.06536698656050477,25
1163,5909,5910,0,0,0.10928151189204842,25
1164,5913,5914,0,0,0.09273400685088982,25
1165,5914,5915,0,0,0.11438518166813405,25
1166,5921,5922,0,0,0.26641464145541316,25
1167,5929,5930,0,0,0.06088720917430134,25
1168,5931,5932,0,0,2.5788513859227813E-7,25
1169,5935,5936,0,0,0.11165374871910734,25
1170,5940,5941,0,0,0.11884844196762173,25
1171,5945,5946,0,0,0.15718532766084747,25
1172,5946,5947,1,0,0.1592903306663116,25
1173,5948,5949,0,0,0.038855274604163555,25
1174,5954,5955,0,0,0.0695839044477828,25
1175,5956,5957,0,0,0.1338906003513336,25
1176,5958,5959,0,0,0.12326938641787737,25
1177,5964,5965,0,0,0.08494164258655225,25
1178,5968,5969,0,0,0.16115940451864802,25
1179,5971,5972,1,0,0.11164239675828411,25
1180,5975,5976,0,0,0.0758575796285775,25
1181,5978,5979,0,0,0.17240874380290971,25
1182,5980,5981,0,0,0.18783226129753555,25
1183,5984,5985,0,0,0.11288875941453241,25
1184,5986,5987,1,0,0.10959318383033971,25
1185,5987,5988,1,0,0.1967144619427885,25
1186,5988,5989,0,0,0.1896922736143035,25
1187,6012,6013,1,0,0.18580337389505128,25
1188,6013,6014,0,0,0.28204588345963577,25
1189,6023,6024,0,0,0.036473353374961034,25
1190,6025,6026,1,0,0.11844747186810452,25
1191,6037,6038,0,0,0.18190226379810817,25
1192,6046,6047,0,0,3.275703475056777E-7,25
1193,6059,6060,0,0,0.23947883995240046,25
1194,6060,6061,0,0,0.22191284426493468,25
1195,6061,6062,0,1,0.6743431505630718,25
1196,6065,6066,0,1,0.6955932422994896,25
1197,6067,6068,0,0,0.06254572529195783,25
1198,6068,6069,0,0,0.08360359264227232,25
1199,6069,6070,0,0,0.03686922980197548,25
1200,6072,6073,1,0,0.44371757785151716,25
1201,6076,6077,1,0,0.3210477339196102,25
1202,6085,6086,1,0,0.41927252647579916,25
1203,6089,6090,0,1,0.6942036750842846,25
1204,6094,6095,1,0,0.18434808035735573,25
1205,6102,6103,0,0,0.03914079917888033,25
1206,6106,6107,0,1,0.8039258910789611,25
1207,6109,6110,0,0,0.08673176120507593,25
1208,6118,6119,0,0,0.19830395420639377,25
1209,6119,6120,1,1,0.7666648942943737,25
1210,6129,6130,1,0,0.2942165913967929,25
1211,6133,6134,0,0,0.12618664298691254,25
1212,6135,6136,0,0,1.718300154104333E-7,25
1213,6140,6141,0,0,0.20634637549712476,25
1214,6151,6152,0,0,0.11601823799056145,25
1215,6155,6156,1,0,0.32441607433119257,25
1216,6160,6161,1,0,0.10959614630987755,25
1217,6161,6162,0,0,6.795678638869676E-7,25
1218,6162,6163,0,0,0.22319921218003513,25
1219,6165,6166,0,0,0.1161098758534855,25
1220,6167,6168,0,0,0.036964957881974646,25
1221,6173,6174,0,0,0.20540815194619924,25
1222,6175,6176,0,0,0.48374148776265835,25
1223,6177,6178,1,0,0.09679766784508581,25
1224,6178,6179,0,0,0.04074648475385495,25
1225,6185,6186,0,0,0.11626478510840564,25
1226,6198,6199,0,0,0.397031854415608,25
1227,6201,6202,1,0,0.23662294724377048,25
1228,6211,6212,0,0,0.2532766881119698,25
1229,6215,6216,0,0,0.47508447065585,25
1230,6217,6218,0,0,0.44096824220722425,25
1231,6222,6223,0,0,0.2017553065940277,25
1232,6227,6228,0,0,0.2349925201987048,25
1233,6228,6229,1,0,0.16357576091067505,25
1234,6236,6237,0,0,0.07554302595988173,25
1235,6237,6238,1,0,0.03942772157900145,25
1236,6239,6240,0,0,4.7140712907149416E-7,25
1237,6241,6242,0,0,0.07644085974553146,25
1238,6243,6244,0,0,0.18900280092745883,25
1239,6244,6245,0,0,1.2363972984189674E-6,25
1240,6251,6252,1,0,0.1953207824774946,25
1241,6261,6262,0,0,0.038981618700727354,25
1242,6263,6264,0,0,0.1313016954563063,25
1243,6271,6272,1,1,0.8375655738439447,25
1244,6272,6273,0,0,0.20092962192375763,25
1245,6276,6277,0,0,0.2766235503768014,25
1246,6284,6285,0,0,0.03682735617522473,25
1247,6287,6288,0,0,0.042863691877974536,25
1248,6304,6305,1,0,0.16136279105535542,25
1249,6306,6307,0,0,0.03633581026325878,25
1250,6308,6309,0,0,0.1556494475098507,25
1251,6314,6315,0,0,0.11893382680489868,25
1252,6315,6316,1,0,0.3522613528096539,25
1253,6319,6320,0,0,0.3088078347806346,25
1254,6328,6329,0,0,5.412057135938106E-7,25
1255,6334,6335,1,1,0.6928415081679073,25
1256,6335,6336,0,0,2.923752750810903E-7,25
1257,6337,6338,0,0,0.4791785193089533,25
1258,6341,6342,0,1,0.796443334417733,25
1259,6347,6348,0,0,0.23465098223894698,25
1260,6351,6352,1,0,0.3525666381944248,25
1261,6352,6353,0,1,0.5184429204919159,25
1262,6353,6354,0,0,0.3339870427477071,25
1263,6354,6355,0,0,0.33626235198287535,25
1264,6355,6356,0,0,0.06756890957710501,25
1265,6366,6367,1,0,0.36636144826669154,25
1266,6370,6371,0,1,0.6314106221904647,25
1267,6373,6374,1,1,0.5640651957932875,25
1268,6374,6375,0,0,0.03692971068401393,25
1269,6382,6383,0,1,0.596801091268682,25
1270,6385,6386,0,0,0.0817659945630171,25
1271,6386,6387,1,1,0.6993763450623963,25
1272,6390,6391,0,0,0.03734745153195267,25
1273,6395,6396,1,0,0.3071780780423949,25
1274,6397,6398,0,0,0.07738633734918036,25
1275,6403,6404,1,0,3.879972488656232E-7,25
1276,6411,6412,0,0,0.3571584728174053,25
1277,6414,6415,0,0,0.36271171519552325,25
1278,6423,6424,0,0,5.167510666824646E-7,25
1279,6425,6426,0,0,0.11296847818189532,25
1280,6427,6428,0,0,0.06498261087960228,25
1281,6430,6431,0,0,0.1538816265918425,25
1282,6436,6437,0,0,0.20099305577498972,25
1283,6442,6443,0,0,0.29808895349641157,25
1284,6450,6451,0,0,0.2062995528638367,25
1285,6451,6452,0,0,0.03710097969209525,25
1286,6455,6456,0,1,0.66680124221152,25
1287,6463,6464,0,0,0.19610278967749306,25
1288,6470,6471,0,0,0.31919466910056776,25
1289,6473,6474,0,0,0.16405838134963804,25
1290,6486,6487,1,1,0.8438041896230197,25
1291,6489,6490,1,0,0.08485925191455829,25
1292,6491,6492,0,0,0.32258284500816115,25
1293,6493,6494,0,0,0.40793134046144525,25
1294,6495,6496,0,0,0.15685776731861323,25
1295,6496,6497,0,0,0.18280517917297626,25
1296,6497,6498,0,0,0.13767322376086083,25
1297,6498,6499,0,0,0.03721857544915931,25
1298,6514,6515,1,0,0.15822868675192095,25
1299,6515,6516,1,0,0.031703326429991074,25
1300,6523,6524,0,0,0.24851118290672228,25
1301,6524,6525,0,0,0.24503243690451795,25
1302,6525,6526,0,0,0.04011468671721951,25
1303,6529,6530,0,0,0.21970077639863606,25
1304,6536,6537,0,0,0.2684297694963881,25
1305,6537,6538,0,0,0.11856218558717861,25
1306,6547,6548,0,0,0.038476940428095144,25
1307,6554,6555,0,0,0.07645389740573252,25
1308,6559,6560,1,0,2.191729330317346E-7,25
1309,6563,6564,0,0,0.03637766683960879,25
1310,6564,6565,0,0,0.11515977801344991,25
1311,6565,6566,0,0,0.08991871862493576,25
1312,6569,6570,1,1,0.6318300462410724,25
1313,6571,6572,0,0,0.10842360687211293,25
1314,6572,6573,0,0,0.06677989618533109,25
1315,6582,6583,1,1,0.8174941373797406,25
1316,6586,6587,0,0,0.0811142503268158,25
1317,6589,6590,0,0,0.08232107383806067,25
1318,6591,6592,0,1,0.518886787414215,25
1319,6593,6594,0,0,0.25001178369708926,25
1320,6599,6600,0,0,0.0751629671367069,25
1321,6603,6604,0,0,0.06751207861950188,25
1322,6608,6609,0,0,0.1437789496522256,25
1323,6621,6622,1,1,0.5965392393948529,25
1324,6633,6634,0,0,0.036982180552029405,25
1325,6653,6654,1,0,0.14173406529552846,25
1326,6654,6655,1,0,0.37672586902935745,25
1327,6655,6656,0,0,0.07910408446131241,25
1328,6656,6657,0,0,0.21775166536383533,25
1329,6657,6658,0,0,0.39395844748799885,25
1330,6665,6666,0,0,0.3728161609994365,25
1331,6670,6671,0,0,0.11493177514280134,25
1332,6678,6679,1,0,0.12828214406162927,25
1333,6694,6695,0,0,0.24303663095969563,25
1334,6699,6700,0,0,0.3468209303913257,25
1335,6711,6712,0,0,0.07431700000659396,25
1336,6717,6718,1,0,0.1688784306060693,25
1337,6722,6723,0,0,1.5863859563112277E-6,25
1338,6724,6725,0,0,0.19464269953808258,25
1339,6729,6730,1,1,0.5059237790517197,25
1340,6731,6732,0,0,0.15857642321601212,25
1341,6732,6733,0,0,0.03370335720209759,25
1342,6734,6735,0,0,0.08125204800789379,25
1343,6736,6737,0,0,0.033361251330602845,25
1344,6737,6738,0,0,0.15460495707994873,25
1345,6738,6739,1,0,0.4579880469581522,25
1346,6744,6745,1,1,0.5295307626961272,25
1347,6745,6746,0,0,2.484973033414444E-7,25
1348,6747,6748,0,0,0.21452926706535386,25
1349,6750,6751,1,1,0.6640817067617167,25
1350,6751,6752,1,0,0.11667385149626003,25
1351,6752,6753,1,1,0.7713688267943197,25
1352,6759,6760,0,0,0.19533272345953445,25
1353,6761,6762,0,0,0.16046190222632314,25
1354,6781,6782,0,0,0.11786640262094604,25
1355,6789,6790,0,0,0.1533868862510183,25
1356,6791,6792,0,0,0.07495032743235581,25
1357,6793,6794,0,0,0.03879879666306752,25
1358,6803,6804,0,0,0.07495320749440124,25
1359,6808,6809,0,0,0.0716464820983896,25
1360,6810,6811,0,0,0.040371071750761954,25
1361,6816,6817,0,0,9.305094341954658E-7,25
1362,6819,6820,0,0,0.027055454585275432,25
1363,6821,6822,0,0,0.2513542853437502,25
1364,6834,6835,0,0,9.294760429808748E-8,25
1365,6835,6836,0,0,0.4428146786116534,25
1366,6849,6850,0,0,0.05199468624749324,25
1367,6853,6854,1,0,0.05065947978547039,25
1368,6857,6858,1,0,0.16176304538136035,25
1369,6858,6859,0,0,0.10654759129509919,25
1370,6867,6868,0,0,0.3012337232897376,25
1371,6872,6873,0,0,0.20017554444928287,25
1372,6875,6876,1,1,0.7139528367644477,25
1373,6882,6883,0,0,0.07479041349705993,25
1374,6894,6895,1,1,0.9044670328706546,25
1375,6898,6899,0,0,0.15618767373126702,25
1376,6902,6903,0,0,0.1933901613598577,25
1377,6907,6908,0,0,0.1560299458010071,25
1378,6908,6909,0,0,0.31834521190242315,25
1379,6920,6921,1,0,0.12076806159074395,25
1380,6928,6929,0,0,0.08146919698638842,25
1381,6933,6934,0,0,0.18313900752881823,25
1382,6938,6939,0,0,0.4850512492152674,25
1383,6942,6943,1,0,0.26021497566053714,25
1384,6946,6947,1,0,0.19638942828185177,25
1385,6951,6952,1,1,0.5907887443038009,25
1386,6959,6960,0,0,0.033822348599348344,25
1387,6961,6962,0,1,0.6708083730427332,25
1388,6969,6970,0,0,0.2771353347097049,25
1389,6977,6978,0,0,0.04276174124206764,25
1390,6985,6986,0,0,0.08866899481430131,25
1391,6988,6989,1,0,0.39910130791170234,25
1392,6989,6990,0,0,0.4120581712716785,25
1393,6990,6991,0,0,0.42799945488152746,25
1394,6992,6993,0,0,0.31309226787324523,25
1395,6995,6996,1,0,0.3213995161640493,25
1396,6997,6998,0,0,0.222016846828924,25
1397,7001,7002,0,0,0.23316687893985957,25
1398,7002,7003,0,1,0.8381606579838748,25
1399,7004,7005,0,0,0.2517037760535757,25
1400,7006,7007,0,0,0.1304440310366472,25
1401,7007,7008,0,0,4.225702062051306E-7,25
1402,7009,7010,0,0,0.16938876105072334,25
1403,7010,7011,0,0,0.21717962733053814,25
1404,7017,7018,0,0,0.2686018339055186,25
1405,7023,7024,0,0,0.14838444414470783,25
1406,7024,7025,0,0,0.056693523399743366,25
1407,7032,7033,0,0,0.1552153103192738,25
1408,7038,7039,0,0,0.4497493650250036,25
1409,7039,7040,0,0,0.11580858226677372,25
1410,7045,7046,0,0,6.327909114503196E-7,25
1411,7048,7049,1,0,0.47887765509040336,25
1412,7054,7055,0,0,9.648136136448773E-8,25
1413,7058,7059,0,0,0.2060604608695722,25
1414,7060,7061,0,0,0.29722076126191566,25
1415,7067,7068,0,1,0.6886399244918402,25
1416,7070,7071,1,0,0.3439895265627974,25
1417,7072,7073,0,0,0.1880040182253111,25
1418,7088,7089,0,0,0.04807145336867738,25
1419,7090,7091,0,0,0.1010528900291829,25
1420,7091,7092,1,0,0.04106160746533095,25
1421,7092,7093,1,0,0.04678272094617746,25
1422,7094,7095,1,0,0.10116636340389276,25
1423,7103,7104,0,0,0.03952531075335031,25
1424,7114,7115,0,0,0.03576742886199176,25
1425,7121,7122,0,0,0.035196456444801086,25
1426,7122,7123,1,0,0.45484145356418115,25
1427,7126,7127,0,0,0.13606728254307654,25
1428,7131,7132,0,0,0.19386631970406093,25
1429,7132,7133,1,0,0.2853157362435415,25
1430,7138,7139,0,0,0.1383181984244869,25
1431,7143,7144,1,0,0.16395680825459855,25
1432,7146,7147,0,0,0.1225159070697175,25
1433,7153,7154,0,0,0.2116882487859924,25
1434,7154,7155,1,1,0.6287839220488224,25
1435,7156,7157,0,0,0.27641862926582395,25
1436,7161,7162,1,0,0.1836008597904446,25
1437,7162,7163,0,1,0.7432027564892313,25
1438,7167,7168,0,0,0.22964023170544934,25
1439,7169,7170,1,0,0.18835634213849253,25
1440,7171,7172,0,0,0.12343842766088604,25
1441,7174,7175,0,1,0.6696423262258404,25
1442,7187,7188,0,1,0.5105422693708465,25
1443,7190,7191,0,0,0.12117054547417862,25
1444,7194,7195,0,0,0.11639142918784573,25
1445,7195,7196,1,0,0.10822037022338593,25
1446,7197,7198,0,0,0.03279604574909384,25
1447,7206,7207,0,0,0.2756046494207753,25
1448,7231,7232,0,0,0.10288748515901476,25
1449,7232,7233,0,0,0.29781378962904204,25
1450,7235,7236,0,0,0.24109644612301484,25
1451,7240,7241,0,0,1.6998853059241518E-7,25
1452,7242,7243,0,0,0.1161210642934456,25
1453,7246,7247,0,0,0.1897300546573801,25
1454,7254,7255,0,0,0.27564062382433835,25
1455,7255,7256,0,0,0.041225743341317685,25
1456,7257,7258,1,0,0.20802320343154165,25
1457,7259,7260,0,0,0.0844264563298849,25
1458,7265,7266,1,0,0.43768035474379446,25
1459,7268,7269,0,1,0.6303173210945052,25
1460,7269,7270,0,0,0.15588923664865165,25
1461,7282,7283,0,0,0.09197611246333653,25
1462,7284,7285,0,0,0.2891478213186481,25
1463,7288,7289,0,0,0.09971396830371602,25
1464,7289,7290,0,0,0.18933643965523456,25
1465,7297,7298,0,0,0.18140409391696727,25
1466,7298,7299,0,0,3.6172226073259285E-7,25
1467,7304,7305,0,0,0.03329322958469238,25
1468,7313,7314,1,0,0.08583251842587748,25
1469,7314,7315,1,0,0.16244987175157843,25
1470,7316,7317,1,0,0.08920601827865161,25
1471,7319,7320,1,1,0.8841745225732753,25
1472,7321,7322,0,0,0.038083170601049286,25
1473,7326,7327,0,0,0.16432348111189174,25
1474,7332,7333,0,0,0.11310871165425647,25
1475,7333,7334,0,0,0.19351965421811693,25
1476,7341,7342,0,0,0.11249777987460197,25
1477,7346,7347,0,0,0.21555311537331745,25
1478,7353,7354,0,0,0.2360611247380915,25
1479,7358,7359,0,0,0.08513584629730654,25
1480,7369,7370,0,0,0.3327822000398836,25
1481,7372,7373,0,0,0.11613148080293136,25
1482,7374,7375,1,0,0.11713945621672883,25
1483,7376,7377,0,0,0.43578035722251146,25
1484,7390,7391,0,0,0.23969840037313658,25
1485,7393,7394,0,0,0.10814298392760514,25
1486,7400,7401,0,0,0.10482683405063002,25
1487,7401,7402,0,0,0.14131068082607975,25
1488,7402,7403,1,0,0.19857794294460226,25
1489,7404,7405,1,0,0.06341634647925679,25
1490,7410,7411,0,0,0.11510565452935531,25
1491,7412,7413,0,0,0.3814531368893826,25
1492,7416,7417,0,1,0.5796008692117777,25
1493,7418,7419,0,0,0.19426661598731662,25
1494,7420,7421,0,0,0.31397837794149475,25
1495,7433,7434,1,0,0.1100002307697768,25
1496,7436,7437,1,1,0.809716860844334,25
1497,7438,7439,0,0,0.15057921919328326,25
1498,7441,7442,0,0,0.18503951369328892,25
1499,7444,7445,0,0,0.18548313408366512,25
1500,7448,7449,0,0,0.07993625593863482,25
1501,7453,7454,0,0,0.21997310197303488,25
1502,7460,7461,0,0,0.0782259970947542,25
1503,7463,7464,0,0,0.05907236306253258,25
1504,7466,7467,0,0,0.07426084509175342,25
1505,7471,7472,0,0,0.043991260112842746,25
1506,7476,7477,1,0,0.19863290980414955,25
1507,7477,7478,0,0,0.1646912644699594,25
1508,7487,7488,0,0,0.07487593546459886,25
1509,7489,7490,0,0,0.2683894952551721,25
1510,7498,7499,0,0,0.0834033886644749,25
1511,7505,7506,1,0,0.4505936585891315,25
1512,7511,7512,0,0,0.22895585427545825,25
1513,7516,7517,0,0,0.3571008441504794,25
1514,7517,7518,0,0,0.17047496379310406,25
1515,7527,7528,0,0,0.4523077139060775,25
1516,7530,7531,1,1,0.7243877437062726,25
1517,7533,7534,0,0,0.3302179784240535,25
1518,7536,7537,1,0,3.41314165719503E-7,25
1519,7540,7541,0,0,0.07584638411916114,25
1520,7542,7543,1,0,0.31798304424724,25
1521,7547,7548,0,0,0.07600812708748246,25
1522,7562,7563,0,0,0.21567864406628912,25
1523,7566,7567,0,0,0.15950387893638843,25
1524,7575,7576,0,0,2.666489319195631E-7,25
1525,7580,7581,0,0,1.1316784388368281E-6,25
1526,7589,7590,0,1,0.7805273959283631,25
1527,7592,7593,0,0,0.2385516604281979,25
1528,7593,7594,0,0,0.037816957232100115,25
1529,7596,7597,0,0,3.2082222511366034E-7,25
1530,7602,7603,1,0,0.11866798107510942,25
1531,7604,7605,0,0,0.11387791779797404,25
1532,7606,7607,1,0,1.0641820361372062E-7,25
1533,7611,7612,0,0,0.03709838732245019,25
1534,7612,7613,0,0,2.1787186652961052E-7,25
1535,7617,7618,1,0,0.19985591655235407,25
1536,7636,7637,0,0,3.254602144914011E-7,25
1537,7652,7653,0,0,0.24982200113869735,25
1538,7654,7655,0,0,0.092323793442856,25
1539,7657,7658,0,0,0.13594217408131443,25
1540,7659,7660,0,1,0.7964441589710645,25
1541,7660,7661,1,0,0.3644412423509182,25
1542,7665,7666,0,0,0.08415793503571335,25
1543,7668,7669,0,0,0.16605630688194242,25
1544,7678,7679,0,0,0.11076282602795263,25
1545,7681,7682,1,1,0.5029661730368574,25
1546,7696,7697,1,0,0.21833947703184112,25
1547,7704,7705,0,0,0.4658069350536789,25
1548,7711,7712,0,0,0.43277195780244265,25
1549,7713,7714,0,0,0.06894596086521691,25
1550,7715,7716,0,0,0.13524547490731723,25
1551,7716,7717,0,0,0.07186817742863626,25
1552,7719,7720,0,0,0.03353300483951444,25
1553,7728,7729,0,0,0.04649125249474084,25
1554,7749,7750,1,0,0.044765711575380555,25
1555,7750,7751,0,0,0.2709296652977774,25
1556,7759,7760,0,0,0.4668218900550127,25
1557,7773,7774,0,0,0.307732741112287,25
1558,7776,7777,1,0,0.36632390055120984,25
1559,7777,7778,1,0,0.06924984879523804,25
1560,7778,7779,0,0,2.864400438351569E-7,25
1561,7784,7785,1,0,0.16811096233898518,25
1562,7785,7786,1,0,0.4808117810238204,25
1563,7794,7795,0,0,0.09250972869338492,25
1564,7795,7796,0,0,0.15055694999606112,25
1565,7798,7799,0,0,0.2013916500108918,25
1566,7802,7803,1,1,0.7900438112575937,25
1567,7814,7815,0,0,0.1661883739508008,25
1568,7837,7838,0,0,1.233822006969346E-6,25
1569,7840,7841,0,0,0.0834711762390228,25
1570,7851,7852,0,0,0.19144630033717341,25
1571,7855,7856,0,0,0.2045412800912123,25
1572,7857,7858,0,0,0.39738579583954686,25
1573,7863,7864,0,0,0.12408212137354771,25
1574,7866,7867,0,0,0.08485437134490376,25
1575,7884,7885,0,0,0.08563591680031113,25
1576,7890,7891,0,0,0.12155170565294074,25
1577,7891,7892,0,0,0.1570609173802955,25
1578,7903,7904,0,0,0.24159950212798703,25
1579,7914,7915,0,0,0.03732145264113812,25
1580,7915,7916,0,0,7.306028976110298E-7,25
1581,7917,7918,0,0,0.05957544127975332,25
1582,7921,7922,1,0,0.14767339143133276,25
1583,7928,7929,1,0,0.21750467015447314,25
1584,7931,7932,0,0,0.08553096987830891,25
1585,7934,7935,1,0,0.40066814637328335,25
1586,7937,7938,0,0,0.1201166427013557,25
1587,7938,7939,0,0,4.6138798710692767E-7,25
1588,7945,7946,1,0,0.32262322805173654,25
1589,7947,7948,0,0,0.2710469309021067,25
1590,7955,7956,0,0,0.3729175601966583,25
1591,7958,7959,0,0,0.203870753868309,25
1592,7959,7960,0,1,0.7210203062071642,25
1593,7973,7974,0,0,0.3965610638775611,25
1594,7974,7975,0,0,0.038797161482476826,25
1595,7982,7983,0,1,0.5520234299864285,25
1596,8003,8004,0,0,0.1585923358181197,25
1597,8004,8005,1,0,0.11472495116188063,25
1598,8020,8021,1,0,0.09938658445446587,25
1599,8022,8023,0,0,0.19170837413377453,25
1600,8033,8034,0,0,0.07474870046724003,25
1601,8037,8038,0,0,0.15955427157878208,25
1602,8043,8044,1,0,0.11631815600547346,25
1603,8044,8045,0,0,0.28429631669833955,25
1604,8046,8047,0,1,0.6505874816535401,25
1605,8048,8049,1,1,0.7600235857415942,25
1606,8055,8056,1,0,0.09432120115495862,25
1607,8061,8062,0,0,0.238439761689026,25
1608,8064,8065,0,0,0.19239541236102248,25
1609,8066,8067,0,0,0.04624617944019122,25
1610,8071,8072,0,0,0.2274506546045298,25
1611,8072,8073,0,0,0.19402125259585154,25
1612,8075,8076,0,0,0.36275372958900065,25
1613,8080,8081,0,0,0.06910958508484517,25
1614,8085,8086,0,0,0.16223061157528135,25
1615,8090,8091,1,1,0.5947053872951191,25
1616,8091,8092,0,0,0.24001525385256733,25
1617,8100,8101,0,0,0.07976056075315645,25
1618,8107,8108,0,0,0.23620444567276952,25
1619,8116,8117,0,0,0.10221842771888376,25
1620,8117,8118,1,1,0.6469240532911167,25
1621,8118,8119,1,0,0.034622981272540175,25
1622,8119,8120,0,0,0.07632168394172421,25
1623,8120,8121,0,0,0.07954714127824201,25
1624,8121,8122,0,0,0.06697364525532083,25
1625,8128,8129,0,0,0.21389579510761475,25
1626,8129,8130,0,1,0.6870310233966458,25
1627,8141,8142,0,0,0.25461720961981804,25
1628,8143,8144,0,0,0.27298752169540147,25
1629,8146,8147,0,0,0.15663518744989233,25
1630,8147,8148,1,0,0.029688123211822386,25
1631,8148,8149,1,0,0.30517095406908135,25
1632,8149,8150,0,0,0.07460549207922436,25
1633,8164,8165,0,0,0.20123292149888503,25
1634,8169,8170,0,0,0.26042717289963874,25
1635,8170,8171,0,0,0.06415350152350317,25
1636,8171,8172,1,0,0.3970622142045002,25
1637,8175,8176,1,0,0.03931504454860348,25
1638,8178,8179,1,1,0.78998165576226,25
1639,8180,8181,1,0,0.11306080563676672,25
1640,8183,8184,0,0,0.166386874007185,25
1641,8186,8187,0,0,0.034276262794293744,25
1642,8187,8188,1,0,0.03538241586428141,25
1643,8198,8199,0,0,0.0641630630065477,25
1644,8204,8205,0,0,0.19803553319480174,25
1645,8206,8207,0,0,0.18284228208580225,25
1646,8214,8215,0,0,0.07150301387639639,25
1647,8218,8219,0,0,0.11933813406700909,25
1648,8220,8221,0,0,0.03760447983588637,25
1649,8224,8225,0,1,0.6489609060717133,25
1650,8226,8227,0,0,0.19443917473333588,25
1651,8227,8228,1,0,0.13815712980784317,25
1652,8253,8254,0,0,0.11503182701537881,25
1653,8254,8255,0,0,0.2434256419427123,25
1654,8259,8260,1,0,0.300698755327622,25
1655,8266,8267,0,0,0.0794132268945738,25
1656,8272,8273,0,0,0.1185598130692256,25
1657,8273,8274,0,0,0.05259025061637306,25
1658,8279,8280,0,0,0.05996120346481264,25
1659,8283,8284,0,0,0.20320401260152754,25
1660,8288,8289,1,0,0.034630621755667446,25
1661,8290,8291,0,0,1.145772030401483E-6,25
1662,8292,8293,1,0,0.2027590079828209,25
1663,8295,8296,1,1,0.8008748905110729,25
1664,8299,8300,0,0,0.16642158618131853,25
1665,8301,8302,0,0,0.038427726332405036,25
1666,8310,8311,0,0,0.049553296075700005,25
1667,8312,8313,0,0,0.10847473856748711,25
1668,8316,8317,0,0,0.2083117957266025,25
1669,8317,8318,0,0,0.09350501581364062,25
1670,8320,8321,1,1,0.5286876402136295,25
1671,8324,8325,0,0,0.15805881135156263,25
1672,8331,8332,0,0,0.11378514648191479,25
1673,8343,8344,0,0,0.21027644479069285,25
1674,8349,8350,0,0,0.14154338419507648,25
1675,8351,8352,0,0,4.1283616482908304E-7,25
1676,8354,8355,0,0,0.029901075378762385,25
1677,8356,8357,0,0,0.36922707230008095,25
1678,8372,8373,0,0,0.09504207294659722,25
1679,8378,8379,0,0,0.12976471961749414,25
1680,8388,8389,1,0,0.0783752950198533,25
1681,8400,8401,0,1,0.6365405238089138,25
1682,8403,8404,0,0,0.2301721054720207,25
1683,8409,8410,0,0,0.08125945469182458,25
1684,8422,8423,0,0,0.08889987201529576,25
1685,8431,8432,0,0,0.19433124720198341,25
1686,8432,8433,0,0,0.2867162690107725,25
1687,8434,8435,0,0,0.14918634861022265,25
1688,8438,8439,0,0,0.08359793080352516,25
1689,8441,8442,0,0,0.3406034223488225,25
1690,8446,8447,1,0,0.338712301508294,25
1691,8450,8451,0,0,0.041242659450283166,25
1692,8453,8454,1,0,0.1710277627026887,25
1693,8463,8464,0,0,0.08718894078225863,25
1694,8464,8465,0,0,0.03916851321761722,25
1695,8465,8466,0,0,0.0389591907599988,25
1696,8468,8469,1,1,0.6650749463611593,25
1697,8470,8471,1,1,0.7640308038631839,25
1698,8477,8478,0,0,7.625468980822937E-7,25
1699,8480,8481,0,0,0.15266078070470335,25
1700,8488,8489,0,0,0.04553681340090437,25
1701,8489,8490,0,0,0.27371049727016,25
1702,8494,8495,0,0,0.42030865681514856,25
1703,8496,8497,0,0,0.27891500037264205,25
1704,8497,8498,0,0,0.17486021395079818,25
1705,8500,8501,0,0,0.08432542621201834,25
1706,8513,8514,1,0,0.18118524444970083,25
1707,8520,8521,1,1,0.7881052533190563,25
1708,8522,8523,0,0,0.3669843518046156,25
1709,8527,8528,0,0,0.09649640674542803,25
1710,8529,8530,0,0,0.04125797481938058,25
1711,8536,8537,0,0,0.039306639827542234,25
1712,8539,8540,0,0,0.157376474814177,25
1713,8541,8542,1,0,0.11358149444819668,25
1714,8549,8550,0,0,0.19105536329021763,25
1715,8559,8560,0,0,0.1453739685757711,25
1716,8561,8562,0,0,0.1469693691754866,25
1717,8565,8566,0,0,0.053779976576044976,25
1718,8566,8567,0,0,0.06725155800494685,25
1719,8568,8569,0,0,0.13890794145685276,25
1720,8569,8570,0,0,0.1079906480450218,25
1721,8573,8574,1,1,0.6982734769121851,25
1722,8574,8575,1,0,0.06973533468529432,25
1723,8579,8580,0,0,0.11402288670817654,25
1724,8583,8584,0,0,0.17133684887392153,25
1725,8599,8600,1,1,0.5236253037195328,25
1726,8608,8609,0,1,0.681704424678337,25
1727,8616,8617,1,0,0.1596160087398943,25
1728,8632,8633,0,0,0.43413025423086904,25
1729,8638,8639,0,0,0.07500779368496774,25
1730,8642,8643,0,0,6.34105577301123E-7,25
1731,8648,8649,0,0,0.1135051033982947,25
1732,8656,8657,0,1,0.587588095501406,25
1733,8657,8658,1,0,0.038110340151442094,25
1734,8659,8660,0,0,0.39705399124990265,25
1735,8662,8663,0,0,0.15126466151202447,25
1736,8663,8664,0,0,3.6132095774467387E-7,25
1737,8667,8668,1,0,0.12652696865405705,25
1738,8675,8676,0,0,0.11484956971931999,25
1739,8681,8682,0,0,0.19620553936400534,25
1740,8683,8684,0,0,0.03143801308636636,25
1741,8684,8685,0,0,0.1862943333309427,25
1742,8689,8690,1,0,0.13803669716823797,25
1743,8698,8699,0,0,0.04604770678430817,25
1744,8715,8716,0,0,0.07748577864373313,25
1745,8719,8720,0,0,0.06487037406375741,25
1746,8723,8724,0,1,0.5467025081647932,25
1747,8725,8726,1,0,0.039851892642387456,25
1748,8726,8727,0,0,0.28271164967964807,25
1749,8728,8729,0,0,0.24687879792960973,25
1750,8730,8731,0,0,0.11769796678769805,25
1751,8738,8739,0,0,0.1864096215977685,25
1752,8753,8754,0,0,0.11276688570855939,25
1753,8755,8756,1,0,0.49647553352638607,25
1754,8757,8758,0,0,1.9101633669818506E-7,25
1755,8760,8761,0,0,0.038491786570671566,25
1756,8767,8768,0,0,0.31335575680307853,25
1757,8770,8771,0,0,0.26415311086066695,25
1758,8774,8775,0,0,0.09234172100698046,25
1759,8779,8780,0,0,0.08330332576724574,25
1760,8783,8784,0,0,0.1268200410495971,25
1761,8787,8788,0,0,0.040967660740771655,25
1762,8788,8789,1,1,0.5183313829057064,25
1763,8803,8804,0,0,0.40856532744400736,25
1764,8808,8809,1,1,0.5771764997084747,25
1765,8809,8810,0,0,0.12828791642582482,25
1766,8811,8812,1,0,0.26101738723647866,25
1767,8813,8814,0,0,0.10914402320245879,25
1768,8817,8818,1,0,0.19665706110835146,25
1769,8821,8822,1,1,0.7649924329139711,25
1770,8833,8834,0,0,0.13225825776489517,25
1771,8836,8837,0,0,0.08474465157626772,25
1772,8840,8841,0,0,0.14586685852781053,25
1773,8855,8856,1,0,0.14845258384733262,25
1774,8856,8857,1,1,0.8455360714257619,25
1775,8860,8861,0,0,0.1547768915608591,25
1776,8865,8866,1,0,0.31241527623295606,25
1777,8872,8873,0,0,3.8396255449107016E-7,25
1778,8873,8874,0,0,0.07698651219681624,25
1779,8887,8888,0,0,0.16261247135426074,25
1780,8889,8890,0,0,0.08367035807335174,25
1781,8894,8895,0,0,0.08132994981127324,25
1782,8897,8898,0,0,0.1552876727621056,25
1783,8902,8903,0,0,0.20212225239927348,25
1784,8907,8908,0,0,0.22150716652998154,25
1785,8914,8915,0,0,0.08620731442750826,25
1786,8924,8925,0,0,2.1461224938206019E-7,25
1787,8932,8933,1,1,0.5689387516478288,25
1788,8942,8943,0,0,0.07884043690677592,25
1789,8946,8947,0,0,0.20589130984608042,25
1790,8947,8948,1,0,0.22974729758882123,25
1791,8950,8951,0,0,1.3052255170455506E-6,25
1792,8957,8958,0,0,0.12267422786905395,25
1793,8958,8959,1,0,0.10767015751269159,25
1794,8962,8963,0,0,0.2039838953504899,25
1795,8973,8974,0,1,0.6451350512713452,25
1796,8980,8981,0,0,0.03531899600432906,25
1797,8982,8983,0,0,0.16349100501125935,25
1798,8986,8987,0,0,0.08064492862719572,25
1799,8989,8990,0,0,0.12630277400887877,25
1800,8990,8991,0,0,0.07195704638924284,25
1801,8998,8999,1,0,0.45061968177499906,25
1802,8999,9000,0,0,0.1188137287820076,25
1803,9000,9001,0,0,0.26321724550885994,25
1804,9001,9002,0,0,0.1550822542631086,25
1805,9002,9003,1,0,0.2829794693391364,25
1806,9003,9004,0,1,0.6859898140253137,25
1807,9006,9007,1,1,0.6492084586649719,25
1808,9010,9011,0,0,0.28298549054493577,25
1809,9011,9012,1,0,0.32641784734911766,25
1810,9012,9013,0,1,0.6275787133398883,25
1811,9013,9014,0,0,0.3297230843916777,25
1812,9015,9016,0,0,0.07010054086591799,25
1813,9020,9021,0,0,1.2195845953817036E-7,25
1814,9030,9031,0,0,0.10767683976005374,25
1815,9031,9032,1,1,0.5674254227848579,25
1816,9032,9033,0,0,0.12116720121661488,25
1817,9035,9036,0,0,0.15496679332782773,25
1818,9036,9037,0,0,0.18537088780924657,25
1819,9037,9038,0,0,0.4978335241335875,25
1820,9043,9044,1,0,0.27818303127245336,25
1821,9044,9045,0,0,0.15414885023680705,25
1822,9050,9051,0,0,0.42618220469945217,25
1823,9061,9062,0,0,0.40531148061398825,25
1824,9062,9063,1,1,0.7807783297305406,25
1825,9073,9074,0,0,0.4425201713861708,25
1826,9079,9080,0,1,0.88152682567041,25
1827,9089,9090,1,1,0.5651934201758071,25
1828,9091,9092,0,0,0.16732642892473124,25
1829,9093,9094,1,0,0.433660191648465,25
1830,9095,9096,1,0,0.24897794548736638,25
1831,9097,9098,0,0,0.3288703866975788,25
1832,9099,9100,0,0,0.1576114864767505,25
1833,9103,9104,0,0,0.1566619005612785,25
1834,9105,9106,1,0,0.06737494052347774,25
1835,9110,9111,1,1,0.771254291467395,25
1836,9112,9113,0,0,0.28878292550574075,25
1837,9117,9118,0,0,0.09727351115681707,25
1838,9130,9131,1,1,0.6802554319054772,25
1839,9132,9133,0,0,0.11384970564652894,25
1840,9134,9135,0,0,0.03639137867059298,25
1841,9135,9136,0,0,0.16524705129344125,25
1842,9136,9137,0,0,0.16981738194977022,25
1843,9137,9138,0,0,0.11428012255676383,25
1844,9142,9143,1,1,0.6182343938976722,25
1845,9146,9147,1,1,0.6029717378731676,25
1846,9154,9155,0,0,0.045797335852764263,25
1847,9157,9158,0,0,0.0356506896077488,25
1848,9165,9166,0,0,0.19554221798565863,25
1849,9177,9178,0,0,0.17622407800906076,25
1850,9182,9183,0,0,0.08074479287694983,25
1851,9184,9185,1,0,0.07390992168157426,25
1852,9186,9187,0,0,0.12766884096083483,25
1853,9188,9189,0,0,0.3895646634784787,25
1854,9190,9191,1,1,0.7686919483887934,25
1855,9191,9192,0,0,0.1427009629948643,25
1856,9200,9201,0,0,0.1635085768384008,25
1857,9205,9206,0,0,0.21728753286397978,25
1858,9209,9210,0,0,0.03951116989629779,25
1859,9210,9211,1,0,0.2818291422371593,25
1860,9215,9216,1,0,0.08893911652166281,25
1861,9218,9219,1,0,0.11928025594325758,25
1862,9229,9230,0,0,0.13019185035843853,25
1863,9233,9234,0,1,0.6237122429923414,25
1864,9236,9237,0,0,0.26520064267508214,25
1865,9238,9239,0,0,9.694901197167098E-7,25
1866,9240,9241,0,0,0.11673125775259216,25
1867,9245,9246,0,0,0.07499631658355371,25
1868,9246,9247,1,0,0.3000971631405774,25
1869,9250,9251,0,0,0.11952936121513225,25
1870,9251,9252,0,0,0.37314186841088526,25
1871,9267,9268,0,0,0.035459555696664216,25
1872,9273,9274,0,0,0.049668669662168284,25
1873,9274,9275,0,0,0.20763155574525705,25
1874,9276,9277,0,0,0.07628415499285722,25
1875,9281,9282,0,0,0.19377931545697752,25
1876,9284,9285,0,0,0.07732874184108579,25
1877,9286,9287,1,1,0.9394332943464169,25
1878,9291,9292,0,0,0.1525678219077947,25
1879,9306,9307,0,0,0.2379154587676039,25
1880,9309,9310,0,0,0.038671175532879035,25
1881,9314,9315,1,0,0.07440222633602826,25
1882,9319,9320,0,0,4.989040146816363E-7,25
1883,9324,9325,0,0,0.11651147886856235,25
1884,9333,9334,0,0,0.07212409606915404,25
1885,9335,9336,0,0,0.16866393614365255,25
1886,9342,9343,0,0,0.15931221864494677,25
1887,9353,9354,0,0,0.16498409066277933,25
1888,9356,9357,1,0,0.1487695309386486,25
1889,9358,9359,0,0,0.0401551497229929,25
1890,9371,9372,0,0,0.19652718541072894,25
1891,9385,9386,1,1,0.8004374555455618,25
1892,9386,9387,0,0,0.28806424852329443,25
1893,9389,9390,0,1,0.6623365744708888,25
1894,9393,9394,0,0,0.07685865972487316,25
1895,9401,9402,0,0,0.128860468536932,25
1896,9416,9417,0,0,0.07156746944636547,25
1897,9420,9421,0,0,0.2539732498885963,25
1898,9425,9426,0,0,0.34589705551278294,25
1899,9426,9427,0,0,0.271911276046868,25
1900,9446,9447,0,0,0.2670474553806311,25
1901,9447,9448,0,0,0.23927542431403945,25
1902,9449,9450,1,0,0.10529041323155124,25
1903,9450,9451,0,0,0.042590962792205,25
1904,9464,9465,0,0,0.15462324381412407,25
1905,9475,9476,1,1,0.5321316268572419,25
1906,9479,9480,1,0,0.4597258532641932,25
1907,9489,9490,0,0,0.03630440695976067,25
1908,9492,9493,1,1,0.6346999190014657,25
1909,9495,9496,0,0,0.1037814535908577,25
1910,9497,9498,0,0,4.140129783441739E-7,25
1911,9502,9503,0,0,0.07497508916185837,25
1912,9504,9505,0,0,0.06998972950139079,25
1913,9507,9508,0,0,0.34071909486054336,25
1914,9509,9510,0,0,0.11407957275979363,25
1915,9517,9518,1,1,0.6899875328019064,25
1916,9521,9522,0,0,0.3590928854258944,25
1917,9526,9527,0,0,0.11908607759089608,25
1918,9528,9529,0,0,0.3880259170769393,25
1919,9531,9532,1,0,0.10617993627566294,25
1920,9541,9542,0,0,0.12219889449806844,25
1921,9550,9551,0,1,0.8208796744158161,25
1922,9552,9553,0,0,0.11601587154035917,25
1923,9554,9555,0,0,0.03144248803386229,25
1924,9563,9564,0,0,0.12281471030272205,25
1925,9566,9567,1,0,0.2999627623186515,25
1926,9569,9570,0,0,0.04025542930626258,25
1927,9581,9582,0,0,0.21907612706178525,25
1928,9588,9589,0,0,0.15616888265613144,25
1929,9592,9593,0,0,0.032997314001109855,25
1930,9596,9597,0,0,0.28961386055926597,25
1931,9598,9599,0,0,0.041841482471855755,25
1932,9601,9602,0,0,0.15147436803732958,25
1933,9609,9610,1,0,0.49089828934886665,25
1934,9622,9623,0,0,0.15055065797912465,25
1935,9625,9626,1,0,0.19047722413212884,25
1936,9634,9635,0,0,0.20508459752941108,25
1937,9641,9642,0,0,0.09990963194472904,25
1938,9663,9664,0,0,0.07555525361907224,25
1939,9669,9670,0,0,0.1898867968623792,25
1940,9671,9672,0,1,0.826698539558318,25
1941,9678,9679,0,0,0.15005920488414157,25
1942,9681,9682,0,0,0.037853920290331765,25
1943,9713,9714,0,0,0.20116649390421737,25
1944,9715,9716,0,0,0.3585507793991158,25
1945,9718,9719,1,0,0.3179310292849254,25
1946,9721,9722,1,0,0.11767948248401851,25
1947,9722,9723,0,0,0.07980896254165443,25
1948,9726,9727,1,0,0.10785049175777857,25
1949,9728,9729,0,0,0.24306089841542483,25
1950,9742,9743,0,0,0.11469730949399362,25
1951,9743,9744,0,0,0.12340267420513477,25
1952,9759,9760,1,0,4.1764033957431755E-7,25
1953,9760,9761,0,0,0.11508675547813328,25
1954,9761,9762,0,1,0.591665489928998,25
1955,9762,9763,1,0,0.16039861821848272,25
1956,9766,9767,0,0,0.21052259716053062,25
1957,9779,9780,0,0,0.3498094413968742,25
1958,9783,9784,0,0,0.11637156483195149,25
1959,9795,9796,1,0,0.07571495540040415,25
1960,9797,9798,0,0,3.6109248892355484E-7,25
1961,9801,9802,1,0,0.10339730096430837,25
1962,9808,9809,0,0,0.0830487153310558,25
1963,9810,9811,0,0,0.17798874255775315,25
1964,9818,9819,0,0,0.0783316527814364,25
1965,9825,9826,0,0,0.1592608402462657,25
1966,9827,9828,0,0,0.1881604151715828,25
1967,9835,9836,0,0,0.1736781837349705,25
1968,9836,9837,0,0,0.0840137792279873,25
1969,9837,9838,0,0,0.1544774191002235,25
1970,9844,9845,0,0,0.039702289019987964,25
1971,9853,9854,0,0,0.0666033087630457,25
1972,9856,9857,1,1,0.6899501836257628,25
1973,9857,9858,1,1,0.6580490003723275,25
1974,9873,9874,0,0,0.20328723324968415,25
1975,9882,9883,0,0,0.27275060132004075,25
1976,9888,9889,0,0,0.2565439636953794,25
1977,9890,9891,0,0,0.07110113769109076,25
1978,9897,9898,1,0,4.457416878318971E-7,25
1979,9910,9911,0,0,0.16435253795300886,25
1980,9911,9912,0,0,0.11608014496433743,25
1981,9917,9918,0,0,0.35888695235225493,25
1982,9923,9924,0,0,0.13818858596377923,25
1983,9933,9934,1,0,0.07836118647411941,25
1984,9935,9936,0,0,0.09630687599600807,25
1985,9936,9937,0,0,0.2348392492189166,25
1986,9941,9942,0,0,0.024217353764663743,25
1987,9960,9961,0,0,0.06031956090775055,25
1988,9966,9967,0,0,3.425659189978747E-7,25
1989,9969,9970,0,0,0.06006927467819102,25
1990,9972,9973,1,0,0.1310797345830191,25
1991,9990,9991,0,0,0.0326409619261291,25
1992,9995,9996,0,0,0.17577156341079084,25
1993,10001,10002,0,0,0.2991242229132354,25
1994,10019,10020,1,0,0.07127077319454796,25
1995,10020,10021,0,0,0.23012383085457694,25
1996,10023,10024,0,0,0.3891450853761585,25
1997,10032,10033,1,0,0.16242825591895674,25
1998,10044,10045,0,0,0.30556301684879533,25
1999,10045,10046,0,0,0.07433176435524326,25
2000,10046,10047,1,0,0.2878535106480909,25
2001,10051,10052,0,0,0.12502427347828202,25
2002,10057,10058,0,0,0.03881033176292865,25
2003,10064,10065,1,0,0.1523043436828784,25
2004,10075,10076,1,0,0.10151814359850558,25
2005,10077,10078,0,0,0.12967544189899677,25
2006,10078,10079,0,0,0.03692880404109825,25
2007,10087,10088,0,0,0.05833733184160625,25
2008,10089,10090,0,0,1.1893456731338297E-6,25
2009,10092,10093,0,0,5.432922257065437E-7,25
2010,10094,10095,0,0,0.040158069946368675,25
2011,10095,10096,0,0,0.3863325984997611,25
2012,10102,10103,1,1,0.6808529880335669,25
2013,10103,10104,0,0,0.22647653651088911,25
2014,10110,10111,0,0,0.3056675516233411,25
2015,10114,10115,0,0,0.3123346256054178,25
2016,10119,10120,0,0,0.23021683331470663,25
2017,10130,10131,0,0,0.11380320543912877,25
2018,10133,10134,0,0,0.32805898581346615,25
2019,10135,10136,1,0,0.4756908949764955,25
2020,10136,10137,0,0,0.17720103300003476,25
2021,10138,10139,1,1,0.6137971158751733,25
2022,10140,10141,1,0,0.1645177117796835,25
2023,10142,10143,0,1,0.7748952670419301,25
2024,10160,10161,0,0,0.07107184217504812,25
2025,10163,10164,0,0,4.0660462519606224E-7,25
2026,10164,10165,1,0,0.07669729242593312,25
2027,10167,10168,1,0,0.3141019573324288,25
2028,10185,10186,1,0,2.1563854426139818E-7,25
2029,10186,10187,1,1,0.7938766490780585,25
2030,10194,10195,1,1,0.604930357205628,25
2031,10203,10204,0,0,0.2777016051438534,25
2032,10214,10215,0,0,0.08337047779757255,25
2033,10218,10219,0,0,0.16580148490381044,25
2034,10237,10238,0,0,0.37634200013045477,25
2035,10239,10240,0,0,0.20213868086577172,25
2036,10246,10247,0,0,0.07199410731123482,25
2037,10254,10255,1,0,0.07756704370163195,25
2038,10255,10256,0,0,0.1855444326467233,25
2039,10257,10258,0,0,0.038197906747000465,25
2040,10264,10265,0,0,0.4060104497748701,25
2041,10271,10272,0,0,0.20457291947610315,25
2042,10282,10283,0,0,0.03768659637897011,25
2043,10285,10286,0,0,8.378998700429856E-7,25
2044,10287,10288,1,0,0.18948723295681238,25
2045,10289,10290,0,0,0.0862198535886052,25
2046,10295,10296,0,0,0.16107307515129396,25
2047,10300,10301,0,0,0.1372733325190135,25
2048,10303,10304,0,0,0.12226746554674008,25
2049,10305,10306,0,0,0.0846613561916411,25
2050,10308,10309,0,0,0.19308433500033712,25
2051,10310,10311,0,0,0.039009277061324434,25
2052,10311,10312,0,0,0.03399860248911927,25
2053,10313,10314,0,0,0.27220946591883255,25
2054,10316,10317,1,0,0.4855193251852694,25
2055,10319,10320,0,0,0.0855490297489532,25
2056,10322,10323,0,0,0.35513675629765323,25
2057,10323,10324,0,1,0.6241554144205482,25
2058,10324,10325,0,0,0.11353764755674853,25
2059,10328,10329,0,0,0.16473492500570058,25
2060,10329,10330,0,1,0.5617644673256711,25
2061,10337,10338,1,1,0.8589692999212686,25
2062,10342,10343,0,0,0.28452767654120314,25
2063,10343,10344,0,0,0.18795557938075316,25
2064,10349,10350,1,0,0.17762753164134157,25
2065,10355,10356,0,0,0.06756697215546466,25
2066,10357,10358,0,0,0.1590567914625748,25
2067,10367,10368,1,0,1.1512033213108327E-7,25
2068,10370,10371,0,0,0.12759046743048216,25
2069,10372,10373,0,0,0.1811586737456579,25
2070,10375,10376,0,0,0.06873116940296824,25
2071,10385,10386,0,0,0.11178500988860668,25
2072,10388,10389,1,0,0.33861727214617876,25
2073,10389,10390,1,1,0.6344005124311313,25
2074,10393,10394,0,0,0.108750721564463,25
2075,10414,10415,0,0,0.2479997207223864,25
2076,10416,10417,0,0,1.0082975245745745E-7,25
2077,10420,10421,0,0,0.11314561011496735,25
2078,10426,10427,0,0,0.22009044439706993,25
2079,10428,10429,0,0,0.09750991084772276,25
2080,10432,10433,1,0,0.08161951948547803,25
2081,10439,10440,1,0,0.2186509922796427,25
2082,10449,10450,0,0,0.2331760968039081,25
2083,10465,10466,0,0,0.035701106697596366,25
2084,10467,10468,0,1,0.6033742518925231,25
2085,10475,10476,0,0,0.2465564129480332,25
2086,10483,10484,0,0,0.09313872573794296,25
2087,10487,10488,1,0,0.08659365735209351,25
2088,10490,10491,0,1,0.7306114338238296,25
2089,10493,10494,0,0,0.1143391630134164,25
2090,10507,10508,1,0,0.1557262840280933,25
2091,10516,10517,0,0,0.07735534738152214,25
2092,10518,10519,0,0,0.18529982805234546,25
2093,10521,10522,1,1,0.8366491551615269,25
2094,10522,10523,0,0,0.13084820656463697,25
2095,10530,10531,0,0,0.11526856880649036,25
2096,10532,10533,0,0,0.17919209632067093,25
2097,10544,10545,0,0,0.07705416383474568,25
2098,10545,10546,0,0,0.21916586394099025,25
2099,10550,10551,0,0,0.037922776348182856,25
2100,10555,10556,0,0,0.12514210572076603,25
2101,10565,10566,0,0,0.14060186590896215,25
2102,10571,10572,1,0,0.19372320485454075,25
2103,10575,10576,1,1,0.8054478192304806,25
2104,10579,10580,0,0,0.1926119741771128,25
2105,10582,10583,0,0,0.1948755993307275,25
2106,10590,10591,0,0,0.282107447313349,25
2107,10592,10593,0,0,0.09025192454769876,25
2108,10610,10611,0,0,0.19869794769734803,25
2109,10612,10613,0,0,0.15524473200160976,25
2110,10614,10615,0,0,0.09647124899137459,25
2111,10616,10617,0,0,0.03567441858898871,25
2112,10620,10621,0,0,0.05310544095250246,25
2113,10621,10622,0,0,0.09523959544888817,25
2114,10622,10623,1,0,0.2205187533246194,25
2115,10634,10635,0,0,0.10622408156755136,25
2116,10635,10636,0,0,0.13551025772459496,25
2117,10643,10644,0,0,0.27635552887500225,25
2118,10649,10650,1,0,0.23462174869350944,25
2119,10651,10652,0,0,0.15020736248839023,25
2120,10652,10653,0,0,0.16336486363670333,25
2121,10657,10658,0,0,0.10632329626810527,25
2122,10658,10659,0,0,0.23333303694329857,25
2123,10663,10664,1,1,0.8670228459685365,25
2124,10670,10671,1,0,0.035926554653186206,25
2125,10673,10674,0,0,0.06976591744225756,25
2126,10676,10677,0,0,0.04203161620654768,25
2127,10686,10687,0,0,0.4441585356946437,25
2128,10695,10696,1,1,0.5530308847053179,25
2129,10714,10715,0,0,0.1383603323324563,25
2130,10717,10718,0,0,0.237468795727345,25
2131,10718,10719,0,0,0.11954706717000285,25
2132,10721,10722,0,0,0.0900634622463569,25
2133,10723,10724,0,0,8.321497705321157E-7,25
2134,10726,10727,0,0,0.15581165531984884,25
2135,10732,10733,1,0,4.452634660388628E-7,25
2136,10734,10735,0,0,0.06758530689260207,25
2137,10735,10736,0,0,0.07070291986179965,25
2138,10738,10739,0,0,0.29168384738446784,25
2139,10739,10740,1,1,0.684293414611514,25
2140,10742,10743,0,0,0.16827934431568026,25
2141,10745,10746,0,0,0.11034180343912196,25
2142,10746,10747,0,0,0.10930156238742914,25
2143,10753,10754,1,0,4.6496491911053336E-7,25
2144,10754,10755,0,0,0.18170314881531707,25
2145,10757,10758,0,0,0.10838514507174242,25
2146,10760,10761,0,1,0.5147972719742481,25
2147,10761,10762,1,0,0.1875554747844089,25
2148,10772,10773,0,0,0.4502539014226308,25
2149,10782,10783,0,0,0.20021241999787762,25
2150,10783,10784,0,0,0.06224567761193247,25
2151,10789,10790,0,0,0.23229567993163996,25
2152,10795,10796,0,0,0.11610670379538715,25
2153,10814,10815,1,0,0.09445700647123095,25
2154,10815,10816,1,1,0.6577096561583146,25
2155,10819,10820,0,0,0.30836375310865005,25
2156,10822,10823,1,1,0.6314465558328773,25
2157,10824,10825,0,0,0.2459368896575458,25
2158,10827,10828,0,0,0.3174730988942584,25
2159,10830,10831,1,0,0.32549241959459785,25
2160,10833,10834,1,0,0.3840587579888512,25
2161,10834,10835,0,0,0.15475087166919038,25
2162,10836,10837,0,0,0.28963345133370855,25
2163,10858,10859,0,0,0.18333923530261856,25
2164,10861,10862,1,1,0.7109356942417066,25
2165,10862,10863,0,0,0.2782338472461121,25
2166,10870,10871,1,1,0.8014094422314101,25
2167,10874,10875,1,0,0.06896986716368614,25
2168,10875,10876,1,0,0.04099112400776765,25
2169,10878,10879,0,1,0.5747538002581659,25
2170,10879,10880,0,0,0.17055592197089078,25
2171,10880,10881,0,0,0.03903902193818564,25
2172,10884,10885,0,0,0.1702587537544355,25
2173,10887,10888,0,0,0.19638086763988716,25
2174,10889,10890,0,0,0.03546809460172883,25
2175,10890,10891,1,1,0.5099171465917378,25
2176,10901,10902,0,0,0.11481895754062348,25
2177,10907,10908,1,1,0.7595000180139097,25
2178,10918,10919,0,0,0.03367480346977567,25
2179,10926,10927,0,0,0.12349002137000499,25
2180,10932,10933,0,0,0.49548610360112294,25
2181,10935,10936,0,0,0.16533923937331765,25
2182,10942,10943,1,0,0.18243325233810304,25
2183,10955,10956,0,0,0.07347653195117998,25
2184,10956,10957,0,0,0.16813684480219068,25
2185,10962,10963,1,0,0.440428356339641,25
2186,10972,10973,0,0,0.15947324284237743,25
2187,10984,10985,0,0,0.24780150820684235,25
2188,10992,10993,0,0,0.29900250725645383,25
2189,11004,11005,0,0,0.13701699525156213,25
2190,11009,11010,0,0,0.03188120823384215,25
2191,11012,11013,0,0,0.11703325435799868,25
2192,11025,11026,0,0,1.6120072862100399E-7,25
2193,11027,11028,0,0,0.09208967751195982,25
2194,11029,11030,0,0,0.07787228529716253,25
2195,11034,11035,1,1,0.7149712670314357,25
2196,11039,11040,0,0,0.3669894927394638,25
2197,11042,11043,0,0,0.10108095830343672,25
2198,11045,11046,0,0,0.09940492231087278,25
2199,11049,11050,0,1,0.7410248818848587,25
2200,11058,11059,0,0,0.14722788712617638,25
2201,11059,11060,0,0,0.41784334507971144,25
2202,11067,11068,0,0,0.1830742229966455,25
2203,11075,11076,0,0,0.11931986437742095,25
2204,11076,11077,0,0,4.2541374414208784E-7,25
2205,11079,11080,0,0,0.20949874304823232,25
2206,11083,11084,1,0,0.0594648576922508,25
2207,11094,11095,0,0,0.04322360142515503,25
2208,11098,11099,0,1,0.570973652235971,25
2209,11100,11101,0,0,0.14988119125076238,25
2210,11104,11105,0,1,0.8477672774788287,25
2211,11109,11110,0,0,0.19574194360883912,25
2212,11141,11142,0,0,0.11108293867761986,25
2213,11144,11145,0,0,0.15823730863044355,25
2214,11149,11150,0,0,0.31022304571999887,25
2215,11151,11152,1,1,0.7874181205621484,25
2216,11156,11157,0,0,0.19175250363456064,25
2217,11162,11163,0,0,0.034998495439767144,25
2218,11166,11167,0,1,0.7396607791930274,25
2219,11169,11170,0,0,5.684698964945307E-7,25
2220,11171,11172,1,0,0.4670188182457238,25
2221,11174,11175,0,0,0.13863039313709258,25
2222,11178,11179,0,0,0.08527344995526095,25
2223,11194,11195,0,0,0.3098647443660352,25
2224,11196,11197,0,0,0.03759185853793276,25
2225,11204,11205,0,1,0.6814238948226499,25
2226,11207,11208,0,0,0.03932224423124272,25
2227,11211,11212,1,0,0.4376619463564844,25
2228,11221,11222,0,0,0.14892962690763362,25
2229,11225,11226,0,1,0.5288013049960891,25
2230,11226,11227,0,0,0.16584612826853995,25
2231,11227,11228,0,0,0.08074306857442959,25
2232,11230,11231,1,0,0.2810849024391035,25
2233,11233,11234,0,0,0.33279520134368096,25
2234,11235,11236,0,0,0.0832115788262719,25
2235,11239,11240,0,1,0.7652009302352197,25
2236,11240,11241,0,1,0.5985951743821017,25
2237,11245,11246,1,0,0.37806260619433485,25
2238,11262,11263,0,0,0.31700710886441885,25
2239,11266,11267,1,1,0.739127976257472,25
2240,11286,11287,0,0,0.15681483516808103,25
2241,11288,11289,0,0,0.045195959965429786,25
2242,11289,11290,0,0,0.16180008265132803,25
2243,11310,11311,0,0,0.2794148434863482,25
2244,11313,11314,0,0,0.07904066560577763,25
2245,11314,11315,1,1,0.7565540038536339,25
2246,11328,11329,0,0,2.742100724401853E-7,25
2247,11329,11330,0,0,0.040089620875073964,25
2248,11333,11334,1,1,0.6891165572905811,25
2249,11335,11336,0,0,0.16914218969443054,25
2250,11342,11343,1,1,0.7412709792096986,25
2251,11344,11345,0,0,0.23710103896066992,25
2252,11348,11349,0,0,0.15580632194641153,25
2253,11353,11354,0,0,0.03689001992607527,25
2254,11364,11365,0,0,0.20867918591191648,25
2255,11368,11369,1,0,0.19013592225220732,25
2256,11369,11370,0,0,0.24383871125346734,25
2257,11378,11379,0,0,0.12040087836590833,25
2258,11381,11382,1,0,0.19890877417363031,25
2259,11397,11398,1,0,3.5805270438797907E-7,25
2260,11401,11402,0,0,0.08055463832914611,25
2261,11402,11403,0,0,0.25674823716580136,25
2262,11405,11406,0,0,0.0349812305702328,25
2263,11418,11419,0,0,0.3376223970023578,25
2264,11426,11427,0,0,0.1257584095764067,25
2265,11432,11433,1,0,0.12757166415813984,25
2266,11463,11464,0,0,0.05408272714741974,25
2267,11479,11480,0,0,0.03526882956508966,25
2268,11491,11492,0,0,0.12550414256869913,25
2269,11492,11493,0,0,0.12366308558499389,25
2270,11499,11500,0,0,0.16211658841411378,25
2271,11508,11509,0,0,0.04199293185937738,25
2272,11509,11510,0,0,0.13234222738075163,25
2273,11512,11513,0,0,0.19167002325943297,25
2274,11515,11516,0,0,4.609075440315392E-7,25
2275,11519,11520,1,0,0.11700054499817637,25
2276,11523,11524,0,0,0.06407283515887838,25
2277,11532,11533,0,0,0.1643035626249407,25
2278,11536,11537,0,0,1.2529268445082215E-6,25
2279,11549,11550,1,0,0.08453515459782786,25
2280,11562,11563,0,0,0.07984550128943331,25
2281,11588,11589,0,0,0.12484803699921518,25
2282,11592,11593,0,0,0.1161807814521287,25
2283,11602,11603,0,0,0.19294097852979594,25
2284,11611,11612,0,0,0.04432660548661559,25
2285,11613,11614,0,0,0.17412480355531676,25
2286,11620,11621,0,0,0.033695102882586786,25
2287,11624,11625,0,0,0.041509660622686385,25
2288,11629,11630,0,0,0.09407335880728562,25
2289,11630,11631,0,0,5.196516440285043E-7,25
2290,11644,11645,0,0,0.11347595664204337,25
2291,11647,11648,0,0,0.07879679165635006,25
2292,11648,11649,0,0,0.19050448892504787,25
2293,11658,11659,1,1,0.5497984345783631,25
2294,11670,11671,0,0,0.28339806129506795,25
2295,11692,11693,0,0,0.21165250571748662,25
2296,11693,11694,0,0,0.1785750947123095,25
2297,11695,11696,0,0,0.38875583160935484,25
2298,11707,11708,0,0,0.316680029425916,25
2299,11709,11710,0,0,0.15269992592928067,25
2300,11710,11711,0,0,0.28071003733647093,25
2301,11711,11712,0,0,0.12982970082645645,25
2302,11722,11723,0,0,0.075366971814685,25
2303,11725,11726,1,0,0.07274826034270389,25
2304,11727,11728,1,0,0.1349785581748226,25
2305,11728,11729,0,0,0.04726525786100362,25
2306,11735,11736,0,0,0.1916566529513293,25
2307,11738,11739,1,1,0.7274511260336555,25
2308,11748,11749,0,1,0.7083066324025865,25
2309,11753,11754,0,0,0.03747989624076264,25
2310,11754,11755,0,0,0.2407970375996695,25
2311,11755,11756,0,0,0.08397263815561129,25
2312,11757,11758,0,0,0.22879468822175517,25
2313,11759,11760,0,0,0.060506245261217784,25
2314,11760,11761,0,0,0.3997463304989246,25
2315,11774,11775,0,0,0.06769121079201819,25
2316,11781,11782,0,0,0.2007146982342571,25
2317,11784,11785,0,1,0.5891246126869665,25
2318,11785,11786,0,0,0.0750947899417974,25
2319,11790,11791,0,0,0.06125424813892029,25
2320,11794,11795,1,0,0.4459842312874923,25
2321,11806,11807,0,0,0.038904549992188106,25
2322,11812,11813,0,0,0.10345034555109647,25
2323,11813,11814,1,1,0.5827854245905232,25
2324,11817,11818,0,1,0.6863897535953516,25
2325,11822,11823,0,0,0.06910728230013975,25
2326,11825,11826,1,0,0.4679021444999827,25
2327,11834,11835,0,1,0.6907985111249788,25
2328,11838,11839,0,0,0.07905480249633268,25
2329,11844,11845,0,1,0.6744783456768008,25
2330,11848,11849,0,0,0.12153747323208217,25
2331,11850,11851,1,0,0.0980674426909527,25
2332,11852,11853,0,0,0.26632294144374996,25
2333,11871,11872,0,0,0.09540207320012535,25
2334,11874,11875,0,1,0.6995499696902128,25
2335,11875,11876,0,0,0.08011978686596838,25
2336,11877,11878,0,0,0.17372516393408127,25
2337,11878,11879,0,0,0.03939849747083301,25
2338,11879,11880,0,0,0.07596570157116492,25
2339,11889,11890,0,0,0.01800124988100142,25
2340,11894,11895,0,0,0.2595354480606493,25
2341,11898,11899,0,0,0.15960442373882325,25
2342,11906,11907,1,0,0.12390942901932366,25
2343,11907,11908,1,1,0.8350134949896724,25
2344,11909,11910,0,0,0.15711727448967516,25
2345,11913,11914,1,0,0.34764182726094,25
2346,11931,11932,0,0,0.03657285245039834,25
2347,11934,11935,0,0,0.15828336637467647,25
2348,11937,11938,1,0,0.16961457287677847,25
2349,11945,11946,0,0,0.11704980244922925,25
2350,11946,11947,1,0,0.3155079315845246,25
2351,11955,11956,0,0,0.11092121979082963,25
2352,11957,11958,0,0,0.08023784551022581,25
2353,11961,11962,0,0,0.03289997443678583,25
2354,11967,11968,0,0,0.20499163501813053,25
2355,11971,11972,1,0,0.3496688214875411,25
2356,11975,11976,0,0,0.36152076081847556,25
2357,11993,11994,0,1,0.7362926214491347,25
2358,11998,11999,0,0,0.27557180213544463,25
2359,12004,12005,0,0,0.1834592076055492,25
2360,12008,12009,0,0,0.07532605112880725,25
2361,12021,12022,1,1,0.7127635673256452,25
2362,12024,12025,1,1,0.7675085658201859,25
2363,12025,12026,0,0,0.08776503688840803,25
2364,12027,12028,0,0,0.07954069816761038,25
2365,12038,12039,0,0,0.10871385880876128,25
2366,12039,12040,1,1,0.6926370274492785,25
2367,12043,12044,0,0,0.15451383746654238,25
2368,12045,12046,0,0,0.0732679396073559,25
2369,12048,12049,0,1,0.5403666190377846,25
2370,12052,12053,0,0,0.1745006308883222,25
2371,12054,12055,1,0,0.19884377124587657,25
2372,12056,12057,0,0,0.2659968082057335,25
2373,12066,12067,1,1,0.8913555306521808,25
2374,12071,12072,0,0,0.216314191353585,25
2375,12082,12083,0,0,0.23761869652408882,25
2376,12086,12087,0,0,0.08493377148464094,25
2377,12090,12091,0,0,0.25138024329144054,25
2378,12104,12105,0,0,0.19984780799167207,25
2379,12128,12129,1,0,0.33944634762950887,25
2380,12131,12132,1,1,0.6963250796583587,25
2381,12138,12139,1,0,0.03968048134455436,25
2382,12153,12154,0,0,0.13602242385927205,25
2383,12154,12155,0,1,0.6103454759589656,25
2384,12163,12164,0,1,0.6250879569924754,25
2385,12167,12168,0,0,6.481995964740685E-7,25
2386,12169,12170,1,0,0.33083660926205977,25
2387,12178,12179,0,0,2.765639273735667E-7,25
2388,12179,12180,0,0,0.07428925886698269,25
2389,12194,12195,1,0,0.15601947537778033,25
2390,12198,12199,0,0,0.05729601579079705,25
2391,12210,12211,0,0,0.10641619267185694,25
2392,12212,12213,0,0,0.1632237328139269,25
2393,12214,12215,0,0,0.23718732937741438,25
2394,12216,12217,1,1,0.6978972702312527,25
2395,12222,12223,1,1,0.5430126256912279,25
2396,12230,12231,0,1,0.5703633670527025,25
2397,12239,12240,1,0,0.07185781292672265,25
2398,12242,12243,0,0,0.10359476875117819,25
2399,12246,12247,0,0,0.2299126689130725,25
2400,12250,12251,0,0,0.08375519702188715,25
2401,12254,12255,0,0,0.3018338961390098,25
2402,12255,12256,1,0,0.352952028154452,25
2403,12262,12263,0,0,0.336416102493962,25
2404,12269,12270,0,0,0.2400173772210176,25
2405,12271,12272,0,0,0.037258222349053065,25
2406,12272,12273,0,0,0.08801722927835959,25
2407,12274,12275,1,1,0.6084683113407904,25
2408,12275,12276,0,0,0.1980609462496472,25
2409,12277,12278,0,0,0.07601269911952888,25
2410,12279,12280,0,0,0.1828378176380608,25
2411,12281,12282,1,1,0.7359043740254068,25
2412,12285,12286,0,0,1.871808991769309E-7,25
2413,12296,12297,1,0,0.029709757578636597,25
2414,12300,12301,0,0,0.10933737175622123,25
2415,12313,12314,0,0,0.1769986171072294,25
2416,12318,12319,1,1,0.7990358570262291,25
2417,12320,12321,0,0,0.19657323967030238,25
2418,12321,12322,0,0,0.1499063185818306,25
2419,12329,12330,1,0,0.36909227460409666,25
2420,12336,12337,0,0,0.036537995504423174,25
2421,12343,12344,0,0,2.574054874162673E-7,25
2422,12346,12347,1,1,0.6549196760747783,25
2423,12350,12351,0,0,0.06718030934907972,25
2424,12354,12355,0,0,0.17707365854383073,25
2425,12358,12359,0,0,0.16194937356071304,25
2426,12359,12360,0,0,0.07860771990688993,25
2427,12363,12364,0,0,0.11942726933532667,25
2428,12370,12371,0,0,0.11535308296145244,25
2429,12371,12372,1,1,0.7296604909152421,25
2430,12377,12378,0,0,0.12310097626227376,25
2431,12386,12387,1,0,0.37045329798406357,25
2432,12402,12403,1,0,2.015341230536316E-7,25
2433,12426,12427,0,0,0.423763225062724,25
2434,12431,12432,0,0,0.08014547366540234,25
2435,12435,12436,1,0,0.1564543700149218,25
2436,12440,12441,0,0,0.19316039477992725,25
2437,12441,12442,0,0,0.11827399435118766,25
2438,12446,12447,0,0,0.14832577458258323,25
2439,12458,12459,0,0,0.2961988631924979,25
2440,12463,12464,0,0,0.07623687670346622,25
2441,12484,12485,0,0,0.2138560658298393,25
2442,12487,12488,0,0,0.027003945848335383,25
2443,12492,12493,0,0,0.29975341349492285,25
2444,12503,12504,1,0,0.11384291424162281,25
2445,12505,12506,0,0,0.033711858725981536,25
2446,12525,12526,1,0,0.2801800939052787,25
2447,12527,12528,0,0,0.21085071984283738,25
2448,12528,12529,0,0,0.06308694736360035,25
2449,12539,12540,1,0,0.1220575075060745,25
2450,12548,12549,0,0,0.18079987074469975,25
2451,12552,12553,1,0,0.03647508542784013,25
2452,12559,12560,0,0,0.051137830915047026,25
2453,12563,12564,0,0,0.06871881924826355,25
2454,12567,12568,0,0,0.08990604347204201,25
2455,12568,12569,1,0,0.331770979542196,25
2456,12578,12579,0,0,1.3314935525829274E-6,25
2457,12590,12591,0,0,0.18294442221739243,25
2458,12594,12595,0,0,0.11645671979222622,25
2459,12595,12596,0,0,0.2000252136272769,25
2460,12596,12597,0,0,0.10639657744593874,25
2461,12597,12598,1,0,0.22509111819250624,25
2462,12599,12600,0,0,0.07278491368535463,25
2463,12609,12610,1,1,0.5471178585012415,25
2464,12620,12621,0,0,0.07688755885134455,25
2465,12621,12622,0,0,0.17446103583786338,25
2466,12626,12627,0,0,0.07460825371693773,25
2467,12627,12628,1,0,0.21786185681176487,25
2468,12628,12629,0,0,0.20601528526399476,25
2469,12633,12634,0,0,0.1466628830961041,25
2470,12634,12635,0,0,1.7251327959505798E-6,25
2471,12636,12637,0,0,0.12689016925156568,25
2472,12643,12644,0,0,0.16813094867280678,25
2473,12656,12657,0,0,0.04278089624700955,25
2474,12660,12661,0,0,0.26146081816887895,25
2475,12665,12666,0,0,0.24465597091596147,25
2476,12669,12670,0,0,0.14276062141791843,25
2477,12680,12681,0,0,0.1465092396320358,25
2478,12682,12683,0,0,0.12253952702603184,25
2479,12685,12686,0,0,0.24702392489863217,25
2480,12696,12697,0,0,0.20523987988204065,25
2481,12701,12702,0,0,0.13230767834431253,25
2482,12705,12706,1,0,0.4686332458598065,25
2483,12711,12712,0,0,0.028277657574092493,25
2484,12716,12717,0,0,0.22300841209976463,25
2485,12719,12720,0,0,0.04965324273924911,25
2486,12720,12721,0,0,0.29922469543843067,25
2487,12726,12727,0,0,0.07626584403210558,25
2488,12727,12728,0,0,0.04418515515078466,25
2489,12734,12735,1,0,0.49573809856395235,25
2490,12735,12736,0,0,0.3211045018503792,25
2491,12738,12739,0,0,0.16762075418235964,25
2492,12740,12741,0,0,0.21839363035701823,25
2493,12741,12742,0,0,0.11720528301591027,25
2494,12750,12751,1,1,0.5385648398852375,25
2495,12759,12760,0,0,0.07950746000765876,25
2496,12761,12762,1,0,0.11782925080927432,25
2497,12763,12764,0,0,0.23986806535864086,25
2498,12769,12770,0,0,0.0961522592220467,25
2499,12770,12771,0,0,0.12228434852373528,25
2500,12772,12773,1,0,0.35422973708079364,25
2501,12773,12774,1,0,0.2160325213090922,25
2502,12774,12775,1,1,0.7268147134183957,25
2503,12776,12777,0,0,0.03001919215216318,25
2504,12782,12783,0,0,0.12751037426568934,25
2505,12783,12784,0,0,0.14145074399461127,25
2506,12785,12786,0,0,0.11200881196602987,25
2507,12786,12787,0,0,1.1797514284608085E-6,25
2508,12794,12795,1,0,0.11156699176380448,25
2509,12796,12797,1,0,0.3668700349138051,25
2510,12800,12801,1,0,0.17995016897026994,25
2511,12810,12811,1,1,0.6670498696403196,25
2512,12818,12819,0,0,0.3470688797116188,25
2513,12819,12820,0,1,0.7329423563016898,25
2514,12822,12823,0,1,0.5206806098738106,25
2515,12828,12829,0,0,0.03838448824374706,25
2516,12832,12833,0,0,0.1664365798102198,25
2517,12835,12836,1,1,0.7688415007318147,25
2518,12839,12840,0,0,2.575215232448435E-7,25
2519,12843,12844,0,0,0.21043760930550362,25
2520,12852,12853,0,0,0.03610001154312056,25
2521,12870,12871,1,0,0.16736123226055458,25
2522,12871,12872,0,0,0.08716699338031252,25
2523,12873,12874,1,0,0.2798286394125566,25
2524,12881,12882,0,0,0.20663048216189941,25
2525,12889,12890,0,0,0.06775226120768353,25
2526,12903,12904,0,0,0.10835771306971935,25
2527,12915,12916,0,0,0.040771118344213875,25
2528,12916,12917,0,0,0.07861391487131689,25
2529,12925,12926,0,0,1.364315115595725E-7,25
2530,12934,12935,0,0,0.1092392722431912,25
2531,12948,12949,1,0,0.40372381192500373,25
2532,12950,12951,0,0,0.29885504850516337,25
2533,12955,12956,1,1,0.9999992558884537,25
2534,12958,12959,1,1,0.6670549759811232,25
2535,12960,12961,0,0,0.11158615550626139,25
2536,12969,12970,0,0,0.19689207152198346,25
2537,12971,12972,1,0,0.21235572930142774,25
2538,12973,12974,0,0,0.2458975760245649,25
2539,12976,12977,0,0,0.3757404201173607,25
2540,12978,12979,0,0,0.3869619801427159,25
2541,12984,12985,0,0,0.19188117551155068,25
2542,12989,12990,0,0,0.09744024895799096,25
2543,12990,12991,1,0,0.38661445038727077,25
2544,12996,12997,1,1,0.5572359339072719,25
2545,12997,12998,1,0,0.48468389064758977,25
2546,13002,13003,0,0,0.03911547756210961,25
2547,13006,13007,0,0,0.17323138949075298,25
2548,13013,13014,0,0,0.22681802486073563,25
2549,13018,13019,0,0,0.1111934714985819,25
2550,13025,13026,0,0,0.14506721228694885,25
2551,13029,13030,1,0,0.2216078542057403,25
2552,13033,13034,0,0,0.03577000497629775,25
2553,13034,13035,0,0,0.1054859575425692,25
2554,13039,13040,0,0,2.999090264186338E-7,25
2555,13047,13048,0,0,5.819423284656751E-7,25
2556,13050,13051,1,1,0.7651275322820748,25
2557,13062,13063,0,0,0.16388382332523763,25
2558,13063,13064,1,0,0.033907065631752636,25
2559,13078,13079,0,0,0.23276645230055276,25
2560,13080,13081,0,0,0.07406852147121384,25
2561,13082,13083,1,0,0.28136116978467957,25
2562,13083,13084,1,1,0.7271789314063328,25
2563,13090,13091,0,0,3.599741057635644E-7,25
2564,13092,13093,1,1,0.7181234547538184,25
2565,13094,13095,0,0,0.28130001747674444,25
2566,13096,13097,0,1,0.5626459206116305,25
2567,13099,13100,0,0,0.12851762714009254,25
2568,13112,13113,0,0,0.08002484405270757,25
2569,13113,13114,0,0,0.19007140997722732,25
2570,13117,13118,0,0,0.039896574451601115,25
2571,13119,13120,0,0,3.541032375544873E-7,25
2572,13125,13126,0,0,0.24860498938060044,25
2573,13129,13130,0,0,0.1836418814508787,25
2574,13130,13131,0,0,0.24562909063486593,25
2575,13131,13132,0,0,0.29268807691526644,25
2576,13132,13133,0,0,0.231383714374027,25
2577,13136,13137,0,0,0.12173016565800543,25
2578,13138,13139,0,0,0.11775120843595836,25
2579,13145,13146,0,0,0.19070724125187719,25
2580,13155,13156,0,0,0.06660882778925158,25
2581,13157,13158,0,0,0.07646154851195759,25
2582,13169,13170,0,0,4.973786532281749E-7,25
2583,13171,13172,0,0,0.037409776572315145,25
2584,13174,13175,0,0,0.0950064376222164,25
2585,13176,13177,0,0,0.11317587634868392,25
2586,13177,13178,1,1,0.5505699728416544,25
2587,13185,13186,1,0,1.582094223645949E-6,25
2588,13189,13190,0,0,0.062242552287962966,25
2589,13192,13193,0,0,2.228418247082395E-7,25
2590,13195,13196,1,0,0.21845482475363087,25
2591,13200,13201,0,0,0.14747958653771445,25
2592,13203,13204,0,0,0.06837162237993108,25
2593,13208,13209,0,0,0.1506687262427755,25
2594,13209,13210,1,0,0.17168105678869278,25
2595,13220,13221,0,0,0.16048216990834552,25
2596,13225,13226,0,0,0.08526524518003023,25
2597,13233,13234,0,0,0.0842229094178356,25
2598,13234,13235,1,0,0.1996506994104025,25
2599,13238,13239,1,1,0.5590993053387739,25
2600,13239,13240,1,0,0.3638957917275747,25
2601,13246,13247,0,0,3.6902380920058757E-7,25
2602,13250,13251,0,0,0.3134984265205593,25
2603,13260,13261,0,0,0.2266040629553839,25
2604,13266,13267,1,0,0.12690335143529669,25
2605,13272,13273,0,0,0.4405255981136568,25
2606,13278,13279,0,0,0.03883944171801049,25
2607,13281,13282,1,0,0.14112725439544152,25
2608,13282,13283,0,1,0.7038283991589008,25
2609,13291,13292,1,1,0.8971024142918074,25
2610,13304,13305,0,0,0.0728849806717552,25
2611,13305,13306,1,0,0.27457544951798996,25
2612,13311,13312,0,0,0.1588529154508458,25
2613,13319,13320,0,0,0.031600978279996854,25
2614,13326,13327,1,0,0.34314149019933254,25
2615,13332,13333,0,0,0.12720916257158418,25
2616,13336,13337,0,0,0.24882330472664085,25
2617,13342,13343,0,0,0.11872729287184737,25
2618,13344,13345,1,0,0.11283363072368141,25
2619,13347,13348,0,0,0.1252113959170227,25
2620,13349,13350,0,0,0.06394321620229444,25
2621,13350,13351,0,0,0.15879647000828168,25
2622,13355,13356,0,0,0.025265881389913657,25
2623,13362,13363,0,0,0.243122261682374,25
2624,13366,13367,0,0,0.16405519846524375,25
2625,13389,13390,0,0,0.16471444812595568,25
2626,13390,13391,1,1,0.5263174301034329,25
2627,13392,13393,0,0,1.0040148647926891E-7,25
2628,13399,13400,1,0,0.4839219212978009,25
2629,13401,13402,1,0,0.038128472999365004,25
2630,13411,13412,0,0,0.07538691285972388,25
2631,13412,13413,1,0,0.3239842477450151,25
2632,13414,13415,0,0,0.2711387373966602,25
2633,13423,13424,1,0,0.2901616316019402,25
2634,13425,13426,0,0,0.24526439312781245,25
2635,13433,13434,0,0,0.07600100387057204,25
2636,13434,13435,0,0,0.03460717663685442,25
2637,13436,13437,0,0,0.14123579254511254,25
2638,13453,13454,0,0,0.2793474330766018,25
2639,13461,13462,0,0,0.12958535751832637,25
2640,13473,13474,0,0,0.16286662484620087,25
2641,13478,13479,1,1,0.7252691818102746,25
2642,13479,13480,1,1,0.7557390832736587,25
2643,13483,13484,0,0,0.04052741093272763,25
2644,13485,13486,0,0,0.06936077204068485,25
2645,13487,13488,0,0,0.08600861399615822,25
2646,13492,13493,0,0,0.03526391909266574,25
2647,13497,13498,1,0,0.21074022999199568,25
2648,13503,13504,1,0,0.1809066932027034,25
2649,13504,13505,1,1,0.5214515933839505,25
2650,13517,13518,0,0,0.046199640592011176,25
2651,13522,13523,0,0,0.2351292001737888,25
2652,13530,13531,0,0,0.2991228629757507,25
2653,13533,13534,0,0,0.2527261673984996,25
2654,13534,13535,0,0,0.08102563882670087,25
2655,13538,13539,0,0,0.08042769055192366,25
2656,13553,13554,0,0,0.044852384680427786,25
2657,13573,13574,0,0,0.07550635752614017,25
2658,13574,13575,0,0,0.1502992319815088,25
2659,13576,13577,0,0,0.1385005378829731,25
2660,13581,13582,0,0,0.23674221449488053,25
2661,13586,13587,0,0,0.24659168432773257,25
2662,13591,13592,0,0,0.05266289810849053,25
2663,13595,13596,0,0,0.1436207342746869,25
2664,13600,13601,0,0,0.156458572539663,25
2665,13602,13603,0,0,5.171855104029932E-7,25
2666,13603,13604,1,0,0.12020622706465127,25
2667,13617,13618,0,0,0.10950421237297335,25
2668,13619,13620,1,0,0.19148805198777477,25
2669,13620,13621,0,0,0.11397865627894938,25
2670,13621,13622,0,0,0.11629235024971932,25
2671,13625,13626,0,0,0.1183735244055898,25
2672,13628,13629,0,0,0.12538290759879522,25
2673,13638,13639,0,0,0.048695877104398363,25
2674,13647,13648,1,1,0.5843314365051586,25
2675,13649,13650,0,0,7.98313429107507E-7,25
2676,13651,13652,0,0,0.3057396058494592,25
2677,13656,13657,0,0,0.11235317388876181,25
2678,13661,13662,0,0,0.07010947750646442,25
2679,13664,13665,0,0,0.2777581551931992,25
2680,13667,13668,0,0,0.09421701069321776,25
2681,13668,13669,0,0,0.07443973835683448,25
2682,13670,13671,0,0,0.17810915139921982,25
2683,13678,13679,0,0,0.12662288168162264,25
2684,13680,13681,0,1,0.5987185562258722,25
2685,13695,13696,0,1,0.7115684317731873,25
2686,13696,13697,0,1,0.9044784968780774,25
2687,13702,13703,0,0,0.2608059258038549,25
2688,13704,13705,0,0,6.849351078954153E-7,25
2689,13705,13706,0,0,0.12495869232906806,25
2690,13706,13707,0,0,0.06552218250509455,25
2691,13716,13717,0,0,0.44944522511745205,25
2692,13717,13718,1,1,0.7914249047188568,25
2693,13719,13720,0,1,0.7587118622138508,25
2694,13720,13721,1,0,0.2157266077000059,25
2695,13724,13725,0,0,0.28057835523762603,25
2696,13726,13727,0,0,0.2033521186477213,25
2697,13730,13731,1,0,0.3990544322050248,25
2698,13732,13733,0,0,0.2789668256183421,25
2699,13737,13738,0,0,0.16928055183375923,25
2700,13739,13740,1,1,0.8642594454908696,25
2701,13741,13742,1,0,0.12010508023799396,25
2702,13745,13746,0,0,0.4442360867366384,25
2703,13749,13750,0,0,0.27761639585412123,25
2704,13767,13768,0,0,0.13498615965108676,25
2705,13770,13771,0,0,0.1162421970292858,25
2706,13779,13780,0,0,0.1533293006041193,25
2707,13786,13787,0,0,0.08669378748429868,25
2708,13793,13794,0,0,0.08048762893534295,25
2709,13794,13795,0,0,0.07465858161596611,25
2710,13797,13798,0,0,0.35592253576951566,25
2711,13800,13801,0,1,0.5837181754666041,25
2712,13801,13802,0,0,0.2865644123136413,25
2713,13805,13806,0,0,0.09957379661099522,25
2714,13809,13810,0,0,0.4283039416095433,25
2715,13811,13812,0,0,0.09549727716513355,25
2716,13823,13824,0,0,0.1562385840393364,25
2717,13825,13826,0,0,6.121088552091374E-7,25
2718,13828,13829,0,0,0.14674221643758958,25
2719,13833,13834,0,0,0.08148877507782391,25
2720,13837,13838,0,0,0.1721438420920206,25
2721,13841,13842,0,0,0.032592213709952036,25
2722,13849,13850,0,0,0.1593898003121977,25
2723,13852,13853,0,0,0.20939347700637348,25
2724,13860,13861,0,0,0.14663042278506333,25
2725,13861,13862,1,0,0.256565211811722,25
2726,13862,13863,0,0,0.11702440771880504,25
2727,13866,13867,0,0,0.17177157086794284,25
2728,13867,13868,0,0,0.038019991237940864,25
2729,13869,13870,0,0,0.16215029297960232,25
2730,13872,13873,0,1,0.5326098555059434,25
2731,13874,13875,0,0,0.041214500796448714,25
2732,13876,13877,0,1,0.6364895062114663,25
2733,13877,13878,0,0,0.34843437536124944,25
2734,13879,13880,0,0,0.1572902833301566,25
2735,13881,13882,1,0,0.438263798286406,25
2736,13900,13901,0,0,0.26244178366856546,25
2737,13903,13904,0,0,0.39536601412020417,25
2738,13905,13906,0,0,0.039053688657062276,25
2739,13915,13916,0,0,0.2078380288710558,25
2740,13918,13919,0,0,0.13239951992309543,25
2741,13920,13921,0,0,0.04332528381156642,25
2742,13922,13923,1,0,0.23180313820170215,25
2743,13926,13927,0,0,0.22349837232618985,25
2744,13932,13933,0,1,0.5244316459159858,25
2745,13933,13934,0,0,0.1556000469201587,25
2746,13938,13939,0,0,0.13423024880560286,25
2747,13941,13942,1,0,0.28484467102009703,25
2748,13942,13943,0,0,0.122212703038939,25
2749,13943,13944,1,0,0.2996054898415008,25
2750,13953,13954,0,0,0.03924613824902273,25
2751,13954,13955,0,0,0.13142418991070617,25
2752,13956,13957,1,0,0.32455990718414673,25
2753,13960,13961,0,1,0.8060607747703494,25
2754,13964,13965,0,0,0.4599915672937614,25
2755,13966,13967,1,1,0.8762526495962293,25
2756,13968,13969,1,0,0.3744142215705202,25
2757,13969,13970,0,0,0.11838111932944737,25
2758,13973,13974,0,0,0.47891729575811465,25
2759,13979,13980,1,0,0.07949865248919452,25
2760,13980,13981,0,0,0.19032788408159307,25
2761,13990,13991,0,0,0.11621870889927738,25
2762,13995,13996,0,0,0.1492367292290893,25
2763,13997,13998,1,1,0.680244221885458,25
2764,13998,13999,0,0,0.11598563518911595,25
2765,14005,14006,0,0,0.03831127415107841,25
2766,14007,14008,1,0,0.11253157287963551,25
2767,14008,14009,0,0,0.2786460684286731,25
2768,14026,14027,0,0,2.4473060037493294E-7,25
2769,14030,14031,1,0,0.2712836231349536,25
2770,14031,14032,0,0,0.16232103299425102,25
2771,14041,14042,0,0,0.022297123726444323,25
2772,14049,14050,1,0,0.36026510064950784,25
2773,14051,14052,0,0,0.15292796626230637,25
2774,14054,14055,0,0,0.10101040859011856,25
2775,14058,14059,0,0,0.15100205861533444,25
2776,14071,14072,1,0,0.24217414750673302,25
2777,14074,14075,1,1,0.5833440746137474,25
2778,14077,14078,0,0,0.17413585908023743,25
2779,14080,14081,0,0,0.39217450462124587,25
2780,14088,14089,0,0,0.08419103272539366,25
2781,14089,14090,0,0,0.06936760551199489,25
2782,14107,14108,0,0,0.03926668928594397,25
2783,14125,14126,0,0,0.03972373725191545,25
2784,14137,14138,0,0,0.0879978051088842,25
2785,14138,14139,0,0,0.15141644121097497,25
2786,14140,14141,0,0,0.33890342619940805,25
2787,14151,14152,0,0,0.23630478827868062,25
2788,14153,14154,0,0,0.15519849132358327,25
2789,14159,14160,1,0,0.2125434366189943,25
2790,14161,14162,1,1,0.5156830636567095,25
2791,14165,14166,0,0,0.09000848069844049,25
2792,14167,14168,1,0,0.18613758659273397,25
2793,14168,14169,0,0,0.08823152206964306,25
2794,14176,14177,1,1,0.7348950552840441,25
2795,14185,14186,0,0,0.08068562131359297,25
2796,14187,14188,0,0,0.0780160186467035,25
2797,14188,14189,0,0,0.19860409863365358,25
2798,14192,14193,0,0,0.07539480524244031,25
2799,14193,14194,0,0,0.09152231692221162,25
2800,14196,14197,0,0,3.096400374657063E-7,25
2801,14198,14199,0,0,0.07758290187313108,25
2802,14204,14205,1,0,0.35429436212523535,25
2803,14213,14214,0,0,0.20274535029218857,25
2804,14214,14215,1,0,0.3049578681410056,25
2805,14220,14221,1,1,0.8535891941465733,25
2806,14223,14224,0,0,0.20830274413436228,25
2807,14224,14225,0,0,0.0790330805684043,25
2808,14225,14226,1,1,0.7681634434012331,25
2809,14234,14235,0,0,3.324032729789259E-7,25
2810,14238,14239,0,0,0.07164444228216592,25
2811,14240,14241,0,0,0.17414082302669678,25
2812,14251,14252,1,1,0.6241064410549442,25
2813,14254,14255,0,0,0.36744014886467236,25
2814,14261,14262,1,0,0.1188535001532361,25
2815,14263,14264,0,0,0.0777421786452575,25
2816,14277,14278,0,0,0.4502187593489273,25
2817,14279,14280,1,0,0.2560929194854657,25
2818,14281,14282,0,0,0.15913537735291716,25
2819,14285,14286,0,0,9.495449247900437E-7,25
2820,14303,14304,0,0,0.42680136346170644,25
2821,14304,14305,0,0,0.12222321925889111,25
2822,14307,14308,0,0,0.08123782852485097,25
2823,14308,14309,0,0,0.12382543204141701,25
2824,14318,14319,0,0,0.0494785162488641,25
2825,14319,14320,0,0,0.1632655269099673,25
2826,14326,14327,0,0,0.19426660335986273,25
2827,14330,14331,1,1,0.6803979589295552,25
2828,14331,14332,0,0,0.08155631635507755,25
2829,14336,14337,0,0,2.0798838893847945E-7,25
2830,14340,14341,0,1,0.6639753906650132,25
2831,14346,14347,0,0,0.08736196243637757,25
2832,14353,14354,0,0,0.07605885527313618,25
2833,14354,14355,1,0,0.44174592875655827,25
2834,14356,14357,0,0,0.22145512743675194,25
2835,14364,14365,0,0,0.2336907342912443,25
2836,14369,14370,0,0,0.15931551906709157,25
2837,14373,14374,1,0,0.12824937647949128,25
2838,14379,14380,0,0,0.08048646993354562,25
2839,14394,14395,0,0,3.579321587276142E-7,25
2840,14398,14399,0,0,6.401002068797908E-7,25
2841,14400,14401,0,0,0.03121394583666769,25
2842,14401,14402,0,0,0.4696037962952072,25
2843,14412,14413,0,0,0.0751531335976789,25
2844,14415,14416,0,0,0.06560739204793808,25
2845,14417,14418,0,0,0.15648310554131994,25
2846,14418,14419,0,1,0.8418832724920654,25
2847,14421,14422,0,0,0.15613053774809604,25
2848,14422,14423,0,0,0.10616791117278762,25
2849,14423,14424,0,0,0.04087964871089631,25
2850,14424,14425,0,0,0.19815924056412526,25
2851,14432,14433,0,0,0.043467410424810504,25
2852,14433,14434,0,0,0.04126913796725407,25
2853,14434,14435,1,0,0.3175527355235161,25
2854,14438,14439,0,0,0.09796382270479757,25
2855,14439,14440,1,1,0.7129225637230486,25
2856,14440,14441,0,0,0.20935119101704963,25
2857,14444,14445,0,0,0.21430952016474608,25
2858,14446,14447,1,1,0.6861673513482656,25
2859,14464,14465,0,0,0.08070776317908572,25
2860,14466,14467,0,0,0.12534168930184697,25
2861,14470,14471,1,0,0.42692733274763195,25
2862,14471,14472,1,1,0.5101609378251954,25
2863,14480,14481,1,0,0.20436369635697021,25
2864,14496,14497,1,0,0.2017604423829347,25
2865,14499,14500,0,1,0.5979647117740873,25
2866,14507,14508,0,0,7.305778612083485E-7,25
2867,14513,14514,0,0,0.16252861887576214,25
2868,14522,14523,0,0,0.15547248930038282,25
2869,14524,14525,0,0,0.1697246685034081,25
2870,14531,14532,0,0,0.11750017120458517,25
2871,14532,14533,0,0,0.2087666438826237,25
2872,14537,14538,1,0,0.11077419517430921,25
2873,14541,14542,1,1,0.6508039027842724,25
2874,14542,14543,1,1,0.822203588521067,25
2875,14548,14549,0,0,0.1217357764012724,25
2876,14559,14560,0,0,0.07807963128084908,25
2877,14561,14562,0,0,0.21961244603535074,25
2878,14562,14563,1,1,0.7599706626297072,25
2879,14567,14568,0,0,0.03457303017524038,25
2880,14583,14584,1,0,0.46422619948811483,25
2881,14584,14585,0,0,0.19894672002137226,25
2882,14592,14593,0,0,0.0650296487436814,25
2883,14593,14594,0,0,0.22861454606726625,25
2884,14599,14600,0,0,0.039194681492180236,25
2885,14601,14602,0,0,0.20485854852239063,25
2886,14603,14604,0,0,0.11675019477831902,25
2887,14605,14606,0,0,0.15697961632517476,25
2888,14621,14622,0,0,0.043235255234939915,25
2889,14622,14623,0,0,0.09776934983797511,25
2890,14632,14633,0,0,0.14592246255022542,25
2891,14634,14635,0,0,3.115485047153203E-7,25
2892,14641,14642,0,0,0.19162985247603,25
2893,14646,14647,0,1,0.6657834581751843,25
2894,14661,14662,0,0,0.1394321302236878,25
2895,14662,14663,0,0,0.03651021389666588,25
2896,14672,14673,0,0,0.11247083488328012,25
2897,14673,14674,0,0,0.2387198226527731,25
2898,14682,14683,0,0,0.385481444341231,25
2899,14683,14684,0,0,0.16463197078660113,25
2900,14684,14685,0,0,0.2180489403598085,25
2901,14690,14691,1,0,0.17540680339180337,25
2902,14691,14692,1,1,0.663473075065579,25
2903,14696,14697,0,0,0.038579410968040545,25
2904,14701,14702,0,0,0.2585783856473943,25
2905,14704,14705,0,0,0.08942669855472982,25
2906,14707,14708,1,1,0.51043727167538,25
2907,14717,14718,0,1,0.7191811307764937,25
2908,14722,14723,1,1,0.7846605250742925,25
2909,14723,14724,0,0,0.07899985558731927,25
2910,14725,14726,0,0,0.1577272351649076,25
2911,14727,14728,1,0,0.0891396121490117,25
2912,14736,14737,0,0,0.04218866543121755,25
2913,14740,14741,0,0,0.4140354216797679,25
2914,14748,14749,0,0,0.19273365019022057,25
2915,14752,14753,0,0,0.03328836199402426,25
2916,14757,14758,0,1,0.6176701193948372,25
2917,14761,14762,0,0,0.3279382268783237,25
2918,14763,14764,1,1,0.6495421972293501,25
2919,14766,14767,1,0,0.10954250889232352,25
2920,14768,14769,0,0,0.12956257818935468,25
2921,14786,14787,1,0,0.03419810450936587,25
2922,14793,14794,1,1,0.841369037822523,25
2923,14800,14801,1,0,0.29213962725212367,25
2924,14801,14802,0,0,0.25957105319645385,25
2925,14805,14806,0,1,0.6415073645509997,25
2926,14807,14808,0,1,0.5255402091732125,25
2927,14811,14812,0,0,0.09500753224065009,25
2928,14814,14815,0,0,0.2816499715307003,25
2929,14818,14819,0,0,0.10857578019843221,25
2930,14821,14822,0,0,0.04534683176165943,25
2931,14822,14823,1,0,0.17665357127705492,25
2932,14823,14824,0,0,0.2581224333167111,25
2933,14834,14835,0,0,0.08089975276288826,25
2934,14835,14836,0,0,0.10900358036485486,25
2935,14855,14856,0,0,0.19617837747111433,25
2936,14860,14861,0,1,0.7665515920330724,25
2937,14862,14863,0,0,0.18241171424038696,25
2938,14864,14865,1,0,0.3407351557943084,25
2939,14873,14874,1,0,0.4356223111735301,25
2940,14879,14880,0,0,0.03310434662911716,25
2941,14881,14882,0,0,0.43923981884033697,25
2942,14882,14883,0,0,0.03827736865493209,25
2943,14883,14884,1,1,0.543793751272831,25
2944,14884,14885,1,0,0.1765314079854266,25
2945,14888,14889,0,0,0.24970774174102514,25
2946,14890,14891,0,0,0.23496156705364446,25
2947,14899,14900,0,0,0.07795984202252389,25
2948,14902,14903,0,0,0.07243237446325244,25
2949,14911,14912,0,0,0.12681993193615407,25
2950,14914,14915,1,1,0.5876606853884706,25
2951,14915,14916,0,0,0.08301743867536557,25
2952,14919,14920,0,0,0.08008931670673677,25
2953,14922,14923,0,1,0.5839578259331126,25
2954,14924,14925,0,0,0.11713750453579846,25
2955,14926,14927,0,0,0.08415040775539306,25
2956,14927,14928,1,0,0.45316168416113556,25
2957,14936,14937,1,0,0.084252225586072,25
2958,14940,14941,0,0,0.19198429600016417,25
2959,14944,14945,0,0,0.16427199874294623,25
2960,14945,14946,1,0,0.2287268842440499,25
2961,14955,14956,0,0,0.11000194852273475,25
2962,14956,14957,0,0,0.1073419898591089,25
2963,14959,14960,0,0,0.31565839993079015,25
2964,14961,14962,0,0,0.36964169999533886,25
2965,14965,14966,0,0,0.12683944099666666,25
2966,14967,14968,0,0,0.16398175349644425,25
2967,14969,14970,1,0,0.13569453293258057,25
2968,14971,14972,1,0,0.45008499478501235,25
2969,14973,14974,1,1,0.8839311646160233,25
2970,14975,14976,1,0,0.15616613830243528,25
2971,14980,14981,1,1,0.7437535889498298,25
2972,14989,14990,0,0,0.1632438549507779,25
2973,14995,14996,0,0,0.182050051386869,25
2974,15016,15017,0,1,0.5889960568430939,25
2975,15018,15019,0,1,0.5590281887702271,25
2976,15020,15021,0,0,0.49051464539654194,25
2977,15024,15025,0,0,0.46836483723562866,25
2978,15028,15029,0,0,0.12028707979655504,25
2979,15030,15031,1,0,0.37064646994134,25
2980,15033,15034,1,1,0.6414220859076071,25
2981,15037,15038,0,0,0.3696307970109287,25
2982,15041,15042,0,0,0.13310783464350767,25
2983,15048,15049,0,0,0.11470549431284997,25
2984,15051,15052,0,0,4.86893471099011E-7,25
2985,15056,15057,0,1,0.6116809154125431,25
2986,15066,15067,0,0,0.138927134125014,25
2987,15074,15075,0,0,0.1973317487948862,25
2988,15075,15076,0,0,4.5722858550306036E-7,25
2989,15083,15084,0,0,0.03836166498204841,25
2990,15084,15085,1,0,0.15448336606910287,25
2991,15085,15086,0,0,0.03526917216951709,25
2992,15088,15089,0,1,0.5633477076050356,25
2993,15089,15090,0,0,0.18525484427837705,25
2994,15096,15097,0,0,1.1298248742293058E-7,25
2995,15101,15102,0,0,0.05431730110058856,25
2996,15102,15103,0,0,0.429515556651653,25
2997,15104,15105,0,0,0.03812646034417087,25
2998,15110,15111,0,1,0.612148744109636,25
2999,15112,15113,0,0,0.108862112358307,25
3000,15117,15118,0,1,0.7853341129573688,25
3001,15119,15120,1,1,0.6316378768890963,25
3002,15122,15123,0,0,0.20198315701320704,25
3003,15139,15140,1,0,0.14829468676513102,25
3004,15142,15143,0,0,0.11441040661103226,25
3005,15143,15144,0,0,0.10425764468776502,25
3006,15144,15145,0,0,0.0700013191459425,25
3007,15151,15152,1,1,0.6376123958868295,25
3008,15156,15157,0,0,0.1542114751346945,25
3009,15159,15160,0,1,0.6093656746305701,25
3010,15160,15161,1,1,0.7467224210363342,25
3011,15161,15162,0,0,0.2574663204158756,25
3012,15166,15167,0,0,0.1516660745074398,25
3013,15167,15168,0,0,0.16736666818987475,25
3014,15170,15171,0,0,0.1291959105711732,25
3015,15177,15178,0,0,0.09716895196566383,25
3016,15180,15181,1,1,0.7541457476698089,25
3017,15183,15184,0,0,0.07820185198083425,25
3018,15191,15192,0,0,0.06841869748001747,25
3019,15195,15196,0,0,0.15916534039475352,25
3020,15197,15198,0,0,0.036900383226901715,25
3021,15200,15201,1,1,0.660279541143,25
3022,15201,15202,1,1,0.824061111207366,25
3023,15208,15209,0,0,0.19144824162371113,25
3024,15212,15213,1,0,0.02195603380996233,25
3025,15223,15224,1,0,0.2131579353217221,25
3026,15224,15225,0,0,0.13401007167053258,25
3027,15225,15226,1,1,0.7041532179577745,25
3028,15228,15229,0,1,0.6079267741468106,25
3029,15242,15243,0,0,0.1922870070318384,25
3030,15249,15250,0,0,0.041763362871024515,25
3031,15253,15254,0,0,3.5187915842402767E-7,25
3032,15255,15256,0,0,0.1494570057256116,25
3033,15258,15259,0,0,0.15399045129177016,25
3034,15263,15264,0,0,0.07378048590464803,25
3035,15265,15266,0,0,0.03927421211216543,25
3036,15267,15268,0,1,0.5223577579231768,25
3037,15270,15271,1,0,0.30900865729421995,25
3038,15279,15280,1,0,0.37474442568370436,25
3039,15282,15283,0,0,0.06587605593396899,25
3040,15284,15285,0,0,0.0821702032315389,25
3041,15288,15289,0,0,4.5230680872417396E-7,25
3042,15296,15297,0,0,0.27356877373574673,25
3043,15300,15301,0,0,0.04023555799656478,25
3044,15303,15304,1,0,0.13492187124117203,25
3045,15304,15305,0,0,0.038769527136667724,25
3046,15308,15309,0,1,0.538761317757936,25
3047,15309,15310,0,0,0.2478154830557498,25
3048,15311,15312,0,0,0.36123877372524926,25
3049,15312,15313,0,0,0.08724631850010287,25
3050,15316,15317,1,0,0.2685255858133776,25
3051,15330,15331,0,0,0.08180928619480324,25
3052,15336,15337,0,0,0.24384576262506943,25
3053,15348,15349,0,0,2.7711245051643405E-7,25
3054,15352,15353,0,0,0.3535932609185015,25
3055,15360,15361,0,0,0.1264551594125239,25
3056,15362,15363,0,0,0.060996959590537976,25
3057,15367,15368,0,0,0.4232929858159659,25
3058,15373,15374,0,0,1.8481881302856647E-7,25
3059,15375,15376,0,0,0.14809116111733606,25
3060,15385,15386,1,0,0.329634307516434,25
3061,15386,15387,0,0,0.17167811101886887,25
3062,15387,15388,0,0,0.10833142445245474,25
3063,15393,15394,0,0,0.3015683718990619,25
3064,15397,15398,0,0,0.04640016917586018,25
3065,15399,15400,0,0,0.25716354190084373,25
3066,15400,15401,0,1,0.6320508358271368,25
3067,15402,15403,0,0,0.110543883347252,25
3068,15405,15406,0,0,0.1765768364902346,25
3069,15407,15408,0,0,0.04298259332633376,25
3070,15416,15417,0,0,0.3121040548237907,25
3071,15421,15422,1,0,0.40321723211840355,25
3072,15422,15423,0,0,7.080543333937441E-7,25
3073,15423,15424,0,0,0.30179766503783556,25
3074,15424,15425,1,1,0.6233781541846953,25
3075,15425,15426,0,0,0.035828716170841435,25
3076,15449,15450,0,0,6.67504511108746E-7,25
3077,15452,15453,0,0,0.2321380631948953,25
3078,15454,15455,1,1,0.6638541529744845,25
3079,15457,15458,0,0,0.28927705283255506,25
3080,15460,15461,0,0,0.12366577534098298,25
3081,15462,15463,0,0,0.1526853441128291,25
3082,15464,15465,0,0,0.07804125037372472,25
3083,15468,15469,1,0,0.27573388769438184,25
3084,15469,15470,1,1,0.8452921374501696,25
3085,15478,15479,0,0,0.036118193875234655,25
3086,15482,15483,0,0,0.07316336865160443,25
3087,15491,15492,0,0,0.045307378765037064,25
3088,15497,15498,1,1,0.8054958452668535,25
3089,15506,15507,0,0,0.19538937523545344,25
3090,15513,15514,1,0,0.03355203769152447,25
3091,15519,15520,0,0,0.10948281974914173,25
3092,15520,15521,0,0,0.03575290090598234,25
3093,15523,15524,0,0,4.2999960905306367E-7,25
3094,15525,15526,0,0,0.1671625444325428,25
3095,15527,15528,0,0,0.10228757924789048,25
3096,15529,15530,0,0,0.039576263787766026,25
3097,15531,15532,1,0,0.43457750173915916,25
3098,15541,15542,0,0,0.14594074533857784,25
3099,15545,15546,1,0,0.4204777953184708,25
3100,15548,15549,1,0,0.07134218380660978,25
3101,15557,15558,0,0,0.03315497984107464,25
3102,15568,15569,0,0,0.070249848258294,25
3103,15573,15574,0,0,0.28381757382189776,25
3104,15586,15587,0,0,0.08325124596164565,25
3105,15588,15589,0,0,2.227875223832892E-7,25
3106,15590,15591,0,0,0.10686509913457866,25
3107,15593,15594,1,0,0.42830389840368416,25
3108,15596,15597,0,0,0.2310227207875485,25
3109,15599,15600,1,1,0.5664368402052143,25
3110,15603,15604,0,0,0.07994832573064736,25
3111,15613,15614,0,0,0.09357582720003932,25
3112,15615,15616,1,1,0.5248961487355229,25
3113,15617,15618,0,0,0.032954467574408904,25
3114,15618,15619,1,0,0.04305240107684786,25
3115,15621,15622,0,0,2.0670818991646945E-7,25
3116,15635,15636,0,0,0.0718029383732699,25
3117,15639,15640,0,0,0.09332254471432391,25
3118,15641,15642,0,0,0.0787202731435585,25
3119,15653,15654,0,0,0.1594371622196315,25
3120,15654,15655,0,0,0.15817636991009074,25
3121,15659,15660,0,0,3.8611295649588277E-7,25
3122,15660,15661,0,0,0.2802025612941527,25
3123,15666,15667,0,0,0.17567340428054226,25
3124,15669,15670,0,0,0.16149029885811841,25
3125,15674,15675,0,0,0.19557968153040514,25
3126,15681,15682,1,0,0.3238981195366374,25
3127,15683,15684,0,0,0.40699638052559994,25
3128,15690,15691,0,0,0.33936739922270925,25
3129,15692,15693,0,0,0.19128046500710766,25
3130,15693,15694,0,0,0.0829593680583099,25
3131,15697,15698,0,0,0.11743265929881518,25
3132,15699,15700,0,0,0.40117170287946535,25
3133,15702,15703,0,0,4.301270407301934E-7,25
3134,15703,15704,0,0,0.3158888290787459,25
3135,15705,15706,0,0,0.21831542794617648,25
3136,15712,15713,0,0,0.06965703745981705,25
3137,15717,15718,0,0,0.1364623941771034,25
3138,15720,15721,0,0,0.16173051425311663,25
3139,15722,15723,0,0,0.16877849575417114,25
3140,15728,15729,0,0,0.08679588785302052,25
3141,15730,15731,0,0,0.2485033309172946,25
3142,15731,15732,0,0,0.2765429697193807,25
3143,15743,15744,0,0,0.1573591264896091,25
3144,15752,15753,0,1,0.6696077364483312,25
3145,15757,15758,1,1,0.7572540030737994,25
3146,15761,15762,0,0,5.930875078359072E-7,25
3147,15764,15765,0,0,0.15274730217401794,25
3148,15767,15768,0,0,0.17463117611592052,25
3149,15769,15770,0,0,0.040093887533464156,25
3150,15774,15775,1,1,0.6253364690170539,25
3151,15777,15778,1,0,0.3770200181445529,25
3152,15784,15785,1,1,0.6552262419611264,25
3153,15787,15788,0,0,0.03298153331987009,25
3154,15790,15791,0,0,0.09027576044052113,25
3155,15793,15794,0,0,0.16697921886601622,25
3156,15794,15795,0,0,0.21152967620647228,25
3157,15799,15800,0,0,0.10260714280736534,25
3158,15801,15802,0,0,0.11450749770696929,25
3159,15806,15807,0,0,0.034047635220512226,25
3160,15810,15811,1,1,0.5773167263621387,25
3161,15818,15819,0,0,3.2866065606318345E-7,25
3162,15821,15822,0,0,0.1636107945909179,25
3163,15836,15837,0,0,0.15857279315863337,25
3164,15847,15848,0,0,0.0835607633404312,25
3165,15848,15849,0,0,1.288462112766554E-7,25
3166,15859,15860,0,0,0.12058816660668244,25
3167,15861,15862,1,1,0.6706240307358513,25
3168,15868,15869,0,0,0.034747259927520015,25
3169,15872,15873,0,0,1.641679017074021E-7,25
3170,15877,15878,1,0,0.2599210036834172,25
3171,15882,15883,0,0,0.12176187870342381,25
3172,15886,15887,0,0,0.2866531874299476,25
3173,15887,15888,0,0,0.03238299250349792,25
3174,15888,15889,0,0,0.4472076926810284,25
3175,15889,15890,0,0,0.08742953599544237,25
3176,15890,15891,1,1,0.5693640675134363,25
3177,15897,15898,0,0,0.36373743165325234,25
3178,15899,15900,0,0,0.2172374971884792,25
3179,15900,15901,0,0,0.12500211081679935,25
3180,15906,15907,0,0,0.03017388865500252,25
3181,15909,15910,0,1,0.7707905967072958,25
3182,15923,15924,0,0,0.0832073312266355,25
3183,15925,15926,0,0,0.12892508667470695,25
3184,15930,15931,0,0,0.07541891923655027,25
3185,15935,15936,1,1,0.7361441972024058,25
3186,15945,15946,0,0,1.6041821742619166E-7,25
3187,15950,15951,1,1,0.5256570848387816,25
3188,15955,15956,0,0,0.06610909033639456,25
3189,15960,15961,0,0,0.0332151403123297,25
3190,15964,15965,1,1,0.6800903796595708,25
3191,15972,15973,1,1,0.5398738939767099,25
3192,15974,15975,0,0,0.036749917257685664,25
3193,15976,15977,1,0,0.33769227324212897,25
3194,15980,15981,0,0,0.39893504502700267,25
3195,15988,15989,1,0,0.04591549658564649,25
3196,15996,15997,1,0,0.05167632703068152,25
3197,16005,16006,0,0,0.08105520516165261,25
3198,16007,16008,0,1,0.568920627277444,25
3199,16009,16010,0,0,0.30309584386598215,25
3200,16012,16013,0,0,0.1197520924196642,25
3201,16018,16019,0,0,0.03587570140985592,25
3202,16050,16051,0,0,0.0388837449599348,25
3203,16051,16052,0,0,0.1546796484782215,25
3204,16055,16056,0,0,0.1253862808609676,25
3205,16056,16057,0,0,0.19613965083819995,25
3206,16069,16070,0,0,0.22977360656039778,25
3207,16071,16072,0,0,0.035739958769116384,25
3208,16073,16074,0,0,0.12350363186044892,25
3209,16080,16081,0,0,0.030584354781276638,25
3210,16081,16082,0,0,1.6186766511762734E-7,25
3211,16087,16088,1,0,0.1731331162851642,25
3212,16088,16089,1,0,0.10029158162433605,25
3213,16099,16100,1,0,0.10081421621409546,25
3214,16100,16101,1,0,0.2942513260241486,25
3215,16103,16104,0,0,0.49442763108671267,25
3216,16104,16105,1,0,0.047211007063131895,25
3217,16121,16122,1,0,0.3524631586711646,25
3218,16123,16124,0,0,0.11583188128762249,25
3219,16125,16126,1,1,0.5327750201039687,25
3220,16128,16129,1,0,0.03039769011120916,25
3221,16129,16130,0,0,0.11715688887057818,25
3222,16131,16132,0,0,0.30205198599819877,25
3223,16132,16133,1,1,0.7588990860879418,25
3224,16139,16140,0,0,0.03691875533266711,25
3225,16143,16144,0,0,0.036768424094315716,25
3226,16147,16148,0,0,0.12136355259511156,25
3227,16176,16177,0,0,0.14825814858850797,25
3228,16192,16193,0,0,6.739730791770481E-7,25
3229,16195,16196,1,0,0.11701406050116128,25
3230,16219,16220,1,0,0.23697710060262173,25
3231,16240,16241,0,0,0.0926756969095104,25
3232,16249,16250,0,0,0.2711689255595776,25
3233,16250,16251,0,0,0.336577091154464,25
3234,16254,16255,1,0,0.17554369826270955,25
3235,16256,16257,0,0,0.11284779841531332,25
3236,16262,16263,0,0,0.08618506927429373,25
3237,16266,16267,0,0,0.06613744215029764,25
3238,16271,16272,0,0,0.11672179341512878,25
3239,16273,16274,0,0,0.2709746481205585,25
3240,16276,16277,1,0,5.882123970493133E-7,25
3241,16277,16278,0,0,0.042637123380577874,25
3242,16279,16280,0,0,0.094842129547269,25
3243,16283,16284,0,0,0.037645919032256746,25
3244,16294,16295,1,0,0.43177785762381543,25
3245,16308,16309,0,0,0.11554934579356226,25
3246,16312,16313,0,0,2.974739207220948E-7,25
3247,16321,16322,0,0,6.410528512562597E-7,25
3248,16325,16326,0,0,0.39880465858162767,25
3249,16327,16328,0,0,0.09694748062983652,25
3250,16335,16336,0,0,0.2954060420464099,25
3251,16342,16343,0,0,0.10084950133769514,25
3252,16344,16345,0,0,0.2780736388538409,25
3253,16362,16363,0,0,0.4117745674572005,25
3254,16367,16368,1,0,0.14975457196269892,25
3255,16373,16374,0,0,7.820538947268251E-7,25
3256,16377,16378,0,0,0.0379993549164044,25
3257,16380,16381,1,0,0.19574537970047873,25
3258,16387,16388,0,0,0.11708606521166504,25
3259,16392,16393,0,0,0.15553661119168768,25
3260,16393,16394,0,0,0.16172185250152965,25
3261,16395,16396,0,0,0.034421719130486236,25
3262,16401,16402,0,0,0.2992288426852597,25
3263,16406,16407,1,0,0.23553195326683288,25
3264,16417,16418,0,0,0.16666351838631424,25
3265,16424,16425,0,0,0.1037741708846578,25
3266,16429,16430,0,0,0.28799434042223115,25
3267,16435,16436,0,0,0.1359631747398157,25
3268,16436,16437,0,0,0.287212714770139,25
3269,16445,16446,0,0,0.11819020688884693,25
3270,16446,16447,1,1,0.607412968329262,25
3271,16452,16453,0,0,0.11912600980601254,25
3272,16456,16457,1,0,0.03547597455201749,25
3273,16459,16460,1,1,0.5690563455693938,25
3274,16460,16461,0,0,0.14363681665878802,25
3275,16463,16464,1,1,0.5618421814605478,25
3276,16468,16469,0,0,0.06777714657810177,25
3277,16470,16471,0,0,0.22217020263228804,25
3278,16490,16491,1,0,0.4479244218137117,25
3279,16494,16495,0,0,0.03932712971330041,25
3280,16503,16504,0,0,0.28434425201062363,25
3281,16508,16509,0,0,0.23824198826583423,25
3282,16516,16517,0,0,0.15436987846720227,25
3283,16519,16520,1,0,0.3207491542728503,25
3284,16522,16523,0,0,0.42300012822384214,25
3285,16523,16524,0,0,0.1329804749405083,25
3286,16524,16525,0,1,0.5050761825594531,25
3287,16526,16527,0,1,0.6412601049537952,25
3288,16533,16534,0,0,0.0834565354787683,25
3289,16542,16543,1,1,0.8367654136816802,25
3290,16545,16546,0,0,0.30990001979515874,25
3291,16554,16555,1,1,0.8020779581897425,25
3292,16564,16565,0,0,0.07483853811713097,25
3293,16571,16572,0,1,0.6105071155997999,25
3294,16575,16576,0,0,0.1650447837914738,25
3295,16580,16581,0,0,0.15315194904983961,25
3296,16582,16583,1,0,0.07902838271801092,25
3297,16585,16586,0,0,0.03513395891672787,25
3298,16586,16587,0,0,0.03554419133679477,25
3299,16594,16595,1,0,0.4490719414317911,25
3300,16597,16598,0,0,0.040312506057261055,25
3301,16606,16607,0,0,0.09488368199707158,25
3302,16611,16612,0,0,0.3509510969586637,25
3303,16612,16613,1,1,0.6163385534308926,25
3304,16622,16623,1,1,0.563620988356869,25
3305,16625,16626,1,1,0.7370869512126347,25
3306,16629,16630,0,0,0.15164514063146284,25
3307,16630,16631,0,0,0.28260430079635646,25
3308,16638,16639,0,0,0.16091586779573233,25
3309,16642,16643,0,1,0.5478013255760787,25
3310,16655,16656,0,0,0.03807359007703035,25
3311,16656,16657,0,0,0.2152728210148035,25
3312,16658,16659,0,0,0.15330093923650912,25
3313,16660,16661,0,0,0.2495099261931072,25
3314,16664,16665,0,0,0.13325080909977222,25
3315,16665,16666,0,0,0.03798642337636533,25
3316,16672,16673,0,1,0.5561110744153536,25
3317,16682,16683,0,0,0.12171152311936297,25
3318,16685,16686,0,0,0.31787281629252895,25
3319,16686,16687,1,1,0.5923997079777075,25
3320,16689,16690,1,1,0.8141678071849744,25
3321,16702,16703,0,0,0.17336672636374412,25
3322,16704,16705,0,1,0.6236952204460912,25
3323,16706,16707,0,0,0.14480072384202766,25
3324,16712,16713,0,0,0.11601086728753346,25
3325,16716,16717,0,0,0.14632457563404835,25
3326,16729,16730,1,0,0.447977175720463,25
3327,16734,16735,0,0,0.1076182602981199,25
3328,16748,16749,0,1,0.7995980074395675,25
3329,16756,16757,0,0,0.08014051823681506,25
3330,16760,16761,0,0,0.1147623348523146,25
3331,16761,16762,0,0,0.1952369954711091,25
3332,16768,16769,0,1,0.5532972844114482,25
3333,16782,16783,1,0,0.3555455792454436,25
3334,16785,16786,1,1,0.5920306078625804,25
3335,16788,16789,1,1,0.8935812226961176,25
3336,16795,16796,0,0,5.471772813871251E-7,25
3337,16803,16804,0,0,0.037031065902903774,25
3338,16808,16809,0,0,0.13623069158672005,25
3339,16810,16811,0,0,0.0729720506288167,25
3340,16818,16819,0,0,0.1998630201091862,25
3341,16820,16821,0,0,0.305256418263334,25
3342,16823,16824,0,0,0.12017819432034088,25
3343,16830,16831,0,0,0.13107699851377438,25
3344,16833,16834,0,0,0.39466372669488026,25
3345,16841,16842,0,0,0.16109435145609893,25
3346,16842,16843,0,0,0.11743009427178104,25
3347,16846,16847,0,0,0.1049747334150189,25
3348,16853,16854,1,1,0.7537490421607989,25
3349,16856,16857,0,1,0.7118828119146828,25
3350,16866,16867,0,0,0.20028123088933764,25
3351,16882,16883,0,0,0.05575937249832824,25
3352,16884,16885,1,0,0.26015305103430647,25
3353,16890,16891,0,0,0.0766443747911138,25
3354,16891,16892,0,0,0.322318550600911,25
3355,16906,16907,0,0,0.08106552645766354,25
3356,16909,16910,0,0,0.11412288262484721,25
3357,16913,16914,0,0,0.23355381908422043,25
3358,16915,16916,0,0,0.03357337691743403,25
3359,16921,16922,0,0,0.17961555638672042,25
3360,16931,16932,0,0,0.2705987941880586,25
3361,16934,16935,0,0,0.2226393595656754,25
3362,16938,16939,0,0,0.07004569803129444,25
3363,16940,16941,1,0,0.1156824542268761,25
3364,16945,16946,0,0,0.35973115246328013,25
3365,16947,16948,0,0,0.03714830067363649,25
3366,16954,16955,0,0,0.2691920931543087,25
3367,16964,16965,0,0,3.0014612694765355E-7,25
3368,16969,16970,1,0,0.14525265348692112,25
3369,16991,16992,1,1,0.707175691725167,25
3370,16994,16995,1,1,0.7521945691162031,25
3371,16996,16997,0,0,0.16377199256227642,25
3372,17004,17005,0,1,0.757764451461709,25
3373,17005,17006,0,0,0.17111157726704643,25
3374,17011,17012,0,0,0.19524834863694854,25
3375,17016,17017,0,0,1.3107829883059884E-7,25
3376,17021,17022,0,0,0.4093351608922292,25
3377,17023,17024,1,0,0.03190583603540116,25
3378,17029,17030,0,0,0.19836979884514747,25
3379,17042,17043,0,0,0.04524879918057139,25
3380,17043,17044,1,1,0.6379548880110324,25
3381,17056,17057,0,0,0.11750383791708614,25
3382,17060,17061,1,0,0.1777188109328436,25
3383,17061,17062,0,1,0.7681549264901872,25
3384,17065,17066,0,0,0.29305127246683504,25
3385,17074,17075,0,0,0.11547740032243925,25
3386,17076,17077,1,1,0.6572018766223104,25
3387,17085,17086,1,0,0.47205184937686134,25
3388,17089,17090,0,1,0.5885851894421289,25
3389,17093,17094,0,0,0.0536569583109795,25
3390,17102,17103,0,0,0.026726866863906528,25
3391,17110,17111,0,0,0.16048181235740083,25
3392,17111,17112,0,0,0.4317293209219348,25
3393,17119,17120,0,0,0.1296174866259561,25
3394,17120,17121,0,0,0.47392619483755644,25
3395,17121,17122,1,1,0.8021454649645761,25
3396,17128,17129,0,0,0.32306990131895835,25
3397,17133,17134,1,1,0.5950999396068081,25
3398,17137,17138,1,0,0.20579583746017205,25
3399,17142,17143,1,1,0.5313067829203069,25
3400,17157,17158,0,0,0.18848388035502076,25
3401,17163,17164,0,0,0.12412780744630404,25
3402,17165,17166,0,0,0.2901472561978098,25
3403,17166,17167,0,0,0.059013407638247355,25
3404,17168,17169,0,0,0.11166737675903056,25
3405,17172,17173,0,0,0.03297747290840378,25
3406,17174,17175,1,1,0.5771834239682747,25
3407,17175,17176,0,0,0.11718977564894019,25
3408,17176,17177,0,0,0.03317705347110981,25
3409,17177,17178,0,0,0.15046433960897324,25
3410,17182,17183,0,0,0.03687623692422246,25
3411,17184,17185,0,0,0.15589713210556908,25
3412,17192,17193,0,0,0.041171743917784887,25
3413,17207,17208,1,1,0.8331150722004064,25
3414,17209,17210,0,0,0.11412832271989792,25
3415,17212,17213,0,0,0.1789159247301815,25
3416,17213,17214,1,1,0.5628787224700562,25
3417,17222,17223,0,0,0.1211610230742352,25
3418,17230,17231,1,1,0.7898556418890978,25
3419,17237,17238,0,0,0.03377699702189973,25
3420,17240,17241,0,1,0.5337382305662379,25
3421,17242,17243,0,0,0.26559326676641154,25
3422,17243,17244,0,0,0.049580141936934705,25
3423,17248,17249,1,1,0.8116361965555795,25
3424,17252,17253,0,1,0.705670436287483,25
3425,17257,17258,1,0,0.07394975488424294,25
3426,17266,17267,0,0,0.06336896995844071,25
3427,17269,17270,0,0,1.642354462253396E-7,25
3428,17275,17276,0,0,0.11940781656583441,25
3429,17282,17283,1,0,1.723891574720879E-7,25
3430,17294,17295,0,1,0.7450822440554808,25
3431,17295,17296,0,0,0.0328752602893173,25
3432,17300,17301,0,0,0.03231032937744997,25
3433,17301,17302,0,0,2.464118385566816E-7,25
3434,17304,17305,1,0,0.3809693489181339,25
3435,17314,17315,0,1,0.5146105924987238,25
3436,17318,17319,0,1,0.6136523142757779,25
3437,17319,17320,1,1,0.5259831378157624,25
3438,17323,17324,1,1,0.5146274005724841,25
3439,17328,17329,0,0,0.21031394051460037,25
3440,17338,17339,0,0,0.41553451962361887,25
3441,17349,17350,1,1,0.6234495485049388,25
3442,17354,17355,0,0,0.14928028852403,25
3443,17361,17362,0,0,0.3361731445065164,25
3444,17375,17376,0,0,0.21172727213478318,25
3445,17376,17377,0,0,0.09148411524055726,25
3446,17379,17380,0,0,0.3249997964657567,25
3447,17382,17383,0,0,0.0930211509198425,25
3448,17391,17392,0,0,0.026303241759836494,25
3449,17393,17394,1,1,0.8771627851273599,25
3450,17395,17396,0,1,0.664684367313318,25
3451,17399,17400,0,0,0.20466146174117097,25
3452,17401,17402,0,0,0.22062941431342836,25
3453,17404,17405,0,0,0.1166344595406581,25
3454,17405,17406,0,0,0.17375842571454583,25
3455,17408,17409,0,0,0.07889194566918084,25
3456,17410,17411,0,0,0.15484583461961748,25
3457,17412,17413,0,0,0.19664123300019126,25
3458,17413,17414,1,1,0.9441055377293036,25
3459,17417,17418,0,0,0.20143861735767218,25
3460,17420,17421,0,1,0.634697033035936,25
3461,17423,17424,1,0,0.1515908674717993,25
3462,17426,17427,0,0,0.269519547611663,25
3463,17434,17435,0,0,0.08618109114364227,25
3464,17435,17436,0,0,0.18974814381930835,25
3465,17448,17449,1,0,0.12331114793218052,25
3466,17454,17455,0,0,0.10560897491183731,25
3467,17461,17462,1,0,0.304036094995117,25
3468,17462,17463,0,0,0.0718981175688809,25
3469,17467,17468,0,0,0.03384087060589625,25
3470,17469,17470,0,0,0.24395993836155408,25
3471,17472,17473,0,0,0.19309507046758687,25
3472,17474,17475,0,0,0.03522015575707294,25
3473,17482,17483,1,0,0.4380217520488,25
3474,17485,17486,1,1,0.8443986441176652,25
3475,17490,17491,0,0,0.1550309829253457,25
3476,17495,17496,0,0,0.15498969657408065,25
3477,17503,17504,0,0,0.09317827237098136,25
3478,17505,17506,0,0,8.143723293256145E-7,25
3479,17508,17509,1,0,0.1659428625227587,25
3480,17510,17511,1,0,0.2708648147825623,25
3481,17518,17519,0,0,0.04803042946962845,25
3482,17519,17520,0,1,0.5138182304282968,25
3483,17522,17523,0,0,0.25609607491914277,25
3484,17531,17532,0,0,0.1096753792680868,25
3485,17535,17536,0,0,2.6475951101616104E-7,25
3486,17539,17540,0,0,0.4911913354984093,25
3487,17541,17542,1,0,0.4014132602365365,25
3488,17547,17548,1,1,0.516147806329931,25
3489,17555,17556,0,0,0.126483062321128,25
3490,17557,17558,0,0,0.071510164039987,25
3491,17558,17559,0,1,0.8285172989606948,25
3492,17564,17565,0,0,0.19679157021425672,25
3493,17569,17570,1,1,0.7564368262483923,25
3494,17571,17572,0,0,0.1543903845840134,25
3495,17575,17576,1,0,0.3480610743175679,25
3496,17583,17584,1,0,0.10947242748099105,25
3497,17585,17586,1,1,0.6890126796386797,25
3498,17588,17589,0,0,0.2047787415791932,25
3499,17597,17598,0,0,0.18423371134491626,25
3500,17598,17599,1,0,0.19139766141653738,25
3501,17600,17601,0,0,0.281157349196509,25
3502,17603,17604,0,0,0.029948715812744938,25
3503,17618,17619,1,0,0.4783153208105193,25
3504,17619,17620,1,1,0.6640257334679953,25
3505,17620,17621,0,0,0.25165797761497416,25
3506,17621,17622,0,0,0.14045672191106606,25
3507,17626,17627,0,0,0.21625005527488134,25
3508,17635,17636,0,0,0.043363432622125456,25
3509,17646,17647,0,0,0.07065757327548465,25
3510,17647,17648,1,0,0.4168257114143821,25
3511,17649,17650,1,1,0.5891197792920805,25
3512,17662,17663,0,0,0.24067055089141787,25
3513,17664,17665,0,0,0.08208063247668058,25
3514,17672,17673,0,0,0.10374315085722209,25
3515,17679,17680,0,0,0.10501476578010917,25
3516,17681,17682,1,0,0.3202669113748256,25
3517,17683,17684,0,0,2.561919705419314E-7,25
3518,17685,17686,1,1,0.6053899562015695,25
3519,17691,17692,0,0,0.36308856461715744,25
3520,17693,17694,0,0,0.4422449920137207,25
3521,17694,17695,0,0,0.06620047358958121,25
3522,17701,17702,0,0,0.20071441613541938,25
3523,17707,17708,0,0,0.206006316653562,25
3524,17720,17721,0,0,0.18928149384500306,25
3525,17728,17729,0,0,0.4793684613162652,25
3526,17730,17731,0,0,0.10259714105501243,25
3527,17735,17736,1,0,0.14624659528945222,25
3528,17737,17738,1,0,0.45596750415492676,25
3529,17738,17739,1,1,0.6236047867572488,25
3530,17739,17740,0,0,0.36370258797416,25
3531,17753,17754,0,0,0.07826819346788952,25
3532,17758,17759,1,1,0.6667352150118255,25
3533,17759,17760,0,0,0.10450705847913229,25
3534,17762,17763,0,0,0.36452286203785966,25
3535,17767,17768,0,0,0.1331329071857367,25
3536,17769,17770,0,0,0.1158857040180519,25
3537,17773,17774,0,0,0.07639382064407,25
3538,17774,17775,1,1,0.7522020415632139,25
3539,17778,17779,0,1,0.6442495987142198,25
3540,17795,17796,0,0,0.20238026153453428,25
3541,17799,17800,0,0,0.04530634730847213,25
3542,17806,17807,1,1,0.7950569065321328,25
3543,17807,17808,0,0,0.12014824762703676,25
3544,17809,17810,1,0,0.12885103200821738,25
3545,17815,17816,0,0,0.23217827721498405,25
3546,17818,17819,0,0,0.11901805975961671,25
3547,17823,17824,1,1,0.5495506240185852,25
3548,17836,17837,1,1,0.6670104567154475,25
3549,17846,17847,1,1,0.661459227657897,25
3550,17848,17849,0,0,0.1279101732872085,25
3551,17857,17858,0,0,0.10276224247468697,25
3552,17861,17862,0,0,0.3019792505494902,25
3553,17867,17868,0,0,0.0776923240906885,25
3554,17875,17876,0,0,0.041364362155159935,25
3555,17878,17879,0,0,0.15361446436160212,25
3556,17886,17887,0,0,1.8161229812940037E-7,25
3557,17891,17892,1,0,0.44508843816301974,25
3558,17892,17893,0,0,0.33428694425293176,25
3559,17893,17894,0,0,0.14954377305275662,25
3560,17895,17896,0,0,0.19398386753935226,25
3561,17900,17901,0,0,0.4510540769040519,25
3562,17911,17912,1,0,0.09403654676055408,25
3563,17923,17924,1,1,0.7204876316474017,25
3564,17927,17928,0,0,0.3237536573627075,25
3565,17931,17932,1,0,0.36569417316522057,25
3566,17932,17933,0,0,0.08782804993668364,25
3567,17942,17943,0,0,0.039209106293790486,25
3568,17947,17948,0,0,0.18499182573603415,25
3569,17948,17949,0,0,0.15302114495812774,25
3570,17975,17976,0,0,0.20327203040804273,25
3571,17979,17980,0,0,0.20325491685429087,25
3572,17987,17988,0,0,0.07045186295441086,25
3573,17992,17993,0,0,0.04535493659461416,25
3574,17998,17999,0,0,0.11765524306591542,25
3575,18003,18004,0,1,0.8533195730691233,25
3576,18005,18006,1,1,0.7744424391711904,25
3577,18016,18017,0,0,0.3257963082010703,25
3578,18017,18018,0,0,0.14062844702022664,25
3579,18022,18023,1,0,0.2491756058510144,25
3580,18025,18026,0,0,0.2153694287769537,25
3581,18030,18031,0,0,0.26396151991123024,25
3582,18040,18041,0,0,0.19277126482780146,25
3583,18041,18042,0,0,0.23806432856128815,25
3584,18056,18057,0,0,0.2299900865476043,25
3585,18059,18060,0,0,0.09142136276968427,25
3586,18069,18070,0,0,0.11053035960868517,25
3587,18071,18072,1,1,0.842593810771908,25
3588,18081,18082,0,0,0.4254155265814582,25
3589,18084,18085,0,0,0.3961820687087853,25
3590,18086,18087,1,0,0.203098486675917,25
3591,18088,18089,0,0,0.21578038927104712,25
3592,18092,18093,1,0,0.27382141130502413,25
3593,18093,18094,0,0,0.18100428033508775,25
3594,18094,18095,1,1,0.848623450381149,25
3595,18095,18096,0,0,0.035269963389063096,25
3596,18098,18099,0,0,0.35637891746548334,25
3597,18105,18106,0,0,0.1913202721377566,25
3598,18108,18109,0,0,0.10788371583145405,25
3599,18115,18116,0,0,0.2328140157944219,25
3600,18117,18118,0,0,0.10781779284059685,25
3601,18123,18124,0,0,0.26488282290596404,25
3602,18131,18132,0,0,0.043414157295435137,25
3603,18133,18134,1,0,0.16144578368509743,25
3604,18134,18135,0,0,0.23042684161413227,25
3605,18136,18137,0,0,0.03601445083475643,25
3606,18139,18140,0,0,0.03677066949564667,25
3607,18156,18157,0,0,0.2552763029034902,25
3608,18159,18160,0,0,6.651281688509785E-7,25
3609,18163,18164,0,0,2.443613895941921E-7,25
3610,18164,18165,1,0,0.1566629034020632,25
3611,18165,18166,0,0,0.3384912365277586,25
3612,18171,18172,0,0,0.07613670312688763,25
3613,18175,18176,0,0,0.18796735435125939,25
3614,18182,18183,0,0,0.11267047469876433,25
3615,18188,18189,1,0,0.1296283741693473,25
3616,18191,18192,0,0,0.1734645950116325,25
3617,18194,18195,0,0,0.16489591559679737,25
3618,18197,18198,0,0,0.16383891819995167,25
3619,18199,18200,0,0,0.08374249273461358,25
3620,18206,18207,0,0,0.07383955408406184,25
3621,18211,18212,0,0,2.2908270715587122E-7,25
3622,18213,18214,1,0,0.03872084050399953,25
3623,18233,18234,0,0,0.03714166588752615,25
3624,18234,18235,0,0,0.44951434659941336,25
3625,18235,18236,0,0,0.052258252327686536,25
3626,18239,18240,0,0,0.03700097169970262,25
3627,18245,18246,0,0,0.18788246775419915,25
3628,18248,18249,0,0,0.11363635999699404,25
3629,18252,18253,1,0,0.4435975300778008,25
3630,18254,18255,0,0,0.18531848075828924,25
3631,18255,18256,0,0,0.15397383924924815,25
3632,18256,18257,1,1,0.7571747573028812,25
3633,18263,18264,1,0,0.18064963214508886,25
3634,18268,18269,0,0,0.08165941310028026,25
3635,18269,18270,0,0,0.11580866177705187,25
3636,18274,18275,0,0,0.263969297080771,25
3637,18277,18278,1,1,0.7344071648132684,25
3638,18280,18281,0,0,0.37428776126028845,25
3639,18283,18284,0,0,0.16424224341913685,25
3640,18290,18291,0,0,0.28981500865326976,25
3641,18291,18292,1,0,0.3694180970281175,25
3642,18295,18296,1,0,0.23696752919120387,25
3643,18296,18297,1,0,0.4103158329563564,25
3644,18297,18298,0,0,0.09396575957372445,25
3645,18300,18301,0,0,0.12276012464624482,25
3646,18305,18306,0,0,0.03859355218564305,25
3647,18308,18309,0,0,0.2775764121399324,25
3648,18309,18310,0,0,0.1525387469514664,25
3649,18315,18316,0,0,0.12468151939322562,25
3650,18319,18320,0,0,1.33944176176482E-7,25
3651,18330,18331,0,0,0.08115500272147526,25
3652,18344,18345,0,0,0.1140876605463771,25
3653,18348,18349,0,0,0.045091808868623504,25
3654,18352,18353,0,0,0.06407905425053696,25
3655,18357,18358,0,0,0.45231420974763803,25
3656,18362,18363,1,0,0.34644033883007885,25
3657,18363,18364,0,0,0.039802209688084296,25
3658,18365,18366,0,0,0.1860675875825878,25
3659,18366,18367,0,0,0.22548798184285965,25
3660,18384,18385,0,0,0.19444042548415041,25
3661,18388,18389,0,0,0.049084070979179065,25
3662,18389,18390,0,0,2.0862868419644526E-7,25
3663,18391,18392,0,0,0.07752617775663084,25
3664,18393,18394,1,1,0.6026614520541975,25
3665,18408,18409,0,0,0.11046632102936167,25
3666,18409,18410,1,1,0.5327554885491507,25
3667,18410,18411,0,0,0.45490424617836617,25
3668,18418,18419,0,0,0.15124992248403565,25
3669,18421,18422,1,0,0.07861778030843214,25
3670,18423,18424,1,0,0.08730788420937866,25
3671,18434,18435,0,0,0.037095472412205864,25
3672,18445,18446,0,0,0.11247398729651455,25
3673,18454,18455,1,0,0.4054418453500879,25
3674,18459,18460,0,0,0.027727527058913643,25
3675,18462,18463,0,0,0.35713004950165067,25
3676,18471,18472,0,0,0.11094921900265288,25
3677,18476,18477,0,0,0.14871199421529396,25
3678,18480,18481,0,0,0.038971185951907406,25
3679,18482,18483,0,0,0.04615793852640266,25
3680,18484,18485,0,0,0.18827218399412102,25
3681,18485,18486,0,0,0.332090835530886,25
3682,18486,18487,0,0,0.19302200451727744,25
3683,18489,18490,1,1,0.7251698089675432,25
3684,18491,18492,0,0,0.033927877674018204,25
3685,18502,18503,0,0,0.07562065685149673,25
3686,18509,18510,0,0,0.1226818283692507,25
3687,18510,18511,0,0,0.15891650335432364,25
3688,18511,18512,1,0,0.1442006391040319,25
3689,18518,18519,1,1,0.7639985970640929,25
3690,18527,18528,0,0,0.11625029543698519,25
3691,18539,18540,1,1,0.5725677583670922,25
3692,18541,18542,0,0,0.036631390198706947,25
3693,18542,18543,0,0,0.0716494640443178,25
3694,18547,18548,0,0,0.1989225073299451,25
3695,18558,18559,0,0,0.08228930408593739,25
3696,18559,18560,0,0,0.2601006411080453,25
3697,18566,18567,0,0,0.07569385478692887,25
3698,18571,18572,0,0,0.1307057251808712,25
3699,18573,18574,1,0,0.13623535500460054,25
3700,18576,18577,0,0,9.921740819871395E-7,25
3701,18577,18578,0,0,0.07617486389634417,25
3702,18578,18579,0,0,0.3488262766917869,25
3703,18579,18580,0,0,0.4226914891857089,25
3704,18581,18582,0,0,0.3136991971673148,25
3705,18585,18586,0,0,0.1091307122984084,25
3706,18586,18587,0,0,0.12516297400867535,25
3707,18590,18591,0,0,0.07151729445013282,25
3708,18599,18600,0,0,2.471471920259661E-7,25
3709,18600,18601,0,0,0.20733278445126727,25
3710,18606,18607,1,0,0.27825006673728714,25
3711,18610,18611,1,0,0.08180813389980814,25
3712,18612,18613,0,0,4.6480532178491394E-7,25
3713,18614,18615,1,1,0.8320419512605676,25
3714,18621,18622,0,0,0.32725407610182966,25
3715,18633,18634,0,0,0.1840594146454243,25
3716,18651,18652,0,0,0.09124342904668858,25
3717,18659,18660,0,0,0.11697677894271426,25
3718,18671,18672,0,0,0.12617469857560226,25
3719,18674,18675,0,0,0.14903005469764008,25
3720,18678,18679,0,0,0.1689772607961988,25
3721,18682,18683,1,0,0.040561083145306646,25
3722,18683,18684,0,0,0.35837661594108844,25
3723,18688,18689,1,0,0.30817067758889033,25
3724,18690,18691,0,0,0.0376179591096602,25
3725,18696,18697,0,0,0.12296397945944648,25
3726,18698,18699,0,0,0.3553483773346126,25
3727,18699,18700,0,0,0.0454859786411501,25
3728,18707,18708,0,0,0.3990465473556655,25
3729,18709,18710,1,0,0.1882322201843127,25
3730,18711,18712,0,0,0.07589954592778429,25
3731,18730,18731,1,0,0.10634708242126328,25
3732,18733,18734,0,0,0.21484982001457797,25
3733,18744,18745,0,0,4.843862020083491E-7,25
3734,18745,18746,0,0,0.03868494115139723,25
3735,18746,18747,0,0,0.14385768742767252,25
3736,18750,18751,0,0,2.3151302992060177E-7,25
3737,18753,18754,0,0,4.5192267258077263E-7,25
3738,18757,18758,0,1,0.7029927310126735,25
3739,18761,18762,0,0,0.048429812941002064,25
3740,18770,18771,1,0,0.24707379400152393,25
3741,18773,18774,1,1,0.6379245979702433,25
3742,18779,18780,0,0,0.03701444652907326,25
3743,18781,18782,0,0,0.1240707054602553,25
3744,18802,18803,0,0,0.07164912449313765,25
3745,18803,18804,0,0,0.041169972919459175,25
3746,18808,18809,0,0,0.03935223658400023,25
3747,18813,18814,0,0,0.20287447114319562,25
3748,18816,18817,0,0,0.08836406777335792,25
3749,18819,18820,0,0,0.041432848391210884,25
3750,18824,18825,0,0,0.033556967359599635,25
3751,18838,18839,0,0,0.0776422529779818,25
3752,18839,18840,0,0,0.03896300995479114,25
3753,18853,18854,0,0,0.19870295793089968,25
3754,18863,18864,0,0,0.07409463088674463,25
3755,18866,18867,0,0,0.03344902375974694,25
3756,18872,18873,0,0,0.027024644317646028,25
3757,18877,18878,0,0,0.1192079543497623,25
3758,18880,18881,0,0,0.04121235357305714,25
3759,18882,18883,0,0,0.25332056698328287,25
3760,18883,18884,0,0,0.33523718108560807,25
3761,18887,18888,0,0,0.13160138471154287,25
3762,18898,18899,1,0,9.030625304574029E-7,25
3763,18901,18902,0,0,0.18641070444514798,25
3764,18902,18903,0,0,0.24734077619403125,25
3765,18905,18906,0,0,0.183203140414633,25
3766,18909,18910,0,0,0.14348094829901287,25
3767,18912,18913,0,0,0.14601545100289898,25
3768,18915,18916,0,0,0.11420084450509718,25
3769,18918,18919,1,1,0.6445707305520066,25
3770,18921,18922,0,0,0.07252474058171096,25
3771,18922,18923,0,0,0.08518324067452049,25
3772,18923,18924,0,0,0.12363114424139962,25
3773,18929,18930,0,0,0.15328271709056732,25
3774,18949,18950,0,0,0.10679788077169274,25
3775,18950,18951,1,0,0.39838109597774984,25
3776,18955,18956,1,0,0.18354531062408524,25
3777,18958,18959,0,0,0.1891264905062143,25
3778,18960,18961,1,0,0.15602596811753897,25
3779,18961,18962,0,1,0.7089674804763255,25
3780,18963,18964,1,0,0.2621887752757372,25
3781,18965,18966,0,0,0.0390562441374576,25
3782,18974,18975,0,0,6.22437078328911E-7,25
3783,18976,18977,0,0,0.07785154141488648,25
3784,19001,19002,0,0,0.23578563676076525,25
3785,19008,19009,0,0,0.03876946558550718,25
3786,19013,19014,1,0,0.03005819088126527,25
3787,19018,19019,0,0,0.11536294495983787,25
3788,19026,19027,1,0,0.15591267310290885,25
3789,19029,19030,1,1,0.7649778562188202,25
3790,19044,19045,0,0,0.07302399581479387,25
3791,19046,19047,0,0,3.471249602340296E-7,25
3792,19058,19059,0,0,0.18745672370111513,25
3793,19060,19061,1,0,0.28597593549283984,25
3794,19071,19072,0,0,0.17701487250954756,25
3795,19074,19075,0,0,0.07791888316645337,25
3796,19077,19078,0,1,0.7118461972967669,25
3797,19079,19080,0,0,0.0736347402194897,25
3798,19090,19091,0,0,0.15119157074338813,25
3799,19101,19102,1,1,0.7292311014207173,25
3800,19118,19119,0,0,0.1862608924379735,25
3801,19119,19120,0,0,0.12493441365192358,25
3802,19124,19125,0,0,0.1471897187081675,25
3803,19135,19136,0,0,0.033491356302095196,25
3804,19150,19151,0,0,0.13072800226945325,25
3805,19156,19157,0,0,0.30560776460493594,25
3806,19162,19163,0,0,0.11381769132232297,25
3807,19189,19190,1,0,0.28158241523242794,25
3808,19202,19203,0,0,0.07125510886074318,25
3809,19209,19210,0,0,0.06458137097874062,25
3810,19220,19221,1,1,0.6749454179551103,25
3811,19224,19225,0,0,0.07501352446170285,25
3812,19238,19239,0,0,2.257950436955081E-7,25
3813,19240,19241,0,0,0.045959037229699795,25
3814,19242,19243,0,0,0.21660686485389208,25
3815,19245,19246,0,0,0.19991309388457373,25
3816,19246,19247,0,1,0.6369910600272464,25
3817,19250,19251,1,0,0.14940795286468675,25
3818,19253,19254,0,0,0.05091381039744318,25
3819,19258,19259,1,1,0.8061024039107765,25
3820,19266,19267,0,0,0.2065487377708355,25
3821,19268,19269,0,0,0.041459659237438155,25
3822,19277,19278,0,0,0.07458630369020647,25
3823,19280,19281,0,0,0.22753533521560404,25
3824,19284,19285,1,1,0.8191813130390424,25
3825,19285,19286,1,0,0.0773346507652763,25
3826,19286,19287,0,0,0.08446707200563815,25
3827,19294,19295,0,0,0.10527010127637759,25
3828,19297,19298,1,0,0.08281152895626151,25
3829,19304,19305,0,0,0.16383328321712906,25
3830,19306,19307,0,0,1.5888436376056158E-7,25
3831,19307,19308,0,0,0.15099177052323906,25
3832,19330,19331,0,0,0.03703837765039547,25
3833,19331,19332,0,0,0.1268313244129661,25
3834,19338,19339,0,0,0.07902919134278952,25
3835,19341,19342,0,0,0.060799484190506625,25
3836,19343,19344,0,0,0.4344520838294217,25
3837,19344,19345,1,1,0.7433892935722419,25
3838,19350,19351,1,0,0.47408134945811975,25
3839,19354,19355,1,0,0.36846074420189756,25
3840,19355,19356,0,0,0.036955378629976623,25
3841,19364,19365,0,0,0.03500778486322521,25
3842,19372,19373,0,0,1.1078386913912486E-6,25
3843,19382,19383,0,0,0.3078616747726466,25
3844,19390,19391,0,0,0.0386188621449709,25
3845,19399,19400,0,0,0.07755428288023583,25
3846,19400,19401,0,0,0.41764633399421525,25
3847,19406,19407,0,0,0.03961995740527303,25
3848,19415,19416,1,0,0.034631209504201385,25
3849,19416,19417,1,0,0.0390353697565598,25
3850,19421,19422,1,0,0.12586570030188063,25
3851,19428,19429,0,0,0.27806814168622085,25
3852,19433,19434,1,0,0.3136100320571191,25
3853,19453,19454,1,0,0.23927348224151215,25
3854,19454,19455,0,0,4.714664026676615E-7,25
3855,19455,19456,0,0,0.07562815042853481,25
3856,19462,19463,1,0,0.17653844897736437,25
3857,19468,19469,0,0,0.037775540215476265,25
3858,19483,19484,0,0,3.067299746438731E-7,25
3859,19485,19486,1,0,0.20411389816348505,25
3860,19487,19488,0,0,0.09632839168414332,25
3861,19501,19502,0,0,0.03701903922809162,25
3862,19503,19504,0,0,0.10479322667189228,25
3863,19504,19505,0,0,0.3727567264245338,25
3864,19505,19506,0,0,0.06886193257621032,25
3865,19509,19510,0,0,7.953571018720321E-7,25
3866,19516,19517,0,0,0.08122299669768032,25
3867,19522,19523,1,1,0.6026652765042734,25
3868,19527,19528,1,0,0.03505740213144055,25
3869,19537,19538,0,0,0.0807244300327909,25
3870,19540,19541,0,0,0.1100848141155675,25
3871,19545,19546,0,1,0.8122099557367916,25
3872,19546,19547,0,0,0.21500748770295833,25
3873,19551,19552,0,1,0.6958406386982259,25
3874,19552,19553,1,0,0.2721263937245799,25
3875,19559,19560,0,0,0.13519723289054764,25
3876,19564,19565,1,0,0.4288514543155109,25
3877,19566,19567,0,0,0.11407016324140845,25
3878,19569,19570,1,0,0.17119132844201201,25
3879,19571,19572,0,0,0.2466014165009661,25
3880,19573,19574,0,0,0.10539330291208394,25
3881,19574,19575,0,0,0.0714962352206182,25
3882,19579,19580,0,0,0.19988716429643796,25
3883,19582,19583,0,0,0.07525142034333017,25
3884,19594,19595,0,0,0.06118163369923585,25
3885,19595,19596,1,1,0.5682365244093281,25
3886,19603,19604,1,0,0.2210300908142007,25
3887,19604,19605,0,0,0.08332834121310602,25
3888,19615,19616,0,0,0.21797451113843866,25
3889,19620,19621,0,0,0.07283525930047385,25
3890,19634,19635,0,0,0.03677928255992664,25
3891,19643,19644,0,0,0.04242529450724694,25
3892,19645,19646,0,0,0.14696837197772739,25
3893,19647,19648,0,0,0.03737553598251647,25
3894,19650,19651,0,0,1.710000565711181E-7,25
3895,19655,19656,0,0,0.2091625003362923,25
3896,19657,19658,0,0,0.4450658955438822,25
3897,19661,19662,0,0,0.3788643188705009,25
3898,19667,19668,0,0,0.19875194931579676,25
3899,19670,19671,0,0,0.3635269304394856,25
3900,19679,19680,0,0,0.14511432581910855,25
3901,19686,19687,1,0,0.47127615091803005,25
3902,19688,19689,0,0,0.036517767388985774,25
3903,19697,19698,1,1,0.6962190310221567,25
3904,19701,19702,0,0,0.07288129233876094,25
3905,19703,19704,0,0,0.19799021811870043,25
3906,19708,19709,0,0,0.08516949804144897,25
3907,19710,19711,0,0,4.975635217016548E-7,25
3908,19713,19714,0,0,0.12311733603590201,25
3909,19717,19718,0,0,0.07160056070831747,25
3910,19727,19728,1,0,0.15139711706590053,25
3911,19734,19735,0,0,0.15412135922091746,25
3912,19735,19736,0,0,0.094177455876953,25
3913,19738,19739,0,0,0.12297534995236548,25
3914,19741,19742,0,0,0.07430004616018306,25
3915,19743,19744,0,0,0.1933702803015191,25
3916,19747,19748,0,0,0.18029386153839136,25
3917,19757,19758,0,0,0.2753546907595585,25
3918,19764,19765,0,0,0.08015747557845997,25
3919,19771,19772,0,0,5.761919677153051E-7,25
3920,19773,19774,0,0,0.11148070113421402,25
3921,19774,19775,0,0,0.04120619976081646,25
3922,19781,19782,0,0,0.09725104176958664,25
3923,19787,19788,0,0,0.27913671226689457,25
3924,19794,19795,0,0,0.18968741450266052,25
3925,19799,19800,0,0,1.735813421170034E-7,25
3926,19808,19809,0,0,0.09408008019984947,25
3927,19814,19815,1,1,0.6043738038130911,25
3928,19817,19818,1,1,0.6612484997931742,25
3929,19824,19825,1,1,0.6129691092625603,25
3930,19837,19838,0,0,0.03393671959204563,25
3931,19841,19842,0,0,0.09409960684975446,25
3932,19847,19848,0,0,0.15081916215358118,25
3933,19851,19852,0,0,0.039802173023399764,25
3934,19866,19867,0,0,0.15089956512087135,25
3935,19877,19878,0,0,0.06671284887102641,25
3936,19883,19884,0,0,0.15737369595571513,25
3937,19886,19887,0,0,0.10637915767857897,25
3938,19890,19891,0,0,0.2559395508103873,25
3939,19893,19894,0,0,0.040001625205028736,25
3940,19898,19899,1,1,0.5025089906707068,25
3941,19899,19900,1,0,0.261261149915539,25
3942,19902,19903,0,0,0.1933633958028704,25
3943,19904,19905,0,0,0.09585228607329398,25
3944,19915,19916,0,0,1.4809344149837978E-6,25
3945,19916,19917,0,0,0.11556418707290422,25
3946,19920,19921,0,0,0.15982370869772497,25
3947,19921,19922,0,0,0.12241103822536456,25
3948,19923,19924,0,0,0.10991178810972015,25
3949,19925,19926,1,0,0.43961832729077954,25
3950,19926,19927,1,0,0.2030514080471653,25
3951,19930,19931,0,0,1.006304647581092E-7,25
3952,19931,19932,1,0,0.2659457260460862,25
3953,19936,19937,0,0,0.19465831089079264,25
3954,19938,19939,0,0,0.04261282593838802,25
3955,19951,19952,0,0,2.935582335893514E-7,25
3956,19961,19962,0,0,0.26492071409580514,25
3957,19962,19963,0,0,0.16499240737719992,25
3958,19971,19972,0,0,0.1055306906540033,25
3959,19976,19977,0,0,0.11534010482385874,25
3960,19989,19990,0,0,0.12060847895037223,25
3961,19990,19991,0,0,0.23193771332827373,25
3962,19991,19992,0,0,0.35874980538589823,25
3963,19995,19996,0,0,0.05615783053979873,25
3964,19996,19997,1,0,0.11151778375891502,25
3965,19999,20000,0,0,0.3539705723447189,25
3966,20003,20004,0,0,0.12386607152909992,25
3967,20009,20010,0,0,0.03776074549086204,25
3968,20010,20011,1,0,0.08596838755099406,25
3969,20018,20019,0,0,0.20836506491203055,25
3970,20024,20025,0,0,0.14208629310072748,25
3971,20040,20041,0,0,0.039484742793064576,25
3972,20050,20051,0,0,0.19262481162461406,25
3973,20059,20060,0,0,4.125812642448946E-7,25
3974,20072,20073,0,0,0.07541892684296361,25
3975,20075,20076,0,0,0.08519305948072249,25
3976,20081,20082,0,0,0.11734669080068677,25
3977,20083,20084,0,0,0.4856518312715665,25
3978,20084,20085,0,0,0.15935763180522872,25
3979,20086,20087,0,0,0.11445113976469917,25
3980,20089,20090,0,0,0.24330161895107616,25
3981,20092,20093,0,0,0.14728580706176458,25
3982,20093,20094,0,0,0.31012476950686624,25
3983,20095,20096,0,0,0.0803331553268355,25
3984,20096,20097,0,0,0.15612707729688813,25
3985,20107,20108,0,0,0.1453786767264885,25
3986,20120,20121,1,0,0.07058208028135739,25
3987,20126,20127,0,0,0.24059171833727724,25
3988,20129,20130,1,1,0.6905145729805127,25
3989,20131,20132,0,0,0.195735334549055,25
3990,20143,20144,0,0,1.64753300622083E-6,25
3991,20144,20145,0,0,0.03968534038793194,25
3992,20165,20166,0,0,0.04124705276406372,25
3993,20170,20171,1,0,0.1108593830013161,25
3994,20175,20176,0,0,0.15470220587971978,25
3995,20176,20177,0,0,0.2704627984478883,25
3996,20177,20178,0,0,0.03528804456880181,25
3997,20178,20179,0,0,0.40252218896122727,25
3998,20182,20183,0,0,0.1359214053638974,25
3999,20186,20187,0,0,0.07912888524988494,25
4000,20189,20190,0,0,0.15010835550046364,25
4001,20190,20191,0,0,0.035966885451797034,25
4002,20219,20220,0,0,0.1429777837188332,25
4003,20224,20225,0,1,0.5540940794781737,25
4004,20230,20231,0,0,0.3222830988691923,25
4005,20234,20235,0,0,0.03924955480291416,25
4006,20235,20236,0,0,0.2685324040695462,25
4007,20237,20238,0,0,0.2078896226491212,25
4008,20238,20239,0,0,0.3568508877011025,25
4009,20240,20241,0,0,0.1477397312846142,25
4010,20245,20246,0,1,0.5309129685276577,25
4011,20248,20249,1,1,0.5361819780412959,25
4012,20249,20250,0,0,0.1639921882194436,25
4013,20254,20255,1,1,0.7960658727248104,25
4014,20272,20273,1,1,0.6670993240996719,25
4015,20277,20278,0,0,0.1118707908748422,25
4016,20278,20279,1,0,0.19950706032780205,25
4017,20284,20285,0,1,0.8030817154221432,25
4018,20290,20291,0,0,0.31151645729684185,25
4019,20299,20300,0,0,0.08640577370190893,25
4020,20301,20302,0,0,0.07304786090317156,25
4021,20306,20307,1,0,0.14058598480201862,25
4022,20325,20326,0,0,0.23705392121534657,25
4023,20326,20327,0,0,0.23188518997850782,25
4024,20328,20329,0,0,0.14991454191807105,25
4025,20329,20330,0,0,0.12339896745381693,25
4026,20333,20334,0,0,0.05707252357980489,25
4027,20335,20336,1,1,0.7237694322536162,25
4028,20338,20339,0,1,0.7563622769827418,25
4029,20339,20340,1,0,0.17295095678019357,25
4030,20344,20345,0,0,0.11145113209042251,25
4031,20351,20352,0,0,0.09654668632768,25
4032,20357,20358,1,0,0.18058343712099642,25
4033,20365,20366,0,0,0.08404119122370969,25
4034,20376,20377,0,0,0.15623506702857087,25
4035,20380,20381,1,0,0.25777927892365565,25
4036,20382,20383,0,0,0.11968329880370684,25
4037,20385,20386,0,0,0.3059794652337748,25
4038,20389,20390,0,0,0.49333678018680394,25
4039,20390,20391,0,0,0.1491613146354126,25
4040,20393,20394,0,0,0.07864621210124617,25
4041,20404,20405,0,0,0.039632453470948216,25
4042,20412,20413,0,0,0.09173861011368228,25
4043,20414,20415,0,0,0.11392823634261603,25
4044,20419,20420,0,0,0.07647681671094499,25
4045,20426,20427,0,0,0.07766652237280336,25
4046,20429,20430,1,1,0.610738533511406,25
4047,20435,20436,0,0,0.12804341891669002,25
4048,20439,20440,1,0,0.4822107926692172,25
4049,20447,20448,0,0,0.15356712737971168,25
4050,20448,20449,0,0,0.07881787680058974,25
4051,20452,20453,1,0,0.07940793109826665,25
4052,20464,20465,1,1,0.6815440168746502,25
4053,20465,20466,0,0,0.2822773416941158,25
4054,20467,20468,0,0,0.36460824752560117,25
4055,20472,20473,1,1,0.6263230047398379,25
4056,20481,20482,0,0,0.13314769577355426,25
4057,20486,20487,0,0,0.04767018063445677,25
4058,20490,20491,0,0,0.31983933307645257,25
4059,20501,20502,0,0,0.11285989553450192,25
4060,20513,20514,0,0,0.21790506910558138,25
4061,20516,20517,0,0,0.03655912931939489,25
4062,20519,20520,0,0,0.07111655540078535,25
4063,20551,20552,0,0,0.07021608611073757,25
4064,20558,20559,0,0,0.18992400083780067,25
4065,20563,20564,0,0,0.11846290032869108,25
4066,20570,20571,0,0,0.12059703128989822,25
4067,20572,20573,1,0,0.14903079505847938,25
4068,20575,20576,0,0,6.583759926597365E-7,25
4069,20578,20579,0,0,0.1569749373552826,25
4070,20580,20581,0,0,0.11755526744865857,25
4071,20585,20586,0,0,5.607238831652647E-7,25
4072,20592,20593,0,0,0.1666598073131889,25
4073,20597,20598,1,0,0.16291648674116208,25
4074,20598,20599,0,0,0.14125409945968975,25
4075,20604,20605,0,0,0.0734926583659838,25
4076,20606,20607,0,0,0.2709208844248876,25
4077,20609,20610,0,1,0.6214915187899428,25
4078,20611,20612,1,0,0.22946320925095087,25
4079,20613,20614,0,0,0.19537034229339317,25
4080,20623,20624,0,0,0.08305362719386433,25
4081,20624,20625,0,0,0.12410198626221929,25
4082,20631,20632,0,0,0.12458743620656845,25
4083,20635,20636,0,0,0.12506770017308202,25
4084,20639,20640,1,1,0.6056161581940905,25
4085,20641,20642,0,0,0.1532293889536167,25
4086,20644,20645,1,0,0.41721529574233596,25
4087,20647,20648,0,0,0.046943484293818956,25
4088,20656,20657,1,0,0.07907569843145902,25
4089,20660,20661,1,0,0.21184875087568386,25
4090,20664,20665,1,0,0.1692636179546657,25
4091,20673,20674,1,1,0.5929840351870463,25
4092,20692,20693,0,0,0.29596797454570034,25
4093,20698,20699,1,0,0.12047156304424922,25
4094,20705,20706,0,0,0.13603427358729106,25
4095,20708,20709,0,0,0.2039330291096561,25
4096,20715,20716,0,0,2.577292179432083E-7,25
4097,20716,20717,0,0,0.0382886072911285,25
4098,20717,20718,0,0,0.2979833031729473,25
4099,20720,20721,0,0,0.07758098959711959,25
4100,20721,20722,1,1,0.9024391662135939,25
4101,20722,20723,0,0,0.35226635935394895,25
4102,20724,20725,1,1,0.6163917870737037,25
4103,20731,20732,0,0,0.1599789298002196,25
4104,20736,20737,0,0,0.4223683977377174,25
4105,20737,20738,0,1,0.6520038532698557,25
4106,20745,20746,0,0,0.16577356452540842,25
4107,20746,20747,0,0,0.29226234784591526,25
4108,20748,20749,0,0,0.03741967032006263,25
4109,20750,20751,0,0,0.24593242086017372,25
4110,20756,20757,1,1,0.8190064224125645,25
4111,20760,20761,0,0,0.12279875743129029,25
4112,20762,20763,0,0,0.07398292886515985,25
4113,20766,20767,0,0,0.07931231849873248,25
4114,20767,20768,1,0,0.09591340231563489,25
4115,20769,20770,0,0,9.361217315583679E-7,25
4116,20771,20772,0,0,0.3237488277357324,25
4117,20783,20784,0,0,0.08224647940257054,25
4118,20787,20788,0,0,3.6016491681004446E-7,25
4119,20792,20793,0,0,0.23597963962612262,25
4120,20797,20798,1,1,0.5418624317881812,25
4121,20805,20806,1,0,0.06302436586980788,25
4122,20811,20812,0,0,0.03751970395770427,25
4123,20814,20815,0,0,0.23445211665179388,25
4124,20823,20824,1,0,0.15343936011763049,25
4125,20831,20832,0,0,0.05392918339728277,25
4126,20833,20834,1,0,0.4674680565659151,25
4127,20837,20838,0,0,0.04122021417771429,25
4128,20842,20843,1,0,0.13960899081275935,25
4129,20844,20845,0,0,0.2545889782785653,25
4130,20845,20846,0,0,0.1769410832497003,25
4131,20853,20854,0,0,0.09966095902488259,25
4132,20854,20855,1,1,0.6205677262195618,25
4133,20863,20864,0,0,0.24516648571801214,25
4134,20866,20867,0,1,0.8119630145089348,25
4135,20869,20870,0,0,0.03512260327931985,25
4136,20895,20896,0,0,0.24379043240541612,25
4137,20901,20902,0,0,0.06468814258550891,25
4138,20912,20913,0,0,0.34094061756385785,25
4139,20917,20918,1,0,0.3218428212559942,25
4140,20919,20920,1,1,0.5555866874906545,25
4141,20922,20923,1,0,0.19871259904793442,25
4142,20931,20932,0,0,0.20102167048702077,25
4143,20934,20935,0,0,0.12118605529872489,25
4144,20938,20939,0,0,0.06872893832110318,25
4145,20943,20944,1,0,0.20880430893886504,25
4146,20945,20946,0,0,0.12016330707701627,25
4147,20947,20948,0,0,0.08524589580471185,25
4148,20953,20954,0,0,0.09080578306066985,25
4149,20957,20958,0,0,0.46469370355987566,25
4150,20962,20963,1,0,0.155237206663982,25
4151,20967,20968,1,1,0.678427987228319,25
4152,20970,20971,0,0,0.1455086003916604,25
4153,20977,20978,1,1,0.7319929636441675,25
4154,20984,20985,0,0,0.03722279679944706,25
4155,20985,20986,0,0,4.638199592735443E-7,25
4156,20990,20991,0,1,0.6892587361436906,25
4157,20992,20993,1,1,0.5934840064788293,25
4158,20994,20995,0,0,0.3149408490422798,25
4159,21001,21002,1,0,0.25880766749459766,25
4160,21009,21010,0,0,0.256835172966692,25
4161,21011,21012,0,0,0.2530137939400076,25
4162,21018,21019,0,0,0.23894111015970912,25
4163,21022,21023,0,0,0.11668747789811937,25
4164,21023,21024,1,0,0.1381668746346817,25
4165,21028,21029,0,0,0.10958029859272612,25
4166,21041,21042,0,0,0.3351432258549598,25
4167,21043,21044,0,0,0.3523022314117572,25
4168,21046,21047,1,0,0.44876292890484093,25
4169,21051,21052,0,0,0.1803581430507405,25
4170,21052,21053,1,1,0.8526783577546603,25
4171,21057,21058,1,1,0.7278620208656331,25
4172,21058,21059,0,0,0.07886534745323358,25
4173,21062,21063,0,0,0.43275292458016407,25
4174,21101,21102,0,1,0.514288758768472,25
4175,21103,21104,0,0,0.0789350825460692,25
4176,21104,21105,0,0,0.14995332146750992,25
4177,21106,21107,0,0,0.1418468528593913,25
4178,21108,21109,1,0,0.12151838774130856,25
4179,21113,21114,0,0,0.16318687542786928,25
4180,21116,21117,0,0,0.3832692202421077,25
4181,21124,21125,0,0,0.06530359469672074,25
4182,21129,21130,0,0,0.11316402437414573,25
4183,21132,21133,0,0,0.10684397172240666,25
4184,21143,21144,1,0,0.12287949833780885,25
4185,21145,21146,0,0,0.1121148323424231,25
4186,21147,21148,1,0,0.20940958652629318,25
4187,21149,21150,0,0,0.11565317062370596,25
4188,21150,21151,0,0,0.1026238204114847,25
4189,21152,21153,0,0,0.1149853432989145,25
4190,21160,21161,0,0,0.15383989787766866,25
4191,21165,21166,1,1,0.5007887609804539,25
4192,21166,21167,1,1,0.5596533404280875,25
4193,21176,21177,0,0,0.09813062588415221,25
4194,21177,21178,0,0,4.2662383469285646E-7,25
4195,21188,21189,1,0,0.0690717038504676,25
4196,21190,21191,0,0,0.07340874340674824,25
4197,21191,21192,0,0,6.83657618794247E-7,25
4198,21196,21197,0,0,0.10443775981028235,25
4199,21199,21200,0,0,0.1137461095424603,25
4200,21203,21204,1,0,0.20534069025604465,25
4201,21211,21212,0,0,0.11391204415587917,25
4202,21212,21213,0,1,0.7330826704172547,25
4203,21219,21220,0,0,0.2741209920052506,25
4204,21220,21221,0,1,0.7224101685681024,25
4205,21222,21223,0,0,0.09853066620378104,25
4206,21227,21228,0,0,0.18847880370314773,25
4207,21228,21229,0,0,0.19006687489231608,25
4208,21229,21230,0,0,0.2358719285012275,25
4209,21231,21232,0,0,0.20667250698790748,25
4210,21238,21239,0,0,0.09434753538491313,25
4211,21240,21241,0,0,0.37778044703811053,25
4212,21243,21244,0,0,0.11233894033114582,25
4213,21244,21245,0,0,0.08028460423297241,25
4214,21245,21246,0,0,0.15764754610497939,25
4215,21247,21248,0,0,0.24542538664689492,25
4216,21249,21250,0,0,0.16736858847708475,25
4217,21258,21259,0,0,0.08089547720911888,25
4218,21261,21262,0,0,0.25591886760505234,25
4219,21263,21264,0,0,0.1408069726080701,25
4220,21273,21274,1,1,0.686602208786949,25
4221,21286,21287,0,0,0.22183610126693096,25
4222,21302,21303,0,0,0.20970132561266508,25
4223,21306,21307,0,0,0.09791718464082186,25
4224,21310,21311,1,0,0.33340469330222855,25
4225,21311,21312,1,0,0.46028591891872717,25
4226,21313,21314,0,0,0.21835380007729757,25
4227,21314,21315,1,0,0.19913462378285782,25
4228,21324,21325,0,0,0.26933966078503496,25
4229,21326,21327,1,0,0.1591375514957725,25
4230,21328,21329,0,0,0.18817955350506574,25
4231,21337,21338,0,0,0.09982505324843612,25
4232,21340,21341,0,0,0.2110191914557345,25
4233,21345,21346,0,0,0.23478401693378687,25
4234,21362,21363,0,1,0.5235433651252762,25
4235,21366,21367,0,0,0.1338648135241883,25
4236,21374,21375,0,0,0.31969954440762743,25
4237,21380,21381,1,1,0.9679196093737441,25
4238,21386,21387,0,0,0.16250758048741956,25
4239,21387,21388,0,0,0.4082187696940287,25
4240,21392,21393,1,1,0.6511151765330595,25
4241,21393,21394,1,0,0.2053936895069243,25
4242,21398,21399,1,0,0.18389591172516137,25
4243,21399,21400,0,0,0.1551893828340932,25
4244,21407,21408,0,0,0.16379614197274334,25
4245,21410,21411,0,1,0.5385125857443799,25
4246,21414,21415,0,0,0.306497022208168,25
4247,21416,21417,0,0,0.28924883267409635,25
4248,21417,21418,0,0,0.1031496922235177,25
4249,21421,21422,0,0,0.03993940999754228,25
4250,21426,21427,0,0,0.11730251075753176,25
4251,21428,21429,0,0,0.297402199540513,25
4252,21436,21437,0,0,0.03930126398392638,25
4253,21439,21440,1,0,0.20752956989183335,25
4254,21442,21443,0,0,1.7785648121188582E-7,25
4255,21444,21445,0,0,0.07274705044028451,25
4256,21475,21476,0,0,0.06594046310516773,25
4257,21480,21481,1,0,0.48677685511673585,25
4258,21486,21487,0,0,0.4432433460984968,25
4259,21493,21494,1,0,0.1066490942099628,25
4260,21498,21499,0,0,0.15964372419775108,25
4261,21503,21504,0,0,1.1088751515449089E-7,25
4262,21504,21505,0,0,0.11029858276925648,25
4263,21511,21512,1,0,0.4237055534886575,25
4264,21528,21529,0,0,0.06734168003841964,25
4265,21529,21530,0,0,0.08655157672771001,25
4266,21531,21532,0,0,0.18815854527372303,25
4267,21542,21543,0,0,0.07829632193184612,25
4268,21552,21553,0,0,0.30761387177644023,25
4269,21561,21562,0,1,0.6754279036665977,25
4270,21567,21568,0,0,0.043884873045584756,25
4271,21574,21575,0,0,0.08745899157242136,25
4272,21576,21577,0,0,0.11376335666514985,25
4273,21578,21579,0,0,0.15389543179984275,25
4274,21587,21588,0,0,0.025869586124605513,25
4275,21588,21589,0,0,0.357883340351215,25
4276,21595,21596,0,0,0.07876445717156944,25
4277,21596,21597,0,0,0.1933251715202713,25
4278,21600,21601,1,0,0.21287155781251835,25
4279,21606,21607,0,0,0.20752892973490286,25
4280,21611,21612,0,1,0.5493176405753306,25
4281,21618,21619,0,0,0.3188737350366251,25
4282,21630,21631,0,0,0.03860401733311062,25
4283,21631,21632,0,0,0.10385426561802512,25
4284,21634,21635,1,1,0.728365233331246,25
4285,21648,21649,0,0,0.09444144930309163,25
4286,21661,21662,0,0,0.14218369287711513,25
4287,21663,21664,0,0,0.06477743640446755,25
4288,21672,21673,1,1,0.6937141700696577,25
4289,21675,21676,0,0,0.28171448089488366,25
4290,21676,21677,0,0,0.18767768738500637,25
4291,21680,21681,0,0,0.04355593942816965,25
4292,21683,21684,0,0,0.16353038748958645,25
4293,21695,21696,0,0,0.018763306767990425,25
4294,21700,21701,0,0,0.037148389631465724,25
4295,21701,21702,1,1,0.756940561446169,25
4296,21702,21703,0,1,0.7178662898946245,25
4297,21706,21707,0,0,0.11802167684667822,25
4298,21708,21709,0,1,0.5574889763625418,25
4299,21715,21716,1,1,0.5752195366568413,25
4300,21721,21722,0,0,1.632051634915228E-7,25
4301,21722,21723,0,0,0.11458610728393842,25
4302,21731,21732,0,0,0.16050240211669314,25
4303,21737,21738,0,0,0.1274542100605389,25
4304,21750,21751,0,0,0.11518279227994874,25
4305,21771,21772,0,1,0.6867727441578909,25
4306,21802,21803,0,0,0.4142078363119009,25
4307,21806,21807,0,0,0.10578015127922412,25
4308,21809,21810,1,1,0.6039788512446311,25
4309,21811,21812,1,1,0.7595911270420165,25
4310,21812,21813,0,0,0.1028245839155407,25
4311,21819,21820,0,0,0.28732360902685045,25
4312,21824,21825,0,0,0.046367779763127455,25
4313,21826,21827,0,0,2.1544411186788538E-7,25
4314,21839,21840,0,0,3.696166156009361E-7,25
4315,21849,21850,0,0,0.0726415700414022,25
4316,21857,21858,0,0,0.1233694060707546,25
4317,21866,21867,0,0,0.11755482266149461,25
4318,21881,21882,0,0,0.026212074570289054,25
4319,21883,21884,0,0,0.15702743097369376,25
4320,21887,21888,0,0,2.3874460039925103E-7,25
4321,21894,21895,0,0,0.15298395517650035,25
4322,21896,21897,0,0,0.0745685616439286,25
4323,21900,21901,1,1,0.5173955530323359,25
4324,21901,21902,0,0,0.1138822239316773,25
4325,21904,21905,0,0,0.041690744105076366,25
4326,21906,21907,0,0,0.07343437709003947,25
4327,21911,21912,0,0,0.3878391208223441,25
4328,21912,21913,0,0,0.26837627842143136,25
4329,21915,21916,0,0,0.2640850499933568,25
4330,21920,21921,1,0,0.13843394352788482,25
4331,21935,21936,0,0,0.03181461614539185,25
4332,21940,21941,0,0,0.17149061707092345,25
4333,21957,21958,0,0,0.13159911613837494,25
4334,21962,21963,0,0,9.878012130448666E-7,25
4335,21963,21964,0,0,6.87987873598241E-7,25
4336,21968,21969,0,0,0.18598953265697615,25
4337,21969,21970,0,0,0.03277824125407271,25
4338,21971,21972,0,0,0.3017468437251129,25
4339,21984,21985,0,0,0.19152271031667584,25
4340,21988,21989,0,0,0.16740957780194826,25
4341,21992,21993,0,0,0.15871145896975888,25
4342,21994,21995,0,0,0.07348057942828938,25
4343,21998,21999,0,0,0.12239439172804785,25
4344,22002,22003,0,0,0.19512697027638837,25
4345,22007,22008,0,0,0.1825667777177352,25
4346,22008,22009,0,0,0.03770765426179502,25
4347,22027,22028,0,0,0.18104610859544348,25
4348,22028,22029,0,0,8.221757511010282E-7,25
4349,22031,22032,0,0,0.036614828021900435,25
4350,22032,22033,0,0,0.1913060168880503,25
4351,22035,22036,0,0,0.1980538108847697,25
4352,22041,22042,0,0,0.13001038528863368,25
4353,22042,22043,0,0,0.26010700264440983,25
4354,22043,22044,0,0,0.03762301801037515,25
4355,22046,22047,0,0,0.03257197180168442,25
4356,22056,22057,0,0,0.31815922213530107,25
4357,22057,22058,0,0,0.0905781746084784,25
4358,22058,22059,0,0,0.29939569713696296,25
4359,22061,22062,0,0,0.035853428316107876,25
4360,22070,22071,0,0,0.04322231256228028,25
4361,22072,22073,0,0,0.174949937698353,25
4362,22075,22076,0,0,0.3004121656812467,25
4363,22080,22081,1,1,0.805020343949725,25
4364,22081,22082,0,0,0.161848243074707,25
4365,22088,22089,0,0,0.2054041046722389,25
4366,22089,22090,0,0,0.21355865670205126,25
4367,22090,22091,1,0,0.11497815754960877,25
4368,22091,22092,0,0,2.5807059304484083E-7,25
4369,22092,22093,0,0,0.04349471486743275,25
4370,22095,22096,0,0,0.3873624888440594,25
4371,22098,22099,0,0,4.1684380125050104E-7,25
4372,22101,22102,1,0,0.11778039685647608,25
4373,22102,22103,0,0,0.034278525716735786,25
4374,22104,22105,0,0,0.07745566263923762,25
4375,22105,22106,0,0,0.19567523224299457,25
4376,22111,22112,1,1,0.7374117342133756,25
4377,22112,22113,0,0,0.17087415814161858,25
4378,22116,22117,0,0,0.03790508075294193,25
4379,22128,22129,0,0,0.13313470033809827,25
4380,22129,22130,0,0,0.0931358101416442,25
4381,22139,22140,0,0,0.1753191363140708,25
4382,22168,22169,1,1,0.6215482352721164,25
4383,22176,22177,1,1,0.7626213048120511,25
4384,22179,22180,0,0,0.07997832966507641,25
4385,22188,22189,0,0,0.11414352622878474,25
4386,22189,22190,0,0,0.18879790373337302,25
4387,22195,22196,0,0,0.034728453252774676,25
4388,22196,22197,0,0,4.4458351086202236E-7,25
4389,22198,22199,0,0,0.162870893102944,25
4390,22214,22215,0,0,0.14706865827087018,25
4391,22226,22227,0,0,0.14623034503492627,25
4392,22241,22242,0,0,0.12653525848583938,25
4393,22250,22251,1,0,0.19186697782720571,25
4394,22252,22253,0,0,0.10992172385108809,25
4395,22254,22255,0,0,0.15345053711836018,25
4396,22256,22257,1,0,0.1176681077580586,25
4397,22261,22262,0,0,0.14251653248256166,25
4398,22262,22263,1,0,0.20778166902531564,25
4399,22264,22265,0,0,0.1022901713178051,25
4400,22266,22267,1,0,0.0329815154285438,25
4401,22281,22282,0,0,0.20069148211705365,25
4402,22285,22286,1,1,0.6264139544271047,25
4403,22286,22287,1,0,0.4429628876978221,25
4404,22290,22291,1,1,0.7972685257173573,25
4405,22306,22307,1,0,0.11516211958800017,25
4406,22307,22308,0,0,0.361980015329026,25
4407,22311,22312,0,0,0.03818157524674947,25
4408,22319,22320,0,0,0.2504496187529174,25
4409,22321,22322,0,0,0.185861424407841,25
4410,22323,22324,0,0,3.2533991797950243E-7,25
4411,22328,22329,0,0,0.07618510296333482,25
4412,22333,22334,0,0,0.03940859409834408,25
4413,22338,22339,0,0,0.18655670700834057,25
4414,22352,22353,0,0,0.20313177210484015,25
4415,22357,22358,0,0,0.22957502847283304,25
4416,22360,22361,0,0,0.08276518555354762,25
4417,22364,22365,0,0,0.06975749972217754,25
4418,22366,22367,0,0,0.2688412284089709,25
4419,22368,22369,0,0,0.078757472165448,25
4420,22372,22373,0,0,3.1169799413902886E-7,25
4421,22377,22378,0,0,0.03468128666143388,25
4422,22378,22379,0,0,2.2104587174793447E-7,25
4423,22382,22383,0,0,0.06611190233523347,25
4424,22385,22386,1,0,0.15225788166251658,25
4425,22387,22388,0,0,0.10150876052892487,25
4426,22396,22397,0,0,0.19191335614464022,25
4427,22399,22400,0,0,0.1344625713678337,25
4428,22402,22403,0,0,0.22976952933141728,25
4429,22404,22405,0,0,2.0180221312808306E-7,25
4430,22407,22408,0,0,0.03979821046836707,25
4431,22408,22409,0,0,0.14643849179937396,25
4432,22412,22413,0,0,9.887429178488818E-8,25
4433,22416,22417,0,1,0.6827674535792042,25
4434,22420,22421,0,0,0.11730324159170151,25
4435,22424,22425,0,0,0.3373600816836787,25
4436,22430,22431,0,0,0.2729214542846822,25
4437,22434,22435,0,0,0.15964019264540524,25
4438,22439,22440,0,0,0.07397673225935665,25
4439,22442,22443,1,0,0.08150286055866587,25
4440,22445,22446,0,0,0.03810930294009288,25
4441,22447,22448,0,0,0.19603557665384067,25
4442,22448,22449,0,0,0.07733531926864254,25
4443,22450,22451,0,0,0.10034423981967139,25
4444,22451,22452,0,0,0.19780614203628358,25
4445,22452,22453,0,0,0.07908007317097293,25
4446,22453,22454,0,0,0.04721994685331684,25
4447,22468,22469,1,0,0.12873706915842448,25
4448,22472,22473,1,1,0.8499979603094582,25
4449,22481,22482,0,0,0.06750087542364461,25
4450,22496,22497,1,0,0.07431593641016021,25
4451,22500,22501,0,0,0.22014894739658641,25
4452,22501,22502,0,0,0.08436242629566228,25
4453,22502,22503,1,0,0.4029938828034294,25
4454,22505,22506,1,1,0.5110578827174216,25
4455,22513,22514,0,0,4.410992886469223E-7,25
4456,22514,22515,0,0,0.1539970699557829,25
4457,22517,22518,0,0,0.207603853600361,25
4458,22524,22525,0,0,0.11082625769554726,25
4459,22527,22528,0,0,0.21124448251030953,25
4460,22529,22530,0,0,0.46370601284235,25
4461,22533,22534,0,0,0.0959478672209813,25
4462,22543,22544,1,0,0.29259914990563723,25
4463,22547,22548,1,0,0.09878179430494828,25
4464,22549,22550,0,0,0.34970877300891073,25
4465,22552,22553,0,0,0.08562674102812205,25
4466,22553,22554,0,0,0.3266970071263082,25
4467,22557,22558,0,0,0.3245217385313501,25
4468,22561,22562,0,0,0.2086957980203074,25
4469,22566,22567,0,1,0.8063543838409554,25
4470,22585,22586,0,0,0.10935794712217646,25
4471,22589,22590,0,0,0.1633661890539039,25
4472,22592,22593,0,0,0.09734198984168486,25
4473,22616,22617,0,0,0.03899712317757074,25
4474,22619,22620,0,0,0.28780855680811174,25
4475,22626,22627,0,0,1.788328108409691E-7,25
4476,22627,22628,1,0,0.30279786913905143,25
4477,22632,22633,0,0,0.3650809042674259,25
4478,22634,22635,0,0,0.04083189775396687,25
4479,22636,22637,0,0,0.14671785037995838,25
4480,22649,22650,0,0,0.13763257595467465,25
4481,22656,22657,1,1,0.5214045166660375,25
4482,22661,22662,0,0,1.5095583042537244E-7,25
4483,22682,22683,0,0,0.17686712730036952,25
4484,22688,22689,1,1,0.7636176992152909,25
4485,22689,22690,0,0,0.03755470156097271,25
4486,22690,22691,0,1,0.7271541775814343,25
4487,22697,22698,0,0,0.1998063800044043,25
4488,22705,22706,0,0,0.4453884615637874,25
4489,22710,22711,1,0,0.4171691612061613,25
4490,22711,22712,1,0,0.1426611493838516,25
4491,22712,22713,0,0,0.2876900896363323,25
4492,22715,22716,0,0,0.25677336255799016,25
4493,22729,22730,0,0,0.2574178551632119,25
4494,22738,22739,0,0,0.04667492328069931,25
4495,22747,22748,0,0,0.18532188903291322,25
4496,22752,22753,0,0,0.08200572455793206,25
4497,22753,22754,1,1,0.6287133053052171,25
4498,22755,22756,1,0,4.089874413599079E-7,25
4499,22757,22758,0,0,0.11728572253696064,25
4500,22759,22760,1,1,0.891826050005152,25
4501,22763,22764,0,0,0.08809261506956466,25
4502,22767,22768,0,0,0.0758595542743035,25
4503,22768,22769,1,0,0.07831729665447222,25
4504,22776,22777,1,0,0.04264295176912145,25
4505,22778,22779,0,0,2.9681619007950974E-7,25
4506,22779,22780,0,0,0.03741238819083102,25
4507,22780,22781,0,0,0.15955223902267715,25
4508,22789,22790,1,0,0.24139267192267275,25
4509,22790,22791,0,0,0.09871500590318232,25
4510,22792,22793,0,0,0.07719823345692453,25
4511,22801,22802,0,0,0.0752313720170063,25
4512,22803,22804,0,0,0.07921919373164599,25
4513,22819,22820,0,0,0.10396820373385912,25
4514,22820,22821,0,0,0.08317141612030558,25
4515,22822,22823,0,0,0.06692433589371574,25
4516,22826,22827,0,0,0.19873300379467862,25
4517,22833,22834,0,0,0.04172436262781489,25
4518,22841,22842,0,0,0.07297293872071313,25
4519,22851,22852,1,0,0.4079339593678391,25
4520,22862,22863,1,1,0.7167999989684587,25
4521,22866,22867,0,0,0.20903810075772447,25
4522,22873,22874,0,0,0.07343880865811964,25
4523,22875,22876,0,0,0.07487668470271394,25
4524,22880,22881,0,1,0.6479430154372474,25
4525,22881,22882,1,0,0.098084886660128,25
4526,22882,22883,0,0,0.14533872426186276,25
4527,22888,22889,0,0,1.007758094710385E-6,25
4528,22893,22894,1,0,0.1153625810079207,25
4529,22894,22895,0,0,0.1978558168733282,25
4530,22897,22898,1,1,0.6989894786584576,25
4531,22900,22901,1,1,0.7543084955388947,25
4532,22904,22905,0,0,0.2611487875625022,25
4533,22913,22914,0,0,0.09177348949215852,25
4534,22914,22915,0,0,0.17669797245966518,25
4535,22927,22928,0,0,0.1643187197028696,25
4536,22930,22931,0,0,0.11930308429473903,25
4537,22936,22937,0,0,0.16022170183610662,25
4538,22937,22938,0,0,0.23707445409952488,25
4539,22938,22939,0,0,0.15771942858588855,25
4540,22939,22940,0,0,2.741428549997273E-7,25
4541,22940,22941,0,0,0.14289997518711436,25
4542,22944,22945,0,0,1.4613835750670208E-7,25
4543,22979,22980,0,0,0.24954076252095506,25
4544,22988,22989,0,0,0.04099422191929991,25
4545,22996,22997,0,0,0.16973816327239977,25
4546,22997,22998,0,0,3.533220136866181E-7,25
4547,22999,23000,0,0,0.049761897142983194,25
4548,23005,23006,1,0,0.11177986346862377,25
4549,23007,23008,0,0,0.18504017556518668,25
4550,23009,23010,0,0,0.2736167765754618,25
4551,23016,23017,0,0,0.20193240878596347,25
4552,23022,23023,0,0,0.17218673259431122,25
4553,23024,23025,0,0,0.2883103262016627,25
4554,23029,23030,0,0,0.038196482207301014,25
4555,23038,23039,0,0,0.04050188016743902,25
4556,23039,23040,1,1,0.6744996116680423,25
4557,23041,23042,0,0,0.03168913088717769,25
4558,23043,23044,1,0,0.15631407970269087,25
4559,23044,23045,0,0,0.038632661939698755,25
4560,23051,23052,0,0,0.25550088711713104,25
4561,23067,23068,0,0,0.039402152408057604,25
4562,23069,23070,0,0,0.47641592021386564,25
4563,23070,23071,1,0,0.18420753457861322,25
4564,23078,23079,0,0,6.347392307732313E-7,25
4565,23079,23080,0,0,0.090376344523153,25
4566,23092,23093,1,0,0.25846875483137766,25
4567,23098,23099,0,0,3.065253302825644E-7,25
4568,23104,23105,0,0,0.08537674847469352,25
4569,23107,23108,0,0,0.033681253749227716,25
4570,23108,23109,0,0,0.136617344068622,25
4571,23109,23110,0,0,0.46019942706142775,25
4572,23112,23113,0,0,0.11816621674283309,25
4573,23115,23116,0,0,0.1579746224901536,25
4574,23122,23123,0,0,6.778689841432591E-7,25
4575,23125,23126,1,0,0.14930199279356413,25
4576,23127,23128,0,0,2.0615039974728166E-7,25
4577,23133,23134,1,0,0.21525832441651724,25
4578,23136,23137,0,0,0.08194735300667315,25
4579,23145,23146,0,0,0.17849362887848844,25
4580,23159,23160,0,0,0.17515598962667026,25
4581,23163,23164,0,0,0.11630317452390976,25
4582,23164,23165,1,0,0.3600626951918977,25
4583,23169,23170,0,0,0.36524433084961344,25
4584,23172,23173,0,0,0.22698958999616597,25
4585,23183,23184,0,0,0.16350855448605955,25
4586,23186,23187,1,0,0.1705537366571172,25
4587,23201,23202,0,0,0.03637645995501849,25
4588,23205,23206,1,1,0.5333340500236806,25
4589,23213,23214,1,0,0.1547386776363135,25
4590,23232,23233,1,0,0.024337092789807408,25
4591,23236,23237,0,0,0.4834223178200587,25
4592,23238,23239,0,0,0.12052012361066143,25
4593,23240,23241,0,0,0.08199925796967893,25
4594,23243,23244,0,0,0.1264964760012865,25
4595,23244,23245,0,0,0.23650959741036537,25
4596,23250,23251,0,0,0.09867571868995098,25
4597,23251,23252,0,0,0.1131408721078418,25
4598,23254,23255,0,0,0.19545373040969724,25
4599,23259,23260,0,0,0.18417141890679783,25
4600,23270,23271,0,0,0.0986417969025565,25
4601,23272,23273,0,0,0.3112450557477453,25
4602,23273,23274,0,0,0.12235232520816297,25
4603,23276,23277,0,0,0.0724335967762551,25
4604,23278,23279,0,0,0.15726731162605212,25
4605,23284,23285,0,0,0.07868671650486934,25
4606,23286,23287,0,0,0.43171626628330084,25
4607,23289,23290,0,0,0.0471238925627533,25
4608,23300,23301,0,0,0.11935962208301011,25
4609,23301,23302,0,1,0.5628666977213149,25
4610,23303,23304,0,0,0.2755241991537035,25
4611,23304,23305,0,0,0.15799548032597285,25
4612,23307,23308,1,0,0.03656449379797868,25
4613,23308,23309,0,0,0.1216240593976637,25
4614,23318,23319,1,0,0.08107325369824901,25
4615,23322,23323,1,0,0.28045613414521264,25
4616,23324,23325,0,0,0.1882159414920953,25
4617,23327,23328,0,0,0.06727780696186883,25
4618,23329,23330,0,0,0.0383946414106742,25
4619,23333,23334,0,0,2.2402479692639162E-7,25
4620,23337,23338,0,0,0.04170743296432779,25
4621,23339,23340,1,1,0.60635108930692,25
4622,23341,23342,1,0,0.172178124819984,25
4623,23350,23351,1,0,0.03865798966576758,25
4624,23351,23352,0,0,0.15913050032414464,25
4625,23352,23353,1,0,0.21468549289785196,25
4626,23355,23356,1,1,0.531526589014949,25
4627,23365,23366,0,0,0.12977258359517782,25
4628,23383,23384,0,0,0.26686126434388135,25
4629,23387,23388,1,0,0.037946695784101876,25
4630,23388,23389,0,0,3.340795503229773E-7,25
4631,23395,23396,0,0,0.1558876077203606,25
4632,23399,23400,1,0,0.19590844945412741,25
4633,23402,23403,0,0,0.12569563264794006,25
4634,23411,23412,0,0,0.06739398841305018,25
4635,23412,23413,0,0,5.525329374418176E-7,25
4636,23415,23416,1,1,0.796513668796385,25
4637,23421,23422,0,0,0.040969081065452245,25
4638,23424,23425,0,0,1.0750764833659212E-6,25
4639,23431,23432,1,0,0.1486598504751039,25
4640,23433,23434,0,0,0.06869663487376781,25
4641,23434,23435,0,0,6.187825477466136E-7,25
4642,23442,23443,0,0,0.12595078795302822,25
4643,23447,23448,0,0,0.20768392782440454,25
4644,23451,23452,0,0,0.4733611970874573,25
4645,23457,23458,0,0,0.07323220781837651,25
4646,23461,23462,0,0,3.456185138421804E-7,25
4647,23463,23464,1,0,0.07261004608731025,25
4648,23465,23466,1,0,0.4255492493689097,25
4649,23467,23468,0,0,0.11034637728741016,25
4650,23468,23469,1,1,0.7259648739607778,25
4651,23471,23472,0,0,0.3997769153903938,25
4652,23476,23477,0,0,1.1845211577022632E-6,25
4653,23483,23484,0,0,0.2020223072930595,25
4654,23485,23486,0,0,0.1178516556717927,25
4655,23494,23495,0,0,0.11124096710913992,25
4656,23495,23496,1,0,0.2648579602938812,25
4657,23496,23497,0,0,1.2527971120090878E-7,25
4658,23499,23500,0,0,0.21288016182175967,25
4659,23501,23502,0,0,0.47601360765634304,25
4660,23504,23505,0,0,0.08848536516441421,25
4661,23505,23506,1,0,0.4315335912928449,25
4662,23509,23510,0,1,0.6500718774516685,25
4663,23513,23514,0,0,4.2927793719402144E-7,25
4664,23518,23519,0,0,0.1470263354974525,25
4665,23528,23529,0,0,0.1550778664731524,25
4666,23532,23533,1,1,0.5414976921462653,25
4667,23538,23539,0,0,0.0884446730884779,25
4668,23540,23541,0,0,0.4035642621474792,25
4669,23544,23545,0,0,0.08529837594001578,25
4670,23549,23550,0,0,0.195732388857028,25
4671,23553,23554,0,0,0.1656152079298568,25
4672,23562,23563,1,0,0.13257485538156819,25
4673,23563,23564,0,0,0.10156411943888526,25
4674,23569,23570,0,0,0.40137847231456797,25
4675,23572,23573,0,0,5.210294466913597E-7,25
4676,23575,23576,0,0,0.03631306840512236,25
4677,23583,23584,0,0,0.03103085148313026,25
4678,23597,23598,0,0,0.07944371457456552,25
4679,23599,23600,0,0,3.022315701965073E-7,25
4680,23601,23602,0,0,0.14502536506998306,25
4681,23602,23603,1,0,0.20413028202270314,25
4682,23607,23608,1,1,0.685056434573811,25
4683,23612,23613,0,0,0.1130963810936268,25
4684,23626,23627,0,0,0.07193233513447354,25
4685,23629,23630,0,0,5.7786629707009E-7,25
4686,23635,23636,1,0,0.15757184786769748,25
4687,23642,23643,0,0,0.07705460521753477,25
4688,23643,23644,0,0,0.21906457779150385,25
4689,23653,23654,0,0,0.0375836108077223,25
4690,23656,23657,0,0,0.4111615183851061,25
4691,23658,23659,0,0,0.2836655161372346,25
4692,23663,23664,1,0,0.12072961782763032,25
4693,23667,23668,0,0,0.15524664411644498,25
4694,23683,23684,0,0,0.03697531765554216,25
4695,23686,23687,0,0,0.0812796386497918,25
4696,23690,23691,0,0,0.08948313621728739,25
4697,23692,23693,0,0,0.26776219127312106,25
4698,23694,23695,0,0,0.44004629893260505,25
4699,23695,23696,0,0,0.10695457437840565,25
4700,23704,23705,1,1,0.8548993319530764,25
4701,23707,23708,0,0,0.1600671785141651,25
4702,23714,23715,0,0,0.08094237490430217,25
4703,23727,23728,0,0,0.11411192729298615,25
4704,23735,23736,0,0,0.14364643120148735,25
4705,23736,23737,1,0,0.1265195927548141,25
4706,23748,23749,0,0,0.19062041482145275,25
4707,23750,23751,0,0,0.0675779943739449,25
4708,23753,23754,0,0,0.1274739615256408,25
4709,23756,23757,0,0,0.036517121425361766,25
4710,23759,23760,1,0,0.35637164151184897,25
4711,23762,23763,0,0,0.23224197645703618,25
4712,23767,23768,0,0,0.3375550031861334,25
4713,23771,23772,0,0,0.11508439458147354,25
4714,23773,23774,0,0,0.12319974132807829,25
4715,23776,23777,0,0,0.02934879229085768,25
4716,23779,23780,0,0,0.12338569849181619,25
4717,23782,23783,0,0,0.22183011509239958,25
4718,23784,23785,0,0,0.18805704596958767,25
4719,23789,23790,0,0,0.3337694797053474,25
4720,23808,23809,0,0,0.20794287809131604,25
4721,23817,23818,1,0,0.0366343583344089,25
4722,23822,23823,1,0,0.4346820113913277,25
4723,23824,23825,0,0,0.09623918145223448,25
4724,23827,23828,1,1,0.742977293238738,25
4725,23829,23830,0,0,0.24467841805772542,25
4726,23846,23847,0,0,0.3622035443156065,25
4727,23851,23852,0,0,0.15983760987364556,25
4728,23858,23859,0,0,0.07984873912290436,25
4729,23866,23867,0,0,0.11887522956079238,25
4730,23871,23872,0,1,0.7858397322027215,25
4731,23879,23880,0,0,0.15982397277818908,25
4732,23886,23887,0,0,4.536478519033825E-7,25
4733,23889,23890,0,0,0.13449120907815118,25
4734,23893,23894,0,0,0.34009921499750156,25
4735,23894,23895,0,0,0.15925741190364884,25
4736,23895,23896,1,1,0.6061984187811592,25
4737,23896,23897,0,0,0.15333084193239335,25
4738,23907,23908,1,0,0.05447444482627893,25
4739,23909,23910,0,0,0.42487791879208386,25
4740,23911,23912,0,0,0.0740043708760014,25
4741,23921,23922,0,0,0.06947393279919836,25
4742,23931,23932,0,0,0.4374513853805662,25
4743,23937,23938,0,0,0.19796797861949378,25
4744,23939,23940,1,0,0.2773844850719199,25
4745,23947,23948,0,0,0.045347768409290154,25
4746,23948,23949,0,0,0.05322487671424919,25
4747,23950,23951,0,0,0.43738160457675773,25
4748,23954,23955,0,0,0.28890120627483534,25
4749,23967,23968,0,0,9.600334887591942E-7,25
4750,23973,23974,0,0,0.03030173277410149,25
4751,23985,23986,1,0,0.26587429626859455,25
4752,23988,23989,0,0,0.10378714518294767,25
4753,23993,23994,0,0,0.12910142834339255,25
4754,23995,23996,0,0,0.40986591372000686,25
4755,24002,24003,0,0,0.037586781557624994,25
4756,24010,24011,0,0,0.1056957884708699,25
4757,24012,24013,1,1,0.6881739212473075,25
4758,24016,24017,0,0,0.1515751195585941,25
4759,24017,24018,0,0,0.22601721278258485,25
4760,24026,24027,0,0,0.16328173799634405,25
4761,24032,24033,1,0,0.41102160337600774,25
4762,24040,24041,0,0,0.03686675044628587,25
4763,24046,24047,0,0,0.15926821972000405,25
4764,24061,24062,0,0,0.10318412456222874,25
4765,24062,24063,0,0,0.19135362841786901,25
4766,24065,24066,0,0,0.19725547090591797,25
4767,24073,24074,0,0,0.14709633136354183,25
4768,24075,24076,0,1,0.6781201294493401,25
4769,24077,24078,0,0,0.03571569973811937,25
4770,24090,24091,0,0,0.2005897141522278,25
4771,24092,24093,0,1,0.6693548868368486,25
4772,24095,24096,0,0,0.12831466043905074,25
4773,24096,24097,0,0,0.2745525956963803,25
4774,24098,24099,0,0,0.12040978614385074,25
4775,24118,24119,0,0,0.08626239142609467,25
4776,24121,24122,0,0,0.16450303011171552,25
4777,24126,24127,1,0,0.4909270978914494,25
4778,24128,24129,0,0,0.1069689501196296,25
4779,24133,24134,0,0,0.17629350597754054,25
4780,24136,24137,0,0,0.15318370661506006,25
4781,24139,24140,1,0,0.13406107498022996,25
4782,24144,24145,0,0,0.10648157779114083,25
4783,24145,24146,0,0,0.17342082864869054,25
4784,24147,24148,1,0,0.3129940769227819,25
4785,24148,24149,0,0,0.11202226069449404,25
4786,24154,24155,1,1,0.6001075426945188,25
4787,24162,24163,0,0,0.03244899025581558,25
4788,24169,24170,0,0,0.09439573549909126,25
4789,24176,24177,0,0,0.1728140419958,25
4790,24177,24178,0,0,0.07620110412350621,25
4791,24187,24188,0,0,0.09897755848857902,25
4792,24192,24193,1,1,0.5624631946123545,25
4793,24196,24197,0,0,0.07113319753286719,25
4794,24197,24198,1,1,0.8558114694781496,25
4795,24198,24199,0,0,0.21549571354564384,25
4796,24207,24208,0,0,0.05159190277388773,25
4797,24210,24211,0,0,0.07277990471840873,25
4798,24219,24220,0,0,0.28136394390333186,25
4799,24223,24224,0,0,0.043677383138526676,25
4800,24235,24236,0,0,0.2790451290554328,25
4801,24265,24266,0,0,3.3896442835668873E-7,25
4802,24266,24267,0,0,0.15033355089763525,25
4803,24274,24275,0,0,0.03852820754872644,25
4804,24276,24277,0,0,0.19031001646124215,25
4805,24288,24289,0,0,0.08008640286869083,25
4806,24303,24304,1,1,0.6031099167731734,25
4807,24305,24306,0,0,0.1020609950920667,25
4808,24308,24309,0,0,0.2178546555698322,25
4809,24309,24310,0,0,0.17868734922803392,25
4810,24318,24319,0,0,0.19095520403267033,25
4811,24320,24321,0,0,0.1147421449401727,25
4812,24328,24329,0,0,0.2211520245169046,25
4813,24332,24333,1,0,0.44655579872461737,25
4814,24341,24342,1,1,0.6433125340723669,25
4815,24348,24349,0,0,0.15506590536638779,25
4816,24355,24356,0,0,0.18925849506547612,25
4817,24359,24360,1,1,0.6043500863301114,25
4818,24362,24363,0,0,0.27918124167040004,25
4819,24365,24366,0,0,0.172113122919234,25
4820,24368,24369,0,0,0.2007140463732394,25
4821,24375,24376,0,0,0.03625825002174945,25
4822,24379,24380,0,0,0.20451282127865736,25
4823,24384,24385,0,0,0.08248686650922493,25
4824,24387,24388,0,0,0.14991186094224204,25
4825,24389,24390,0,0,0.12816173315659174,25
4826,24391,24392,0,0,0.2007218078006162,25
4827,24392,24393,1,0,0.19299655685200023,25
4828,24397,24398,1,1,0.7396236606212133,25
4829,24399,24400,0,0,0.03793547536373695,25
4830,24400,24401,1,1,0.8392079349499915,25
4831,24401,24402,0,0,0.2330047099773065,25
4832,24402,24403,0,0,0.03899611225306148,25
4833,24407,24408,1,0,0.13507932522633606,25
4834,24412,24413,1,0,0.3791278315403059,25
4835,24414,24415,0,0,0.036861256447242904,25
4836,24418,24419,0,0,0.2762206036071275,25
4837,24420,24421,0,0,0.12349628708224698,25
4838,24421,24422,0,0,0.07158671433119226,25
4839,24426,24427,0,0,0.11010036008172049,25
4840,24429,24430,1,0,0.12711436820643204,25
4841,24433,24434,0,0,0.19780644726652108,25
4842,24436,24437,0,0,0.28421943972850827,25
4843,24437,24438,0,0,0.029144367775060267,25
4844,24448,24449,1,0,0.38104217095116805,25
4845,24449,24450,0,0,0.4649671527345552,25
4846,24453,24454,0,0,0.15109968509196714,25
4847,24454,24455,0,0,0.1825576412264285,25
4848,24459,24460,0,0,0.4398686747535153,25
4849,24477,24478,0,0,2.820450706491566E-7,25
4850,24488,24489,0,0,0.05836614873573448,25
4851,24491,24492,0,0,7.272671085642205E-7,25
4852,24492,24493,0,0,0.08099047163766604,25
4853,24503,24504,0,0,0.4077482485170707,25
4854,24508,24509,0,0,0.2564408515006827,25
4855,24520,24521,0,0,0.12367992112300445,25
4856,24525,24526,1,0,0.10006687147460443,25
4857,24531,24532,1,0,0.21432447578438862,25
4858,24537,24538,0,0,0.23146766812004863,25
4859,24540,24541,0,0,0.07094624196972182,25
4860,24546,24547,0,0,0.19221984546164858,25
4861,24548,24549,0,0,0.24522452550584156,25
4862,24551,24552,1,0,0.1565669097674112,25
4863,24555,24556,0,0,0.2420869139868759,25
4864,24574,24575,0,0,0.14203937243153458,25
4865,24575,24576,0,0,0.19191662340067292,25
4866,24581,24582,0,0,0.2077264672425476,25
4867,24586,24587,0,0,0.18745918637081715,25
4868,24587,24588,0,0,7.449064750289491E-7,25
4869,24594,24595,1,1,0.5794207911412755,25
4870,24597,24598,0,0,0.10609587045043792,25
4871,24601,24602,1,0,0.3307558362235234,25
4872,24605,24606,0,0,0.036786599885028776,25
4873,24611,24612,0,0,0.1269929613480516,25
4874,24613,24614,0,0,0.04712296201947386,25
4875,24615,24616,0,0,0.13034807205866913,25
4876,24617,24618,1,1,0.5755325984967977,25
4877,24618,24619,0,0,0.23908536850794954,25
4878,24620,24621,0,0,0.24770374591371236,25
4879,24622,24623,0,0,0.06182396915792151,25
4880,24623,24624,0,0,0.10977108921267652,25
4881,24625,24626,0,0,0.06921672204979466,25
4882,24630,24631,0,0,0.15485582221951136,25
4883,24631,24632,0,0,0.21995683599386778,25
4884,24632,24633,0,0,0.14552174081613078,25
4885,24641,24642,0,0,0.03839262837779821,25
4886,24643,24644,1,0,0.07875961926287824,25
4887,24652,24653,0,0,0.060520140706002784,25
4888,24655,24656,1,0,0.1350000107850641,25
4889,24657,24658,0,0,0.24761900011540436,25
4890,24659,24660,0,0,0.19326813413742686,25
4891,24660,24661,0,0,0.2974720450072535,25
4892,24666,24667,0,1,0.6885120017093987,25
4893,24667,24668,0,0,0.1443058548730782,25
4894,24674,24675,1,1,0.6001664479311957,25
4895,24678,24679,0,0,0.07935910259342432,25
4896,24681,24682,0,0,3.592949333120794E-7,25
4897,24682,24683,0,0,4.781996623719444E-7,25
4898,24684,24685,1,1,0.6992645547542732,25
4899,24686,24687,0,0,0.136508236175489,25
4900,24688,24689,0,0,0.19637511211889347,25
4901,24692,24693,0,0,0.357340038463767,25
4902,24694,24695,0,0,0.23494420439120955,25
4903,24700,24701,0,0,0.07520084339486764,25
4904,24707,24708,0,0,0.10616523838856654,25
4905,24708,24709,0,1,0.7258319696660352,25
4906,24711,24712,0,1,0.5217926215830889,25
4907,24717,24718,0,0,0.124775656772714,25
4908,24721,24722,0,0,0.03886952704052152,25
4909,24725,24726,0,0,0.11743789221945986,25
4910,24728,24729,0,0,0.03930357942207536,25
4911,24731,24732,0,0,0.08692542082121334,25
4912,24733,24734,0,0,0.09897383569372133,25
4913,24742,24743,0,0,0.11840388518287434,25
4914,24744,24745,0,0,0.0685795949168233,25
4915,24749,24750,0,0,0.32817447947166506,25
4916,24751,24752,0,0,0.15718304406215217,25
4917,24755,24756,0,0,0.2838436105045207,25
4918,24759,24760,1,1,0.5820115410455903,25
4919,24766,24767,0,0,0.07873825209369409,25
4920,24767,24768,1,1,0.5427594521362687,25
4921,24771,24772,0,0,0.23894859246806008,25
4922,24773,24774,0,0,0.1477950267474516,25
4923,24788,24789,0,0,0.1738956985144839,25
4924,24795,24796,0,0,0.1570199984808865,25
4925,24796,24797,0,0,0.3757354837015919,25
4926,24802,24803,0,0,0.07335128558689749,25
4927,24823,24824,0,0,0.15545999749319125,25
4928,24825,24826,0,0,0.03877857345044623,25
4929,24841,24842,0,0,0.07930062816316483,25
4930,24848,24849,0,0,0.03514654324478643,25
4931,24853,24854,0,0,8.553730948702512E-7,25
4932,24856,24857,1,0,1.2034316109747518E-6,25
4933,24860,24861,0,0,0.2606003570692934,25
4934,24866,24867,0,0,0.3427496903536618,25
4935,24885,24886,0,0,0.14824412149693447,25
4936,24889,24890,0,0,0.38339008889182946,25
4937,24890,24891,0,0,0.4776190329864603,25
4938,24893,24894,0,0,0.10845958378433915,25
4939,24898,24899,0,0,0.11754191940116335,25
4940,24907,24908,1,0,6.780546583107739E-7,25
4941,24909,24910,0,0,0.033701025934518535,25
4942,24913,24914,1,0,0.4753373489656348,25
4943,24919,24920,0,0,0.41583360047932255,25
4944,24922,24923,0,0,0.11334364884395307,25
4945,24923,24924,0,0,4.394143341314382E-7,25
4946,24925,24926,0,0,0.19874551528246706,25
4947,24927,24928,0,0,0.3046119701527602,25
4948,24936,24937,0,0,0.11889238553338251,25
4949,24937,24938,1,0,0.28479328896624057,25
4950,24940,24941,0,0,0.22730058576300063,25
4951,24961,24962,0,0,0.12111296946837932,25
4952,24963,24964,0,0,0.08187022326034439,25
4953,24975,24976,0,0,0.1914382048587608,25
4954,24987,24988,0,0,0.12370516670178858,25
4955,24988,24989,1,1,0.5612880791065549,25
4956,24997,24998,0,0,0.11236976727183881,25
4957,25005,25006,0,0,0.27484635180873135,25
4958,25025,25026,0,0,5.519537717444605E-7,25
4959,25031,25032,0,0,0.15901224747336504,25
4960,25038,25039,0,0,0.05055929543688876,25
4961,25045,25046,0,0,0.09014138471161745,25
4962,25046,25047,0,0,0.12022847889515587,25
4963,25051,25052,0,0,0.08076719431892455,25
4964,25054,25055,1,0,0.19008677084793207,25
4965,25059,25060,1,0,0.3407678924766465,25
4966,25060,25061,0,0,0.0872189656682037,25
4967,25071,25072,0,1,0.696291877322628,25
4968,25075,25076,0,0,8.35844811528536E-7,25
4969,25079,25080,0,0,0.3285402925190907,25
4970,25082,25083,0,0,0.043681132246490534,25
4971,25088,25089,0,0,0.036335025474022765,25
4972,25093,25094,0,0,0.1559888443971557,25
4973,25094,25095,0,0,0.25356125014407915,25
4974,25097,25098,1,0,0.18617859577111484,25
4975,25105,25106,0,0,0.11492555414104216,25
4976,25106,25107,0,0,0.18263760819059519,25
4977,25107,25108,0,0,0.11766151064142909,25
4978,25113,25114,0,0,0.09652637657762926,25
4979,25116,25117,1,0,0.1665841974917174,25
4980,25124,25125,0,0,0.10345522355021704,25
4981,25128,25129,0,0,0.07461314947736199,25
4982,25130,25131,0,0,0.148131547961642,25
4983,25137,25138,0,0,0.4031981681359459,25
4984,25140,25141,0,0,0.05945979937581896,25
4985,25142,25143,0,0,0.08634894604847342,25
4986,25151,25152,0,0,4.0369864673742266E-7,25
4987,25152,25153,0,0,0.13603740909284862,25
4988,25153,25154,1,1,0.5974922222155822,25
4989,25154,25155,1,1,0.5598367100684924,25
4990,25155,25156,0,1,0.6052580670774939,25
4991,25163,25164,0,0,0.19131962870449398,25
4992,25171,25172,0,0,0.03272318894228929,25
4993,25175,25176,0,1,0.6453663580343993,25
4994,25176,25177,0,1,0.5646355716750787,25
4995,25177,25178,0,1,0.5283822450820167,25
4996,25179,25180,0,0,0.03833934087736139,25
4997,25181,25182,0,0,0.15547362780119195,25
4998,25182,25183,1,1,0.6390230977986554,25
4999,25193,25194,1,1,0.6791968090452005,25
5000,25196,25197,1,1,0.7175472181305494,25
5001,25199,25200,0,0,0.3650019585066905,25
5002,25206,25207,0,0,0.07433573006182434,25
5003,25208,25209,0,0,0.1976939204937231,25
5004,25220,25221,0,1,0.6241595499266115,25
5005,25222,25223,0,0,0.13292085252786534,25
5006,25226,25227,0,1,0.5384582471988628,25
5007,25230,25231,0,0,0.04314729820957114,25
5008,25236,25237,0,0,0.12167923397990177,25
5009,25240,25241,0,0,0.036598048444423006,25
5010,25244,25245,0,0,0.07668301267020786,25
5011,25251,25252,0,0,2.4486745963665663E-7,25
5012,25256,25257,0,0,0.32834860082671624,25
5013,25260,25261,0,1,0.5293399598680883,25
5014,25263,25264,0,0,0.21249838730800025,25
5015,25264,25265,0,0,0.09423948467482285,25
5016,25268,25269,0,0,0.18921592813330268,25
5017,25278,25279,1,0,0.10249251257843953,25
5018,25282,25283,0,0,0.08600074415125597,25
5019,25296,25297,0,0,0.21345770589500568,25
5020,25298,25299,1,1,0.7672863388817903,25
5021,25299,25300,0,0,0.1821421869818338,25
5022,25302,25303,0,0,0.22284087912654074,25
5023,25323,25324,0,0,0.09068521158146219,25
5024,25335,25336,0,0,0.07557885886747256,25
5025,25344,25345,0,0,0.14005795344345512,25
5026,25360,25361,0,0,0.12212873270032543,25
5027,25363,25364,0,1,0.6204116691456695,25
5028,25367,25368,0,0,0.11839434949867092,25
5029,25371,25372,0,0,0.034497785587928986,25
5030,25385,25386,0,0,0.13827287898986088,25
5031,25395,25396,0,0,0.07729200227642767,25
5032,25413,25414,1,0,0.1599731131029301,25
5033,25420,25421,1,1,0.5030378339358147,25
5034,25423,25424,0,0,0.04359550002962904,25
5035,25424,25425,0,0,0.06464504329307184,25
5036,25425,25426,0,0,0.12610082129910444,25
5037,25431,25432,0,0,0.12304828423940394,25
5038,25436,25437,0,0,0.1118740529404371,25
5039,25447,25448,0,0,0.14196237228747094,25
5040,25450,25451,0,0,0.054282061057821095,25
5041,25476,25477,0,0,0.14692359291579898,25
5042,25481,25482,0,0,0.12344875281742013,25
5043,25490,25491,0,0,0.47242634411670636,25
5044,25491,25492,0,0,0.10638900601711292,25
5045,25496,25497,0,0,5.476554586508001E-7,25
5046,25507,25508,0,0,0.07873162488978884,25
5047,25510,25511,1,1,0.6618789386367371,25
5048,25513,25514,0,0,0.0350518715051373,25
5049,25519,25520,0,0,0.0792334765232189,25
5050,25524,25525,0,0,0.29438976801214783,25
5051,25528,25529,0,0,0.2734738948264909,25
5052,25531,25532,0,0,0.06821403900207451,25
5053,25536,25537,0,0,0.4238793681906,25
5054,25544,25545,0,0,1.8719233537869368E-7,25
5055,25559,25560,0,0,0.0727370025118141,25
5056,25560,25561,0,0,0.0730251772542473,25
5057,25563,25564,0,0,0.07384137217567108,25
5058,25567,25568,0,0,0.0754251227760226,25
5059,25569,25570,1,1,0.7321142484380597,25
5060,25571,25572,0,0,0.043151312051825604,25
5061,25588,25589,0,0,0.10131414570421436,25
5062,25592,25593,0,0,0.14930131945191238,25
5063,25593,25594,0,0,0.10909977172017828,25
5064,25598,25599,0,0,0.07282604321546869,25
5065,25599,25600,0,0,0.31966016539534925,25
5066,25601,25602,0,0,0.11892984857181117,25
5067,25603,25604,0,0,0.1131838875156572,25
5068,25609,25610,0,0,0.1250392899745971,25
5069,25614,25615,0,0,0.13060301172660196,25
5070,25615,25616,0,0,1.6527359411869945E-7,25
5071,25619,25620,1,0,0.37641618313084896,25
5072,25620,25621,0,0,0.07057753229890165,25
5073,25621,25622,0,0,2.1624350149967032E-7,25
5074,25622,25623,0,0,0.3053996237440808,25
5075,25625,25626,0,0,0.078698411450712,25
5076,25630,25631,0,0,0.07818946063887161,25
5077,25637,25638,0,0,0.07982724578248472,25
5078,25642,25643,0,0,0.23934499658056282,25
5079,25645,25646,1,1,0.859596553634615,25
5080,25651,25652,0,0,0.08244709146140737,25
5081,25663,25664,0,0,0.15456680251949895,25
5082,25665,25666,0,0,0.11741269573273443,25
5083,25671,25672,0,0,0.03623520206756054,25
5084,25673,25674,0,0,0.037838714806964005,25
5085,25676,25677,0,0,0.264241503445485,25
5086,25684,25685,0,0,0.043859298250594494,25
5087,25687,25688,0,0,0.06643330111127724,25
5088,25692,25693,0,0,8.418344138962167E-7,25
5089,25697,25698,0,0,0.2934180925910854,25
5090,25698,25699,0,0,0.10293541485761985,25
5091,25704,25705,1,0,0.4339752279234705,25
5092,25705,25706,0,0,3.712253567269023E-7,25
5093,25711,25712,0,0,0.15093744062741937,25
5094,25713,25714,1,0,0.08841602507694553,25
5095,25720,25721,1,0,0.06856237417557912,25
5096,25729,25730,0,0,0.043425256606068316,25
5097,25730,25731,0,0,0.24277402175395252,25
5098,25734,25735,0,0,0.21754333817022134,25
5099,25737,25738,0,0,0.22807180491469367,25
5100,25740,25741,0,0,0.03643108094299622,25
5101,25742,25743,1,0,0.07369129562107352,25
5102,25744,25745,0,0,0.18913730071458512,25
5103,25745,25746,0,0,0.07587626389864471,25
5104,25750,25751,1,0,0.30590425842153884,25
5105,25753,25754,0,0,0.31576279523183737,25
5106,25778,25779,0,0,0.14890058727480918,25
5107,25783,25784,0,0,0.15585303102207027,25
5108,25785,25786,0,0,0.06877480872949125,25
5109,25788,25789,0,0,0.03979889968884143,25
5110,25789,25790,0,0,0.11562634908073027,25
5111,25793,25794,0,0,0.041065212144783786,25
5112,25794,25795,0,0,0.03786516140866172,25
5113,25805,25806,0,0,0.1725798175634955,25
5114,25806,25807,0,0,2.1897082947258702E-7,25
5115,25811,25812,0,0,2.728162013688266E-7,25
5116,25812,25813,0,0,0.24314406322569296,25
5117,25816,25817,0,0,0.18605463239274275,25
5118,25819,25820,0,0,0.13859996576336503,25
5119,25826,25827,0,0,4.3962011403623147E-7,25
5120,25832,25833,0,0,0.18129613056549448,25
5121,25836,25837,0,0,0.10340425938864102,25
5122,25843,25844,0,0,0.07791787173698267,25
5123,25846,25847,0,0,0.21236395372111527,25
5124,25850,25851,1,0,0.16578046881047653,25
5125,25851,25852,1,1,0.7101615238096756,25
5126,25854,25855,0,0,0.10784215504708915,25
5127,25860,25861,0,0,0.07623501953083783,25
5128,25863,25864,0,0,2.8154007658844663E-7,25
5129,25865,25866,0,0,3.5546519986340376E-7,25
5130,25866,25867,0,0,0.32778448133187643,25
5131,25871,25872,0,0,0.23747186529904143,25
5132,25872,25873,0,0,0.17197442191759568,25
5133,25879,25880,0,0,0.12828824466472577,25
5134,25882,25883,0,0,0.20137100865757718,25
5135,25886,25887,1,0,0.49140814886566975,25
5136,25898,25899,0,0,0.03473083571011594,25
5137,25900,25901,0,0,0.034202517859618246,25
5138,25901,25902,0,0,0.13267339165084674,25
5139,25905,25906,0,0,0.029046608845751762,25
5140,25908,25909,0,0,0.17760723159745956,25
5141,25912,25913,0,1,0.5230397716860921,25
5142,25914,25915,0,0,0.16689470395303055,25
5143,25917,25918,0,0,0.04314039253580953,25
5144,25928,25929,1,0,0.28860462092168343,25
5145,25930,25931,0,0,0.11195580846203136,25
5146,25939,25940,0,0,0.11619706714279944,25
5147,25940,25941,0,0,3.400026067774451E-7,25
5148,25942,25943,0,0,0.3359551582105286,25
5149,25973,25974,0,0,0.10182796702398117,25
5150,25974,25975,0,1,0.5164487922484537,25
5151,25979,25980,0,0,0.07787219893490813,25
5152,25982,25983,0,1,0.6314505545229684,25
5153,25988,25989,0,0,0.07947192447532136,25
5154,25989,25990,0,0,1.035149126416734E-6,25
5155,25992,25993,0,0,0.12036067419772374,25
5156,25993,25994,0,0,0.11052046457975113,25
5157,25994,25995,0,0,0.2758379462291756,25
5158,25995,25996,1,0,0.4918425831035723,25
5159,26000,26001,0,0,0.1795713504902159,25
5160,26008,26009,0,0,0.08530080468244228,25
5161,26010,26011,0,0,0.036322001698391844,25
5162,26022,26023,0,1,0.5676032680851131,25
5163,26028,26029,0,0,0.05506012632877465,25
5164,26031,26032,0,0,2.1200452579705072E-7,25
5165,26033,26034,0,0,0.033855192675552793,25
5166,26043,26044,1,1,0.606149361894165,25
5167,26056,26057,0,0,0.12088279306061463,25
5168,26057,26058,1,1,0.6752992461431764,25
5169,26059,26060,0,0,0.04278902047315246,25
5170,26073,26074,0,0,0.2676275536986824,25
5171,26082,26083,0,1,0.6174447960642135,25
5172,26083,26084,1,0,0.19662139164874798,25
5173,26089,26090,0,0,0.12914764342963247,25
5174,26090,26091,0,0,0.09747284597528912,25
5175,26095,26096,0,0,0.19578049883716428,25
5176,26105,26106,0,0,0.20791188738786515,25
5177,26116,26117,0,0,0.12109990056862323,25
5178,26118,26119,0,0,0.13365316485570855,25
5179,26120,26121,0,0,0.18745613775041267,25
5180,26141,26142,0,0,0.07921273459231534,25
5181,26145,26146,0,0,0.11889507156866586,25
5182,26151,26152,0,0,0.08186569638288722,25
5183,26156,26157,0,0,3.0776902263897525E-7,25
5184,26162,26163,0,0,7.538308976553779E-7,25
5185,26171,26172,0,0,0.03157537331594553,25
5186,26179,26180,0,0,0.08723091163159034,25
5187,26200,26201,0,0,0.11225794046880207,25
5188,26203,26204,0,0,0.11780639591865691,25
5189,26205,26206,0,0,0.21069796697617293,25
5190,26215,26216,0,0,0.40108122467693347,25
5191,26219,26220,0,0,0.07458628003033588,25
5192,26220,26221,0,0,0.1277267937153009,25
5193,26221,26222,0,0,0.07617012766585952,25
5194,26224,26225,0,0,0.052547944070138033,25
5195,26246,26247,1,0,0.4971690105251312,25
5196,26248,26249,0,0,0.14526672947791208,25
5197,26250,26251,0,0,1.0312057426818023E-6,25
5198,26253,26254,0,0,0.23571029410698296,25
5199,26259,26260,0,1,0.612089852369352,25
5200,26269,26270,0,0,0.10959207043816958,25
5201,26270,26271,1,0,0.2039905162601236,25
5202,26281,26282,0,0,0.03215707418706129,25
5203,26296,26297,0,0,0.07499172758372939,25
5204,26304,26305,0,0,0.03899331508796428,25
5205,26318,26319,1,0,0.18782733742405625,25
5206,26319,26320,0,0,0.035101572728741655,25
5207,26324,26325,1,0,0.12043619518759954,25
5208,26329,26330,0,0,0.0382420168061883,25
5209,26331,26332,0,0,0.07659139335901935,25
5210,26344,26345,0,0,0.23910492467274855,25
5211,26353,26354,0,0,0.08364184518534101,25
5212,26354,26355,0,0,0.16646321707587097,25
5213,26357,26358,0,0,0.19160779443542392,25
5214,26361,26362,0,0,0.20465301573715972,25
5215,26367,26368,1,0,0.35545192295766476,25
5216,26377,26378,0,0,0.07238708673572011,25
5217,26379,26380,0,0,0.42360270776319175,25
5218,26383,26384,0,0,0.1483617374094465,25
5219,26386,26387,0,0,0.19452219887877026,25
5220,26392,26393,0,0,0.075944140991724,25
5221,26394,26395,0,0,0.43705433658552645,25
5222,26395,26396,0,0,0.11684057120823214,25
5223,26396,26397,0,0,1.0678962134237868E-6,25
5224,26400,26401,0,0,0.03804832701272472,25
5225,26403,26404,0,0,0.15684474281252284,25
5226,26406,26407,0,0,0.07523843570643678,25
5227,26407,26408,0,0,0.15313064021597123,25
5228,26408,26409,1,0,0.13120446563732474,25
5229,26416,26417,0,0,0.08003957466997542,25
5230,26418,26419,0,0,0.03794238245350533,25
5231,26419,26420,0,0,0.06907604317087433,25
5232,26420,26421,1,0,0.09451965464574841,25
5233,26423,26424,0,0,0.163732297172157,25
5234,26425,26426,0,0,2.459188246501144E-7,25
5235,26427,26428,0,0,0.038746654010882446,25
5236,26431,26432,0,0,0.14198770774073904,25
5237,26432,26433,0,0,0.2278469871629483,25
5238,26435,26436,0,0,0.13780647184666447,25
5239,26439,26440,0,0,0.11919508497305509,25
5240,26441,26442,1,0,0.3957772116785624,25
5241,26443,26444,0,0,0.1225438071905014,25
5242,26447,26448,0,0,0.10898116083833495,25
5243,26449,26450,0,0,0.19946716419058408,25
5244,26451,26452,0,0,0.19057187528556369,25
5245,26454,26455,1,1,0.5190605646506408,25
5246,26455,26456,0,0,0.3345708225233929,25
5247,26456,26457,1,0,0.14472993559226183,25
5248,26459,26460,1,0,0.09767335499310276,25
5249,26462,26463,0,0,0.3426748565910771,25
5250,26466,26467,1,0,0.04011081310939404,25
5251,26467,26468,0,0,0.045449918535209965,25
5252,26472,26473,1,0,0.11078294476952716,25
5253,26475,26476,1,1,0.5350288976267785,25
5254,26477,26478,0,0,0.07718940418623255,25
5255,26487,26488,0,0,0.27949123994630776,25
5256,26489,26490,0,0,0.03755470270538055,25
5257,26490,26491,0,0,0.3981775952077391,25
5258,26492,26493,1,0,0.18514041977448883,25
5259,26499,26500,0,0,0.27762332437203013,25
5260,26503,26504,0,0,0.23461124030549854,25
5261,26504,26505,0,0,0.23946036576041527,25
5262,26512,26513,0,0,0.12024055946040915,25
5263,26517,26518,1,0,0.2750636863577928,25
5264,26526,26527,0,0,0.08511896627312494,25
5265,26532,26533,0,0,0.13769730863831522,25
5266,26538,26539,0,0,0.2050840215140132,25
5267,26539,26540,0,0,0.33721933348092087,25
5268,26543,26544,0,0,0.2974883355901818,25
5269,26547,26548,0,0,0.26925160990680674,25
5270,26548,26549,0,0,0.1196289520676094,25
5271,26550,26551,1,0,0.22312487848540455,25
5272,26551,26552,1,0,0.03798157676599123,25
5273,26558,26559,1,0,0.10039595744086424,25
5274,26567,26568,0,0,0.1290221412164984,25
5275,26570,26571,0,0,0.22367519328773208,25
5276,26572,26573,0,0,0.07484970355919038,25
5277,26582,26583,1,0,0.11705813857295128,25
5278,26590,26591,0,0,0.08687012070784164,25
5279,26593,26594,0,0,0.08326741042221365,25
5280,26595,26596,0,0,0.34859232374983157,25
5281,26596,26597,0,0,0.12377804011277606,25
5282,26609,26610,1,0,0.42728527305409214,25
5283,26621,26622,0,0,8.497275022094825E-8,25
5284,26625,26626,0,0,0.07434188746975501,25
5285,26631,26632,0,0,0.3543993769561038,25
5286,26647,26648,1,1,0.7550569527715748,25
5287,26650,26651,0,1,0.5543332577446223,25
5288,26655,26656,0,0,0.2588750465943184,25
5289,26659,26660,0,0,0.11764969882734624,25
5290,26667,26668,0,0,0.08025057292564244,25
5291,26675,26676,0,0,0.1808128449749149,25
5292,26679,26680,0,0,0.34033524441861196,25
5293,26681,26682,0,0,0.0843176325962666,25
5294,26690,26691,0,0,0.03832521760865622,25
5295,26706,26707,1,1,0.6085656916562872,25
5296,26708,26709,0,0,0.0381416449432888,25
5297,26712,26713,0,1,0.573674477798609,25
5298,26719,26720,1,1,0.6316314892411707,25
5299,26720,26721,0,0,0.26315343493119464,25
5300,26722,26723,0,0,0.040418316158798595,25
5301,26725,26726,0,0,2.2822769426510024E-7,25
5302,26727,26728,0,0,0.08135372466692635,25
5303,26731,26732,0,0,0.09480876792018388,25
5304,26732,26733,0,0,0.12340043394735446,25
5305,26735,26736,0,0,0.24841171788844024,25
5306,26749,26750,1,1,0.7965383071414646,25
5307,26752,26753,0,0,0.0861503596867157,25
5308,26762,26763,0,0,0.4000971791494515,25
5309,26765,26766,1,0,0.1559891315994716,25
5310,26766,26767,0,0,0.07438416603903293,25
5311,26773,26774,1,0,0.4009468628421825,25
5312,26774,26775,0,1,0.5031177377334152,25
5313,26782,26783,0,0,0.03460066444104064,25
5314,26783,26784,0,0,0.04091344420997229,25
5315,26786,26787,0,0,0.11686385061301126,25
5316,26789,26790,0,0,0.22030264361309357,25
5317,26806,26807,0,0,3.6798776295369555E-7,25
5318,26810,26811,0,0,0.1814484392828138,25
5319,26811,26812,0,0,0.1299709684722347,25
5320,26812,26813,0,0,0.1470886093200381,25
5321,26816,26817,0,0,0.20662277658542785,25
5322,26829,26830,1,0,0.09436720811127638,25
5323,26838,26839,0,0,0.1723775458984072,25
5324,26849,26850,1,1,0.6736495520671782,25
5325,26851,26852,0,0,0.43543017723033517,25
5326,26856,26857,1,0,0.26842776666701607,25
5327,26860,26861,0,0,0.18580067004102852,25
5328,26861,26862,0,0,3.334966192648979E-7,25
5329,26865,26866,1,1,0.6437863087138623,25
5330,26866,26867,1,0,0.21532662818782766,25
5331,26872,26873,0,0,0.09047461528085168,25
5332,26874,26875,0,0,0.03814392644860309,25
5333,26878,26879,0,0,0.04986003481579448,25
5334,26880,26881,0,1,0.5989047891205468,25
5335,26881,26882,0,0,0.07201893488711264,25
5336,26892,26893,0,0,0.4889507416184484,25
5337,26893,26894,0,0,0.15418613501482328,25
5338,26908,26909,0,0,0.17816222447635863,25
5339,26911,26912,0,0,0.19387791415071237,25
5340,26916,26917,0,1,0.5571773841666384,25
5341,26917,26918,0,0,0.03753879017076937,25
5342,26930,26931,1,0,0.2371121677504753,25
5343,26931,26932,0,0,0.14045719445020538,25
5344,26938,26939,1,0,0.13456940919423047,25
5345,26944,26945,0,0,0.1613792007292645,25
5346,26953,26954,0,0,0.03785350292356522,25
5347,26966,26967,0,0,0.2102030823358882,25
5348,26967,26968,0,0,2.6116126138246286E-7,25
5349,26974,26975,1,0,0.06549223735740567,25
5350,26979,26980,0,0,0.0381894799675087,25
5351,26992,26993,0,0,0.0797204747518556,25
5352,27004,27005,0,0,0.03188522327500488,25
5353,27017,27018,0,0,0.1471512681907093,25
5354,27020,27021,1,0,0.495492310826144,25
5355,27023,27024,0,0,0.2550120987656446,25
5356,27024,27025,0,1,0.6703678902914718,25
5357,27042,27043,0,0,0.2933449863692475,25
5358,27053,27054,1,1,0.684440762011376,25
5359,27058,27059,0,0,0.2738689207282078,25
5360,27088,27089,1,0,0.26903732721052065,25
5361,27090,27091,0,0,0.17682505570030724,25
5362,27092,27093,0,0,0.3058080233257159,25
5363,27095,27096,0,0,0.1625926586806321,25
5364,27097,27098,0,0,0.08107391183233205,25
5365,27106,27107,0,0,0.20756748385095397,25
5366,27113,27114,0,0,0.3354893015024816,25
5367,27115,27116,0,0,0.2849702468819147,25
5368,27120,27121,0,0,0.11826262678501773,25
5369,27133,27134,0,0,0.20901232315028237,25
5370,27135,27136,0,0,0.07732855001094978,25
5371,27142,27143,0,0,0.14579441926537054,25
5372,27143,27144,0,0,0.12436922422285342,25
5373,27144,27145,0,0,0.07861543196542226,25
5374,27160,27161,1,1,0.6622155262374025,25
5375,27161,27162,0,0,0.035673531382350104,25
5376,27165,27166,0,0,0.23991632492220374,25
5377,27168,27169,0,0,0.08819289529215747,25
5378,27171,27172,0,0,0.1434447484428072,25
5379,27173,27174,0,0,0.26646204449039257,25
5380,27180,27181,0,0,0.11818277775116992,25
5381,27181,27182,0,0,0.025125029659502363,25
5382,27183,27184,0,0,0.07798538096656202,25
5383,27184,27185,1,0,0.355806436589324,25
5384,27185,27186,0,0,0.16662830232843798,25
5385,27189,27190,1,0,0.17842445285566924,25
5386,27190,27191,0,0,0.30823857192438625,25
5387,27198,27199,1,0,0.3680639131441933,25
5388,27201,27202,0,0,0.16852631518655994,25
5389,27202,27203,0,0,0.06516931436966719,25
5390,27221,27222,1,1,0.6043271918193199,25
5391,27226,27227,0,0,0.039730020152181626,25
5392,27228,27229,1,1,0.6024583603781654,25
5393,27230,27231,1,1,0.667174260783391,25
5394,27232,27233,0,0,0.2022794141040027,25
5395,27235,27236,0,1,0.6474444880653211,25
5396,27238,27239,0,0,0.3210287170171988,25
5397,27243,27244,1,0,0.1342543117788065,25
5398,27250,27251,0,0,0.12351590383773993,25
5399,27257,27258,0,0,0.17882558318360023,25
5400,27264,27265,0,0,0.26742706340190897,25
5401,27269,27270,0,0,0.197226261781644,25
5402,27275,27276,0,0,0.11438381355447381,25
5403,27277,27278,0,1,0.5743331765131423,25
5404,27278,27279,1,0,0.1749578480289234,25
5405,27289,27290,0,0,0.12628602496686198,25
5406,27290,27291,0,0,0.040007916633894774,25
5407,27296,27297,0,0,0.26722023523122485,25
5408,27302,27303,0,0,0.040701991557846415,25
5409,27309,27310,0,0,0.07379126220518996,25
5410,27314,27315,1,0,0.13713225828388217,25
5411,27320,27321,1,1,0.8091380253305067,25
5412,27323,27324,0,0,0.22464202398533928,25
5413,27330,27331,0,0,0.08386699486923992,25
5414,27342,27343,0,0,0.0656420126187206,25
5415,27343,27344,0,0,0.08722057138856348,25
5416,27348,27349,0,0,0.12722510366943593,25
5417,27349,27350,0,0,0.2504651242035521,25
5418,27351,27352,0,0,0.04331200276921895,25
5419,27352,27353,0,0,0.2649973587967319,25
5420,27356,27357,0,0,0.13590395957562668,25
5421,27362,27363,0,0,0.055133761612359264,25
5422,27364,27365,0,0,0.14043396594733504,25
5423,27368,27369,0,0,0.34818265136428966,25
5424,27370,27371,0,0,0.15210581316891406,25
5425,27387,27388,0,0,0.20121216956069002,25
5426,27397,27398,0,0,0.27998862598204494,25
5427,27402,27403,0,0,0.3265555250975285,25
5428,27419,27420,1,0,0.2875668507988252,25
5429,27422,27423,0,0,0.08031348027176112,25
5430,27424,27425,1,0,0.06634545859672758,25
5431,27428,27429,1,0,0.20226110282497,25
5432,27433,27434,0,0,0.1252948398993183,25
5433,27443,27444,0,0,0.16254219300097209,25
5434,27447,27448,0,0,0.17957452403186952,25
5435,27449,27450,0,0,0.11744266839198654,25
5436,27450,27451,0,0,0.14258876068508017,25
5437,27454,27455,0,0,0.41750931219920656,25
5438,27460,27461,0,0,0.2779529416828187,25
5439,27464,27465,0,0,0.19605491678978698,25
5440,27472,27473,0,0,0.2479116969049921,25
5441,27475,27476,0,0,0.06300733839575919,25
5442,27481,27482,1,0,0.1553901094435775,25
5443,27486,27487,1,0,0.1903889502245872,25
5444,27489,27490,0,0,0.148323020289786,25
5445,27493,27494,1,0,0.1213563992470774,25
5446,27495,27496,1,0,0.14947577641659854,25
5447,27498,27499,1,0,0.17168445641951352,25
5448,27506,27507,1,0,0.1564578433105958,25
5449,27513,27514,0,0,0.20470897504155644,25
5450,27514,27515,0,0,0.16827454297520653,25
5451,27516,27517,0,0,0.23704756965394422,25
5452,27527,27528,1,0,0.16371467876849616,25
5453,27528,27529,0,0,0.03846658553459793,25
5454,27531,27532,0,0,0.03675742218049707,25
5455,27532,27533,0,0,0.039251785541956866,25
5456,27536,27537,1,1,0.9000964800514626,25
5457,27539,27540,1,0,0.1282045008924086,25
5458,27554,27555,1,1,0.5512640517624721,25
5459,27561,27562,0,0,0.03619137653083177,25
5460,27563,27564,0,0,0.1737281986963507,25
5461,27566,27567,0,1,0.7848195575125553,25
5462,27572,27573,0,0,0.23351188696779118,25
5463,27580,27581,1,1,0.5700816945402835,25
5464,27585,27586,1,1,0.6202411909859776,25
5465,27595,27596,1,0,0.2229619376411342,25
5466,27596,27597,0,0,0.154916367533253,25
5467,27598,27599,0,0,0.20040935150612943,25
5468,27602,27603,0,0,0.0376555042546072,25
5469,27605,27606,0,0,0.24518905501024424,25
5470,27607,27608,0,0,0.11026344298938495,25
5471,27611,27612,0,0,0.145145588663603,25
5472,27613,27614,1,1,0.6743821895585748,25
5473,27616,27617,0,0,0.07557715116925187,25
5474,27623,27624,1,1,0.6397767443169261,25
5475,27625,27626,0,0,0.15957005702971258,25
5476,27627,27628,1,0,0.3586537728100031,25
5477,27631,27632,1,1,0.5218668300398857,25
5478,27633,27634,0,0,0.16619656884075804,25
5479,27635,27636,1,0,0.3050972799486322,25
5480,27636,27637,0,0,0.4020058073767712,25
5481,27640,27641,0,0,0.0415530937896066,25
5482,27641,27642,0,0,0.2712733305141005,25
5483,27643,27644,1,0,0.3881979588222791,25
5484,27649,27650,0,0,0.3133831925966735,25
5485,27650,27651,0,1,0.7309458483559252,25
5486,27652,27653,0,0,0.29893206837788344,25
5487,27662,27663,0,0,0.3373953251984158,25
5488,27668,27669,1,0,0.1877739233392502,25
5489,27669,27670,0,1,0.5676852425521747,25
5490,27672,27673,0,0,0.3293303840305712,25
5491,27675,27676,0,1,0.6858964676583897,25
5492,27676,27677,0,0,6.500945230642557E-7,25
5493,27679,27680,0,0,0.04219734256700026,25
5494,27683,27684,1,1,0.7001197211939609,25
5495,27685,27686,0,0,0.2933487750484102,25
5496,27689,27690,0,0,0.3297502144655295,25
5497,27690,27691,0,0,0.12453999450874108,25
5498,27696,27697,1,1,0.5313405499313233,25
5499,27701,27702,1,1,0.7567748290510676,25
5500,27703,27704,1,1,0.6783150086193591,25
5501,27704,27705,0,1,0.5975000293554669,25
5502,27705,27706,0,0,0.03645090890226884,25
5503,27708,27709,1,0,0.3744433279962659,25
5504,27717,27718,0,0,0.039403840441054085,25
5505,27721,27722,1,0,0.15812154616157148,25
5506,27728,27729,0,0,4.5068170069650363E-7,25
5507,27730,27731,1,1,0.786506520189462,25
5508,27732,27733,0,0,0.16936117319882954,25
5509,27733,27734,0,0,0.3871171843102498,25
5510,27740,27741,0,0,1.4122321632835262E-7,25
5511,27743,27744,0,0,0.0656830469979906,25
5512,27744,27745,0,0,0.1900093894056335,25
5513,27745,27746,0,0,0.20498342240470308,25
5514,27748,27749,1,1,0.6256923461829342,25
5515,27760,27761,0,0,0.07698373503581207,25
5516,27764,27765,0,0,0.0772270304234587,25
5517,27766,27767,1,0,0.36128628476608726,25
5518,27776,27777,0,0,0.07801730682327153,25
5519,27782,27783,0,0,0.10777963257649985,25
5520,27784,27785,0,0,0.09677357340975025,25
5521,27785,27786,0,0,0.08264274195540881,25
5522,27793,27794,0,0,0.4728306733973618,25
5523,27796,27797,0,0,0.06896767554823871,25
5524,27815,27816,0,0,0.08394532193453437,25
5525,27822,27823,0,0,0.08079203671506346,25
5526,27834,27835,0,0,2.454385266250835E-7,25
5527,27836,27837,0,0,0.09625416093824887,25
5528,27843,27844,0,0,0.3295755716170082,25
5529,27849,27850,0,1,0.7209866664298712,25
5530,27851,27852,0,1,0.6145083793799552,25
5531,27854,27855,0,0,0.1410811956701062,25
5532,27864,27865,0,0,0.1609127507530503,25
5533,27866,27867,0,0,0.09465099170225334,25
5534,27868,27869,1,0,0.11082951048842113,25
5535,27870,27871,0,0,0.199803212495127,25
5536,27873,27874,0,0,0.03749411296332565,25
5537,27883,27884,0,0,0.42773845278462447,25
5538,27885,27886,1,0,0.07708332453174362,25
5539,27893,27894,0,0,0.12381124639007843,25
5540,27894,27895,0,0,0.03546425476334756,25
5541,27900,27901,0,0,0.0854705672825383,25
5542,27902,27903,0,0,1.7539611796430587E-7,25
5543,27915,27916,1,1,0.8187556931071737,25
5544,27916,27917,0,0,0.03502482813423439,25
5545,27922,27923,1,0,0.48570532871216404,25
5546,27925,27926,0,1,0.750375853588614,25
5547,27927,27928,0,0,0.12352511553463325,25
5548,27934,27935,0,0,0.14383103508704317,25
5549,27935,27936,0,0,0.047865077526215584,25
5550,27939,27940,0,0,0.08644582152214929,25
5551,27943,27944,0,0,0.1471524629649274,25
5552,27945,27946,0,0,0.1801118341334487,25
5553,27948,27949,0,0,0.15632368652462153,25
5554,27953,27954,0,0,1.073275937656227E-7,25
5555,27956,27957,0,0,0.07068460944481292,25
5556,27960,27961,0,0,0.1353705201974923,25
5557,27962,27963,0,1,0.5997700130011359,25
5558,27979,27980,0,0,0.14766089432382676,25
5559,27981,27982,0,0,0.11220117357560502,25
5560,27982,27983,0,0,1.9267613667600245E-7,25
5561,27985,27986,0,0,0.09713560214250634,25
5562,27986,27987,0,0,4.3228958201437736E-7,25
5563,27991,27992,0,0,0.3180618992859191,25
5564,27993,27994,0,0,0.36568735954608145,25
5565,27995,27996,0,0,0.24566891787123105,25
5566,28003,28004,0,0,0.1553951761846565,25
5567,28011,28012,0,0,0.0437443278374877,25
5568,28014,28015,0,0,0.04879777780476706,25
5569,28032,28033,0,1,0.6960245633204023,25
5570,28038,28039,1,0,0.12180601663064557,25
5571,28040,28041,0,0,0.1975346673660118,25
5572,28043,28044,0,1,0.5940689237137884,25
5573,28054,28055,1,1,0.9091617332397849,25
5574,28056,28057,0,0,0.4690004717315085,25
5575,28058,28059,0,0,0.1601880653023118,25
5576,28064,28065,0,0,0.13977711789647698,25
5577,28068,28069,0,0,0.031006801240665172,25
5578,28069,28070,0,0,0.24374151483838724,25
5579,28070,28071,0,0,0.10071016865076447,25
5580,28075,28076,0,0,0.14018222771267713,25
5581,28077,28078,0,0,0.11481085005862017,25
5582,28079,28080,0,0,0.07278402203206938,25
5583,28081,28082,1,1,0.72145911100973,25
5584,28083,28084,0,0,0.11962324957941568,25
5585,28089,28090,0,0,0.0348695369278141,25
5586,28095,28096,0,0,0.23140806164768446,25
5587,28096,28097,1,0,0.410656262349004,25
5588,28104,28105,0,0,0.39902164771819465,25
5589,28106,28107,0,0,0.18962243979640875,25
5590,28109,28110,1,0,0.2144520025359101,25
5591,28112,28113,0,0,0.03735786126711687,25
5592,28114,28115,0,0,0.06813981054786244,25
5593,28116,28117,0,0,0.060765370492775896,25
5594,28123,28124,1,0,0.20087822002060096,25
5595,28129,28130,0,0,0.13614579484110453,25
5596,28140,28141,0,0,0.25496664168937816,25
5597,28162,28163,0,0,0.1846394841889966,25
5598,28163,28164,0,0,0.3850350376000868,25
5599,28166,28167,1,0,0.09948726948347393,25
5600,28171,28172,0,0,0.09954892492904523,25
5601,28173,28174,1,0,0.1584297474948675,25
5602,28184,28185,0,0,2.3185016884080845E-7,25
5603,28187,28188,1,0,0.11972988258913157,25
5604,28195,28196,0,0,1.101359605372358E-6,25
5605,28201,28202,1,0,0.4030472885481715,25
5606,28202,28203,0,0,0.24051755648568868,25
5607,28203,28204,0,0,3.537819135561429E-7,25
5608,28204,28205,1,0,0.10883157114047304,25
5609,28206,28207,1,0,0.38134061821806775,25
5610,28207,28208,0,0,0.2707166835116908,25
5611,28215,28216,0,0,0.31741658005699086,25
5612,28218,28219,0,0,0.1017401066024303,25
5613,28219,28220,0,0,0.11504543201789556,25
5614,28224,28225,0,0,0.2805850012167362,25
5615,28226,28227,0,0,7.979071330878698E-7,25
5616,28230,28231,0,0,0.09238412243849256,25
5617,28231,28232,1,0,0.46677142530154847,25
5618,28232,28233,0,0,0.08683402165898188,25
5619,28234,28235,0,0,0.17589188437062267,25
5620,28236,28237,0,0,0.038491647439434874,25
5621,28237,28238,0,0,0.03916908945864862,25
5622,28241,28242,0,0,0.25391001681423514,25
5623,28242,28243,1,1,0.7583416883452874,25
5624,28247,28248,0,0,0.21890044471353012,25
5625,28253,28254,0,0,0.11851423449341907,25
5626,28258,28259,0,0,0.21628876464538987,25
5627,28266,28267,0,0,0.15000786590902684,25
5628,28267,28268,0,0,2.0801180566275829E-7,25
5629,28268,28269,0,0,0.2143978827044887,25
5630,28271,28272,0,0,0.04224702094089762,25
5631,28274,28275,0,0,0.09300181571356445,25
5632,28278,28279,0,0,0.20434942710572687,25
5633,28279,28280,0,0,0.23376983926671221,25
5634,28282,28283,1,0,0.03810149087092304,25
5635,28284,28285,0,0,0.0338329471416016,25
5636,28298,28299,0,0,0.27413516458689907,25
5637,28313,28314,0,0,3.9257538481518167E-7,25
5638,28316,28317,0,0,0.08144517432151581,25
5639,28321,28322,1,0,0.0805979863085356,25
5640,28351,28352,0,0,0.49939379487852625,25
5641,28357,28358,0,0,0.19306064755887029,25
5642,28361,28362,0,0,0.1773568345751293,25
5643,28363,28364,0,0,0.31139838695746336,25
5644,28367,28368,0,0,0.1478621329364813,25
5645,28369,28370,0,0,0.16854506928765464,25
5646,28400,28401,0,0,0.234907655404144,25
5647,28406,28407,0,1,0.7845113228695466,25
5648,28408,28409,0,0,0.044339940476480814,25
5649,28412,28413,0,0,0.03858493570185279,25
5650,28413,28414,0,0,0.12010835890446137,25
5651,28416,28417,0,0,3.72109636066738E-7,25
5652,28419,28420,1,0,0.0980514586824859,25
5653,28423,28424,0,0,0.07623692788370494,25
5654,28424,28425,0,0,3.3315661894736264E-7,25
5655,28426,28427,0,1,0.6343205408837143,25
5656,28429,28430,0,0,0.11774219423096849,25
5657,28440,28441,0,0,0.08747006186542743,25
5658,28442,28443,0,1,0.5628763772965366,25
5659,28443,28444,0,0,0.1585092359583894,25
5660,28445,28446,0,0,0.10376318472849917,25
5661,28450,28451,0,0,0.1158360213582165,25
5662,28452,28453,0,0,0.15517134439337343,25
5663,28453,28454,1,1,0.7019118490354415,25
5664,28457,28458,0,0,0.03962248364491308,25
5665,28473,28474,0,0,0.16662199114451598,25
5666,28483,28484,0,0,0.14094696865524164,25
5667,28484,28485,0,0,0.16542477799076805,25
5668,28487,28488,0,0,0.26877707134611567,25
5669,28489,28490,0,0,0.033413241995786526,25
5670,28494,28495,0,0,0.11556999865543716,25
5671,28499,28500,0,0,0.03855041888174348,25
5672,28501,28502,0,1,0.6120847117641011,25
5673,28504,28505,0,0,0.33128515430677374,25
5674,28519,28520,0,0,0.07398154339711954,25
5675,28520,28521,0,0,0.4257929939573533,25
5676,28528,28529,0,0,0.08660913618893197,25
5677,28531,28532,1,1,0.7739416448863953,25
5678,28532,28533,1,1,0.5541122446717561,25
5679,28538,28539,0,0,3.340517657076143E-7,25
5680,28539,28540,0,0,0.08927287967489834,25
5681,28541,28542,0,0,0.03442919100584142,25
5682,28550,28551,0,0,0.17161083186511084,25
5683,28551,28552,0,0,0.20428540505195505,25
5684,28553,28554,0,0,0.13234008977097197,25
5685,28559,28560,1,0,0.03708387475462177,25
5686,28561,28562,0,0,7.05541078003908E-7,25
5687,28565,28566,0,0,0.08271588561933896,25
5688,28567,28568,0,0,0.13009928070389226,25
5689,28571,28572,0,0,0.11467613848326919,25
5690,28574,28575,0,0,0.15261956203530241,25
5691,28578,28579,0,0,8.476249732960642E-7,25
5692,28581,28582,0,1,0.7643411568897743,25
5693,28589,28590,0,0,0.08282790424899984,25
5694,28590,28591,1,1,0.5626467174547629,25
5695,28592,28593,0,0,0.035660437292253384,25
5696,28601,28602,0,0,0.06685387466646157,25
5697,28608,28609,0,0,0.17609720645493762,25
5698,28617,28618,0,0,0.0679291405581775,25
5699,28618,28619,0,0,0.1885725419957973,25
5700,28622,28623,0,0,0.0759060638331374,25
5701,28623,28624,0,0,0.27889388095809226,25
5702,28626,28627,0,0,0.038741588423247535,25
5703,28627,28628,0,0,0.3088416082542097,25
5704,28628,28629,0,0,1.6298419935446797E-7,25
5705,28629,28630,0,0,0.23308259530241504,25
5706,28630,28631,0,0,0.07415404108549109,25
5707,28633,28634,1,1,0.8339634930935113,25
5708,28634,28635,0,0,0.10923156699234705,25
5709,28635,28636,1,1,0.659206976187708,25
5710,28641,28642,1,1,0.5490786747234748,25
5711,28642,28643,0,0,0.07799381141311584,25
5712,28643,28644,0,0,0.033882204054629876,25
5713,28649,28650,0,0,0.21312190847527526,25
5714,28653,28654,0,0,7.956767172233807E-7,25
5715,28661,28662,0,0,0.46141612643915275,25
5716,28666,28667,1,0,0.1712478980928354,25
5717,28668,28669,0,0,0.0772692902505785,25
5718,28677,28678,0,0,3.586387691113758E-7,25
5719,28685,28686,1,0,0.12871304339095269,25
5720,28689,28690,0,0,0.15211689593983144,25
5721,28690,28691,0,0,0.18985943757700582,25
5722,28691,28692,0,0,8.878995072584884E-7,25
5723,28697,28698,0,0,0.08027682881358847,25
5724,28704,28705,0,0,0.1086480576382289,25
5725,28710,28711,0,0,0.08960313964327309,25
5726,28713,28714,0,0,0.19117483950429584,25
5727,28720,28721,0,0,0.25944750675632583,25
5728,28721,28722,0,0,7.72835223459238E-7,25
5729,28725,28726,0,0,0.07740387273256268,25
5730,28729,28730,0,0,0.12105281892949797,25
5731,28733,28734,0,0,0.08566607758459047,25
5732,28738,28739,0,0,0.1545035162309188,25
5733,28739,28740,0,0,0.06945705529179821,25
5734,28746,28747,0,0,0.3229852220785566,25
5735,28747,28748,0,1,0.8696462676046349,25
5736,28749,28750,0,0,0.1591249924094429,25
5737,28754,28755,0,0,0.11505736938757774,25
5738,28755,28756,0,0,0.16528707141793028,25
5739,28759,28760,0,0,0.04475010597878943,25
5740,28760,28761,0,0,0.21165484070953508,25
5741,28763,28764,1,0,0.22817052721548503,25
5742,28765,28766,0,0,0.034762969209456734,25
5743,28767,28768,0,0,0.07269460046753967,25
5744,28768,28769,0,0,3.434772203326801E-7,25
5745,28770,28771,1,0,0.30333695115406,25
5746,28780,28781,0,0,0.07943307214025908,25
5747,28796,28797,1,0,0.1733190927721924,25
5748,28799,28800,0,0,0.04167537786608449,25
5749,28802,28803,0,0,0.08137240997431514,25
5750,28806,28807,1,0,0.37378620728226203,25
5751,28812,28813,0,0,3.414880173379832E-7,25
5752,28813,28814,0,0,0.10750408450200918,25
5753,28814,28815,0,0,0.2706640822666893,25
5754,28816,28817,0,0,0.0798909660228478,25
5755,28832,28833,0,0,0.07775571057881096,25
5756,28834,28835,1,0,0.07251432139706881,25
5757,28850,28851,0,0,0.03781570446430123,25
5758,28866,28867,0,0,0.07425634483883646,25
5759,28867,28868,0,0,0.03605078834340831,25
5760,28884,28885,0,0,0.07643577482444437,25
5761,28885,28886,0,0,0.04802505672144108,25
5762,28886,28887,0,0,0.03106730566109373,25
5763,28893,28894,0,1,0.6148619626034317,25
5764,28901,28902,0,0,0.07744579990616825,25
5765,28902,28903,0,0,0.19367969006739483,25
5766,28903,28904,0,0,6.461992307440269E-7,25
5767,28906,28907,0,0,0.26995447740304745,25
5768,28907,28908,0,0,0.07128876309926437,25
5769,28908,28909,1,0,0.12907661877215584,25
5770,28914,28915,0,0,0.21291240200832479,25
5771,28920,28921,1,0,0.1516780884663812,25
5772,28926,28927,1,0,0.20974279691777992,25
5773,28932,28933,1,0,0.45139357295002347,25
5774,28934,28935,0,0,0.1192565904176742,25
5775,28937,28938,0,0,0.12529309203800412,25
5776,28945,28946,0,0,0.02909252758850414,25
5777,28948,28949,0,0,0.06704750259639267,25
5778,28950,28951,1,0,0.18324259822101788,25
5779,28956,28957,0,0,0.12329690378401605,25
5780,28962,28963,0,0,0.16484947711011924,25
5781,28969,28970,0,0,0.12176503775031554,25
5782,28972,28973,0,0,0.08025930436315609,25
5783,28987,28988,0,0,0.08278958551134061,25
5784,28988,28989,1,0,0.3506947247137904,25
5785,28990,28991,0,0,0.15664195027310795,25
5786,28992,28993,0,0,0.15480463864876823,25
5787,28993,28994,1,0,0.10871443974422468,25
5788,29007,29008,0,0,0.041026263019649574,25
5789,29008,29009,0,0,0.04070904044117411,25
5790,29013,29014,0,0,0.1724294709207836,25
5791,29015,29016,1,1,0.6810711890007732,25
5792,29018,29019,0,0,0.07047811268559405,25
5793,29027,29028,1,0,0.23012907921343773,25
5794,29029,29030,0,0,1.4298838746728363E-7,25
5795,29041,29042,1,0,0.17823131272765996,25
5796,29059,29060,0,0,0.07759921943753322,25
5797,29060,29061,0,0,0.15987437555361106,25
5798,29066,29067,0,0,0.10103654784569306,25
5799,29072,29073,0,0,0.170507981037642,25
5800,29074,29075,1,0,0.3107031035540387,25
5801,29080,29081,1,0,0.411389627257497,25
5802,29081,29082,1,0,0.41350151723835954,25
5803,29084,29085,1,0,0.22676779070584346,25
5804,29085,29086,0,0,0.23117367936711122,25
5805,29086,29087,0,0,0.06457021361817782,25
5806,29087,29088,0,0,0.41349039204003424,25
5807,29092,29093,0,0,0.1125383429304372,25
5808,29094,29095,0,0,0.3692059785582089,25
5809,29099,29100,0,0,0.09515276411989233,25
5810,29100,29101,0,0,0.28243876272003693,25
5811,29103,29104,0,0,0.18636134445408575,25
5812,29116,29117,0,0,0.23880795263745483,25
5813,29118,29119,1,0,0.36488715630991375,25
5814,29120,29121,0,0,0.16711813373445353,25
5815,29123,29124,0,0,0.24483829836088716,25
5816,29129,29130,0,0,0.19305483202465296,25
5817,29134,29135,0,0,0.15646176013351137,25
5818,29139,29140,0,0,0.031926671506965626,25
5819,29141,29142,0,0,0.04008112242058986,25
5820,29142,29143,0,0,0.04162080725280743,25
5821,29144,29145,0,0,0.09824228869618143,25
5822,29145,29146,1,0,0.0356071222841659,25
5823,29146,29147,0,0,0.15315258438364188,25
5824,29150,29151,1,0,0.2467251987703175,25
5825,29151,29152,1,1,0.8845663597556331,25
5826,29156,29157,0,0,0.16666417993421853,25
5827,29159,29160,0,0,0.16557655102179664,25
5828,29170,29171,1,0,0.33092739998799364,25
5829,29171,29172,0,0,0.038900591464444724,25
5830,29173,29174,0,0,0.24490338552217175,25
5831,29176,29177,1,0,0.4492946590776447,25
5832,29184,29185,1,0,0.3288459447346981,25
5833,29186,29187,0,0,0.12543857176061946,25
5834,29187,29188,0,0,0.03241251852748429,25
5835,29190,29191,0,0,0.10989345421764546,25
5836,29191,29192,0,0,5.717473798251483E-7,25
5837,29203,29204,0,0,0.1409870577966844,25
5838,29206,29207,0,0,0.07291388214763421,25
5839,29211,29212,0,0,0.12317649601667688,25
5840,29214,29215,1,1,0.5634075225662879,25
5841,29221,29222,0,0,0.18497819652045983,25
5842,29226,29227,0,0,0.2769536151547563,25
5843,29242,29243,1,0,0.15969698337321592,25
5844,29245,29246,0,0,0.19854935883478478,25
5845,29246,29247,0,0,0.27233349786315636,25
5846,29248,29249,1,0,0.3488675892117816,25
5847,29253,29254,0,0,0.16670961993215283,25
5848,29255,29256,1,0,0.15046688390468765,25
5849,29259,29260,0,0,2.9100104493596487E-7,25
5850,29260,29261,0,0,0.2591284756809286,25
5851,29262,29263,0,0,0.15705947993884398,25
5852,29276,29277,0,0,0.052643049322590965,25
5853,29287,29288,0,0,0.3257296030875936,25
5854,29289,29290,0,0,0.08002429823815338,25
5855,29291,29292,0,0,0.07773272173642341,25
5856,29295,29296,0,1,0.5193786727612674,25
5857,29300,29301,1,1,0.5635694782745875,25
5858,29303,29304,0,0,0.23817199461499872,25
5859,29309,29310,1,1,0.5242593168939943,25
5860,29315,29316,0,0,0.03864079500041993,25
5861,29316,29317,0,1,0.9113690764530465,25
5862,29318,29319,0,0,0.25467255137692724,25
5863,29319,29320,0,0,0.153510929138336,25
5864,29327,29328,0,0,0.039624200923592943,25
5865,29331,29332,0,0,0.18267828080449208,25
5866,29346,29347,0,0,0.07437196711587983,25
5867,29363,29364,0,0,0.07683674953877909,25
5868,29364,29365,0,0,0.15176489265870172,25
5869,29371,29372,0,0,0.08597365584323599,25
5870,29377,29378,0,0,0.07955715895665563,25
5871,29382,29383,0,0,0.036187835077244726,25
5872,29383,29384,0,0,0.03575696833195798,25
5873,29390,29391,0,0,0.11874927943771253,25
5874,29391,29392,1,0,0.20800952592804853,25
5875,29399,29400,0,0,0.1339005666043617,25
5876,29413,29414,1,1,0.5982312533190174,25
5877,29428,29429,0,0,0.0403492476095811,25
5878,29429,29430,0,0,0.24386613898688791,25
5879,29434,29435,0,0,0.15891286269410768,25
5880,29437,29438,0,0,0.2005473288350837,25
5881,29441,29442,0,0,0.20587001707435293,25
5882,29448,29449,0,0,0.4604883117035701,25
5883,29450,29451,0,0,0.17220339858229727,25
5884,29454,29455,1,0,0.08886473911055924,25
5885,29455,29456,0,0,0.32354696699854685,25
5886,29466,29467,0,1,0.6806678327578495,25
5887,29467,29468,0,0,2.2900707111889844E-7,25
5888,29468,29469,0,0,0.11799287126386465,25
5889,29480,29481,0,0,0.23094899530541305,25
5890,29483,29484,1,0,0.12099720752392609,25
5891,29489,29490,0,0,0.23652317452076438,25
5892,29491,29492,1,0,0.4076730725376946,25
5893,29495,29496,0,0,0.044481415092622094,25
5894,29512,29513,1,0,0.08918279054036067,25
5895,29513,29514,0,0,0.3691278771877733,25
5896,29514,29515,0,0,0.10509549959886447,25
5897,29520,29521,1,0,0.2110571000854558,25
5898,29524,29525,1,1,0.5954275139011296,25
5899,29526,29527,0,0,0.11320323632594685,25
5900,29527,29528,0,0,0.15698042646467705,25
5901,29530,29531,0,0,0.1344899691428543,25
5902,29532,29533,0,0,0.09100849629583938,25
5903,29540,29541,1,0,0.303149801603176,25
5904,29545,29546,1,0,0.18888743361836535,25
5905,29546,29547,0,0,0.0818362229924893,25
5906,29549,29550,0,0,0.050142066668049,25
5907,29562,29563,0,0,0.044535487800033836,25
5908,29568,29569,0,0,0.3944680103659232,25
5909,29570,29571,1,1,0.8678094807028752,25
5910,29576,29577,1,1,0.8420946458593566,25
5911,29577,29578,1,0,0.10269626964102058,25
5912,29580,29581,0,0,0.08462012425053382,25
5913,29581,29582,0,0,0.07842365165563879,25
5914,29583,29584,0,0,0.11607085073644927,25
5915,29596,29597,0,0,0.11051035650728795,25
5916,29597,29598,0,0,0.17910132302130893,25
5917,29598,29599,1,0,0.34420065120983717,25
5918,29599,29600,0,0,0.10540738598158238,25
5919,29615,29616,1,0,0.34400366915043995,25
5920,29616,29617,0,0,0.15532159899833947,25
5921,29618,29619,0,0,0.11431811550522236,25
5922,29628,29629,0,0,0.13599180769737076,25
5923,29631,29632,0,0,0.2897608411953751,25
5924,29634,29635,0,0,1.9561947149220975E-7,25
5925,29635,29636,0,0,0.14916704018138033,25
5926,29641,29642,0,0,0.0721490114886846,25
5927,29649,29650,0,0,0.14633546518427953,25
5928,29651,29652,1,0,0.4975069477891648,25
5929,29652,29653,0,0,0.08156652473917807,25
5930,29664,29665,0,0,0.12058953263789013,25
5931,29669,29670,0,0,0.11012104538185154,25
5932,29670,29671,0,0,0.369569991565256,25
5933,29675,29676,0,0,0.12441398361257572,25
5934,29680,29681,0,0,0.35027798345864825,25
5935,29681,29682,1,0,0.3231756363002641,25
5936,29689,29690,0,0,0.32955559756605424,25
5937,29690,29691,0,0,0.18482958765900356,25
5938,29695,29696,0,0,0.11737854110886858,25
5939,29704,29705,0,0,0.2829488151863585,25
5940,29717,29718,1,0,0.12164333566173333,25
5941,29718,29719,0,0,0.04228760967740776,25
5942,29720,29721,0,0,0.11938331897105663,25
5943,29726,29727,1,1,0.8302526617664164,25
5944,29736,29737,0,0,0.19361529222165302,25
5945,29737,29738,1,0,0.4190605193094309,25
5946,29754,29755,0,0,0.4924332553285703,25
5947,29756,29757,0,1,0.6959962876900648,25
5948,29757,29758,0,0,0.11871020554826223,25
5949,29766,29767,0,0,0.3780028599073284,25
5950,29770,29771,1,1,0.8010722277887619,25
5951,29772,29773,0,0,0.13431860919765273,25
5952,29780,29781,0,0,0.20417092868810213,25
5953,29788,29789,0,0,0.1857632404602871,25
5954,29790,29791,0,0,0.12181180247559306,25
5955,29813,29814,0,0,0.08200208776461629,25
5956,29815,29816,0,0,0.2761254432355833,25
5957,29822,29823,0,0,0.24010905405664212,25
5958,29837,29838,0,0,0.3198683345791906,25
5959,29838,29839,1,0,0.18712953857890133,25
5960,29840,29841,1,1,0.745194780103693,25
5961,29841,29842,0,0,0.07856474597193037,25
5962,29842,29843,0,0,0.2000763859429532,25
5963,29844,29845,0,0,0.042635829304270186,25
5964,29850,29851,0,0,0.14371748862274428,25
5965,29858,29859,0,0,0.38027793656280734,25
5966,29867,29868,0,0,0.12588997741064195,25
5967,29879,29880,0,0,0.06985337696211581,25
5968,29895,29896,0,0,0.15944862182747746,25
5969,29899,29900,1,0,0.21071496794828806,25
5970,29900,29901,1,0,0.12525562981398108,25
5971,29903,29904,0,0,0.08584454986295198,25
5972,29905,29906,1,0,0.48579640222418935,25
5973,29912,29913,0,0,0.1227801821704981,25
5974,29915,29916,0,0,0.42351410535481077,25
5975,29916,29917,0,0,0.04556324303506974,25
5976,29918,29919,0,0,0.07972241084688633,25
5977,29931,29932,0,0,0.24190944468627099,25
5978,29933,29934,0,0,0.37112680106095547,25
5979,29935,29936,1,0,0.07809951168355334,25
5980,29939,29940,0,0,0.11528345734714769,25
5981,29944,29945,1,0,0.4078785005930297,25
5982,29945,29946,0,0,0.23516496399191325,25
5983,29946,29947,0,0,0.2521245253400471,25
5984,29958,29959,0,0,0.2520719892743029,25
5985,29959,29960,0,0,0.041850661116857195,25
5986,29963,29964,0,0,0.08196514974027438,25
5987,29967,29968,0,0,0.30482473397658166,25
5988,29968,29969,0,0,0.2338255990304877,25
5989,29969,29970,0,0,0.03440345756270715,25
5990,29970,29971,0,0,9.324539885314286E-7,25
5991,29972,29973,0,0,0.12791080890494963,25
5992,29976,29977,1,1,0.8866222811889295,25
5993,29977,29978,0,0,4.2385763157580397E-7,25
5994,29982,29983,1,0,0.07653963149144069,25
5995,29985,29986,0,0,0.1041070415167073,25
5996,29988,29989,0,0,0.2322566317682785,25
5997,29993,29994,0,0,7.908903875799342E-7,25
5998,29994,29995,1,1,0.8698469349979102,25
5999,29996,29997,0,0,0.20563415092963055,25
