training_position,row_id,original_id,fold,y_true,probability_class_1
0,0,1,5,1,0.42474224096607399
1,2,3,3,0,0.15535162705419409
2,3,4,3,0,0.052158393217305594
3,4,5,3,0,0.078911978461280258
4,5,6,1,0,0.29285754648087409
5,6,7,4,0,0.1889908305651056
6,7,8,4,0,0.11464707346868859
7,8,9,2,0,0.17895163986246745
8,9,10,5,0,0.08402150202805457
9,10,11,2,0,0.35242080554471616
10,12,13,4,0,0.085177738362055153
11,13,14,1,1,0.58323256375701138
12,15,16,1,0,0.53139086604818564
13,16,17,4,1,0.34366094989056994
14,18,19,4,0,0
15,19,20,2,0,0.33666576026222683
16,22,23,2,1,0.64785220887407069
17,23,24,2,1,0.18929176650755469
18,24,25,2,0,0.084644590097291458
19,25,26,5,0,0.065662767429418345
20,27,28,5,0,0.088755701417398969
21,28,29,3,0,0.15259405169531273
22,29,30,1,0,0.056862762870826609
23,30,31,2,0,0.082911656747455167
24,31,32,4,1,0.64088092836829902
25,32,33,2,0,0.15823191643477275
26,35,36,2,0,0.18109206593256807
27,36,37,2,0,0.0847066532386338
28,37,38,4,0,0.19751210859604859
29,38,39,2,1,0.39786594465152952
30,39,40,3,0,0.24558008161811229
31,40,41,2,0,0.11683514842811997
32,41,42,5,0,0.062147104807855368
33,42,43,1,0,0.34595461625081197
34,43,44,1,0,0.071354085562846045
35,44,45,2,0,0.1566939691950941
36,46,47,5,1,0.37614787342814787
37,47,48,2,1,0
38,48,49,5,0,0.1084630687573853
39,49,50,5,0,0.027417412957505969
40,50,51,3,1,0.51568593337085578
41,51,52,1,0,0.039050292879499501
42,52,53,1,0,0.15241107124476841
43,53,54,1,0,0.55656114257722467
44,55,56,5,0,0.23617034480702404
45,56,57,5,0,0.075183104082026872
46,57,58,3,0,0.043474420753079869
47,58,59,3,0,0.40226683716830408
48,59,60,2,0,0.29366988333164917
49,60,61,4,1,0
50,61,62,1,0,0.19723150377752699
51,62,63,2,1,0.81324351596835653
52,64,65,1,0,0.35522620825058654
53,67,68,5,0,0.17166418505106182
54,68,69,1,0,0.11328535152676181
55,69,70,2,0,0.67838810220541401
56,70,71,1,0,0.12415410889358866
57,71,72,5,1,0.75192504408347449
58,72,73,1,0,0.076632235416199151
59,74,75,2,0,0
60,76,77,4,0,0.17007066744901289
61,77,78,3,0,0.28341382083748806
62,78,79,4,1,0.25919296422659627
63,79,80,1,1,0.22767515876984334
64,80,81,2,0,0
65,81,82,3,0,0.037134796050411895
66,84,85,5,0,0.11853880998672285
67,85,86,2,0,0.05366608603260839
68,86,87,1,1,0.19805810582509534
69,87,88,3,0,0.077997935718311096
70,88,89,5,0,0.076806763821151786
71,89,90,1,0,0.67658754564326395
72,91,92,4,0,0.1312478903251435
73,93,94,5,0,0.19878396591388164
74,94,95,2,0,0.22116710183075766
75,95,96,4,0,0.1055548789537322
76,96,97,1,0,0.124935869856678
77,97,98,2,0,0.18867794199514099
78,98,99,1,0,0.12343412783985248
79,99,100,1,1,0.068804457190252452
80,100,101,3,0,0.24039925833545148
81,101,102,5,0,0.037285334441128616
82,102,103,4,0,0.23420716950256501
83,103,104,5,1,0.14737772649265715
84,105,106,3,0,0.16091008028895323
85,106,107,3,0,0.25759321640944088
86,107,108,1,0,0.13248174150900488
87,108,109,1,0,0.20223705897954924
88,110,111,5,0,0.079348426473530229
89,111,112,1,0,0.35507827256090901
90,112,113,1,0,0.56192062971292644
91,114,115,1,0,0.28976559949043762
92,115,116,4,1,0.25499018823939557
93,116,117,1,0,0.21422633545049158
94,117,118,1,1,0.44987721623295834
95,119,120,2,0,0.038593748984858289
96,120,121,4,1,0.62608642143641091
97,121,122,3,1,0.30026628698988339
98,122,123,2,0,0.28797428151224441
99,123,124,1,1,0.19556454176836255
100,124,125,4,0,0.028850886323841737
101,125,126,3,0,0.34197491533963581
102,126,127,2,0,0.083818055552191004
103,127,128,3,1,0.036466301436585649
104,128,129,2,1,0.13117670850346744
105,129,130,3,0,0.43953583302936572
106,130,131,4,0,0.23241204418359568
107,132,133,2,0,0.13374368254840285
108,133,134,3,0,0.046156707019681699
109,134,135,4,0,0.14564369144933645
110,135,136,4,0,0.55653980945038528
111,136,137,3,0,0
112,137,138,3,0,0.11599729627179924
113,138,139,4,1,0.34243993733650346
114,139,140,1,0,0.12095579495786175
115,140,141,1,1,0.28626541631259328
116,142,143,2,0,0.46048985254426938
117,143,144,1,0,0.074616082959537158
118,144,145,1,0,0.11935882338284493
119,145,146,5,0,0.28128235273361052
120,146,147,2,1,0.037256885940653815
121,147,148,3,0,0.15647358932495647
122,148,149,2,0,0.4273297173484738
123,150,151,3,0,0.2391070770624463
124,151,152,2,0,0
125,152,153,5,0,0.15620576227675101
126,153,154,1,0,0.1574497404359696
127,155,156,3,0,0.035565806249700238
128,156,157,2,0,0
129,157,158,1,0,0.068510621717477752
130,159,160,3,0,0.31633147474669709
131,160,161,2,0,0.72531266785693216
132,161,162,4,0,0.52763202280576649
133,162,163,5,0,0.21011121799772944
134,165,166,3,0,0
135,166,167,4,0,0.076061619598666044
136,167,168,2,0,0.24091211084861083
137,168,169,4,0,0.18495471153613421
138,169,170,5,0,0.1913828901746551
139,170,171,3,0,0.039840541294522455
140,171,172,3,0,0.21228948689937349
141,172,173,4,0,0.083243261678921862
142,173,174,3,1,0.33011889462721522
143,174,175,2,0,0.20999936936073269
144,175,176,5,1,0.76405976741010806
145,177,178,2,0,0.32467375594863118
146,179,180,4,0,0.15166126327319004
147,180,181,2,0,0.16154311946092922
148,182,183,3,0,0
149,183,184,3,1,0.15925967718776007
150,184,185,3,0,0.26284282834083855
151,185,186,3,1,0.2357278369888291
152,186,187,2,0,0
153,187,188,3,1,0.71849691493952428
154,189,190,2,0,0.49815642057068654
155,190,191,3,0,0
156,191,192,2,1,0.70310767145692954
157,193,194,3,0,0.15381667013173148
158,194,195,1,0,0.23216140551354217
159,195,196,4,1,0.69300643379674587
160,196,197,5,0,0.13573733267483168
161,199,200,2,1,0.6240460048862605
162,200,201,2,0,0.048059341087672819
163,202,203,2,0,0.046175098705395899
164,203,204,1,0,0.16140236684502945
165,204,205,2,0,0.092859495529565045
166,206,207,5,0,0.41819403809313177
167,207,208,2,1,0.13885130384504121
168,208,209,4,1,0.062414232663055402
169,211,212,3,1,0.31169443768758948
170,213,214,2,0,0.24897977849263275
171,216,217,5,1,0.2380822773622211
172,217,218,5,0,0.66641459318500273
173,218,219,2,0,0.074628493662089096
174,219,220,3,0,0.035321963534522285
175,221,222,4,0,0.15940674161891041
176,222,223,4,0,0.10016388148358296
177,223,224,5,0,0
178,224,225,3,1,0.47946839071579295
179,225,226,5,0,0.079251156967360903
180,227,228,5,0,0.12967422807583698
181,228,229,5,1,0.58746790208497401
182,229,230,3,0,0.36308492574694612
183,230,231,4,0,0.078527225129432332
184,231,232,1,1,0.38716870489127775
185,232,233,4,0,0.042842171676448867
186,233,234,3,1,0.62036752288712216
187,234,235,3,0,0.12513606682236661
188,235,236,5,0,0.30071514774528213
189,236,237,2,0,0.11034725308962705
190,237,238,2,0,0.1244706098807763
191,240,241,1,0,0.44449524383712752
192,241,242,5,0,0.10267200167441497
193,242,243,2,0,0.36033256699398453
194,245,246,1,0,0.12882684811196984
195,251,252,3,0,0.19262659833042201
196,252,253,1,1,0.037316093881992675
197,254,255,1,0,0.19887068451119175
198,256,257,4,0,0.23895272205482238
199,257,258,1,0,0.072077235710274953
200,258,259,1,0,0.23218018151961567
201,259,260,5,1,0.2395471136904756
202,264,265,2,0,0.12613875035300651
203,267,268,1,1,0.079607191979181868
204,268,269,5,0,0.042982439112847055
205,269,270,3,1,0.64040293699506345
206,270,271,1,0,0.16969678620263426
207,271,272,1,0,0.36941845518730798
208,272,273,1,1,0.40577735188649366
209,273,274,1,0,0.035279868984358816
210,274,275,2,1,0.58915044352284673
211,275,276,1,0,0.23776294699435432
212,276,277,1,1,0.21156142217741619
213,278,279,2,0,0.18306087388411907
214,280,281,3,0,0.17170177329310468
215,281,282,5,0,0.16709107273135743
216,282,283,4,0,0.081383665102280414
217,283,284,4,0,0.1210125338079466
218,284,285,3,0,0.038449990491790632
219,285,286,1,0,0.037641909237265972
220,286,287,2,0,0.55468847399436028
221,287,288,5,0,0
222,288,289,4,1,0.68003859533431554
223,289,290,4,0,0.064303880035412792
224,290,291,3,1,0.080694774988558871
225,291,292,1,1,1.3864951217991192e-06
226,292,293,3,0,0.83412133948637845
227,293,294,4,1,0.2576524641655476
228,295,296,4,0,0.055153315124492237
229,296,297,5,0,0.31258934591557574
230,297,298,2,0,0.064856084313798898
231,298,299,1,0,0.035484252133157548
232,299,300,2,1,0.15141101044287228
233,300,301,2,0,0.067100190340357385
234,301,302,5,0,0.15766977909524704
235,302,303,3,0,0.069855805843059338
236,303,304,4,1,0.36937268728068406
237,307,308,3,0,0.15835596395856086
238,308,309,5,1,0.65529412289172784
239,310,311,1,0,0.15060746275618805
240,311,312,5,0,0.04137723041423514
241,312,313,1,0,0.15517627223907354
242,314,315,2,0,0.040044449939494804
243,316,317,1,0,0.10775310972342078
244,317,318,4,0,0.42326687100906085
245,318,319,2,0,0.52407168354258415
246,319,320,3,0,0.18452021733635357
247,320,321,3,1,0.5881295799128079
248,321,322,2,0,0.038731603542239028
249,322,323,5,0,0.19751371593360068
250,323,324,3,1,0.16119521399682266
251,324,325,5,0,0
252,325,326,5,0,0.16447480223569491
253,327,328,3,1,0.769102408062452
254,328,329,4,0,0.037413153161434863
255,329,330,2,0,0.76600120390690341
256,330,331,2,1,0.23386793116011872
257,331,332,4,1,0.23817747850959353
258,332,333,2,0,0.51322167550089159
259,333,334,1,0,0.11889042817096902
260,334,335,3,0,0.047979048313003418
261,335,336,1,0,0.038907601358077477
262,336,337,1,0,0
263,339,340,3,0,0.20341907620708052
264,340,341,4,0,0.13791701916953025
265,341,342,5,0,0.14373506755463039
266,342,343,3,0,0.25524942271485074
267,343,344,4,0,0.14907432021330008
268,344,345,1,0,0.032864533361178255
269,345,346,3,0,0.11685260457293804
270,346,347,3,0,0.23160773485178199
271,347,348,1,1,0.083097491005528684
272,348,349,1,0,0.046011195649138088
273,349,350,3,1,0.26332463025378455
274,350,351,3,0,0.040812803465901215
275,352,353,4,1,0.29973045478634325
276,353,354,5,0,0.22501790537146388
277,355,356,1,1,0.090970078653144271
278,356,357,1,0,0.17611645043321542
279,357,358,4,0,0.16433278850780825
280,358,359,4,0,0
281,359,360,5,0,0.038071607940478168
282,360,361,1,1,0.4120336367896501
283,362,363,4,0,0.64603563210674908
284,363,364,2,1,0.26951097758933834
285,364,365,2,0,0.10899500633604581
286,365,366,3,0,0.28575419569512034
287,366,367,4,0,0.19964374171004168
288,369,370,5,1,0.61615003240661714
289,370,371,3,1,0.49781256974780597
290,371,372,2,0,0.080469066770942899
291,372,373,2,0,0.13268784200054642
292,373,374,2,0,0.23494208817193993
293,374,375,5,0,0.17128540549376611
294,375,376,4,0,0.092213249645619139
295,376,377,4,0,0.45567737457909963
296,377,378,2,0,0.045225338201563998
297,378,379,5,0,0.034832245751031013
298,380,381,2,0,0.083688137922714442
299,381,382,1,1,0.62340034865966143
300,382,383,1,0,0.11442925981447441
301,383,384,2,1,0.34183194482614532
302,384,385,4,0,0.082539600636743884
303,386,387,5,0,0.070524003630214674
304,388,389,5,0,0.093774625565070491
305,389,390,2,1,0.072858548972627862
306,390,391,5,0,0.65730319363061862
307,392,393,4,0,0.0782444886720325
308,393,394,4,0,0.16097733615963281
309,394,395,4,0,0.13463481414025333
310,397,398,3,0,0.049074753017715488
311,398,399,2,0,0
312,399,400,2,0,0.70233871919902557
313,400,401,1,0,0.086673983802794133
314,401,402,1,0,0.091347564133650819
315,402,403,1,1,0.25413489655391297
316,403,404,2,0,0.12240001208908648
317,404,405,3,1,0.57967785052421494
318,405,406,5,0,0.12241378323173985
319,406,407,1,0,0.12537225812679462
320,407,408,3,0,0.15827429389397335
321,408,409,2,0,0
322,409,410,3,0,0.065529408201497358
323,410,411,5,1,0.63887242242872277
324,412,413,1,0,0.18919436471506867
325,413,414,1,1,0.29771471198041949
326,414,415,2,0,0.082982717793435606
327,415,416,2,0,0.11169841597665267
328,416,417,1,0,0.035737902074835896
329,417,418,5,0,0.14303329907442663
330,418,419,5,0,0.20918470406466186
331,419,420,5,1,0.27971391227794723
332,420,421,1,0,0.53660388610316911
333,421,422,2,0,0
334,422,423,2,0,0.21790392687929566
335,423,424,2,1,0.63990419448755764
336,424,425,4,0,0.10000016270651552
337,425,426,2,0,0.077163460332188807
338,426,427,1,1,0.64199816994388448
339,427,428,1,1,0.31015476390219426
340,428,429,2,0,0.15776263971776083
341,429,430,5,0,0
342,430,431,5,0,0
343,432,433,4,0,0.10225861182625409
344,433,434,2,0,0.041276126139103635
345,434,435,2,0,0.11508220855250792
346,436,437,1,0,0.21345507331795788
347,437,438,3,0,0.090809377280531803
348,438,439,2,0,0.12828119814635888
349,439,440,1,1,0
350,440,441,2,0,0.28198471902371125
351,442,443,5,0,0.094172218313547107
352,444,445,2,1,0.19257563320467633
353,445,446,1,0,0.033898313303464905
354,447,448,2,0,0.23598867197820692
355,449,450,1,0,0.15596419007098924
356,450,451,5,1,0.53323380781777519
357,451,452,4,1,0.36437684115416175
358,452,453,2,0,0.085235778885558972
359,453,454,3,0,0.10673520273571578
360,454,455,3,0,0.088186412719622867
361,455,456,4,0,0.19998315294599586
362,456,457,3,0,0.79035345002958002
363,457,458,3,0,0.14741600971680954
364,458,459,1,0,0.11420680288782238
365,459,460,5,1,0.28804194625266261
366,460,461,1,0,0.097302635558972742
367,462,463,2,0,0.11627560945285992
368,463,464,1,0,0.066673192745498724
369,464,465,3,0,0.35988897066974646
370,465,466,3,1,0.076728000853486605
371,466,467,5,1,0.18864669686351576
372,467,468,2,0,0.069570618040752735
373,468,469,3,0,0.074244708717268584
374,470,471,5,1,0.12883158953110516
375,471,472,1,0,0.16372286370872802
376,472,473,2,0,0.16637786773148808
377,473,474,2,0,0.56422084212868351
378,475,476,3,0,0.26337590115685294
379,478,479,1,0,0.15716622612666928
380,479,480,3,0,0.13219505560508441
381,480,481,5,0,0
382,481,482,3,1,0.32283330458150927
383,482,483,2,0,0.22510689811770299
384,483,484,1,0,0.73265369289412996
385,484,485,4,0,0.20664503649161456
386,485,486,2,0,0.080554697133620887
387,486,487,3,0,0.11176877797908361
388,488,489,5,1,0.16923770764459109
389,489,490,5,0,0.076332605421728691
390,490,491,1,0,0.20919635504934136
391,491,492,5,0,0.85059375387153258
392,492,493,5,0,0.12813766503035665
393,493,494,2,0,0.10544266635154317
394,494,495,2,1,0.097385766895997511
395,495,496,2,0,0.25937885800129729
396,496,497,2,0,0.17223315170662462
397,497,498,3,0,0.23217373518861578
398,498,499,4,0,0.22755784654165043
399,500,501,3,0,0.27508077707931133
400,502,503,3,0,0.19632253873010777
401,503,504,5,1,0.040939565603929674
402,504,505,4,0,0.18398765679203313
403,506,507,1,0,0.19367990408666513
404,509,510,5,0,0.12076883302634736
405,510,511,2,0,0.44333265305168851
406,511,512,2,1,0.22318655544265645
407,512,513,5,0,0.11840942795408965
408,513,514,3,1,0.70355074457257794
409,514,515,2,0,0.063794570289398944
410,515,516,1,0,0.10263361949966647
411,516,517,5,0,0.12571618181720873
412,517,518,1,0,0.21508203011550114
413,518,519,5,0,0.26359520723133861
414,519,520,2,0,0.031923262780998503
415,520,521,4,0,0.16506926585471632
416,521,522,5,0,0
417,522,523,5,1,0
418,525,526,3,0,0.087447609997800838
419,527,528,3,1,0.23789800337675224
420,528,529,2,0,0.23965299346423255
421,529,530,4,0,0.39660605262596854
422,530,531,5,0,0.11451925439101232
423,531,532,2,0,0.15185527637081411
424,532,533,3,1,0.36308806677072875
425,534,535,4,0,0.22492874480131006
426,536,537,1,0,0.10950185605329858
427,537,538,2,0,0.16362091586758548
428,538,539,3,0,0.19725909610490094
429,539,540,4,0,0.70103982687615252
430,541,542,5,0,0.25007702375203239
431,542,543,2,1,0.52134856357476689
432,544,545,5,0,0.16172500529295195
433,545,546,4,0,0.076563591643406648
434,546,547,2,1,0.30398927773256684
435,547,548,1,0,0.10388947810031696
436,548,549,4,0,0.1077168725108669
437,549,550,3,0,0.035845984186850581
438,550,551,5,1,0.3138747719547591
439,551,552,2,1,0.2641882018178166
440,552,553,2,1,0.084024534938342665
441,553,554,1,0,0.47349254561223553
442,554,555,3,0,0.038236906959035276
443,555,556,3,0,0.16731006996904624
444,556,557,5,0,0.10715353346713563
445,557,558,5,0,0.32318081766551043
446,558,559,5,0,0.17501703519248096
447,559,560,5,0,0.033208317235996924
448,560,561,1,0,0.079814966068027959
449,561,562,2,0,0.13725047750912328
450,562,563,2,0,0.26196551065242391
451,563,564,5,0,0.15064970038151043
452,565,566,4,0,0.12506204126544365
453,566,567,5,1,0.1126918161473339
454,567,568,1,0,0.12454302390428143
455,568,569,1,0,0.090761032389631777
456,569,570,2,0,0.19213289271653045
457,572,573,5,0,0.1578826295073808
458,573,574,1,1,0.29243494737057629
459,574,575,1,0,0.18336455006617411
460,575,576,3,1,0.20829592543846162
461,576,577,1,0,0.11449118501919744
462,578,579,4,0,0.20675008150909832
463,579,580,3,0,0.15548993123482585
464,581,582,4,0,0.15411799420478731
465,582,583,3,0,0.039024605337798356
466,583,584,5,0,0.18054138356614388
467,584,585,5,0,0.41614047355756495
468,585,586,2,0,0.17067093717001156
469,586,587,3,1,0.53976363320908305
470,588,589,3,0,0.036109727242883617
471,589,590,5,0,0
472,590,591,4,0,0.078610255793901476
473,591,592,3,0,0.088308979806425145
474,593,594,3,0,0.15031745913343555
475,594,595,2,0,0.073717708155296977
476,595,596,2,0,0
477,596,597,1,0,0.16274917166005759
478,597,598,2,0,0.44976081217415587
479,598,599,5,0,0.84508680425601967
480,600,601,2,0,0.033266845804898006
481,601,602,2,1,0.2200870893845023
482,602,603,5,0,0.077912875676918916
483,603,604,4,0,0.60427347647875151
484,604,605,1,0,0.27514445010294036
485,605,606,2,0,0.62318108219071189
486,606,607,2,0,0.10483956328119598
487,607,608,1,0,0.21158356912225612
488,608,609,4,0,0.086892239822079165
489,609,610,2,0,0.20319836599360602
490,610,611,1,0,0.079567154028989145
491,611,612,3,1,0.33975241701735803
492,613,614,4,0,0.50510602933479221
493,614,615,3,0,0.70305843367872856
494,615,616,1,0,0.052889323708665004
495,616,617,1,0,0.21588303605035994
496,617,618,4,0,0.074313974512442885
497,619,620,2,0,0.066070592413794191
498,620,621,1,0,0.033733439860198285
499,621,622,5,0,0.34625959623309238
500,622,623,1,0,0.17789948905013253
501,623,624,4,0,0.23709384527511601
502,624,625,4,0,0.18432628250656785
503,627,628,5,0,0.32890023464650298
504,628,629,4,0,0.17161388750636689
505,630,631,3,0,0.18968231074948236
506,631,632,4,0,0.21050656969122891
507,632,633,2,0,0.19227665249343598
508,633,634,2,0,0.088841648781850968
509,634,635,2,0,0.042861883261955641
510,635,636,2,0,0.25832485751780926
511,636,637,4,0,0.16257281964415485
512,637,638,2,0,0.21243757555294782
513,638,639,2,0,0.03579248388394838
514,640,641,1,0,0.077834914510668346
515,642,643,2,0,0
516,643,644,2,0,0.078834614670327499
517,644,645,2,0,0.24754979787176731
518,646,647,2,1,0.45798159802694427
519,647,648,5,0,0.083550688485781857
520,648,649,2,1,0.76313493264995824
521,649,650,1,0,0.42475967417029847
522,650,651,1,0,0.1331787076436147
523,651,652,4,0,0.077735619971004005
524,652,653,3,0,0.076242321154000675
525,656,657,2,0,0.045920621548194838
526,657,658,4,1,0
527,658,659,5,0,0.13836047564146292
528,659,660,4,0,0.3533834557791562
529,660,661,5,0,0.072655705466910539
530,661,662,5,1,0.14991866667494361
531,662,663,1,0,0.11319946046386285
532,663,664,5,0,0.075775428850235069
533,664,665,3,0,0.34096502083571384
534,666,667,5,0,0.24368636807865507
535,667,668,4,0,0.034562605998326154
536,671,672,2,1,0.18685290820540182
537,672,673,2,1,0.68735658682221856
538,674,675,5,0,0.027360823372769724
539,675,676,4,1,0.52986461909773741
540,676,677,4,1,0.58930188169648501
541,677,678,4,0,0.076972889259284333
542,679,680,4,0,0.19413603728494055
543,680,681,1,0,0.11639486686652234
544,681,682,2,0,0.051149932944770375
545,682,683,4,0,0.21960595582640918
546,683,684,4,0,0
547,684,685,4,0,0.14567631255874142
548,685,686,1,0,0.050529087615325777
549,686,687,1,1,0.2768937790121937
550,687,688,1,0,0.036607449437445282
551,688,689,3,0,0.094718792850239042
552,690,691,4,0,0.11260844456390055
553,692,693,2,1,0.44446888078319408
554,693,694,4,0,0.19338918194306762
555,694,695,3,0,0.20179374551262502
556,695,696,5,0,0.12939551521622325
557,697,698,4,0,0.39387387240640304
558,698,699,2,0,0.080746082732938818
559,699,700,4,0,0.17253157813256298
560,700,701,1,0,0.20244243361679412
561,701,702,4,0,0.16047116644152418
562,703,704,2,1,0.44307580678261083
563,704,705,2,0,0.64233365892192962
564,707,708,2,0,0.6717641909356149
565,708,709,1,0,0.21135998390238678
566,709,710,4,0,0.29302418507507982
567,710,711,1,0,0.12143893491722962
568,712,713,1,0,0.16453204106443578
569,713,714,3,0,0.21047121716835615
570,715,716,4,0,0.18966291280894498
571,716,717,1,0,0.063516116442321302
572,717,718,3,1,0.12778710407965485
573,718,719,1,0,0.26558018148584839
574,719,720,5,0,0.15740927693791432
575,720,721,3,0,0.079759190373057592
576,721,722,4,1,0.13617090313250363
577,722,723,4,0,0.15502495839276589
578,723,724,3,0,0.14797911377728473
579,724,725,1,0,0.31356303663263957
580,725,726,3,1,0.31143639095014203
581,729,730,3,1,0.43506003556070755
582,731,732,5,0,0.058583682796921353
583,732,733,2,0,0.47419749188267796
584,733,734,2,0,0.22847163930554426
585,734,735,3,0,0.13432951482989469
586,735,736,2,0,0.32344102205375735
587,736,737,5,0,0.15292560909611277
588,737,738,4,0,0
589,738,739,5,0,0
590,739,740,4,1,0.8227728018825804
591,740,741,3,0,0.045052241584149444
592,741,742,3,0,0.24923550313799808
593,742,743,4,0,0.029592201873844936
594,743,744,2,0,0.15373270274051612
595,744,745,4,0,0
596,745,746,4,0,0.12174424760452646
597,747,748,3,1,0.13589383078566641
598,748,749,4,1,0.2119698984605731
599,750,751,1,0,0.035836661341649763
600,751,752,4,0,0.12448705722007748
601,752,753,2,1,0.11245658337869711
602,753,754,3,0,0
603,754,755,1,0,0.14439453141626685
604,755,756,3,0,0.078847920286452947
605,757,758,4,1,0.16036855697570948
606,758,759,3,0,0.040638205122216033
607,759,760,3,0,0.25777824886269235
608,761,762,2,0,0.33458962218287747
609,763,764,3,0,0.32584367703163541
610,764,765,2,0,0.11569281718914541
611,765,766,2,0,0.15927993885417424
612,766,767,1,0,0.15764703726737286
613,767,768,5,0,0.039085891479096503
614,768,769,4,0,0.11489025223629355
615,769,770,1,0,0.02994698309963182
616,770,771,1,0,0.071877782956949493
617,771,772,5,0,0.29310845010459285
618,772,773,3,0,0.30847753313928727
619,773,774,5,0,0.074381478535836126
620,774,775,5,0,0.35573743454764184
621,775,776,2,0,0.52735079185526113
622,776,777,4,0,0.15185225561210733
623,778,779,3,1,0.68114484280121268
624,779,780,3,0,0.16204537338956421
625,781,782,4,0,0.36434327130439492
626,782,783,1,1,0.68699200601670574
627,783,784,4,1,0.36383538641066199
628,785,786,5,0,0.26348487575754359
629,786,787,5,0,0.21083067645924514
630,787,788,1,0,0.11260546186987773
631,789,790,3,0,0.12808793347441161
632,790,791,3,0,0.3719462498988752
633,791,792,4,0,0.30431382677354341
634,792,793,4,0,0.18332074362588638
635,793,794,4,0,0.30431215799395256
636,794,795,3,0,0.066485015396040362
637,795,796,5,0,0.036475903144501116
638,796,797,5,0,0.030922104308315743
639,800,801,4,0,0.038537632485412927
640,801,802,2,1,0.73180275361812341
641,803,804,3,0,0.1222112535178531
642,805,806,2,0,0.089520692515134087
643,806,807,2,0,0.19829104820155355
644,807,808,5,1,0.42500919871232712
645,808,809,3,0,0.1383183262919721
646,809,810,3,0,0.11263232882495898
647,810,811,2,0,0.082529578428007663
648,811,812,5,0,0.042926022987906161
649,812,813,1,0,0.3744300147169054
650,813,814,4,0,0.11190016378497321
651,814,815,4,1,0.59345095031760142
652,815,816,5,0,0.038079904589071782
653,816,817,5,1,0.46227971143389063
654,817,818,5,0,0.16348988162138484
655,819,820,5,0,0
656,820,821,5,0,0.11618840277074084
657,821,822,3,1,0.32951420746349519
658,822,823,2,0,0.1578135322018554
659,823,824,1,0,0.080488333315485078
660,826,827,4,0,0.31809778436500097
661,827,828,4,0,0.41539537611294897
662,828,829,4,0,0.11881373974074159
663,829,830,5,0,0
664,830,831,5,0,0
665,831,832,5,0,0.48538206391148103
666,832,833,5,1,0.073644393741072608
667,833,834,1,0,0.15723649556757333
668,834,835,3,0,0.26751914905885293
669,835,836,4,1,0.2968935002720568
670,836,837,2,0,0.75081359948234128
671,837,838,4,0,0.2232714678256148
672,839,840,4,1,0.31542567094978935
673,840,841,5,0,0.49466306633711576
674,842,843,3,0,0.10621086676548618
675,843,844,3,1,0.30305479330819113
676,844,845,5,0,0.23994266190063629
677,847,848,2,1,0.64413510972712384
678,848,849,2,1,0.71591343428985121
679,849,850,1,0,0.25276490902728499
680,850,851,2,0,0.24293587034326128
681,853,854,3,0,0.10736201031439246
682,854,855,3,0,0.18151445490108242
683,855,856,1,0,0.11381379197611739
684,857,858,5,1,0.82098603221985789
685,858,859,4,0,0.036213182348459591
686,859,860,3,0,0.14908869534139527
687,860,861,5,0,0.12085975857674602
688,861,862,2,0,0.080748506879247658
689,862,863,3,1,0.84994069089562274
690,863,864,4,0,0.11741419238186987
691,865,866,1,0,0.18406378666323803
692,866,867,2,0,0
693,867,868,3,0,0.16164743331832046
694,868,869,1,0,0.10972856138079777
695,870,871,3,0,0.44568717847600331
696,872,873,3,0,0.10524385904975982
697,875,876,4,0,0.19229923209348054
698,876,877,4,0,0.034780305263123326
699,877,878,5,0,0.18930481727373899
700,878,879,3,0,0.11955142469286563
701,879,880,5,0,0.72733936410454192
702,880,881,1,0,0.082988169875198331
703,881,882,4,1,0
704,882,883,3,0,0.038534090566909082
705,884,885,2,1,0.16782419896838699
706,886,887,5,0,0.11355018490147055
707,887,888,2,0,0.23716609320726365
708,888,889,1,0,0.15109981502703426
709,889,890,4,0,0.076532741493840928
710,890,891,5,0,0.071913617874002925
711,891,892,3,0,0.11530630349378082
712,892,893,3,0,0.16266597032289129
713,893,894,2,0,0.11262523874831634
714,894,895,4,1,0.25630520292722514
715,895,896,4,0,0.10202231365287358
716,896,897,3,1,0.6653250371904007
717,898,899,5,1,0.12632018730608882
718,899,900,2,0,0.2520889350590782
719,900,901,5,0,0.19647393569108482
720,901,902,4,0,0.31803729223093141
721,902,903,4,0,0.1309202342284376
722,903,904,2,0,0.10893011074277141
723,904,905,2,0,0.6592969471559551
724,905,906,1,0,0.15247684377326659
725,906,907,2,1,0.67900842464035893
726,907,908,2,0,0.037131992944517071
727,909,910,1,0,0
728,911,912,4,0,0.07491668289586359
729,913,914,3,0,0.20298510959478425
730,914,915,5,0,0.21348775478679702
731,915,916,1,0,0.10432136581808489
732,916,917,1,0,0.031775214378577617
733,917,918,1,1,0.36984688040555108
734,919,920,2,0,0.12556231648048596
735,921,922,1,0,0.096308388432898809
736,922,923,2,0,0.037982903328164383
737,923,924,4,0,0.14690053312221052
738,924,925,5,0,0.1968190908518368
739,925,926,5,1,0.36337377529440767
740,926,927,1,0,0.37643724394581313
741,927,928,5,0,0.20095552267701428
742,928,929,5,0,0.041631163162918434
743,929,930,3,0,0.10944181264451554
744,930,931,5,0,0
745,933,934,5,1,0.71926442061923079
746,934,935,1,0,0.15758596798823205
747,935,936,1,0,0.16807395880522388
748,936,937,1,0,0.108359560387809
749,937,938,4,0,0.079156781322175018
750,938,939,1,1,0.43331625875770169
751,939,940,3,0,0.076115491542750352
752,940,941,5,0,0.10257858911193865
753,941,942,5,0,0.1085823134705884
754,942,943,1,0,0
755,944,945,3,0,0.031296807650126511
756,945,946,1,0,0.075887624240953369
757,946,947,2,0,0.042172868094369577
758,947,948,2,0,0.23898288607280227
759,948,949,2,0,0.039054549361756077
760,949,950,5,0,0.37035255135531725
761,950,951,3,1,0.27072577663172465
762,951,952,5,0,0.097224794859092203
763,952,953,1,0,0.03820220303308354
764,953,954,5,0,0.16182884988115617
765,954,955,2,0,0.080389057016069687
766,955,956,3,0,0.23005681094392844
767,956,957,1,0,0.18383893628444026
768,957,958,4,1,0.23815279201677386
769,958,959,4,0,0
770,959,960,3,1,0.19491153360567018
771,961,962,3,0,0.17226693489478895
772,962,963,2,0,0.070706286848995895
773,963,964,4,0,0.19537921299210498
774,964,965,3,0,0.18604484200519739
775,965,966,1,0,0.08061614743745453
776,966,967,2,0,0.28025018592385392
777,967,968,3,0,0.11183602320526906
778,968,969,4,0,0.20364808003644677
779,972,973,1,1,0.65595579879466948
780,974,975,4,1,0.14768011412250101
781,975,976,2,0,0.27611153246464765
782,976,977,5,1,0.63985759677442411
783,978,979,5,1,0.10277119815244018
784,979,980,5,0,0.078562823185794106
785,980,981,4,0,0.092041129577215344
786,981,982,4,0,0.48300049799178085
787,983,984,5,0,0.16621646409067845
788,984,985,1,0,0.038568665410400188
789,986,987,4,0,0.12032692047931504
790,988,989,2,0,0.31479584927923426
791,991,992,2,1,0.26390676132578478
792,992,993,1,0,0.032827879990341126
793,993,994,3,1,0.082160677826519452
794,994,995,4,1,0.18667207625619164
795,995,996,4,0,0.084104252153145501
796,997,998,1,1,0.20093217648939973
797,998,999,1,1,0.12068187207536681
798,1000,1001,5,0,0.14841488672052283
799,1001,1002,5,0,0.11216250015493286
800,1002,1003,3,0,0.19925743583978539
801,1003,1004,5,1,0.38421644473994676
802,1005,1006,5,0,0.21364115582639653
803,1006,1007,4,0,0.1881097017877062
804,1007,1008,2,0,0.055276679779714989
805,1008,1009,1,0,0.40380943935460628
806,1010,1011,3,0,0.044991929561744304
807,1011,1012,1,0,0.45234051256444774
808,1012,1013,4,0,0.041647080180318187
809,1013,1014,2,0,0.17947535231985756
810,1014,1015,5,0,0.07794475133122751
811,1015,1016,1,0,0.1283127485906182
812,1016,1017,1,1,0.073174287258123305
813,1017,1018,4,1,0.10383339965688129
814,1018,1019,5,0,0.17328989405982156
815,1019,1020,2,0,0.087226184633524176
816,1020,1021,4,0,0.048602212919499926
817,1021,1022,1,0,0.12680688021643913
818,1023,1024,3,0,0.12589018313538516
819,1025,1026,2,0,0.19458609137312471
820,1026,1027,3,0,0.084313616760523957
821,1027,1028,5,0,0
822,1028,1029,2,0,0.15324240409868387
823,1029,1030,3,1,0.60619068374900786
824,1030,1031,5,0,0.076597383841131794
825,1031,1032,4,0,0.26179413506031829
826,1032,1033,3,1,0.49518090236367562
827,1033,1034,4,0,0
828,1036,1037,1,0,0.084888973484852762
829,1039,1040,5,0,0.15452332331850221
830,1040,1041,2,0,0.17091274675190027
831,1041,1042,1,1,0.2035889830148839
832,1042,1043,2,0,0.03232089212657939
833,1043,1044,3,0,0
834,1044,1045,5,1,0.70252584397082174
835,1045,1046,3,0,0.076654843851343801
836,1047,1048,5,1,0.55164420323155539
837,1050,1051,3,0,0.46462467900124843
838,1051,1052,5,0,0.15910546783814297
839,1052,1053,1,0,0.081715246126855351
840,1054,1055,5,0,0.66649162087257308
841,1055,1056,5,0,0.15217739955897266
842,1057,1058,5,0,0.15656638969093845
843,1058,1059,3,0,0.081127667515460952
844,1059,1060,4,1,0.5405330960036755
845,1061,1062,5,0,0.20903787024701911
846,1062,1063,1,1,0.13714836302798078
847,1063,1064,5,0,0.12852324840875992
848,1064,1065,4,1,0.71761405590343386
849,1065,1066,3,0,0
850,1066,1067,4,0,0.12437495986395271
851,1067,1068,4,1,0.18305949691457893
852,1068,1069,4,0,0.1921969793169761
853,1069,1070,1,0,0.23071085587504797
854,1070,1071,1,0,0.17381558934558106
855,1072,1073,1,0,0
856,1073,1074,3,0,0.038368334640356799
857,1074,1075,1,0,0.19608577519663567
858,1075,1076,1,0,0.20766098731055241
859,1076,1077,2,0,0.069464286986136298
860,1079,1080,2,0,0.18241248324928963
861,1080,1081,1,0,0.12153705493095636
862,1081,1082,3,0,0.79605684190485915
863,1082,1083,3,0,0.73194272638428037
864,1083,1084,5,1,0.64932236464719117
865,1085,1086,3,0,0.22422153404007003
866,1086,1087,4,1,0.11578977129446805
867,1090,1091,5,0,0.13490623705857333
868,1092,1093,1,0,0.27098074989925708
869,1097,1098,5,0,0.38517399830829291
870,1098,1099,3,0,0.23717160503949339
871,1099,1100,5,0,0.074150006132974747
872,1100,1101,1,1,0.38885925094992352
873,1102,1103,5,0,0.28479773370599565
874,1103,1104,3,0,0.044260974417731865
875,1104,1105,4,1,0.75727607704769051
876,1105,1106,2,0,0.086352747587150433
877,1106,1107,5,0,0
878,1108,1109,5,1,0.066436752942374375
879,1110,1111,1,0,0.5024362411195008
880,1111,1112,5,0,0.1662979226107435
881,1112,1113,5,0,0.085816423385561599
882,1113,1114,4,0,0
883,1114,1115,4,0,0.041255593995874765
884,1116,1117,2,1,0.044476431286677227
885,1117,1118,5,0,0.52253141336535514
886,1118,1119,5,1,0.49457361645114023
887,1119,1120,3,0,0.065799547209702561
888,1120,1121,1,1,0.19460702037802477
889,1121,1122,4,1,0.64876222214549462
890,1122,1123,1,0,0
891,1123,1124,5,0,0
892,1124,1125,3,0,0.1689431574440998
893,1126,1127,2,0,0.042778470352120145
894,1127,1128,5,0,0.11406677674749842
895,1128,1129,2,0,0.18498344047236417
896,1129,1130,2,1,0.12851852013428175
897,1130,1131,5,1,0.044517008273751664
898,1131,1132,2,0,0.041637303586124615
899,1133,1134,4,0,0.60168849142225722
900,1134,1135,2,0,0.45968604979049144
901,1135,1136,5,0,0.17188619061593602
902,1136,1137,2,0,0.15957356761411562
903,1138,1139,4,0,0.19041610631956438
904,1140,1141,3,0,0.16542391832933029
905,1141,1142,2,0,0.13441226199459735
906,1143,1144,2,0,0.20914685532182359
907,1144,1145,1,1,0.53460011321950085
908,1145,1146,3,1,0.57300993511124665
909,1146,1147,3,1,0.84212208202251682
910,1148,1149,2,0,0.079001464832139032
911,1149,1150,1,0,0.27641468449037987
912,1150,1151,4,0,0.39070103769366449
913,1151,1152,3,0,0.45403856306241291
914,1152,1153,4,1,0.76855502248707674
915,1153,1154,1,0,0.23687912733643127
916,1154,1155,1,0,0.36953969518577223
917,1155,1156,5,0,0.10881925023276989
918,1156,1157,1,0,0.076913699919003514
919,1157,1158,2,0,0.47793261256695518
920,1158,1159,3,0,0.15730228248765318
921,1160,1161,4,0,0.15472541449201482
922,1161,1162,4,0,0.22865028702608631
923,1162,1163,1,0,0.22623314827008073
924,1163,1164,1,0,0.078337143926682853
925,1164,1165,3,0,0.18967104266546095
926,1165,1166,1,0,0.34866904849153008
927,1167,1168,5,0,0.1117959050278558
928,1169,1170,1,0,0.13061015284847405
929,1170,1171,1,1,0.18935569650389056
930,1171,1172,4,0,0.29272714419924056
931,1174,1175,5,1,0.078434917043426422
932,1175,1176,2,1,0.53817405841636201
933,1176,1177,5,0,0.17766781508431428
934,1177,1178,2,0,0.046563432645830474
935,1178,1179,1,0,0.18089085069467142
936,1179,1180,3,0,0.11177465091611426
937,1180,1181,5,0,0.10572784079667111
938,1182,1183,5,1,0.48357409946010477
939,1183,1184,3,0,0
940,1184,1185,5,0,0.19875517944976206
941,1185,1186,1,0,0.047469296779086435
942,1186,1187,5,1,0.28567614375340938
943,1187,1188,2,0,0.22004516435004254
944,1188,1189,2,0,0
945,1190,1191,1,0,0.035423445603880679
946,1191,1192,1,0,0.24141621962201179
947,1193,1194,4,0,0.03691632347541448
948,1194,1195,5,0,0.036553162359065666
949,1195,1196,3,0,0.09040257534114661
950,1196,1197,2,0,0.069623113037430601
951,1197,1198,3,0,0.38204167112978538
952,1198,1199,2,1,0
953,1199,1200,4,0,0.15415040154897125
954,1200,1201,4,0,0.094441428841872274
955,1201,1202,5,0,0.034910056247487969
956,1202,1203,4,0,0.16720291852135286
957,1203,1204,1,0,0.52592597324426926
958,1204,1205,4,0,0.044876338401672794
959,1206,1207,1,1,0.77308603234663464
960,1207,1208,5,0,0.12239921986785435
961,1208,1209,1,1,0
962,1210,1211,1,0,0.039212740732514753
963,1212,1213,2,1,0.15855393332395712
964,1213,1214,1,0,0.094279946046312166
965,1214,1215,4,0,0.25016653723005094
966,1218,1219,3,0,0.044156125316869209
967,1219,1220,3,0,0.038558387128007451
968,1220,1221,5,0,0.19800481449359977
969,1221,1222,3,0,0.036382964135147119
970,1222,1223,1,0,0.1561658776130315
971,1223,1224,2,1,0.10696562893829677
972,1224,1225,3,0,0.11858369056849921
973,1226,1227,3,0,0.03731178663389375
974,1227,1228,2,0,0
975,1228,1229,1,1,0.16466027744084274
976,1229,1230,3,0,0.14354956307949993
977,1230,1231,1,1,0.22779146501222103
978,1231,1232,4,0,0.080645104010880778
979,1232,1233,5,0,0.41289166604316641
980,1234,1235,5,0,0.16211852569339566
981,1236,1237,3,1,0.27604219845489031
982,1237,1238,1,0,0.22214381110704251
983,1238,1239,3,1,0.18621004320554196
984,1239,1240,5,0,0.22913482408411454
985,1240,1241,2,0,0.032794256393903459
986,1241,1242,2,0,0.44923671399545573
987,1243,1244,4,1,0.17830303940239223
988,1244,1245,2,0,0.16734843586403922
989,1245,1246,1,0,0.20188276229027968
990,1247,1248,5,0,0.12576604291073035
991,1248,1249,5,0,0.080163665142863161
992,1249,1250,4,1,0.77839262339002657
993,1250,1251,5,0,0.14959660011125289
994,1251,1252,3,1,0
995,1252,1253,1,0,0.081982892374609595
996,1253,1254,5,0,0.067809351408598409
997,1254,1255,2,0,0.15573795518605502
998,1255,1256,2,0,0.3512049469820403
999,1256,1257,3,0,0.11715075452560572
1000,1257,1258,3,0,0.15342030288876776
1001,1258,1259,2,0,0.13199630203998752
1002,1261,1262,5,1,0.15667800568950285
1003,1262,1263,3,0,0.10261482500247265
1004,1263,1264,1,1,0.15617450443325651
1005,1264,1265,3,0,0.1049596180586756
1006,1265,1266,5,0,0.14884279129450823
1007,1266,1267,4,0,0.077227051373758904
1008,1267,1268,3,0,0.34358347296257996
1009,1268,1269,4,1,0.35004873448363027
1010,1269,1270,1,0,0.039965432295609359
1011,1271,1272,5,0,0.4261310653934795
1012,1272,1273,4,0,0.11221025529023967
1013,1273,1274,5,0,0.16183850089040927
1014,1277,1278,3,0,0.1556033975527413
1015,1278,1279,2,0,0.059384665808045953
1016,1279,1280,3,0,0.22574051518954155
1017,1280,1281,5,0,0.12326838269150923
1018,1281,1282,1,0,0.4533157941501601
1019,1282,1283,4,0,0.18704654298455331
1020,1284,1285,4,0,0
1021,1285,1286,3,0,0.076496776525957266
1022,1286,1287,5,0,0.039129215259589602
1023,1287,1288,2,0,0
1024,1288,1289,1,1,0.70295423150598646
1025,1289,1290,4,0,0.11117680046287623
1026,1293,1294,1,1,0.12499143305681279
1027,1295,1296,1,0,0.037563966494825525
1028,1296,1297,3,0,0.59119085845985953
1029,1298,1299,1,1,0.029556350242853101
1030,1299,1300,5,1,0.3580773202060738
1031,1300,1301,5,0,0.64035415114247685
1032,1301,1302,1,1,0.079070174351071221
1033,1303,1304,2,1,0.36938813614188171
1034,1304,1305,4,0,0.15307484347579928
1035,1305,1306,3,0,0
1036,1306,1307,2,0,0.16718285943999397
1037,1307,1308,2,0,0.13287798949805885
1038,1308,1309,5,0,0.35108187406650321
1039,1309,1310,5,0,0.065040972780079337
1040,1310,1311,3,1,0.57042021101249674
1041,1311,1312,5,0,0.65592127510881715
1042,1312,1313,3,0,0.074382193264155821
1043,1313,1314,5,0,0
1044,1314,1315,1,0,0.587065780116099
1045,1315,1316,5,1,0.19140821938910921
1046,1316,1317,4,0,0.074880616807552022
1047,1317,1318,2,0,0.1554520263589918
1048,1318,1319,3,0,0.32408994221254933
1049,1319,1320,3,0,0.081343062490262699
1050,1320,1321,5,0,0.12059965562394806
1051,1321,1322,2,0,0.053203831909342206
1052,1322,1323,3,0,0
1053,1323,1324,2,0,0.17029745153519327
1054,1324,1325,3,0,0.094990124312432547
1055,1325,1326,3,0,0.3812707150102897
1056,1326,1327,5,0,0.16786664770902138
1057,1327,1328,1,0,0.21985136121941465
1058,1328,1329,3,0,0.029399866801473707
1059,1329,1330,5,0,0.078010401752575509
1060,1330,1331,5,0,0.23137178082694707
1061,1331,1332,2,0,0.22016661556345707
1062,1332,1333,3,1,0.1850429237226438
1063,1333,1334,1,0,0.11785766432188574
1064,1334,1335,2,1,0
1065,1335,1336,3,0,0.032407047791657831
1066,1336,1337,2,1,0.63851671312358704
1067,1337,1338,4,0,0.084440886268401127
1068,1338,1339,4,0,0.17640391811806388
1069,1339,1340,3,1,0.33037295823407642
1070,1340,1341,3,0,0.083566191276987695
1071,1341,1342,2,0,0.073029964661721347
1072,1342,1343,5,1,0.15641287598130693
1073,1343,1344,3,0,0.54265153146808009
1074,1344,1345,4,1,0.18650184919382018
1075,1345,1346,3,0,0.32985516082496841
1076,1346,1347,2,0,0.12158728616628388
1077,1347,1348,5,0,0.20750311300488736
1078,1349,1350,4,1,0.37647345743198563
1079,1351,1352,3,1,0.1480581272365343
1080,1353,1354,1,0,0.32010283961402702
1081,1355,1356,2,0,0.21996420122896243
1082,1356,1357,5,0,0.037080811256994944
1083,1358,1359,3,0,0.078847043939539327
1084,1359,1360,5,0,0.040284366660893758
1085,1360,1361,4,0,0.12575160680594671
1086,1361,1362,3,0,0.16274436049154778
1087,1362,1363,3,1,0.44414602327250802
1088,1363,1364,5,0,0.072382463433471586
1089,1364,1365,3,0,0.40071061842120559
1090,1365,1366,4,0,0.27514809908523519
1091,1367,1368,5,1,0.061496044895126986
1092,1368,1369,4,0,0.54915446736671492
1093,1369,1370,1,0,0.23507993512577235
1094,1370,1371,2,0,0.073346373777308252
1095,1371,1372,1,0,0.072445677711756876
1096,1372,1373,2,0,0.76073529818242724
1097,1373,1374,5,0,0.081190547935863638
1098,1374,1375,2,0,0.19642298759510529
1099,1377,1378,1,0,0.071440524029774244
1100,1378,1379,3,0,0.089427790316671585
1101,1379,1380,3,0,0.71888533501619589
1102,1380,1381,2,0,0.24066333262606934
1103,1381,1382,3,0,0.22937619823032235
1104,1382,1383,4,0,0
1105,1385,1386,2,0,0.083360584930654222
1106,1386,1387,5,0,0.075929165694673867
1107,1387,1388,5,0,0.49838293533801337
1108,1389,1390,4,0,0.18624297851123975
1109,1390,1391,1,1,0.70019883934204807
1110,1391,1392,4,0,0.14738405706069027
1111,1392,1393,5,0,0
1112,1393,1394,1,0,0.080959283027643228
1113,1395,1396,3,0,0.21778318292495635
1114,1397,1398,3,0,0.12094267641224329
1115,1398,1399,5,0,0.52311184977669989
1116,1400,1401,3,0,0.18215923075881876
1117,1404,1405,1,0,0.14195321395831526
1118,1405,1406,3,1,0.1074869734060348
1119,1406,1407,3,0,0.12950714218946546
1120,1407,1408,4,0,0.0691900371684738
1121,1408,1409,3,1,0.033667505323780079
1122,1409,1410,1,0,0.20906915979000834
1123,1410,1411,4,0,0.10790830748660463
1124,1411,1412,4,0,0.037006888432105506
1125,1412,1413,3,0,0.1726274294505544
1126,1413,1414,1,0,0.077959110204646881
1127,1414,1415,4,0,0
1128,1415,1416,5,0,0.034168749783703892
1129,1418,1419,2,0,0.042961050990764638
1130,1419,1420,5,0,0.036001016514684195
1131,1421,1422,3,0,0.048953527844271552
1132,1422,1423,5,0,0.088601924599055235
1133,1423,1424,2,0,0.48427688476578407
1134,1424,1425,1,0,0.13610335250335875
1135,1426,1427,4,0,0.32718376654084907
1136,1427,1428,1,0,0.56981266685373089
1137,1428,1429,3,1,0.7492692941680873
1138,1429,1430,4,0,0.071590296430799991
1139,1430,1431,1,0,0.10671841180512658
1140,1431,1432,5,1,0.72148153298588191
1141,1432,1433,3,1,0.69888028269645286
1142,1433,1434,5,0,0.21516726779761819
1143,1434,1435,2,0,0.1716536381924797
1144,1435,1436,5,1,0.72920410997258089
1145,1436,1437,2,1,0.049203950666726948
1146,1438,1439,3,0,0.38607810857358593
1147,1440,1441,2,0,0.52407603778907752
1148,1444,1445,4,1,0.36962293184784772
1149,1445,1446,1,0,0.5851041685003322
1150,1447,1448,1,0,0.29930791731664269
1151,1449,1450,2,1,0.11007180820450506
1152,1451,1452,1,1,0.13178426917747157
1153,1452,1453,3,0,0.18697567319730884
1154,1453,1454,3,0,0.37420164671407213
1155,1454,1455,4,0,0.17202479414849481
1156,1455,1456,2,0,0.53904621338987102
1157,1456,1457,4,0,0.088054978249357707
1158,1457,1458,1,1,0.038874268881728423
1159,1459,1460,2,0,0.38448315942402339
1160,1460,1461,1,1,0.73973243531917643
1161,1461,1462,2,0,0.14513881818898397
1162,1462,1463,3,0,0.075444149160630206
1163,1465,1466,1,0,0.2137568259113426
1164,1466,1467,1,1,0.30403222192655838
1165,1467,1468,5,0,0.23589303422085359
1166,1469,1470,5,1,0.13723250577951376
1167,1470,1471,2,0,0.035048014353758171
1168,1471,1472,1,1,0.4970493871924751
1169,1472,1473,4,0,0
1170,1473,1474,3,0,0.22200040886495079
1171,1475,1476,1,0,0.046355071975226453
1172,1476,1477,4,0,0.10980460734271248
1173,1477,1478,3,0,0.23399783083222367
1174,1478,1479,5,1,0.12140763737416885
1175,1479,1480,1,0,0.20353756851715446
1176,1480,1481,1,0,0.035666210061798528
1177,1481,1482,1,0,0.19556179101262677
1178,1482,1483,4,0,0
1179,1484,1485,1,0,0
1180,1485,1486,2,1,0.90637604236017455
1181,1487,1488,2,0,0.17850158212057057
1182,1488,1489,3,1,0.55347982997814793
1183,1489,1490,1,1,0.45342821980616127
1184,1491,1492,3,0,0.15341253146321165
1185,1493,1494,3,0,0.079549078230532921
1186,1494,1495,2,0,0.15981324843941452
1187,1495,1496,4,0,0.036527690649179115
1188,1497,1498,5,0,0.19498393995424315
1189,1498,1499,3,0,0.067560344995312924
1190,1500,1501,4,0,0.03354130651211247
1191,1501,1502,3,0,0.22294405913279836
1192,1502,1503,2,0,0.19250185297888542
1193,1503,1504,5,0,0.081633733912509499
1194,1504,1505,1,0,0
1195,1505,1506,2,0,0
1196,1506,1507,4,0,0.15923037647760399
1197,1507,1508,3,0,0.038459730650507035
1198,1508,1509,3,0,0.28281648259679359
1199,1509,1510,2,1,0.73206612057867704
1200,1510,1511,2,0,0.065444288006021228
1201,1511,1512,4,0,0.83916149432429288
1202,1512,1513,4,0,0.27023719323686124
1203,1513,1514,1,1,0.1742691093618095
1204,1514,1515,3,0,0.2398157741350892
1205,1515,1516,3,0,0.084301978038458875
1206,1516,1517,2,0,0.07227302179049773
1207,1517,1518,1,1,0.6551481746748552
1208,1518,1519,1,0,0.41535514926081274
1209,1519,1520,4,0,0.071030272905686531
1210,1520,1521,3,0,0.039569469070429276
1211,1522,1523,4,0,0.073670025754088819
1212,1523,1524,2,1,0.7595838062711654
1213,1524,1525,3,0,0.15489922933040268
1214,1525,1526,2,0,0.55236634494748604
1215,1528,1529,4,0,0.32778134336517806
1216,1529,1530,4,0,0.20843537085078417
1217,1530,1531,5,0,0.075299883782448243
1218,1531,1532,1,0,0
1219,1532,1533,1,0,0.53372282368452262
1220,1533,1534,3,0,0.098666078790481879
1221,1535,1536,1,0,0.075750992132531725
1222,1536,1537,3,0,0.32401337281094333
1223,1537,1538,3,0,0.30963604876926687
1224,1539,1540,3,0,0.24901486291188585
1225,1540,1541,2,1,0.28706059477978629
1226,1541,1542,2,0,0.26066758635259663
1227,1542,1543,1,0,0.13460069861227367
1228,1544,1545,4,1,0.42413530555668627
1229,1545,1546,5,1,0.19485953493710456
1230,1546,1547,2,0,0.040542544805946885
1231,1547,1548,4,0,0.072452225606445111
1232,1548,1549,1,1,0.25280599170261187
1233,1549,1550,3,0,0
1234,1550,1551,3,1,0.15803537201353474
1235,1552,1553,3,0,0.12796965312828737
1236,1553,1554,2,0,0.30772820537231832
1237,1554,1555,1,0,0.40750782010286035
1238,1555,1556,5,1,0
1239,1556,1557,4,0,0.19262615246613357
1240,1557,1558,1,0,0.1651815125211312
1241,1558,1559,1,1,0.62056010785260518
1242,1560,1561,3,0,0.096897082869564222
1243,1561,1562,1,0,0.2131853621556053
1244,1562,1563,3,0,0.20955474341981056
1245,1563,1564,2,0,0.31735434325700312
1246,1564,1565,4,1,0.081314747871113272
1247,1568,1569,1,0,0.11103792795127544
1248,1569,1570,4,1,0.11849122579209509
1249,1570,1571,1,0,0.43910596192162543
1250,1571,1572,1,0,0.58782768905168947
1251,1572,1573,2,0,0.21152430954043755
1252,1573,1574,1,1,0.11922003505496889
1253,1574,1575,4,0,0.11852983420586671
1254,1575,1576,3,0,0.21533714441071783
1255,1576,1577,2,0,0.24018540910370731
1256,1577,1578,3,0,0.16995959677478134
1257,1580,1581,4,0,0.083116547574077812
1258,1581,1582,5,0,0.21570607592446864
1259,1582,1583,5,0,0.30022101145536112
1260,1583,1584,1,0,0.44104198388335064
1261,1584,1585,4,0,0.21343036452107539
1262,1585,1586,5,0,0.085637377540771081
1263,1586,1587,5,0,0.07712599924374515
1264,1588,1589,3,0,0.17245987290309414
1265,1589,1590,5,0,0
1266,1590,1591,4,0,0.15179614664835678
1267,1592,1593,3,0,0.15550727740340228
1268,1593,1594,3,0,0.036932650395528545
1269,1594,1595,2,0,0.15685276448937605
1270,1595,1596,1,0,0.038610705217782156
1271,1596,1597,1,0,0.29499518610761816
1272,1597,1598,3,0,0.2364868423705023
1273,1598,1599,4,0,0.086690639300026323
1274,1599,1600,3,1,0.15989605052867506
1275,1600,1601,3,0,0.1516821689558594
1276,1601,1602,4,0,0
1277,1603,1604,2,0,0.066009260379112145
1278,1604,1605,2,0,0.15545054279321652
1279,1605,1606,3,0,0.1561217032679591
1280,1606,1607,1,1,0.59138066124702326
1281,1607,1608,3,1,0.075435868828912456
1282,1608,1609,4,0,0.038900403687348512
1283,1610,1611,4,0,0.25193064262421083
1284,1611,1612,2,0,0.19317939122484282
1285,1612,1613,5,0,0.041025804098379769
1286,1613,1614,1,1,0.11455504133470362
1287,1615,1616,1,1,0.32689433837081505
1288,1616,1617,3,1,0.33935888465249964
1289,1617,1618,4,0,0.21345989131173321
1290,1618,1619,5,0,0.044134495414712947
1291,1619,1620,3,1,0.079301351620321231
1292,1620,1621,4,0,0.19233018334167226
1293,1621,1622,4,0,0.038025728441594679
1294,1622,1623,2,0,0.067537394549055593
1295,1623,1624,4,0,0.11635462114253202
1296,1624,1625,1,0,0.087244741783238003
1297,1625,1626,3,1,0.65359071635901944
1298,1627,1628,1,1,0.20903507227669935
1299,1628,1629,5,0,0.79125069166670703
1300,1629,1630,2,0,0.2602935267962419
1301,1630,1631,4,0,0.071821727616308687
1302,1632,1633,2,0,0
1303,1633,1634,5,0,0.15671482695403499
1304,1635,1636,1,0,0.15182113823770715
1305,1636,1637,1,0,0.13483903495741006
1306,1638,1639,4,1,0.61826961851061824
1307,1639,1640,5,0,0.23103715457511026
1308,1640,1641,5,0,0.24295972304184182
1309,1641,1642,4,0,0.31957918420052778
1310,1642,1643,2,1,0.28195374292769659
1311,1643,1644,1,0,0.12785861927968425
1312,1644,1645,5,1,0.52683494260786878
1313,1645,1646,5,1,0.20710009743351873
1314,1646,1647,5,1,0.62959259179235894
1315,1647,1648,1,0,0.15523025891973238
1316,1648,1649,2,0,0.028595046391905899
1317,1650,1651,4,0,0.037756271668704315
1318,1651,1652,1,0,0.20779119154302517
1319,1652,1653,1,0,0.2311645038130456
1320,1653,1654,4,1,0.36219018519825047
1321,1655,1656,5,0,0.039453019099554149
1322,1656,1657,5,1,0.094819332838186179
1323,1657,1658,4,0,0.14191665439425799
1324,1658,1659,1,0,0.07849120338388707
1325,1660,1661,4,0,0.49226118961597909
1326,1661,1662,5,1,0.12552732037694139
1327,1663,1664,1,1,0.19640034974239687
1328,1665,1666,5,0,0.26781801835960606
1329,1666,1667,1,0,0.76798998605242219
1330,1667,1668,4,1,0.45695411595411523
1331,1668,1669,2,0,0.11479460841347865
1332,1669,1670,5,0,0.26262651540687532
1333,1671,1672,5,0,0.079109716688178622
1334,1672,1673,1,0,0.082177026787869104
1335,1673,1674,1,0,0.18797651754591391
1336,1676,1677,3,0,0.12523473020062198
1337,1677,1678,1,0,0.16793266727876136
1338,1679,1680,1,0,0.278627359375204
1339,1680,1681,1,1,0.074531114563963288
1340,1681,1682,2,0,0.036819700880272803
1341,1682,1683,5,0,0.04086538031302861
1342,1683,1684,5,0,0.17823264889743298
1343,1685,1686,2,0,0.22787535545267429
1344,1686,1687,3,0,0.040602561169728497
1345,1687,1688,2,0,0
1346,1688,1689,4,0,0.19687874563058871
1347,1690,1691,1,0,0.16283950110820195
1348,1691,1692,1,0,0.12872365034358232
1349,1692,1693,2,0,0.1132376437332125
1350,1693,1694,4,0,0.10437928700902337
1351,1694,1695,1,1,0.040232653130343743
1352,1695,1696,2,0,0.26069549166343448
1353,1696,1697,3,1,0.29795376039013094
1354,1697,1698,1,0,0.029246374026964245
1355,1698,1699,4,0,0.1888105166783049
1356,1699,1700,1,0,0.16073942245671699
1357,1700,1701,1,0,0.15214908027267277
1358,1701,1702,5,0,0.025973862073087328
1359,1703,1704,5,0,0.081508556100600857
1360,1704,1705,2,0,0.033875172619756297
1361,1708,1709,4,0,0.074994626341516712
1362,1709,1710,4,0,0
1363,1710,1711,5,1,0.19109530505550876
1364,1711,1712,3,0,0.11644778571920318
1365,1712,1713,1,1,0.52118205367779291
1366,1713,1714,1,0,0
1367,1714,1715,1,0,0.12344223187459577
1368,1715,1716,3,0,0.15504111591020017
1369,1716,1717,4,0,0.12506255226451113
1370,1717,1718,4,1,0.37639169106034287
1371,1718,1719,2,0,0.11976901245925731
1372,1719,1720,2,1,0.40818259155440295
1373,1720,1721,4,0,0.031432314934432957
1374,1721,1722,4,0,0.34985676802186672
1375,1722,1723,2,1,0.53093532448913694
1376,1724,1725,2,0,0.036253328981986258
1377,1725,1726,1,0,0.037869324021856034
1378,1726,1727,3,0,0.49707665463619244
1379,1727,1728,4,1,0.36666172167870603
1380,1728,1729,1,0,0.17001773190252634
1381,1729,1730,4,0,0.73077345295668772
1382,1730,1731,1,1,0.037561030325024329
1383,1731,1732,4,1,0.07658460607535561
1384,1732,1733,5,0,0.098107326071143336
1385,1733,1734,4,0,0.074826919996869704
1386,1735,1736,4,0,0
1387,1736,1737,4,1,0.6716012318615443
1388,1738,1739,3,1,0.17949052659347997
1389,1739,1740,4,0,0.36312401309629
1390,1740,1741,4,1,0.15566855336279625
1391,1741,1742,2,0,0.11604969249835767
1392,1742,1743,1,0,0.1073379998789117
1393,1744,1745,2,0,0.19736861630437894
1394,1745,1746,2,0,0.087795920695359839
1395,1746,1747,1,0,0.14512732907927825
1396,1747,1748,4,0,0.20243455039255309
1397,1748,1749,2,0,0.036166083614080344
1398,1749,1750,1,0,0
1399,1750,1751,4,0,0.10878063193426224
1400,1751,1752,4,1,0.78997736047081879
1401,1752,1753,2,0,0
1402,1754,1755,1,0,0.19736745099891365
1403,1756,1757,3,0,0.11878098316983783
1404,1760,1761,3,0,0.32554349644773256
1405,1761,1762,2,0,0.11259660720201108
1406,1762,1763,1,0,0.058926517442135784
1407,1763,1764,4,0,0.10013717446261428
1408,1764,1765,4,0,0.65037260138691999
1409,1765,1766,5,1,0.11154535058601053
1410,1766,1767,2,1,0.77074019406683592
1411,1767,1768,3,0,0.083967129559533324
1412,1769,1770,2,1,0.21532730847445528
1413,1770,1771,4,0,0.039338029291607408
1414,1771,1772,3,0,0.033976939700259189
1415,1772,1773,2,0,0.073184801941168415
1416,1774,1775,4,0,0.1742767709052736
1417,1775,1776,3,1,0.67113507512177517
1418,1776,1777,3,0,0.24117145191452499
1419,1777,1778,3,1,0.10385937278205737
1420,1778,1779,3,0,0.22256288920305503
1421,1779,1780,2,0,0.11104897409453791
1422,1780,1781,3,0,0.033242041336023868
1423,1781,1782,1,0,0.075819747834334844
1424,1782,1783,2,0,0.37821168176369901
1425,1783,1784,4,0,0.11654686362846016
1426,1785,1786,4,1,0.18531634051234552
1427,1786,1787,1,1,0.69216575478962494
1428,1787,1788,1,0,0.12309660776506426
1429,1789,1790,4,0,0.16767315638092264
1430,1790,1791,1,0,0.11605603188715218
1431,1791,1792,3,0,0.047162960835184432
1432,1792,1793,5,0,0
1433,1793,1794,2,0,0.15013246988982953
1434,1796,1797,5,0,0.068075805174349593
1435,1797,1798,3,0,0.050549876232641316
1436,1798,1799,2,0,0.034454491130289304
1437,1799,1800,2,0,0.11434859984321785
1438,1800,1801,1,1,0.2316982807114861
1439,1801,1802,1,0,0.32527735254881607
1440,1802,1803,2,0,0.27304461796759555
1441,1803,1804,2,0,0.047481735970304001
1442,1804,1805,2,1,0.075803874376123778
1443,1805,1806,5,0,0
1444,1806,1807,5,0,0.095543528028709551
1445,1807,1808,1,0,0.089206195363770793
1446,1808,1809,5,0,0.081536098214569308
1447,1809,1810,3,0,0.041967396898933501
1448,1810,1811,4,0,0.038363622568130112
1449,1811,1812,3,0,0.26321318574577751
1450,1812,1813,2,1,0.031501369270608981
1451,1814,1815,4,0,0.03217580725703633
1452,1815,1816,1,0,0.076789458753821441
1453,1816,1817,4,0,0.30043002886397141
1454,1818,1819,5,0,0
1455,1819,1820,1,0,0.078494581148094142
1456,1820,1821,2,1,0.22216956632914023
1457,1822,1823,1,0,0.11700720765007185
1458,1823,1824,3,0,0.12960705224712993
1459,1824,1825,5,0,0.33148313805522517
1460,1826,1827,5,1,0.20260548147361188
1461,1827,1828,3,0,0.23537473250136706
1462,1828,1829,4,0,0.037585818742833885
1463,1829,1830,1,0,0.16171997422508869
1464,1831,1832,5,0,0
1465,1832,1833,5,0,0.27741917696044277
1466,1833,1834,5,0,0.14980870045079428
1467,1834,1835,3,0,0.12053791997089669
1468,1836,1837,3,0,0.072547612483517099
1469,1838,1839,2,0,0.042275778300066826
1470,1839,1840,5,1,0.47233565248615872
1471,1841,1842,2,1,0.10880651135320518
1472,1842,1843,5,0,0.20093603640647617
1473,1845,1846,2,1,0.28852211153185803
1474,1846,1847,1,0,0.22090259114854124
1475,1847,1848,5,1,0.49398995194663242
1476,1848,1849,4,0,0.23271003395229015
1477,1849,1850,4,1,0.32430811134524729
1478,1850,1851,1,0,0.17769944491246081
1479,1851,1852,1,0,0.079543277268512264
1480,1852,1853,2,0,0
1481,1853,1854,1,0,0.071700952661604797
1482,1854,1855,2,0,0.1014628424853149
1483,1855,1856,5,0,0.28063718857120323
1484,1856,1857,5,0,0.10256635200760331
1485,1857,1858,4,0,0.16043608636192594
1486,1858,1859,2,0,0.066783150984486991
1487,1859,1860,3,0,0.36205388918372988
1488,1861,1862,2,1,0.52105424635863162
1489,1862,1863,5,0,0.26994321361521006
1490,1863,1864,3,0,0.23973205382426899
1491,1864,1865,4,0,0.09102724742484572
1492,1865,1866,1,0,0.1203447583127077
1493,1866,1867,3,0,0.17883000830552429
1494,1867,1868,3,0,0.35490891191143414
1495,1868,1869,1,1,0.71869136001763634
1496,1869,1870,5,1,0.65358974845106965
1497,1870,1871,5,0,0.20377023960024554
1498,1871,1872,1,0,0.072231032478775492
1499,1872,1873,5,0,0.1544601523929458
1500,1873,1874,5,0,0.072700803626696772
1501,1874,1875,4,1,0.071054662126884174
1502,1875,1876,4,0,0.15035011883685076
1503,1876,1877,5,0,0.12039763961811799
1504,1877,1878,3,0,0.086782410649835412
1505,1878,1879,2,0,0.082305003501212448
1506,1879,1880,5,1,0.88313052551082138
1507,1880,1881,2,0,0.11463151225759098
1508,1881,1882,4,1,0.53121201799934126
1509,1882,1883,2,0,0.075556129020800014
1510,1883,1884,5,0,0.10999492051878537
1511,1884,1885,4,1,0.11981244940990074
1512,1885,1886,2,0,0.071017700609851325
1513,1886,1887,1,0,0.034733446705438285
1514,1887,1888,5,0,0.079107883605911936
1515,1889,1890,4,1,0.15993155123627004
1516,1890,1891,4,0,0.16367731184442197
1517,1891,1892,1,0,0.19343563500704111
1518,1892,1893,2,0,0.16810487496689963
1519,1893,1894,2,1,0.16361454488892285
1520,1895,1896,1,0,0.20327875474022403
1521,1896,1897,1,0,0.070300037135877735
1522,1897,1898,4,0,0.037498745336154909
1523,1898,1899,3,0,0.12390287804155591
1524,1899,1900,5,0,0.22639487236022277
1525,1900,1901,2,0,0.10515259341708436
1526,1901,1902,4,0,0.25607765148099881
1527,1903,1904,4,0,0.044044615104981415
1528,1904,1905,4,0,0.16517019959157558
1529,1905,1906,3,0,0
1530,1906,1907,5,0,0.070034914929715544
1531,1907,1908,3,0,0.19087964483297018
1532,1908,1909,5,0,0.88621265400251847
1533,1909,1910,2,0,0.14822000632019963
1534,1910,1911,3,1,0.051811641311324673
1535,1912,1913,3,0,0.34305369138407837
1536,1913,1914,3,0,0.076531632194642957
1537,1914,1915,5,0,0.071232330414122927
1538,1915,1916,5,0,0.043820777866355458
1539,1916,1917,3,0,0.087792659612699553
1540,1917,1918,4,0,0.076900545088308417
1541,1918,1919,2,0,0.08156316994105263
1542,1919,1920,5,0,0.2290195596878474
1543,1920,1921,2,1,0.16283681072384734
1544,1921,1922,4,0,0.18642655239356806
1545,1922,1923,1,1,0.19147983347901809
1546,1923,1924,5,0,0
1547,1924,1925,4,1,0.03744004191916641
1548,1925,1926,4,0,0
1549,1926,1927,4,0,0.15319993393132425
1550,1927,1928,3,0,0.20073657116670279
1551,1928,1929,3,0,0.15635396840754223
1552,1929,1930,5,0,0.032437445525482736
1553,1930,1931,1,0,0.15024984996531313
1554,1931,1932,4,1,0.31993745597746082
1555,1934,1935,1,1,0.15504136639573449
1556,1936,1937,5,1,0.4448899616573363
1557,1937,1938,4,1,0.150144423943747
1558,1938,1939,5,0,0.029707480488470283
1559,1939,1940,5,0,0.087342735545409833
1560,1940,1941,3,0,0.13124573064580269
1561,1941,1942,2,0,0.095465982043852843
1562,1943,1944,3,0,0.15606156164735499
1563,1944,1945,3,1,0.59688463542636561
1564,1945,1946,5,1,0.22909023823976229
1565,1946,1947,1,0,0
1566,1947,1948,4,0,0.044072747897174212
1567,1948,1949,5,0,0.19244253748040085
1568,1950,1951,1,0,0.15122012437322924
1569,1952,1953,4,0,0.18526583654698014
1570,1953,1954,2,1,0.13961468820354597
1571,1954,1955,4,0,0.20044977284593907
1572,1955,1956,1,0,0.64742801717386356
1573,1957,1958,1,0,0.11930891651040637
1574,1958,1959,3,0,0.15730848092605071
1575,1959,1960,1,0,0.15537363449647498
1576,1962,1963,1,0,0.036275569511440633
1577,1963,1964,2,0,0.10690459950695778
1578,1964,1965,4,1,1
1579,1965,1966,4,0,0.20430056908694999
1580,1967,1968,3,0,0.041032574806209268
1581,1968,1969,5,1,0.6358740694680084
1582,1969,1970,1,0,0.36872018755881164
1583,1970,1971,3,0,0.26962869175134679
1584,1971,1972,3,1,0.52724586604698997
1585,1973,1974,3,0,0.16261791766038394
1586,1974,1975,2,1,0.39803933567836464
1587,1975,1976,4,0,0.079236769074694874
1588,1977,1978,4,0,0.073594922179039596
1589,1979,1980,4,1,0.10784542233977613
1590,1980,1981,1,1,1
1591,1982,1983,4,0,0.12238819668655058
1592,1983,1984,2,1,0
1593,1984,1985,4,0,0.08322359886365939
1594,1985,1986,3,1,0.35345148245320906
1595,1986,1987,5,0,0.119737122877469
1596,1987,1988,4,0,0.6747617599999105
1597,1990,1991,4,0,0.18837370592478725
1598,1991,1992,5,1,0.61133197228189939
1599,1992,1993,1,0,0.32391902556231794
1600,1993,1994,5,0,0
1601,1995,1996,5,0,0.16911198841575034
1602,1996,1997,2,0,0.033305675642281415
1603,1997,1998,3,0,0.25776863343933321
1604,1998,1999,5,0,0.11854959457493536
1605,1999,2000,5,0,0.11732099329680744
1606,2000,2001,3,1,0.2913903244231924
1607,2001,2002,2,0,0.28543387777266177
1608,2002,2003,3,0,0.083638242151597181
1609,2004,2005,1,0,0
1610,2005,2006,5,0,0.073517791736402271
1611,2006,2007,3,0,0.08923530440816263
1612,2007,2008,1,0,0.28702253081987783
1613,2009,2010,3,0,0.26303907219311429
1614,2010,2011,1,0,0.20001579770504072
1615,2011,2012,1,0,0.077955255781732014
1616,2012,2013,4,1,0.53339017290030633
1617,2013,2014,1,0,0.2300907226719475
1618,2014,2015,4,0,0.16890753514647008
1619,2016,2017,3,1,0.50453187457404669
1620,2017,2018,3,1,0.13943936003156651
1621,2018,2019,5,0,0.10359925952894923
1622,2019,2020,2,1,0.66912894901905307
1623,2020,2021,4,0,0.07150993502143474
1624,2021,2022,5,0,0.060143069387095065
1625,2022,2023,3,0,0.158993640854421
1626,2024,2025,5,0,0.18785860221556158
1627,2025,2026,1,1,0.793430917185315
1628,2026,2027,1,0,0.19410454452893636
1629,2027,2028,3,0,0.14784157657182306
1630,2028,2029,4,1,0.19483471335663022
1631,2029,2030,2,1,0.54603453937116786
1632,2031,2032,3,0,0.15931667681270961
1633,2032,2033,5,0,0
1634,2033,2034,4,0,0.14896233725956556
1635,2035,2036,1,0,0.078036674893572869
1636,2037,2038,1,0,0
1637,2038,2039,5,0,0.27153845022394574
1638,2039,2040,5,0,0.085620078780297454
1639,2040,2041,1,0,0.25974284707507073
1640,2041,2042,2,0,0.18648701840391937
1641,2042,2043,5,0,0.17227692211192641
1642,2043,2044,4,1,0.13983156973611469
1643,2044,2045,2,0,0.14790323948276971
1644,2046,2047,2,0,0.30460933965841114
1645,2047,2048,3,0,0.035391049641118104
1646,2048,2049,1,0,0.13690034297607082
1647,2049,2050,4,0,0.099913783790703398
1648,2050,2051,2,0,0.72534370532285086
1649,2051,2052,1,0,0.67812926967033793
1650,2053,2054,3,0,0.63813651922717551
1651,2055,2056,4,1,0.3224280322147729
1652,2056,2057,3,1,0.31254335726447735
1653,2057,2058,3,0,0.18037052185711241
1654,2058,2059,3,0,0.57134617312587865
1655,2059,2060,3,0,0
1656,2060,2061,3,0,0.24032412789750451
1657,2061,2062,1,0,0.1500912453029383
1658,2062,2063,4,0,0.062131915417063775
1659,2063,2064,4,0,0.08373083690401488
1660,2064,2065,3,1,0
1661,2065,2066,5,0,0.12011592549978073
1662,2066,2067,2,0,0.22956329237423609
1663,2067,2068,4,0,0.18035977064236075
1664,2068,2069,3,1,0.15928618305046774
1665,2069,2070,5,0,0.13476041475398978
1666,2071,2072,5,0,0.69883545615572407
1667,2072,2073,1,0,0.073238247255326266
1668,2074,2075,4,0,0.039460312882635372
1669,2075,2076,5,0,0.16996008788704459
1670,2077,2078,4,1,0.57412332524644838
1671,2078,2079,5,0,0.15561983253857548
1672,2083,2084,3,0,0.16311774930933026
1673,2084,2085,4,0,0.089875811073646755
1674,2086,2087,5,1,0.6528513690778579
1675,2087,2088,3,0,0.200192762646352
1676,2088,2089,5,0,0.32130828293266994
1677,2089,2090,4,1,0.79003256308509651
1678,2093,2094,1,0,0.36441883707018691
1679,2094,2095,5,0,0.70600438580038738
1680,2095,2096,3,0,0.12738467144128879
1681,2096,2097,5,1,0.69794758884789343
1682,2097,2098,1,0,0
1683,2098,2099,5,0,0.11413046200494474
1684,2099,2100,3,1,0.77287015944966508
1685,2100,2101,2,0,0
1686,2102,2103,4,1,0.70059807446852285
1687,2104,2105,2,0,0.10019747527278722
1688,2105,2106,4,1,0.50582691215686304
1689,2106,2107,5,0,0.11894586779198449
1690,2107,2108,3,0,0.25180276731580004
1691,2108,2109,3,0,0.75402440281083849
1692,2110,2111,1,0,0.22029579138099578
1693,2111,2112,1,1,0.39074906741880794
1694,2112,2113,1,0,0.15115493941917715
1695,2114,2115,1,1,0.79404752350206864
1696,2115,2116,5,0,0.17331854143906447
1697,2117,2118,1,1,0.39831385274296061
1698,2118,2119,4,0,0.49561088780388024
1699,2119,2120,2,0,0.043768140910706993
1700,2120,2121,1,0,0.081713862010441757
1701,2121,2122,4,0,0.5099291082218963
1702,2122,2123,2,0,0.55429318757069101
1703,2123,2124,1,0,0.031440719155696677
1704,2124,2125,2,1,0.1203737062233457
1705,2125,2126,5,0,0.037084556166756516
1706,2126,2127,4,0,0.42496989209091623
1707,2127,2128,4,0,0.61412902566521721
1708,2128,2129,4,1,0.10790244070249493
1709,2129,2130,2,0,0.035249122524291195
1710,2130,2131,3,1,0.68853998678921369
1711,2131,2132,5,0,0.2012418035380287
1712,2132,2133,1,0,0.37430245740659107
1713,2134,2135,3,1,0.88663078551914631
1714,2135,2136,2,0,0.11593622588606416
1715,2136,2137,2,0,0.48720188319256302
1716,2137,2138,5,0,0
1717,2138,2139,2,0,0.18361740055671932
1718,2140,2141,3,0,0.48549283890206463
1719,2142,2143,3,1,0.60188949184905238
1720,2143,2144,5,1,0.74283640655380123
1721,2144,2145,2,1,0.72060516944359065
1722,2145,2146,1,0,0.15952779315846527
1723,2146,2147,4,0,0.11720890908864001
1724,2147,2148,5,0,0.3184927768785511
1725,2148,2149,4,1,0.60659340168433074
1726,2149,2150,5,0,0.086346411922212707
1727,2152,2153,5,0,0.31018446102557423
1728,2153,2154,3,0,0.12176575426243599
1729,2157,2158,2,0,0
1730,2158,2159,5,0,0.14160310588973499
1731,2160,2161,3,0,0.1778675762634713
1732,2161,2162,4,0,0.15457646164342137
1733,2162,2163,1,0,0.076675836175769813
1734,2163,2164,2,0,0.17600967441057327
1735,2164,2165,1,0,0.038295714452150971
1736,2165,2166,4,0,0.20419815169266647
1737,2166,2167,1,0,0.08230340013986942
1738,2167,2168,1,1,0.72937467076875873
1739,2168,2169,5,0,0.57205230801565232
1740,2169,2170,3,0,0.36746642615151831
1741,2172,2173,3,0,0.21398283637551921
1742,2173,2174,3,0,0.16178314240505068
1743,2174,2175,1,0,0.1109702044982083
1744,2176,2177,4,0,0.068729349266129058
1745,2177,2178,2,0,0.037859153068479617
1746,2178,2179,2,0,0
1747,2179,2180,1,0,0.034173431858874483
1748,2180,2181,1,0,0
1749,2181,2182,3,0,0.079790548128354635
1750,2182,2183,1,0,0.12913858841060918
1751,2184,2185,1,0,0.29898455746258407
1752,2185,2186,4,0,0
1753,2186,2187,3,1,0.2337285867023042
1754,2188,2189,2,0,0.14131256198028683
1755,2189,2190,2,0,0.20107949389613378
1756,2190,2191,4,0,0.21317256731050152
1757,2191,2192,4,0,0.16514973330510077
1758,2192,2193,3,0,0.14550683985067139
1759,2193,2194,4,0,0.12129942267995328
1760,2195,2196,4,0,0.41944369187411829
1761,2196,2197,2,0,0.082095184279018713
1762,2197,2198,4,0,0.26028420240888056
1763,2198,2199,5,0,0.09146049615651651
1764,2199,2200,5,1,0.15987375380087324
1765,2201,2202,4,0,0.067604285677417247
1766,2202,2203,3,0,0.04448672506341797
1767,2204,2205,2,0,0.23474105764822054
1768,2205,2206,3,0,0.11918527783018491
1769,2207,2208,5,1,0.23731705444123433
1770,2208,2209,5,0,0.37107183726659831
1771,2209,2210,5,0,0.10257446562593633
1772,2210,2211,4,0,0.11748253261410822
1773,2211,2212,1,0,0.22947461799014682
1774,2212,2213,5,0,0.29242808452773583
1775,2216,2217,1,0,0.11488663442825607
1776,2217,2218,3,1,0.070179677718158612
1777,2218,2219,1,1,0.9222393182970966
1778,2220,2221,2,1,0.074781262553494682
1779,2221,2222,5,0,0.28602589877350332
1780,2222,2223,5,0,0.14954605481241712
1781,2223,2224,2,0,0.11161982264016125
1782,2224,2225,4,0,0.075816416970070577
1783,2226,2227,2,1,0.11526445750582644
1784,2227,2228,3,0,0.2922505669759749
1785,2229,2230,3,0,0.18874229398911524
1786,2230,2231,2,0,0.26680582208401171
1787,2231,2232,3,1,0.36204809678335803
1788,2232,2233,5,0,0.04226720347438976
1789,2233,2234,2,0,0.14794849460187684
1790,2234,2235,1,0,0.53471936519856345
1791,2235,2236,4,0,0.15994430637327448
1792,2236,2237,2,0,0.12856240123048165
1793,2238,2239,3,0,0.17143532392425845
1794,2239,2240,5,0,0.12567875324150124
1795,2241,2242,3,1,0.65970076952764212
1796,2242,2243,5,0,0.56369793387691824
1797,2244,2245,4,0,0
1798,2248,2249,4,1,0.22544384828057831
1799,2249,2250,4,1,0.037177270699396227
1800,2250,2251,5,0,0.21464041833201283
1801,2252,2253,2,0,0.11927274524934278
1802,2256,2257,3,1,0.43592483505880397
1803,2257,2258,5,0,0.069961140058347734
1804,2258,2259,3,0,0.036640442721753208
1805,2259,2260,1,0,0.21846377562193381
1806,2260,2261,4,0,0.13916466851617026
1807,2262,2263,3,0,0.16075038492166779
1808,2263,2264,2,0,0.11188638606215442
1809,2264,2265,5,0,0.12603565540554568
1810,2265,2266,3,1,0.10364974060433504
1811,2266,2267,2,0,0.03593750056537489
1812,2269,2270,3,0,0.4105789134668334
1813,2271,2272,3,0,0.4338361456555605
1814,2272,2273,3,0,0.11197714733124273
1815,2273,2274,4,0,0.079310232807283734
1816,2275,2276,1,0,0.23528297640927018
1817,2276,2277,1,0,0.077968474463869702
1818,2277,2278,5,0,0.21671098217973217
1819,2278,2279,2,1,0.72770914632695582
1820,2279,2280,2,0,0.1982112548574545
1821,2280,2281,2,0,0.066267160580609177
1822,2281,2282,1,0,0.076692467642914819
1823,2282,2283,5,0,0.064708466195305209
1824,2283,2284,5,0,0.25637331257619655
1825,2285,2286,1,0,0.13359722084802123
1826,2286,2287,1,0,0.59772039072586547
1827,2287,2288,4,0,0.12833878662707707
1828,2288,2289,2,0,0.32809072496878583
1829,2289,2290,3,1,0.20793896629334757
1830,2290,2291,5,0,0.25484002732920574
1831,2292,2293,5,1,0.80219994125413663
1832,2293,2294,1,0,0.36416410258837761
1833,2294,2295,3,1,0.39244173683442812
1834,2295,2296,2,0,0.31548856327345121
1835,2296,2297,1,0,0
1836,2297,2298,1,1,0.19165156937520195
1837,2298,2299,1,0,0
1838,2299,2300,4,0,0.15825592707827349
1839,2301,2302,4,1,0.084965757538981154
1840,2302,2303,1,0,0.20690253038267284
1841,2303,2304,1,1,0.49236272379544899
1842,2304,2305,1,0,0.21324124105179268
1843,2305,2306,4,0,0.064521709028816182
1844,2307,2308,1,0,0.15568567808905429
1845,2308,2309,3,0,0.32369900175497446
1846,2309,2310,2,0,0.18859020282023534
1847,2311,2312,4,0,0.170058643812977
1848,2312,2313,3,0,0.38900394279395661
1849,2313,2314,2,0,0.031009267034688728
1850,2315,2316,2,0,0.032530511326027439
1851,2316,2317,1,0,0.24101733782601417
1852,2318,2319,3,1,0.10368067394573489
1853,2319,2320,1,0,0.32321647807184556
1854,2320,2321,2,0,0.23985514321387547
1855,2322,2323,3,0,0.12694594866736295
1856,2323,2324,2,0,0.18803659885703461
1857,2324,2325,1,1,0.58884359301682665
1858,2326,2327,5,0,0.20465907832690355
1859,2327,2328,1,0,0.15837859022016593
1860,2328,2329,3,0,0.093750207657165532
1861,2330,2331,4,0,0.032183558355631955
1862,2331,2332,5,1,0.11751302455205197
1863,2332,2333,4,0,0.67242462472484055
1864,2334,2335,2,0,0.031370443813921671
1865,2336,2337,3,1,0.082485580303618675
1866,2337,2338,3,0,0.035496834917776152
1867,2338,2339,5,0,0.039027473772046219
1868,2339,2340,3,0,0
1869,2340,2341,4,0,0.39292686248383102
1870,2341,2342,5,0,0.26841422962254569
1871,2342,2343,4,0,0.10995651670642893
1872,2343,2344,4,0,0.1570618186189249
1873,2344,2345,5,0,0.13413457978258386
1874,2345,2346,3,0,0.1880905718730658
1875,2346,2347,1,0,0.11295666020416219
1876,2347,2348,2,1,0
1877,2348,2349,4,0,0.46287586128955166
1878,2349,2350,4,1,0.15319263942967243
1879,2350,2351,4,0,0.02635764796959127
1880,2351,2352,4,0,0.15309105673250517
1881,2352,2353,3,1,0.35548679960063356
1882,2354,2355,3,0,0.12380915698268451
1883,2355,2356,2,0,0.047288326551792728
1884,2356,2357,4,1,0.1203158389892338
1885,2357,2358,2,0,0.12237644991509151
1886,2358,2359,1,0,0.079683533510615023
1887,2359,2360,1,0,0.037588073377846691
1888,2361,2362,3,0,0.1223184020836592
1889,2362,2363,3,0,0.41740102312713334
1890,2363,2364,4,1,0.16365046115538892
1891,2364,2365,5,0,0
1892,2365,2366,2,1,0.48187362818305385
1893,2367,2368,4,0,0
1894,2371,2372,4,0,0.043144974581376845
1895,2372,2373,1,0,0.15023621200287254
1896,2373,2374,5,0,0
1897,2375,2376,5,1,0.83292081637412962
1898,2376,2377,2,0,0.1821656838674007
1899,2377,2378,5,1,0.3215589681291301
1900,2378,2379,2,1,0.28289172460496365
1901,2379,2380,1,0,0.035090544324200348
1902,2380,2381,1,0,0.084388698929733011
1903,2382,2383,4,0,0.082258702046845725
1904,2383,2384,5,0,0.29531811215505804
1905,2384,2385,5,0,0.20251438806787947
1906,2385,2386,1,0,0.035319973563572117
1907,2387,2388,4,0,0.035180601289231082
1908,2388,2389,5,0,0.11508040144600666
1909,2389,2390,2,0,0.43291100632792062
1910,2391,2392,5,0,0.072796066840281975
1911,2392,2393,3,1,0.76102843283859589
1912,2393,2394,1,0,0.21451465473594544
1913,2394,2395,4,0,0.23485582261534887
1914,2396,2397,4,0,0.42113075885629253
1915,2397,2398,1,0,0.16769863723420794
1916,2398,2399,1,0,0.23802956985631263
1917,2399,2400,1,0,0.040036763999677712
1918,2400,2401,1,0,0.12212338071861255
1919,2402,2403,3,0,0.3397925707923975
1920,2404,2405,2,0,0.11826756236372683
1921,2405,2406,2,1,0.90347533122787527
1922,2406,2407,2,0,0.21921117255818323
1923,2407,2408,3,1,0.40380908834145712
1924,2408,2409,5,0,0.039874485959418227
1925,2409,2410,4,0,0.027330796256959253
1926,2410,2411,5,0,0.066303015314871649
1927,2411,2412,1,0,0.074572948205957917
1928,2412,2413,3,1,0.65370099389121383
1929,2413,2414,4,0,0.157503897114953
1930,2414,2415,4,1,0.20815782022356477
1931,2415,2416,2,0,0.32000516483168423
1932,2416,2417,2,0,0.083795960475638878
1933,2419,2420,5,0,0
1934,2420,2421,3,0,0.47512591669696064
1935,2423,2424,5,0,0.18470820769529736
1936,2424,2425,5,0,0
1937,2427,2428,5,1,0.50310219447994664
1938,2428,2429,2,0,0.040473652331440499
1939,2429,2430,2,1,0.2627856089488389
1940,2431,2432,4,0,0.43879656347137819
1941,2433,2434,5,0,0.18157773876756425
1942,2434,2435,3,1,0.61660103318096415
1943,2435,2436,4,1,0.31821020439172276
1944,2436,2437,5,1,0.59422594407565665
1945,2437,2438,5,1,0.65088268684142814
1946,2438,2439,1,0,0.15025067411905502
1947,2439,2440,3,0,0.039660169314594151
1948,2440,2441,1,0,0.16015290287645453
1949,2441,2442,2,1,0.1924387210547312
1950,2445,2446,5,1,0.11812264484888227
1951,2446,2447,3,0,0.11383394991148391
1952,2447,2448,4,1,0.75498536338678202
1953,2448,2449,1,0,0
1954,2449,2450,1,1,0.49779422960698799
1955,2450,2451,1,1,0.064693193696341508
1956,2451,2452,1,0,0.057213735564295216
1957,2452,2453,4,0,0.17017461345123203
1958,2455,2456,2,0,0.23540106388762402
1959,2456,2457,3,0,0.04114818136723928
1960,2458,2459,5,0,0.58103452218526597
1961,2459,2460,1,0,0.13378184737602475
1962,2461,2462,2,1,0.66200065059115198
1963,2462,2463,1,1,0.61913675100421572
1964,2463,2464,1,1,0.55816547273066464
1965,2464,2465,5,1,0.22427906974161355
1966,2466,2467,5,1,0.13265737408684442
1967,2467,2468,3,0,0.092620057202100162
1968,2468,2469,4,0,0.028667358246190079
1969,2469,2470,5,0,0.16382951149560199
1970,2472,2473,5,0,0.061880843133964504
1971,2474,2475,1,0,0.087105714878548943
1972,2475,2476,3,0,0.23729738833001049
1973,2476,2477,5,0,0.10572857680423518
1974,2477,2478,3,0,0.11908950509887556
1975,2480,2481,2,1,0.32326445975541257
1976,2482,2483,2,1,0.22477692755085887
1977,2483,2484,3,1,0.10753063232293622
1978,2485,2486,3,0,0.15868888763066799
1979,2486,2487,2,0,0.076667645459594438
1980,2487,2488,4,1,0.19725960775512261
1981,2488,2489,1,1,0.79452694739481411
1982,2490,2491,3,0,0.074586260267205509
1983,2491,2492,5,1,0.15157239965237593
1984,2492,2493,1,0,0.11567315661474381
1985,2495,2496,1,0,0.12259030704765303
1986,2496,2497,4,0,0.035870543898166178
1987,2498,2499,5,1,0.15452712465316235
1988,2499,2500,4,0,0.076552798832328975
1989,2500,2501,1,1,0
1990,2501,2502,4,0,0
1991,2502,2503,4,0,0.10571651342727352
1992,2504,2505,5,0,0.11645643253800916
1993,2505,2506,1,0,0.2467923242467899
1994,2506,2507,3,1,0.14077550559621016
1995,2507,2508,4,1,0.3281557630529659
1996,2509,2510,4,1,0.80512072045965088
1997,2510,2511,1,1,0.71542307663423166
1998,2511,2512,3,1,0.043480467163020856
1999,2512,2513,5,1,0.03813179993768042
2000,2513,2514,4,0,0.4382189278846006
2001,2514,2515,2,0,0.051836689670953971
2002,2515,2516,2,0,0.2327337336644168
2003,2516,2517,4,0,0.12866523345855785
2004,2517,2518,5,0,0.045166061311203404
2005,2518,2519,3,0,0.035385875890347529
2006,2519,2520,2,0,0.088577681861666438
2007,2520,2521,1,0,0.071752667560271335
2008,2521,2522,3,0,0.07782541719703967
2009,2523,2524,5,0,0.29724322377835455
2010,2525,2526,2,0,0.2660774732686601
2011,2526,2527,3,0,0.41689899529497687
2012,2527,2528,2,0,0.50382043881539185
2013,2528,2529,2,0,0.083039993115197233
2014,2529,2530,5,0,0.18409769872856419
2015,2530,2531,1,1,0.18367278781979404
2016,2531,2532,5,1,0.28064127060160121
2017,2532,2533,5,0,0.079269095057810393
2018,2533,2534,2,0,0.12247369281511775
2019,2534,2535,4,0,0.15800928451321672
2020,2536,2537,5,1,0.028810498245306564
2021,2537,2538,3,1,0.1359626529460414
2022,2539,2540,5,0,0.29482975309516746
2023,2540,2541,4,0,0.20411359437757026
2024,2541,2542,5,1,0.67641009246060269
2025,2542,2543,2,0,0.11965952024373679
2026,2545,2546,2,1,0
2027,2546,2547,5,0,0.041116771379812581
2028,2547,2548,2,0,0.10310948846812173
2029,2548,2549,2,0,0.14511978430651851
2030,2549,2550,4,0,0.55455233857198782
2031,2550,2551,2,0,0.11275489488691212
2032,2553,2554,5,0,0.035708652096512458
2033,2554,2555,3,0,0.20231510023740815
2034,2555,2556,1,0,0.087507514854479301
2035,2556,2557,2,0,0.13115658581757156
2036,2557,2558,3,1,0.57712540856322303
2037,2558,2559,5,0,0.20174058670851877
2038,2560,2561,1,1,0.078140960154360783
2039,2561,2562,5,0,0.085880011308794732
2040,2564,2565,3,0,0.38676048143592678
2041,2566,2567,3,0,0.18359756692299525
2042,2567,2568,5,0,0.11522803586385949
2043,2569,2570,5,0,0.043748026234260037
2044,2570,2571,5,0,0.036780321603257567
2045,2571,2572,2,0,0.15154100045977181
2046,2572,2573,5,0,0.16227993669220633
2047,2574,2575,4,0,0.033060436015322082
2048,2575,2576,1,0,0.12156502362169877
2049,2576,2577,3,0,0.04056784713891734
2050,2577,2578,2,0,0.13341885491517735
2051,2578,2579,4,0,0.19900452127954266
2052,2579,2580,3,1,0.62551215814423922
2053,2580,2581,2,0,0.15254984229655708
2054,2582,2583,5,1,0.27243882158866128
2055,2583,2584,3,0,0.038404976783019636
2056,2585,2586,4,0,0.15441817661237861
2057,2586,2587,4,1,0.06777149268521418
2058,2587,2588,2,0,0.24579323380802096
2059,2588,2589,1,0,0.16659669468032093
2060,2589,2590,2,1,0.65793411471685004
2061,2591,2592,3,0,0.57208300084180808
2062,2592,2593,2,0,0.11127629325101367
2063,2594,2595,1,0,0.033127457495530886
2064,2595,2596,1,0,0.26742891866496615
2065,2596,2597,2,0,0.087392576482827763
2066,2597,2598,5,0,0.041151488586557247
2067,2598,2599,2,0,0.19973197539664816
2068,2599,2600,3,0,0.066274328083911496
2069,2600,2601,5,1,0.22919810363550527
2070,2601,2602,2,0,0.040885773860081492
2071,2602,2603,3,1,0.50715538095710755
2072,2603,2604,3,0,0.081020080995908961
2073,2605,2606,5,0,0.24079342811511392
2074,2606,2607,5,0,0.36763671625945366
2075,2608,2609,4,1,0.15869984921493968
2076,2609,2610,3,0,0
2077,2611,2612,4,0,0.20510536110646801
2078,2612,2613,2,0,0.15777208319982661
2079,2613,2614,2,0,0.54072463040228613
2080,2614,2615,5,0,0.11684002727084884
2081,2616,2617,3,1,0.23710375605406017
2082,2617,2618,5,1,0.77807702087203956
2083,2619,2620,4,1,0.14778528446011679
2084,2620,2621,4,0,0.12300692690133204
2085,2621,2622,1,0,1.3083050679026575e-06
2086,2622,2623,2,0,0.064399947423841156
2087,2623,2624,1,0,0.076094609878248287
2088,2624,2625,4,0,0.090942283263179782
2089,2625,2626,3,0,0.053834984267110954
2090,2626,2627,4,0,0.27336438880696989
2091,2627,2628,3,0,0.026148212091037199
2092,2628,2629,5,0,0.07368606978780283
2093,2629,2630,4,1,0.34885899420213889
2094,2630,2631,5,0,0.045751839286740571
2095,2632,2633,5,1,0.13175469340295884
2096,2633,2634,4,1,0.39880436417148651
2097,2635,2636,4,0,0.20903032769739568
2098,2636,2637,3,0,0.46280840316722061
2099,2637,2638,4,0,0
2100,2640,2641,3,1,0.75712985128890986
2101,2641,2642,2,1,0.72557936788407218
2102,2643,2644,3,0,0.35547213052398324
2103,2645,2646,3,0,0.31988657320815639
2104,2646,2647,1,1,0.079970722739703654
2105,2647,2648,2,1,0.18044607277111696
2106,2648,2649,4,0,0.13737357134531014
2107,2649,2650,5,0,0.03811980320530791
2108,2650,2651,3,1,0.14377227305453116
2109,2651,2652,2,1,0.35678701462465839
2110,2652,2653,4,0,0.082456250539379744
2111,2653,2654,2,0,0.18664676284155265
2112,2654,2655,1,0,0.040085499148420016
2113,2657,2658,3,0,0.35409377613296261
2114,2658,2659,2,0,0.65049673803026686
2115,2659,2660,5,0,0.61107718772613073
2116,2661,2662,3,0,0.095763783189825771
2117,2662,2663,1,0,0.12532543827318315
2118,2663,2664,1,0,0.078416015573891842
2119,2664,2665,4,1,0.082064286077729531
2120,2666,2667,2,0,0
2121,2667,2668,2,0,0.13092463200721541
2122,2668,2669,4,0,0.18902823703741511
2123,2670,2671,5,0,0.18877432389053497
2124,2672,2673,3,0,0.39009788086044145
2125,2673,2674,1,0,0.076129793227992584
2126,2675,2676,1,0,0.33226819733657265
2127,2676,2677,3,0,0.078791042651175577
2128,2677,2678,5,0,0.27715114131297586
2129,2678,2679,3,0,0.16542146894561308
2130,2679,2680,4,0,0.16381649968674464
2131,2680,2681,4,0,0.032084691815610716
2132,2681,2682,2,0,0.25068825915052212
2133,2683,2684,3,0,0.083753208591001202
2134,2684,2685,4,1,0.5364503482404851
2135,2685,2686,3,0,0.065382827443888306
2136,2687,2688,1,0,0.081151590285296268
2137,2689,2690,3,0,0.18256671306842415
2138,2690,2691,3,0,0.10924170500756702
2139,2691,2692,3,0,0
2140,2692,2693,4,0,0.10947875845257879
2141,2693,2694,2,0,0.080984480891696561
2142,2694,2695,3,0,0.37107830830021171
2143,2695,2696,4,0,0.39078899854227933
2144,2696,2697,1,0,0.07484269068247805
2145,2699,2700,5,0,0.61082406024041969
2146,2700,2701,5,0,0.07196075859948961
2147,2703,2704,5,0,0.67819931900746344
2148,2704,2705,1,0,0.27566971847450633
2149,2707,2708,3,0,0.21367083724942249
2150,2708,2709,4,0,0
2151,2713,2714,1,0,0.12777625982196172
2152,2714,2715,5,0,0.82372982884061452
2153,2715,2716,2,0,0.40942418596572105
2154,2716,2717,1,0,0
2155,2717,2718,3,0,0.35931312213029254
2156,2718,2719,5,0,0.28593373577780062
2157,2720,2721,1,0,0.27057713785318643
2158,2721,2722,2,0,0.080714937804227768
2159,2722,2723,5,1,0.57473308582444804
2160,2724,2725,4,0,0.14917817027165586
2161,2725,2726,3,0,0.42477816829623455
2162,2726,2727,2,0,0.10874320957559949
2163,2728,2729,4,0,0.30739279863745989
2164,2729,2730,5,0,0.10105884061502746
2165,2730,2731,2,0,0.53102085071763316
2166,2732,2733,5,0,0.12039309040878074
2167,2734,2735,2,0,0.075780928855035914
2168,2735,2736,5,0,0.037071725816746427
2169,2736,2737,5,0,0.27389038222427264
2170,2737,2738,5,1,0.43324733639774382
2171,2738,2739,5,0,0.077906181294118831
2172,2739,2740,5,0,0.23082071019039052
2173,2740,2741,2,0,0.15722254058211968
2174,2741,2742,1,0,0.076853119412180093
2175,2742,2743,3,0,0.042174887640791678
2176,2743,2744,5,0,0.071668071495663316
2177,2744,2745,1,0,0.075268538855986944
2178,2745,2746,2,0,0
2179,2748,2749,4,1,0.078207690694635498
2180,2749,2750,2,1,0.45109495612269762
2181,2750,2751,2,0,0.25059054909278428
2182,2752,2753,4,1,0.19684801999112914
2183,2753,2754,1,1,0.17418052205600737
2184,2754,2755,1,0,0.065527683355485963
2185,2755,2756,2,0,0.066839571188988325
2186,2756,2757,3,1,0.67329889643485941
2187,2757,2758,1,0,0.20529413601383323
2188,2759,2760,1,0,0.032769469977687399
2189,2760,2761,4,0,0.1703453913998087
2190,2761,2762,3,0,0.1877554511943629
2191,2762,2763,2,0,0.06060261624779812
2192,2763,2764,2,0,0.13140863662225244
2193,2764,2765,4,0,0.078722708487857562
2194,2765,2766,1,0,0
2195,2767,2768,2,1,0.11203959587492253
2196,2768,2769,2,0,0.064089811877224553
2197,2769,2770,4,0,0.26384075002453555
2198,2770,2771,3,0,0.63864416693623716
2199,2771,2772,2,0,0.08575442791734203
2200,2772,2773,1,1,0.84729793915014207
2201,2773,2774,5,0,0.44497780216734101
2202,2774,2775,3,0,0.078449278734948072
2203,2778,2779,2,1,0.31516675375716496
2204,2779,2780,3,0,0.072150580190334559
2205,2781,2782,2,0,0.052755706530116943
2206,2782,2783,1,0,0.078583581473240183
2207,2783,2784,2,0,0.2855659777026448
2208,2784,2785,5,1,0.40081599231549786
2209,2785,2786,2,0,0.16292409325821894
2210,2786,2787,4,0,0.28718572168499357
2211,2787,2788,1,1,0.07295114392127458
2212,2788,2789,5,0,0.36062751736215387
2213,2789,2790,1,1,0.36406402944904004
2214,2790,2791,2,1,0.20724055925848964
2215,2791,2792,3,0,0.14449463441210836
2216,2792,2793,4,0,0.19726564862068685
2217,2794,2795,4,1,0.15840707081210145
2218,2795,2796,4,1,0.50741832053452385
2219,2796,2797,5,0,0.37455997763025323
2220,2797,2798,3,0,0.068092071243310515
2221,2798,2799,5,0,0.10839452509414731
2222,2799,2800,5,0,0.22429333232796328
2223,2800,2801,2,0,0.19241291611508929
2224,2801,2802,5,1,0.42037402560009346
2225,2802,2803,4,1,0.17741466656803564
2226,2803,2804,2,0,0.03939746965435427
2227,2805,2806,4,0,0.1906283554824762
2228,2806,2807,1,0,0.20110389022974307
2229,2808,2809,5,0,0
2230,2809,2810,3,0,0.079628863357468299
2231,2810,2811,1,0,0.0669776165046196
2232,2811,2812,3,1,0.20252460063395872
2233,2812,2813,1,0,0.031926741547183737
2234,2813,2814,5,0,0.20135548860332056
2235,2814,2815,4,0,0.16105309096921297
2236,2815,2816,4,0,0.11360361115141522
2237,2817,2818,3,1,0.82780581746667481
2238,2818,2819,4,0,0.077507723358313241
2239,2819,2820,1,0,0.074887832355866768
2240,2821,2822,1,1,0.34605493890900862
2241,2822,2823,3,0,0.032763448261724747
2242,2823,2824,3,1,0.36619445333621986
2243,2824,2825,5,1,0.21724161504578268
2244,2825,2826,3,1,0.24110202839123696
2245,2828,2829,1,1,0.11495811254466703
2246,2829,2830,5,0,0.11273664840504176
2247,2830,2831,2,0,0.11024595655218003
2248,2832,2833,5,0,0.042042033835256509
2249,2834,2835,4,0,0.085038655174109912
2250,2837,2838,4,0,0.083051983305161517
2251,2838,2839,3,0,0.11141198930279007
2252,2839,2840,2,0,0
2253,2841,2842,1,0,0.16313081727941134
2254,2842,2843,4,0,0.32069666916027662
2255,2843,2844,1,0,0.59737821969970795
2256,2844,2845,3,0,0.040524368513972529
2257,2845,2846,4,0,0
2258,2846,2847,3,0,0.046637881193379985
2259,2847,2848,2,0,0.067891913554692304
2260,2848,2849,1,0,0.079945299425139241
2261,2849,2850,2,0,0.48753716189838425
2262,2850,2851,1,0,0.037156501375177349
2263,2851,2852,2,1,0.37873756423161736
2264,2852,2853,4,1,0.59821807409457128
2265,2853,2854,3,0,0.076843115576016682
2266,2855,2856,2,0,0
2267,2857,2858,4,0,0
2268,2858,2859,4,1,0.25641138590887463
2269,2860,2861,2,1,0.74567102076656033
2270,2861,2862,3,1,0.22919614079904424
2271,2862,2863,5,0,0.26962292612833733
2272,2863,2864,3,0,0.06545423726571474
2273,2864,2865,4,0,0.84905009573516377
2274,2865,2866,2,0,0.034778729324285718
2275,2867,2868,1,0,0.12110449888692879
2276,2868,2869,3,0,0.18687542358427595
2277,2869,2870,5,0,0.22920412025580283
2278,2870,2871,5,0,0.036457782530555614
2279,2871,2872,1,0,0.11434578694409077
2280,2873,2874,4,0,0.032001086104155085
2281,2874,2875,2,0,0.31247841227183504
2282,2875,2876,2,0,0.078324596009019989
2283,2876,2877,1,0,0.61257487157439339
2284,2877,2878,1,0,0.1941010267022982
2285,2878,2879,3,0,0.046789338916539441
2286,2879,2880,4,0,0.24040455468929153
2287,2880,2881,2,0,0.26536847364184213
2288,2881,2882,3,0,0.11847879590473964
2289,2882,2883,4,0,0.07643125614224458
2290,2883,2884,5,0,0.12621963492512445
2291,2886,2887,5,0,0.24148481100178226
2292,2887,2888,3,0,0.037082032613357602
2293,2888,2889,1,0,0.14243544277964296
2294,2889,2890,1,0,0.24631890203626952
2295,2890,2891,4,0,0
2296,2891,2892,2,0,0.12096566408385147
2297,2892,2893,3,0,0.12345860826482688
2298,2893,2894,4,0,0.2408801293309013
2299,2894,2895,3,0,0.12742385875475606
2300,2895,2896,4,1,0.22607019954113486
2301,2896,2897,1,0,0.31602609004895255
2302,2897,2898,1,0,0
2303,2898,2899,5,1,0.11133807418656677
2304,2899,2900,1,0,0.29569036812152155
2305,2900,2901,1,0,0.11663486476678578
2306,2902,2903,5,1,0.27434224930523837
2307,2903,2904,4,1,0.47620682098574935
2308,2904,2905,3,0,0.12439545118446108
2309,2905,2906,5,0,0.12187942460316885
2310,2906,2907,4,0,0.032582077105816974
2311,2910,2911,2,0,0.24182447709644495
2312,2911,2912,3,0,0.081236569278187787
2313,2912,2913,5,1,0.073283283842426272
2314,2913,2914,1,0,0.037269807579340654
2315,2914,2915,3,0,0.19461974944305849
2316,2915,2916,3,0,0.1496074155561973
2317,2916,2917,1,0,0.41377953197336975
2318,2917,2918,1,0,0.29474536064070317
2319,2919,2920,4,0,0.20238331814198951
2320,2920,2921,2,0,0.19802770378744555
2321,2921,2922,4,0,0.15771502833983417
2322,2922,2923,1,0,0.038468102774489817
2323,2923,2924,3,1,0.35112202344732352
2324,2924,2925,4,0,0.037222309764196472
2325,2925,2926,4,0,0.56216525232624048
2326,2926,2927,3,1,0.61797501310083769
2327,2927,2928,2,1,0.16262618248264318
2328,2928,2929,5,0,0.34947453716897586
2329,2929,2930,2,0,0
2330,2930,2931,4,0,0.21288026849126848
2331,2932,2933,2,0,0
2332,2933,2934,3,0,0.02628718133430576
2333,2934,2935,5,0,0.54928514785240001
2334,2935,2936,4,1,0.3407272459497861
2335,2937,2938,1,0,0.037114210767364264
2336,2938,2939,4,0,0.56053420897697703
2337,2940,2941,4,0,0.16174695468871467
2338,2941,2942,2,0,0.15964652297441576
2339,2942,2943,3,1,0.20810409194934487
2340,2943,2944,3,0,0.2008639309583527
2341,2944,2945,4,1,0.31552855331137003
2342,2946,2947,4,0,0.069185497786168421
2343,2947,2948,2,1,0.43809333308729015
2344,2948,2949,1,0,0.034463013511412156
2345,2950,2951,2,0,0.61033683457668209
2346,2953,2954,3,0,0.1766785696221029
2347,2954,2955,2,0,0.15178346229683795
2348,2955,2956,1,0,0.11903727331555973
2349,2956,2957,1,1,0
2350,2957,2958,4,0,0.12539355269333591
2351,2958,2959,4,0,0.39970327161365504
2352,2959,2960,3,0,0.11706335840507842
2353,2960,2961,3,0,0.077004608747855974
2354,2961,2962,1,0,0.042676466604113894
2355,2962,2963,3,1,0.18719112554047773
2356,2963,2964,4,0,0.82509975735938768
2357,2964,2965,5,0,0.074804515232427995
2358,2965,2966,3,0,0.074828346416636382
2359,2967,2968,1,1,0.29109964068478411
2360,2968,2969,4,0,0.33105630484709858
2361,2969,2970,4,0,0.04109257847046973
2362,2970,2971,4,0,0.036649420926823099
2363,2971,2972,4,0,0.071796639425384834
2364,2972,2973,5,0,0.15295736905109236
2365,2973,2974,4,0,0.73398004566640263
2366,2974,2975,3,0,0.088045366592369431
2367,2975,2976,1,0,0
2368,2977,2978,1,0,0
2369,2978,2979,3,0,0.28548118923963811
2370,2979,2980,2,0,0.036551075256401284
2371,2980,2981,1,0,0.03496108742167435
2372,2981,2982,5,0,0.11099841425788969
2373,2982,2983,5,0,0.080392925681626232
2374,2983,2984,1,0,0.037949734597969798
2375,2984,2985,1,0,0.038216816033047218
2376,2985,2986,3,0,0.19246975026225804
2377,2986,2987,1,0,0.1132126811519053
2378,2987,2988,5,1,0.081462112264105449
2379,2988,2989,1,0,0.11405868247468538
2380,2990,2991,1,1,0.57586344597510919
2381,2991,2992,5,1,0.13889306332660206
2382,2992,2993,4,0,0.035993113400638627
2383,2993,2994,5,1,0.32256507680594582
2384,2994,2995,1,0,0.076559789065285724
2385,2995,2996,1,1,0.28260056034461128
2386,2996,2997,2,1,0.67482017501148583
2387,2998,2999,1,1,0.14687411749412824
2388,2999,3000,4,0,0.30536647083440482
2389,3000,3001,5,0,0.12041811881321682
2390,3001,3002,5,0,0
2391,3002,3003,2,1,0.72914453915828625
2392,3004,3005,3,0,0.56105728298897273
2393,3005,3006,3,0,0.11170486187551598
2394,3007,3008,5,0,0.5288654534873698
2395,3008,3009,1,0,0.30216522737145413
2396,3010,3011,3,0,0.18459751520232962
2397,3011,3012,4,0,0.19906568809816555
2398,3012,3013,4,0,0.18414946042695071
2399,3013,3014,2,0,0.095133489145707142
2400,3015,3016,2,1,0.11980745373304701
2401,3016,3017,4,0,0.031231578304643879
2402,3017,3018,5,1,0.22083878108176835
2403,3018,3019,2,0,0.70846437149181063
2404,3019,3020,4,1,0.30038762536751479
2405,3020,3021,3,1,0.46646474483371203
2406,3021,3022,3,0,0.11689829125138318
2407,3022,3023,3,0,0.28152499365565431
2408,3023,3024,3,1,0.73088608939360911
2409,3024,3025,2,1,0.2338589228956959
2410,3025,3026,1,0,0.12424478036892636
2411,3026,3027,4,1,0.079790741529708872
2412,3027,3028,1,0,0.053003013214381979
2413,3028,3029,1,0,0.071248770629364258
2414,3029,3030,1,0,0.078859382317884835
2415,3032,3033,2,0,0.14972681006045865
2416,3033,3034,2,0,0.59662006387547362
2417,3035,3036,2,0,0.40713813883247879
2418,3036,3037,3,0,0.053659558832996543
2419,3037,3038,3,0,0.14915463503150403
2420,3038,3039,5,0,0.080413024089446103
2421,3039,3040,1,0,0.085257987802418875
2422,3040,3041,3,1,0.56491696856274642
2423,3041,3042,3,0,0.27377207364138129
2424,3042,3043,2,0,0.2049733537820867
2425,3043,3044,1,1,0.82160151739930698
2426,3044,3045,5,0,0.040133607573249963
2427,3046,3047,4,0,0.5279151239366412
2428,3047,3048,1,0,0.2037507639834262
2429,3049,3050,4,0,0.3114496228350021
2430,3050,3051,4,0,0.097967675833561918
2431,3051,3052,1,0,0.23071903000980123
2432,3052,3053,3,0,0.34348212285156021
2433,3053,3054,5,0,0.093380293543250129
2434,3055,3056,1,0,0.31967918336579276
2435,3056,3057,2,0,0.039952559987485252
2436,3058,3059,5,0,0.15538692715924796
2437,3061,3062,5,0,0.18416845739143214
2438,3062,3063,3,0,0.15537623836188047
2439,3063,3064,5,0,0.61588744663229189
2440,3065,3066,4,1,0.35387575936624033
2441,3066,3067,2,0,0.3463257328028726
2442,3067,3068,5,1,0.31979984839606057
2443,3070,3071,4,0,0.037805969944433339
2444,3071,3072,3,1,0.14045816906126782
2445,3072,3073,5,0,0.23733927598441756
2446,3074,3075,1,0,0.40244129564247666
2447,3075,3076,3,0,0.53311959111657303
2448,3077,3078,5,1,0.15592254889791515
2449,3078,3079,3,0,0.098892829500502863
2450,3079,3080,2,0,0.069684561271293563
2451,3080,3081,5,0,0.1512229232557272
2452,3081,3082,1,0,0
2453,3082,3083,3,0,0
2454,3083,3084,5,0,0.041319380113032531
2455,3085,3086,5,0,0.097321863714782936
2456,3086,3087,2,0,0.93428626489488609
2457,3087,3088,2,0,0.48112415140113823
2458,3088,3089,5,0,0.19366489793878131
2459,3089,3090,5,0,0.16373275525268122
2460,3090,3091,3,0,0.21091553340223265
2461,3091,3092,1,0,0
2462,3092,3093,4,0,0.40398276704147362
2463,3093,3094,2,0,0.70661793367631442
2464,3094,3095,4,1,0.093743136538360222
2465,3095,3096,3,0,0.091813794059773593
2466,3096,3097,1,0,0.077583681770386409
2467,3097,3098,4,0,0.034899131069725725
2468,3098,3099,5,0,0.038247299856066168
2469,3099,3100,1,0,0.036832000512704771
2470,3100,3101,4,1,0
2471,3102,3103,3,0,0
2472,3103,3104,3,1,0.11730637365242187
2473,3104,3105,1,0,0.1580695784037788
2474,3105,3106,1,0,0.051801302521787898
2475,3106,3107,3,0,0.038108831775382802
2476,3107,3108,1,0,0.036118271967665129
2477,3108,3109,1,0,0.11256350007722038
2478,3109,3110,5,0,0.04066424593830105
2479,3110,3111,3,0,0.28686741333083604
2480,3111,3112,1,0,0.15599750503039597
2481,3113,3114,1,0,0.066692837569332405
2482,3114,3115,1,0,0.16833184255404407
2483,3116,3117,3,0,0.3993784660313941
2484,3120,3121,4,0,0.14372295480703917
2485,3122,3123,5,0,0
2486,3123,3124,4,0,0.20924954148728189
2487,3125,3126,2,0,0.036017486350253813
2488,3126,3127,4,0,0.6082548749834481
2489,3127,3128,3,0,0.14653511574408543
2490,3129,3130,2,0,0.24122491648955122
2491,3130,3131,3,0,0
2492,3132,3133,1,1,0.27753697435565206
2493,3133,3134,2,1,0.16041214781204338
2494,3134,3135,5,0,0.03733749083999989
2495,3135,3136,1,0,0.085200885473035573
2496,3137,3138,4,0,0.075867370458990724
2497,3138,3139,5,0,0.069257229309939577
2498,3139,3140,5,0,0.15092221118825616
2499,3141,3142,1,0,0.069745414558877686
2500,3142,3143,5,0,0.11171131718545678
2501,3143,3144,1,1,0.8091145876406205
2502,3144,3145,2,0,0.16750048612354884
2503,3145,3146,1,0,0.15754211489309511
2504,3147,3148,1,1,0.19453888144594131
2505,3148,3149,5,0,0.10641971774040493
2506,3149,3150,4,0,0
2507,3150,3151,3,1,0.20152662932496077
2508,3152,3153,5,0,0.037923871418037478
2509,3153,3154,4,1,0.65905729391340351
2510,3154,3155,3,0,0.082013808111657038
2511,3155,3156,5,0,0.098535063664731026
2512,3156,3157,3,1,0.69595268844629776
2513,3157,3158,2,0,0.11478745165759259
2514,3158,3159,4,0,0.10150907053815035
2515,3159,3160,1,0,0.068276862135583274
2516,3161,3162,3,0,0.23000869147124794
2517,3162,3163,5,1,0.19160159011534414
2518,3163,3164,2,0,0.31236154677231975
2519,3164,3165,3,0,0.18384003465057902
2520,3165,3166,2,0,0.087086801997191404
2521,3166,3167,1,1,0.22206498683836831
2522,3167,3168,3,0,0.080549747816912709
2523,3168,3169,4,0,0.15566602222251216
2524,3170,3171,2,1,0.38727121870043946
2525,3171,3172,3,1,0.25263980904672018
2526,3173,3174,4,0,0.36790407515637857
2527,3174,3175,2,0,0.078137768352223427
2528,3176,3177,1,0,0.11956507362230509
2529,3177,3178,1,0,0.07566510570852078
2530,3178,3179,1,1,0.50089947664240686
2531,3180,3181,5,0,0.18685567458619298
2532,3181,3182,2,0,0.044158264318010329
2533,3182,3183,4,0,0.16197843226963252
2534,3184,3185,2,0,0.2364914776289446
2535,3185,3186,5,1,0.32878687470158641
2536,3186,3187,1,0,0.65504131533674392
2537,3187,3188,2,1,0.44132263933519972
2538,3189,3190,3,0,0.30437218734092458
2539,3190,3191,1,0,0.076322585155495296
2540,3191,3192,1,1,0.61863578604390046
2541,3192,3193,5,0,0.071471570182166239
2542,3193,3194,2,0,0.041639341284101836
2543,3194,3195,4,1,0.41373093349701445
2544,3195,3196,4,0,0.22890257420751453
2545,3196,3197,1,0,0.11144491457841145
2546,3199,3200,5,1,0.20889462071478859
2547,3200,3201,4,1,0.18475537791197882
2548,3201,3202,2,1,0.46194522565951496
2549,3203,3204,3,0,0.15905485525262433
2550,3204,3205,5,0,0.13861902822354236
2551,3205,3206,2,1,0.15978177303497057
2552,3207,3208,5,0,0.11338419136749835
2553,3208,3209,2,0,0.1790249026938423
2554,3209,3210,1,0,0.17484243679401629
2555,3210,3211,2,0,0.69656250520531238
2556,3211,3212,2,0,0.55032678113015121
2557,3212,3213,5,0,0.037375265085950009
2558,3213,3214,2,0,0.067048134275014687
2559,3215,3216,1,0,0
2560,3216,3217,3,1,0.74294576404354307
2561,3217,3218,3,0,0
2562,3218,3219,4,0,0.33518939666420844
2563,3219,3220,3,0,0.10988084864772028
2564,3220,3221,1,0,0.1153054181634314
2565,3221,3222,3,0,0.14851418244437339
2566,3222,3223,3,0,0.50191031164770017
2567,3223,3224,1,1,0.29381901083807282
2568,3224,3225,4,0,0.17727042822911607
2569,3225,3226,2,0,0.19714788894468765
2570,3226,3227,2,0,0.078928692829688854
2571,3227,3228,1,0,0.038650067721648779
2572,3228,3229,3,0,0.15337339459113211
2573,3229,3230,3,0,0.11540194005047244
2574,3230,3231,1,1,0
2575,3231,3232,2,0,0
2576,3232,3233,2,0,0.035316974720332281
2577,3233,3234,4,0,0.80727289663404345
2578,3234,3235,4,0,0.2170455067274272
2579,3235,3236,1,1,0.2316825462846947
2580,3237,3238,5,0,0.18972831021717823
2581,3238,3239,5,0,0.041179376926094892
2582,3239,3240,5,0,0.35305042809360521
2583,3242,3243,1,1,0.63289328035019055
2584,3243,3244,4,1,0.28921253596201513
2585,3244,3245,2,0,0.17335376552173909
2586,3245,3246,2,0,0.69742249500849751
2587,3246,3247,5,0,0.20985755708298207
2588,3247,3248,3,1,0.48260023767557314
2589,3248,3249,5,0,0
2590,3249,3250,1,0,0.32487683222537944
2591,3251,3252,3,0,0.20044560348762921
2592,3252,3253,4,0,0.23775218888755356
2593,3254,3255,2,0,0.068041581328884812
2594,3255,3256,1,0,0.16285012781050212
2595,3257,3258,1,1,0.66985101048499307
2596,3259,3260,4,0,0.20719704414149087
2597,3260,3261,5,0,0.10009628262314267
2598,3261,3262,2,0,0.31076008967519136
2599,3263,3264,3,0,0.038249167659751469
2600,3265,3266,5,1,0.44260408799273421
2601,3266,3267,2,0,0.063532212633097482
2602,3267,3268,2,0,0.070048570112518943
2603,3268,3269,2,0,0.17268457779748783
2604,3269,3270,5,0,0.15017719062375662
2605,3270,3271,1,1,0.6480250963123918
2606,3271,3272,2,0,0.03653546017436865
2607,3272,3273,4,0,0.19291544496164717
2608,3273,3274,1,0,0.21295573357559228
2609,3274,3275,2,0,0.069460846153131597
2610,3275,3276,1,1,0.84002289347455117
2611,3276,3277,1,0,0.060989286526574683
2612,3277,3278,1,1,0.29791167378113936
2613,3278,3279,3,0,0.42058871869500369
2614,3280,3281,2,0,0.26628964868088062
2615,3281,3282,2,0,0.065082181920276469
2616,3282,3283,2,0,0.50237351840007016
2617,3284,3285,1,0,0.14639861641203042
2618,3286,3287,5,0,0.36253167926851343
2619,3287,3288,5,1,0.73842255744227658
2620,3288,3289,2,0,0.15822891142004969
2621,3289,3290,4,0,0.36079285941735362
2622,3290,3291,2,1,0.40557118218208865
2623,3291,3292,1,1,0.53992637205458471
2624,3292,3293,3,0,0.21313055779967918
2625,3293,3294,3,0,0.11640815595963512
2626,3295,3296,1,1,0.36295230074768065
2627,3296,3297,4,0,0.10830047831116227
2628,3297,3298,1,0,0.20966278540325115
2629,3299,3300,4,1,0.1749828239100622
2630,3300,3301,1,0,0.49844647090801225
2631,3301,3302,5,0,0.23848351651140917
2632,3304,3305,1,1,0.03549436123977695
2633,3305,3306,2,0,0.22355268786064056
2634,3306,3307,1,0,0.13344344558201202
2635,3307,3308,2,0,0.077216395188595077
2636,3308,3309,2,0,0.17748239142998037
2637,3310,3311,3,1,0.59439523675632666
2638,3311,3312,2,0,0
2639,3312,3313,1,0,0.078159292673698422
2640,3313,3314,3,0,0.088626733861251805
2641,3314,3315,2,0,0.42181531828468682
2642,3315,3316,3,0,0.049544176563828694
2643,3316,3317,3,0,0.036672091576920758
2644,3317,3318,2,0,0.20170418944781671
2645,3318,3319,2,1,0.27211589974763367
2646,3320,3321,5,0,0.21510357877834704
2647,3321,3322,5,0,0.2288259249211268
2648,3322,3323,5,0,0.14370615479789992
2649,3323,3324,3,0,0.065419147584648688
2650,3324,3325,1,0,0.51557541923908035
2651,3325,3326,1,1,0.058908955462225833
2652,3326,3327,4,0,0.20772784586860901
2653,3327,3328,4,1,0.11753200031885913
2654,3328,3329,3,0,0.036989484523443888
2655,3329,3330,2,0,0.074082343268987189
2656,3333,3334,1,0,0.12152396390288056
2657,3334,3335,3,0,0.15958456110558489
2658,3335,3336,1,1,0.12702780119779944
2659,3336,3337,2,1,0.6455578386840376
2660,3337,3338,5,0,0.2285945475749199
2661,3338,3339,3,0,0.63173364895309425
2662,3340,3341,2,0,0.27544615066466482
2663,3342,3343,5,0,0.14713671308048326
2664,3344,3345,5,1,0.72979350177205138
2665,3345,3346,3,1,0.36233603676819814
2666,3346,3347,2,1,0.62273737550313479
2667,3349,3350,5,0,0.31445296617783725
2668,3351,3352,3,0,0.27769333271384972
2669,3352,3353,3,0,0.15768029228998132
2670,3353,3354,1,0,0.50158008684577238
2671,3354,3355,1,0,0.034798333029935215
2672,3355,3356,4,0,0.1795258376473701
2673,3356,3357,1,0,0.25172872636840793
2674,3357,3358,2,1,0.20295320623743088
2675,3358,3359,1,1,0.22390672960896799
2676,3359,3360,3,0,0.13293790744737788
2677,3360,3361,3,0,0.1025102350678799
2678,3362,3363,1,0,0.12090705294570528
2679,3363,3364,1,1,0.19309828173967583
2680,3364,3365,5,1,0.39460614528420879
2681,3365,3366,5,1,0.25604308645455182
2682,3367,3368,5,1,0.32621975917580831
2683,3368,3369,4,0,0.075291112132587365
2684,3369,3370,3,0,0.52447086512810104
2685,3371,3372,5,0,0.11679010699799711
2686,3372,3373,5,0,0
2687,3373,3374,2,0,0.12578552990393488
2688,3375,3376,5,0,0.063670326004008113
2689,3376,3377,2,0,0
2690,3377,3378,3,0,0.1385505042861469
2691,3378,3379,4,0,0.6899105423080123
2692,3379,3380,5,0,0.083344656006195506
2693,3380,3381,3,0,0.079075970134576692
2694,3381,3382,2,0,0.038803845356098141
2695,3382,3383,5,0,0.10679680015165036
2696,3384,3385,3,1,0.11921668201802375
2697,3385,3386,5,0,0.035928149260999069
2698,3386,3387,2,0,0.14582062408980248
2699,3387,3388,2,0,0.070526983538357749
2700,3388,3389,3,0,0.16620663567998881
2701,3389,3390,5,0,0.6022832765879661
2702,3390,3391,3,1,0.33479465024924121
2703,3392,3393,5,0,0.086768480095398712
2704,3393,3394,5,0,0
2705,3394,3395,5,0,0.28941337366655018
2706,3395,3396,3,0,0.038222053863983599
2707,3396,3397,5,0,0.075131125174527386
2708,3398,3399,4,0,0.20187382828879441
2709,3399,3400,3,1,0.32204837657913815
2710,3400,3401,5,0,0
2711,3401,3402,2,0,0.1843626402043112
2712,3402,3403,2,1,0.13698480499431837
2713,3403,3404,3,0,0.15747888520106215
2714,3406,3407,2,0,0.11141561066063198
2715,3407,3408,4,0,0.25288691042018657
2716,3408,3409,2,0,0.079608915667966532
2717,3409,3410,2,0,0.13288918845474326
2718,3410,3411,3,1,0.35147989803119883
2719,3411,3412,2,0,0.066515670739132143
2720,3412,3413,3,0,0.040272782143284745
2721,3414,3415,5,0,0.16063071947131768
2722,3415,3416,5,0,0
2723,3416,3417,3,0,0.14834135656204459
2724,3417,3418,5,0,0
2725,3418,3419,5,0,0.35758123109734147
2726,3419,3420,5,0,0.077073634388910642
2727,3420,3421,4,0,0.28202494150810664
2728,3421,3422,3,0,0.36097286205160689
2729,3426,3427,1,0,0.040612552969399709
2730,3427,3428,3,0,0.23261646915836462
2731,3428,3429,2,0,0.3759697276552515
2732,3429,3430,3,0,0.078914986059058209
2733,3430,3431,4,1,0.26944336175830808
2734,3432,3433,5,0,0.21654936214396425
2735,3434,3435,3,1,0.17540881139028963
2736,3436,3437,5,0,0.16717896734305865
2737,3437,3438,1,0,0.038235337680770615
2738,3438,3439,5,0,0.11563312506019383
2739,3439,3440,2,0,0.11830546499337609
2740,3440,3441,1,0,0
2741,3442,3443,1,1,0.034919761270198656
2742,3443,3444,5,0,0.17971231036531884
2743,3444,3445,1,0,0.24206905919209415
2744,3445,3446,4,0,0.11212019239969026
2745,3446,3447,5,1,0.076865777132349641
2746,3447,3448,1,1,0.035403300838682039
2747,3448,3449,5,0,0.15759779450877792
2748,3449,3450,4,0,0.18724806189404997
2749,3450,3451,1,1,0.073802935550734403
2750,3451,3452,5,0,0.33687466682077072
2751,3452,3453,4,0,0.22950158842258392
2752,3453,3454,5,0,0.23606834161890169
2753,3454,3455,5,0,0.73629511723321106
2754,3455,3456,5,0,0.14475995456769011
2755,3456,3457,2,0,0.67139539176436258
2756,3457,3458,5,1,0.76841012115625684
2757,3458,3459,4,0,0.1533862727004483
2758,3460,3461,5,0,0.091871520523355218
2759,3461,3462,2,0,0.25065223793890135
2760,3462,3463,4,0,0.1005746553037226
2761,3464,3465,1,0,0.035959823612592229
2762,3465,3466,2,0,0.099939490002501005
2763,3467,3468,3,0,0.11238941165508923
2764,3470,3471,5,1,0.20163764223422082
2765,3471,3472,1,1,0.11373315429247306
2766,3472,3473,5,0,0.072037051418214246
2767,3473,3474,3,0,0
2768,3474,3475,1,0,0.15016306588481254
2769,3476,3477,4,1,0.20516349954619861
2770,3477,3478,2,0,0.13974359480537679
2771,3478,3479,3,0,0.037009949022296242
2772,3479,3480,1,0,0.10962181885884943
2773,3480,3481,5,0,0.17639550986598834
2774,3481,3482,5,1,0.73928063419625611
2775,3482,3483,4,0,0.14837506567198908
2776,3483,3484,4,1,0.067942701973960309
2777,3484,3485,5,0,0.053401557294761953
2778,3485,3486,5,1,0.61632352478357944
2779,3486,3487,4,0,0.073113194267633339
2780,3488,3489,5,0,0.19792513582314472
2781,3489,3490,1,0,0.077189647077325174
2782,3490,3491,1,1,0.081952420556834021
2783,3492,3493,4,0,0.11357150468059272
2784,3493,3494,1,0,0
2785,3494,3495,4,0,0.65255458745482842
2786,3495,3496,4,0,0.15599101469072582
2787,3496,3497,3,0,0.036366702470225581
2788,3498,3499,5,0,0.23515577599569418
2789,3499,3500,2,1,0.089036399620900805
2790,3500,3501,2,1,0.78364448720593527
2791,3503,3504,4,1,0.19311110611521864
2792,3504,3505,2,0,0.22496082660528338
2793,3505,3506,4,0,0.11340961798452377
2794,3506,3507,1,0,0.14784792256534535
2795,3507,3508,5,0,0.043911898468151217
2796,3508,3509,3,0,0.21741756017161074
2797,3509,3510,1,1,0.57523855603497254
2798,3510,3511,4,0,0.15836776228716173
2799,3511,3512,2,0,0.040814320467644064
2800,3513,3514,2,0,0.14819328331187367
2801,3514,3515,1,0,0.028154308038621654
2802,3515,3516,3,0,0.12253441549815354
2803,3516,3517,5,0,0
2804,3517,3518,5,0,0.16222076386771014
2805,3518,3519,3,0,0.026371949415565255
2806,3519,3520,3,0,0.25764182789445406
2807,3521,3522,1,0,0.076729963698991516
2808,3522,3523,3,0,0.075413697769897356
2809,3524,3525,3,0,0.14032351452136185
2810,3525,3526,1,0,0.079089578145903131
2811,3526,3527,5,0,0.29737484979458584
2812,3527,3528,5,0,0.78968323948925911
2813,3528,3529,3,0,0.2196863921320801
2814,3529,3530,2,0,0.40882584223914026
2815,3531,3532,3,0,0.35229070864845174
2816,3533,3534,5,1,0.16152895665351838
2817,3534,3535,5,0,0.067333158998527667
2818,3535,3536,2,1,0.51679380870451386
2819,3539,3540,5,1,0.54437745756700051
2820,3540,3541,5,1,0.53429187829226799
2821,3541,3542,1,0,0.13747656663260005
2822,3542,3543,3,0,0.23362906124287786
2823,3543,3544,3,0,0.032760287546373119
2824,3544,3545,5,1,0.31074452819464166
2825,3545,3546,1,0,0.17049404510428459
2826,3546,3547,4,0,0.099554654351900362
2827,3547,3548,4,0,0.081269746046943189
2828,3548,3549,3,1,0.43154197497886088
2829,3549,3550,5,0,0.038187715372551133
2830,3550,3551,5,1,0.80618815126872423
2831,3552,3553,4,0,0.61326033636443322
2832,3553,3554,5,0,0.076604580367614916
2833,3554,3555,1,0,0.27675257774885181
2834,3556,3557,2,0,0.082369095064648679
2835,3558,3559,1,0,0.074733433082228726
2836,3559,3560,4,0,0.14277115086214481
2837,3561,3562,3,1,0.915462197607808
2838,3562,3563,2,1,0.1056842666551233
2839,3563,3564,1,1,0.31571022613488531
2840,3564,3565,1,0,0.24165277293236051
2841,3565,3566,5,1,0.14569259251490685
2842,3566,3567,5,0,0.12041749560436285
2843,3567,3568,1,0,0.52696383044461792
2844,3568,3569,5,1,0.64977034633978958
2845,3569,3570,3,0,0
2846,3570,3571,2,0,0
2847,3571,3572,1,0,0.076231596313273101
2848,3572,3573,5,0,0.59056400276759669
2849,3573,3574,3,1,0.18729576346953333
2850,3574,3575,1,0,0.08021025048022877
2851,3575,3576,3,0,0.75868788792707842
2852,3577,3578,2,1,0.55971027993114353
2853,3578,3579,4,0,0.19731331515368103
2854,3579,3580,4,0,0.37884723083792449
2855,3580,3581,4,1,0.071468422982323351
2856,3581,3582,4,0,0.11065433736072931
2857,3585,3586,3,0,0.23159256129405931
2858,3586,3587,4,0,0.11946808069829425
2859,3587,3588,5,0,0.2107862551567603
2860,3588,3589,5,0,0
2861,3590,3591,2,0,0.24629448849873084
2862,3592,3593,2,1,0.57009831318294735
2863,3595,3596,2,0,0.038709875320725742
2864,3596,3597,5,1,0.80656158316404747
2865,3597,3598,3,0,0.60521577719090491
2866,3598,3599,4,0,0.20330044979801051
2867,3599,3600,3,0,0.20487793016696201
2868,3600,3601,1,0,0.49999927344326639
2869,3601,3602,5,1,0.26390888384042699
2870,3602,3603,1,0,0.040440249155332154
2871,3603,3604,1,0,0.11629817093561397
2872,3604,3605,3,0,0.10588664803335229
2873,3605,3606,5,1,0.75012706514893046
2874,3606,3607,2,0,0.030058281966796253
2875,3607,3608,1,0,0.54325940343011891
2876,3608,3609,1,0,0.10284354148633959
2877,3609,3610,5,0,0.08039642000823638
2878,3611,3612,4,0,0.11584218611969194
2879,3612,3613,4,0,0.27289396043072672
2880,3613,3614,1,1,0.21373819264594199
2881,3614,3615,3,0,0.11248445157665313
2882,3615,3616,4,0,0.079085696559441837
2883,3616,3617,3,0,0.079627852663247525
2884,3617,3618,5,0,0.15719249275418409
2885,3618,3619,2,1,0.077717074378369902
2886,3619,3620,5,1,0.2785739120323466
2887,3620,3621,1,0,0.15062171926581702
2888,3622,3623,5,0,0.087886379201337989
2889,3623,3624,5,1,0.15662084820087527
2890,3624,3625,3,0,0.12207188252773656
2891,3625,3626,5,1,0.20924712589892572
2892,3627,3628,3,0,0.041274182440397301
2893,3628,3629,1,0,0
2894,3629,3630,2,0,0.15432070576847148
2895,3630,3631,5,0,0.33820016785110862
2896,3631,3632,2,0,0.037605719460241743
2897,3634,3635,1,0,0.27163694181367382
2898,3635,3636,3,0,0
2899,3636,3637,3,0,0.15729636033085845
2900,3637,3638,4,1,0.21776888177764206
2901,3638,3639,3,0,0.038251582838471236
2902,3639,3640,4,0,0.11358098495070719
2903,3640,3641,4,0,0.52405598650545782
2904,3641,3642,1,0,0.080875361151187056
2905,3642,3643,3,0,0.34151544515297677
2906,3643,3644,5,1,0.1549615849550301
2907,3644,3645,3,0,0.71355863585704948
2908,3647,3648,5,0,0.19864718079192742
2909,3648,3649,4,0,0.24309578946252472
2910,3649,3650,2,0,0.30472009909768943
2911,3651,3652,5,0,0.14640508957404394
2912,3652,3653,2,0,0.086669436034470457
2913,3653,3654,3,0,0.12104714971696211
2914,3654,3655,2,0,0.079550811284974682
2915,3655,3656,4,0,0.041629387530700217
2916,3656,3657,5,0,0.64400986469510135
2917,3658,3659,1,0,0.23907529752069465
2918,3659,3660,5,0,0.088229565318889508
2919,3660,3661,3,0,0
2920,3661,3662,1,0,0.07522823267802832
2921,3664,3665,2,0,0.43753598961193763
2922,3665,3666,5,0,0.1633739761555939
2923,3666,3667,1,0,0.14806928609145603
2924,3667,3668,2,0,0.077242621362815372
2925,3670,3671,5,0,0.28339145021225293
2926,3673,3674,1,1,0.75692035311667827
2927,3674,3675,3,0,0.13328076077618942
2928,3676,3677,2,0,0.10407633636411474
2929,3677,3678,3,0,0.17843356297832161
2930,3678,3679,1,0,0.15617131606955506
2931,3679,3680,4,0,0.10683124012632465
2932,3680,3681,1,0,0.06975703073529306
2933,3681,3682,4,1,0.12017090310041872
2934,3682,3683,4,0,0.15618066301904476
2935,3683,3684,5,0,0.15635382011850138
2936,3684,3685,4,0,0.06763236921394597
2937,3686,3687,1,0,0.7179999273140889
2938,3687,3688,5,1,0.11113123625364366
2939,3688,3689,2,0,0.15906435516260176
2940,3690,3691,4,0,0
2941,3691,3692,4,0,0.048915249804667708
2942,3692,3693,3,1,0.41052549594128368
2943,3694,3695,4,1,0.52702798324851396
2944,3695,3696,3,0,0.2388504435765757
2945,3697,3698,2,0,0.40595300323531253
2946,3698,3699,2,1,0.26334767660700376
2947,3699,3700,2,0,0.15046620983174167
2948,3700,3701,4,0,0.20318147478650433
2949,3702,3703,3,0,0.19684914344630097
2950,3703,3704,3,0,0.24296981384705166
2951,3704,3705,5,1,0.2464532310436674
2952,3705,3706,4,0,0.43073526995706329
2953,3706,3707,1,0,0.32342550452822355
2954,3707,3708,3,0,0
2955,3708,3709,2,0,0
2956,3709,3710,4,1,0.11867481390438515
2957,3710,3711,4,0,0.13845171126556716
2958,3711,3712,4,0,0.13876233603125185
2959,3712,3713,4,0,0.20868812720537042
2960,3713,3714,5,0,0.42395891148785614
2961,3714,3715,4,0,0.29045686634571449
2962,3715,3716,2,0,0.61452414917141096
2963,3716,3717,4,0,0.1440053242639302
2964,3717,3718,4,0,0.40006452559157463
2965,3721,3722,1,0,0.20759093748021712
2966,3722,3723,3,0,0.03889574088602045
2967,3723,3724,1,1,0.72907388435618314
2968,3724,3725,3,0,0.040450364171242287
2969,3726,3727,2,0,0.12478988106110868
2970,3727,3728,2,0,0.21547270109665684
2971,3729,3730,2,0,0.19648917919642686
2972,3730,3731,3,0,0.55265901844256282
2973,3731,3732,3,0,0.16035618176021971
2974,3732,3733,3,0,0.12252199894639695
2975,3733,3734,1,0,0.039244710139756625
2976,3734,3735,4,0,0.26565484864053379
2977,3735,3736,2,0,0.11882259265314049
2978,3736,3737,2,0,0.041960242107465705
2979,3737,3738,3,0,0.081426823504190976
2980,3738,3739,4,1,0.15889443307863238
2981,3739,3740,2,0,0.15718930856053434
2982,3740,3741,3,0,0.041013906813621478
2983,3741,3742,4,0,0.66008065910869707
2984,3742,3743,1,1,0.035279954629677528
2985,3743,3744,5,0,0.71891555164561272
2986,3745,3746,5,0,0.14779647222475359
2987,3746,3747,2,0,0.15079100981247057
2988,3748,3749,4,0,0.13870673950402621
2989,3749,3750,4,0,0.19195822058131595
2990,3750,3751,1,1,0.077104988776917335
2991,3751,3752,4,0,0.08843624698980361
2992,3752,3753,1,0,0.13211261806876837
2993,3753,3754,5,0,0
2994,3755,3756,5,0,0.1915110583356833
2995,3756,3757,1,0,0.034859264017578669
2996,3759,3760,3,0,0.18336250941265975
2997,3760,3761,3,0,0.23224303330879276
2998,3761,3762,1,0,0.067662300789946506
2999,3762,3763,5,0,0.24643064487938773
3000,3763,3764,4,0,0.20917623979979019
3001,3764,3765,5,0,0.14914091174192545
3002,3765,3766,5,0,0.084432824784375027
3003,3767,3768,1,0,0.27404954805541643
3004,3768,3769,2,0,1
3005,3769,3770,2,0,0.24230491569219223
3006,3770,3771,4,0,0.20322697113456328
3007,3771,3772,5,0,0.15792552630171497
3008,3772,3773,2,0,0.073184463121252985
3009,3773,3774,3,0,0.26076803769006757
3010,3774,3775,2,0,0.07639728216723804
3011,3775,3776,4,0,0.14014890044511738
3012,3777,3778,3,0,0.24019342147959888
3013,3778,3779,3,0,0.14675086399256393
3014,3779,3780,5,0,0.040232636351330731
3015,3781,3782,3,0,0.074637258701903186
3016,3782,3783,3,1,0.29350097495377891
3017,3783,3784,3,0,0.16416916597607817
3018,3784,3785,4,0,0.15061873544641993
3019,3785,3786,1,1,0.38496044538215002
3020,3786,3787,4,0,0.17016086228854485
3021,3787,3788,4,0,0.99999594458968843
3022,3788,3789,2,0,0.16655856146607459
3023,3789,3790,1,0,0.30950479359160399
3024,3792,3793,4,0,0.11726658062417723
3025,3794,3795,3,0,0
3026,3795,3796,3,0,0.16377271009469774
3027,3796,3797,5,0,0.083104986263672576
3028,3797,3798,4,0,0.16248780138695282
3029,3798,3799,2,0,0.037497159435730884
3030,3799,3800,4,0,0.36652499128121224
3031,3800,3801,4,0,0.19981245201762832
3032,3801,3802,1,0,0.11945967397447994
3033,3802,3803,1,0,0.077338950724728114
3034,3804,3805,1,1,0.13019054949892206
3035,3806,3807,2,0,0.35375819539991782
3036,3808,3809,1,0,0.15092889894002393
3037,3809,3810,2,0,0.14147209565366275
3038,3811,3812,3,1,0.44607542709109593
3039,3812,3813,2,0,0.30552603616764384
3040,3814,3815,5,0,0.15038979959271176
3041,3815,3816,5,1,0.15488717257023374
3042,3816,3817,1,1,0.23282054829725946
3043,3817,3818,5,0,0.21567653104965626
3044,3819,3820,4,1,0.3901992032189599
3045,3820,3821,4,0,0.38259911863515156
3046,3821,3822,2,0,0.15229362957052717
3047,3822,3823,4,1,0.55082080954003032
3048,3824,3825,5,1,0.47435473597328126
3049,3825,3826,3,0,0.074844632450359036
3050,3826,3827,3,0,0.078360241533847311
3051,3827,3828,5,0,0.076916359308842705
3052,3828,3829,3,0,0.14166422082642557
3053,3829,3830,1,0,0.18674556181464166
3054,3830,3831,1,0,0.039980124962524753
3055,3831,3832,3,0,0.22245770138710666
3056,3834,3835,1,1,0.53360897810746666
3057,3835,3836,1,0,0.089472892282908653
3058,3836,3837,1,1,0.29022372293846499
3059,3838,3839,2,0,0
3060,3839,3840,1,1,0.67365781353448961
3061,3840,3841,4,0,0.15610816660358615
3062,3841,3842,5,0,0.038436136014217644
3063,3843,3844,4,0,0.17810423116766405
3064,3844,3845,5,0,0.1615614620146931
3065,3845,3846,1,0,0.27052223647663026
3066,3846,3847,4,0,0.24939947125463982
3067,3848,3849,1,0,0.54777178040887797
3068,3849,3850,1,0,0.09332005549235288
3069,3850,3851,4,1,0.29443152404679235
3070,3851,3852,5,1,0.15017069998022781
3071,3853,3854,2,0,0.60077041306355994
3072,3854,3855,3,0,0.23410473617044536
3073,3855,3856,5,0,0.15939824568110286
3074,3856,3857,2,0,0
3075,3857,3858,2,0,0.29427247952739938
3076,3858,3859,1,0,0.13922960237265231
3077,3859,3860,2,1,0.77655633600231855
3078,3860,3861,3,0,0.11123852062399174
3079,3861,3862,2,1,0.036186295302856095
3080,3863,3864,3,1,0.50902274453165564
3081,3865,3866,5,0,0.18953732396412243
3082,3866,3867,5,1,0.59003202508581098
3083,3867,3868,4,0,0.037306995897703726
3084,3868,3869,1,1,0.11093042112271642
3085,3869,3870,1,0,0.58825917362735658
3086,3870,3871,1,1,0.31045648989919405
3087,3871,3872,3,1,0.50317793677345635
3088,3874,3875,3,0,0
3089,3875,3876,2,0,0.25853246680858244
3090,3876,3877,2,0,0
3091,3877,3878,1,0,0.26532625109260821
3092,3878,3879,5,1,0.69492244679929915
3093,3879,3880,3,0,0.12205301203694105
3094,3880,3881,4,0,0.1523808073269157
3095,3881,3882,3,0,0
3096,3882,3883,4,0,0.22043390463869281
3097,3883,3884,2,0,0.15400336171588883
3098,3884,3885,3,1,0.32381665342590948
3099,3885,3886,5,0,0.074914745924563722
3100,3887,3888,1,0,0.045020966087598487
3101,3888,3889,1,0,0.048780711695027422
3102,3889,3890,5,0,0.041627118034374633
3103,3890,3891,1,0,0
3104,3891,3892,1,0,0.23146285891209731
3105,3892,3893,2,0,0.16522739080734217
3106,3893,3894,4,0,0.037781533099195762
3107,3895,3896,3,0,0.14706093759707758
3108,3896,3897,3,0,0.077747007450036654
3109,3897,3898,5,0,0.11700946914636634
3110,3898,3899,5,1,0.13309967954362947
3111,3899,3900,5,0,0.079854039966274035
3112,3900,3901,2,0,0.11631480102571347
3113,3901,3902,5,1,0.46160904630283922
3114,3902,3903,4,0,0.23551673537261272
3115,3903,3904,1,0,0.4139579452879395
3116,3904,3905,5,0,0.40039816716888221
3117,3905,3906,5,0,0.11583094741609724
3118,3906,3907,1,0,0.081479493419683136
3119,3907,3908,4,1,0.62072625477191568
3120,3908,3909,2,0,0.13508130758032008
3121,3909,3910,3,1,0.2231898106260066
3122,3910,3911,5,1,0.12234951477266628
3123,3913,3914,3,0,0.17206539921176353
3124,3914,3915,5,0,0.24666361644056553
3125,3915,3916,2,0,0.03534904143254762
3126,3917,3918,3,1,0.11946300910054665
3127,3918,3919,1,1,0.11933217343469338
3128,3919,3920,4,0,0.27711024800852407
3129,3920,3921,3,1,0.069562011070744126
3130,3921,3922,5,0,0.099531562288817224
3131,3922,3923,1,0,0.13171759130980459
3132,3923,3924,5,0,0
3133,3924,3925,5,0,0.079875476803925233
3134,3925,3926,1,0,0.071356048632534252
3135,3927,3928,3,1,0.15196089088162476
3136,3929,3930,5,0,0.14969340508651011
3137,3931,3932,2,1,0.36765959503456608
3138,3932,3933,3,0,0.035599192475274467
3139,3933,3934,1,0,0.24376696539383164
3140,3934,3935,5,0,0.18571680240225799
3141,3935,3936,1,0,0.80119522321674719
3142,3936,3937,4,0,0.071544053616035427
3143,3937,3938,2,0,0.69125240364850205
3144,3938,3939,3,0,0.034241746131716544
3145,3939,3940,4,0,0.037118037088642954
3146,3940,3941,2,0,0.05275414332656754
3147,3941,3942,5,1,0.20015226419012552
3148,3942,3943,1,0,0.19169994572742785
3149,3943,3944,1,0,0.15401288050579229
3150,3944,3945,4,0,0.15966500282188223
3151,3945,3946,1,1,0.24180871360163175
3152,3947,3948,2,0,0.51908089133045365
3153,3948,3949,5,0,0.096473171515838244
3154,3949,3950,4,0,0.16382778372554449
3155,3950,3951,4,0,0.76908614099761485
3156,3952,3953,5,0,0
3157,3954,3955,2,0,0.076225009883781655
3158,3955,3956,5,0,0
3159,3956,3957,4,0,0
3160,3957,3958,4,0,0.14218549996005872
3161,3958,3959,3,1,0.50567482385885798
3162,3959,3960,5,0,0.30120247117636401
3163,3960,3961,4,0,0.33501272824299921
3164,3962,3963,1,1,0.32073345302445994
3165,3963,3964,2,1,0.72501502443729071
3166,3964,3965,3,0,0.22876142018873738
3167,3966,3967,1,0,0.6000981729886592
3168,3967,3968,3,0,0.35232230926014652
3169,3969,3970,2,0,0.18666326545303719
3170,3970,3971,2,0,0.19942772668429379
3171,3971,3972,1,1,0.2000024850698521
3172,3972,3973,4,0,0.082698981997911106
3173,3973,3974,1,0,0.14967845088150827
3174,3974,3975,5,0,0
3175,3975,3976,1,0,0.037388665620388992
3176,3977,3978,1,0,0.29720539334206253
3177,3978,3979,3,0,0.28891429880271297
3178,3979,3980,3,0,0
3179,3981,3982,4,0,0.22710323309137845
3180,3982,3983,5,0,0.12549090575746449
3181,3983,3984,2,0,0.2449997849393713
3182,3984,3985,1,0,0
3183,3985,3986,2,1,0.19031777480011894
3184,3986,3987,1,0,0.08514876844289683
3185,3987,3988,4,0,0.030566286445628907
3186,3989,3990,1,1,0.1226215702428505
3187,3990,3991,1,1,0.52992398930819506
3188,3991,3992,1,0,0.12343387103839683
3189,3992,3993,5,1,0.85648077808756151
3190,3993,3994,2,1,0.067227504727848816
3191,3994,3995,5,0,0.35664694861951268
3192,3995,3996,1,0,0.2430081000990558
3193,3996,3997,2,1,0.048706706589176182
3194,3997,3998,5,0,0.14321301165884762
3195,3998,3999,5,1,0.70916107239563531
3196,3999,4000,4,1,0.19106014709815447
3197,4000,4001,2,0,0.4004469359908383
3198,4001,4002,1,1,0.12311843771439605
3199,4002,4003,3,1,0.038404566151529124
3200,4003,4004,1,0,0.25109842153812933
3201,4004,4005,4,0,0.19049389526972343
3202,4005,4006,3,0,0.20457074253824439
3203,4006,4007,2,1,0.73895389395093236
3204,4008,4009,5,0,0.48709689922125349
3205,4009,4010,4,0,0.33687852010711927
3206,4010,4011,5,0,0.14598444494003454
3207,4011,4012,3,0,0.2173651384409041
3208,4012,4013,3,0,0.12236711134545096
3209,4014,4015,3,0,0.079079682707781221
3210,4015,4016,1,1,0.61796069713953794
3211,4016,4017,3,0,0.085950102343947274
3212,4017,4018,5,0,0.058034316357725976
3213,4019,4020,1,1,0.62698260926875393
3214,4020,4021,1,0,0.11384261444976114
3215,4021,4022,4,0,0.11834649419915101
3216,4022,4023,3,0,0.074579205576112709
3217,4023,4024,5,0,0.23944641587195525
3218,4024,4025,1,0,0.12770526200784363
3219,4025,4026,4,0,0
3220,4026,4027,4,0,0.20408012834629577
3221,4027,4028,5,0,0.22720475573370527
3222,4029,4030,3,1,0.23822635769937178
3223,4030,4031,3,0,0.033594216627290806
3224,4031,4032,5,0,0.13741752375698715
3225,4032,4033,5,0,0.080219853592824575
3226,4033,4034,3,0,0.033316357608536337
3227,4036,4037,3,1,0.45691401175411106
3228,4037,4038,4,0,0
3229,4039,4040,1,0,0.78605324328306214
3230,4040,4041,2,0,0.32907199198728265
3231,4041,4042,2,0,0.36203436590281401
3232,4043,4044,1,1,0.24554661534132752
3233,4044,4045,3,0,0
3234,4045,4046,5,0,0.19808981805737122
3235,4046,4047,5,0,0.43419416888309986
3236,4047,4048,5,1,0.80397535328577319
3237,4049,4050,1,0,0.039511401331441862
3238,4050,4051,1,0,0.032535457354467827
3239,4051,4052,1,0,0.032625642137301313
3240,4052,4053,2,0,0.295610440433278
3241,4053,4054,4,1,0.11152300562924027
3242,4054,4055,3,0,0.20316095450606106
3243,4055,4056,5,0,0.074105621747675265
3244,4056,4057,3,0,0.26034470505540208
3245,4058,4059,2,0,0
3246,4059,4060,5,0,0.20579293955064748
3247,4061,4062,3,0,0.12048420748125649
3248,4062,4063,2,0,0.13229052624110707
3249,4063,4064,2,1,0.45739738277997533
3250,4064,4065,3,1,0.6225449356416578
3251,4065,4066,3,0,0.36296825981303704
3252,4066,4067,3,0,0.12100396667476475
3253,4067,4068,5,1,0.3250478815387694
3254,4068,4069,5,1,0.35902221382738869
3255,4069,4070,5,0,0.38853524999644384
3256,4070,4071,1,0,0.19783122801331851
3257,4071,4072,4,0,0.13984754742216129
3258,4073,4074,3,0,0.22923266108594276
3259,4074,4075,1,0,0.077352057629716156
3260,4075,4076,5,1,0.084273686561777375
3261,4076,4077,1,0,0.4536716488477936
3262,4077,4078,1,1,0.55543024366803062
3263,4079,4080,2,0,0.15215452538776375
3264,4080,4081,1,0,0.07264756473033597
3265,4081,4082,3,0,0.11226278726821293
3266,4082,4083,4,0,0.27060405738410681
3267,4083,4084,4,0,0.31469978657267106
3268,4085,4086,2,0,0.14350801076999584
3269,4086,4087,2,0,0.037253629493642207
3270,4087,4088,3,0,0.06756372837851389
3271,4088,4089,5,0,0.12072611652200764
3272,4089,4090,5,1,1.5245110503957857e-06
3273,4091,4092,5,1,0.088016917873250916
3274,4092,4093,4,0,0.75357263036392419
3275,4093,4094,3,1,0.79450258151907072
3276,4095,4096,4,0,0.51374375070849865
3277,4096,4097,1,0,0.061230190268334914
3278,4097,4098,5,0,0.072254453499560362
3279,4098,4099,2,1,0.58562298847807526
3280,4099,4100,5,0,0.039901406512695241
3281,4100,4101,5,1,0.26548330518489671
3282,4101,4102,2,0,0.04518740257661271
3283,4102,4103,4,1,0.072573468075802727
3284,4105,4106,5,0,0.20008587787518572
3285,4106,4107,5,0,0.10870710516468464
3286,4107,4108,3,1,0.1167157914708175
3287,4108,4109,2,0,0.037048095725652229
3288,4109,4110,3,0,0.17645388373679055
3289,4111,4112,1,0,0.27589741165053894
3290,4112,4113,2,0,0.19247671677351588
3291,4113,4114,5,0,0.24106944259804233
3292,4114,4115,5,0,0.17361652085230053
3293,4115,4116,5,0,0.041396948442608765
3294,4116,4117,2,1,0.035473808995239962
3295,4117,4118,2,0,0.18314563255272373
3296,4118,4119,3,0,0.23212508292286096
3297,4119,4120,3,0,0.1244540478500972
3298,4120,4121,4,0,0.068590388126384461
3299,4121,4122,5,0,0.18219341780479298
3300,4122,4123,4,0,0.098516526487031783
3301,4123,4124,5,0,0.038862352033887153
3302,4124,4125,2,1,0.6398238738194022
3303,4125,4126,2,0,0.094261166162597304
3304,4126,4127,3,0,0.078525931258815213
3305,4127,4128,3,1,0.24236771758558076
3306,4128,4129,3,0,0.21033640435952827
3307,4129,4130,3,0,0.22389974704408558
3308,4130,4131,3,1,0.20071372775785537
3309,4131,4132,1,0,0.17023989103920198
3310,4132,4133,1,0,0.035929583563994769
3311,4133,4134,5,1,0.074524786636502111
3312,4134,4135,5,0,0.042198941278355551
3313,4135,4136,5,1,0.65924423885580896
3314,4136,4137,1,0,0.15610244236750859
3315,4137,4138,4,0,0.16393578520148222
3316,4138,4139,5,0,0.11075583521567978
3317,4139,4140,3,0,0.12218637128688319
3318,4140,4141,3,0,0.29545557969295833
3319,4142,4143,4,0,0.32323949786812423
3320,4143,4144,3,1,0.44780788827371948
3321,4144,4145,2,1,0.27476975829657291
3322,4145,4146,1,1,0.75480964988925037
3323,4146,4147,3,0,0.15408356220668368
3324,4147,4148,2,1,0.64873774701519249
3325,4148,4149,2,0,0
3326,4149,4150,4,0,0.12346034048509473
3327,4150,4151,1,0,0.038711440917635835
3328,4151,4152,4,0,0.27068965902449243
3329,4152,4153,5,0,0
3330,4155,4156,3,0,0.36676763925187894
3331,4156,4157,4,0,0.16372777727898652
3332,4158,4159,2,0,0.27889984006092955
3333,4159,4160,5,0,0.043477463796500616
3334,4160,4161,1,0,0.781823681774517
3335,4161,4162,3,1,0.48320999080694949
3336,4162,4163,1,1,0.10025903255488031
3337,4163,4164,1,0,0.085539342352652509
3338,4164,4165,3,0,0.15733585068752329
3339,4166,4167,3,0,0.12092252750947509
3340,4167,4168,1,0,0.080353609314557137
3341,4168,4169,5,1,0.094090832455976839
3342,4169,4170,1,1,0.31037169488509797
3343,4171,4172,3,0,0.12892330686115858
3344,4172,4173,3,0,0.15220880308337525
3345,4173,4174,5,0,0.15095013898655835
3346,4174,4175,1,1,0.18939003678219343
3347,4175,4176,4,1,0.036532840643801905
3348,4176,4177,4,0,0
3349,4177,4178,2,0,0.03742238931981063
3350,4178,4179,3,0,0
3351,4179,4180,4,0,0.033727844576099252
3352,4180,4181,1,0,0.15055667700277794
3353,4181,4182,4,0,0.19662471128375003
3354,4182,4183,4,0,0.15643351545939307
3355,4183,4184,4,1,0.040071179227019832
3356,4184,4185,1,0,0.21667515254800862
3357,4185,4186,3,0,0.36910734054893773
3358,4187,4188,5,1,0.13724341004717577
3359,4188,4189,3,1,0.59268362922343509
3360,4189,4190,1,0,0.43864284697676925
3361,4190,4191,5,0,0.072520926807873809
3362,4191,4192,3,1,0.29600319642991302
3363,4192,4193,5,1,0.64851413718536199
3364,4195,4196,2,0,0.22865696586918044
3365,4196,4197,2,1,0.55665659323012728
3366,4198,4199,2,0,0.10424423458395632
3367,4199,4200,2,0,0.17110490603822759
3368,4200,4201,3,0,0.15033552439855272
3369,4202,4203,1,0,0.090621143207393548
3370,4203,4204,1,0,0.037590086829086412
3371,4205,4206,3,0,0.44083075913244496
3372,4206,4207,4,0,0.36979130735073679
3373,4207,4208,2,0,0.065671974915116255
3374,4210,4211,2,0,0.077763004856847409
3375,4211,4212,3,0,0.15169342747486772
3376,4212,4213,3,0,0.77452633597390064
3377,4213,4214,5,0,0.1819364252877356
3378,4214,4215,3,0,0.029960896313304008
3379,4216,4217,2,0,0.1994368897378106
3380,4217,4218,4,1,0.72058004166889811
3381,4218,4219,4,0,0.20062322741600275
3382,4219,4220,2,0,0.28151360919008717
3383,4220,4221,5,0,0.074341763614475379
3384,4221,4222,1,1,0.23504187634499751
3385,4223,4224,2,0,0.23969718944817911
3386,4224,4225,4,1,0.30478380938901145
3387,4225,4226,3,0,0.25055609033571996
3388,4227,4228,1,0,0.11961253866885745
3389,4228,4229,2,0,0.077266583450113863
3390,4230,4231,4,0,0.10153939816794626
3391,4231,4232,4,0,0.36062150353888911
3392,4232,4233,2,0,0.035634558378505564
3393,4233,4234,4,0,0.32226566812661328
3394,4234,4235,5,0,0.077509042404621489
3395,4235,4236,1,1,0.074386671068939592
3396,4236,4237,1,0,0.1132849252210202
3397,4237,4238,2,0,0.45894013804404199
3398,4238,4239,1,0,0.10502837168962648
3399,4239,4240,1,1,0.19197141804176759
3400,4242,4243,2,0,0.16120137830668896
3401,4244,4245,4,0,0.12274976706277724
3402,4245,4246,4,0,0.056616242119962454
3403,4246,4247,2,0,0.32563221755997374
3404,4247,4248,5,0,0.074253068436942779
3405,4248,4249,2,0,0.58449592499838199
3406,4250,4251,2,0,0.15873309318018558
3407,4251,4252,5,0,0.1158924930470404
3408,4254,4255,5,0,0.17547789261867203
3409,4256,4257,5,0,0.046576575336127718
3410,4257,4258,2,0,0.11868351017092936
3411,4258,4259,2,0,0.08476985162546527
3412,4260,4261,1,0,0.13700779321743806
3413,4263,4264,5,1,0.56388565994010931
3414,4264,4265,4,0,0.2006061563311464
3415,4266,4267,4,0,0.23570650790000508
3416,4267,4268,5,0,0.040799868476209561
3417,4268,4269,5,0,0
3418,4270,4271,1,0,0.10990565253914382
3419,4271,4272,1,0,0.24713365331418499
3420,4272,4273,2,0,0.43230074944708552
3421,4273,4274,4,1,0.094309312831564157
3422,4274,4275,2,0,0.034272697645787567
3423,4278,4279,5,0,0.049839693567377955
3424,4279,4280,1,0,0.13110455545454811
3425,4280,4281,5,0,0.077365297939610472
3426,4281,4282,1,0,0.14540092238939381
3427,4282,4283,5,0,0
3428,4283,4284,1,1,0.23941772679185144
3429,4284,4285,3,1,0.072741321583664795
3430,4285,4286,1,1,0.36389198026047531
3431,4287,4288,4,0,0.12293831156339195
3432,4288,4289,3,0,0.065753540479389611
3433,4290,4291,1,0,0.11310736143668278
3434,4291,4292,5,0,0.15571351899855598
3435,4292,4293,5,0,0.09102927912959427
3436,4293,4294,5,0,0
3437,4294,4295,5,1,0.38073820988415719
3438,4295,4296,4,0,0.077904205940181839
3439,4296,4297,4,0,0.1491104640064313
3440,4297,4298,3,0,0.17912887221881146
3441,4298,4299,4,0,0.073483364437716747
3442,4299,4300,3,0,0.15429025079647596
3443,4300,4301,1,1,0.10966950519828958
3444,4301,4302,4,1,0.3858037440860087
3445,4302,4303,1,0,0.17505504466380423
3446,4303,4304,4,0,0.11279556907569699
3447,4306,4307,5,0,0.2405363851040048
3448,4307,4308,1,0,0.0722643410825098
3449,4308,4309,2,0,0.082946069245364185
3450,4309,4310,1,0,0.18673497974216247
3451,4311,4312,3,0,0.15850890654621785
3452,4312,4313,5,0,0.0816197415372069
3453,4313,4314,5,0,0.16264730446882006
3454,4314,4315,1,0,0.046347771504661107
3455,4315,4316,3,0,0.24564054638456476
3456,4316,4317,2,0,0.11156519508082136
3457,4317,4318,5,0,0.16951045776592388
3458,4319,4320,2,0,0.19125548177102825
3459,4320,4321,4,1,0.066135277307731874
3460,4321,4322,1,0,0.12981581687565311
3461,4322,4323,5,0,0.1599598750342425
3462,4323,4324,1,0,0.15602034106722792
3463,4325,4326,3,0,0.041229795753225107
3464,4327,4328,3,0,0.15764726365009693
3465,4328,4329,3,0,0.14960472613334613
3466,4329,4330,1,0,0.20876628970966718
3467,4330,4331,3,0,0.46959517815995561
3468,4332,4333,3,0,0.46370399537928864
3469,4333,4334,1,0,0.165146039825287
3470,4334,4335,3,0,0.040248137534173313
3471,4335,4336,2,0,0.28667166405733563
3472,4336,4337,4,1,0.71980311479427284
3473,4339,4340,4,0,0.1200552820529518
3474,4340,4341,5,0,0.52428437741336209
3475,4341,4342,5,0,0.15556377095971513
3476,4342,4343,1,0,0.14062212780197139
3477,4343,4344,5,0,0.042592441556568897
3478,4345,4346,5,0,0.069025087069250382
3479,4346,4347,3,0,0.27781494289470088
3480,4347,4348,5,0,0.28584189430335233
3481,4349,4350,1,0,0.45693537963501796
3482,4352,4353,2,0,0.076719014109036032
3483,4353,4354,4,1,0.49161186862671524
3484,4354,4355,4,0,0.17509702674926672
3485,4355,4356,2,0,0.20171518407826361
3486,4358,4359,5,1,0.28809709977129322
3487,4360,4361,1,0,0.16191817814804108
3488,4361,4362,2,0,0.070544259343790577
3489,4362,4363,1,0,0.040333687774322093
3490,4363,4364,3,0,0.29547493536956759
3491,4364,4365,4,0,0.099524879976611746
3492,4365,4366,2,0,0
3493,4367,4368,2,0,0.15830634304640046
3494,4369,4370,3,0,0.10568147875311933
3495,4370,4371,3,0,0.19439561754550636
3496,4371,4372,3,0,0.037395480096371045
3497,4373,4374,3,0,0.23252712558059546
3498,4374,4375,1,1,0.760747366801513
3499,4375,4376,5,1,0.42942805537299999
3500,4376,4377,5,0,0.37743760449187091
3501,4377,4378,5,1,0.58572944890206469
3502,4378,4379,2,1,0.74192216084611584
3503,4379,4380,5,0,0.24057963393814849
3504,4380,4381,1,0,0.12349174382761656
3505,4381,4382,1,0,0.2245485438706479
3506,4383,4384,3,0,0.039112647348554797
3507,4385,4386,5,0,0.11506498682307502
3508,4386,4387,1,0,0.19896099953206847
3509,4388,4389,2,0,0.039645136448195138
3510,4389,4390,2,0,0.077095455928780254
3511,4390,4391,1,1,0.049895561938062875
3512,4391,4392,5,0,0.07125079535684864
3513,4393,4394,2,0,0.10511454384158586
3514,4394,4395,2,0,0.28352927866128874
3515,4396,4397,3,0,0.27813655505100371
3516,4399,4400,2,0,0.075931832794885537
3517,4400,4401,2,0,0.25777315798688505
3518,4402,4403,1,0,0.46810069910160707
3519,4403,4404,2,0,0.11983698371210329
3520,4404,4405,2,1,0.56136548599754577
3521,4405,4406,3,0,0.16217807216788582
3522,4406,4407,3,0,0.29984873028199238
3523,4407,4408,4,0,0.34492456579117203
3524,4408,4409,2,0,0.19677208130936694
3525,4410,4411,2,0,0.0859610829172298
3526,4411,4412,1,0,0.11440552960420175
3527,4412,4413,4,0,0.11289928073629402
3528,4413,4414,3,0,0
3529,4416,4417,2,0,0.075417468129969925
3530,4417,4418,4,0,0.11659716564670379
3531,4420,4421,3,0,0.10980574559072052
3532,4421,4422,5,0,0.18760209758614999
3533,4422,4423,4,0,0
3534,4424,4425,2,0,0.39697246798005986
3535,4425,4426,1,1,0
3536,4426,4427,1,0,0.090411141049786176
3537,4427,4428,1,0,0.33221881658930486
3538,4428,4429,5,0,0
3539,4429,4430,3,0,0.083489365718186007
3540,4431,4432,2,0,0.12246056926130465
3541,4434,4435,3,0,0.13052116549566187
3542,4435,4436,1,0,0.17655271434828468
3543,4437,4438,4,0,0.14165222799506566
3544,4438,4439,4,0,0.037342718009791775
3545,4439,4440,3,0,0.25270517944444154
3546,4440,4441,3,0,0.090280877563068004
3547,4441,4442,3,0,0.20176561737160617
3548,4442,4443,1,1,0.23847555024759343
3549,4443,4444,3,0,0.16177158885881956
3550,4444,4445,2,0,0.47158698949551131
3551,4445,4446,3,0,0.029394245830885561
3552,4446,4447,5,0,0.15207205336383123
3553,4447,4448,5,0,0.85156955405751233
3554,4448,4449,2,1,0.14599536229189328
3555,4449,4450,5,0,0.036972778340671975
3556,4450,4451,2,0,0.11263714684838792
3557,4451,4452,3,1,0.040824810497878034
3558,4452,4453,1,0,0.10655687450945775
3559,4453,4454,2,0,0.11892127088099946
3560,4454,4455,4,1,0.35091127056620192
3561,4456,4457,2,1,0.39134930422134495
3562,4457,4458,3,0,0.035879982924873918
3563,4458,4459,2,0,0.075090773890339815
3564,4459,4460,1,0,0.13656375441011365
3565,4460,4461,5,0,0.036958214261879258
3566,4461,4462,1,1,0.038427550434478028
3567,4463,4464,4,0,0.29286199524641382
3568,4464,4465,1,0,0.15073545819345416
3569,4465,4466,5,0,0.50373623929535238
3570,4466,4467,1,0,0.15274891149765998
3571,4467,4468,1,0,0.036173470074912992
3572,4468,4469,2,0,0.18707438461637985
3573,4469,4470,1,0,0.043719814293296438
3574,4470,4471,1,0,0.68204070650096116
3575,4471,4472,4,0,0.14530689413123427
3576,4472,4473,4,1,0.08443413771522415
3577,4473,4474,5,0,0.071340906997999207
3578,4474,4475,3,0,0.77415238345079918
3579,4475,4476,1,0,0
3580,4476,4477,5,0,0.037210937087022979
3581,4478,4479,2,0,0.03944525379568254
3582,4479,4480,4,0,0.1105424459774815
3583,4480,4481,3,0,0.25269755407465705
3584,4481,4482,5,0,0.042780075327769645
3585,4482,4483,3,0,0.042744642579251133
3586,4483,4484,1,0,0.17038827101884088
3587,4484,4485,1,0,0.12560560877003191
3588,4485,4486,4,0,0.16553731701343549
3589,4486,4487,4,0,0.15621515661948884
3590,4488,4489,3,0,0.15006138579120212
3591,4489,4490,2,0,0.083555487383647598
3592,4490,4491,2,0,0.036554550933283157
3593,4491,4492,1,0,0.13959542234688252
3594,4492,4493,4,1,0.73039154344060098
3595,4493,4494,5,0,0.23416820965947391
3596,4494,4495,2,1,0.36098799446354862
3597,4496,4497,4,0,0.52132240885910719
3598,4497,4498,1,1,0.27304727191827516
3599,4498,4499,4,0,0.038286555231363512
3600,4499,4500,5,0,0.19944050362295421
3601,4500,4501,5,1,0
3602,4503,4504,4,0,0.31346147764115728
3603,4504,4505,2,0,0.39628564074805828
3604,4505,4506,1,0,0.60593930604087221
3605,4506,4507,4,0,0.026206219125255333
3606,4507,4508,4,1,0.51170413166133832
3607,4508,4509,2,0,0.22456383822581238
3608,4509,4510,3,0,0.72441630208159735
3609,4511,4512,3,0,0
3610,4512,4513,4,0,0.1159508425757925
3611,4513,4514,4,0,0.074089292890988215
3612,4514,4515,1,1,0.086307966557965618
3613,4515,4516,4,0,0.074784203323458587
3614,4517,4518,2,1,0.31428085445780285
3615,4518,4519,5,0,0.18557713894413855
3616,4519,4520,1,0,0.10818726816997754
3617,4520,4521,4,0,0.23209367488583618
3618,4521,4522,1,0,0.10304362704700867
3619,4522,4523,5,0,0.3852270533332548
3620,4523,4524,1,0,0
3621,4524,4525,2,0,0.081806371400890199
3622,4525,4526,1,0,0.14102180121433741
3623,4526,4527,1,1,0.12471237915888155
3624,4529,4530,4,0,0.10684843082255645
3625,4530,4531,1,1,0.16583685528767272
3626,4531,4532,2,0,0.036885774102779698
3627,4532,4533,2,0,0.15189080413561476
3628,4533,4534,5,0,0.037587147035948287
3629,4534,4535,1,0,0.11429067452843546
3630,4537,4538,3,0,0.15866277306575935
3631,4538,4539,5,0,0.31115015461366508
3632,4539,4540,1,0,0.041597076485683365
3633,4540,4541,3,0,0.040397790147353015
3634,4541,4542,5,0,0.3015176840705443
3635,4542,4543,5,0,0.45209522982505806
3636,4543,4544,2,0,0.56414664736014919
3637,4544,4545,5,0,0.18739134729277945
3638,4545,4546,5,0,0
3639,4546,4547,3,1,0.6375329312126774
3640,4547,4548,1,0,0.038699901567165657
3641,4548,4549,3,0,0.043718331982655477
3642,4549,4550,4,0,0.11494142136749683
3643,4550,4551,2,1,0.40066159945040586
3644,4551,4552,2,0,0.16317303353737495
3645,4552,4553,3,0,0.042011799647723676
3646,4555,4556,4,1,0.66862275581248054
3647,4560,4561,3,1,0.034599653601775519
3648,4561,4562,4,0,0.071677010653337661
3649,4563,4564,4,0,0.20541330367179081
3650,4564,4565,5,0,0.10943994123958127
3651,4566,4567,5,0,0.19147674413920876
3652,4567,4568,5,0,0
3653,4569,4570,4,1,0.86618477155166973
3654,4570,4571,5,0,0.059702557215734385
3655,4571,4572,4,0,0.037190213480544382
3656,4572,4573,5,1,0.8479584647966133
3657,4575,4576,1,0,0.19975306632163478
3658,4576,4577,5,0,0.15435367749176568
3659,4577,4578,3,0,0.089538256436086497
3660,4578,4579,4,1,0.23052401884891549
3661,4579,4580,1,1,0.65243139206189094
3662,4581,4582,2,1,0.24364804717754779
3663,4582,4583,4,0,0.35573896459019011
3664,4583,4584,1,1,0.85388086685591158
3665,4584,4585,1,0,0.035075089069381844
3666,4585,4586,2,0,0
3667,4586,4587,5,0,0.18989307776711278
3668,4587,4588,1,0,0.094543883225325212
3669,4588,4589,2,1,0.50655645289085305
3670,4589,4590,2,0,0.072914594915569633
3671,4591,4592,2,0,0.19961950916376422
3672,4592,4593,1,1,0.43813116790629519
3673,4593,4594,4,0,0.35352538477863171
3674,4595,4596,1,0,0.086295877616135497
3675,4597,4598,1,0,0.19960047219677679
3676,4598,4599,4,1,0.25359737656760278
3677,4599,4600,1,0,0.055350253798999695
3678,4600,4601,1,0,0.083426107280582043
3679,4601,4602,5,0,0.38451310186759208
3680,4602,4603,5,0,0.19385397904449195
3681,4604,4605,3,0,0.14393434534275709
3682,4605,4606,3,0,0.17860722962284145
3683,4606,4607,3,1,0.1208097630333575
3684,4608,4609,1,0,0.82019943976443421
3685,4609,4610,1,0,0.062011301429861047
3686,4610,4611,3,0,0.31305460244483702
3687,4611,4612,4,0,0.15415712432083936
3688,4612,4613,4,0,0.12639358613589333
3689,4613,4614,3,0,0.20176476216278139
3690,4614,4615,3,1,0.16258613755589296
3691,4615,4616,5,1,0.57315090119810175
3692,4616,4617,3,0,0.16788891828527269
3693,4617,4618,2,0,0.64087427144661313
3694,4618,4619,3,0,0.10191460639641158
3695,4620,4621,1,0,0.23195469184936907
3696,4621,4622,3,0,0.20072455083832666
3697,4622,4623,5,0,0.2730405574575489
3698,4624,4625,1,0,0.17584955350409107
3699,4625,4626,2,0,0.079936399756232401
3700,4626,4627,5,0,0.12260421579445492
3701,4627,4628,4,0,0.2408204213240111
3702,4628,4629,2,1,0.46428533496696306
3703,4629,4630,1,0,0.1657593647220843
3704,4630,4631,5,1,0.68874575056458609
3705,4632,4633,4,0,0.32961054700410575
3706,4633,4634,3,0,0.073607474765424299
3707,4634,4635,5,0,0.16200525836355897
3708,4636,4637,2,1,0.21026939011718804
3709,4637,4638,4,0,0.22578757721940135
3710,4638,4639,3,0,0.18990207532770334
3711,4639,4640,3,0,0.21649368458412663
3712,4640,4641,4,0,0.7485398695464841
3713,4641,4642,3,0,0.10508699895093228
3714,4642,4643,5,0,0.13040211562067117
3715,4643,4644,5,0,0.17891784479967685
3716,4644,4645,5,0,0.079771513957508228
3717,4645,4646,3,0,0
3718,4646,4647,1,0,0.074446433497588463
3719,4647,4648,2,0,0.34923990261817511
3720,4648,4649,3,1,0.46957007773339848
3721,4649,4650,5,0,0.11320416553049616
3722,4650,4651,4,0,0.35926562508321092
3723,4651,4652,2,1,0.16573506073128266
3724,4652,4653,3,0,0.069940555053392528
3725,4653,4654,2,0,0.61355536638607922
3726,4654,4655,4,0,0.2494621515171801
3727,4656,4657,3,0,0.078636938417694507
3728,4661,4662,2,0,0.080430297512710983
3729,4662,4663,5,0,0.12126923794009845
3730,4663,4664,2,0,0.12078732681340443
3731,4664,4665,5,0,0
3732,4666,4667,2,0,0.070059123886942548
3733,4667,4668,4,0,0.20411913087663547
3734,4668,4669,3,0,0.19322201836851507
3735,4669,4670,5,1,0.19723218307855755
3736,4670,4671,1,1,0.17654956803758609
3737,4672,4673,2,0,0.20933777384333721
3738,4673,4674,1,1,0.63640555959669609
3739,4674,4675,1,1,0.55687702455169685
3740,4676,4677,2,0,0.079332386255341142
3741,4679,4680,1,1,0.6921435400338477
3742,4680,4681,1,0,0.033062993791170926
3743,4681,4682,3,0,0.076622671265407269
3744,4683,4684,1,0,0.22779811180149645
3745,4684,4685,3,0,0.23174550524580831
3746,4685,4686,1,0,0.15426817396784331
3747,4686,4687,3,0,0.2189561464063475
3748,4687,4688,5,0,0.17283332428400305
3749,4688,4689,4,1,0.68887021654935965
3750,4690,4691,5,1,0.64148445110707786
3751,4691,4692,1,0,0.19852281652928655
3752,4692,4693,5,0,0
3753,4693,4694,2,1,0.16779781832667554
3754,4694,4695,4,0,0.074214371434510512
3755,4695,4696,4,0,0.15655545819676972
3756,4696,4697,1,0,0.076836912789425477
3757,4697,4698,1,1,0.49741829375264462
3758,4698,4699,3,0,0.26183611416741076
3759,4699,4700,5,0,0.11339007613306867
3760,4700,4701,3,0,0.77041343452206101
3761,4701,4702,3,0,0.033840736990572953
3762,4702,4703,2,1,0.18084572877990293
3763,4704,4705,2,1,0.18875087112030586
3764,4706,4707,3,0,0.24967436386067188
3765,4708,4709,5,0,0.10434252520166926
3766,4710,4711,1,0,0.20332135323092557
3767,4711,4712,4,0,0.2121125858518908
3768,4712,4713,4,0,0.083978282261318662
3769,4713,4714,2,0,0.55650068626290894
3770,4714,4715,3,0,0.058097025498497865
3771,4715,4716,5,0,0.12248540088027152
3772,4716,4717,4,0,0.072949589187813635
3773,4717,4718,3,0,0.10969197396709174
3774,4718,4719,4,1,0.13548443753710396
3775,4720,4721,5,0,0.049302470927952834
3776,4721,4722,1,0,0
3777,4722,4723,4,1,0.46791629911476479
3778,4723,4724,2,0,0.081587877020113206
3779,4724,4725,3,0,0.40305566795710762
3780,4725,4726,5,0,0.038151281077804584
3781,4726,4727,4,1,0
3782,4727,4728,2,1,0.37939802198908779
3783,4728,4729,1,1,0.39808002310657242
3784,4729,4730,1,0,0.15012841374192795
3785,4731,4732,3,0,0.34629651723253646
3786,4732,4733,2,0,0.18390005366493695
3787,4733,4734,5,0,0.089452955144235263
3788,4735,4736,5,0,0
3789,4736,4737,2,0,0.14185885943615853
3790,4737,4738,1,0,0.085245328578677296
3791,4738,4739,5,1,0.48584119233121198
3792,4739,4740,3,0,0.40204373431387258
3793,4740,4741,3,0,0.52352815183339196
3794,4741,4742,2,0,0.067961535479029847
3795,4742,4743,4,1,0.27664499192942599
3796,4743,4744,1,0,0.039056838570038728
3797,4744,4745,2,0,0.11509426943677874
3798,4746,4747,4,0,0.67934767643864546
3799,4747,4748,1,0,0.43233572176918311
3800,4748,4749,3,0,0.25831511963435611
3801,4750,4751,3,1,0.10474779025903069
3802,4752,4753,2,1,0.53173124172242625
3803,4753,4754,5,0,0.079570702494117976
3804,4754,4755,1,0,0.078851344913111812
3805,4755,4756,2,0,0.12243730730275039
3806,4756,4757,5,0,0.084035658076732966
3807,4757,4758,2,1,0.18373435963433879
3808,4758,4759,1,0,0.11293482363434497
3809,4759,4760,2,0,0.26501479063312056
3810,4760,4761,1,0,0.075881919373614201
3811,4763,4764,5,0,0.049201362464057229
3812,4764,4765,1,0,0.70123862165715856
3813,4767,4768,4,1,0.7381872350393256
3814,4768,4769,3,0,0.2456631023035919
3815,4770,4771,3,0,0.3593259726150555
3816,4772,4773,4,0,0
3817,4773,4774,5,0,0.10527778455103637
3818,4774,4775,1,1,0.80655240888472546
3819,4776,4777,5,0,0.11567309749409939
3820,4777,4778,3,1,0.42316729724401997
3821,4778,4779,4,0,0.24592856176941338
3822,4779,4780,2,0,0.033086647022986075
3823,4780,4781,3,0,0.24536528029689697
3824,4781,4782,2,0,0.036661508185048951
3825,4782,4783,4,0,0.4060318579647243
3826,4784,4785,5,1,0.30459981049731949
3827,4786,4787,5,1,0.2245752317093401
3828,4787,4788,4,0,0
3829,4788,4789,1,0,0.64633770455090667
3830,4789,4790,2,0,0.54008453476988239
3831,4790,4791,2,1,0.56700686621827789
3832,4791,4792,5,1,0.35902650178968237
3833,4793,4794,4,0,0.077391220078266224
3834,4794,4795,5,0,0.14700224613557358
3835,4795,4796,4,0,0.096355240410372869
3836,4796,4797,1,0,0.095978837028745267
3837,4797,4798,4,0,0
3838,4798,4799,3,0,0.086034120440022413
3839,4800,4801,4,0,0.24280540277113385
3840,4801,4802,2,1,0.31780358970188527
3841,4802,4803,4,0,0.43073345158436954
3842,4803,4804,5,1,0.56041578347788612
3843,4805,4806,2,0,0.12253904147724211
3844,4806,4807,5,0,0.20544233878065829
3845,4808,4809,3,0,0.078872748729690148
3846,4809,4810,2,0,0.085085489617976878
3847,4810,4811,5,0,0.038708418171341769
3848,4811,4812,3,1,0.30257625012527867
3849,4812,4813,1,1,0.29365625415866053
3850,4814,4815,1,0,0.16268752438389858
3851,4816,4817,3,0,0.18492358227571493
3852,4817,4818,5,0,0.092061889781591369
3853,4818,4819,1,0,0.16584797017560099
3854,4820,4821,5,0,0.031771724947900169
3855,4822,4823,4,0,0.083109099940783915
3856,4823,4824,2,0,0.12686809916363578
3857,4824,4825,3,0,0.15152293701893707
3858,4826,4827,1,0,0.24072527088760132
3859,4828,4829,1,0,0.15078918210101031
3860,4832,4833,3,0,0.043640774172452844
3861,4833,4834,5,0,0.14436858941452393
3862,4834,4835,2,0,0.16041330297124293
3863,4835,4836,2,0,0.03501524348711612
3864,4836,4837,5,0,0.078931851891372085
3865,4837,4838,5,0,0.18459438808431483
3866,4838,4839,2,1,0.6551773058185949
3867,4839,4840,4,0,0
3868,4841,4842,3,0,0.17129958726752886
3869,4842,4843,1,0,0.18877285901920135
3870,4843,4844,3,0,0.69394967065251878
3871,4844,4845,2,0,0.028204611704802141
3872,4845,4846,3,1,0.15439520037519172
3873,4846,4847,5,0,0.17169079342143612
3874,4847,4848,5,0,0.51647347972031277
3875,4848,4849,4,0,0.062190458202242435
3876,4849,4850,5,0,0.20791151988140749
3877,4850,4851,3,0,0
3878,4851,4852,4,1,0.33146173960410996
3879,4852,4853,3,1,0.35851795474046516
3880,4853,4854,3,1,0.1591656356303203
3881,4854,4855,3,0,0.037068122096389981
3882,4855,4856,2,1,0.11036957429627381
3883,4856,4857,3,0,0.36210205684443691
3884,4857,4858,4,1,0.35175564650544577
3885,4858,4859,5,0,0.25631034783977552
3886,4859,4860,5,0,0.077609205344103371
3887,4861,4862,3,0,0.1776985521751489
3888,4864,4865,1,0,1.4706639906523174e-06
3889,4865,4866,1,0,0.038527751034610737
3890,4866,4867,5,1,0.63529470452881676
3891,4867,4868,2,0,0.034993888985761834
3892,4868,4869,2,1,0.11300153903812052
3893,4869,4870,2,0,0.084173680309439655
3894,4870,4871,4,1,0.18291824739983517
3895,4872,4873,1,0,0.15934569673156521
3896,4873,4874,1,0,0.19509053170133839
3897,4874,4875,3,0,0.16304609417303101
3898,4875,4876,1,0,0.59071324044957596
3899,4876,4877,1,0,0.15259144863818144
3900,4878,4879,4,0,0.14862399103257876
3901,4879,4880,2,1,0.17738419542513881
3902,4880,4881,3,0,0
3903,4881,4882,1,0,0.030838868387513246
3904,4882,4883,2,1,0.76649268873309251
3905,4883,4884,5,1,0.66135426204553138
3906,4885,4886,2,0,0.1161947277676693
3907,4887,4888,2,0,0.081458886084998391
3908,4888,4889,3,0,0.028999107506102333
3909,4890,4891,4,0,0.11184278212099577
3910,4893,4894,5,1,0.68498573510538507
3911,4894,4895,3,0,0.048287455174308255
3912,4896,4897,1,0,0.045083838215496726
3913,4898,4899,1,1,0.040944330319293995
3914,4899,4900,5,0,0.19433630993045384
3915,4902,4903,1,1,0.52879266964786265
3916,4903,4904,3,0,0.075521414966958494
3917,4905,4906,4,0,0.21171505204398675
3918,4907,4908,4,0,0.22108222061320684
3919,4908,4909,5,0,0.12158505584983069
3920,4909,4910,4,1,0.65799176714170393
3921,4910,4911,3,0,0.24462401936106318
3922,4911,4912,3,0,0.43511244321768444
3923,4912,4913,2,0,0.23163655699645783
3924,4913,4914,5,0,0
3925,4915,4916,4,0,0.27778856367792737
3926,4916,4917,3,0,0.33884327229246197
3927,4917,4918,4,1,0.77555910992408517
3928,4919,4920,3,0,0.11385839334778725
3929,4921,4922,2,0,0.37697316536226444
3930,4923,4924,5,0,0.34583571490313642
3931,4924,4925,5,1,0.24525819409297989
3932,4925,4926,2,0,0.40498485596288214
3933,4926,4927,5,0,0.32340031038578004
3934,4927,4928,5,1,0.2646942689461772
3935,4928,4929,3,0,0.33138950242251436
3936,4929,4930,1,0,0.037915526525748339
3937,4930,4931,3,0,0.13307163935495092
3938,4931,4932,1,1,0.46739087389006218
3939,4933,4934,1,0,0.0794462543430169
3940,4935,4936,4,0,0.078655541516565258
3941,4936,4937,3,0,0.23467290610176098
3942,4937,4938,1,0,0.19507880982903397
3943,4938,4939,1,0,0.19166826080093555
3944,4939,4940,3,0,0.1316886889760803
3945,4940,4941,4,0,0.19797141160578291
3946,4941,4942,3,0,0.18528056627856901
3947,4944,4945,3,0,0.077511227100740446
3948,4945,4946,4,1,0.083593377143373435
3949,4946,4947,2,1,0.040777240802097769
3950,4947,4948,4,0,0.076823159895082871
3951,4948,4949,2,0,0.16800679983413694
3952,4949,4950,2,0,0.27873827382054217
3953,4950,4951,5,0,0.1562853994912487
3954,4951,4952,1,0,0.43159790839922813
3955,4952,4953,3,1,0.23348325116303162
3956,4953,4954,1,0,0.32692076222165339
3957,4954,4955,5,0,0.11323954454961953
3958,4956,4957,3,1,0
3959,4958,4959,5,1,0.51999287170016339
3960,4959,4960,4,0,0.086382176636397939
3961,4960,4961,2,0,0.11186325581108393
3962,4961,4962,4,0,0.19687341911139758
3963,4962,4963,4,0,0.21251384461990475
3964,4965,4966,2,0,0.036897735899010534
3965,4967,4968,4,1,0.1885278800135996
3966,4968,4969,5,0,0.17597590493985935
3967,4970,4971,3,0,0.11541752413681677
3968,4971,4972,5,0,0.077184194717112367
3969,4973,4974,2,0,0.56521807506784916
3970,4974,4975,2,0,0.7364346457388885
3971,4975,4976,3,0,0.035909720581663043
3972,4976,4977,4,0,0.064114613603339116
3973,4977,4978,4,0,0.072593603002624935
3974,4978,4979,1,0,0.12063163216094143
3975,4979,4980,1,0,0.1396784575342766
3976,4980,4981,1,0,0.035380787868673623
3977,4981,4982,3,1,0.37082906495438089
3978,4982,4983,4,0,0.1409082424727495
3979,4983,4984,2,1,0.1136330597947867
3980,4984,4985,5,0,0.032801592696013786
3981,4985,4986,1,1,0.67852747860037843
3982,4986,4987,5,0,0.20345059970217994
3983,4987,4988,3,0,0.27717370027386495
3984,4988,4989,5,1,0.38128434835580016
3985,4989,4990,5,0,0.12620392188361707
3986,4990,4991,3,0,0.21070292212491823
3987,4991,4992,1,0,0.036854487961880365
3988,4993,4994,2,0,0.12332443182767057
3989,4994,4995,5,0,0.043199612402455019
3990,4995,4996,4,0,0.067354853514130647
3991,4998,4999,4,0,0.18054407445366569
3992,4999,5000,2,0,0.47821042176544631
3993,5002,5003,2,0,0.040942164643558251
3994,5003,5004,2,0,0.083824050323095811
3995,5004,5005,4,0,0.037202808855242638
3996,5005,5006,4,0,0.20099520006525856
3997,5006,5007,3,0,0.27209177389168537
3998,5007,5008,4,0,0.49329964011116845
3999,5009,5010,3,0,0.23358380766096484
4000,5010,5011,1,0,0.096686428522959555
4001,5012,5013,5,0,0.65271043314139721
4002,5013,5014,5,0,0.099131791695739865
4003,5014,5015,5,0,0.1140377524717983
4004,5016,5017,3,0,0.11518827882726132
4005,5017,5018,2,0,0.27456367554048711
4006,5018,5019,4,0,0.10068158746040873
4007,5019,5020,4,0,0.48689001330647869
4008,5021,5022,1,0,0.12537610185296827
4009,5023,5024,2,0,0.11550404304285986
4010,5025,5026,4,0,0.16656882403128695
4011,5026,5027,3,0,0.28480397058511131
4012,5027,5028,3,0,0.20111750471388429
4013,5028,5029,1,0,0.21216530959261623
4014,5029,5030,1,0,0.07710783712429331
4015,5030,5031,2,1,0
4016,5031,5032,2,1,0.80222012242667762
4017,5032,5033,3,0,0.094695310393179424
4018,5033,5034,2,0,0.034597408385809797
4019,5035,5036,4,0,0.12647013119528769
4020,5037,5038,5,0,0.060724403037903378
4021,5038,5039,2,1,0.16041808939770608
4022,5039,5040,4,1,0.15118929483902055
4023,5040,5041,2,1,0.14427818655524965
4024,5041,5042,5,1,0
4025,5042,5043,4,0,0.080116508715195864
4026,5044,5045,5,0,0
4027,5045,5046,4,0,0.077675208505856783
4028,5046,5047,4,0,0
4029,5047,5048,5,0,0.030088238668726001
4030,5049,5050,3,0,0.19296248192618556
4031,5050,5051,4,0,0.065182860568752485
4032,5051,5052,2,0,0.13197363864313758
4033,5053,5054,4,0,0.072613173375902396
4034,5054,5055,5,0,0.27231491633728067
4035,5055,5056,2,0,0.17678916331830252
4036,5057,5058,5,0,0.37027043896425926
4037,5058,5059,1,0,0.21806871316938786
4038,5059,5060,2,0,0.36404202157355764
4039,5060,5061,4,1,0.64317401945031538
4040,5061,5062,1,0,0.59832503633249912
4041,5063,5064,1,0,0.12106855238605402
4042,5065,5066,2,0,0.13866549997567754
4043,5066,5067,1,0,0.23826198533287446
4044,5067,5068,1,1,0.26279291655046511
4045,5068,5069,2,1,0.39577161276556377
4046,5069,5070,4,0,0.10729474890189886
4047,5070,5071,3,0,0.079083109436199228
4048,5071,5072,4,1,0.2937740982205656
4049,5072,5073,3,0,0.25450484085200442
4050,5073,5074,4,0,0.15151752005797792
4051,5074,5075,1,0,0.15812535644597203
4052,5075,5076,1,1,0.51849860909024703
4053,5076,5077,3,0,0.60265859257441401
4054,5077,5078,5,1,0
4055,5078,5079,2,1,0.48841929476927809
4056,5079,5080,2,0,0.72338411015835391
4057,5080,5081,4,1,0.24563689437059835
4058,5081,5082,4,0,0.17586015390164036
4059,5082,5083,5,0,0.40993061184601859
4060,5083,5084,3,0,0.23502104619975833
4061,5084,5085,1,1,0.56770524029623959
4062,5085,5086,5,1,0.27607410641332908
4063,5086,5087,5,0,0.035750986544928955
4064,5087,5088,2,0,0.12848012069193129
4065,5089,5090,4,0,0.17474600378903193
4066,5090,5091,2,0,0.19728448117443156
4067,5091,5092,3,0,0.17187818250647988
4068,5092,5093,1,0,0.11885582190808337
4069,5093,5094,5,1,0.36181630810322984
4070,5094,5095,3,0,0.15443711765255999
4071,5095,5096,4,0,0.078087855569604445
4072,5096,5097,5,1,0.72871309592673672
4073,5097,5098,2,0,0.12979449801671167
4074,5099,5100,3,1,0.63724647304169468
4075,5101,5102,4,1,0.24670784659032591
4076,5102,5103,2,0,0.39655761414537677
4077,5104,5105,2,0,0.073421879480006211
4078,5106,5107,4,0,0.16295802407152565
4079,5107,5108,3,1,0.09360950258040894
4080,5108,5109,3,0,0.10862270004845324
4081,5109,5110,5,0,0.034954566859468732
4082,5110,5111,1,0,0.036473264958469885
4083,5111,5112,5,1,0.1285034379836667
4084,5112,5113,1,0,0.36996334334218611
4085,5114,5115,1,0,0.033456474978487416
4086,5115,5116,2,0,0.76206102561407529
4087,5116,5117,2,0,0.64777936246176293
4088,5117,5118,2,1,0.20304679814488141
4089,5118,5119,2,0,0.11274941587543658
4090,5119,5120,3,0,0.046086169516217738
4091,5122,5123,1,0,0.36701674295473974
4092,5123,5124,1,1,0.2913304031180049
4093,5124,5125,2,0,0.24225033325339526
4094,5125,5126,2,1,0.18064154576758865
4095,5126,5127,4,0,0.44043655504690465
4096,5128,5129,1,0,0.45387007237509214
4097,5129,5130,5,0,0.080779548222237874
4098,5130,5131,2,0,0.15020864756232227
4099,5131,5132,4,0,0.27012773960585645
4100,5132,5133,4,0,0.16497587693051788
4101,5133,5134,3,0,0.24726271484812024
4102,5134,5135,4,0,0.57913915207026689
4103,5135,5136,5,1,0.78570787823105304
4104,5136,5137,1,1,0.58989832773077822
4105,5137,5138,1,0,0.058857300658524389
4106,5138,5139,1,0,0.074317477453007832
4107,5139,5140,5,0,0.1549748405084887
4108,5141,5142,3,0,0.14765320706327617
4109,5143,5144,2,0,0.37697764734285155
4110,5144,5145,5,1,0.10244185072270201
4111,5145,5146,1,0,0.24378386035557723
4112,5146,5147,2,1,0.15224952095521663
4113,5149,5150,2,1,0.33749591974951348
4114,5150,5151,3,1,0.31218233017538383
4115,5151,5152,4,1,0.12047972086163097
4116,5152,5153,3,0,0.12499544012215129
4117,5153,5154,2,0,0.14338896232923468
4118,5154,5155,4,0,0.18833889938113629
4119,5155,5156,5,0,0.20940396690177537
4120,5156,5157,5,0,0.19950203533192007
4121,5157,5158,4,1,0.076997988285317898
4122,5158,5159,5,0,0.11219470304517641
4123,5160,5161,5,0,0.11337696344859148
4124,5161,5162,2,1,0.25629578947559106
4125,5162,5163,2,0,0.25301509154823409
4126,5163,5164,5,1,0.70125463697478063
4127,5164,5165,2,0,0.14041299724735321
4128,5165,5166,3,0,0.15318902291571371
4129,5167,5168,4,0,0.16125496330079994
4130,5168,5169,1,0,0.075101159867684703
4131,5169,5170,2,1,0.044284482630412791
4132,5171,5172,3,1,0.75292112311948123
4133,5173,5174,2,0,0.42158969104679594
4134,5175,5176,4,0,0.078321783448586174
4135,5176,5177,4,0,0
4136,5178,5179,5,0,0.036646534449501306
4137,5179,5180,3,1,0.15537731174029304
4138,5180,5181,5,1,0.12647316558205524
4139,5181,5182,4,0,0.1531510305325112
4140,5183,5184,5,0,0.15929248838592261
4141,5184,5185,1,1,0.1687710197029284
4142,5185,5186,2,0,0.2741065558156387
4143,5186,5187,5,0,0
4144,5187,5188,3,0,0.037306758345044093
4145,5188,5189,4,0,0.62310808528043171
4146,5189,5190,3,0,0.18934073745374841
4147,5190,5191,5,0,0.15517511467071432
4148,5191,5192,2,1,0.19070720730038868
4149,5193,5194,4,1,0.12000618496983527
4150,5194,5195,2,0,0.079098714593851455
4151,5195,5196,2,0,0.25466333598903546
4152,5196,5197,2,0,0.19996122875272906
4153,5197,5198,2,0,0.066161446305510449
4154,5198,5199,3,0,0.30681143289875779
4155,5199,5200,2,0,0.50913552109258575
4156,5200,5201,4,1,0.062363034348327809
4157,5201,5202,2,0,0.21437364960425712
4158,5202,5203,5,0,0.49928884937860857
4159,5203,5204,2,0,0.078975171934981395
4160,5204,5205,1,0,0.03704290444653803
4161,5205,5206,2,0,0.034206026969703526
4162,5206,5207,1,0,0.064164966965069459
4163,5207,5208,3,0,0.083605306918057454
4164,5208,5209,5,0,0.26773672730529796
4165,5209,5210,2,0,0.25971401093649904
4166,5210,5211,5,1,0.40554661825726041
4167,5211,5212,1,0,0.38994564398840015
4168,5212,5213,4,0,0.48552131526913056
4169,5213,5214,4,0,0
4170,5214,5215,2,0,0.1986887362162407
4171,5215,5216,1,0,0.084772770886839807
4172,5216,5217,5,0,0.063019369588299026
4173,5217,5218,4,0,0.27960660816290145
4174,5218,5219,4,1,0.70174240999825888
4175,5219,5220,2,1,0.10451262652938473
4176,5220,5221,5,0,0.202394092466855
4177,5221,5222,3,1,0.19020176437887068
4178,5222,5223,4,0,0.19666158872736333
4179,5223,5224,2,1,0.51952340510207773
4180,5224,5225,3,0,0.50559684164426444
4181,5225,5226,3,0,0.13348401108672159
4182,5226,5227,4,0,0.26492347329390958
4183,5227,5228,1,0,0.14900859451928636
4184,5228,5229,2,1,0.047625114999418995
4185,5229,5230,5,0,0.042981084140313951
4186,5230,5231,4,0,0.17255117119679619
4187,5231,5232,3,0,0.052252869837065605
4188,5232,5233,3,0,0.31165831466236871
4189,5233,5234,5,0,0.76738054938918387
4190,5234,5235,1,0,0.037319840278713323
4191,5235,5236,4,1,0.43138887941561943
4192,5236,5237,2,1,0.3371978269855947
4193,5237,5238,2,0,0.31816304606205775
4194,5238,5239,3,0,0.072558744971334299
4195,5239,5240,4,0,0.14381356428397082
4196,5240,5241,1,0,0.19120639350293353
4197,5241,5242,3,0,0.20595052208971407
4198,5242,5243,1,1,0.85033793495848264
4199,5243,5244,4,0,0.039485830034921329
4200,5244,5245,5,0,0.10121201016191476
4201,5245,5246,5,0,0.11270320874894012
4202,5246,5247,4,0,0.06732115294988357
4203,5247,5248,5,0,0.21956314324884313
4204,5249,5250,5,0,0.12755714760337153
4205,5251,5252,4,0,0
4206,5252,5253,4,0,0.22051019710683969
4207,5254,5255,1,1,0.22418073703304126
4208,5255,5256,3,0,0.083700542421939569
4209,5256,5257,3,0,0.16556078963540213
4210,5257,5258,3,0,0.060041120673834825
4211,5258,5259,3,0,0.33208763984385081
4212,5259,5260,1,0,0.2146343108998969
4213,5262,5263,3,0,0.042888785134288621
4214,5264,5265,3,0,0.289333886000676
4215,5265,5266,4,0,0.037531286570630644
4216,5266,5267,1,0,0.10989111692408075
4217,5267,5268,3,0,0.26734502745427169
4218,5268,5269,1,0,0.15628695197077022
4219,5269,5270,3,0,0.12848720379189327
4220,5270,5271,1,0,0.12293499216821843
4221,5271,5272,4,0,0.1214474262021716
4222,5272,5273,4,0,0.15208514243574975
4223,5273,5274,4,1,0.2927693060789146
4224,5274,5275,5,1,0.12991402530890053
4225,5275,5276,4,0,0.13949814633885052
4226,5276,5277,1,0,0.68874423871699619
4227,5277,5278,5,0,0.12206936025593139
4228,5278,5279,3,0,0.12083419220354735
4229,5279,5280,3,0,0.036812166841553813
4230,5280,5281,1,0,0.1247979883271858
4231,5281,5282,5,1,0.32851824828580428
4232,5282,5283,5,0,0.036133673607671148
4233,5288,5289,4,0,0.16942388304142267
4234,5289,5290,2,0,0.11257080666259003
4235,5290,5291,1,0,0.1303337267070602
4236,5291,5292,2,0,0.071210887925915692
4237,5293,5294,5,0,0.069974447642291757
4238,5294,5295,1,1,0.19612780836744995
4239,5295,5296,1,0,0.067632645723790977
4240,5297,5298,5,0,0.14087602758750792
4241,5298,5299,1,0,0.17256213451612509
4242,5299,5300,2,0,0.16352738184231697
4243,5300,5301,4,0,0.11931558023624066
4244,5301,5302,1,0,0.17428536866594099
4245,5302,5303,3,0,0.2180505540380154
4246,5303,5304,3,0,0.1337992539063943
4247,5304,5305,2,1,0.12530427941231276
4248,5305,5306,1,0,0.15561086251982301
4249,5306,5307,5,0,0.17692271936232845
4250,5307,5308,3,0,0
4251,5308,5309,3,0,0.071800280966011973
4252,5309,5310,2,0,0.11275797762396612
4253,5310,5311,2,0,0
4254,5312,5313,2,0,0.098562709615617555
4255,5316,5317,1,1,0.54306087238011913
4256,5317,5318,5,1,0.31798195190192335
4257,5318,5319,4,0,0.19830924249021292
4258,5319,5320,2,0,0.073337500926217325
4259,5321,5322,2,0,0.17049190064105446
4260,5322,5323,2,0,0.6401239342986047
4261,5323,5324,5,0,0.3428427740807336
4262,5325,5326,2,0,0.29086500578717545
4263,5326,5327,1,0,0.18577036593177912
4264,5329,5330,4,0,0.03907313203820699
4265,5330,5331,2,0,0.13105837709323012
4266,5331,5332,5,0,0.29453628186540637
4267,5332,5333,4,0,0.10771306643375662
4268,5333,5334,5,0,0.20302964577057475
4269,5334,5335,4,0,0.097272091877214306
4270,5335,5336,3,1,0.19244311720919446
4271,5336,5337,1,0,0.16411727947045693
4272,5337,5338,2,1,0.098322888965317531
4273,5338,5339,3,1,0.74802462857744378
4274,5339,5340,4,0,0.50737567113663595
4275,5340,5341,1,0,0.078929033452541653
4276,5341,5342,5,0,0.46753757917443922
4277,5342,5343,4,0,0.44220066940889535
4278,5344,5345,5,0,0.1634160968599053
4279,5345,5346,2,0,0.60030099586467489
4280,5346,5347,2,0,0.1650414891752664
4281,5347,5348,1,0,0
4282,5348,5349,3,1,0.60421525456467173
4283,5350,5351,1,1,0.1881837385727585
4284,5351,5352,3,0,0.17686007498936521
4285,5353,5354,1,0,0.25795765166263851
4286,5354,5355,5,0,0.10071766142782766
4287,5356,5357,4,0,0.077085499968190085
4288,5357,5358,1,0,0.12185987935447287
4289,5358,5359,4,0,0.042537045618078397
4290,5362,5363,1,0,0.18911598101121657
4291,5363,5364,4,0,0.12463680616586814
4292,5364,5365,4,0,0.6194196150405501
4293,5365,5366,1,1,0.13785880552531793
4294,5367,5368,1,0,0
4295,5368,5369,1,0,0.31926284383869302
4296,5369,5370,5,0,0
4297,5370,5371,1,0,0.071174847840762584
4298,5371,5372,1,1,0.64455140603752126
4299,5372,5373,2,0,0.15451386162344333
4300,5373,5374,4,0,0.0801000798305814
4301,5374,5375,1,0,0.04282829900594582
4302,5375,5376,1,0,0.034659995797569808
4303,5376,5377,5,0,0.11501494194825418
4304,5377,5378,2,0,0.1627278168938773
4305,5379,5380,2,0,0.077152796233223936
4306,5380,5381,2,0,0.32262127776769556
4307,5381,5382,1,1,0.049841709397141831
4308,5382,5383,1,0,0.16661422000732795
4309,5383,5384,2,1,0.54547987037911938
4310,5384,5385,4,0,0.23170876460232384
4311,5385,5386,5,0,0.21860030002063277
4312,5386,5387,3,1,0.082141436494773026
4313,5387,5388,3,1,0.16415046551501464
4314,5388,5389,2,1,0.2509602289798456
4315,5389,5390,3,0,0.029560653507383593
4316,5390,5391,1,1,0.72229432129461502
4317,5392,5393,4,1,0.70482490761861816
4318,5393,5394,4,0,0.19602234658202491
4319,5394,5395,3,0,0.11642401077602882
4320,5395,5396,1,0,0.19840315261191044
4321,5396,5397,4,0,0.12661359164920197
4322,5397,5398,4,0,0.035698625106249139
4323,5398,5399,3,1,0.61904156740241223
4324,5399,5400,2,1,0.15223964898723524
4325,5400,5401,1,0,0.1521142562820218
4326,5401,5402,4,0,0.080558540763438727
4327,5402,5403,3,0,0.082855347564140133
4328,5403,5404,2,0,0.047676433246342582
4329,5405,5406,4,0,0.21132828774616932
4330,5406,5407,1,0,0.060295239944176494
4331,5407,5408,5,0,0.15388834442789068
4332,5409,5410,4,0,0.12406167259728997
4333,5410,5411,5,0,0.17172257109275024
4334,5411,5412,3,0,0.15862977314340854
4335,5415,5416,1,0,0.11451180785558671
4336,5416,5417,5,0,0.15035377004767941
4337,5417,5418,1,0,0.2139511118091707
4338,5418,5419,2,0,0.069004060013634932
4339,5419,5420,2,1,0.64429085588369794
4340,5420,5421,3,0,0.078420414822647597
4341,5421,5422,5,0,0.076706578556530111
4342,5423,5424,3,0,0.19205652661482006
4343,5424,5425,4,0,0.19877125891010619
4344,5425,5426,4,1,0.27042343627806376
4345,5426,5427,2,1,0.15030996743398709
4346,5427,5428,2,0,0.14552191210873325
4347,5428,5429,4,0,0.46677119055676963
4348,5429,5430,5,0,0.089188804785791609
4349,5430,5431,1,0,0
4350,5431,5432,4,0,0.068993656059156402
4351,5432,5433,4,0,0.086932117972938233
4352,5433,5434,3,0,0.068762734479464682
4353,5434,5435,4,1,0.42012520766225475
4354,5435,5436,4,0,0.13362783916519513
4355,5436,5437,1,0,0.3607861682510396
4356,5438,5439,5,0,0.097601206345491839
4357,5440,5441,5,0,0.28554956787369801
4358,5442,5443,5,0,0.28684038227225989
4359,5443,5444,4,0,0.15611313977979849
4360,5444,5445,1,1,0.70063252390788344
4361,5445,5446,1,0,0.19828062265405477
4362,5446,5447,5,0,0.3655918816267279
4363,5447,5448,5,0,0
4364,5448,5449,2,0,0.075540131367324057
4365,5450,5451,2,0,0.20095911981719988
4366,5451,5452,1,0,0.37685487487936992
4367,5452,5453,2,1,0.25413968061470477
4368,5453,5454,1,0,0.31682252897262325
4369,5454,5455,3,0,0.33941965649876582
4370,5455,5456,3,1,0.50692884644294034
4371,5456,5457,4,0,0.089578913270870988
4372,5457,5458,1,1,0.65001606479555174
4373,5458,5459,1,1,0.47567256678230246
4374,5460,5461,3,0,0.28522391334325942
4375,5462,5463,1,0,0.036703376938240606
4376,5463,5464,4,0,0.11646734247845086
4377,5464,5465,3,0,0.30279799410076463
4378,5466,5467,1,1,0.64392386751683917
4379,5467,5468,4,0,0
4380,5468,5469,1,0,0.37859116337031895
4381,5469,5470,2,0,0.32064728821669963
4382,5470,5471,2,0,0.20338260736252797
4383,5471,5472,1,1,0.19970090251260808
4384,5472,5473,4,1,0.71455252078105813
4385,5473,5474,5,0,0
4386,5474,5475,2,1,0.64176431164804593
4387,5475,5476,2,0,0.19461917696242412
4388,5476,5477,5,0,0.53306030836669682
4389,5478,5479,1,0,0.066266574268537631
4390,5479,5480,1,0,0.11871348403786113
4391,5480,5481,5,0,0.031601128715957064
4392,5481,5482,1,0,0.11326582281671185
4393,5482,5483,4,0,0.35205468876879964
4394,5483,5484,1,0,0.2990077660748407
4395,5484,5485,4,0,0.12024724322301261
4396,5485,5486,2,1,0.64781699324480224
4397,5486,5487,1,0,0.11840269527713777
4398,5487,5488,4,1,0.67472928981206293
4399,5488,5489,3,0,0.075405737521170885
4400,5489,5490,4,0,0.12479751726334036
4401,5490,5491,5,0,0.13340934449589872
4402,5491,5492,2,0,0.03866856394722535
4403,5493,5494,2,0,0.13562002248914298
4404,5494,5495,3,0,0
4405,5495,5496,5,0,0.38945564793375709
4406,5496,5497,4,0,0
4407,5497,5498,2,0,0.32722664063251722
4408,5498,5499,2,0,0.22728683379445561
4409,5500,5501,5,0,0.062354711173167057
4410,5501,5502,2,1,0.12027551503044991
4411,5502,5503,1,0,0.069425212303103057
4412,5503,5504,2,0,0.23704917620929555
4413,5505,5506,3,0,0.25692259311853838
4414,5506,5507,3,0,0.097387071595401567
4415,5507,5508,1,0,0.040401036891893713
4416,5508,5509,4,0,0.20926923685296742
4417,5509,5510,3,0,0.03366452480397425
4418,5510,5511,2,0,0.24264705531207201
4419,5511,5512,2,0,0.16093704188606903
4420,5512,5513,2,1,0.73530920262401245
4421,5513,5514,3,0,0.20397884335334213
4422,5514,5515,1,0,0.16011750504484229
4423,5515,5516,4,1,0.21113216322033837
4424,5517,5518,4,0,0.077284874018366714
4425,5518,5519,1,0,0
4426,5520,5521,2,0,0.10024601251162281
4427,5521,5522,1,0,0.079630509145707767
4428,5522,5523,2,0,0.10564881231868034
4429,5523,5524,3,0,0.11163233704837804
4430,5524,5525,5,0,0.14811260168141085
4431,5525,5526,4,0,0.19453823309967783
4432,5526,5527,1,0,0.03669470436920097
4433,5527,5528,2,0,0.18058771535410781
4434,5528,5529,5,0,0.15907242438583497
4435,5529,5530,2,0,0.1182670010418148
4436,5530,5531,5,0,0.16055703465883883
4437,5532,5533,2,0,0.038036675305814865
4438,5533,5534,2,1,0.12384181577851389
4439,5534,5535,1,1,0.02836156985485869
4440,5535,5536,3,0,0.068245214040745891
4441,5536,5537,1,0,0.1418693178896665
4442,5537,5538,2,0,0.12143397562025984
4443,5538,5539,5,1,0.43524919000878526
4444,5539,5540,2,0,0.037019440939837903
4445,5540,5541,5,0,0.20907883721360804
4446,5541,5542,2,0,0.44851155137943921
4447,5542,5543,5,0,0.52673237381963744
4448,5543,5544,2,0,0.21108271511822638
4449,5544,5545,4,0,0.23887006193437532
4450,5545,5546,5,0,0.13108981715304799
4451,5547,5548,1,0,0.13624827862105171
4452,5548,5549,5,0,0.07388679884423216
4453,5549,5550,1,0,0.46813708674384535
4454,5550,5551,1,0,0.070809423936419272
4455,5551,5552,4,0,0.54561257191563095
4456,5554,5555,2,0,0.19941154828835661
4457,5555,5556,1,0,0.1208757756208879
4458,5557,5558,3,1,0.56345251346518055
4459,5558,5559,4,1,0.15324716147808629
4460,5559,5560,4,0,0.1076631211939581
4461,5560,5561,5,0,0.082444589312640745
4462,5561,5562,4,1,0.24242506397397345
4463,5562,5563,5,0,0.15178625766499035
4464,5563,5564,4,0,0
4465,5565,5566,2,0,0.27811864639102479
4466,5566,5567,3,0,0.12226984628260887
4467,5567,5568,3,0,0.10861308848076048
4468,5568,5569,4,0,0.21891077876257931
4469,5569,5570,2,0,0.14641207342888393
4470,5570,5571,5,0,0.073177480875266238
4471,5571,5572,3,1,0.58681283954593111
4472,5572,5573,5,0,0.04922820290214007
4473,5574,5575,2,1,0.3407773926912101
4474,5575,5576,1,0,0.07781028431976364
4475,5577,5578,3,0,0.27850753413456086
4476,5578,5579,3,0,0.11794594975622547
4477,5579,5580,5,1,0.67554868392033762
4478,5580,5581,3,0,0.3982099581126925
4479,5581,5582,5,0,0.17214650278743579
4480,5582,5583,1,0,0.22790740582101673
4481,5583,5584,4,0,0.32912371068155516
4482,5584,5585,3,0,0.039502042204244234
4483,5585,5586,5,0,0.042269747010604944
4484,5586,5587,2,0,0.1460326890525577
4485,5587,5588,2,1,0.14936746503210957
4486,5590,5591,1,0,0.1624589384860492
4487,5593,5594,1,0,0.10234893698808202
4488,5595,5596,2,0,0.40833102707681795
4489,5596,5597,3,0,0.036957764576700476
4490,5597,5598,5,1,0.19930506109739024
4491,5598,5599,1,0,0.14684007868585278
4492,5599,5600,5,0,0.19976848495436098
4493,5600,5601,2,1,0.60733570305628926
4494,5601,5602,5,0,0.1479826257342467
4495,5602,5603,5,0,0.10543255112427567
4496,5604,5605,5,1,0.12579139972725739
4497,5605,5606,5,0,0.08047617319986386
4498,5606,5607,4,0,0.19242808662669894
4499,5607,5608,2,0,0.035801767700519439
4500,5608,5609,1,0,0.2357729910378899
4501,5609,5610,2,0,0.19263316237205816
4502,5610,5611,3,1,0.70883125774371958
4503,5611,5612,2,0,0.23315427059670696
4504,5612,5613,5,0,0.19675787617917131
4505,5614,5615,3,0,0.10078853528953921
4506,5616,5617,1,0,0.074496531473537561
4507,5617,5618,2,0,0.19681936857390614
4508,5618,5619,3,0,0.082407489071976148
4509,5619,5620,4,0,0.076212836700214101
4510,5620,5621,2,0,0.033346302957634057
4511,5621,5622,1,0,0.29949252175819302
4512,5622,5623,5,0,0.23498088416251856
4513,5623,5624,1,0,0
4514,5627,5628,4,0,0.036204733043849718
4515,5628,5629,5,0,0.71313755893003206
4516,5629,5630,3,0,0.21843878894482396
4517,5630,5631,1,1,0.091833697605417347
4518,5631,5632,1,0,0.11064052897677967
4519,5632,5633,4,0,0.11840628860005148
4520,5634,5635,5,0,0.044303680187597907
4521,5635,5636,2,0,0.04194082942046147
4522,5636,5637,1,0,0.23874290212928151
4523,5637,5638,2,0,0.19651530081312202
4524,5638,5639,2,0,0.61303435552416319
4525,5639,5640,1,0,0.17668397313151821
4526,5640,5641,3,0,0.12112517862437529
4527,5641,5642,5,0,0.16714631763343202
4528,5642,5643,3,0,0.3142509993259161
4529,5644,5645,2,0,0
4530,5645,5646,3,1,0.25937961161478962
4531,5646,5647,1,0,0.054419393614383117
4532,5647,5648,5,1,0.63861537204654761
4533,5648,5649,5,0,0.36771151819001013
4534,5649,5650,1,0,0.037572747147260818
4535,5650,5651,2,0,0.19865703358630291
4536,5651,5652,2,0,0.276161326933622
4537,5652,5653,1,1,0.035503994241132125
4538,5653,5654,5,0,0.068658457182978319
4539,5654,5655,4,0,0.076000659206522228
4540,5655,5656,3,0,0.61154825398498858
4541,5656,5657,4,0,0.069768948178520071
4542,5657,5658,3,0,0.04104468544244249
4543,5658,5659,4,1,0.79620450502244666
4544,5659,5660,4,0,0.13049846417047675
4545,5660,5661,5,0,0.038044819082053975
4546,5661,5662,4,0,0.16287279701673002
4547,5662,5663,5,0,0.12355235722448334
4548,5663,5664,3,0,0.124002652670559
4549,5664,5665,4,0,0.31610037270296759
4550,5665,5666,4,1,0.22851845293177378
4551,5666,5667,4,0,0.040736032054852434
4552,5668,5669,3,1,0.032297786021055125
4553,5669,5670,5,1,0.78693691278747779
4554,5671,5672,4,0,0.10992506036384608
4555,5672,5673,5,0,0.078521785625096777
4556,5673,5674,4,0,0.16507021187555257
4557,5674,5675,5,1,0.72335419847391902
4558,5678,5679,1,0,0.058894082079425154
4559,5680,5681,1,0,0
4560,5681,5682,1,1,0.5963886567150698
4561,5682,5683,3,1,0.56949363509974482
4562,5683,5684,2,0,0.19054568568745536
4563,5685,5686,4,0,0.079381061868761107
4564,5686,5687,3,0,0.15307366429627867
4565,5688,5689,4,0,0
4566,5689,5690,4,0,0.098950071586091273
4567,5690,5691,5,1,0.26059498957759653
4568,5692,5693,4,1,0.41422228746545514
4569,5694,5695,1,1,0.11655465749463054
4570,5695,5696,5,0,0.024560516521881934
4571,5696,5697,1,0,0.11578034231648715
4572,5697,5698,3,1,0.34278811486342819
4573,5698,5699,3,0,0.043177120609215691
4574,5699,5700,1,0,0.035745357850198764
4575,5700,5701,4,1,0.14481134459239425
4576,5701,5702,4,0,0
4577,5702,5703,5,0,0.071060533892056008
4578,5704,5705,3,1,0.12521762763145677
4579,5705,5706,1,1,0.10926453385892479
4580,5707,5708,2,0,0.20649689866836346
4581,5708,5709,1,0,0.12286955527062464
4582,5709,5710,2,0,0.1193782438958013
4583,5710,5711,2,1,0.041387235539829835
4584,5711,5712,4,0,0.043904696275120829
4585,5712,5713,2,0,0
4586,5714,5715,5,1,0.11475009723991149
4587,5715,5716,1,0,0.077063987277106283
4588,5717,5718,4,0,0.28519378450351041
4589,5718,5719,5,0,0.19213353026166152
4590,5719,5720,3,0,0.14193683997696566
4591,5720,5721,4,0,0.1410469091394668
4592,5721,5722,1,1,0.70443835170116531
4593,5723,5724,1,0,0.69850335914371875
4594,5724,5725,1,1,0.86327333382232008
4595,5725,5726,5,0,0.17292113352539557
4596,5726,5727,2,1,0.76378511081782074
4597,5727,5728,2,0,0
4598,5728,5729,4,0,0
4599,5730,5731,5,0,0.15729879378086864
4600,5731,5732,5,0,0.25652782925462564
4601,5732,5733,3,0,0.15112555183720286
4602,5733,5734,4,0,0.03782964682365654
4603,5734,5735,4,1,0.17190579036772885
4604,5735,5736,4,0,0.11938928249711876
4605,5736,5737,2,1,0.62636283355748901
4606,5737,5738,4,0,0.20008777842557715
4607,5739,5740,4,0,0
4608,5741,5742,5,0,0
4609,5742,5743,2,1,0.88588022365391295
4610,5743,5744,5,0,0.32594766366998912
4611,5745,5746,3,0,0.071716941241307078
4612,5746,5747,1,1,0.62742676579961232
4613,5747,5748,3,0,0.19774703199713212
4614,5748,5749,2,0,0.11804851563753586
4615,5751,5752,5,0,0.23330156185034304
4616,5752,5753,2,0,0.14044908180959939
4617,5753,5754,1,1,0.14265459875989497
4618,5754,5755,4,1,0.19919259215828969
4619,5755,5756,1,0,0.51714513211888136
4620,5756,5757,2,1,0.31789628512209112
4621,5757,5758,3,0,0.18842308189249926
4622,5758,5759,1,1,0.079858283016514653
4623,5759,5760,4,0,0.12759415390506071
4624,5765,5766,3,0,0.071260888208627762
4625,5767,5768,3,0,0
4626,5769,5770,2,0,0.54352129656635551
4627,5770,5771,2,1,0.43906716641469895
4628,5771,5772,3,0,0.24583879220549334
4629,5772,5773,5,0,0
4630,5773,5774,1,0,0.063171484591533919
4631,5774,5775,2,0,0.20349534569171046
4632,5775,5776,4,0,0
4633,5776,5777,2,0,0.15906580499471368
4634,5778,5779,1,0,0.1689488002628303
4635,5779,5780,1,0,0.20866591295659354
4636,5780,5781,3,0,0.061433910224408653
4637,5781,5782,1,0,0.036708024895156656
4638,5782,5783,5,0,0.072915444822786654
4639,5783,5784,1,0,0.13990724857782308
4640,5784,5785,4,0,0.22207095277742991
4641,5785,5786,1,1,0.55068513855200429
4642,5787,5788,3,0,0.23861946691645855
4643,5788,5789,2,0,0
4644,5790,5791,5,0,0.3109917140303452
4645,5791,5792,1,0,0.072740179133189864
4646,5792,5793,3,0,0.11399012644320229
4647,5793,5794,4,0,0.62421723782809146
4648,5794,5795,1,0,0.13084940488783106
4649,5796,5797,4,0,0.10301579529689778
4650,5797,5798,5,0,0.019688637065817464
4651,5798,5799,2,0,0.048636315072152721
4652,5799,5800,4,0,0.71005964253856269
4653,5800,5801,3,1,0.21796755404242243
4654,5801,5802,1,0,0
4655,5803,5804,2,0,0.12152297414229116
4656,5805,5806,3,0,0.14136389496039109
4657,5806,5807,5,0,0.082598121263769891
4658,5807,5808,5,1,0.092037975371740827
4659,5808,5809,3,0,0
4660,5809,5810,1,0,0.038364196241023163
4661,5810,5811,2,0,0.35983608425767294
4662,5811,5812,3,0,0.136680246962993
4663,5812,5813,3,1,0.48658924625753697
4664,5814,5815,1,0,0.13892011508037713
4665,5815,5816,1,1,0.18762651793316662
4666,5816,5817,2,1,0.67124408459666629
4667,5817,5818,3,1,0.078827219325511552
4668,5818,5819,1,0,0.035578502292240244
4669,5819,5820,4,1,0.5031877734421859
4670,5820,5821,5,0,0.22809463989422493
4671,5821,5822,2,0,0.058441323741643729
4672,5824,5825,2,0,0.53827585845423864
4673,5825,5826,2,0,0.74896040533339836
4674,5826,5827,3,1,0.18122737610026607
4675,5828,5829,5,0,0.73393381418884296
4676,5829,5830,1,0,0.036786677374176464
4677,5830,5831,4,0,0.089016557809467267
4678,5831,5832,3,1,0.83947444554720174
4679,5832,5833,3,0,0.039906374206273132
4680,5833,5834,3,0,0.59430665127993043
4681,5834,5835,4,0,0.15961715494334169
4682,5835,5836,5,1,0.039030609446996038
4683,5836,5837,4,0,0.18843730678937806
4684,5837,5838,3,1,0.88736333666927614
4685,5838,5839,3,0,0.40612287541215042
4686,5840,5841,1,0,0
4687,5842,5843,5,0,0.053365844245667031
4688,5844,5845,2,0,0.11958008053221338
4689,5845,5846,4,0,0.73517160108020363
4690,5846,5847,4,1,0.355267354248814
4691,5847,5848,2,0,0.20234409374933157
4692,5848,5849,4,0,0.16428336414343506
4693,5849,5850,3,0,0.11891024663823264
4694,5850,5851,2,0,0.049532698149621274
4695,5852,5853,2,1,0.5971023911415253
4696,5853,5854,3,1,0.2639598501111699
4697,5854,5855,4,0,0.18771224317212459
4698,5855,5856,5,0,0
4699,5856,5857,4,0,0.043091304348930541
4700,5857,5858,4,0,0.20173554989421455
4701,5858,5859,1,0,0.11741176196339816
4702,5859,5860,1,0,0.36207621194448708
4703,5860,5861,5,0,0.14569475915540675
4704,5861,5862,2,0,0.11650131668492515
4705,5862,5863,5,0,0.044342713395044898
4706,5863,5864,2,0,0.038390812227276409
4707,5864,5865,1,1,0.1017249573676573
4708,5865,5866,2,0,0.1977708482443003
4709,5867,5868,1,0,0.45890284069643789
4710,5868,5869,4,0,0.086397820858332461
4711,5869,5870,1,0,0
4712,5870,5871,3,1,0.081977210578823553
4713,5871,5872,3,0,0.039003659022646318
4714,5873,5874,5,0,0.12612770014594255
4715,5874,5875,5,1,0.69031328024155358
4716,5876,5877,3,0,0.03610782953418893
4717,5877,5878,4,0,0.12416956013455312
4718,5878,5879,5,0,0.079851248622941032
4719,5879,5880,4,0,0.096087310230347098
4720,5880,5881,3,0,0.052572285212206631
4721,5881,5882,5,0,0
4722,5882,5883,2,0,0.12095077721361128
4723,5883,5884,1,1,0.6773909173585787
4724,5884,5885,3,1,0.53370523317233276
4725,5885,5886,1,0,0.45736864589738147
4726,5886,5887,2,0,0.56858839901524549
4727,5888,5889,5,0,0.19666070897839336
4728,5889,5890,5,0,0.075267057124914466
4729,5890,5891,2,0,0.086415896100199077
4730,5891,5892,4,0,0.089236400579622219
4731,5892,5893,4,1,0.77726547486837827
4732,5894,5895,2,1,0.20768660278637949
4733,5895,5896,4,0,0.10090162749468901
4734,5896,5897,1,0,0.059505205154309286
4735,5897,5898,2,0,0.06844051040956961
4736,5898,5899,4,0,0.28579779470771344
4737,5899,5900,2,0,0.2560429137088569
4738,5900,5901,5,1,0.20005474564218109
4739,5901,5902,3,0,0.68306230142192736
4740,5902,5903,3,0,0.12929877018110916
4741,5903,5904,3,0,0.32803950926732883
4742,5904,5905,3,0,0.18241948911397779
4743,5905,5906,4,1,0.037913627633736319
4744,5906,5907,2,0,0.060420773783597739
4745,5907,5908,4,0,0.68421954282152442
4746,5910,5911,2,0,0.24096396422736449
4747,5911,5912,3,0,0.079861253196988474
4748,5912,5913,3,1,0.16343907599502128
4749,5915,5916,1,0,0.88254657258560942
4750,5916,5917,3,0,0.033873231492280734
4751,5917,5918,4,1,0.13019228440895605
4752,5918,5919,5,0,0.31609792593315328
4753,5919,5920,3,0,0.23619059873395898
4754,5920,5921,5,1,0.27008682743597817
4755,5922,5923,5,0,0.037779805648994115
4756,5923,5924,1,0,0.2115877875759756
4757,5924,5925,1,1,0.30741671713936536
4758,5925,5926,2,0,0.2955063664474793
4759,5926,5927,2,0,0.07152017025971516
4760,5927,5928,5,1,0.074077220107788042
4761,5928,5929,1,0,0.038250940646395531
4762,5930,5931,2,1,0.79684101998779877
4763,5932,5933,4,0,0.33035929543024312
4764,5933,5934,2,0,0.14309592827183679
4765,5934,5935,5,0,0.035992744125925936
4766,5936,5937,1,0,0.07662078704669642
4767,5937,5938,4,0,0.22271303611854726
4768,5938,5939,4,0,0.097171003885456436
4769,5939,5940,3,0,0.21881500092982875
4770,5941,5942,2,0,0.27393917741380186
4771,5942,5943,3,0,0.11232254244804618
4772,5943,5944,4,0,0.086670786560809926
4773,5944,5945,1,0,0
4774,5947,5948,5,0,0.1222191496396467
4775,5949,5950,1,1,0.14435527156886399
4776,5950,5951,3,0,0.10138252588490305
4777,5951,5952,2,0,0.13151410087266452
4778,5952,5953,3,0,0.1985680774302655
4779,5953,5954,1,1,0.19653406639862414
4780,5955,5956,2,0,0.2759553290471517
4781,5957,5958,5,0,0
4782,5959,5960,2,0,0.4209585557339291
4783,5960,5961,5,0,0.097541171087907996
4784,5961,5962,5,0,0
4785,5962,5963,1,0,0.21815911528704893
4786,5963,5964,2,0,0.58281926563860609
4787,5965,5966,1,0,0.10801156673297334
4788,5966,5967,4,0,0.12456940886035897
4789,5967,5968,1,0,0.038179819105860498
4790,5969,5970,5,0,0
4791,5970,5971,3,1,0.075520799515331472
4792,5972,5973,5,1,0.029428348713199066
4793,5973,5974,4,0,0.11913484805463806
4794,5974,5975,2,0,0.042336456136459144
4795,5976,5977,3,0,0.23660689149508451
4796,5977,5978,2,0,0.75379323837574697
4797,5979,5980,5,1,0.59736864738888362
4798,5981,5982,1,0,0.063823579357037863
4799,5982,5983,3,1,0.27876922262231202
4800,5983,5984,1,0,0.12495649994452294
4801,5985,5986,3,0,0.75415791390823539
4802,5989,5990,3,0,0.037688490365271984
4803,5990,5991,5,0,0.24765656727384794
4804,5991,5992,4,0,0.17325183524837037
4805,5992,5993,5,0,0.4940529368705523
4806,5993,5994,3,0,0.3019038373841309
4807,5994,5995,5,0,0.11535242556291038
4808,5995,5996,2,0,0.15299535473404208
4809,5996,5997,4,0,0.14219450919740226
4810,5997,5998,3,0,0.16260032279339523
4811,5998,5999,5,0,0
4812,5999,6000,4,0,0.26370078065921565
4813,6000,6001,1,0,0.30734329542234473
4814,6001,6002,2,0,0.1416017630245405
4815,6002,6003,1,1,0.10900231480862345
4816,6003,6004,2,0,0.080947907751954845
4817,6004,6005,1,0,0.18772236373600198
4818,6005,6006,1,0,0.11962579196117726
4819,6006,6007,5,1,0.30050241548227569
4820,6007,6008,3,0,0.11379570240436176
4821,6008,6009,2,0,0.04154440243531677
4822,6009,6010,1,0,0.24063165015090426
4823,6010,6011,3,0,0.15818469075002428
4824,6011,6012,1,0,0.23318552267114351
4825,6014,6015,5,1,0.30895622604238693
4826,6015,6016,3,1,0.33717970472711489
4827,6016,6017,1,0,0.16702154059618751
4828,6017,6018,3,1,0.25572573394712084
4829,6018,6019,4,0,0.24002634794305
4830,6019,6020,1,1,0.28016640167919721
4831,6020,6021,2,0,0.080476735346508621
4832,6021,6022,4,0,0.19885943786267771
4833,6022,6023,2,0,0
4834,6024,6025,5,0,0.11747782090851681
4835,6026,6027,5,0,0.04180599832295185
4836,6027,6028,3,0,0.11435059277411426
4837,6028,6029,1,0,0.11260110069794942
4838,6029,6030,3,1,0.074035764136762036
4839,6030,6031,3,0,0.035218311651264447
4840,6031,6032,1,0,0.32947942394207286
4841,6032,6033,1,0,0
4842,6033,6034,2,0,0.11584878798362604
4843,6034,6035,4,1,0.28065628753407434
4844,6035,6036,1,1,0.15059411589796695
4845,6036,6037,2,0,0.1485794176512206
4846,6038,6039,5,0,0.51105572594281012
4847,6039,6040,2,0,0.17467961678265634
4848,6040,6041,4,1,0.79195287547705873
4849,6041,6042,4,0,0
4850,6042,6043,4,0,0
4851,6043,6044,3,0,0.16365292999298051
4852,6044,6045,2,1,0.89156223038346261
4853,6045,6046,5,1,0.66693867521108963
4854,6047,6048,3,1,0.58937940979037362
4855,6048,6049,1,0,0.18884637840162652
4856,6049,6050,5,0,0.49401401959612112
4857,6050,6051,3,0,0.11476620223756939
4858,6051,6052,1,1,0.25297974590337163
4859,6052,6053,2,0,0.46658566309485405
4860,6053,6054,4,1,0.25420548576291668
4861,6054,6055,5,1,0.20764385957598261
4862,6055,6056,2,1,0.71435673442036984
4863,6056,6057,1,0,0.15076856176448394
4864,6057,6058,2,0,0.26788920000979805
4865,6058,6059,5,0,0.13771570226330476
4866,6062,6063,3,0,0.18737039704502084
4867,6063,6064,1,0,0.20413315582495822
4868,6064,6065,2,0,0.037170352531341752
4869,6066,6067,4,0,0.36002063544217
4870,6070,6071,2,0,0.11925152995909141
4871,6071,6072,2,0,0
4872,6073,6074,1,1,0.085494326059710996
4873,6074,6075,1,0,0
4874,6075,6076,5,0,0
4875,6077,6078,2,0,0.038152542123676934
4876,6078,6079,4,1,0.67758778503612294
4877,6079,6080,3,0,0
4878,6080,6081,2,0,0.039031422402495186
4879,6081,6082,1,0,0.19562518669703063
4880,6082,6083,5,0,0.66869282812009301
4881,6083,6084,2,1,0.43677357052792959
4882,6084,6085,2,1,0.86186124686891086
4883,6086,6087,3,0,0.091999278421775521
4884,6087,6088,2,1,0.072933903945509318
4885,6088,6089,3,1,0.45177466847653086
4886,6090,6091,3,0,0.13225638097664771
4887,6091,6092,4,0,0.075670570739940601
4888,6092,6093,2,0,0.088072533053646443
4889,6093,6094,1,0,0.19104404230581515
4890,6095,6096,5,0,0
4891,6096,6097,4,1,0.17006828970646665
4892,6097,6098,1,1,0.21492391419456178
4893,6098,6099,1,1,0.1200539906451919
4894,6099,6100,2,0,0.25733446260932408
4895,6100,6101,5,0,0.082409056645177156
4896,6101,6102,5,0,0.1595564520407729
4897,6103,6104,2,0,0.15493185759772773
4898,6104,6105,5,1,0.10273692809365369
4899,6105,6106,3,0,0.030452682218208196
4900,6107,6108,4,1,0.29139650489948088
4901,6108,6109,2,1,0.61903855491142434
4902,6110,6111,1,0,0.11607382399272484
4903,6111,6112,5,1,0.78832791145670644
4904,6112,6113,5,0,0.2022289600687297
4905,6113,6114,4,0,0.14884916666763323
4906,6114,6115,1,0,0.15117851660077988
4907,6115,6116,1,0,0.037110812364015568
4908,6116,6117,5,0,0.30436165325598269
4909,6117,6118,1,0,0.15420402355931223
4910,6120,6121,2,1,0.66342855888900687
4911,6121,6122,4,1,0.70422287018960916
4912,6122,6123,5,1,0.69503114510485942
4913,6123,6124,1,0,0.15752561180873037
4914,6124,6125,2,0,0.22256311020288574
4915,6125,6126,2,0,0.074775383190736289
4916,6126,6127,1,1,0.070615781627195062
4917,6127,6128,5,1,0.60676037775509784
4918,6128,6129,3,0,0.036567989332372777
4919,6130,6131,4,0,0.030668316694262652
4920,6131,6132,2,0,0
4921,6132,6133,4,1,0.60689172499280164
4922,6134,6135,1,1,0.15867616812322846
4923,6136,6137,3,0,0.073603417227811579
4924,6137,6138,1,1,0.22059917703896523
4925,6138,6139,4,1,0.15613725144654322
4926,6139,6140,5,0,0.12339406325975703
4927,6141,6142,2,0,0.076338752561762716
4928,6142,6143,5,0,0
4929,6143,6144,2,0,0.11801124850670799
4930,6144,6145,5,0,0.078841574662056657
4931,6145,6146,2,0,0.4046808069338878
4932,6146,6147,5,0,0.63388086064805638
4933,6147,6148,3,0,0.039516545674491921
4934,6148,6149,3,0,0.25523184699456158
4935,6149,6150,2,0,0.18113495698998214
4936,6150,6151,2,1,0.042907255517678232
4937,6152,6153,2,0,0.055240138151384628
4938,6153,6154,5,1,0.11631078442359398
4939,6154,6155,1,1,0.54258299488333506
4940,6156,6157,1,1,0.29959117301622273
4941,6157,6158,5,0,0.12341316141929011
4942,6158,6159,4,0,0.074760752122822668
4943,6159,6160,2,0,0.47931836451757504
4944,6163,6164,2,1,0.17831562474873466
4945,6164,6165,3,0,0.068101953232672444
4946,6166,6167,4,1,0.30042473311418966
4947,6168,6169,1,0,0.067561824234687165
4948,6169,6170,2,1,0.15473037113228608
4949,6170,6171,4,0,0.2103617898488179
4950,6171,6172,1,0,0.24118517738663661
4951,6172,6173,2,0,0.041316262690909884
4952,6174,6175,4,1,0.79763587360330179
4953,6176,6177,2,1,0.60434336885775086
4954,6179,6180,5,0,0.094658476516679177
4955,6180,6181,1,1,0.24165590260276015
4956,6181,6182,2,1,0.68942687246773871
4957,6182,6183,1,1,0.70378828165459639
4958,6183,6184,4,1,0.11976571121798568
4959,6184,6185,3,0,0.040076504137054721
4960,6186,6187,4,1,0.17448173274696152
4961,6187,6188,5,0,0
4962,6188,6189,4,0,0.16754338087441512
4963,6189,6190,4,0,0
4964,6190,6191,2,0,0.16496707041030681
4965,6191,6192,1,1,0.27696335203185563
4966,6192,6193,3,0,0.22503602599716191
4967,6193,6194,1,0,0.51142768718209564
4968,6194,6195,3,0,0.074832547586745957
4969,6195,6196,3,0,0.25452061226062445
4970,6196,6197,4,0,0.63316370270485389
4971,6197,6198,5,0,0.078430987761036242
4972,6199,6200,4,0,0.077788361681148527
4973,6200,6201,1,0,0.23698903301612681
4974,6202,6203,2,0,0.080987536121805828
4975,6203,6204,3,0,0.14440332294977112
4976,6204,6205,5,1,0.18760382750068386
4977,6205,6206,5,0,0.037774344110358203
4978,6206,6207,5,0,0.28176595761966389
4979,6207,6208,3,0,0
4980,6208,6209,5,0,0.277631439122205
4981,6209,6210,1,0,0.071566987472988425
4982,6210,6211,4,0,0.65613676790479936
4983,6212,6213,2,0,0.036611203255716346
4984,6213,6214,1,0,0.033060506422189946
4985,6214,6215,4,0,0.045479328378605882
4986,6216,6217,5,0,0.25712653100712746
4987,6218,6219,2,0,0.44953322424115449
4988,6219,6220,1,0,0.14197607333958648
4989,6220,6221,4,0,0.16669119044647762
4990,6221,6222,3,1,0.63319482231020008
4991,6223,6224,3,0,0.11381774859299655
4992,6224,6225,4,0,0.23820183966209202
4993,6225,6226,2,0,0.10517086767228086
4994,6226,6227,5,0,0.15482142807080582
4995,6229,6230,5,1,0.27734097565141169
4996,6230,6231,2,0,0.20171897098303937
4997,6231,6232,4,0,0.10454542096870691
4998,6232,6233,3,0,0.6295976006732813
4999,6233,6234,1,0,0.078058664573178213
5000,6234,6235,3,0,0.20644382268086969
5001,6235,6236,5,0,0.29523431817744938
5002,6238,6239,4,1,0.20086710130624963
5003,6240,6241,5,1,0.34678450917729453
5004,6242,6243,1,0,0.12026636415126242
5005,6245,6246,2,0,0.032283928567854531
5006,6246,6247,2,0,0.083284009222676703
5007,6247,6248,5,0,0.11467249329450981
5008,6248,6249,1,0,0.041245660848615709
5009,6249,6250,4,0,0.61968413112619991
5010,6250,6251,2,0,0.19123513550738547
5011,6252,6253,3,0,0.19590061110953136
5012,6253,6254,4,0,0.252719817183782
5013,6254,6255,5,0,0.070538478130628732
5014,6255,6256,1,1,0.70019528229741446
5015,6256,6257,2,0,0.15137916941065999
5016,6257,6258,4,0,0.47065192744064388
5017,6258,6259,2,0,0
5018,6259,6260,2,0,0.2861836218015793
5019,6260,6261,2,0,0.14240141909292772
5020,6262,6263,2,0,0.091624956896883353
5021,6264,6265,1,0,0.2301480582714644
5022,6265,6266,5,0,0.15782571356368369
5023,6266,6267,5,0,0.21910761900488107
5024,6267,6268,1,0,0.13036683322604942
5025,6268,6269,2,1,0.5563567629055739
5026,6269,6270,5,0,0.1480404911854496
5027,6270,6271,3,0,0.10495638905865137
5028,6273,6274,4,0,0
5029,6274,6275,4,0,0.25177617500326926
5030,6275,6276,1,0,0.11896854488865197
5031,6277,6278,1,1,0.55129436747765292
5032,6278,6279,5,0,0.27151387675996908
5033,6279,6280,3,0,0.045033245436479089
5034,6280,6281,3,0,0.19979711046070239
5035,6281,6282,2,1,0.68923846953544921
5036,6282,6283,3,0,0.41224860815886066
5037,6283,6284,1,0,0.17056388883195744
5038,6285,6286,3,0,0.57012863983407458
5039,6286,6287,2,0,0.14235384153050368
5040,6288,6289,5,0,0.075443592696084971
5041,6289,6290,3,0,0.57251914917041247
5042,6290,6291,3,0,0.14781487967192752
5043,6291,6292,1,1,0.11154606273495463
5044,6292,6293,3,1,0.035176555986774424
5045,6293,6294,1,0,0.19861227945310692
5046,6294,6295,4,0,0
5047,6295,6296,3,0,0
5048,6296,6297,2,0,0.12655726670941281
5049,6297,6298,5,0,0
5050,6298,6299,1,0,0.080850067814585258
5051,6299,6300,3,0,0.076565088613667426
5052,6300,6301,4,0,0.80203555010794791
5053,6301,6302,5,0,0.23288193035665972
5054,6302,6303,1,0,0.039373837775001891
5055,6303,6304,1,0,0.07531119395337578
5056,6305,6306,1,1,0.58609891226150679
5057,6307,6308,4,0,0.11642640428614677
5058,6309,6310,3,0,0.039839405706400946
5059,6310,6311,4,0,0.3102489846123217
5060,6311,6312,1,0,0.077381493380252089
5061,6312,6313,2,1,0.081903787400682479
5062,6313,6314,1,0,2.6204447997849881e-06
5063,6316,6317,2,0,0
5064,6317,6318,4,0,0.16592283466111868
5065,6318,6319,2,1,0.4326385592801773
5066,6320,6321,2,1,0.68801843962854303
5067,6321,6322,2,0,0.120768229755296
5068,6322,6323,3,0,0.19349798294793924
5069,6323,6324,3,0,0.12137659810907166
5070,6324,6325,1,0,0.11556310929039655
5071,6325,6326,5,0,0.12720506259797884
5072,6326,6327,5,0,0.050043297822936025
5073,6327,6328,4,1,0.65586688542160154
5074,6329,6330,1,0,0.074921912048040412
5075,6330,6331,1,0,0.12176039897056463
5076,6331,6332,3,1,0.58885438444157467
5077,6332,6333,5,1,0.14424522663748904
5078,6333,6334,4,0,0.17329647911686274
5079,6336,6337,3,0,0.077420638779363574
5080,6338,6339,2,0,0.27233945462470954
5081,6339,6340,2,0,0.15893456817595455
5082,6340,6341,4,0,0
5083,6342,6343,2,0,0.25542375998318967
5084,6343,6344,3,1,0.65632081483540061
5085,6344,6345,1,1,0.65385390544727118
5086,6345,6346,3,1,0.4487027066502261
5087,6346,6347,3,0,0.23057436439342882
5088,6348,6349,2,1,0.93012114782685185
5089,6349,6350,1,0,0.28178085286640131
5090,6350,6351,4,0,0.12839131323476471
5091,6356,6357,1,0,0.19637932567826843
5092,6357,6358,2,1,0.39322201725348244
5093,6358,6359,1,0,0.23890813701201749
5094,6359,6360,1,0,0.082635031330276304
5095,6360,6361,4,0,0.038664110897688238
5096,6361,6362,2,1,0.62785935039345742
5097,6362,6363,4,0,0.58962047003915152
5098,6363,6364,4,1,0.22323414550984882
5099,6364,6365,5,0,0.11201847664495643
5100,6365,6366,4,1,0.32132530073450827
5101,6367,6368,4,0,0.037334311200448472
5102,6368,6369,5,0,0.27312757565527607
5103,6369,6370,4,0,0.25903049030493736
5104,6371,6372,4,1,0.35843501564151586
5105,6372,6373,2,0,0.22814291053578811
5106,6375,6376,5,0,0.081652693458479877
5107,6376,6377,2,0,0.22521382135377604
5108,6377,6378,4,0,0.16026036435748001
5109,6378,6379,4,1,0.47472892917039561
5110,6379,6380,3,1,0.66561795037900584
5111,6380,6381,4,0,0.14024150010031081
5112,6381,6382,2,0,0.18141687672892454
5113,6383,6384,5,0,0.11113393391516195
5114,6384,6385,2,0,0.24188914023697772
5115,6387,6388,5,0,0
5116,6388,6389,2,0,0.38475507907822065
5117,6389,6390,2,0,0.3146068339389948
5118,6391,6392,2,0,0.30361759039733754
5119,6392,6393,3,1,0
5120,6393,6394,2,0,0.077372740376537269
5121,6394,6395,2,0,0.033026228085593426
5122,6396,6397,5,0,0.19130670216719328
5123,6398,6399,3,0,0.14669691510601693
5124,6399,6400,2,1,0.65663743821455489
5125,6400,6401,5,0,0.13533984630948848
5126,6401,6402,4,0,0.17480798449428062
5127,6402,6403,3,1,0.16456023904574552
5128,6404,6405,4,0,0.058128016636099178
5129,6405,6406,3,0,0.45191545345760231
5130,6406,6407,4,1,0.22515738505417859
5131,6407,6408,4,0,0.52469842115195553
5132,6408,6409,5,0,0.29824394671189469
5133,6409,6410,4,0,0.17692006376828687
5134,6410,6411,4,0,0.11915771058418247
5135,6412,6413,2,1,0.074887368072232258
5136,6413,6414,5,1,0.078620957430097144
5137,6415,6416,3,0,0.10090116605274085
5138,6416,6417,1,1,0.85287041502899164
5139,6417,6418,1,0,0.070343604058167211
5140,6418,6419,5,0,0.19531109360560148
5141,6419,6420,1,0,0.058158763081297617
5142,6420,6421,4,1,0.15301701676692425
5143,6421,6422,3,0,0
5144,6422,6423,1,0,0.039430330466354656
5145,6424,6425,4,0,0.05596605472397035
5146,6426,6427,2,1,0.60890781190133814
5147,6428,6429,1,1,0.43416023204983439
5148,6429,6430,2,1,0.23739471076953339
5149,6431,6432,2,0,0.10681046576296634
5150,6432,6433,4,0,0.27248092910827448
5151,6433,6434,1,0,0.18608802564851545
5152,6434,6435,5,0,0.65540260371238668
5153,6435,6436,4,0,0.44868563009832862
5154,6437,6438,5,0,0.14851995641686555
5155,6438,6439,4,0,0.15486981681693676
5156,6439,6440,5,0,0.1049511313199348
5157,6440,6441,2,0,0.11154726908951555
5158,6441,6442,4,0,0.070773499627228717
5159,6443,6444,3,0,0.10927658297446745
5160,6444,6445,5,0,0.33213147827116579
5161,6445,6446,4,1,0.283690835929437
5162,6446,6447,1,0,0.38195070558352584
5163,6447,6448,1,0,0.22909322398562212
5164,6448,6449,2,0,0.15138017869327614
5165,6449,6450,4,1,0.16328456052873838
5166,6452,6453,4,0,0.085871688818160527
5167,6453,6454,3,0,0.42239658341738878
5168,6454,6455,2,0,0.16289526097663221
5169,6456,6457,2,0,0.075855745098556526
5170,6457,6458,4,0,0.11441166375066686
5171,6458,6459,2,0,0.11088649952303001
5172,6459,6460,3,0,0.11083621676929452
5173,6460,6461,2,0,0.041863290178805058
5174,6461,6462,2,0,0.18612629356363858
5175,6462,6463,2,0,0.037349092143289145
5176,6464,6465,1,0,0.22454302651908983
5177,6465,6466,5,0,0.040653363931530906
5178,6466,6467,4,0,0
5179,6467,6468,3,0,0.13576862725302688
5180,6468,6469,5,0,0.045430840948600705
5181,6469,6470,5,0,0.22189834624084359
5182,6471,6472,3,0,0
5183,6472,6473,4,0,0.14621950779658224
5184,6474,6475,3,0,0.20700544660779613
5185,6475,6476,5,1,0.44357981572848643
5186,6476,6477,3,0,0.074993081034311029
5187,6477,6478,2,0,0
5188,6478,6479,5,1,0.40815367308938677
5189,6479,6480,2,0,0.1978448077790157
5190,6480,6481,1,0,0.19319704394352327
5191,6481,6482,4,0,0.44140366974589507
5192,6482,6483,4,0,0
5193,6483,6484,2,1,0.22849467955873082
5194,6484,6485,5,0,0.12272524578742114
5195,6485,6486,4,0,0.13337825875765646
5196,6487,6488,1,1,0.13973689397020655
5197,6488,6489,3,0,0.11757934707095635
5198,6490,6491,1,0,0.086656799076228197
5199,6492,6493,3,1,0.76551031020534699
5200,6494,6495,4,0,0.11232838998136453
5201,6499,6500,4,0,0.16266866806744401
5202,6500,6501,4,1,0.27353196274432695
5203,6501,6502,5,0,0.041279851366357666
5204,6502,6503,2,0,0.11215562423746446
5205,6503,6504,1,0,0.15825746099193266
5206,6504,6505,2,0,0.2383604140053073
5207,6505,6506,4,1,0.13171029388753516
5208,6506,6507,1,0,0.47724811507494774
5209,6507,6508,3,0,0.2469607152098412
5210,6508,6509,5,0,0.091659673608862874
5211,6509,6510,4,1,0.72491393029688045
5212,6510,6511,2,0,0.14702299314577053
5213,6511,6512,5,0,0.28768014956042354
5214,6512,6513,1,1,0.54814361242331655
5215,6513,6514,5,0,0.52848398285250275
5216,6516,6517,4,0,0.16914576710539025
5217,6517,6518,3,0,0.3531663150135404
5218,6518,6519,2,1,0.11469995794660372
5219,6519,6520,3,0,0.36982784736879459
5220,6520,6521,1,1,0.27450713004664745
5221,6521,6522,2,1,0.15629210928865597
5222,6522,6523,2,0,0.15958617492464955
5223,6526,6527,4,0,0.4352644979970845
5224,6527,6528,2,0,0.79351202210650573
5225,6528,6529,1,1,0.10094605481109109
5226,6530,6531,1,1,0.57844933046962199
5227,6531,6532,2,0,0.38102208194932474
5228,6532,6533,1,0,0.21479247132842258
5229,6533,6534,3,0,0.1071636597392651
5230,6534,6535,4,0,0.033321920479167502
5231,6535,6536,1,0,0.027497543359897604
5232,6538,6539,4,0,0.23183930541304559
5233,6539,6540,3,1,0.40090482364252061
5234,6540,6541,3,1,0.8820050337616604
5235,6541,6542,2,0,0.2309172125780824
5236,6542,6543,5,0,0.063817065873238182
5237,6543,6544,1,0,0.13215521494186608
5238,6544,6545,1,0,0
5239,6545,6546,4,0,0.2545480063161904
5240,6546,6547,3,0,0.17221296883187287
5241,6548,6549,4,0,0.061255752267648768
5242,6549,6550,2,0,0.073044212784875148
5243,6550,6551,4,1,0.50841026695571556
5244,6551,6552,4,1,0.040184972139246274
5245,6552,6553,3,1,0.033087346668651929
5246,6553,6554,4,0,0.11730126021009275
5247,6555,6556,1,0,0.52062383590425365
5248,6556,6557,3,1,0.802678023721901
5249,6557,6558,1,1,0.37964132745736479
5250,6558,6559,4,0,0.04903829507457446
5251,6560,6561,4,0,0.039842093188760898
5252,6561,6562,5,0,0.17026323636877141
5253,6562,6563,2,0,0.10383220865833996
5254,6566,6567,2,1,0.27174506516902874
5255,6567,6568,5,0,0.20409633384505649
5256,6568,6569,1,0,0.11969828091219542
5257,6570,6571,1,0,0.16267010493191747
5258,6573,6574,3,0,0.15852871626137399
5259,6574,6575,2,0,0.1749391677683983
5260,6575,6576,1,1,0.40830455069801275
5261,6576,6577,1,0,0.082007321406294131
5262,6577,6578,1,0,0.14696001530778108
5263,6578,6579,3,0,0.12545526381177904
5264,6579,6580,5,1,0.57048686447669494
5265,6580,6581,2,0,0.037479858248730673
5266,6581,6582,3,1,0.68679926398267588
5267,6583,6584,4,1,0.21417999165673288
5268,6584,6585,2,0,0.1346950276583711
5269,6585,6586,3,0,0.43448509985856121
5270,6587,6588,5,0,0.17736969627108551
5271,6588,6589,2,0,0.05037750629765235
5272,6590,6591,4,0,0.037692847919887439
5273,6592,6593,1,0,0.12296575146444103
5274,6594,6595,3,0,0.039095938718026246
5275,6595,6596,1,0,0.57333224031804819
5276,6596,6597,3,0,0.18031904291427253
5277,6597,6598,2,0,0
5278,6598,6599,1,0,0.033462510601924567
5279,6600,6601,3,0,0.64369244703915218
5280,6601,6602,3,0,0.10800563691181843
5281,6602,6603,3,0,0.15301289657854261
5282,6604,6605,1,0,0.35797530744042871
5283,6605,6606,5,0,0.035437041931850946
5284,6606,6607,2,0,0
5285,6607,6608,3,0,0.7060565505672991
5286,6609,6610,2,0,0.038274752213251668
5287,6610,6611,4,0,0.073139650428543368
5288,6611,6612,4,0,0
5289,6612,6613,5,0,0.21627853020051638
5290,6613,6614,3,0,0.36746140203864941
5291,6614,6615,4,0,0.0402007839038254
5292,6615,6616,1,1,0.19712042543229219
5293,6616,6617,3,0,0.1853585305263141
5294,6617,6618,3,0,0.51917177656280966
5295,6618,6619,3,0,0.11855919585482572
5296,6619,6620,2,0,0.07199436600741585
5297,6620,6621,4,0,0.074397618516227379
5298,6622,6623,5,0,0.1071706900417027
5299,6623,6624,5,1,0.27033642778666356
5300,6624,6625,3,0,0.041396276623500004
5301,6625,6626,1,0,0.11898620917149479
5302,6626,6627,2,0,0.11367058552764267
5303,6627,6628,3,0,0.67142084683134196
5304,6628,6629,2,0,0.069162606294875764
5305,6629,6630,5,1,0.69434985064335841
5306,6630,6631,4,0,0.16650166439885386
5307,6631,6632,3,0,0.19947013279886414
5308,6632,6633,2,0,0.11535357422062961
5309,6634,6635,1,0,0.20167713507973292
5310,6635,6636,4,1,0.60840298173964436
5311,6636,6637,4,1,0.86185602680182349
5312,6637,6638,4,0,0
5313,6638,6639,1,0,0.19142297497262878
5314,6639,6640,4,1,0.20717153300118324
5315,6640,6641,5,1,0.039114518770673332
5316,6641,6642,5,0,0.039780918207931698
5317,6642,6643,1,0,0.44222626129375303
5318,6643,6644,2,0,0.19440343892269329
5319,6644,6645,4,0,0.1442457167530401
5320,6645,6646,2,1,0.87511088520968883
5321,6646,6647,1,0,0.065053416136031633
5322,6647,6648,5,0,0.75055689738414944
5323,6648,6649,2,0,0.14576314779567259
5324,6649,6650,5,0,0.16791943306914872
5325,6650,6651,2,0,0.12048997409292771
5326,6651,6652,1,0,0.13604669506254591
5327,6652,6653,1,0,0
5328,6658,6659,3,1,0.37040803104663161
5329,6659,6660,3,0,0.55766701979146183
5330,6660,6661,3,0,0.061635521064794266
5331,6661,6662,5,0,0.18166921540670233
5332,6662,6663,3,1,0.19995698025204697
5333,6663,6664,4,0,0
5334,6664,6665,3,0,0.15748753091336617
5335,6666,6667,1,1,0.47968734176851185
5336,6667,6668,1,0,0.61551423157293184
5337,6668,6669,2,0,0.075723730551112048
5338,6669,6670,4,0,0.11955850661982646
5339,6671,6672,2,0,0.27273079649444915
5340,6672,6673,3,0,0.14736425600513237
5341,6673,6674,1,0,0.51176070689095177
5342,6674,6675,1,0,0.075236182770634569
5343,6675,6676,5,0,0.11023504707693589
5344,6676,6677,5,0,0.076571093135740745
5345,6677,6678,3,0,0.39319895604122385
5346,6679,6680,5,0,0.3808672248621634
5347,6680,6681,5,0,0.15124902965877296
5348,6681,6682,3,0,0.060249021053487631
5349,6682,6683,2,1,0.43598804122034079
5350,6683,6684,1,1,0.35785762168589136
5351,6684,6685,3,0,0
5352,6685,6686,5,0,0
5353,6686,6687,3,1,0.75162663175941224
5354,6687,6688,2,1,0.69329089743549155
5355,6688,6689,2,0,0.5191236013705095
5356,6689,6690,3,0,0.16875489179751385
5357,6690,6691,5,0,0.11428113431521258
5358,6691,6692,1,0,0.077335769673937294
5359,6692,6693,5,0,0.26929759900362804
5360,6693,6694,5,0,0
5361,6695,6696,2,0,0.32058469565872538
5362,6696,6697,5,0,0.11329622408910615
5363,6697,6698,1,0,0.11065415328663053
5364,6698,6699,1,0,0.13598620514574036
5365,6700,6701,1,1,0.73302386378298723
5366,6701,6702,3,0,0.086125355024376876
5367,6702,6703,2,1,0.58389625948583401
5368,6703,6704,2,0,0.0407949973953355
5369,6704,6705,1,0,0.24022445665185219
5370,6705,6706,5,0,0.10524447962846203
5371,6706,6707,4,0,0.216013740270809
5372,6707,6708,4,0,0.11547751768645903
5373,6708,6709,4,0,0.60419317299394582
5374,6709,6710,4,0,0.13718063720505178
5375,6710,6711,5,0,0.15595776893576979
5376,6712,6713,2,0,0.048902324997970176
5377,6713,6714,4,0,0
5378,6714,6715,2,0,0.25898232401801846
5379,6715,6716,4,0,0.15523438925339517
5380,6716,6717,4,0,0.20665609608948585
5381,6718,6719,1,0,0.077747388403851175
5382,6719,6720,3,1,0.12059363855922429
5383,6720,6721,5,0,0.18747115572012127
5384,6721,6722,3,0,0.12654963935474906
5385,6723,6724,2,1,0.81151114100306676
5386,6725,6726,3,1,0.39528068618390272
5387,6726,6727,4,1,0.84520897397283334
5388,6727,6728,4,0,0.032059574712239233
5389,6728,6729,5,0,0.062732586559421752
5390,6730,6731,2,0,0.24224108421581775
5391,6733,6734,3,0,0.11411850643963425
5392,6735,6736,4,0,0.077345856123863549
5393,6739,6740,1,0,0.081930059424958693
5394,6740,6741,1,0,0.20447554220920219
5395,6741,6742,1,0,0.20012592747229835
5396,6742,6743,1,0,0.076831780957492754
5397,6743,6744,4,0,0.10654277051988265
5398,6746,6747,4,0,0.073204227872974786
5399,6748,6749,3,1,0.15525752399381376
5400,6749,6750,2,0,0.14965707436367173
5401,6753,6754,1,1,0.42755084531846782
5402,6754,6755,1,0,0.091696848766368327
5403,6755,6756,4,1,0.078276695353024062
5404,6756,6757,1,0,0.26407353471977191
5405,6757,6758,5,0,0.23815033940911817
5406,6758,6759,4,1,0.14952361455758564
5407,6760,6761,5,0,0.18519417432695814
5408,6762,6763,1,0,0.21013762040536355
5409,6763,6764,4,0,0.033987816482016597
5410,6764,6765,5,0,0.086136382920353027
5411,6765,6766,1,0,0.034871607316751693
5412,6766,6767,3,0,0.065524376571681142
5413,6767,6768,2,1,0.071170027208927539
5414,6768,6769,4,0,0.11942646863531121
5415,6769,6770,2,0,0.10345020744988385
5416,6770,6771,2,0,0.072907450533279836
5417,6771,6772,4,0,0.3960929192704537
5418,6772,6773,1,0,0.18646163208735944
5419,6773,6774,1,1,0.12034059155296339
5420,6774,6775,1,0,0.036608296292480733
5421,6775,6776,4,0,0.074441035400087854
5422,6776,6777,1,0,0.066951565716616229
5423,6777,6778,1,0,0.27692239125102008
5424,6778,6779,4,0,0
5425,6779,6780,3,0,0.15075758938376893
5426,6780,6781,5,0,0.084366509964768827
5427,6782,6783,3,0,0.039409718039925754
5428,6783,6784,5,1,0.62638846348802302
5429,6784,6785,5,0,0.39004994930918691
5430,6785,6786,2,0,0
5431,6786,6787,4,0,0
5432,6787,6788,3,0,0.11393849832163694
5433,6788,6789,4,0,0.14799679373803779
5434,6790,6791,1,0,0
5435,6792,6793,2,0,0.53428733664080874
5436,6794,6795,3,0,0.15486165785715417
5437,6795,6796,4,0,0.28412742512647066
5438,6796,6797,1,0,0.40008511929142526
5439,6797,6798,5,0,0.24084394040102419
5440,6798,6799,5,0,0
5441,6799,6800,1,1,0.18954261279963575
5442,6800,6801,3,1,0.45093605337710169
5443,6801,6802,1,0,0.23957622374711368
5444,6802,6803,2,0,0.042055624606430482
5445,6804,6805,4,0,0.15508963092707412
5446,6805,6806,1,0,0.12314542663522751
5447,6806,6807,4,1,0.22091445270763532
5448,6807,6808,3,0,0.12794223757161827
5449,6809,6810,5,0,0.26040968864720188
5450,6811,6812,3,0,0.045669434343335681
5451,6812,6813,1,0,0
5452,6813,6814,1,0,0.15355410313494178
5453,6814,6815,1,0,0.23469361183603016
5454,6815,6816,5,0,0.13683581011403109
5455,6817,6818,5,0,0
5456,6818,6819,4,0,0.036943458414852533
5457,6820,6821,3,1,0.037135490725505378
5458,6822,6823,3,0,0.04037583608343754
5459,6823,6824,1,1,0.034718994590778457
5460,6824,6825,3,0,0
5461,6825,6826,3,0,0
5462,6826,6827,5,0,0.21328705666930325
5463,6827,6828,5,1,0.80520453362803501
5464,6828,6829,5,1,0.38983278863672349
5465,6829,6830,2,1,0.036463656222827989
5466,6830,6831,2,0,0.14590403555552792
5467,6831,6832,5,0,0.071973224160178706
5468,6832,6833,4,0,0.7849534604009758
5469,6833,6834,1,1,0.52280114711088044
5470,6836,6837,5,0,0.17299140211086106
5471,6837,6838,2,1,0.43906141788653497
5472,6838,6839,2,1,0.57833862973492056
5473,6839,6840,4,0,0.037089824352236934
5474,6840,6841,1,0,0.51935886461509884
5475,6841,6842,4,0,0.17169325112858538
5476,6842,6843,2,0,0.487984051819633
5477,6843,6844,5,1,0.10762652570912505
5478,6844,6845,2,0,0
5479,6845,6846,5,1,0.077697518332840373
5480,6846,6847,3,0,0.15588391402694129
5481,6847,6848,1,0,0
5482,6848,6849,3,0,0.035613774298742851
5483,6850,6851,3,0,0.15609488550657286
5484,6851,6852,2,1,0.12138017082284001
5485,6852,6853,1,1,0.035887190695542144
5486,6854,6855,3,1,0.47930438754728527
5487,6855,6856,5,0,0.31493991244204705
5488,6856,6857,1,0,0.13027969868691661
5489,6859,6860,1,0,0.095293240558715422
5490,6860,6861,5,0,0.1712703808073876
5491,6861,6862,5,1,0.61463294119084722
5492,6862,6863,2,0,0
5493,6863,6864,5,0,0.337569482977358
5494,6864,6865,3,0,0.094796886042988429
5495,6865,6866,3,0,0.11865793619331495
5496,6866,6867,4,0,0
5497,6868,6869,1,0,0.15088986403963159
5498,6869,6870,4,0,0.039781223535802608
5499,6870,6871,3,0,0.25673402435468035
5500,6871,6872,2,0,0.042980673229511691
5501,6873,6874,1,0,0.27381765263312557
5502,6874,6875,1,1,0.087391743190227661
5503,6876,6877,5,0,0
5504,6877,6878,1,0,0
5505,6878,6879,1,0,0.12178761095807551
5506,6879,6880,1,0,0.10375900095667634
5507,6880,6881,3,0,0.18707029010209353
5508,6881,6882,2,0,0.18093892825138758
5509,6883,6884,5,0,0.12945216556530592
5510,6884,6885,5,1,0.7403898293046115
5511,6885,6886,2,0,0.034453699874547057
5512,6886,6887,5,0,0.15222719548934724
5513,6887,6888,2,0,0.45422537467217311
5514,6888,6889,2,0,0.27580479080523923
5515,6889,6890,4,0,0.26989316525974549
5516,6890,6891,1,0,0.081352905916733428
5517,6891,6892,2,0,0.077381379708432188
5518,6892,6893,3,0,0.1441098883854085
5519,6893,6894,1,1,0.58991781581275382
5520,6895,6896,2,0,0.24647574477445622
5521,6896,6897,4,1,0.7100107812774844
5522,6897,6898,2,1,0.74879796310321933
5523,6899,6900,4,0,0
5524,6900,6901,2,0,0.18772437137149978
5525,6901,6902,1,0,0.050240082795548514
5526,6903,6904,4,1,0.31609046956266318
5527,6904,6905,3,0,0.11348115595791694
5528,6905,6906,4,1,0.60298472852451868
5529,6906,6907,1,0,0.084480344148455774
5530,6909,6910,2,1,0.68239654514593029
5531,6910,6911,5,0,0.16530225820417305
5532,6911,6912,4,0,0
5533,6912,6913,4,0,0.32744761113725013
5534,6913,6914,2,0,0.070251572265375845
5535,6914,6915,4,1,0.76910851668118518
5536,6915,6916,5,0,0.075172491952255102
5537,6916,6917,2,1,0.68907098853224225
5538,6917,6918,4,1,0.28585123984371008
5539,6918,6919,5,0,0.12814114922202416
5540,6919,6920,4,0,0.10791028546075569
5541,6921,6922,2,0,0.11446550484343954
5542,6922,6923,1,0,0.1581248874541856
5543,6923,6924,3,0,0.072921322622673909
5544,6924,6925,5,0,0.20622694645476483
5545,6925,6926,1,1,0.24711092765490222
5546,6926,6927,5,1,0.503884814168854
5547,6927,6928,1,0,0
5548,6929,6930,4,1,0.66211452005656679
5549,6930,6931,1,0,0.19182678045621832
5550,6931,6932,5,0,0.038939682516578408
5551,6932,6933,5,1,0
5552,6934,6935,3,0,0.11444181300167264
5553,6935,6936,4,0,0.07546815721726835
5554,6936,6937,4,0,0
5555,6937,6938,3,0,0.49475699289055763
5556,6939,6940,3,0,0.16337657879296394
5557,6940,6941,1,0,0
5558,6941,6942,3,0,0.19337609676739789
5559,6943,6944,1,0,0.037376553264344178
5560,6944,6945,4,1,0.34879877286488853
5561,6945,6946,3,1,0.23937815718284106
5562,6947,6948,5,0,0
5563,6948,6949,1,0,0.038535081434575166
5564,6949,6950,5,1,0.18190356915274736
5565,6950,6951,3,0,0.23592617531576515
5566,6952,6953,4,0,0.12848721277993541
5567,6953,6954,5,0,0
5568,6954,6955,1,1,0.20344204809002367
5569,6955,6956,3,0,0.04070989091503318
5570,6956,6957,4,0,0.23142796917186567
5571,6957,6958,3,1,0.6169697589742712
5572,6958,6959,1,0,0.12911539111795628
5573,6960,6961,3,0,0.33227670928332032
5574,6962,6963,3,1,0.39811361838362702
5575,6963,6964,1,1,0.20600376420086566
5576,6964,6965,3,0,0.11685725374020015
5577,6965,6966,3,0,0.27387335078531405
5578,6966,6967,2,0,0.026431344557715071
5579,6967,6968,4,0,0.041017978371444337
5580,6968,6969,4,1,0.2469481289920771
5581,6970,6971,4,0,0.035098522885090494
5582,6971,6972,4,0,0.044740305425917087
5583,6972,6973,5,0,0.32685981661752844
5584,6973,6974,1,0,0.46227692812428106
5585,6974,6975,5,0,0.038540612505383848
5586,6975,6976,3,0,0.74059782968653076
5587,6976,6977,5,0,0.24525822816835388
5588,6978,6979,5,0,0.39138500628901524
5589,6979,6980,3,0,0.077386360721563394
5590,6980,6981,3,0,0
5591,6981,6982,5,1,0.19076372824569815
5592,6982,6983,3,0,0.069234683940726224
5593,6983,6984,2,0,0.28944241832686995
5594,6984,6985,5,1,0.17102696787819732
5595,6986,6987,1,0,0.14760176821491999
5596,6987,6988,3,0,0.24532757651061626
5597,6991,6992,1,0,0.18304671986412693
5598,6993,6994,5,0,0.24206363031001141
5599,6994,6995,5,0,0.41962373660427627
5600,6996,6997,2,0,0.66445119688134657
5601,6998,6999,3,0,0
5602,6999,7000,2,1,0.66711612207276205
5603,7000,7001,5,0,0.098736495265609417
5604,7003,7004,1,0,0.17965044061488994
5605,7005,7006,4,0,0.048886667837650007
5606,7008,7009,5,0,0.33687605197865939
5607,7011,7012,5,0,0.17296039760113441
5608,7012,7013,4,0,0.074550235956373334
5609,7013,7014,5,0,0.1314588736833886
5610,7014,7015,5,0,0.11524422289557196
5611,7015,7016,3,0,0
5612,7016,7017,5,1,0.034267806700195226
5613,7018,7019,1,0,0.072042592797682672
5614,7019,7020,3,0,0.24254711224781228
5615,7020,7021,3,0,0.070803082658756025
5616,7021,7022,1,0,0.15633561188977366
5617,7022,7023,5,1,0.82185424489475989
5618,7025,7026,4,1,0.20217648380017844
5619,7026,7027,3,0,0.077601131459915054
5620,7027,7028,1,0,0.038487314787436021
5621,7028,7029,3,1,0.51481667510139029
5622,7029,7030,5,0,0.24900192984228914
5623,7030,7031,3,0,0.10934078864937417
5624,7031,7032,3,0,0.15820509157157023
5625,7033,7034,2,0,0.12259864880352879
5626,7034,7035,4,0,0.23040727308518819
5627,7035,7036,2,0,0.12871503214787691
5628,7036,7037,4,0,0.38616258700344824
5629,7037,7038,5,0,0.84621180071632141
5630,7040,7041,2,0,0.039155196133819965
5631,7041,7042,1,0,0.16036680493027922
5632,7042,7043,3,0,0.25143036180316786
5633,7043,7044,5,0,0.11115405399533493
5634,7044,7045,3,0,0.28662774984335604
5635,7046,7047,4,0,0.55677043227246681
5636,7047,7048,3,1,0.35373948485331114
5637,7049,7050,2,0,0.29666683520837472
5638,7050,7051,5,1,0.2492006987578757
5639,7051,7052,1,0,0.12812517716069674
5640,7052,7053,4,1,0.037541839271206474
5641,7053,7054,5,1,0.73759958093030631
5642,7055,7056,4,1,0.55795470296674732
5643,7056,7057,3,1,0.70408408923874599
5644,7057,7058,5,0,0.032451261098735931
5645,7059,7060,2,0,0.55251312177528067
5646,7061,7062,4,1,0.46015832220830022
5647,7062,7063,5,0,0.093808664332489744
5648,7063,7064,2,0,0.35877358065460707
5649,7064,7065,1,1,0.12833062392753375
5650,7065,7066,2,0,0.074175396580485997
5651,7066,7067,1,0,0.069556975577066429
5652,7068,7069,5,1,0.78139232932075064
5653,7069,7070,2,0,0.12973925146924659
5654,7071,7072,3,0,0.59211212233868138
5655,7073,7074,2,1,0.76938125093581389
5656,7074,7075,5,0,0.036255394922639163
5657,7075,7076,2,0,0.13238851516879938
5658,7076,7077,2,0,0.07486529040306511
5659,7077,7078,3,0,0.19319597674081695
5660,7078,7079,4,0,0.075703433579355744
5661,7079,7080,5,0,0.12208409900769007
5662,7080,7081,5,0,0.35908426073838939
5663,7081,7082,2,1,0.077642096807258712
5664,7082,7083,3,1,0.53694556451955966
5665,7083,7084,2,0,0
5666,7084,7085,3,0,0.075716885910555726
5667,7085,7086,5,1,0.16784380849717839
5668,7086,7087,5,0,0.3761903291199864
5669,7087,7088,1,1,0.15185286041207638
5670,7089,7090,2,1,0
5671,7093,7094,5,0,0.36046708892675322
5672,7095,7096,2,0,0.15168762320491494
5673,7096,7097,3,0,0.3007508899282178
5674,7097,7098,4,0,0.083858133352434611
5675,7098,7099,1,0,0.076086535136663691
5676,7099,7100,1,0,0.2148058636707891
5677,7100,7101,3,0,0.19042926101157537
5678,7101,7102,3,0,0.12765755632233897
5679,7102,7103,4,0,0.20620099744501136
5680,7104,7105,1,0,0.039827095304260839
5681,7105,7106,3,0,0.17243171523481376
5682,7106,7107,1,0,0.08354524546442238
5683,7107,7108,2,0,0.068992962610739103
5684,7108,7109,3,0,0.10676803231111551
5685,7109,7110,5,0,0.18042653686649268
5686,7110,7111,2,0,0.038933225617774757
5687,7111,7112,4,0,0.11703192080212149
5688,7112,7113,1,1,0.15520586275487025
5689,7113,7114,5,0,0.073129256268678472
5690,7115,7116,1,0,0.034487836485042715
5691,7116,7117,2,0,0.085125091896282201
5692,7117,7118,2,0,0.11365798443686244
5693,7118,7119,5,1,0.72770365502738277
5694,7119,7120,1,0,0.03951825412848424
5695,7120,7121,2,0,0.075233938161439196
5696,7123,7124,4,0,0
5697,7124,7125,3,1,0.092283873655386817
5698,7125,7126,2,0,0
5699,7127,7128,5,0,0
5700,7128,7129,5,1,0
5701,7129,7130,5,0,0.13512852430575883
5702,7130,7131,3,1,0.65096938590577247
5703,7133,7134,2,0,0.16227873034416343
5704,7134,7135,3,1,0.8810549937885942
5705,7135,7136,4,0,0.16752432621396354
5706,7136,7137,5,0,0.13884919833555825
5707,7137,7138,4,1,0.77900058724768084
5708,7139,7140,4,0,0.15256718177332404
5709,7140,7141,4,0,0
5710,7141,7142,3,0,0.085922299507718278
5711,7142,7143,4,0,0.079833008042542425
5712,7144,7145,2,1,0.57131800065058447
5713,7145,7146,5,0,0.55152019249621931
5714,7147,7148,5,0,0.12132347193447719
5715,7148,7149,4,0,0.34907360694162387
5716,7149,7150,2,0,0.16997361812242703
5717,7150,7151,4,0,0.14808943076531633
5718,7151,7152,3,1,0.042848724812733392
5719,7152,7153,3,0,0.041963934224160629
5720,7155,7156,4,0,0.1291104488356635
5721,7157,7158,2,0,0.26311324796818858
5722,7158,7159,2,0,0
5723,7159,7160,1,0,0.074285418803517453
5724,7160,7161,3,0,0.081377443212869591
5725,7163,7164,1,0,0.46263952873929221
5726,7164,7165,1,1,0.20542254214083724
5727,7165,7166,3,0,0.037012330037143368
5728,7166,7167,3,0,0.044353070415316206
5729,7168,7169,5,1,0.36852444043725902
5730,7170,7171,1,0,2.0720367700299536e-06
5731,7172,7173,5,0,0.20872018218299634
5732,7173,7174,2,0,0.25792117095680017
5733,7175,7176,3,0,0.11585827167660469
5734,7176,7177,3,0,0.1652229797253415
5735,7177,7178,5,1,0.59083357323757868
5736,7178,7179,1,0,0.21019826453739177
5737,7179,7180,4,0,0.079850927496387156
5738,7180,7181,4,0,0.14921599852926143
5739,7181,7182,2,0,0.28230108945537946
5740,7182,7183,1,1,0.67020474406662012
5741,7183,7184,5,0,0.14691957887909268
5742,7184,7185,2,0,0.45086941868021568
5743,7185,7186,2,0,0.13816581892403565
5744,7186,7187,2,0,0.12108770727544189
5745,7188,7189,1,0,0.084704561370823661
5746,7189,7190,2,0,0.03423003869852629
5747,7191,7192,2,0,0.26501675833137112
5748,7192,7193,2,1,0.32716495000731449
5749,7193,7194,1,1,0.14325645287365169
5750,7196,7197,4,0,0.042070824472644548
5751,7198,7199,2,0,0.11143246291648949
5752,7199,7200,5,0,0
5753,7200,7201,3,0,0.082776083861416203
5754,7201,7202,1,0,0.15468454773365242
5755,7202,7203,4,0,0.13858363655247688
5756,7203,7204,1,0,0.21836876073954686
5757,7204,7205,3,0,0.039577829868537785
5758,7205,7206,2,1,0.31970862887560253
5759,7207,7208,1,0,0.09613241275437294
5760,7208,7209,4,0,0.16015034493107874
5761,7209,7210,5,0,0.036961001000376359
5762,7210,7211,1,0,0.077302016591999118
5763,7211,7212,3,0,0.23433285836500481
5764,7212,7213,4,1,0.17715041736214057
5765,7213,7214,5,0,0.48735751332807525
5766,7214,7215,5,0,0.53977600581417629
5767,7215,7216,1,1,0.77039072015251164
5768,7216,7217,2,1,0.47634805023486765
5769,7217,7218,5,1,0.038954592225223954
5770,7218,7219,3,0,0.076956307523013662
5771,7219,7220,4,1,0.24018083790510703
5772,7220,7221,4,0,0.039232124577168952
5773,7221,7222,5,0,0.10689618464323013
5774,7222,7223,1,0,0.076699395947394028
5775,7223,7224,3,0,0.32986983216821042
5776,7224,7225,3,0,0.23240041522485777
5777,7225,7226,1,0,0
5778,7226,7227,5,0,0
5779,7227,7228,5,1,0
5780,7228,7229,4,1,0.087850765659052782
5781,7229,7230,4,0,0.030626101589240475
5782,7230,7231,1,0,0.26384650119587594
5783,7233,7234,2,0,0.26724061270704652
5784,7234,7235,2,0,0.11911942933160544
5785,7236,7237,3,0,0.076700501526503539
5786,7237,7238,3,1,0.11671077636284959
5787,7238,7239,4,1,0.31723733381372848
5788,7239,7240,4,1,0.50417436813347793
5789,7241,7242,5,0,0.038450774423107265
5790,7243,7244,5,1,0.20014946573866896
5791,7244,7245,5,1,0.26925488457614194
5792,7245,7246,3,0,0.31528553537248272
5793,7247,7248,5,1,0.61432984613018937
5794,7248,7249,2,0,0.20071995892539354
5795,7249,7250,2,1,0.16783608027453528
5796,7250,7251,2,1,0.1196070324829968
5797,7251,7252,1,0,0.3402444470186235
5798,7252,7253,3,0,0.16403056397969776
5799,7253,7254,4,0,0.65667947162336104
5800,7256,7257,1,0,0.13927101136772302
5801,7258,7259,2,0,0.0381690511351108
5802,7260,7261,4,0,0.1236945513120755
5803,7261,7262,2,0,0.43323164839684558
5804,7262,7263,5,0,0.16870495888493167
5805,7263,7264,1,0,0.52024097564994787
5806,7264,7265,4,1,0.16259137133684001
5807,7266,7267,4,0,1
5808,7267,7268,1,0,0.042033004034516597
5809,7270,7271,1,1,0.8313443900758053
5810,7271,7272,2,0,0.038574593092020382
5811,7272,7273,5,1,0.59960340870162787
5812,7273,7274,4,0,0.115202310616245
5813,7274,7275,1,0,0.12247719408995948
5814,7275,7276,2,0,0.16325050415888473
5815,7276,7277,5,0,0.5471578289073763
5816,7277,7278,3,1,0.69142014368544114
5817,7278,7279,1,0,0.11816616038407433
5818,7279,7280,1,0,0
5819,7280,7281,4,0,0.027308723236209486
5820,7281,7282,3,0,0.079166753201220144
5821,7283,7284,5,1,0.40334756652179499
5822,7285,7286,3,0,0.18237441755243183
5823,7286,7287,5,0,0.027518311202273583
5824,7287,7288,4,0,0.040008576077718717
5825,7290,7291,5,0,0.11052257227929621
5826,7291,7292,3,1,0.76885636484417708
5827,7292,7293,5,0,0.043903063728592276
5828,7293,7294,3,0,0.11297351268996518
5829,7294,7295,5,0,0.038766660568286128
5830,7295,7296,5,0,0.071433293397367453
5831,7296,7297,5,0,0.21960306595517226
5832,7299,7300,5,0,0.11434783764073156
5833,7300,7301,3,0,0.039699054477698101
5834,7301,7302,5,0,0.078307283622140428
5835,7302,7303,5,0,0.18729290832284687
5836,7303,7304,2,0,0.11503278516819605
5837,7305,7306,5,0,0.11586869780378731
5838,7306,7307,1,0,0.17176705068577258
5839,7307,7308,5,1,0.70363524411721112
5840,7308,7309,4,0,0.18592496956874946
5841,7309,7310,5,0,0.16806325014461881
5842,7310,7311,4,1,0.47217753191937079
5843,7311,7312,5,0,0.13369800680776725
5844,7312,7313,2,0,0.03555710348840721
5845,7315,7316,4,0,0.22564699664387852
5846,7317,7318,2,0,0.077193857988365339
5847,7318,7319,5,0,0.077458031260493068
5848,7320,7321,1,0,0.038166416631619286
5849,7322,7323,2,1,0.50594279777834295
5850,7323,7324,5,0,0.040411542836860624
5851,7324,7325,2,0,0.24236180507149677
5852,7325,7326,2,0,0.032905068654892108
5853,7327,7328,4,1,0.088594911168317206
5854,7328,7329,5,0,0.084303275833178759
5855,7329,7330,4,1,0.31934652419810966
5856,7330,7331,5,0,0.2555268647026343
5857,7331,7332,5,1,0.6311793872488346
5858,7334,7335,2,0,0.32863542404342372
5859,7335,7336,4,0,0.058086327073901343
5860,7336,7337,2,0,0.14614124145946283
5861,7337,7338,5,1,0.097459819948624501
5862,7338,7339,2,1,0.56221638734424706
5863,7339,7340,1,1,0.5768353957073461
5864,7340,7341,1,0,0.072119561684709108
5865,7342,7343,4,0,0.38181579634191709
5866,7343,7344,1,0,0.079725961588782271
5867,7344,7345,3,0,0.20071562544116683
5868,7345,7346,3,0,0.23301930924375228
5869,7347,7348,3,0,0.071234085788837401
5870,7348,7349,2,0,0.24228651730354872
5871,7349,7350,2,1,0.59159623742563527
5872,7350,7351,4,0,0.079965968740389332
5873,7351,7352,4,0,0.38486767354427459
5874,7352,7353,2,0,0.13067443952680968
5875,7354,7355,4,0,0.13263390960277766
5876,7355,7356,4,0,0.19667800130559968
5877,7356,7357,1,1,0.12040899884683673
5878,7357,7358,2,1,0.16699965494170782
5879,7359,7360,2,0,0.20860747324274187
5880,7360,7361,5,0,0.21328689284416893
5881,7361,7362,1,0,0.053826113334530412
5882,7362,7363,1,0,0.12533720064739853
5883,7363,7364,3,0,0.037376791249023968
5884,7364,7365,1,1,0.041030315376729014
5885,7365,7366,3,0,0.039608916731460192
5886,7366,7367,5,0,0
5887,7367,7368,3,0,0.084474260575368956
5888,7368,7369,2,1,0.6378157217950724
5889,7370,7371,1,1,0.11206275245599227
5890,7371,7372,1,0,0.26041350713877248
5891,7373,7374,5,1,0
5892,7375,7376,1,0,0.57365419577101262
5893,7377,7378,4,0,0.79706818785246458
5894,7378,7379,1,0,0.070856395563028127
5895,7379,7380,5,0,0.10721902295848866
5896,7380,7381,4,0,0.038524643439677791
5897,7381,7382,2,1,0.13124525939204942
5898,7382,7383,4,0,0.32872722426515888
5899,7383,7384,5,0,0.40583038873752803
5900,7384,7385,3,0,0.079229009885752225
5901,7385,7386,2,0,0.081544919455595055
5902,7386,7387,4,1,0.39017126161942373
5903,7387,7388,5,0,0.057188307660823667
5904,7388,7389,4,0,0.16023793186434501
5905,7389,7390,2,0,0
5906,7391,7392,5,0,0.027083215680845329
5907,7392,7393,3,0,0.19507925846440205
5908,7394,7395,3,1,0.736160335763128
5909,7395,7396,2,0,0.15623105506112389
5910,7396,7397,1,1,0.32398719648201735
5911,7397,7398,4,1,0.70935243226705491
5912,7398,7399,3,0,0.15292012550747577
5913,7399,7400,1,1,0.59599841872146497
5914,7403,7404,3,0,0.19346029681338966
5915,7405,7406,4,0,0.32286823983992408
5916,7406,7407,2,1,0.13672370979506662
5917,7407,7408,1,0,0.20392934160380774
5918,7408,7409,3,1,0.79602183908818691
5919,7409,7410,1,0,0.17196667175725047
5920,7411,7412,4,0,0.1119075020853216
5921,7413,7414,2,0,0.089918047029482084
5922,7414,7415,4,1,0.31965264150881256
5923,7415,7416,3,0,0.41225621942293333
5924,7417,7418,1,0,0.22225245757673354
5925,7419,7420,3,0,0.32840427247244869
5926,7421,7422,2,0,0.20081120046945852
5927,7422,7423,1,0,0.25451697634816189
5928,7423,7424,1,0,0.19849472838438798
5929,7424,7425,3,0,0.086157601652154081
5930,7425,7426,3,0,0.26925893838922849
5931,7426,7427,2,0,0.13379738282999251
5932,7427,7428,1,1,0.50229689630031948
5933,7428,7429,4,0,0.10047058743007041
5934,7429,7430,1,1,0.14626309206756613
5935,7430,7431,1,0,0.16194354711256467
5936,7431,7432,4,0,0.040096130612562959
5937,7432,7433,1,0,0.15442465746910602
5938,7434,7435,4,0,0.038937330525743385
5939,7435,7436,2,1,0.11191336301518245
5940,7437,7438,2,0,0.12525918825231944
5941,7439,7440,4,1,0.55812521597491449
5942,7440,7441,4,0,0.16173474261298038
5943,7442,7443,4,0,0.12280286555879595
5944,7443,7444,3,1,0.50515074535366677
5945,7445,7446,5,0,0.09952417453278084
5946,7446,7447,3,0,0.1511920736106534
5947,7447,7448,1,1,0.5130954968767687
5948,7449,7450,3,0,0.25514319920042811
5949,7450,7451,1,1,0.063976331659012328
5950,7451,7452,4,0,0.35075680009833715
5951,7452,7453,5,1,0.25846314631369022
5952,7454,7455,5,0,0.14627060777540601
5953,7455,7456,4,1,0.34435147341452632
5954,7456,7457,4,0,0.038893562259220117
5955,7457,7458,4,0,0
5956,7458,7459,2,0,0.38193335412131518
5957,7459,7460,4,0,0
5958,7461,7462,1,0,0.051269859059431988
5959,7462,7463,3,0,0.08019459386585448
5960,7464,7465,2,0,0.068684963747564498
5961,7465,7466,1,1,0.033858381423084713
5962,7467,7468,1,0,0.032193896545963024
5963,7468,7469,2,1,0.6269006349382884
5964,7469,7470,3,0,0.0324839968435615
5965,7470,7471,3,0,0.072157567914305096
5966,7472,7473,4,0,0.12047691824794911
5967,7473,7474,1,0,0.46025746250408506
5968,7474,7475,4,1,0.54713318954694223
5969,7475,7476,3,0,0.1280609190750788
5970,7478,7479,1,0,0.087045816989714114
5971,7479,7480,5,0,0.25320897337553855
5972,7480,7481,1,1,0.408648525847711
5973,7481,7482,2,0,0.40506638011960827
5974,7482,7483,2,0,0.14929160936404068
5975,7483,7484,5,0,0.076964865292471277
5976,7484,7485,1,1,0.66872625890543569
5977,7485,7486,3,1,0.73082624154725861
5978,7486,7487,4,0,0.35215603301832887
5979,7488,7489,1,0,0.15716078287291282
5980,7490,7491,5,1,0.43616102677224783
5981,7491,7492,3,0,0.14954038916550647
5982,7492,7493,5,0,0.13152554721227525
5983,7493,7494,2,0,0.076933319828311836
5984,7494,7495,3,0,0.033031062245599825
5985,7495,7496,3,0,0.15861672798271539
5986,7496,7497,1,0,0.086270966639009197
5987,7497,7498,3,0,0.16975473564062843
5988,7499,7500,4,0,0.4030410922153333
5989,7500,7501,5,0,0.038912061683229145
5990,7501,7502,3,0,0.119587226952637
5991,7502,7503,2,0,0.1443382560421704
5992,7503,7504,1,1,0.56359110303688498
5993,7504,7505,1,1,0.9378629773738737
5994,7506,7507,3,1,0.43704682000858003
5995,7507,7508,5,0,0.23089666709787512
5996,7508,7509,2,0,0.16367736588261664
5997,7509,7510,5,0,0.043663455586760838
5998,7510,7511,5,0,0.070814129682391022
5999,7512,7513,5,0,0.082553005980962726
6000,7513,7514,4,0,0.076169992577121245
6001,7514,7515,4,0,0.11268768358368543
6002,7515,7516,4,1,0.10246490065938475
6003,7518,7519,5,0,0.14316020475446675
6004,7519,7520,3,0,0.12779654153968525
6005,7520,7521,3,0,0.1222722141807361
6006,7521,7522,2,0,0.42088630565389579
6007,7522,7523,2,0,0.16264448491935368
6008,7523,7524,3,0,0.075801281332715562
6009,7524,7525,5,0,0.11757890885119258
6010,7525,7526,2,0,0.15422470117197856
6011,7526,7527,1,0,0.040463345992386046
6012,7528,7529,5,1,0.28861789996500486
6013,7529,7530,4,0,0.035512266465110368
6014,7531,7532,5,1,0.79044913205330425
6015,7532,7533,4,0,0.097974413817121714
6016,7534,7535,4,0,0.33564120456090735
6017,7535,7536,1,1,0.89318669781976645
6018,7537,7538,1,0,0.15197217395018556
6019,7538,7539,3,0,0.20592954846630071
6020,7539,7540,4,0,0.08500642968270504
6021,7541,7542,2,1,0.4104397316309561
6022,7543,7544,5,0,0.035945651537058448
6023,7544,7545,3,0,0.088368462189274341
6024,7545,7546,4,0,0.15476453700484039
6025,7546,7547,4,0,0.39694410699432908
6026,7548,7549,5,0,0.67926691417054252
6027,7549,7550,5,0,0.29189403039291295
6028,7550,7551,5,0,0.10710306202791452
6029,7551,7552,3,0,0.13952230369465524
6030,7552,7553,2,0,0.16484609279634369
6031,7553,7554,4,0,0.44811528574281473
6032,7554,7555,4,0,0.34115319371071984
6033,7555,7556,5,1,0.80980844151602049
6034,7556,7557,1,0,0.40086458209441056
6035,7557,7558,2,1,0.33879640344057305
6036,7558,7559,4,0,0
6037,7559,7560,5,0,0.23037897857117637
6038,7560,7561,4,1,0.69062735630611727
6039,7561,7562,3,0,0.23603981266688637
6040,7563,7564,3,0,0.13559738173159003
6041,7564,7565,1,1,0.3361989792723003
6042,7565,7566,5,0,0.12098471678529774
6043,7567,7568,4,0,0.11256074997379974
6044,7568,7569,1,1,0.64395619344512522
6045,7569,7570,5,0,0.2690805253088433
6046,7570,7571,4,0,0.16606350752999796
6047,7571,7572,1,0,0.081274345334922657
6048,7572,7573,5,0,0.5457513322457922
6049,7573,7574,4,0,0.27447749071584704
6050,7574,7575,1,0,0.16489186347046642
6051,7576,7577,1,1,0.15182336537579624
6052,7577,7578,4,0,0
6053,7578,7579,4,0,0.18417228830483515
6054,7579,7580,1,1,0.68490789630372384
6055,7581,7582,3,0,0.092439447005299866
6056,7582,7583,5,1,0.17154278627225114
6057,7583,7584,4,0,0
6058,7584,7585,5,0,0.56637195967102394
6059,7585,7586,3,0,0.037525496065160667
6060,7586,7587,1,0,0.17460906467225284
6061,7587,7588,3,0,0.19180601702918826
6062,7588,7589,5,0,0.20218020592420727
6063,7590,7591,4,0,0.15951618974912124
6064,7591,7592,2,1,0.6987750645936549
6065,7594,7595,2,0,0.028996280671647893
6066,7595,7596,4,0,0.49621413790260566
6067,7597,7598,1,1,0.19869445435948019
6068,7598,7599,4,0,0.071530771794340767
6069,7599,7600,2,0,0.18047558368056757
6070,7600,7601,3,0,0.079138616799361516
6071,7601,7602,1,0,0.16526871511308763
6072,7603,7604,4,0,0.33650204408232587
6073,7605,7606,2,0,0.076273089727651136
6074,7607,7608,5,0,0.088250569775177881
6075,7608,7609,4,1,0.31520795390278339
6076,7609,7610,4,0,0.15911046194938505
6077,7610,7611,2,0,0.43566303365764236
6078,7613,7614,5,0,0.23525766075227977
6079,7614,7615,1,0,0.18525011877157538
6080,7615,7616,2,0,0.16026172226527019
6081,7616,7617,5,1,0.51097185825685765
6082,7618,7619,3,0,0.2829568854943314
6083,7619,7620,1,0,0.11877680978625528
6084,7620,7621,4,0,0.20083568721410769
6085,7621,7622,3,0,0.088614828667975681
6086,7622,7623,2,0,0.082274476034945213
6087,7623,7624,5,0,0.58853679319910934
6088,7624,7625,4,0,0.41824671532673235
6089,7625,7626,4,0,0.10119513226468634
6090,7626,7627,2,0,0.075234727616928981
6091,7627,7628,5,1,0.2643560519723358
6092,7628,7629,1,1,0.35792773594317812
6093,7629,7630,4,0,0.12840522441464475
6094,7630,7631,2,0,0.16131257574493324
6095,7631,7632,1,0,0.19653488579174819
6096,7632,7633,5,0,0.22648568979337427
6097,7633,7634,4,1,0.077498026770572881
6098,7634,7635,2,0,0.1850098970724614
6099,7635,7636,1,0,0.12046611241945598
6100,7637,7638,5,0,0.070893236957276465
6101,7638,7639,5,0,0.17911591049183387
6102,7639,7640,1,1,0.11463297593342045
6103,7640,7641,5,0,0.20024367333549392
6104,7641,7642,1,0,0.10877436856053181
6105,7642,7643,4,0,0.20681664636111016
6106,7643,7644,4,0,0.15507575638706381
6107,7644,7645,5,0,0.15895682430962599
6108,7645,7646,2,1,0.13950152654741355
6109,7646,7647,5,0,0.35156769053095221
6110,7647,7648,1,0,0.32059394645355099
6111,7648,7649,2,0,0.16573770329157847
6112,7649,7650,5,0,0.15970949345934038
6113,7650,7651,5,1,0
6114,7651,7652,3,0,0.11855115556327818
6115,7653,7654,1,0,0.045975574549570686
6116,7655,7656,2,0,0.17579746294510326
6117,7656,7657,1,0,0.29432038689660445
6118,7658,7659,4,0,0.70643123570573674
6119,7661,7662,3,1,0.29742391572246651
6120,7662,7663,5,1,0.78696148909848429
6121,7663,7664,4,0,0.17574291102968798
6122,7664,7665,1,0,0.28559701502020496
6123,7666,7667,1,1,0.56623541720571957
6124,7667,7668,2,0,0.32091747347188793
6125,7669,7670,2,0,0.036489090225977017
6126,7670,7671,2,0,0.073719144731218947
6127,7671,7672,5,0,0
6128,7672,7673,2,1,0.23013342619085711
6129,7673,7674,3,0,0.15265915248751818
6130,7674,7675,4,0,0.1902705643098421
6131,7675,7676,3,1,0
6132,7676,7677,4,0,0.11946661023544296
6133,7677,7678,2,0,0.46426287648183451
6134,7679,7680,1,1,0.71732331377978464
6135,7680,7681,1,0,0.077235945269198691
6136,7682,7683,5,0,0.070204055225059028
6137,7683,7684,5,0,0.47330532751403165
6138,7684,7685,5,0,0.16337270192184855
6139,7685,7686,3,0,0.1347740171484523
6140,7686,7687,4,0,0.16880821976492874
6141,7687,7688,1,0,0.092198583964427802
6142,7688,7689,4,1,0.074822175009978231
6143,7689,7690,1,1,0.37600679758705136
6144,7690,7691,2,0,0.059631351668560567
6145,7691,7692,2,0,0.08049753369369847
6146,7692,7693,4,0,0.62830475628525539
6147,7693,7694,2,1,0.040656307272168679
6148,7694,7695,1,0,0.040862237625387751
6149,7695,7696,2,0,0.071318304663074233
6150,7697,7698,4,0,0.034002680559511451
6151,7698,7699,4,0,0.065370703463966562
6152,7699,7700,3,0,0.14472469738351668
6153,7700,7701,4,1,0.27227324095993549
6154,7701,7702,2,0,0.14341304084355844
6155,7702,7703,4,0,0.18360989612802309
6156,7703,7704,2,0,0.082763497547688303
6157,7705,7706,2,0,0.64461116264426888
6158,7706,7707,5,0,0.12508951838150922
6159,7707,7708,4,0,0.16288902223033858
6160,7708,7709,5,0,0.16640506323192575
6161,7709,7710,5,1,0.14999037939964122
6162,7710,7711,4,0,0.087305798228299217
6163,7712,7713,2,0,0.11689487541437298
6164,7714,7715,3,0,0.27756896784504337
6165,7717,7718,4,0,0
6166,7718,7719,1,1,0.42773812390032873
6167,7720,7721,1,0,0.094586523695471533
6168,7721,7722,3,1,0.28158379462248767
6169,7722,7723,3,0,0.13606911574972697
6170,7723,7724,1,0,0.099424970858553174
6171,7724,7725,1,1,0.35132706204733805
6172,7725,7726,5,0,0.30534969172453902
6173,7726,7727,5,1,0.49996342386226039
6174,7727,7728,5,0,0.11747901902021392
6175,7729,7730,4,0,0.1776436993793202
6176,7730,7731,4,0,0.20926340350498485
6177,7731,7732,1,0,0.11627155195335846
6178,7732,7733,1,1,0.48774819216144955
6179,7733,7734,1,0,0
6180,7734,7735,4,1,0.81011870763264782
6181,7735,7736,3,0,0.083664633396724961
6182,7736,7737,3,1,0.38568460316843406
6183,7737,7738,4,0,0.11997507181058101
6184,7738,7739,2,1,0.73681090090489998
6185,7739,7740,5,0,0
6186,7740,7741,5,0,0.21331710898976067
6187,7741,7742,1,1,0.08109370181972668
6188,7742,7743,5,0,0
6189,7743,7744,5,1,0.85062041297849034
6190,7744,7745,5,0,0.036043446289941244
6191,7745,7746,3,0,0.17221053221413138
6192,7746,7747,5,0,0.14752805830458215
6193,7747,7748,1,0,0.11083576846947368
6194,7748,7749,4,0,0
6195,7751,7752,3,0,0.44697582262256574
6196,7752,7753,3,1,0.34539857408004609
6197,7753,7754,1,0,0.031053552095873189
6198,7754,7755,5,0,0.088904146018000632
6199,7755,7756,1,0,0.40466832133536101
6200,7756,7757,3,0,0
6201,7757,7758,3,0,0.11756725803865725
6202,7758,7759,1,1,0.14014701415442748
6203,7760,7761,4,1,0.28446892493132198
6204,7761,7762,4,0,0.21625237197617073
6205,7762,7763,4,0,0.14793909304983621
6206,7763,7764,3,0,0.1146507083647276
6207,7764,7765,5,0,0.052193671712426164
6208,7765,7766,4,0,0.1290160200916648
6209,7766,7767,1,0,0.10714967388005034
6210,7767,7768,2,0,0.20090035078922719
6211,7768,7769,3,1,0.43042429720133263
6212,7769,7770,4,0,0.077898634693402788
6213,7770,7771,1,0,0.11488582898033219
6214,7771,7772,1,0,0.084730346477993018
6215,7772,7773,3,0,0.25903546741988509
6216,7774,7775,5,1,0.42006737107097397
6217,7775,7776,2,0,0.75466510377983254
6218,7779,7780,4,0,0.079907784204873364
6219,7780,7781,3,1,0.17719379011760644
6220,7781,7782,2,0,0.033598740283004774
6221,7782,7783,5,1,0.16954022564717203
6222,7783,7784,5,0,0.094121284513188477
6223,7786,7787,5,1,0.56642033656950819
6224,7787,7788,1,0,0.22445450427123645
6225,7788,7789,1,1,0.85527983323372225
6226,7789,7790,4,0,0.034131205224638125
6227,7790,7791,2,0,0.26307697603112629
6228,7791,7792,3,0,0.1611541459334227
6229,7792,7793,5,1,0.65945175255531674
6230,7793,7794,3,0,0.18459894727421719
6231,7796,7797,1,0,0.18910866574499741
6232,7797,7798,3,0,0.35226122536397225
6233,7799,7800,4,0,0.1620500920058893
6234,7800,7801,1,0,0.18185466265794345
6235,7801,7802,1,1,0.19325474608827869
6236,7803,7804,1,0,0.034463543957833229
6237,7804,7805,3,0,0.17212426433064554
6238,7805,7806,2,0,0.12355980091186382
6239,7806,7807,5,0,0.038025610710439403
6240,7807,7808,1,0,0.12341644384945219
6241,7808,7809,5,0,0.079889817434731128
6242,7809,7810,1,0,0.054808672996782305
6243,7810,7811,2,1,0.7462317804796994
6244,7811,7812,4,0,0.23699868452673026
6245,7812,7813,3,0,0.32281502201689699
6246,7813,7814,2,0,0.17067697355593925
6247,7815,7816,3,0,0.11449366128296885
6248,7816,7817,1,0,0.6334955317947355
6249,7817,7818,1,0,0.64696580285550065
6250,7818,7819,4,0,0.12118689820008256
6251,7819,7820,5,0,0.1652918076355927
6252,7820,7821,2,0,0.073044993731206348
6253,7821,7822,5,1,0.28789710428156717
6254,7822,7823,1,0,0.18840769925875767
6255,7823,7824,3,0,0.11217447860541913
6256,7824,7825,1,0,0.11181299591132388
6257,7825,7826,5,0,0.277592367983516
6258,7826,7827,3,0,0.038748022920095666
6259,7827,7828,2,0,0.093752883075436388
6260,7828,7829,2,0,0.2390219955886119
6261,7829,7830,3,1,0.75683172651491226
6262,7830,7831,4,1,0.10653809263420778
6263,7831,7832,3,0,0.038037553512207972
6264,7832,7833,4,0,0.063859049665230844
6265,7833,7834,3,0,0.054795594118605573
6266,7834,7835,4,0,0.11436314710933315
6267,7835,7836,4,0,0.51882986425663735
6268,7836,7837,5,0,0.19180181162639801
6269,7838,7839,2,0,0.070442991243189312
6270,7839,7840,2,0,0.71527260146031713
6271,7841,7842,3,0,0.31460910373960049
6272,7842,7843,2,1,0.19251351501752781
6273,7843,7844,5,0,0.02772162916759327
6274,7844,7845,3,0,0.1586088445881125
6275,7845,7846,2,0,0.24290355983441692
6276,7846,7847,4,1,0.52209530338348187
6277,7847,7848,2,0,0.11828229060737398
6278,7848,7849,3,1,0.022177584886947418
6279,7849,7850,5,0,0.20909537767053313
6280,7850,7851,5,0,0.56231936560207629
6281,7852,7853,1,1,0.56839322571006334
6282,7853,7854,1,0,0
6283,7854,7855,3,0,0.23042066438246558
6284,7856,7857,5,1,0.44899337254995775
6285,7858,7859,3,0,0.12877045562714703
6286,7859,7860,4,0,0.081950881925829624
6287,7860,7861,2,1,0.68039716874372969
6288,7861,7862,3,0,0.041786064003505256
6289,7862,7863,5,0,0.083867005185269961
6290,7864,7865,4,0,0.040392056579058734
6291,7865,7866,3,0,0.23093457405769863
6292,7867,7868,5,0,0.11914570699839888
6293,7868,7869,5,1,0.413519522839146
6294,7869,7870,3,0,0.040395649605393234
6295,7870,7871,5,0,0.099315745942651426
6296,7871,7872,5,0,0.18044258375091232
6297,7872,7873,5,0,0.037730755762692525
6298,7873,7874,5,0,0.10818914694082557
6299,7874,7875,3,0,0.17857361490948351
6300,7875,7876,5,0,0.2370500514836188
6301,7876,7877,1,1,0.73019688957303264
6302,7877,7878,1,0,0.084644755652866027
6303,7878,7879,2,0,0.15945184975636842
6304,7879,7880,2,0,0.16400331426398521
6305,7880,7881,1,1,0.69870917329462578
6306,7881,7882,1,0,0.4739047901723768
6307,7882,7883,4,1,0.11773589672323412
6308,7883,7884,3,0,0.28941883701793902
6309,7885,7886,5,1,0.1088332646169559
6310,7886,7887,1,0,0.11704972439359315
6311,7887,7888,4,0,0.2478795867863878
6312,7888,7889,4,0,0.076608554248088892
6313,7889,7890,3,0,0.23033068823868388
6314,7892,7893,3,0,0.3386179097385193
6315,7893,7894,5,0,0.1607948868376764
6316,7894,7895,5,0,0.12015030021469174
6317,7895,7896,5,0,0.036076015859128091
6318,7896,7897,4,1,0.35627924253220444
6319,7897,7898,4,1,0.17142990296737556
6320,7898,7899,5,1,0.57532294709550047
6321,7899,7900,3,0,0.15796415138279674
6322,7900,7901,2,0,0.072360330049579258
6323,7901,7902,2,1,0.60330094430802028
6324,7902,7903,4,1,0.038224531828527697
6325,7904,7905,3,0,0.060860053056250529
6326,7905,7906,2,0,0.14738081763491179
6327,7906,7907,2,0,0.1122633353116012
6328,7907,7908,5,0,0.47524578233550108
6329,7908,7909,2,0,0.10116360978301776
6330,7909,7910,2,0,0.13014177646300346
6331,7910,7911,1,0,0.074516073328818558
6332,7911,7912,5,1,0.61281357766216249
6333,7912,7913,5,0,0.10550886234004465
6334,7913,7914,2,0,0.16317224991537857
6335,7916,7917,2,0,0.11223990345528324
6336,7918,7919,5,0,0.042474873156319565
6337,7919,7920,3,0,0.28901070659680728
6338,7920,7921,4,1,0
6339,7922,7923,5,1,0.19645731644007
6340,7923,7924,3,0,0.21285238150960642
6341,7924,7925,4,0,0.13127375951843587
6342,7925,7926,4,1,0.7275060097345426
6343,7926,7927,4,0,0.15669485553386936
6344,7927,7928,1,0,0.1598206102339699
6345,7929,7930,2,0,0.20476162645349519
6346,7930,7931,5,1,0.10960540047065603
6347,7932,7933,4,1,0.75012363366147761
6348,7933,7934,3,0,0.038715017727594427
6349,7935,7936,2,0,0.20583180468898418
6350,7936,7937,5,0,0.039033973946898559
6351,7939,7940,5,1,0.31966134842679356
6352,7940,7941,5,0,0.12353912872147098
6353,7941,7942,4,0,0.12563457180906207
6354,7942,7943,2,0,0.12031965559666222
6355,7943,7944,1,0,0.17604373862675179
6356,7944,7945,1,1,0.68096295237369719
6357,7946,7947,1,1,0.41998757472610915
6358,7948,7949,1,0,0.11611775157798855
6359,7949,7950,5,0,0.23602491491052513
6360,7950,7951,3,0,0.15957018445001878
6361,7951,7952,4,0,0.10182330658078469
6362,7952,7953,1,0,0.26209831552957258
6363,7953,7954,3,0,0.19350964782312283
6364,7954,7955,4,0,0.15359818520663332
6365,7956,7957,3,0,0.24809807715148219
6366,7957,7958,1,0,0.24489131264239533
6367,7960,7961,3,0,0.030165081256936153
6368,7961,7962,5,1,0.60692320233678354
6369,7962,7963,5,0,0.21192114135381226
6370,7963,7964,1,0,0.27067089562395036
6371,7964,7965,2,0,0.12553740967422899
6372,7965,7966,4,1,0.15999878642960119
6373,7966,7967,4,0,0.40924160264084503
6374,7967,7968,2,0,0.11499816224186442
6375,7968,7969,4,1,0.53406289728735734
6376,7969,7970,5,0,0.19121987627275616
6377,7970,7971,4,0,0
6378,7971,7972,2,0,0.078672458906342058
6379,7972,7973,2,0,0.18671624656148708
6380,7975,7976,1,0,0.19302856440959543
6381,7976,7977,4,0,0.14714270016231082
6382,7977,7978,5,1,0.034315509668596623
6383,7978,7979,3,1,0.26961157159270288
6384,7979,7980,4,0,0.050044432116599945
6385,7980,7981,1,0,0.077338497919689914
6386,7981,7982,5,0,0.117090827619461
6387,7983,7984,2,0,0.11739627111623953
6388,7984,7985,3,0,0.60382260404420629
6389,7985,7986,1,0,0
6390,7986,7987,1,0,0.20081076101069095
6391,7987,7988,2,1,0.69543574187792001
6392,7988,7989,4,0,0.093581105600513942
6393,7989,7990,2,0,0.20289445293362418
6394,7990,7991,5,0,0.08803403497516131
6395,7991,7992,5,0,0.088331317451552566
6396,7992,7993,3,1,0.70017021378567645
6397,7993,7994,4,0,0.16397949491071201
6398,7994,7995,4,1,0.2320481932748302
6399,7995,7996,4,0,0.053243781290070277
6400,7996,7997,5,0,0.097211504506113725
6401,7997,7998,4,0,0
6402,7998,7999,3,0,0.14608868756336579
6403,7999,8000,5,1,0.10563140142320447
6404,8000,8001,1,0,0.21993757704036451
6405,8001,8002,4,0,0.036575449126830757
6406,8002,8003,4,0,0.041243624585755298
6407,8005,8006,2,0,0.11393759986432911
6408,8006,8007,4,1,0.10080868005641198
6409,8007,8008,4,1,0.072989358174278984
6410,8008,8009,1,0,0.17183197061676389
6411,8009,8010,2,0,0.24821094328875468
6412,8010,8011,3,0,0.18397412724241316
6413,8011,8012,4,0,0.037743822522678647
6414,8012,8013,1,0,0.11597494306234861
6415,8013,8014,2,0,0.030587883494532349
6416,8014,8015,3,0,0.062371498058548885
6417,8015,8016,3,1,0.35949171794560397
6418,8016,8017,1,0,0.34443047916065378
6419,8017,8018,5,0,0.49191336080777492
6420,8018,8019,3,0,0
6421,8019,8020,2,1,0.20083487303640973
6422,8021,8022,1,1,0.67149666182977163
6423,8023,8024,5,0,0.16708887515461379
6424,8024,8025,3,0,0.2078929125456854
6425,8025,8026,1,0,0.30999597492497172
6426,8026,8027,1,0,0.14569723946136595
6427,8027,8028,3,0,0.14145108762866446
6428,8028,8029,4,0,0
6429,8029,8030,1,0,0.03584863665124545
6430,8030,8031,2,0,0.11114840174612174
6431,8031,8032,5,0,0.15542821340840199
6432,8032,8033,4,1,0.42426849598625893
6433,8034,8035,4,0,0.072247952465372731
6434,8035,8036,5,0,0
6435,8036,8037,3,0,0.093966983151982264
6436,8038,8039,5,0,0.073736421409918151
6437,8039,8040,1,0,0.400148654516573
6438,8040,8041,3,1,0.10884765432968216
6439,8041,8042,5,1,0.76271099562647038
6440,8042,8043,1,1,0.5977457131033671
6441,8045,8046,4,0,0.65829770464107751
6442,8047,8048,4,0,0.048098481110361538
6443,8049,8050,1,0,0.083867570469185054
6444,8050,8051,3,0,0.15269254623306733
6445,8051,8052,2,0,0.59515226800783605
6446,8052,8053,5,0,0.12203399784887632
6447,8053,8054,5,0,0.60327673271037885
6448,8054,8055,2,0,0.054978932648904341
6449,8056,8057,4,0,0.11545787327689337
6450,8057,8058,4,0,0.036419783173230386
6451,8058,8059,3,0,0.03276501890183376
6452,8059,8060,3,0,0.037547706538756415
6453,8060,8061,2,0,0.19828493321871604
6454,8062,8063,2,0,0.20360375431234215
6455,8063,8064,2,0,0
6456,8065,8066,4,0,0
6457,8067,8068,4,0,0.43925353516536919
6458,8068,8069,3,0,0.15831872568473113
6459,8069,8070,5,0,0.23485055236220195
6460,8070,8071,4,0,0.24780934458189216
6461,8073,8074,4,0,0.14336407289585618
6462,8074,8075,2,0,0.29256952105793144
6463,8076,8077,4,1,0.32230961694190691
6464,8077,8078,5,0,0
6465,8078,8079,2,0,0.32097208891603396
6466,8079,8080,5,0,0.17290179746155998
6467,8081,8082,4,0,0.035283668291863107
6468,8082,8083,2,1,0.79315436527210981
6469,8083,8084,1,0,0.1185472021576076
6470,8084,8085,3,1,0.60984215728228164
6471,8086,8087,1,0,0.27213592432686984
6472,8087,8088,4,0,0.10800154893871328
6473,8088,8089,5,0,0.079668115143875326
6474,8089,8090,4,1,0.80889361265788762
6475,8092,8093,3,0,0.034968693579674602
6476,8093,8094,1,1,0.072835983359244294
6477,8094,8095,1,0,0.11027342005521734
6478,8095,8096,5,0,0.19280301233105887
6479,8096,8097,4,0,0.19171526716986964
6480,8097,8098,4,0,0.07632175938471232
6481,8098,8099,1,0,0.18157008496211688
6482,8099,8100,1,1,0.064784468667707762
6483,8101,8102,3,0,0.13515901613378251
6484,8102,8103,3,0,0.11611059702454517
6485,8103,8104,5,0,0.12082026478233913
6486,8104,8105,2,1,0.57393071509302573
6487,8105,8106,2,1,0.098475730831296113
6488,8106,8107,5,0,0.11981622703433686
6489,8108,8109,1,0,0.36920907363802857
6490,8109,8110,4,1,0.037669669250595263
6491,8110,8111,1,0,0.66711684942362681
6492,8111,8112,1,1,0.54099386557872275
6493,8112,8113,4,0,0.17575876612539165
6494,8113,8114,5,1,0.43724090152914596
6495,8114,8115,5,0,0.75981013682912957
6496,8115,8116,5,0,0.074676049796569763
6497,8122,8123,5,0,0.099395515590782635
6498,8123,8124,1,0,0.043880280292311065
6499,8124,8125,4,1,0.72100104926768271
6500,8125,8126,1,0,0
6501,8126,8127,1,0,0
6502,8127,8128,5,0,0.22812030242685979
6503,8130,8131,4,0,0.11597445284913596
6504,8131,8132,4,0,0
6505,8132,8133,5,0,0.1465137028217938
6506,8133,8134,5,0,0.074947750392883108
6507,8134,8135,3,1,0.38355255441172031
6508,8135,8136,3,0,0.15727163036910125
6509,8136,8137,3,0,0.15586935363762239
6510,8137,8138,1,0,0.056817646301116673
6511,8138,8139,4,1,0.2031232379285616
6512,8139,8140,2,1,0.56792061300605412
6513,8140,8141,4,0,0.23033475370262768
6514,8142,8143,2,1,0.20939296309040528
6515,8144,8145,5,0,0.27451462510068741
6516,8145,8146,2,0,0.11553652414938441
6517,8150,8151,1,0,0
6518,8151,8152,1,0,0.19792182484263013
6519,8152,8153,2,0,0.041721942713798123
6520,8153,8154,5,0,0.084451221315167774
6521,8154,8155,2,0,0.059411553817794713
6522,8155,8156,2,0,0.041189895031363895
6523,8156,8157,4,0,0.62385818315639685
6524,8157,8158,3,0,0.1203704794117173
6525,8158,8159,4,0,0.037162760387926708
6526,8159,8160,5,0,0.15392129980152408
6527,8160,8161,3,0,0.3524123262677562
6528,8161,8162,1,1,0.27934491039641912
6529,8162,8163,3,0,0.027020917384064848
6530,8163,8164,2,1,0.68941862374876461
6531,8165,8166,4,0,0.22942559951206554
6532,8166,8167,4,0,0.088630516175142823
6533,8167,8168,5,0,0.55813250949814297
6534,8168,8169,2,0,0.17013126885238483
6535,8172,8173,4,1,0.11530810130483889
6536,8173,8174,5,0,0.042538823751670451
6537,8174,8175,3,1,0.41060169503626581
6538,8176,8177,5,0,0.06584522916620146
6539,8177,8178,4,1,0.74467473879762569
6540,8179,8180,5,0,0.16965455598092602
6541,8181,8182,2,0,0.13432867872147591
6542,8182,8183,2,1,0.21416903018922515
6543,8184,8185,3,0,0.19448617255960463
6544,8185,8186,2,1,0.30628563385911095
6545,8188,8189,4,0,0.32921897550061713
6546,8189,8190,2,1,0.034570738728494615
6547,8190,8191,2,1,0.74690509569271268
6548,8191,8192,1,0,0.20123627410980324
6549,8192,8193,4,0,0.15745641321418646
6550,8193,8194,3,0,0.15897867256212142
6551,8194,8195,3,0,0.22618411871700744
6552,8195,8196,4,0,0.20845962163743492
6553,8196,8197,1,0,0.13911934533602369
6554,8197,8198,4,0,0.08285787230784776
6555,8199,8200,4,0,0.16597971806296313
6556,8200,8201,5,0,0.37756641857592971
6557,8201,8202,2,0,0.07716741524957324
6558,8202,8203,1,0,0.6753805668075219
6559,8203,8204,2,0,0.42962658416149646
6560,8205,8206,2,0,0.038994658676657898
6561,8207,8208,1,0,0.11331499892559531
6562,8208,8209,3,1,0.11298981725905628
6563,8209,8210,3,0,0.13911065972337192
6564,8210,8211,1,0,0.10970017985534507
6565,8211,8212,2,0,0
6566,8212,8213,4,0,0.19478913547455734
6567,8213,8214,1,0,0.17701012548582454
6568,8215,8216,3,1,0.15935667540391196
6569,8216,8217,2,1,0.245420887109872
6570,8217,8218,5,0,0.084826940550807528
6571,8219,8220,1,1,0.30004918133482178
6572,8221,8222,5,1,0.79817378845478693
6573,8222,8223,1,0,0.23707657825500422
6574,8223,8224,2,0,0.6770710231874687
6575,8225,8226,5,0,0.5982235836180867
6576,8228,8229,1,0,0.074829565271478701
6577,8229,8230,3,0,0.22442651123723995
6578,8230,8231,2,1,0.60573265251702968
6579,8231,8232,1,0,0.15296070057020036
6580,8232,8233,2,0,0.17177609880128564
6581,8233,8234,5,0,0.20559434170654647
6582,8234,8235,5,0,0.12027318292033294
6583,8235,8236,2,0,0.077776825777372965
6584,8236,8237,3,0,0.10818091830625826
6585,8237,8238,2,0,0.23720455210095334
6586,8238,8239,1,1,0.67677634830957267
6587,8239,8240,4,0,0
6588,8240,8241,1,0,0.44140346166022659
6589,8241,8242,5,1,0.52815613862142952
6590,8242,8243,2,0,0.44002187282654232
6591,8243,8244,5,0,0.21254626116450509
6592,8244,8245,3,0,0.047012710833865268
6593,8245,8246,5,0,0.25537923126336709
6594,8246,8247,2,1,0.29925363820055084
6595,8247,8248,4,0,0.040031585313376132
6596,8248,8249,2,1,0.30300797052666023
6597,8249,8250,3,1,0.10678272039253923
6598,8250,8251,4,0,0.59602577256327804
6599,8251,8252,5,0,0.22367033434568587
6600,8252,8253,1,0,0.065392701525197605
6601,8255,8256,3,0,0.28654659547992001
6602,8256,8257,5,0,0.10171266281216082
6603,8257,8258,3,0,0
6604,8258,8259,3,0,0.040222622631773883
6605,8260,8261,4,0,0.23829400223161323
6606,8261,8262,1,0,0
6607,8262,8263,2,1,0.074493568740686592
6608,8263,8264,3,0,0.035733713659987842
6609,8264,8265,5,0,0.037110939211878136
6610,8265,8266,3,1,0.19383297676243746
6611,8267,8268,1,0,0.12405252040352648
6612,8268,8269,4,1,0.13522348790958874
6613,8269,8270,1,1,0.86185081436825894
6614,8270,8271,4,0,0.042605619239384329
6615,8271,8272,1,0,0.06998447535792586
6616,8274,8275,2,0,0.60130238032959415
6617,8275,8276,3,0,0.67722730695629152
6618,8276,8277,5,0,0.18604146801417706
6619,8277,8278,3,1,0.24199289753567835
6620,8278,8279,1,0,0.58964725849129185
6621,8280,8281,5,0,0.038938617948110633
6622,8281,8282,4,0,0.25798071598143396
6623,8282,8283,4,0,0.076139335880338527
6624,8284,8285,1,0,0.075467649069688073
6625,8285,8286,4,0,0.41383545056802018
6626,8286,8287,5,0,0.039019675550399424
6627,8287,8288,5,0,0.11216922506639559
6628,8289,8290,1,0,0.12582173477935468
6629,8291,8292,4,0,0.068015436150324668
6630,8293,8294,1,1,0.77961711911366105
6631,8294,8295,4,1,0.10423116128555115
6632,8296,8297,1,0,0.1688619904998904
6633,8297,8298,2,0,1
6634,8298,8299,1,1,0.29555169061662617
6635,8300,8301,5,0,0.12240475209960953
6636,8302,8303,1,0,0.59793277970737702
6637,8303,8304,1,0,0.20106909050813368
6638,8304,8305,4,0,0
6639,8305,8306,2,1,0.14839151296903363
6640,8306,8307,3,0,0.26495768793815411
6641,8307,8308,4,1,0
6642,8308,8309,3,0,0.18625312791644549
6643,8309,8310,5,0,0.27810995867520821
6644,8311,8312,3,0,0.15447990544190413
6645,8313,8314,3,0,0.19803221049784689
6646,8314,8315,5,0,0.07976060500469466
6647,8315,8316,3,0,0.11567069683555098
6648,8318,8319,5,0,0.082936826397223939
6649,8319,8320,3,1,0.17099752820449879
6650,8321,8322,3,0,0.1198619501818344
6651,8322,8323,1,0,0
6652,8323,8324,4,1,0.74673997096378464
6653,8325,8326,4,0,0.079141238604813147
6654,8326,8327,3,0,0.39449326008202162
6655,8327,8328,4,1,0.04285984958505102
6656,8328,8329,3,0,0
6657,8329,8330,3,0,0.078140613938234821
6658,8330,8331,4,0,0.10562425283812403
6659,8332,8333,4,0,0.13433911829159831
6660,8333,8334,1,0,0.23319175225667371
6661,8334,8335,3,0,0.033369688361627327
6662,8335,8336,4,0,0.39617149174027122
6663,8336,8337,1,0,0
6664,8337,8338,3,0,0.78895053593052267
6665,8338,8339,5,1,0
6666,8339,8340,3,0,0.19107103741284409
6667,8340,8341,5,1,0.61052428798340264
6668,8341,8342,2,1,0.31502787679139638
6669,8342,8343,3,0,0
6670,8344,8345,1,0,0
6671,8345,8346,4,1,0.78520774974568042
6672,8346,8347,4,0,0.034170984441389739
6673,8347,8348,1,0,0.12252169831548383
6674,8348,8349,4,1,0.22942450341060661
6675,8350,8351,1,0,0.33667089471028033
6676,8352,8353,2,0,0.18806865344789875
6677,8353,8354,2,0,0.032534057728717723
6678,8355,8356,1,0,0.13273137206648844
6679,8357,8358,2,0,0.075930351914963307
6680,8358,8359,3,0,0.068054647393932424
6681,8359,8360,3,0,0.12982335457217087
6682,8360,8361,5,0,0.27501595327491862
6683,8361,8362,2,1,0.26786545546471602
6684,8362,8363,4,1,0.14650702498003673
6685,8363,8364,2,0,0.0737898457205476
6686,8364,8365,2,0,0.24381083398197581
6687,8365,8366,5,0,0.035935956018965133
6688,8366,8367,5,0,0.14755468139969985
6689,8367,8368,5,0,0.030901725583549373
6690,8368,8369,1,1,0.50193486859146097
6691,8369,8370,5,0,0.22950387836914246
6692,8370,8371,2,1,0.48351456888253908
6693,8371,8372,5,0,0.10558135966288051
6694,8373,8374,5,0,0.39327255602165734
6695,8374,8375,4,0,0.23681525711345283
6696,8375,8376,4,0,0.14881047196912614
6697,8376,8377,2,0,0.15001260994756846
6698,8377,8378,3,1,0.42191779496433873
6699,8379,8380,4,0,0.066732193669720191
6700,8380,8381,5,0,0.078413300810691255
6701,8381,8382,1,0,0.35393427189751447
6702,8382,8383,1,0,0.16084060438178624
6703,8383,8384,3,1,0.1149362492632931
6704,8384,8385,5,0,0.088795632674705152
6705,8385,8386,2,0,0.16357687570391932
6706,8386,8387,3,0,0.32886877369337653
6707,8387,8388,3,0,0.12700942572771373
6708,8389,8390,3,0,0.70502695830869611
6709,8390,8391,2,1,0.46450939301304461
6710,8391,8392,1,0,0.1561647784505007
6711,8392,8393,4,1,0.038760387384754791
6712,8393,8394,3,0,0.21750492888023792
6713,8394,8395,2,0,0.27437924397427199
6714,8395,8396,2,0,0.11996681632924172
6715,8396,8397,1,0,0.081346100968345714
6716,8397,8398,2,0,0.19611156916709355
6717,8398,8399,2,0,0.198089033663742
6718,8399,8400,4,0,0.18085530938217309
6719,8401,8402,5,0,0.52513803417788985
6720,8402,8403,5,0,0.099305379285238013
6721,8404,8405,3,0,0.15640501983692945
6722,8405,8406,2,0,0.24978622174209955
6723,8406,8407,2,0,0.15248576293243646
6724,8407,8408,1,0,0.81186517012274795
6725,8408,8409,2,1,0.19973175237984903
6726,8410,8411,4,1,0.18664669799402978
6727,8411,8412,5,0,0.17782598839937744
6728,8412,8413,4,0,0.23075964454497119
6729,8413,8414,3,0,0.46568167070480682
6730,8414,8415,3,0,0.10608805286291538
6731,8415,8416,1,0,0.300306890066944
6732,8416,8417,5,0,0.16410542777192194
6733,8417,8418,1,0,0.069108390644716994
6734,8418,8419,2,0,0.078063145159749714
6735,8419,8420,2,1,0.071174453844476904
6736,8420,8421,1,0,0.15797470327093671
6737,8421,8422,2,0,0.090293709550106238
6738,8423,8424,5,0,0.078523543451010036
6739,8424,8425,2,0,0.073299660690229293
6740,8425,8426,2,0,0.83365472961790665
6741,8426,8427,2,0,0.25789094281860742
6742,8427,8428,1,0,0.094539858736167617
6743,8428,8429,5,0,0.63560792857750315
6744,8429,8430,1,0,0.098325695002177638
6745,8430,8431,3,0,0.83935165626377894
6746,8433,8434,2,0,0.041051318678397973
6747,8435,8436,1,0,0.035229550879193869
6748,8436,8437,5,0,0.069120190350733496
6749,8437,8438,1,0,0.3650636010615565
6750,8439,8440,5,1,0.12210517713755957
6751,8440,8441,3,0,0.35422286650238155
6752,8442,8443,1,0,0.093657477941788997
6753,8443,8444,2,0,0.42359372272684764
6754,8444,8445,5,0,0.15761374913655674
6755,8445,8446,4,0,0.25082510921150658
6756,8447,8448,5,1,0.15022681541153945
6757,8448,8449,1,0,0.035701721000298406
6758,8449,8450,1,0,0
6759,8451,8452,4,0,0.15514733026911184
6760,8452,8453,5,1,0.5589581968298073
6761,8454,8455,3,1,0.17992992265617438
6762,8455,8456,4,1,0.64912109019174902
6763,8456,8457,2,0,0.074360376227252778
6764,8457,8458,4,0,0.040748460999704222
6765,8458,8459,3,0,0.087995172909264813
6766,8459,8460,4,1,0.080117534629249074
6767,8460,8461,1,0,0.037743286596113056
6768,8461,8462,1,0,0.16327890262536357
6769,8462,8463,2,0,0.18626804925939189
6770,8466,8467,1,1,0
6771,8467,8468,3,1,0.74315930812812092
6772,8469,8470,5,1,0.077772090552373357
6773,8471,8472,2,1,0.53950000029343037
6774,8472,8473,1,1,0.16047382789445117
6775,8473,8474,4,0,0.23703970334400712
6776,8474,8475,5,0,0
6777,8475,8476,3,0,0.24497961961665876
6778,8476,8477,1,0,0.1176778370833258
6779,8478,8479,3,0,0.17587677307230834
6780,8479,8480,2,0,0.18807399971857836
6781,8481,8482,5,0,0.24428991499562044
6782,8482,8483,4,0,0.039215725009995178
6783,8483,8484,1,0,0.37386697893216503
6784,8484,8485,3,0,0.1146122932614031
6785,8485,8486,1,0,0.18097758879273351
6786,8486,8487,3,0,0.089320640196677598
6787,8487,8488,2,0,0.24779304140908126
6788,8490,8491,4,0,0.37423372568813745
6789,8491,8492,3,1,0.19090004469596591
6790,8492,8493,5,1,0.72520087391666965
6791,8493,8494,3,0,0.19719786594434846
6792,8495,8496,3,0,0.16867638922122033
6793,8498,8499,3,0,0.17041298880836303
6794,8499,8500,2,0,0.24389520896570646
6795,8501,8502,4,0,0.10464268989129963
6796,8502,8503,4,0,0.69391075796664703
6797,8503,8504,1,0,0.038583616673884262
6798,8504,8505,2,0,0.24567221747258669
6799,8505,8506,2,0,0.54511060062647088
6800,8506,8507,1,0,0.15235945463923475
6801,8507,8508,1,0,0.76018449783815123
6802,8508,8509,5,1,0.1517784992639474
6803,8509,8510,4,0,0.13931609389964136
6804,8510,8511,1,0,0.036415803815887972
6805,8511,8512,1,0,0.24812941055436058
6806,8512,8513,5,0,0.43912593866575983
6807,8514,8515,3,0,0.55767549002644257
6808,8515,8516,5,0,0
6809,8516,8517,1,0,0.29039890006791669
6810,8517,8518,4,0,0.039880062794135335
6811,8518,8519,3,0,0.18968160021590325
6812,8519,8520,1,0,0.11577033654510126
6813,8521,8522,5,0,0.47848524499472267
6814,8523,8524,1,1,0.86001333128771618
6815,8524,8525,4,0,0.1147498736242009
6816,8525,8526,1,0,0.60539139608746684
6817,8526,8527,3,0,0.039461416186189847
6818,8528,8529,2,0,0.11110570073996505
6819,8530,8531,3,0,0.31092447167182874
6820,8531,8532,1,0,0.17855028638387999
6821,8532,8533,5,0,0.36940764583364954
6822,8533,8534,4,0,0.65243904444338541
6823,8534,8535,3,1,0.44785240482725203
6824,8535,8536,2,0,0.1942579689443375
6825,8537,8538,1,1,0.5809367905273336
6826,8538,8539,1,1,0.057376625945786838
6827,8540,8541,1,0,0.069905651624349668
6828,8542,8543,4,1,0.56484357898737336
6829,8543,8544,1,0,0.12607841246451298
6830,8544,8545,1,1,0.14524694323324144
6831,8545,8546,5,1,0.68984137077249463
6832,8546,8547,1,0,0.47094975270702483
6833,8547,8548,5,0,0.077133571516352778
6834,8548,8549,4,0,0.49256659725578572
6835,8550,8551,1,0,0.22762363135073294
6836,8551,8552,2,0,0.057684533956685484
6837,8552,8553,5,0,0.041979460702220632
6838,8553,8554,2,1,0.28098758859648726
6839,8554,8555,2,0,0.16090844437798607
6840,8555,8556,5,0,0.19970169210767871
6841,8556,8557,2,0,0.042054560553179958
6842,8557,8558,3,0,0.039004373573552568
6843,8558,8559,3,0,0.16872389553295888
6844,8560,8561,3,0,0.301830414588447
6845,8562,8563,4,1,0.095879531134182308
6846,8563,8564,3,1,0.37149425351851589
6847,8564,8565,3,0,0.044090130753713722
6848,8567,8568,3,1,0.15866659916445994
6849,8570,8571,2,0,0
6850,8571,8572,1,0,0.077648537003736584
6851,8572,8573,5,0,0.20270943676061079
6852,8575,8576,4,0,0.43994667148802719
6853,8576,8577,5,0,0.48537644141727238
6854,8577,8578,2,0,0.61136847455365706
6855,8578,8579,4,1,0.20237810223064884
6856,8580,8581,3,0,0.1623995841815998
6857,8581,8582,5,0,0.077693326836316343
6858,8582,8583,3,1,0.19160238013075384
6859,8584,8585,2,1,0.34711283726032383
6860,8585,8586,3,0,0.11240515538725583
6861,8586,8587,1,0,0.040949439552953396
6862,8587,8588,3,0,0.12911194854596389
6863,8588,8589,1,0,0.21710253177740516
6864,8589,8590,1,0,0.31574167570683359
6865,8590,8591,1,0,0.12560269168246382
6866,8591,8592,1,0,0.54527963833375925
6867,8592,8593,5,0,0.5717941481934059
6868,8593,8594,3,0,0
6869,8594,8595,1,0,0.2622651497571859
6870,8595,8596,5,0,0.35459823672730595
6871,8596,8597,5,0,0.12033763131401445
6872,8597,8598,1,0,0.1587929640769839
6873,8598,8599,4,1,0.31730094844607032
6874,8600,8601,3,1,0.20350444540293322
6875,8601,8602,2,0,0.1902611913953747
6876,8602,8603,4,0,0.60576783955468894
6877,8603,8604,3,0,0.10649155021721429
6878,8604,8605,3,0,0.14687982185874263
6879,8605,8606,5,0,0.040332986337022481
6880,8606,8607,5,1,0.21552078510350081
6881,8607,8608,1,0,0.57891508281842219
6882,8609,8610,5,0,0.25359458202008361
6883,8610,8611,1,0,0.2850184096272228
6884,8611,8612,4,0,1
6885,8612,8613,2,0,0.16445543794339401
6886,8613,8614,1,0,0.18020671735938193
6887,8614,8615,2,0,0.11504217679212586
6888,8615,8616,4,0,0.11526422303785146
6889,8617,8618,2,0,0.35384697237876861
6890,8618,8619,3,0,0.17748014375896806
6891,8619,8620,5,0,0.11599920718983188
6892,8620,8621,3,0,0.2495045579776802
6893,8621,8622,4,0,0.17700536370955827
6894,8622,8623,4,0,0.042645105508597132
6895,8623,8624,4,1,0.2732120205976763
6896,8624,8625,2,0,0.30284603065113413
6897,8625,8626,3,0,0.069585079147403237
6898,8626,8627,4,0,0.40643297807452555
6899,8627,8628,4,0,0.42736469040164643
6900,8628,8629,3,0,0.048676000029991236
6901,8629,8630,3,0,0
6902,8630,8631,1,1,0.27949362972538172
6903,8631,8632,2,0,0.15500008132566934
6904,8633,8634,3,0,0.17484416904063385
6905,8634,8635,3,0,0.13661535972976491
6906,8635,8636,4,1,0.66485180772694619
6907,8636,8637,1,0,0.038082259411571028
6908,8637,8638,1,0,0.077517172878838345
6909,8639,8640,4,0,0.24450681512538117
6910,8640,8641,2,0,0.16981025982660014
6911,8641,8642,1,1,0.61487286735024071
6912,8643,8644,4,0,0.24040124749332428
6913,8644,8645,3,0,0.3759190194231955
6914,8645,8646,2,0,0.074247880003189104
6915,8646,8647,3,0,0.12627539780706051
6916,8647,8648,3,0,0.1645665176198241
6917,8649,8650,1,1,0.20716115603853377
6918,8650,8651,5,0,0.13845351249796495
6919,8651,8652,5,0,0.13948687646244604
6920,8652,8653,3,0,0.17390433122556806
6921,8653,8654,4,0,0.15209053648372803
6922,8654,8655,3,1,0.82808381229416494
6923,8655,8656,3,0,0.34153648031868677
6924,8658,8659,2,0,0.074841799601208417
6925,8660,8661,4,0,0.039062432042407558
6926,8661,8662,3,0,0.11287567356051709
6927,8664,8665,4,0,0.03417777475347826
6928,8665,8666,1,0,0.036447195751619713
6929,8666,8667,2,1,0.11533085158811186
6930,8668,8669,1,0,0.08058836960127716
6931,8669,8670,4,1,0.067242543733988122
6932,8670,8671,4,0,0
6933,8671,8672,5,0,0.11307146919994256
6934,8672,8673,1,0,0.11949281668797543
6935,8673,8674,2,0,0.064976963307581265
6936,8674,8675,3,0,0.20329187341620031
6937,8676,8677,2,0,0.084806474773814561
6938,8677,8678,2,0,0.080806560517285714
6939,8678,8679,1,0,0
6940,8679,8680,5,1,0.11829584478993074
6941,8680,8681,5,0,0.093178051945985677
6942,8682,8683,2,1,0.57293272321029987
6943,8685,8686,4,0,0.12586062111255875
6944,8686,8687,1,0,0.29963273632551685
6945,8687,8688,4,0,0.068999851653382974
6946,8688,8689,2,0,0.11687428519637102
6947,8690,8691,1,0,0.10427820751207273
6948,8691,8692,1,0,0.20906625353637384
6949,8692,8693,1,0,0.08146713680988027
6950,8693,8694,1,0,0.27862780748313326
6951,8694,8695,2,0,0.14701541606451471
6952,8695,8696,3,0,0.15226569437887263
6953,8696,8697,2,0,0.51633950579941423
6954,8697,8698,1,0,0.032118964872448627
6955,8699,8700,2,0,0.27244428686684269
6956,8700,8701,3,0,0.084618320240242989
6957,8701,8702,2,1,0.20168519264659646
6958,8702,8703,4,0,0.086970130582418273
6959,8703,8704,1,0,0.039809362510160158
6960,8704,8705,3,0,0.043649601130531193
6961,8705,8706,1,0,0
6962,8706,8707,4,0,0.074513804584588991
6963,8707,8708,4,1,0.72019812527644333
6964,8708,8709,1,1,0.64980626125387408
6965,8709,8710,4,0,0.17513308722966728
6966,8710,8711,1,0,0.27446854730486336
6967,8711,8712,4,0,0.19373343209799945
6968,8712,8713,1,0,0.3057720581817216
6969,8713,8714,2,1,0.21563628151720729
6970,8714,8715,2,0,0.23782113463232607
6971,8716,8717,3,1,0.4495279964902828
6972,8717,8718,4,0,0.16905818471055095
6973,8718,8719,1,0,0
6974,8720,8721,4,0,0.23362100347114895
6975,8721,8722,3,0,0.029780064974345762
6976,8722,8723,4,0,0.17035747420867201
6977,8724,8725,3,0,0.11887738996178035
6978,8727,8728,1,1,0.45332703797982304
6979,8729,8730,2,0,0.23198216530594079
6980,8731,8732,1,0,0.082961861153173097
6981,8732,8733,1,0,0.17768800171990387
6982,8733,8734,5,0,0
6983,8734,8735,4,0,0.15246865143143554
6984,8735,8736,3,0,0.51255810461272944
6985,8736,8737,4,1,0.084741270261659993
6986,8737,8738,4,0,0.028927323056040184
6987,8739,8740,4,0,0.22071147793226042
6988,8740,8741,3,0,0.038602598738643593
6989,8741,8742,3,1,0.622539568585737
6990,8742,8743,5,0,0.038531921627164976
6991,8743,8744,4,0,0.03666472288967499
6992,8744,8745,5,0,0.16180553751613394
6993,8745,8746,4,0,0.15698863064736826
6994,8746,8747,4,0,0.059950121852553578
6995,8747,8748,1,0,0.19713426385999774
6996,8748,8749,4,0,0
6997,8749,8750,1,0,0.12033490906547323
6998,8750,8751,3,0,0.035472210210097832
6999,8751,8752,4,0,0.036903212211540463
7000,8752,8753,2,1,0.072912417151563241
7001,8754,8755,2,0,0.19592384826452347
7002,8756,8757,4,0,0.3723534901622913
7003,8758,8759,5,1,0.032312437512062073
7004,8759,8760,2,0,0.040131108192639646
7005,8761,8762,5,0,0.1320832230062923
7006,8762,8763,3,0,0.073464087561871033
7007,8763,8764,1,0,0.04317696173670011
7008,8764,8765,1,0,0.18547484607861991
7009,8765,8766,2,1,0.20389483731158864
7010,8766,8767,2,0,0.14421832349804464
7011,8768,8769,3,1,0.5335630828999216
7012,8769,8770,4,0,0
7013,8771,8772,1,0,0.15589095236580447
7014,8772,8773,5,1,0.72659596153234762
7015,8773,8774,4,1,0.21585763868685265
7016,8775,8776,4,0,0
7017,8776,8777,5,0,0.057741698370018024
7018,8777,8778,2,0,0.15051514517724021
7019,8778,8779,5,0,0.10755053158415244
7020,8780,8781,3,0,0.65484483313096586
7021,8781,8782,2,1,0.30135557791798623
7022,8782,8783,3,0,0.042171718515348511
7023,8784,8785,4,0,0.056178659771466743
7024,8785,8786,4,0,0
7025,8786,8787,3,0,0.12624453034302183
7026,8789,8790,5,0,0.047491900265409323
7027,8790,8791,5,0,0.15603912805202372
7028,8791,8792,5,0,0.19028236872014917
7029,8792,8793,1,0,0.12372350246718704
7030,8793,8794,2,0,0.15160105446982361
7031,8794,8795,5,1,0.14283424559367972
7032,8795,8796,4,0,0.24517974375565299
7033,8796,8797,4,1,0
7034,8797,8798,1,1,0.7892928717942258
7035,8798,8799,2,0,0.044582359780876393
7036,8799,8800,2,0,0.035857620499828373
7037,8800,8801,3,1,0.096105325309490855
7038,8801,8802,4,1,0.44510613657713771
7039,8802,8803,3,0,0.50786589008878369
7040,8804,8805,4,0,0.15304934314316304
7041,8805,8806,4,0,0.21763328974899959
7042,8806,8807,4,1,0.15824631064728886
7043,8807,8808,2,0,0.20716030277141878
7044,8810,8811,3,1,0.51432033151876455
7045,8812,8813,2,1,0.27932648826055578
7046,8814,8815,1,0,0.73464486251237859
7047,8815,8816,5,1,0.19475959147961189
7048,8816,8817,4,0,0.16089117752220713
7049,8818,8819,5,0,0.073342322241309238
7050,8819,8820,5,0,0
7051,8820,8821,4,1,0.3875376766128798
7052,8822,8823,2,0,0.15876108799077401
7053,8823,8824,2,0,0.033139752205312359
7054,8824,8825,5,1,0.088588890491699324
7055,8825,8826,3,0,0.13908110814960695
7056,8826,8827,1,0,0.070817552108575682
7057,8827,8828,1,0,0.085676994087398095
7058,8828,8829,3,0,0.27690214240026634
7059,8829,8830,4,0,0.11508881073694842
7060,8830,8831,1,0,0.43774786534786531
7061,8831,8832,5,1,0.56841923399593963
7062,8832,8833,1,0,0.20391681864276301
7063,8834,8835,1,0,0.32030250822347517
7064,8835,8836,3,0,0.039241573747910909
7065,8837,8838,2,0,0.065876783066283043
7066,8838,8839,5,0,0.32376990748816098
7067,8839,8840,2,0,0.16664229722894461
7068,8841,8842,1,0,0.03943316372426027
7069,8842,8843,2,0,0.27810498911447273
7070,8843,8844,4,0,0.55568605399556426
7071,8844,8845,4,0,0.19732817813976988
7072,8845,8846,2,0,0.27692503131157431
7073,8846,8847,2,1,0.7547866959989834
7074,8847,8848,2,0,0.10850463029400491
7075,8848,8849,1,0,0.20065277230852568
7076,8849,8850,5,0,0.10982371564348156
7077,8850,8851,4,0,0.07352537520331652
7078,8851,8852,4,0,0.10643209084934177
7079,8852,8853,3,0,0
7080,8853,8854,3,0,0.19871260971754581
7081,8854,8855,5,0,0.27584852192834219
7082,8857,8858,3,1,0.31911166524855711
7083,8858,8859,3,1,0.34313281769929127
7084,8859,8860,3,1,0.079951359826171686
7085,8861,8862,5,0,0.11891892322450008
7086,8862,8863,2,0,0.1126635082092922
7087,8863,8864,5,0,0.23697023114433385
7088,8864,8865,4,1,0.39543117579109804
7089,8866,8867,3,0,0.082108700815493638
7090,8867,8868,1,1,0.36618033036061653
7091,8868,8869,1,0,0.33028461060012532
7092,8869,8870,4,1,0.10544714336464235
7093,8870,8871,1,0,0.045424674277400108
7094,8871,8872,1,0,0.99999788582810412
7095,8874,8875,2,0,0.11653031628516704
7096,8875,8876,3,0,0.15500063006034737
7097,8876,8877,1,0,0.036493583124387503
7098,8877,8878,1,1,0.65420175406058745
7099,8878,8879,4,0,0
7100,8879,8880,1,0,0.19960547686543498
7101,8880,8881,2,0,0.21850930892120465
7102,8881,8882,3,0,0.068891474583113496
7103,8882,8883,4,0,0.15879508799551484
7104,8883,8884,1,1,0.50544615385982972
7105,8884,8885,5,0,0.11572789129518245
7106,8885,8886,1,0,0.074759193483920114
7107,8886,8887,1,1,0.57387423942895033
7108,8888,8889,2,1,0.15395783378015193
7109,8890,8891,2,0,0
7110,8891,8892,5,1,0.28162686399828729
7111,8892,8893,2,0,0.13932790942339193
7112,8893,8894,4,0,0.12831107850755705
7113,8895,8896,2,0,0.085713326008888341
7114,8896,8897,2,0,0.042955420336715705
7115,8898,8899,2,1,0.47351035929719032
7116,8899,8900,5,0,0.039520316816281903
7117,8900,8901,4,0,0.076395690381345013
7118,8901,8902,5,0,0.20255380269462916
7119,8903,8904,4,0,0.035979322625877684
7120,8904,8905,3,0,0.13561921194752882
7121,8905,8906,1,0,0.68349598092225428
7122,8906,8907,3,0,0
7123,8908,8909,3,0,0.36269355148190113
7124,8909,8910,1,0,0.14525563396145957
7125,8910,8911,3,0,0.76866072083211878
7126,8911,8912,5,0,0.039264411246039667
7127,8912,8913,4,0,0.12140790931022225
7128,8913,8914,5,0,0.14778466699082943
7129,8915,8916,5,1,0.096916325090399977
7130,8916,8917,2,0,0.15805752967932613
7131,8917,8918,5,1,0.27287221093586539
7132,8918,8919,4,0,0.031782489120319085
7133,8919,8920,4,1,0.67054467109312976
7134,8920,8921,3,0,0.056103816336062193
7135,8921,8922,4,0,0.078322132805483419
7136,8922,8923,3,0,0
7137,8923,8924,3,0,0.1562732108640838
7138,8925,8926,3,1,0.26304915139218638
7139,8926,8927,1,0,0.032208933802807184
7140,8927,8928,2,0,0.077875279797621683
7141,8928,8929,1,0,0.038602540014414433
7142,8929,8930,5,1,0.6677718730357749
7143,8930,8931,5,0,0
7144,8931,8932,5,0,0.13006449356926808
7145,8933,8934,4,0,0.036539905650921876
7146,8934,8935,1,0,0.10091947517885134
7147,8935,8936,2,0,0.1271677640698739
7148,8936,8937,5,0,0.59896698363771683
7149,8937,8938,3,1,0.69523365171344675
7150,8938,8939,2,0,0.042576484290038699
7151,8939,8940,5,0,0.16286954890637631
7152,8940,8941,3,0,0.14286228514462188
7153,8941,8942,3,0,0.12509688570926403
7154,8943,8944,5,0,0.03748328606177935
7155,8944,8945,1,1,0.60382295073550185
7156,8945,8946,5,0,0.31680978177811236
7157,8948,8949,5,1,0.2084397994367046
7158,8949,8950,5,0,0.072485340862806225
7159,8951,8952,3,0,0.20628231986302414
7160,8952,8953,2,0,0.15142098474338717
7161,8953,8954,3,1,0.68617117722923804
7162,8954,8955,1,0,0.038284389990525344
7163,8955,8956,3,0,0.28080562682719734
7164,8956,8957,4,0,0.11408985656219696
7165,8959,8960,1,0,0.25023684077897412
7166,8960,8961,3,0,0.095436633431565346
7167,8961,8962,2,0,0
7168,8963,8964,5,0,0.11634731031797071
7169,8964,8965,4,0,0.064972082326506919
7170,8965,8966,3,1,0.37851496896515446
7171,8966,8967,1,1,0.43798758851912978
7172,8967,8968,2,0,0.13219236022087319
7173,8968,8969,1,0,0.14566792093537737
7174,8969,8970,5,0,0.037585748690663633
7175,8970,8971,3,0,0
7176,8971,8972,2,1,0.40091896889970868
7177,8972,8973,3,1,0
7178,8974,8975,4,1,0.12250614126081955
7179,8975,8976,2,0,0.1110184047191127
7180,8976,8977,2,0,0.27597798856228406
7181,8977,8978,3,0,0.090730321699563882
7182,8978,8979,4,0,0.075127056505129935
7183,8979,8980,4,0,0
7184,8981,8982,5,0,0.15676449598225878
7185,8983,8984,5,1,0.14503729833754608
7186,8984,8985,3,1,0.35840991663953908
7187,8985,8986,3,0,0.15780158604252803
7188,8987,8988,5,1,0.11072772325180878
7189,8988,8989,2,1,0.38207809509397772
7190,8991,8992,4,1,0.22566133172390906
7191,8992,8993,4,0,0.04550727063114534
7192,8993,8994,2,0,0.13209284002129712
7193,8994,8995,1,0,0.46183427882911687
7194,8995,8996,5,0,0.075296545084391223
7195,8996,8997,5,0,0.1483318685341414
7196,8997,8998,1,0,0.36959770905356693
7197,9004,9005,4,0,0.5676310793767767
7198,9005,9006,1,0,0.16962232830197063
7199,9007,9008,1,0,0.12040318479536065
7200,9008,9009,3,0,0.16801622062620722
7201,9009,9010,1,0,0.66754581564384996
7202,9014,9015,5,0,0
7203,9016,9017,1,0,0.76577777218110876
7204,9017,9018,1,0,0.49605626328353891
7205,9018,9019,2,0,0.18681131024573153
7206,9019,9020,1,1,0.57483546883774894
7207,9021,9022,4,0,0.097466149242754541
7208,9022,9023,4,0,0.26829181444423339
7209,9023,9024,1,1,0.36758800525091917
7210,9024,9025,3,0,0.078518783810579848
7211,9025,9026,2,0,0.03088252570000774
7212,9026,9027,5,0,0.13230852476887728
7213,9027,9028,3,0,0.039656048891355718
7214,9028,9029,3,0,0.32502233471684777
7215,9029,9030,4,0,0.46248345395901691
7216,9033,9034,4,0,0.47745776380708987
7217,9034,9035,3,0,0.32814009729204702
7218,9038,9039,5,0,0.1144870567861575
7219,9039,9040,2,0,0
7220,9040,9041,5,1,0.33945426478455343
7221,9041,9042,4,0,0
7222,9042,9043,5,0,0.13522133735120759
7223,9045,9046,1,0,0.11278543083099365
7224,9046,9047,5,0,0.037299791483014565
7225,9047,9048,4,0,0.43109440983182679
7226,9048,9049,1,0,0.18559938153460953
7227,9049,9050,1,0,0.032502380640459384
7228,9051,9052,1,1,0.16025663768519544
7229,9052,9053,1,0,0.11838143999475625
7230,9053,9054,3,0,0.19238320585296576
7231,9054,9055,4,1,0.17376347425255928
7232,9055,9056,2,0,0.081295401047926888
7233,9056,9057,5,0,0.28912442859749277
7234,9057,9058,5,0,0.13434034015716889
7235,9058,9059,2,0,0.076803527128755864
7236,9059,9060,4,0,0.052251854117301003
7237,9060,9061,1,0,0.037708988326156608
7238,9063,9064,4,0,0.28094994827170805
7239,9064,9065,5,0,0
7240,9065,9066,2,0,0.14478914848491131
7241,9066,9067,3,0,0.51324159614528342
7242,9067,9068,1,0,0.089213152409685498
7243,9068,9069,1,0,0.076297746755135148
7244,9069,9070,5,1,0.037333752767735491
7245,9070,9071,1,0,0.045714301296453992
7246,9071,9072,5,0,0.16473154181276278
7247,9072,9073,5,0,0.040412943697642187
7248,9074,9075,4,0,0.79357548268349576
7249,9075,9076,4,1,0.0673887206782776
7250,9076,9077,2,1,0.3391506850124904
7251,9077,9078,4,1,0.07462909372385744
7252,9078,9079,1,1,0.23201807228192112
7253,9080,9081,2,1,0.46261042996591123
7254,9081,9082,5,0,0.23717064027489665
7255,9082,9083,1,0,0.30511800923622967
7256,9083,9084,1,0,0.20429759309635848
7257,9084,9085,4,1,0.73702788490166504
7258,9085,9086,2,0,0.35724227548310294
7259,9086,9087,5,0,0.259996859653016
7260,9087,9088,4,0,0.068159929548418152
7261,9088,9089,1,0,0.19288120471648329
7262,9090,9091,3,0,0
7263,9092,9093,4,0,0.11684338256857599
7264,9094,9095,3,0,0.15595882091901697
7265,9096,9097,5,0,0.1854067992236792
7266,9098,9099,5,1,0.83960485823084752
7267,9100,9101,4,1,0.25809210129984145
7268,9101,9102,4,0,0.095937196767160435
7269,9102,9103,3,1,0.75328444127266592
7270,9104,9105,3,0,0.11483021874485183
7271,9106,9107,1,1,0.52384857559211429
7272,9107,9108,3,1,0.65557851951746593
7273,9108,9109,5,0,0.035197357260876971
7274,9109,9110,3,0,0.039147916742920889
7275,9111,9112,4,0,0.15244463560668189
7276,9113,9114,1,0,0.12104281388424555
7277,9114,9115,1,0,0.068134402390340465
7278,9115,9116,1,0,0.24572901076266779
7279,9116,9117,3,0,0
7280,9118,9119,3,1,0.26016960441964737
7281,9119,9120,2,0,0.1568008450112687
7282,9120,9121,5,0,0.11192820160620118
7283,9121,9122,3,0,0.064697255090860481
7284,9122,9123,5,0,0.36849109120813811
7285,9123,9124,1,1,0.61250478984185075
7286,9124,9125,1,1,0.083273598270438384
7287,9125,9126,5,0,0.3219178083615053
7288,9126,9127,4,0,0
7289,9127,9128,2,0,0.20784396193933308
7290,9128,9129,5,0,0.11366666074761292
7291,9129,9130,3,0,0.12601010926184536
7292,9131,9132,2,1,0.14850768726392161
7293,9133,9134,2,0,0.33152742341646529
7294,9138,9139,3,0,0.14816787723114991
7295,9139,9140,4,0,0.23477168687046057
7296,9140,9141,4,0,0.19300518661474547
7297,9141,9142,2,0,0.038439527052182024
7298,9143,9144,5,0,0.039486345890505856
7299,9144,9145,5,0,0.42221307736360364
7300,9145,9146,5,0,0.080343352337519353
7301,9147,9148,2,1,0.43953187001044625
7302,9148,9149,3,1,0.45460652749519481
7303,9149,9150,1,0,0.18119248632676549
7304,9150,9151,2,0,0.23137210323216362
7305,9151,9152,1,1,0.23907857971004379
7306,9152,9153,1,0,0.26709697110918795
7307,9153,9154,4,0,0.20827103582984344
7308,9155,9156,5,0,0.11288554100671874
7309,9156,9157,4,0,0
7310,9158,9159,3,0,0.20124832388764011
7311,9159,9160,5,0,0.034343411845590574
7312,9160,9161,5,0,0.32570093466100947
7313,9161,9162,3,0,0.083406301365155894
7314,9162,9163,4,0,0
7315,9163,9164,3,0,0.27368758299941032
7316,9164,9165,1,1,0.80715477338387187
7317,9166,9167,1,1,0.65960775389461523
7318,9167,9168,5,1,0.19405831544371893
7319,9168,9169,1,0,0.11806263180126178
7320,9169,9170,5,0,0.15912868673663957
7321,9170,9171,3,1,0.70301637069040035
7322,9171,9172,1,0,0.37714337909035917
7323,9172,9173,5,0,0.037668401755671904
7324,9173,9174,4,0,0.22942220678337483
7325,9174,9175,4,1,0.20308028662882541
7326,9175,9176,2,0,0.1176056871828348
7327,9176,9177,4,0,0.18548554937892206
7328,9178,9179,3,0,0.24536315801659669
7329,9179,9180,3,0,0.34673514482092072
7330,9180,9181,1,0,0.11548672106479127
7331,9181,9182,2,0,0.072678861302189257
7332,9183,9184,4,0,0.061256037167277073
7333,9185,9186,4,0,0.036215355690674945
7334,9187,9188,3,1,0.46830798242638777
7335,9189,9190,1,1,0.36942804957782771
7336,9192,9193,5,1,0.58373006271009253
7337,9193,9194,1,0,0.48547967001564191
7338,9194,9195,4,1,0.58905864540925157
7339,9195,9196,4,1,0.22477241453503169
7340,9196,9197,2,1,0.24369356319996763
7341,9197,9198,3,1,0.56252800409716952
7342,9198,9199,5,0,0.11975699073209631
7343,9199,9200,2,0,0.032721691422478855
7344,9201,9202,2,0,0.097734426032736577
7345,9202,9203,2,0,0.070658048770926893
7346,9203,9204,5,0,0.20994181363639056
7347,9204,9205,5,0,0.081160587584725954
7348,9206,9207,5,0,0.17391811300254761
7349,9207,9208,4,0,0.084772213289281029
7350,9208,9209,3,0,0.22954346457119904
7351,9211,9212,3,0,0.11510520424277404
7352,9212,9213,1,0,0.48236474432710269
7353,9213,9214,3,0,0
7354,9214,9215,3,1,0.59846794965264627
7355,9216,9217,4,1,0.079107740184060277
7356,9217,9218,3,1,0.075816257937354234
7357,9219,9220,2,0,0.15390631930003759
7358,9220,9221,5,0,0.038090331764178004
7359,9221,9222,4,1,1
7360,9222,9223,2,1,0.58646641241795339
7361,9223,9224,2,0,0.13782876522670962
7362,9224,9225,4,0,0.2042678144267942
7363,9225,9226,4,0,0.075262684248110501
7364,9226,9227,4,0,0.19129764097897509
7365,9227,9228,4,1,0.63880884180064723
7366,9228,9229,4,1,0.20072464067825815
7367,9230,9231,1,0,0.30478914616030717
7368,9231,9232,3,0,0.24744868406247134
7369,9232,9233,5,0,0.10820530725101427
7370,9234,9235,4,0,0.37857076471227247
7371,9235,9236,4,0,0.37452185945464517
7372,9237,9238,2,0,0.14028909329978909
7373,9239,9240,3,0,0.12875397592776378
7374,9241,9242,1,1,0.11822703784193761
7375,9242,9243,5,0,0.03985015704949052
7376,9243,9244,2,0,0
7377,9244,9245,4,0,0.073007700019386765
7378,9247,9248,4,1,0.1175148291545178
7379,9248,9249,5,0,0.11382714942467557
7380,9249,9250,2,0,0.10791444847606912
7381,9252,9253,5,1,0.20326078660010546
7382,9253,9254,3,0,0.15797397185455087
7383,9254,9255,2,0,0.071818861666190295
7384,9255,9256,4,1,0.070875082332930814
7385,9256,9257,2,1,0.31584709892187252
7386,9257,9258,2,0,0.08930174467271669
7387,9258,9259,4,0,0.10844168220550061
7388,9259,9260,3,0,0.03579888001251319
7389,9260,9261,3,0,0.069991441172142427
7390,9261,9262,3,0,0.1104343152382407
7391,9262,9263,4,0,0.10800241502779349
7392,9263,9264,1,0,0.27875357698400205
7393,9264,9265,5,0,0.38235817776591008
7394,9265,9266,5,0,0.042522054302791407
7395,9266,9267,3,0,0.062979348087527032
7396,9268,9269,3,0,0.16030042851419884
7397,9269,9270,5,0,0.18245377999931428
7398,9270,9271,4,0,0.078568561894571232
7399,9271,9272,4,1,0.86085802438510606
7400,9272,9273,3,1,0.69101965167332435
7401,9275,9276,5,0,0.14433730745839965
7402,9277,9278,3,0,0.13668301948627312
7403,9278,9279,1,0,0.076765302171072705
7404,9279,9280,2,1,0.080742530998106063
7405,9280,9281,3,0,0.12576628432123332
7406,9282,9283,1,0,0.17161457311136186
7407,9283,9284,3,0,0.63229556856650659
7408,9285,9286,5,0,0.16068716220429285
7409,9287,9288,5,1,0.46671862336689141
7410,9288,9289,2,1,0.092192723069306759
7411,9289,9290,4,1,0.3636641425987463
7412,9290,9291,1,0,0.034443302280918478
7413,9292,9293,2,1,0.14803613318832831
7414,9293,9294,2,0,0.21020232280098211
7415,9294,9295,2,0,0.073591556718025378
7416,9295,9296,5,1,0.4194922851190902
7417,9296,9297,5,0,0.035378507304614476
7418,9297,9298,1,0,0.15780025897435287
7419,9298,9299,3,0,0.18862580318078462
7420,9299,9300,4,0,0.12348586171710764
7421,9300,9301,5,1,0.11567113982783658
7422,9301,9302,3,1,0.30448369868718461
7423,9302,9303,5,0,0.20403920071900666
7424,9303,9304,3,0,0.07661648095577582
7425,9304,9305,3,0,0.23596645942684444
7426,9305,9306,4,1,0.56215485282641153
7427,9307,9308,2,1,0.18212678349680514
7428,9308,9309,4,0,0.47712148038751701
7429,9310,9311,2,1,0.19913190611731374
7430,9311,9312,2,0,0.073665268928638006
7431,9312,9313,4,0,0.03528490795696692
7432,9313,9314,1,1,0.24721352107624295
7433,9315,9316,4,0,0.32369613958321458
7434,9316,9317,1,1,0.08972959727854074
7435,9317,9318,3,0,0.27862519278950837
7436,9318,9319,1,0,0.37293665665045944
7437,9320,9321,5,0,0.12555250241499694
7438,9321,9322,4,0,0.047057650351062352
7439,9322,9323,4,0,0.259602519521132
7440,9323,9324,5,1,0.23498559299772137
7441,9325,9326,5,0,0.44541472525226344
7442,9326,9327,5,0,0
7443,9327,9328,1,0,0.072769789927198986
7444,9328,9329,4,1,0.6299189668809444
7445,9329,9330,4,0,0.19383513246603276
7446,9330,9331,1,0,0.10265823526518339
7447,9331,9332,2,0,0.069793726665781194
7448,9332,9333,3,0,0
7449,9334,9335,4,1,0.028020907292059239
7450,9336,9337,5,1,0.55786431230449474
7451,9337,9338,5,1,0.076072274772653423
7452,9338,9339,1,0,0.047212979934937796
7453,9339,9340,2,1,0.49692860543172135
7454,9340,9341,1,1,0.62102861439922596
7455,9341,9342,1,0,0.096906991127456266
7456,9343,9344,4,1,0.59172687834381466
7457,9344,9345,3,0,0.15922350576496969
7458,9345,9346,2,0,0.039772605084895794
7459,9346,9347,4,1,0.20663683120385762
7460,9347,9348,2,0,0.055692705737997686
7461,9348,9349,4,0,0.36521767231570629
7462,9349,9350,5,0,0.093729946702404449
7463,9350,9351,5,0,0.082456200081374748
7464,9351,9352,3,0,0.093048364120013022
7465,9352,9353,4,0,0.11945525206482369
7466,9354,9355,2,0,0.079804171703028545
7467,9355,9356,4,0,0.035634594355589522
7468,9357,9358,2,0,0.15624002173922966
7469,9359,9360,5,0,0.066703874304484975
7470,9360,9361,4,0,0.07670228114163602
7471,9361,9362,1,0,0.44588175830061777
7472,9362,9363,1,0,0.085578612960427167
7473,9363,9364,3,0,0.07507825345536015
7474,9364,9365,2,1,0.033626365084953813
7475,9365,9366,1,0,0.24085373068327653
7476,9366,9367,3,0,0.11978813709819328
7477,9367,9368,5,0,0.1797908440328056
7478,9368,9369,2,1,0.1364553891046785
7479,9369,9370,3,0,0.07718781643839126
7480,9370,9371,1,1,0.29271777405552596
7481,9372,9373,5,0,0.24513002555491695
7482,9373,9374,5,0,0.45310309302638135
7483,9374,9375,1,0,0.15487400544827506
7484,9375,9376,1,1,0.12712303624450047
7485,9376,9377,2,1,0.11327268064582763
7486,9377,9378,1,1,0.13977243230546199
7487,9378,9379,5,0,0
7488,9379,9380,2,1,0.19337514266721043
7489,9380,9381,1,0,0.069237385567375076
7490,9381,9382,1,0,0.40570931699808926
7491,9382,9383,2,0,0.11795660111823759
7492,9383,9384,3,0,0.4481034380084537
7493,9384,9385,2,0,0.54264852728434898
7494,9387,9388,2,0,0.1661563926459774
7495,9388,9389,3,0,0.18304731536935751
7496,9390,9391,5,0,0
7497,9391,9392,2,1,0.1485532311719493
7498,9392,9393,5,0,0.32200216064337772
7499,9394,9395,5,0,0.07467538467682025
7500,9395,9396,5,1,0.23368537089733071
7501,9396,9397,4,0,0.78193928659992196
7502,9397,9398,5,0,0
7503,9398,9399,1,0,0.03840472860164245
7504,9399,9400,5,1,0.077090484586035263
7505,9400,9401,5,1,0.15021734468202502
7506,9402,9403,5,0,0.17768841316898307
7507,9403,9404,1,0,0.039022567433610635
7508,9404,9405,1,0,0.029385996404894938
7509,9405,9406,4,0,0.19659161971240016
7510,9406,9407,3,1,0.27444476845549121
7511,9407,9408,2,0,0
7512,9408,9409,1,0,0.61914227144872691
7513,9409,9410,5,0,0.11782473626977338
7514,9410,9411,2,0,0.08409982724110189
7515,9411,9412,1,0,0.38167766569653222
7516,9412,9413,1,0,0.21407748821706005
7517,9413,9414,3,1,0.6903354174396843
7518,9414,9415,2,0,0.12161951542102385
7519,9415,9416,5,0,0.27924177234397374
7520,9417,9418,3,0,0.21390762846491629
7521,9418,9419,3,0,0.24200392720342065
7522,9419,9420,4,0,0.20853509743251447
7523,9421,9422,3,0,0.19143964490578896
7524,9422,9423,1,0,0
7525,9423,9424,2,0,0.065092181907846644
7526,9424,9425,3,1,0.11081161627968772
7527,9427,9428,3,0,0.11121760296422638
7528,9428,9429,5,1,0.48829927620705532
7529,9429,9430,4,0,0.12206813432297944
7530,9430,9431,4,0,0.38869806992134509
7531,9431,9432,3,0,0.039534323224862958
7532,9432,9433,4,0,0.32138245113430924
7533,9433,9434,4,1,0.23663469453844291
7534,9434,9435,2,0,0.22882874740330564
7535,9435,9436,1,0,0.51909946998136869
7536,9436,9437,3,0,0.036569469991812764
7537,9437,9438,3,1,0.37089361561729733
7538,9438,9439,4,0,0.11102552184550113
7539,9439,9440,4,1,0.16460624399850057
7540,9440,9441,2,0,0.25124581716528993
7541,9441,9442,3,0,0.11268956972460029
7542,9442,9443,5,0,0.077723125698550485
7543,9443,9444,4,0,0.21046733517112606
7544,9444,9445,4,0,0.12266766420912446
7545,9445,9446,2,1,0.50425530597806822
7546,9448,9449,4,0,0.038215830279671938
7547,9451,9452,2,1,0.71763867001016002
7548,9452,9453,1,0,0.34366263125863511
7549,9453,9454,3,0,0.30147714348373117
7550,9454,9455,2,0,0.10938570688146228
7551,9455,9456,1,0,0.15136073307331116
7552,9456,9457,2,0,0.035554191908550289
7553,9457,9458,2,1,0.6041212922844662
7554,9458,9459,5,1,0.13284550445133053
7555,9459,9460,2,0,0.1668444744431275
7556,9460,9461,1,1,0.038290530547182684
7557,9461,9462,4,0,0.038521992468259471
7558,9462,9463,5,1,0.64224289531372969
7559,9463,9464,4,0,0.32089499191444903
7560,9465,9466,4,0,0.30642953229733222
7561,9466,9467,3,0,0.035779672467843915
7562,9467,9468,4,0,0.17746173586716985
7563,9468,9469,3,1,0.43818935064801079
7564,9469,9470,3,0,0.17702625402020197
7565,9470,9471,5,0,0.15530874634340816
7566,9471,9472,3,0,0.11939815280521687
7567,9472,9473,2,1,0.27556213384250777
7568,9473,9474,3,0,0.14646728382415011
7569,9474,9475,1,0,0.070571730199403118
7570,9476,9477,5,0,0.19306710734503774
7571,9477,9478,4,1,0.091691786760510971
7572,9478,9479,5,0,0.038557861270050925
7573,9480,9481,2,1,0.23972333944476709
7574,9481,9482,3,0,0.18975481578499895
7575,9482,9483,4,0,0.11552457784622426
7576,9483,9484,3,1,0.84905874730490016
7577,9484,9485,1,0,0.079831332420128256
7578,9485,9486,4,0,0.25404446835495037
7579,9486,9487,4,0,0.11427511794338141
7580,9487,9488,2,0,0
7581,9488,9489,1,1,0.25727052967284519
7582,9490,9491,3,0,0.24450896553199811
7583,9491,9492,4,0,0.17808852278894005
7584,9493,9494,5,1,0.13026772888197996
7585,9494,9495,2,1,0.51690191145645292
7586,9496,9497,3,0,0.037916830904591275
7587,9498,9499,2,0,0.11089227965680923
7588,9499,9500,4,0,0.32086986937793749
7589,9500,9501,1,0,0.19600641387177889
7590,9501,9502,4,0,0.046686670457034674
7591,9503,9504,1,0,0.68558826176083842
7592,9505,9506,2,0,0.12162751321000975
7593,9506,9507,2,0,0.1780714576963722
7594,9508,9509,5,0,0.25380809154493622
7595,9510,9511,4,0,0.050265827083845596
7596,9511,9512,3,0,0.066071748850531617
7597,9512,9513,4,0,0.17134259744963054
7598,9513,9514,3,0,0
7599,9514,9515,4,0,0.16685465994477305
7600,9515,9516,2,0,0.080246648696218281
7601,9516,9517,1,0,0.037175059987054726
7602,9518,9519,3,0,0
7603,9519,9520,5,0,0.68472105287297436
7604,9520,9521,5,0,0.03307686065044816
7605,9522,9523,3,0,0
7606,9523,9524,4,0,0.077309451572810245
7607,9524,9525,2,0,0.19642063079458275
7608,9525,9526,4,0,0.076167997565180293
7609,9527,9528,1,1,0.078611219207082902
7610,9529,9530,1,0,0
7611,9530,9531,3,0,0.16033166832889489
7612,9532,9533,3,1,0.10695067305619947
7613,9533,9534,2,1,0.26944840953881966
7614,9534,9535,4,0,0.039585082906072371
7615,9535,9536,4,0,0.087507435576331449
7616,9536,9537,3,1,0.03480158732353663
7617,9537,9538,1,1,0.74787861397636635
7618,9538,9539,5,0,0.10368872863295492
7619,9539,9540,4,0,0.20868064911696052
7620,9540,9541,1,0,0.14275709345781129
7621,9542,9543,4,0,0.24221965306780646
7622,9543,9544,5,1,0.1556011901900021
7623,9544,9545,3,0,0.24143300360267902
7624,9545,9546,5,0,0.044505478663348252
7625,9546,9547,1,0,0.03254071503132791
7626,9547,9548,4,0,0.04646443935578197
7627,9548,9549,3,0,0.26064995295845489
7628,9549,9550,2,0,0.30945949017672658
7629,9551,9552,4,0,0.10032414194977941
7630,9553,9554,5,0,0.27701083313979125
7631,9555,9556,5,0,0.070696005829140929
7632,9556,9557,3,1,0.20276711843192974
7633,9557,9558,3,0,0.077816438473630956
7634,9558,9559,2,0,0.12169427537048448
7635,9559,9560,4,1,0.12847029265935314
7636,9560,9561,2,0,0.11852625135886716
7637,9561,9562,4,0,0.11079655214755355
7638,9562,9563,2,1,0.65896574931735896
7639,9564,9565,2,0,0.041909879929834297
7640,9565,9566,2,0,0
7641,9567,9568,2,0,0.13971466684307857
7642,9568,9569,5,1,0.24256847671875406
7643,9570,9571,4,0,0.54626127700670324
7644,9571,9572,3,0,0.37205974584949791
7645,9572,9573,2,0,0.24000503105489876
7646,9573,9574,5,0,0.24146145263476312
7647,9574,9575,1,0,0.22334767068053488
7648,9575,9576,1,0,0
7649,9576,9577,2,1,0.59852304059407202
7650,9577,9578,5,0,0.18407727208166302
7651,9578,9579,5,0,0.1454076795028085
7652,9579,9580,2,0,0.16172815814132729
7653,9580,9581,2,0,0.10349517245583201
7654,9582,9583,3,1,0.60733109678301833
7655,9583,9584,3,1,0.78984703751257657
7656,9584,9585,1,1,0.80303587515202901
7657,9585,9586,5,0,0.2441411179257123
7658,9586,9587,2,1,0.19746147849130669
7659,9587,9588,3,0,0.12379095681809819
7660,9589,9590,5,1,0.23871046282982761
7661,9590,9591,4,0,0.10893781244126269
7662,9591,9592,4,0,0.069741217726729629
7663,9593,9594,2,1,0.65139436128770267
7664,9594,9595,5,0,0.093214615435343734
7665,9595,9596,4,0,0.12156640591166419
7666,9597,9598,2,0,0.033268511894893951
7667,9599,9600,3,0,0.26806126904076699
7668,9600,9601,3,0,0.35066881437127617
7669,9602,9603,2,0,0.095240916029799283
7670,9603,9604,5,0,0.14607500158009715
7671,9604,9605,5,1,0.080359825702723431
7672,9605,9606,1,0,0.081903262569364935
7673,9606,9607,1,0,0.11647205745173196
7674,9607,9608,3,0,0.41168824842106977
7675,9608,9609,3,0,0.077932608761235325
7676,9610,9611,1,0,0.21774994359625199
7677,9611,9612,5,0,0.035530736892821164
7678,9612,9613,1,0,0.041408856165615002
7679,9613,9614,1,1,0.67970488540381424
7680,9614,9615,3,0,0.24638068939445681
7681,9615,9616,2,0,0.19349621640149725
7682,9616,9617,3,0,0.37112557917969946
7683,9617,9618,4,0,0.38246356124483738
7684,9618,9619,1,0,0.081053093519017697
7685,9619,9620,5,1,0.14924534069603332
7686,9620,9621,1,0,0.078718389014601153
7687,9621,9622,3,0,0.15302405498215585
7688,9623,9624,4,0,0.096090809936448474
7689,9624,9625,1,0,0.24069320976191672
7690,9626,9627,5,0,0.11659943091291713
7691,9627,9628,5,0,0.076937952738276347
7692,9628,9629,2,1,0.16513354548453399
7693,9629,9630,2,0,0.084825747971940257
7694,9630,9631,3,0,0.69865955543676928
7695,9631,9632,2,0,0.17379708980297709
7696,9632,9633,4,1,0.35504869459773891
7697,9633,9634,2,0,0.13620705968021821
7698,9635,9636,5,0,0.080020236602836498
7699,9636,9637,5,0,0.16674386388603057
7700,9637,9638,4,0,0.082564169395650255
7701,9638,9639,2,0,0.12500481893950363
7702,9639,9640,4,0,0
7703,9640,9641,2,1,0.44810304515050348
7704,9642,9643,4,0,0.076263817608452092
7705,9643,9644,5,0,0.11797610228699246
7706,9644,9645,2,0,0.25806997814837496
7707,9645,9646,3,0,0.13800319738481845
7708,9646,9647,1,0,0.52421363823520184
7709,9647,9648,1,0,0.15670858699342605
7710,9648,9649,2,0,0
7711,9649,9650,2,0,0.09607600060791617
7712,9650,9651,1,1,0.72557610109944026
7713,9651,9652,4,0,0.07935739448535159
7714,9652,9653,3,0,0.14987390445726886
7715,9653,9654,2,0,0.12541354205407867
7716,9654,9655,2,0,0.11858768089083155
7717,9655,9656,4,0,0.13534805193662369
7718,9656,9657,4,0,0.11665279349876952
7719,9657,9658,5,0,0.112472645287435
7720,9658,9659,2,0,0.35018891177208511
7721,9659,9660,4,0,0.21720164631288272
7722,9660,9661,3,1,0.78653015049457731
7723,9661,9662,3,1,0.6286143072755791
7724,9662,9663,4,0,0.14106150589315072
7725,9664,9665,3,1,0.42294057882027553
7726,9665,9666,5,1,0.11913437097353485
7727,9666,9667,5,0,0.071729412141391849
7728,9667,9668,2,1,0.16197536572712259
7729,9668,9669,5,0,0
7730,9670,9671,5,0,0.24072752813261841
7731,9672,9673,5,0,0.10351815623983211
7732,9673,9674,4,0,0.11579673056652125
7733,9674,9675,2,1,0.20585893130921018
7734,9675,9676,1,0,0.32020340101568567
7735,9676,9677,3,0,0.87605156653413352
7736,9677,9678,4,0,0.16743123271470989
7737,9679,9680,2,0,0.066039578575593894
7738,9680,9681,2,0,0.34194124600477127
7739,9682,9683,3,0,0.08192562877087145
7740,9683,9684,1,0,0.22848693699939732
7741,9684,9685,1,1,0.57885685683890586
7742,9685,9686,4,0,0.24660293076382878
7743,9686,9687,1,0,0.15715094436271906
7744,9687,9688,1,0,0.11366151856030467
7745,9688,9689,3,0,0.089973788334920757
7746,9689,9690,1,0,0.286302993308236
7747,9690,9691,2,0,0.080500864730509727
7748,9691,9692,4,0,0.4515004046022863
7749,9692,9693,4,1,0.14245076615055449
7750,9693,9694,1,0,0.039993168859062733
7751,9694,9695,1,1,0.6284847969945575
7752,9695,9696,3,0,0.26704848042993806
7753,9696,9697,4,1,0.56010105140891686
7754,9697,9698,1,0,0.12143118466390182
7755,9698,9699,1,0,0.19549585790736851
7756,9699,9700,4,1,0.44288644304134256
7757,9700,9701,1,0,0.21479816219376632
7758,9701,9702,3,0,0.18648327960446306
7759,9702,9703,5,0,0.21485503686360696
7760,9703,9704,2,0,0.15373619628733448
7761,9704,9705,4,0,0.23886663902933292
7762,9705,9706,5,0,0.2027962139867362
7763,9706,9707,2,1,0.69212028533213532
7764,9707,9708,1,1,0.11370707260480239
7765,9708,9709,5,0,0.074691396150011372
7766,9709,9710,2,0,0.17175280932704637
7767,9710,9711,3,0,0.23697782526408445
7768,9711,9712,2,0,0.1368266182179679
7769,9712,9713,5,0,0.040989009901989303
7770,9714,9715,1,0,0.75063947065523806
7771,9716,9717,5,0,0.21641412437456556
7772,9717,9718,2,0,0.083868366770819741
7773,9719,9720,3,0,0.14273495387843352
7774,9720,9721,2,0,0.079537844804866753
7775,9723,9724,3,0,0.079243359231163074
7776,9724,9725,3,0,0.078506070046641077
7777,9725,9726,4,0,0.14782121627516104
7778,9727,9728,1,0,0.039888362865017665
7779,9729,9730,3,0,0
7780,9730,9731,2,0,0.53776203946897572
7781,9731,9732,4,1,0.63386351443817468
7782,9732,9733,3,1,0.6328249362140389
7783,9733,9734,2,0,0.15979479177695713
7784,9734,9735,4,0,0.15112022955158025
7785,9735,9736,5,0,0.29143557833831907
7786,9736,9737,5,0,0.03701915597905657
7787,9737,9738,2,0,0.096391431618084444
7788,9738,9739,4,0,0.11702371880377423
7789,9739,9740,4,0,0.40979406881627317
7790,9740,9741,2,0,0.11020703964075153
7791,9741,9742,5,0,0.15037887153044316
7792,9744,9745,3,0,0.31125398852502478
7793,9745,9746,2,0,0.073842500630271646
7794,9746,9747,2,0,0.067823264852656426
7795,9747,9748,5,0,0.076641707452215366
7796,9748,9749,5,0,0.11322960500607351
7797,9749,9750,1,0,0.28151814552494142
7798,9750,9751,3,0,0.1132677769184003
7799,9751,9752,2,0,0.079419311810858914
7800,9752,9753,3,0,0.19287108299782788
7801,9753,9754,1,0,0.033551756941901115
7802,9754,9755,4,0,0.032108447245204605
7803,9755,9756,3,0,0.77230651738054112
7804,9756,9757,4,0,0.31944793462313359
7805,9757,9758,1,0,0.083317708976285113
7806,9758,9759,5,0,0.076485952158254308
7807,9763,9764,4,0,0.075961416507698526
7808,9764,9765,1,1,0.78268807893943237
7809,9765,9766,1,0,0.30086348223023623
7810,9767,9768,5,0,0.17613593516949252
7811,9768,9769,4,1,0.45706389774940354
7812,9769,9770,3,0,0.085732462832006417
7813,9770,9771,4,1,0.33877637857141368
7814,9771,9772,3,0,0.10122921070239395
7815,9772,9773,5,0,0.47656124884125983
7816,9773,9774,4,0,0.0638756081951765
7817,9774,9775,5,0,0
7818,9775,9776,5,0,0.19003757772772117
7819,9776,9777,3,0,0.13729861643827798
7820,9777,9778,3,0,0.15085995996124832
7821,9778,9779,5,1,0.690935071777245
7822,9780,9781,2,0,0.22793939828392557
7823,9781,9782,2,1,0.69520431763681179
7824,9782,9783,3,0,0.22840467303592596
7825,9784,9785,1,0,0.036765445536399169
7826,9785,9786,1,1,0.43487007763293573
7827,9786,9787,4,0,0.18977160953222719
7828,9787,9788,4,1,0.6834538249095139
7829,9788,9789,5,0,0.36555537002587829
7830,9789,9790,1,0,0.078953950032482095
7831,9790,9791,5,0,0.24670447525157546
7832,9791,9792,1,1,0.48973799892261705
7833,9792,9793,1,0,0
7834,9793,9794,1,0,0.079030334215133197
7835,9794,9795,4,0,0.43223116564695385
7836,9796,9797,3,0,0.25134111514469909
7837,9798,9799,3,1,0.3016667192369944
7838,9799,9800,1,1,0.035383388574426904
7839,9800,9801,2,0,0.23238859405336659
7840,9802,9803,5,0,0.41777374193629069
7841,9803,9804,5,0,0.24939483235466589
7842,9804,9805,5,0,0.15426315563270646
7843,9805,9806,1,0,0.10175901721835436
7844,9806,9807,4,0,0.035970642607028577
7845,9807,9808,1,0,0.036351181615780812
7846,9809,9810,3,0,0.146947994404104
7847,9811,9812,4,1,0.71850168594019059
7848,9812,9813,4,0,0.20458643109389568
7849,9813,9814,5,0,0.10137191817510018
7850,9814,9815,3,0,0.54320617603346555
7851,9815,9816,1,0,0.60171421112310108
7852,9816,9817,4,0,0.23842630997668904
7853,9817,9818,5,0,0.079519700599004359
7854,9819,9820,5,0,0.12911357671235543
7855,9820,9821,4,0,0.69913958965519196
7856,9821,9822,3,0,0.51811413024122366
7857,9822,9823,3,0,0.28272854016872823
7858,9823,9824,5,1,0.27154380629775321
7859,9824,9825,3,0,0.31322284657602389
7860,9826,9827,1,1,0.1139308183621621
7861,9828,9829,1,1,0.4509055180918598
7862,9829,9830,5,0,0.14719209868859476
7863,9830,9831,1,0,0.076400030817912593
7864,9831,9832,4,0,0.22375412106431816
7865,9832,9833,3,1,0.79474348622511093
7866,9833,9834,5,0,0
7867,9834,9835,5,0,0.12331539189194622
7868,9838,9839,2,1,0.70258563852281486
7869,9839,9840,3,0,0.18855064672166952
7870,9840,9841,3,1,0.28165909102304554
7871,9841,9842,4,1,0.11561733872493267
7872,9842,9843,2,1,0.68112615756526274
7873,9843,9844,5,0,0.037932450680277015
7874,9845,9846,1,0,0.3158750250552691
7875,9846,9847,1,0,0
7876,9847,9848,1,1,0.10645891508174589
7877,9848,9849,1,0,0
7878,9849,9850,1,0,0.089270145993838965
7879,9850,9851,1,0,0
7880,9851,9852,3,1,0.040520440659381145
7881,9852,9853,3,0,0.14620027286824006
7882,9854,9855,4,0,0.29966046379307637
7883,9855,9856,2,1,0.42134048110393502
7884,9858,9859,5,0,0.11141969210862085
7885,9859,9860,5,0,0.26086651874142081
7886,9860,9861,2,0,0
7887,9861,9862,3,0,0.077395343868186417
7888,9862,9863,4,0,0.26451121204622741
7889,9863,9864,1,0,0.18638031862141391
7890,9864,9865,5,0,0
7891,9865,9866,5,1,0.37409662410810091
7892,9866,9867,4,0,0.37510757359156538
7893,9867,9868,1,0,0.10996540389829437
7894,9868,9869,5,0,0.64191538374635526
7895,9869,9870,2,1,0.083684983275787925
7896,9870,9871,5,1,0.8421848395129663
7897,9871,9872,1,0,0.15285654295534071
7898,9872,9873,5,0,0.16341811152112051
7899,9874,9875,5,0,0.02879452831521245
7900,9875,9876,3,0,0.14738458479737387
7901,9876,9877,4,0,0.38572219888713283
7902,9877,9878,4,0,0.072863000141673309
7903,9878,9879,5,0,0.20716408684756277
7904,9879,9880,5,0,0.033660946405423942
7905,9880,9881,3,1,0.66425672185708529
7906,9881,9882,3,0,0.068033638560672197
7907,9883,9884,4,0,0.029792382525232197
7908,9884,9885,2,0,0.2221224937534656
7909,9885,9886,2,0,0.086773606614294091
7910,9886,9887,4,0,0.036099229499530948
7911,9887,9888,4,0,0.036891707253196349
7912,9889,9890,4,0,0.42969254786686001
7913,9891,9892,3,0,0.17126718865009838
7914,9892,9893,2,1,0.34131950690305335
7915,9893,9894,3,0,0.11625641243076124
7916,9894,9895,5,0,0.097797931106710825
7917,9895,9896,4,0,0.043839577507218418
7918,9896,9897,4,0,0.076374806499719228
7919,9898,9899,4,0,0
7920,9899,9900,4,0,0.076560197183727696
7921,9900,9901,1,0,0.28804064731886647
7922,9901,9902,1,1,0.64832507138146866
7923,9902,9903,5,1,0.63065841479936169
7924,9903,9904,4,0,0.14599275816779925
7925,9904,9905,2,1,0.16220336254022863
7926,9905,9906,2,0,0.35070405927758452
7927,9906,9907,5,0,0
7928,9907,9908,4,0,0.17098265812536334
7929,9908,9909,1,0,0.033918462884338307
7930,9909,9910,2,1,0.56371790981095748
7931,9912,9913,2,0,0.036899654019676535
7932,9913,9914,2,0,0.69894943270768761
7933,9914,9915,4,1,0.63094592308262409
7934,9915,9916,2,0,0.14102624024632554
7935,9916,9917,2,0,0.038500540412349273
7936,9918,9919,2,1,0.5998958142035915
7937,9919,9920,3,0,0.15315613497764885
7938,9920,9921,5,0,0.71307686696524786
7939,9921,9922,1,0,0.38100979043393862
7940,9922,9923,3,0,0.59339658932236694
7941,9924,9925,1,0,0.21367214383985914
7942,9925,9926,2,0,0.12183225981957738
7943,9926,9927,1,0,0.087041597013699401
7944,9927,9928,3,1,0.36350864853046772
7945,9928,9929,3,0,0.17140669412245266
7946,9929,9930,1,0,0.31856391815853219
7947,9930,9931,2,0,0.12205610515245426
7948,9931,9932,2,0,0.085909641443233445
7949,9932,9933,3,1,0.54315042622926613
7950,9934,9935,5,1,0.19376086535703488
7951,9937,9938,1,0,0.08170580132282089
7952,9938,9939,1,0,0.19292861431805683
7953,9939,9940,2,0,0.18659063926060751
7954,9940,9941,2,1,0.35265308653292904
7955,9942,9943,2,0,0.28053261811061847
7956,9943,9944,2,0,0.030929642755287218
7957,9944,9945,3,0,0.13543863725945243
7958,9945,9946,1,0,0.074601382201361421
7959,9946,9947,1,1,0.5646085745583499
7960,9947,9948,4,0,0
7961,9948,9949,3,1,0.24008266979177575
7962,9949,9950,2,0,0.49668614281187218
7963,9950,9951,3,0,0.52973014465208967
7964,9951,9952,5,1,0.22314831444728661
7965,9952,9953,5,1,0.55648586927028432
7966,9953,9954,2,0,0.11700266058097808
7967,9954,9955,5,1,0.19964308040431303
7968,9955,9956,4,0,0.34422275483046327
7969,9956,9957,4,0,0.12327108632124453
7970,9957,9958,5,1,0.73718334419691656
7971,9958,9959,1,0,0.19058095779255535
7972,9959,9960,4,0,0.15325781646173517
7973,9961,9962,3,0,0.16335464713492057
7974,9962,9963,2,0,0.60814439875907034
7975,9963,9964,4,0,0
7976,9964,9965,1,1,0.11625226731320112
7977,9965,9966,1,0,0.12419249453210353
7978,9967,9968,2,0,0.39217044418830249
7979,9968,9969,5,0,0.11429252098865963
7980,9970,9971,4,1,0.17793255976069589
7981,9971,9972,2,0,0.15795601110765559
7982,9973,9974,1,0,0
7983,9974,9975,4,0,0.080599324591332178
7984,9975,9976,4,0,0.10040223704086353
7985,9976,9977,5,0,0.1981884188089785
7986,9977,9978,5,0,0
7987,9978,9979,4,0,0.25718315003562142
7988,9979,9980,1,1,0.42094110851466909
7989,9980,9981,2,0,0.092879781868487957
7990,9981,9982,4,0,0
7991,9982,9983,1,0,0.29206127637294582
7992,9983,9984,4,0,0.080215586214793924
7993,9984,9985,3,0,0.16691188926349079
7994,9985,9986,5,0,0.15238998923460445
7995,9986,9987,3,0,0.18939694959028555
7996,9987,9988,2,0,0.077506008246131963
7997,9988,9989,4,0,0.18616231565126456
7998,9989,9990,3,0,0
7999,9991,9992,3,1,0.30308593703922171
8000,9992,9993,3,1,0.35534789902816594
8001,9993,9994,5,1,0.3251842169405631
8002,9994,9995,3,1,0.18673960733894412
8003,9996,9997,5,0,0.17444963958510329
8004,9997,9998,1,0,0.082345333530099402
8005,9998,9999,3,1,0.45574192769598693
8006,9999,10000,5,0,0.067080372762120671
8007,10000,10001,2,0,0.098807054512336304
8008,10002,10003,1,0,0.33473327641142686
8009,10003,10004,1,0,0.2166855204105794
8010,10004,10005,1,0,0.24560940870513961
8011,10005,10006,1,0,0
8012,10006,10007,2,0,0.18153585875379752
8013,10007,10008,5,0,0.56893954618197384
8014,10008,10009,3,1,0.22225731178063426
8015,10009,10010,2,1,0.15936403529473445
8016,10010,10011,3,0,0.32421878864079368
8017,10011,10012,2,0,0.14850422337101415
8018,10012,10013,2,0,0.042294083839893595
8019,10013,10014,5,0,0.22345178789130793
8020,10014,10015,3,0,0.079039830432928282
8021,10015,10016,4,0,0.11698155613088761
8022,10016,10017,5,0,0.034235004734052346
8023,10017,10018,5,0,0.15135978651802112
8024,10018,10019,3,0,0.18141499317812068
8025,10021,10022,5,0,0.11380087328168803
8026,10022,10023,1,0,0.18073689964594364
8027,10024,10025,2,1,0.16422195984338595
8028,10025,10026,1,1,0.19380462466247358
8029,10026,10027,2,0,0.17544078645189354
8030,10027,10028,5,0,0.22563384030068978
8031,10028,10029,2,0,0.039891889791639837
8032,10029,10030,2,0,0.037462464071151357
8033,10030,10031,4,0,0.035305205778299889
8034,10031,10032,3,0,0.27030661734152522
8035,10033,10034,3,0,0
8036,10034,10035,2,1,0.11371295669678957
8037,10035,10036,4,0,0.16177435909170654
8038,10036,10037,4,0,0.038234505156188654
8039,10037,10038,2,0,0.15510865127624174
8040,10038,10039,3,0,0.40481369054456251
8041,10039,10040,1,0,0.23880910144474718
8042,10040,10041,1,0,0.20370217963963133
8043,10041,10042,3,0,0.19861715962813301
8044,10042,10043,2,1,0.71802270001245794
8045,10043,10044,1,0,0.29975716935735819
8046,10047,10048,3,0,0.1669354968219407
8047,10048,10049,3,0,0.3552794374342797
8048,10049,10050,4,0,0.23041329175412917
8049,10050,10051,4,0,0.034417570151280663
8050,10052,10053,1,0,0.096859627791707467
8051,10053,10054,1,1,0
8052,10054,10055,2,0,0.39943372626946966
8053,10055,10056,5,0,0
8054,10056,10057,4,0,0.085819662813287109
8055,10058,10059,4,0,0.25450795941128879
8056,10059,10060,4,0,0.030987097766296073
8057,10060,10061,1,0,0.19259338865201917
8058,10061,10062,4,0,0.091953546742163605
8059,10062,10063,5,0,0.62399613764402284
8060,10063,10064,2,0,0.075317220441735819
8061,10065,10066,1,1,0.077652944400666654
8062,10066,10067,4,0,0.45927246483799455
8063,10067,10068,3,0,0.075588601206675946
8064,10068,10069,2,0,0.030666270053112385
8065,10069,10070,5,1,0.59850571830137578
8066,10070,10071,2,0,0.28507484264985733
8067,10071,10072,4,0,0.053883200838262195
8068,10072,10073,2,0,0.15492784049185696
8069,10073,10074,4,0,0.0750592531902321
8070,10074,10075,3,0,0
8071,10076,10077,3,0,0.11621758701266169
8072,10079,10080,5,1,0.040258710766762629
8073,10080,10081,5,0,0.27073874045289315
8074,10081,10082,4,0,0.079429882847153035
8075,10082,10083,3,0,0.22288395075766004
8076,10083,10084,5,0,0.6948600446952653
8077,10084,10085,2,0,0.11939882720616282
8078,10085,10086,1,0,0
8079,10086,10087,1,1,0.39471920326275811
8080,10088,10089,1,1,0.24937236591206322
8081,10090,10091,5,0,0.042290192050009924
8082,10091,10092,3,1,0.29918374911305246
8083,10093,10094,4,0,0.20488584783040137
8084,10096,10097,4,0,0.042412078487429297
8085,10097,10098,2,0,0.26344901229903728
8086,10098,10099,5,1,0.43130898460324218
8087,10099,10100,2,1,0.069527395148057322
8088,10100,10101,1,0,0.18743252744319366
8089,10101,10102,3,0,0.30973476879843337
8090,10104,10105,4,0,0.19022397527315554
8091,10105,10106,2,0,0.53076343881348276
8092,10106,10107,4,0,0.33293183561549028
8093,10107,10108,5,1,0.16888140856994177
8094,10108,10109,3,0,0.10874768153952651
8095,10109,10110,1,0,0.085471583432501233
8096,10111,10112,2,1,0.39794414122873484
8097,10112,10113,2,0,0.17758316558949019
8098,10113,10114,5,0,0.15519117110174763
8099,10115,10116,2,1,0.64730869423536941
8100,10116,10117,5,1,0.43544072133161948
8101,10117,10118,4,0,0.133649741235214
8102,10118,10119,4,0,0.040522960620222065
8103,10120,10121,1,1,0.72710722167338215
8104,10121,10122,1,0,0.15106690220037974
8105,10122,10123,2,0,0.21837369952033356
8106,10123,10124,4,0,0.31864079475712154
8107,10124,10125,4,0,0.69006107356786062
8108,10125,10126,4,0,0.18634533650031451
8109,10126,10127,4,0,0
8110,10127,10128,5,1,0.11960384230837844
8111,10128,10129,3,1,0.54651610808008277
8112,10129,10130,4,0,0.041063966432213862
8113,10131,10132,2,0,0
8114,10132,10133,1,0,0.35005912874384859
8115,10134,10135,2,0,0.23568297744089106
8116,10137,10138,1,0,0.086879920527439286
8117,10139,10140,1,1,0.039786912603505774
8118,10141,10142,1,0,0.076778701668796398
8119,10143,10144,1,0,0.041767587033812441
8120,10144,10145,3,0,0.55411231012108542
8121,10145,10146,1,0,0.084929803656707339
8122,10146,10147,5,1,0.033756980519084961
8123,10147,10148,1,0,0.33705009482321729
8124,10148,10149,3,0,0.33153557699193559
8125,10149,10150,2,1,0.21373920718708156
8126,10150,10151,5,0,0.16009963396956903
8127,10151,10152,5,1,0.84090123045714449
8128,10152,10153,3,0,0.18531728054823607
8129,10153,10154,3,0,0.18110076524255264
8130,10154,10155,2,0,0.29783338063558096
8131,10155,10156,5,1,0.37601525769608973
8132,10156,10157,3,1,0.024354149865101943
8133,10157,10158,4,1,0.10397653482587225
8134,10158,10159,3,0,0.07437165473056713
8135,10159,10160,2,0,0.17869765759140208
8136,10161,10162,4,0,0.095576063196302352
8137,10162,10163,4,0,0.29403660989729702
8138,10165,10166,5,0,0.19472051838423243
8139,10166,10167,2,1,0.20442280177737129
8140,10168,10169,4,0,0
8141,10169,10170,4,0,0.10521814473429308
8142,10170,10171,5,0,0.19572415476982094
8143,10171,10172,5,0,0.20221789190993825
8144,10172,10173,2,0,0.075411748198058459
8145,10173,10174,4,0,0.074434160168527261
8146,10174,10175,4,0,0.25523271488324445
8147,10175,10176,3,0,0.033194727007018587
8148,10176,10177,2,0,0.24333641119349922
8149,10177,10178,5,0,0.18335122637495591
8150,10178,10179,5,0,0.23629532364001288
8151,10179,10180,2,0,0.17131944448298295
8152,10180,10181,4,1,0.64391840515969989
8153,10181,10182,1,0,0
8154,10182,10183,3,0,0.34624200411531653
8155,10183,10184,3,1,0.43003479957517138
8156,10184,10185,1,0,0.24000342370885722
8157,10187,10188,4,0,0
8158,10188,10189,2,1,0.18473844792632108
8159,10189,10190,3,0,0.074380328682274247
8160,10190,10191,2,0,0.20353815439986314
8161,10191,10192,1,0,0.072398851807387768
8162,10192,10193,4,0,0.13243890565913133
8163,10193,10194,1,0,0.13272887851197532
8164,10195,10196,5,0,0.18721588047972515
8165,10196,10197,2,0,0.89332745789657353
8166,10197,10198,4,0,0.078103276886241899
8167,10198,10199,1,1,0.19879321398633215
8168,10199,10200,5,0,0.17667580386549347
8169,10200,10201,4,0,0.13889550644920509
8170,10201,10202,2,0,0.35780129208107475
8171,10202,10203,3,0,0.041273216748182753
8172,10204,10205,5,0,0.15975936324967091
8173,10205,10206,5,0,0.11997848374026004
8174,10206,10207,2,0,0.15584037734909417
8175,10207,10208,2,0,0.083772410607116543
8176,10208,10209,5,0,0.200147751925149
8177,10209,10210,4,0,0.56094087680349869
8178,10210,10211,5,0,0.26045687851194649
8179,10211,10212,5,1,0.091588082645928173
8180,10212,10213,3,0,0.5149966302389255
8181,10213,10214,3,0,0.31037368900341356
8182,10215,10216,1,0,0.44756253880737346
8183,10216,10217,4,1,0.79581157178824125
8184,10217,10218,4,0,0.15396772287813268
8185,10219,10220,1,0,0.079969060958649321
8186,10220,10221,2,0,0.091031323496287786
8187,10221,10222,5,0,0.1990145255238577
8188,10222,10223,4,0,0.10374703038949726
8189,10223,10224,2,0,0.11777342230345167
8190,10224,10225,2,0,0.11812325057470298
8191,10225,10226,5,0,0.20264408689188346
8192,10226,10227,5,0,0.033836776978833617
8193,10227,10228,1,0,0.57496595773806536
8194,10228,10229,2,0,0.19615405417773266
8195,10229,10230,1,0,0.10533901829419987
8196,10230,10231,5,0,0.68358311131333549
8197,10231,10232,4,0,0.19971278812224336
8198,10232,10233,5,1,0.36502886849809013
8199,10233,10234,2,0,0.037867713458752943
8200,10234,10235,4,0,0.20504501861602981
8201,10235,10236,5,0,0.10824977684532698
8202,10236,10237,3,0,0.1978147537155143
8203,10238,10239,1,0,0.082120295220887582
8204,10240,10241,1,1,0.43864034028130716
8205,10241,10242,2,0,0.21564665432141092
8206,10242,10243,5,0,0.13174512283206186
8207,10243,10244,5,0,0.096514745707469665
8208,10244,10245,3,0,0.067036216453891795
8209,10245,10246,2,0,0.11792848823257104
8210,10247,10248,4,1,0.11506159848882505
8211,10248,10249,1,0,0.23940132342656156
8212,10249,10250,4,0,0.19384288546656744
8213,10250,10251,4,0,0.34433752344861451
8214,10251,10252,1,1,0.18087283333683449
8215,10252,10253,1,0,0.15476771933639782
8216,10253,10254,5,0,0.2112282731953995
8217,10256,10257,4,0,0.27339328023830983
8218,10258,10259,1,0,0.1935458607293411
8219,10259,10260,2,0,0.11444627925270651
8220,10260,10261,3,0,0
8221,10261,10262,3,0,0.083682333280818227
8222,10262,10263,2,0,0.17073600449848184
8223,10263,10264,3,0,0.15991215258388422
8224,10265,10266,1,0,0.29425649787063474
8225,10266,10267,2,0,0.072716583631687287
8226,10267,10268,1,0,0.19822300946557067
8227,10268,10269,1,0,0
8228,10269,10270,2,0,0.20472965978162355
8229,10270,10271,5,0,0.43847949588466051
8230,10272,10273,2,0,0.41840793037357138
8231,10273,10274,1,0,0.063161793952045756
8232,10274,10275,3,0,0.23646540294502016
8233,10275,10276,2,0,0.036442122628527029
8234,10276,10277,3,0,0.033672784497866502
8235,10277,10278,4,0,0.14948304590555717
8236,10278,10279,3,1,0.23398754413267195
8237,10279,10280,3,0,0.15997176223085371
8238,10280,10281,4,0,0.11889459364450236
8239,10281,10282,3,0,0.54544790464173998
8240,10283,10284,5,0,0.033761771830614032
8241,10284,10285,5,0,0.079205082659527457
8242,10286,10287,4,0,0.24068104065647256
8243,10288,10289,3,0,0.078967570831096914
8244,10290,10291,2,0,0.11441565938474578
8245,10291,10292,3,0,0
8246,10292,10293,3,0,0.086783084733504878
8247,10293,10294,2,0,0.046268321958920521
8248,10294,10295,2,0,0.14129895437872583
8249,10296,10297,1,0,0.30643908354246241
8250,10297,10298,5,0,0.16109046738833777
8251,10298,10299,5,0,0.31477547639339765
8252,10299,10300,5,0,0.32610227579601564
8253,10301,10302,5,0,0.031677477071444318
8254,10302,10303,3,0,0.31840069242811242
8255,10304,10305,5,0,0.17191511603066179
8256,10306,10307,5,0,0.20540089031736083
8257,10307,10308,3,0,0.16464497553104709
8258,10309,10310,2,1,0.26266263937130935
8259,10312,10313,1,0,0.15322065890414918
8260,10314,10315,1,1,0.41926024223917946
8261,10315,10316,1,1,0.26193813630063795
8262,10317,10318,5,0,0.074226580938709819
8263,10318,10319,2,0,0.081567234896887927
8264,10320,10321,3,0,0.1557462437402094
8265,10321,10322,1,0,0.41372915485866224
8266,10325,10326,2,1,0.27595298045742456
8267,10326,10327,5,1,0.2236094165510665
8268,10327,10328,2,0,0.044570794706936118
8269,10330,10331,3,1,0.64366223682971435
8270,10331,10332,2,0,0.37461357716170723
8271,10332,10333,2,1,0.14947632860161189
8272,10333,10334,5,0,0.14083823567938367
8273,10334,10335,4,0,0.037186085763354075
8274,10335,10336,5,0,0.20417937494603211
8275,10336,10337,1,0,0.22791880923432348
8276,10338,10339,2,1,0.71636926205650142
8277,10339,10340,2,0,0
8278,10340,10341,5,0,0.079557916472535919
8279,10341,10342,4,0,0.090734909189327237
8280,10344,10345,4,0,0.16718433871558774
8281,10345,10346,1,0,0.090873562051500725
8282,10346,10347,4,0,0.13380899329260665
8283,10347,10348,5,1,0.28109152191406273
8284,10348,10349,5,0,0.079706897521084036
8285,10350,10351,3,1,0.30976199899310397
8286,10351,10352,5,0,0.15389365190703
8287,10352,10353,5,0,0.078269450976784435
8288,10353,10354,4,1,0.84754540888217655
8289,10354,10355,3,1,0.64202845069776371
8290,10356,10357,2,0,0.48281767017181287
8291,10358,10359,1,0,0.036233939514084143
8292,10359,10360,3,0,0.40935928415191292
8293,10360,10361,4,1,0.77196551504749888
8294,10361,10362,4,0,0.036073210435837263
8295,10362,10363,1,0,0.10634860230853552
8296,10363,10364,4,0,0.18694833377029632
8297,10364,10365,2,0,0.52968639301946718
8298,10365,10366,2,0,0.34321422999754519
8299,10366,10367,3,0,0.25835418227836304
8300,10368,10369,5,0,0.15687885656535638
8301,10369,10370,2,1,0.59703892522072333
8302,10371,10372,4,0,0.11605796042614806
8303,10373,10374,1,0,0
8304,10374,10375,5,0,0.12260142432622008
8305,10376,10377,5,0,0.12001500218304693
8306,10377,10378,3,0,0.27515448260917419
8307,10378,10379,5,0,0.12503576102833999
8308,10379,10380,5,0,0.11220288334452658
8309,10380,10381,5,1,0.16834695060760274
8310,10381,10382,3,0,0.13544518606343656
8311,10382,10383,3,0,0.076258227154105324
8312,10383,10384,4,0,0.040445958447630069
8313,10384,10385,2,0,0.089769577563897016
8314,10386,10387,2,0,0.19060792257637255
8315,10387,10388,2,1,0.164100375624813
8316,10390,10391,5,1,0.60064021192174877
8317,10391,10392,4,0,0.25789147997654455
8318,10392,10393,5,1,0.073164170279318375
8319,10394,10395,4,0,0.29318559995013121
8320,10395,10396,1,0,0.27696206058409262
8321,10396,10397,1,1,0.16164890436574644
8322,10397,10398,4,0,0.073439798632750949
8323,10398,10399,5,0,0.068060725739284997
8324,10399,10400,2,1,0.15119693435686377
8325,10400,10401,2,0,0.1228572266842793
8326,10401,10402,5,0,0.19775045768866112
8327,10402,10403,4,1,0.41988576977607978
8328,10403,10404,5,0,0.07446067819003914
8329,10404,10405,3,0,0.26187298386970531
8330,10405,10406,2,1,0.27334112797967092
8331,10406,10407,2,0,0
8332,10407,10408,3,0,0.039136557335009516
8333,10408,10409,3,1,0.68103602363455495
8334,10409,10410,3,0,0.45025033574910606
8335,10410,10411,3,1,0.50775596746296836
8336,10411,10412,5,0,0.19609022773445717
8337,10412,10413,2,0,0.47065935674370807
8338,10413,10414,5,0,0.045096108829169784
8339,10415,10416,5,0,0
8340,10417,10418,2,0,0.037391201986308381
8341,10418,10419,5,1,0.31023734020452559
8342,10419,10420,4,0,0.64599310500357598
8343,10421,10422,5,0,0.068481471382763448
8344,10422,10423,3,0,0.038132631407489598
8345,10423,10424,5,0,0
8346,10424,10425,2,1,0.46106246664330047
8347,10425,10426,1,0,0.075291976237863198
8348,10427,10428,2,0,0.091001279017418571
8349,10429,10430,4,0,0.081642371143455655
8350,10430,10431,4,0,0.24626855726679026
8351,10431,10432,4,1,0.037378937627541201
8352,10433,10434,5,0,0.20403976937062562
8353,10434,10435,1,0,0.11136830771361086
8354,10435,10436,1,0,0.18802917057055726
8355,10436,10437,5,0,0.14415786782352197
8356,10437,10438,4,0,0.12149802194578486
8357,10438,10439,4,0,0.22058278285225755
8358,10440,10441,5,0,0.15733598263608067
8359,10441,10442,3,0,0.2110813397882873
8360,10442,10443,2,0,0
8361,10443,10444,1,0,0.15481441110308305
8362,10444,10445,1,0,0.15604537194767404
8363,10445,10446,4,0,0.047431188453698842
8364,10446,10447,4,1,0.2034473049654707
8365,10447,10448,1,1,0.49777022761317319
8366,10448,10449,4,0,0.18973674210591154
8367,10450,10451,5,0,0.085862502175908018
8368,10451,10452,3,0,0.26359205631441279
8369,10452,10453,2,0,0.21573392494234422
8370,10453,10454,3,0,0.073206852434017311
8371,10454,10455,2,0,0.075082847804190944
8372,10455,10456,4,0,0.15319581345040775
8373,10456,10457,5,1,0.36914154297148261
8374,10457,10458,2,0,0.076704778378034327
8375,10458,10459,4,0,0.11133002209488109
8376,10459,10460,2,1,0.90157349113743768
8377,10460,10461,1,0,0.40387189937036921
8378,10461,10462,3,0,0.080814434086591003
8379,10462,10463,2,0,0.030831897211230381
8380,10463,10464,3,0,0
8381,10464,10465,1,0,0.12029335575264248
8382,10466,10467,4,0,0.18890062999589194
8383,10468,10469,2,0,0.094967196736572043
8384,10469,10470,3,0,0.12326165813201678
8385,10470,10471,3,0,0.32046968534985842
8386,10471,10472,3,0,0.13327466582658185
8387,10472,10473,5,0,0.038925740074588218
8388,10473,10474,1,0,0.038419420967038008
8389,10474,10475,5,0,0.12067813228249541
8390,10476,10477,1,1,0.19576812344693995
8391,10477,10478,1,0,0.49851391864105143
8392,10478,10479,5,0,0.10166388543607262
8393,10479,10480,4,0,0.15277095040553546
8394,10480,10481,1,1,0.15303562631753395
8395,10481,10482,1,0,0.041957073589394434
8396,10482,10483,2,1,0.12601960544693117
8397,10484,10485,2,1,0.37525672156542156
8398,10485,10486,2,0,0.21346816989974235
8399,10486,10487,2,0,0.27460880345247879
8400,10488,10489,4,0,0.079122329085581256
8401,10489,10490,1,0,0.30889133998511203
8402,10491,10492,2,0,0.281593082571229
8403,10492,10493,3,0,0.21507935268020117
8404,10494,10495,3,0,0.1307590414443231
8405,10495,10496,3,1,0.15721684143496178
8406,10496,10497,4,0,0.093126227142897547
8407,10497,10498,2,0,0.77671546108480616
8408,10498,10499,5,0,0.21605152502577127
8409,10499,10500,1,0,0.37863800706160239
8410,10500,10501,5,0,0.092709311430057978
8411,10501,10502,4,0,0.10934502654423783
8412,10502,10503,3,1,0.18574862304460915
8413,10503,10504,1,0,0.080107178976978943
8414,10504,10505,3,0,0.08674436488812147
8415,10505,10506,1,0,0.089957985495635676
8416,10506,10507,5,1,0.44755113696032456
8417,10508,10509,1,0,0.041239378318088445
8418,10509,10510,3,1,0.58603230936760375
8419,10510,10511,2,1,0.11801072714378068
8420,10511,10512,1,0,0.091197733794730063
8421,10512,10513,1,0,0.60669116819426905
8422,10513,10514,3,0,0.078606040416097672
8423,10514,10515,2,0,0.26527352572018281
8424,10515,10516,4,0,0.1152772362715313
8425,10517,10518,5,0,0.038889089030170153
8426,10519,10520,2,0,0.037819692184246391
8427,10520,10521,2,0,0.41630718097322489
8428,10523,10524,1,1,0.1155705515028365
8429,10524,10525,3,1,0.57450069650884916
8430,10525,10526,5,0,0.37215828321355998
8431,10526,10527,2,0,0.071203167538290479
8432,10527,10528,5,1,0
8433,10528,10529,1,0,0.48283641499883168
8434,10529,10530,5,0,0.15841878033351017
8435,10531,10532,1,0,0
8436,10533,10534,1,0,0.81582301927846868
8437,10534,10535,1,0,0.075071141980508363
8438,10535,10536,5,0,0.12256003318669294
8439,10536,10537,5,0,0.68114802150143106
8440,10537,10538,3,0,0.31348840879531925
8441,10538,10539,4,0,0.14117455801641474
8442,10539,10540,2,1,0.83905712646987973
8443,10540,10541,3,0,0.070226291843802746
8444,10541,10542,3,1,0.29716164578019905
8445,10542,10543,4,0,0.075617737116132164
8446,10543,10544,2,0,0.39692816985052276
8447,10546,10547,1,1,0.9627464556090839
8448,10547,10548,2,1,0.88061916715267197
8449,10548,10549,2,0,0.1645009879157226
8450,10549,10550,5,1,0.19339806508107996
8451,10551,10552,5,0,0.33374007707269726
8452,10552,10553,5,0,0.055012987609809029
8453,10553,10554,2,1,0.51067457010641037
8454,10554,10555,4,0,0.067975720394809064
8455,10556,10557,2,0,0.12887668162362195
8456,10557,10558,2,0,0.092480399640181038
8457,10558,10559,3,0,0.03860524227605458
8458,10559,10560,5,0,0.037623367008805378
8459,10560,10561,4,0,0.23518510002818044
8460,10561,10562,1,0,0.13521164802934782
8461,10562,10563,3,0,0.070392451736572076
8462,10563,10564,4,0,0.14568766576736436
8463,10564,10565,5,0,0.21127927371585556
8464,10566,10567,5,0,0.16166173322733754
8465,10567,10568,4,1,0.077361208588125202
8466,10568,10569,3,0,0.1660670706460147
8467,10569,10570,1,0,0.2664378809813911
8468,10570,10571,4,0,0.17651344672344577
8469,10572,10573,4,0,0.44187175188121658
8470,10573,10574,3,0,0.19691480774971715
8471,10574,10575,4,0,0.26454217330677982
8472,10576,10577,1,0,0.074057460593412075
8473,10577,10578,5,1,0.29122181367670497
8474,10578,10579,5,0,0.032779550631846954
8475,10580,10581,3,0,0.074941632224033272
8476,10581,10582,2,0,0.04256245856466595
8477,10583,10584,3,0,0.38548545863959893
8478,10584,10585,4,0,0.079901675191416485
8479,10585,10586,5,0,0.11977194250888969
8480,10586,10587,4,1,0.31348914453047616
8481,10587,10588,3,0,0.032153709542033636
8482,10588,10589,4,0,0.15236493148567445
8483,10589,10590,1,1,0.16186300807171522
8484,10591,10592,2,0,0.15057445196781502
8485,10593,10594,3,0,0.50511056155187561
8486,10594,10595,2,1,0.12707992009081207
8487,10595,10596,2,0,0.27600720647356103
8488,10596,10597,2,1,0.21052301365921763
8489,10597,10598,3,1,0.70426733380782203
8490,10598,10599,5,0,0.038736703748695124
8491,10599,10600,3,0,0.45085523228605762
8492,10600,10601,5,1,0.34667024091679244
8493,10601,10602,4,0,0.14401137064870306
8494,10602,10603,2,0,0.11294209120534385
8495,10603,10604,2,0,0.20642642631800706
8496,10604,10605,2,0,0.076535874136831661
8497,10605,10606,3,0,0.24901080937104342
8498,10606,10607,2,0,0.20080202943867967
8499,10607,10608,3,0,0.14804771082390658
8500,10608,10609,3,0,0.254349933740524
8501,10609,10610,3,0,0.11261197956229703
8502,10611,10612,2,0,0.26316537176684129
8503,10613,10614,3,0,0.081456368926783582
8504,10615,10616,5,0,0.068376259395117586
8505,10617,10618,1,0,0.17778040399599049
8506,10618,10619,1,0,0.043246294410042005
8507,10619,10620,2,0,0.21819963942427739
8508,10623,10624,3,0,0.3663119811220627
8509,10624,10625,5,1,0.12189569815276997
8510,10625,10626,5,0,0.24380727551165293
8511,10626,10627,3,0,0.041985756007101228
8512,10627,10628,4,0,0.1667832992100034
8513,10628,10629,2,1,0.67585844350007318
8514,10629,10630,5,0,0.17850639213999234
8515,10630,10631,1,0,0.34513774956452514
8516,10631,10632,1,0,0.10800388509547307
8517,10632,10633,3,1,0.55330064666965484
8518,10633,10634,5,0,0.1561333897562413
8519,10636,10637,4,0,0.41940357669559308
8520,10637,10638,1,0,0.11594721557390739
8521,10638,10639,2,0,0.089053566956093705
8522,10639,10640,1,0,0
8523,10640,10641,3,0,0.10555590150258505
8524,10641,10642,1,1,0.11850836837564305
8525,10642,10643,5,0,0.11358735675462379
8526,10644,10645,3,0,0.041034686021174639
8527,10645,10646,4,1,0.14100788396844419
8528,10646,10647,1,0,0.21034131292114017
8529,10647,10648,4,0,0
8530,10648,10649,3,0,0.30986931542083063
8531,10650,10651,1,0,0.034721810980489237
8532,10653,10654,4,0,0.1150586750416963
8533,10654,10655,5,0,0.15655118122078646
8534,10655,10656,1,1,0.52141529706229195
8535,10656,10657,4,0,0.16110445569438669
8536,10659,10660,2,1,0.3866402560948563
8537,10660,10661,3,0,0
8538,10661,10662,1,0,0
8539,10662,10663,3,1,0.51871506699879621
8540,10664,10665,1,0,0.15404807990851166
8541,10665,10666,1,0,0.13531732739158958
8542,10666,10667,2,0,0.7653452192945055
8543,10667,10668,5,0,0.20468853759860087
8544,10668,10669,2,0,0.075020973468767266
8545,10669,10670,3,0,0.34429932650856254
8546,10671,10672,5,0,0.077006787422463766
8547,10672,10673,5,0,0.61650212159134388
8548,10674,10675,3,0,0.1934397007116074
8549,10675,10676,2,1,0.2830330039207925
8550,10677,10678,5,0,0.44615770396780874
8551,10678,10679,3,0,0.068265558415948321
8552,10679,10680,1,0,0.037517093139210846
8553,10680,10681,3,0,0.038373939459774617
8554,10681,10682,5,0,0.052711050391776551
8555,10682,10683,3,0,0
8556,10683,10684,3,0,0.087490031787372954
8557,10684,10685,3,1,0.47013447190257551
8558,10685,10686,4,0,0.081436232566176533
8559,10687,10688,3,0,0.3107689391096336
8560,10688,10689,1,0,0.31069500408559386
8561,10689,10690,3,0,0.13354874576799994
8562,10690,10691,1,0,0.16081982607759038
8563,10691,10692,4,0,0
8564,10692,10693,1,0,0.093801296720384619
8565,10693,10694,2,0,0.038137759009071827
8566,10694,10695,1,0,0.089143202186459186
8567,10696,10697,5,1,0.30955990455876092
8568,10697,10698,1,0,0.34919966600819613
8569,10698,10699,1,1,0.25478402679008172
8570,10699,10700,4,0,0.11350067980332099
8571,10700,10701,1,0,0.042584374746444366
8572,10701,10702,2,1,0.65756893323232679
8573,10702,10703,3,0,0.099907083850121495
8574,10703,10704,2,0,0.21249638404870441
8575,10704,10705,5,0,0.084980785820531812
8576,10705,10706,4,0,0.19956184633331817
8577,10706,10707,1,1,0.20052631411560035
8578,10707,10708,5,1,0.59180598295854969
8579,10708,10709,3,0,0.034611614311591182
8580,10709,10710,3,0,0.063582473840182785
8581,10710,10711,2,1,0.48848854116892948
8582,10711,10712,3,0,0.16607861471236607
8583,10712,10713,3,1,0.4075112867026528
8584,10713,10714,4,1,0.28069764708856848
8585,10715,10716,2,1,0.50496476076996444
8586,10716,10717,2,0,0.076364295143859243
8587,10719,10720,1,0,0.19494534235069264
8588,10720,10721,3,0,0.037638360275136874
8589,10722,10723,1,1,0.28574155384093575
8590,10724,10725,3,0,0.15761825492597772
8591,10725,10726,3,0,0.064153805787032267
8592,10727,10728,1,0,0.17685712788937674
8593,10728,10729,5,0,0.82626986913785261
8594,10729,10730,3,1,0.23139655600127751
8595,10730,10731,5,0,0.33676724768646638
8596,10731,10732,2,0,0.1378781850099324
8597,10733,10734,3,0,0.030696588698213484
8598,10736,10737,4,0,0.19874204739941281
8599,10737,10738,4,0,0.39152879597547136
8600,10740,10741,1,1,0.36388896638596452
8601,10741,10742,2,1,0
8602,10743,10744,1,0,0.069736015703545706
8603,10744,10745,3,1,0.84931856011905849
8604,10747,10748,5,0,0.16025880808569695
8605,10748,10749,2,1,0.4567924925186857
8606,10749,10750,3,0,0.42025342916315683
8607,10750,10751,2,1,0.21730851625836675
8608,10751,10752,1,1,0.17175594652129397
8609,10752,10753,5,0,0.059415315964626333
8610,10755,10756,3,0,0.17659673050734245
8611,10756,10757,3,1,0.60441531230099821
8612,10758,10759,2,0,0.91321527162379379
8613,10759,10760,1,0,0.70087492360018311
8614,10762,10763,5,1,0.11460999202478553
8615,10763,10764,1,0,0.31142432545534787
8616,10764,10765,4,0,0.41640851964715153
8617,10765,10766,3,0,0.393111420386618
8618,10766,10767,1,0,0.15826851561666908
8619,10767,10768,3,0,0.075648605996607263
8620,10768,10769,4,1,0.32576538395664412
8621,10769,10770,2,0,0.11448592317278102
8622,10770,10771,4,0,0.88330868123126161
8623,10771,10772,2,0,0.56445583270650723
8624,10773,10774,1,0,0.24382300769856111
8625,10774,10775,4,0,0.26279004183516652
8626,10775,10776,1,1,0.81059016857812816
8627,10776,10777,3,0,0.48767329779568869
8628,10777,10778,1,0,0.079283433093384439
8629,10778,10779,4,0,0.17725015525387774
8630,10779,10780,4,0,0.040927501841499368
8631,10780,10781,4,0,0.12298034262257573
8632,10781,10782,2,0,0.15974753706637568
8633,10784,10785,1,0,0.678697006039229
8634,10785,10786,4,0,0.1194679078915023
8635,10786,10787,4,0,0.39503576397106765
8636,10787,10788,1,0,0.069446981993580112
8637,10788,10789,4,0,0.070195754440327107
8638,10790,10791,3,0,0.21751138169693277
8639,10791,10792,4,0,0.17561013989799987
8640,10792,10793,5,1,0.17751525171365362
8641,10793,10794,5,1,0.20016058189140612
8642,10794,10795,1,0,0.15508932038172077
8643,10796,10797,2,0,0.035682567633738144
8644,10797,10798,3,0,0.099304070195905175
8645,10798,10799,5,0,0.40862956941439571
8646,10799,10800,5,0,0.17386925862824396
8647,10800,10801,3,0,0.15200814969541268
8648,10801,10802,1,1,0.87425341238168119
8649,10802,10803,3,1,0.04801829861295627
8650,10803,10804,3,1,0.85831535277621962
8651,10804,10805,2,0,0.11345900370182764
8652,10805,10806,1,0,0
8653,10806,10807,1,0,0.2563998474855953
8654,10807,10808,5,0,0.20769569076066188
8655,10808,10809,4,0,0.12372965019211789
8656,10809,10810,2,0,0.32200199916795258
8657,10810,10811,1,0,0
8658,10811,10812,2,0,0.072724276802062476
8659,10812,10813,4,0,0.17173963331013375
8660,10813,10814,3,0,0.12613987987508982
8661,10816,10817,2,0,0.03735794546726838
8662,10817,10818,4,0,0.61804930584583906
8663,10818,10819,3,1,0.54987419880158883
8664,10820,10821,5,0,0.03170267709707715
8665,10821,10822,3,0,0.20077155486971171
8666,10823,10824,2,0,0.11259983895543745
8667,10825,10826,5,0,0
8668,10826,10827,4,0,0.39962775418710234
8669,10828,10829,3,0,0.037215534530414908
8670,10829,10830,5,0,0.080085434137226186
8671,10831,10832,5,0,0.23315671192486873
8672,10832,10833,3,0,0.12072095751355598
8673,10835,10836,1,0,0.073892131472867689
8674,10837,10838,1,0,0.10651757913768785
8675,10838,10839,5,0,0.32153729757062938
8676,10839,10840,4,0,0.17851266772646243
8677,10840,10841,2,0,0.15843911036900149
8678,10841,10842,4,1,0.3012355768041341
8679,10842,10843,3,1,0.68742279946711515
8680,10843,10844,4,0,0.10256309466671211
8681,10844,10845,5,0,0.15787268518024405
8682,10845,10846,5,0,0.10563635001963873
8683,10846,10847,2,1,0.32742739727354914
8684,10847,10848,1,0,0.10977010701875109
8685,10848,10849,5,0,0.073271356218728101
8686,10849,10850,3,0,0.077750912414129375
8687,10850,10851,4,1,0.10281110352353805
8688,10851,10852,4,0,0.29586683118767931
8689,10852,10853,2,1,0.15616387826243683
8690,10853,10854,2,1,0.047266484445605571
8691,10854,10855,5,0,0.19368472025544947
8692,10855,10856,3,0,0.076176529746221522
8693,10856,10857,5,0,0
8694,10857,10858,1,0,0.077027670886560554
8695,10859,10860,4,1,0.14117672703241715
8696,10860,10861,1,0,0.16804181880380262
8697,10863,10864,4,0,0.065564330506799065
8698,10864,10865,3,0,0.21366983611153914
8699,10865,10866,5,0,0.30172373553968301
8700,10866,10867,3,0,0.075941560207721678
8701,10867,10868,5,0,0.12195950119317989
8702,10868,10869,3,0,0.12246511885080349
8703,10869,10870,5,1,0.26296577541166499
8704,10871,10872,3,0,0.12193107057361902
8705,10872,10873,4,0,0.18519809115631883
8706,10873,10874,4,1,0.59981628333789294
8707,10876,10877,1,1,0.12409082469368597
8708,10877,10878,1,0,0.19156151871091351
8709,10881,10882,5,0,0.11503100206827947
8710,10882,10883,1,0,0.12467318830917243
8711,10883,10884,1,0,0.42049103333544707
8712,10885,10886,1,0,0.60861026454613787
8713,10886,10887,5,0,0.25339006966529515
8714,10888,10889,2,0,0.041834777649275713
8715,10891,10892,1,0,0.10287111535845145
8716,10892,10893,5,0,0.19702057278589699
8717,10893,10894,5,0,0.16272090157698346
8718,10894,10895,2,0,0.15205683473520198
8719,10895,10896,3,1,0.042226142763283729
8720,10896,10897,3,0,0.041728245228290217
8721,10897,10898,3,0,0.19387340469509914
8722,10898,10899,4,0,0.1711345375094861
8723,10899,10900,1,0,0.38652723617391643
8724,10900,10901,2,0,0.58422328347360886
8725,10902,10903,1,0,0.26102726576784291
8726,10903,10904,3,0,0.15625896438493336
8727,10904,10905,5,0,0.13775748989932773
8728,10905,10906,2,0,0.20734664710663722
8729,10906,10907,3,0,0.12175949064553825
8730,10908,10909,1,0,0.29278837849399308
8731,10909,10910,3,0,0.073556607744029737
8732,10910,10911,1,1,0.070418278958971792
8733,10911,10912,5,0,0.39737174986568319
8734,10912,10913,2,1,0.73426789793879488
8735,10913,10914,2,0,0
8736,10914,10915,3,1,0.033702835761167498
8737,10915,10916,3,0,0.079865166141876706
8738,10916,10917,5,0,0.15346723404758547
8739,10917,10918,2,0,0.5969556732714234
8740,10919,10920,5,0,0.13205142848995949
8741,10920,10921,3,1,0.26037799047015564
8742,10921,10922,5,0,0.18527197689908928
8743,10922,10923,1,0,0.19224756418623332
8744,10923,10924,4,1,0.13038989487774447
8745,10924,10925,1,0,0.09056862922484285
8746,10925,10926,4,0,0.082101507107882624
8747,10927,10928,4,0,0.1068033667812239
8748,10928,10929,5,1,0.40770434019140056
8749,10929,10930,2,0,0.030926810236657529
8750,10930,10931,4,0,0.03910581580423677
8751,10931,10932,1,0,0
8752,10933,10934,5,0,0.12652560927024317
8753,10934,10935,4,0,0.21298339246097203
8754,10936,10937,5,1,0.68008008044423507
8755,10937,10938,5,0,0.076230921635539184
8756,10938,10939,3,0,0.03778287633406658
8757,10939,10940,4,0,0.034237447007011
8758,10940,10941,4,0,0.19271751364838977
8759,10941,10942,1,0,0.19810907617742635
8760,10943,10944,2,0,0.070266962357041787
8761,10944,10945,2,1,0.57370399426541607
8762,10945,10946,4,0,0
8763,10946,10947,1,0,0.15137175043618079
8764,10947,10948,1,0,0.036556756139399856
8765,10948,10949,3,1,0.070255680535731488
8766,10949,10950,3,1,0.07980940984133586
8767,10950,10951,3,0,0.18257834711636339
8768,10951,10952,3,0,0.23038100836377862
8769,10952,10953,3,0,0.17071767073178218
8770,10953,10954,2,0,0.073089180040925669
8771,10954,10955,4,0,0.12880797363849028
8772,10957,10958,5,0,0.14152191256536478
8773,10958,10959,3,1,0.31409242666036014
8774,10959,10960,3,0,0.037238947048635153
8775,10960,10961,5,0,0.32082389997923916
8776,10961,10962,4,0,0.15211355637125992
8777,10963,10964,4,1,0.70240225309989879
8778,10964,10965,4,0,0.077414283094715
8779,10965,10966,5,0,0.16643968405268378
8780,10966,10967,5,0,0.032628330359034466
8781,10967,10968,4,0,0.47889165522457972
8782,10968,10969,3,1,0.48349538063713332
8783,10969,10970,4,0,0.10270767376699942
8784,10970,10971,4,1,0.28248539675457324
8785,10971,10972,3,0,0.15932261461555836
8786,10973,10974,4,0,0.17116978386998269
8787,10974,10975,3,0,0.74206733113974788
8788,10975,10976,2,0,0.057418621483723897
8789,10976,10977,1,0,0.18392512350247336
8790,10977,10978,5,1,0.23440318324758819
8791,10978,10979,4,0,0.039214606969197069
8792,10979,10980,1,1,0.65186917539060096
8793,10980,10981,4,0,0.31517064473380285
8794,10981,10982,3,0,0.089777134183315607
8795,10982,10983,1,0,0.39573301553645424
8796,10983,10984,5,0,0.22911824588488156
8797,10985,10986,1,0,0.29399983589443263
8798,10986,10987,2,0,0.17787180248447421
8799,10987,10988,5,0,0.18960947151353577
8800,10988,10989,3,1,0.25846954517888149
8801,10989,10990,4,0,0.5908977808423741
8802,10990,10991,1,0,0.20826471563152854
8803,10991,10992,1,0,0.32039430274092739
8804,10993,10994,3,0,0.04714933149684386
8805,10994,10995,4,1,0.4865102034155202
8806,10995,10996,3,0,0.27872644231717925
8807,10996,10997,3,0,0.2825367025788027
8808,10997,10998,3,0,0.23385093230716808
8809,10998,10999,2,1,0.20098039575442528
8810,10999,11000,4,0,0.031206404881934185
8811,11000,11001,1,0,0.23720311187336243
8812,11001,11002,5,0,0.42122300517671407
8813,11002,11003,1,0,0.1137677610177089
8814,11003,11004,2,0,0.14966232820853212
8815,11005,11006,2,1,0.17926825914147129
8816,11006,11007,1,0,0.61258928465885454
8817,11007,11008,1,0,0
8818,11008,11009,1,0,0.56732655977897462
8819,11010,11011,2,1,0.11643497929425187
8820,11011,11012,4,0,0.053265015131536614
8821,11013,11014,2,0,0.036772713620638636
8822,11014,11015,2,0,0
8823,11015,11016,2,0,0.14701760842695791
8824,11016,11017,4,0,0.13843446032310061
8825,11017,11018,1,0,0.18919235935626366
8826,11018,11019,3,0,0.068058238924512918
8827,11019,11020,1,1,0.046186313242865679
8828,11020,11021,2,0,0.1353543711606881
8829,11021,11022,5,0,0.077692004323795527
8830,11022,11023,4,0,0.11958911166437666
8831,11023,11024,5,0,0.17466420347584732
8832,11024,11025,3,0,0.54135757847947319
8833,11026,11027,5,1,0.11576087960914382
8834,11028,11029,3,1,0
8835,11030,11031,4,1,0.4205290299449827
8836,11031,11032,2,1,0.10627646256221387
8837,11032,11033,4,0,0.12045882322249994
8838,11033,11034,4,1,0.60156594873384706
8839,11035,11036,5,0,0.075974847786450667
8840,11036,11037,5,1,0.64105348522033501
8841,11037,11038,4,1,0.56651815326031074
8842,11038,11039,1,0,0.068403564759749444
8843,11040,11041,3,1,0.6108318299266845
8844,11041,11042,3,0,0.45060421161537573
8845,11043,11044,2,1,0.74950101043714867
8846,11044,11045,4,1,0.34687408956984334
8847,11046,11047,2,0,0.12341590249231345
8848,11047,11048,1,0,0.37482540720101964
8849,11048,11049,2,0,0.034701333641987429
8850,11050,11051,5,0,0.1298829651293206
8851,11051,11052,5,0,0.43855518429206791
8852,11052,11053,3,1,0.68560283330797922
8853,11053,11054,1,0,0.38801170436087407
8854,11054,11055,3,0,0.17361231652810682
8855,11055,11056,4,1,0.10337200656858682
8856,11056,11057,3,1,0.15062511166350062
8857,11057,11058,1,0,0.043742973374532167
8858,11060,11061,1,1,0.25111055870546556
8859,11061,11062,3,1,0.076272239625768651
8860,11062,11063,5,1,0.1569732692949998
8861,11063,11064,5,1,0.11521597021787457
8862,11064,11065,4,0,0.18975660413956219
8863,11065,11066,3,0,0.18312664696484884
8864,11066,11067,3,0,0
8865,11068,11069,5,0,0.041023338348669294
8866,11069,11070,4,0,0
8867,11070,11071,1,0,0.15238165712195245
8868,11071,11072,3,0,0.38669952591482742
8869,11072,11073,5,1,0.49724503537158965
8870,11073,11074,2,0,0.19690343451521539
8871,11074,11075,4,1,0.7574693685660483
8872,11077,11078,1,0,0.32035787106025027
8873,11078,11079,3,1,0.2612904940819426
8874,11080,11081,1,1,0.1194286571308603
8875,11081,11082,4,0,0.13039489340594226
8876,11082,11083,2,0,0.13683441222174589
8877,11084,11085,4,0,0.18173881152347851
8878,11085,11086,4,0,0.043363896374860447
8879,11086,11087,2,0,0.077309892404140781
8880,11087,11088,1,0,0.11260497361547817
8881,11088,11089,1,0,0.036344085780134948
8882,11089,11090,5,1,0
8883,11090,11091,5,0,0.040900111769009567
8884,11091,11092,3,0,0.18774352323269616
8885,11092,11093,3,0,0.1372607579341818
8886,11093,11094,5,0,0.039922350005969845
8887,11095,11096,3,1,0.2724169964417496
8888,11096,11097,5,0,0.3318883914445675
8889,11097,11098,1,0,0.060586443453217273
8890,11099,11100,1,0,0.075684263345328892
8891,11101,11102,1,0,0.12090417056709706
8892,11102,11103,3,0,0.20921987776085363
8893,11103,11104,1,0,0.16291948984720633
8894,11105,11106,2,1,0
8895,11106,11107,5,0,0.33070080422223908
8896,11107,11108,4,0,0.15484335811560102
8897,11108,11109,3,0,0.41888927295742551
8898,11110,11111,1,0,0.22266265532132348
8899,11111,11112,2,0,0.036208538366957456
8900,11112,11113,2,0,0.15624965721634035
8901,11113,11114,5,1,0.12120110146402872
8902,11114,11115,2,0,0.12013600772258608
8903,11115,11116,5,1,0
8904,11116,11117,1,0,0.13277857459223952
8905,11117,11118,4,0,0.36242454012991182
8906,11118,11119,4,0,0.21295835120525505
8907,11119,11120,2,0,0.35873678750783994
8908,11120,11121,4,0,0.34974596003689079
8909,11121,11122,5,0,0.27399331333585158
8910,11122,11123,3,0,0.52700732548486739
8911,11123,11124,1,0,0.10340352706727228
8912,11124,11125,3,0,0.19736065186291424
8913,11125,11126,5,0,0.031011805205765033
8914,11126,11127,1,1,0.16056374601053972
8915,11127,11128,2,0,0.4223929505071598
8916,11128,11129,4,0,0.19939367413200032
8917,11129,11130,1,0,0.16513479480648321
8918,11130,11131,2,0,0.5905897511657171
8919,11131,11132,1,1,0.076185859508279941
8920,11132,11133,4,0,0.20100225591277596
8921,11133,11134,3,0,0.03940087500123074
8922,11134,11135,4,0,0.25606313527855806
8923,11135,11136,3,0,0.12826107180567689
8924,11136,11137,3,0,0.03005768516612568
8925,11137,11138,5,0,0.15824237599655369
8926,11138,11139,3,0,0.2928960996230357
8927,11139,11140,3,0,0.32471640488419096
8928,11140,11141,5,0,0.14849105980714256
8929,11142,11143,3,0,0.13105979264737247
8930,11143,11144,3,0,0.075562623163078824
8931,11145,11146,3,0,0.098774779690489548
8932,11146,11147,4,0,0.31362544682686549
8933,11147,11148,4,1,0.096141434557260028
8934,11148,11149,3,0,0.31634959551551001
8935,11150,11151,2,0,0.1286153323222223
8936,11152,11153,3,0,0.085456265512154725
8937,11153,11154,5,0,0.099133153059117671
8938,11154,11155,1,0,0.19775040726072315
8939,11155,11156,3,0,0.11796127870964392
8940,11157,11158,3,0,0.10318268965438845
8941,11158,11159,1,0,0.075651927784766412
8942,11159,11160,3,0,0
8943,11160,11161,1,0,0.071278650058936466
8944,11161,11162,3,0,0.11873080384159024
8945,11163,11164,3,0,0.11769513382247705
8946,11164,11165,5,0,0.14024864735911888
8947,11165,11166,3,0,0.075693341940022377
8948,11167,11168,2,0,0.041062438920279644
8949,11168,11169,2,0,0.064949182923033449
8950,11170,11171,3,1,0.47442455375317222
8951,11172,11173,4,0,0.12643399722598553
8952,11173,11174,4,0,0
8953,11175,11176,1,0,0.077142413457051209
8954,11176,11177,5,0,0.1108468713321146
8955,11177,11178,2,0,0.23480737875025195
8956,11179,11180,2,1,0.03756905958278936
8957,11180,11181,1,0,0.37801712019110306
8958,11181,11182,5,0,0.031751308298520693
8959,11182,11183,3,0,0.26113160061590063
8960,11183,11184,5,0,0.068100334340367732
8961,11184,11185,3,0,0.32278896380554972
8962,11185,11186,5,0,0.039030158978421978
8963,11186,11187,4,1,0.13321965958404591
8964,11187,11188,5,0,0.42672612882668681
8965,11188,11189,4,0,0
8966,11189,11190,3,0,0.24647633576172176
8967,11190,11191,4,0,0.18549144413602359
8968,11191,11192,2,0,0.19129643578041264
8969,11192,11193,3,0,0.044199701918487003
8970,11193,11194,3,0,0.12097621056949416
8971,11195,11196,3,0,0.30278085311487635
8972,11197,11198,1,0,0.72582113970733209
8973,11198,11199,3,0,0.20317027371907406
8974,11199,11200,5,0,0.031801942922127631
8975,11200,11201,1,0,0.18458418911649319
8976,11201,11202,3,0,0.081027821458098254
8977,11202,11203,2,0,0.081963796125354954
8978,11203,11204,4,0,0.17285850322731958
8979,11205,11206,3,1,0.16384015281803357
8980,11206,11207,3,1,0.87199511482567715
8981,11208,11209,2,0,0.034193718878889862
8982,11209,11210,4,0,0.056131000628420656
8983,11210,11211,3,0,0.20748424639734522
8984,11212,11213,2,1,0.074008440905195566
8985,11213,11214,3,0,0.076093722969854782
8986,11214,11215,5,0,0.34431740584476234
8987,11215,11216,1,0,0.1212750850318059
8988,11216,11217,3,0,0.2653132519373137
8989,11217,11218,4,1,0.46439592809632363
8990,11218,11219,2,0,0.36467246253995128
8991,11219,11220,5,0,0.36468891550685384
8992,11220,11221,4,0,0.19957985703628034
8993,11222,11223,4,0,0.39015662318107047
8994,11223,11224,3,0,0
8995,11224,11225,3,1,0.067356940011928809
8996,11228,11229,4,0,0.114288884807973
8997,11229,11230,2,1,0.15700448113143864
8998,11231,11232,4,0,0.067279729655320475
8999,11232,11233,5,0,0.072833429883331316
9000,11234,11235,1,1,0.44874056387730005
9001,11236,11237,5,0,0.21903876286461937
9002,11237,11238,4,0,0.48480568740364899
9003,11238,11239,2,0,0.1593488719274882
9004,11241,11242,4,0,0.076284521401069796
9005,11242,11243,1,0,0.52483482870258913
9006,11243,11244,1,0,0.86931564319287313
9007,11244,11245,4,0,0.088997391919710164
9008,11246,11247,2,1,0.50557506989239953
9009,11247,11248,2,0,0.077142915383039995
9010,11248,11249,4,1,0.18212416400260142
9011,11249,11250,4,0,0.069996967497731488
9012,11250,11251,4,1,0.039488630220716074
9013,11251,11252,1,0,0.30265784570436505
9014,11252,11253,3,0,0.18942311286401203
9015,11253,11254,2,0,0.071100083680129544
9016,11254,11255,5,0,0.055750519975841212
9017,11255,11256,1,0,0.044883518985056832
9018,11256,11257,5,0,0.19942453364987217
9019,11257,11258,3,0,0.080879682889036394
9020,11258,11259,4,1,0.28432171010136242
9021,11259,11260,3,0,0.43604324915876125
9022,11260,11261,4,0,0.24844827322223162
9023,11261,11262,5,0,0.73359660496704948
9024,11263,11264,5,0,0.53582675561482318
9025,11264,11265,4,0,0.2667319139079547
9026,11265,11266,5,0,0.2677206653645714
9027,11267,11268,3,0,0.039326428099265627
9028,11268,11269,5,0,0.23449946345422698
9029,11269,11270,2,0,0.040570126564297405
9030,11270,11271,1,1,0.23721667380647293
9031,11271,11272,2,0,0.37221442782525432
9032,11272,11273,1,0,0.62894464268163786
9033,11273,11274,3,0,0.17572062686467657
9034,11274,11275,1,0,0
9035,11275,11276,5,0,0.11114828671430499
9036,11276,11277,3,1,0.21783439965375676
9037,11277,11278,4,1,0.14556359089154944
9038,11278,11279,5,0,0
9039,11279,11280,2,0,0.16868801407163705
9040,11280,11281,2,0,0.15992452166593127
9041,11281,11282,2,0,0.1160301597275125
9042,11282,11283,2,1,0.49272570422733392
9043,11283,11284,1,0,0.59367367602809884
9044,11284,11285,1,1,0.12494679964791293
9045,11285,11286,2,0,0.62464008969159546
9046,11287,11288,3,0,0.039044040093532253
9047,11290,11291,5,0,0.13014335351465878
9048,11291,11292,5,0,0.038677129484607345
9049,11292,11293,3,1,0.075381941115478843
9050,11293,11294,2,1,0.77857988604714523
9051,11294,11295,4,0,0.20405272406913463
9052,11295,11296,3,1,0.78742226994046094
9053,11296,11297,3,1,0.15609790625133524
9054,11297,11298,2,0,0.1131207292240187
9055,11298,11299,4,0,0
9056,11299,11300,5,1,0.20476735778907856
9057,11300,11301,5,0,0.10826650100470163
9058,11301,11302,4,1,0.080888523321535094
9059,11302,11303,4,1,0.44273681535583914
9060,11303,11304,5,1,0.038616976312828358
9061,11304,11305,1,0,0.19940888565947029
9062,11305,11306,2,1,0.17043638748441567
9063,11306,11307,5,0,0.39225941073582432
9064,11307,11308,4,0,0.076562595903292299
9065,11308,11309,3,0,0.2268261562028655
9066,11309,11310,3,0,0.18505217699851947
9067,11311,11312,4,0,0.076208751740854008
9068,11312,11313,4,0,0.041429365765952735
9069,11315,11316,4,0,0.039333816460195722
9070,11316,11317,3,0,0.12403985551262028
9071,11317,11318,1,0,0
9072,11318,11319,4,0,0.44925086784783452
9073,11319,11320,3,1,0.38242703799028449
9074,11320,11321,4,0,0.088249317844791467
9075,11321,11322,3,0,0.06365302879627667
9076,11322,11323,5,0,0.16455589409501711
9077,11323,11324,5,0,0.17613634276443607
9078,11324,11325,5,1,0.19471485483272152
9079,11325,11326,3,0,0.15739018692527151
9080,11326,11327,3,0,0
9081,11327,11328,2,0,0.11728175445548887
9082,11330,11331,5,0,0.18578719348492151
9083,11331,11332,1,0,0.085463964119680061
9084,11332,11333,4,0,0.1231953137234941
9085,11334,11335,3,1,0.094624736583993868
9086,11336,11337,1,0,0.086164865045507855
9087,11337,11338,2,0,0.11754390442070815
9088,11338,11339,5,1,0.1263965885968297
9089,11339,11340,4,0,0.21816764750090772
9090,11340,11341,3,1,0.23407267194206524
9091,11341,11342,1,0,0.0298400259596318
9092,11343,11344,2,1,0.49974601863137125
9093,11345,11346,2,1,0.65479280651941496
9094,11346,11347,4,0,0.21501837858695949
9095,11347,11348,2,0,0.28202283407739509
9096,11349,11350,3,0,0.032034431538879839
9097,11350,11351,1,0,0.27390687776288031
9098,11351,11352,2,0,0.25587817006877839
9099,11352,11353,2,0,0.11897149994480685
9100,11354,11355,1,1,0.043509048978786026
9101,11355,11356,5,0,0.076811599549852033
9102,11356,11357,1,0,0.64608498778075096
9103,11357,11358,2,0,0.17088233922144283
9104,11358,11359,5,0,0.20367882731811249
9105,11359,11360,2,1,0.54449457649350419
9106,11360,11361,5,0,0.14860343662179773
9107,11361,11362,3,1,0.17267939074735494
9108,11362,11363,2,0,0.51314129898678384
9109,11363,11364,4,0,0.043751139418297141
9110,11365,11366,4,0,0.12253076768440065
9111,11366,11367,2,0,0.1093217748631779
9112,11367,11368,3,1,0
9113,11370,11371,1,0,0.11263634351011458
9114,11371,11372,4,0,0.072101148132459394
9115,11372,11373,4,0,0.039298641679776869
9116,11373,11374,4,0,0.12532095615144553
9117,11374,11375,5,0,0.19912367556328267
9118,11375,11376,1,0,0.11206806121759466
9119,11376,11377,4,0,0.03679481250688011
9120,11377,11378,2,0,0.082216297704102298
9121,11379,11380,3,0,0.41987071810278681
9122,11380,11381,2,0,0.23831170301937588
9123,11382,11383,2,0,0.1949742460832552
9124,11383,11384,4,0,0.18326749308414625
9125,11384,11385,5,0,0.19445217443307961
9126,11385,11386,1,0,0.088587974185227375
9127,11386,11387,3,0,0.10455288092459927
9128,11387,11388,1,1,0.44582222556090384
9129,11388,11389,1,1,0.72757085330016757
9130,11389,11390,3,0,0.084274487029811135
9131,11390,11391,1,0,0.10919338122243068
9132,11391,11392,3,0,0.26221066917395836
9133,11392,11393,3,1,0.33391591191555337
9134,11393,11394,3,0,0.21210108180749004
9135,11394,11395,5,0,0.48770764789523435
9136,11395,11396,2,0,0.39974427106664101
9137,11396,11397,5,0,0.36865957156160645
9138,11398,11399,5,1,0.068690716625111503
9139,11399,11400,1,0,0.10545289228092711
9140,11400,11401,1,0,0.096458810646707055
9141,11403,11404,4,0,0.56802091629692386
9142,11404,11405,1,0,0.027097862213829059
9143,11406,11407,2,0,0.14946601461551076
9144,11407,11408,1,0,0.11379172290341859
9145,11408,11409,4,0,0.75465435149044213
9146,11409,11410,3,0,0.1054352429061846
9147,11410,11411,1,0,0.15046626522005668
9148,11411,11412,2,0,0.10441844520945638
9149,11412,11413,5,0,0.23985780850676028
9150,11413,11414,4,0,0
9151,11414,11415,3,0,0.19222975339940698
9152,11415,11416,3,0,0.036420770712499113
9153,11416,11417,1,0,0.16236949698994596
9154,11417,11418,5,1,0.24850048419941625
9155,11419,11420,5,0,0.23495005936055083
9156,11420,11421,1,1,0.12559459045676519
9157,11421,11422,3,0,0.10874296321149786
9158,11422,11423,5,0,0.036888296890847265
9159,11423,11424,2,0,0.21281381236310529
9160,11424,11425,4,1,0.56080608138265564
9161,11425,11426,5,0,0.30403394096605502
9162,11427,11428,1,1,0.79353365229908823
9163,11428,11429,4,0,0.071413373772758054
9164,11429,11430,2,1,0.21436982683107925
9165,11430,11431,1,0,0.088381736503033798
9166,11431,11432,4,1,0.072466703399995724
9167,11433,11434,5,0,0.13958514122269092
9168,11434,11435,2,0,0.078855139116329062
9169,11435,11436,2,1,0.59237954721076358
9170,11436,11437,2,1,0.72628733274764712
9171,11437,11438,1,0,0.21605714293717582
9172,11438,11439,1,0,0.25209000159105766
9173,11439,11440,4,0,0.11308738322969887
9174,11440,11441,1,1,0.5615421418156028
9175,11441,11442,4,0,0.41488456028154441
9176,11442,11443,1,1,0.33207526420501038
9177,11443,11444,4,0,0.11940168533667976
9178,11444,11445,4,0,0.33936162264344022
9179,11445,11446,3,0,0.075164387739226873
9180,11446,11447,5,0,0.16286907312052704
9181,11447,11448,1,0,0.1239753633436424
9182,11448,11449,4,0,0.035622934515829749
9183,11449,11450,3,0,0.23863612666436707
9184,11450,11451,5,0,0.37865779429687774
9185,11451,11452,1,1,0.67638510331762514
9186,11452,11453,1,1,0.34458988152219217
9187,11453,11454,3,0,0.23611164967346165
9188,11454,11455,5,0,0.040021159488955578
9189,11455,11456,5,0,0.086775426504060241
9190,11456,11457,2,0,0.11022535821253113
9191,11457,11458,5,0,0.73074827872263814
9192,11458,11459,2,0,0.33979771539633458
9193,11459,11460,2,0,0.15403253358853133
9194,11460,11461,5,0,0.15447488598158218
9195,11461,11462,2,1,0.15934436065882851
9196,11462,11463,1,1,0.32309670261216572
9197,11464,11465,1,1,0.63674375297887575
9198,11465,11466,1,0,0.059495016334576968
9199,11466,11467,3,0,0.1097161962623209
9200,11467,11468,4,1,0.24894480620195139
9201,11468,11469,3,0,0.14916216090617443
9202,11469,11470,3,0,0.098958310390132739
9203,11470,11471,4,0,0.1736529673612682
9204,11471,11472,1,1,0.63802489589105149
9205,11472,11473,3,1,0.77376253075723556
9206,11473,11474,3,1,0.19388203724000225
9207,11474,11475,4,0,0.17584100827235793
9208,11475,11476,3,0,0.38890307510856209
9209,11476,11477,2,0,0.040807977061495485
9210,11477,11478,3,1,0.44271408197855949
9211,11478,11479,3,0,0.13772935987581317
9212,11480,11481,1,0,0.15377541545254431
9213,11481,11482,1,0,0.16023745758567357
9214,11482,11483,5,0,0.034808370179608077
9215,11483,11484,4,0,0.13505427701987829
9216,11484,11485,5,1,0.73103087049663107
9217,11485,11486,1,0,0.64830105937677451
9218,11486,11487,2,0,0.072215768441585212
9219,11487,11488,1,0,0.024287252340000658
9220,11488,11489,4,0,0
9221,11489,11490,1,0,0.16498265804883738
9222,11490,11491,3,0,0.0746661177051018
9223,11493,11494,3,0,0.20018260746835459
9224,11494,11495,3,0,0.071158915043120566
9225,11495,11496,1,0,0.29086126565186599
9226,11496,11497,2,0,0.1200348538360598
9227,11497,11498,2,1,0.26447678052374912
9228,11498,11499,3,0,0.17256840297580994
9229,11500,11501,3,0,0.041068703423135317
9230,11501,11502,1,0,0.072506957581373682
9231,11502,11503,3,1,0.15271319785855528
9232,11503,11504,5,0,0.19146066177975421
9233,11504,11505,3,0,0.256081774158471
9234,11505,11506,1,0,0.19455331872826898
9235,11506,11507,4,0,0.075681566436459402
9236,11507,11508,2,0,0.26455599693766274
9237,11510,11511,2,0,0.7691666056037707
9238,11511,11512,4,0,0.20738226660446463
9239,11513,11514,2,0,0.081509968172592651
9240,11514,11515,2,0,0.044637914214517065
9241,11516,11517,5,1,0.67759453645819001
9242,11517,11518,2,0,0.085655541784993183
9243,11518,11519,5,0,0.10967524156757054
9244,11520,11521,3,0,0
9245,11521,11522,3,0,0.14066790958390821
9246,11522,11523,5,0,0.086058893351001781
9247,11524,11525,5,0,0.27264455908076785
9248,11525,11526,5,0,0.040208683140185816
9249,11526,11527,3,0,0.31228217205869796
9250,11527,11528,3,0,0.77199014791243392
9251,11528,11529,4,0,0.06087892767948816
9252,11529,11530,3,0,0.11234674992365798
9253,11530,11531,2,0,0.099536989339086154
9254,11531,11532,2,0,0.086414354896767673
9255,11533,11534,5,0,0.036146578703957953
9256,11534,11535,5,0,0.072924634652687864
9257,11535,11536,4,0,0.036457700153664403
9258,11537,11538,2,1,0.24660842992083618
9259,11538,11539,5,0,0.33604264978353382
9260,11539,11540,3,1,0.19381408276905926
9261,11540,11541,4,0,0.042598155097706196
9262,11541,11542,2,0,0
9263,11542,11543,3,0,0.11199670511468889
9264,11543,11544,4,1,0.15441342994612012
9265,11544,11545,3,1,0.15185498018697077
9266,11545,11546,4,0,0.22690519855172461
9267,11546,11547,1,0,0.062226612095913084
9268,11547,11548,4,0,0.072772269119315197
9269,11548,11549,3,0,0.11069125731162008
9270,11550,11551,2,0,0.54865861065654509
9271,11551,11552,5,0,0.20517972501267351
9272,11552,11553,4,0,0.42109199477642234
9273,11553,11554,1,0,0.038214527086260101
9274,11554,11555,3,1,0.47692378937571067
9275,11555,11556,4,0,0.19730207797957727
9276,11556,11557,4,0,0.035319883959938035
9277,11557,11558,4,0,0.18371168289499742
9278,11558,11559,2,0,0.74107840849936879
9279,11559,11560,1,1,0.68671652064272348
9280,11560,11561,3,0,0.19689053756342489
9281,11561,11562,1,1,0.23980878494750962
9282,11563,11564,4,0,0.029752195302088769
9283,11564,11565,4,0,0.23365978513135971
9284,11565,11566,4,0,0.038171717305209976
9285,11566,11567,4,0,0.12161390178121066
9286,11567,11568,2,0,0.075040828912636651
9287,11568,11569,1,1,0.096344196620041594
9288,11569,11570,2,0,0.083833279665600322
9289,11570,11571,4,1,0.03982785541906559
9290,11571,11572,3,0,0.24551615591044387
9291,11572,11573,3,0,0.16295558771704621
9292,11573,11574,5,0,0.47179173871248836
9293,11574,11575,4,0,0.2398149065762035
9294,11575,11576,5,0,0.11402462914404508
9295,11576,11577,1,1,0.21380234817057261
9296,11577,11578,3,0,0.47921490511207027
9297,11578,11579,3,1,0.028181449793385705
9298,11579,11580,2,0,0.12061966253536624
9299,11580,11581,5,0,0.041339330871839275
9300,11581,11582,3,1,0.55707316686030195
9301,11582,11583,4,0,0.21581365388466284
9302,11583,11584,3,0,0.15536220473946341
9303,11584,11585,4,0,0.72887502198827958
9304,11585,11586,5,1,0.70972758105103417
9305,11586,11587,2,0,0.17587711195505312
9306,11587,11588,2,0,0.10489428799971694
9307,11589,11590,3,1,0.68099366594837596
9308,11590,11591,3,0,0.61258314883089537
9309,11591,11592,1,0,0.36709936313339497
9310,11593,11594,2,0,0.075190355100528322
9311,11594,11595,4,0,0.095788682516260021
9312,11595,11596,1,0,0.084139970485417118
9313,11596,11597,4,0,0.28170045350018369
9314,11597,11598,5,0,0.16491447886857774
9315,11598,11599,5,0,0.39458673323556581
9316,11599,11600,3,0,0.1184280051860558
9317,11600,11601,2,0,0.18926888156195379
9318,11601,11602,4,1,0.033588213700817438
9319,11603,11604,4,0,0
9320,11604,11605,3,0,0.11726273025417694
9321,11605,11606,3,0,0.28334028034049852
9322,11606,11607,4,0,0.074241883353138735
9323,11607,11608,3,0,0.14252740167104033
9324,11608,11609,4,0,0.40331433257348209
9325,11609,11610,3,0,0.11505442210087517
9326,11610,11611,5,0,0.10656909089808023
9327,11612,11613,3,0,0.1533265623482109
9328,11614,11615,5,0,0.11814030391533535
9329,11615,11616,1,1,0.27162229803701349
9330,11616,11617,3,1,0.88294246253136122
9331,11617,11618,5,1,0.2571974838215611
9332,11618,11619,1,0,0.28009519046380116
9333,11619,11620,3,0,0.22637417360499612
9334,11621,11622,2,1,0.15797083686891669
9335,11622,11623,4,1,0.30421908858210306
9336,11623,11624,1,0,0
9337,11625,11626,3,1,0.7275635022169018
9338,11626,11627,1,0,0.15934157485408701
9339,11627,11628,4,0,0.2744090869972689
9340,11628,11629,4,0,0.14635073476796145
9341,11631,11632,4,0,0.11354259940022857
9342,11632,11633,3,0,0.042519897836041924
9343,11633,11634,5,0,0.11862547016273059
9344,11634,11635,2,0,0.1108761103120554
9345,11635,11636,2,0,0.21206740357639972
9346,11636,11637,2,1,0.14984384442218016
9347,11637,11638,1,0,0.081359975665308393
9348,11638,11639,2,0,0.089742957494842623
9349,11639,11640,5,1,0.20510615287907155
9350,11640,11641,5,0,0.031388971211038126
9351,11641,11642,1,1,0.61827879098931726
9352,11642,11643,1,0,0.21538412277217908
9353,11643,11644,5,1,0.42203957342327769
9354,11645,11646,2,0,0.23088004452105537
9355,11646,11647,3,0,0.047563879761186922
9356,11649,11650,5,1,0.23260395605191844
9357,11650,11651,3,1,0.27173707935311042
9358,11651,11652,4,0,0.29311688995440288
9359,11652,11653,2,0,0.20111744470681775
9360,11653,11654,5,1,0.26468653249733409
9361,11654,11655,2,0,0.081245687399651337
9362,11655,11656,1,0,0.19059797150152263
9363,11656,11657,5,0,0.36800035690294558
9364,11657,11658,2,0,0.31919825020938752
9365,11659,11660,1,0,0.039582592277147353
9366,11660,11661,4,1,0.68758416495031827
9367,11661,11662,4,1,0.68945638712069779
9368,11662,11663,3,0,0.075710319533703122
9369,11663,11664,3,0,0.74378690105288814
9370,11664,11665,5,0,0.037091185799167946
9371,11665,11666,5,1,0.20668895178859178
9372,11666,11667,4,1,0.44504654770090285
9373,11667,11668,5,0,0.13618369083079968
9374,11668,11669,2,0,0.15625735210912042
9375,11669,11670,3,0,0.10450136405388241
9376,11671,11672,4,1,0.923087142542098
9377,11672,11673,1,0,0.22043726320138299
9378,11673,11674,1,0,0.12880183715696727
9379,11674,11675,2,0,0.13438241983630042
9380,11675,11676,2,0,0.20495018105575546
9381,11676,11677,2,0,0.2657334516344862
9382,11677,11678,2,0,0.30484733788896634
9383,11678,11679,4,0,0.061333944801008941
9384,11679,11680,4,0,0.12048800976739178
9385,11680,11681,5,0,0.075250120098605017
9386,11681,11682,4,1,0.67805229805738354
9387,11682,11683,3,0,0.086751092303537461
9388,11683,11684,4,1,0.083988438326579526
9389,11684,11685,4,0,0.23932584585341496
9390,11685,11686,5,0,0.042212878091430164
9391,11686,11687,4,0,0.11427127813257558
9392,11687,11688,4,1,0
9393,11688,11689,3,0,0.24075849503282107
9394,11689,11690,2,0,0.17299586651194876
9395,11690,11691,2,0,0.16111574437311219
9396,11691,11692,3,0,0.044874890420464393
9397,11694,11695,1,0,0.1967423025449285
9398,11696,11697,4,1,0.23357677715904515
9399,11697,11698,2,1,0.13975660326063918
9400,11698,11699,1,0,0.12376793758317774
9401,11699,11700,3,0,0.25300080137138864
9402,11700,11701,5,0,0
9403,11701,11702,5,1,0.69303637276779151
9404,11702,11703,4,0,0.12803837678750155
9405,11703,11704,1,0,0.29947767712209739
9406,11704,11705,3,1,0.75775746197820482
9407,11705,11706,2,0,0.87634193892509471
9408,11706,11707,2,1,0.27111219467258513
9409,11708,11709,5,0,0.52469054053130659
9410,11712,11713,2,0,0.51797784496021471
9411,11713,11714,4,1,0.34090348557000844
9412,11714,11715,1,0,0.45228042969312116
9413,11715,11716,3,1,0.24867412464041258
9414,11716,11717,5,1,0.87192998535485089
9415,11717,11718,5,1,0.09066794114129649
9416,11718,11719,1,1,0.32659432838928237
9417,11719,11720,1,1,0.8376088315203698
9418,11720,11721,4,0,0.53114159328891586
9419,11721,11722,1,0,0.076855162513666933
9420,11723,11724,4,0,0.10904394694693184
9421,11724,11725,1,0,0.07537587148804939
9422,11726,11727,2,0,0.19744276713558359
9423,11729,11730,4,0,0.1916141369804929
9424,11730,11731,1,0,0.2021331577170295
9425,11731,11732,1,0,0.24075481124287906
9426,11732,11733,4,0,0.27442071283314895
9427,11733,11734,2,0,0.094949064630312344
9428,11734,11735,2,0,0.72935477422060602
9429,11736,11737,2,1,0
9430,11737,11738,3,0,0.10852245348210342
9431,11739,11740,3,1,0.92543672027107082
9432,11740,11741,5,1,0.095623280669538915
9433,11741,11742,3,0,0
9434,11742,11743,4,0,0.035535077548625164
9435,11743,11744,3,0,0.5068080743109854
9436,11744,11745,3,1,0.085588986827481006
9437,11745,11746,4,1,0.045797630559337742
9438,11746,11747,3,0,0.037766347094264144
9439,11747,11748,2,0,0.10693646803416755
9440,11749,11750,5,1,0.52524402516381674
9441,11750,11751,1,0,0.15653599229433601
9442,11751,11752,5,1,0.15318818962519348
9443,11752,11753,1,0,0.037770123667039232
9444,11756,11757,3,0,0.38321919761489076
9445,11758,11759,4,0,0.13317532989782419
9446,11761,11762,4,0,0.08570954566153284
9447,11762,11763,5,0,0.072036969523538469
9448,11763,11764,2,1,0.15263248074444727
9449,11764,11765,1,0,0.059759406046916833
9450,11765,11766,2,0,0.037682595906073965
9451,11766,11767,1,0,0.57071272939576312
9452,11767,11768,5,1,0.16256182461244029
9453,11768,11769,1,0,0.18915435731253066
9454,11769,11770,2,1,0.080231019299748726
9455,11770,11771,3,0,0.16218784580721399
9456,11771,11772,1,0,0.35671506476778125
9457,11772,11773,5,0,0.16596396520690918
9458,11773,11774,4,0,0.17525159389471842
9459,11775,11776,4,1,0.45825555480473334
9460,11776,11777,3,0,0.56079426354801165
9461,11777,11778,3,0,0.19794768890370154
9462,11778,11779,1,0,0.27859923326082642
9463,11779,11780,4,1,0.45992939499649471
9464,11780,11781,4,0,0.069525920964425184
9465,11782,11783,3,0,0.1963229503769125
9466,11783,11784,2,0,0.06989668185244001
9467,11786,11787,5,0,0.28224130456867741
9468,11787,11788,3,1,0.085546075492352061
9469,11788,11789,4,0,0.1606257754768054
9470,11789,11790,3,0,0.077687626935690021
9471,11791,11792,1,0,0.078918347867096783
9472,11792,11793,1,0,0.037614704776913935
9473,11793,11794,2,1,0.29003804603496025
9474,11795,11796,1,0,0
9475,11796,11797,4,1,0.11869988747877663
9476,11797,11798,5,0,0.095383535813641188
9477,11798,11799,2,0,0.038342338000567328
9478,11799,11800,4,0,0.079141664321765767
9479,11800,11801,2,0,0.072497440935749155
9480,11801,11802,1,0,0.07738131836226339
9481,11802,11803,5,1,0.55349348443278346
9482,11803,11804,2,0,0.61179400427605624
9483,11804,11805,2,0,0.2479751047360412
9484,11805,11806,3,1,0.17195358284307932
9485,11807,11808,2,1,0.11988150885252304
9486,11808,11809,4,0,0.20443070993002294
9487,11809,11810,2,0,0.15122003638251455
9488,11810,11811,4,0,0.1512445263614263
9489,11811,11812,2,0,0.15327225430010097
9490,11814,11815,2,0,0.12184582705046863
9491,11815,11816,4,0,0.25421906483271106
9492,11816,11817,1,0,0.079962268697123084
9493,11818,11819,2,0,0.19291412462718099
9494,11819,11820,2,0,0.10917417056844869
9495,11820,11821,3,0,0.188172865864417
9496,11821,11822,5,0,0.35624613361174384
9497,11823,11824,3,0,0.13788775612322066
9498,11824,11825,3,0,0.68838014821130122
9499,11826,11827,4,0,0.53475443421151925
9500,11827,11828,2,1,0.47197404379770225
9501,11828,11829,1,0,0.21906447204946305
9502,11829,11830,5,1,0.69577202947078443
9503,11830,11831,3,1,0.48813992198897715
9504,11831,11832,4,0,0.2348637318595814
9505,11832,11833,3,0,0
9506,11833,11834,2,0,0.037697502000086945
9507,11835,11836,2,0,0.036624657027923654
9508,11836,11837,2,0,0.28707752399858805
9509,11837,11838,3,1,0.76073874630726568
9510,11839,11840,3,0,0.27910736288544441
9511,11840,11841,3,0,0.16324427358624921
9512,11841,11842,2,0,0.11304250847873611
9513,11842,11843,4,0,0.20428404807445957
9514,11843,11844,2,0,0.12228983864559723
9515,11845,11846,4,0,0.22788359322525337
9516,11846,11847,5,0,0.046807974224308456
9517,11847,11848,1,0,0.14218588734831075
9518,11849,11850,2,0,0.11396327735590983
9519,11851,11852,2,0,0.076364301963481804
9520,11853,11854,2,0,0.11519437389428784
9521,11854,11855,1,1,0.78904258693454254
9522,11855,11856,3,0,0.20456243380921077
9523,11856,11857,3,0,0.28858558903463877
9524,11857,11858,4,0,0.120126160455256
9525,11858,11859,4,0,0.20952707917707844
9526,11859,11860,1,0,0.085090006999361339
9527,11860,11861,5,0,0.076130866714705314
9528,11861,11862,4,0,0.16089615957792031
9529,11862,11863,5,1,0.081199863180566351
9530,11863,11864,1,0,0.5443498348066117
9531,11864,11865,3,0,0.25509981185746006
9532,11865,11866,5,0,0.17674916423747919
9533,11866,11867,2,0,0.076996123580513845
9534,11867,11868,4,0,0.23821441652139064
9535,11868,11869,3,0,0.31318634952872665
9536,11869,11870,3,0,0.31597575680692769
9537,11870,11871,1,1,0.18758423600563695
9538,11872,11873,2,0,0.15237585337113513
9539,11873,11874,4,0,0.84454174044396246
9540,11876,11877,5,0,0.25763140856209243
9541,11880,11881,1,0,0.0444671512053324
9542,11881,11882,2,0,0.08803927211794417
9543,11882,11883,5,0,0.13504360542664068
9544,11883,11884,3,0,0
9545,11884,11885,1,0,0.20521522033612827
9546,11885,11886,4,0,0.2810417564208621
9547,11886,11887,1,0,0.25530605358399316
9548,11887,11888,1,0,0.042324079046414477
9549,11888,11889,4,0,0.23120527745539668
9550,11890,11891,4,0,0.052699301244195543
9551,11891,11892,4,0,0.39450014184279919
9552,11892,11893,2,0,0.34663771192545867
9553,11893,11894,2,0,0.22738490889683377
9554,11895,11896,4,0,0.19181424279178266
9555,11896,11897,2,0,0.034512874792315101
9556,11897,11898,2,0,0.27302012462685082
9557,11899,11900,2,0,0.036059597870655186
9558,11900,11901,1,0,0.16176132086362849
9559,11901,11902,3,0,0.37264903035463842
9560,11902,11903,4,0,0.52551787206639533
9561,11903,11904,2,0,0
9562,11904,11905,1,1,0.10298353426355362
9563,11905,11906,2,0,0.077750877415357092
9564,11908,11909,5,0,0.11557023831535074
9565,11910,11911,1,0,0.071800944189365043
9566,11911,11912,5,0,0.14989595054012636
9567,11912,11913,5,0,0.11735580033282497
9568,11914,11915,4,0,0.19948247482789752
9569,11915,11916,5,0,0.036221833499624739
9570,11916,11917,3,0,0.036703283778280783
9571,11917,11918,4,0,0.18837885769342938
9572,11918,11919,2,0,0.12591978475829396
9573,11919,11920,3,0,0.18201772543412578
9574,11920,11921,1,0,0.18464601116429896
9575,11921,11922,4,0,0.36418151774581392
9576,11922,11923,1,0,0.14936962456515798
9577,11923,11924,3,0,0.15649826556301519
9578,11924,11925,1,0,0.11730065467457625
9579,11925,11926,1,0,0.040123864123685619
9580,11926,11927,2,0,0.69760539698279844
9581,11927,11928,5,0,0.11287071834678317
9582,11928,11929,3,0,0.45242226723910617
9583,11929,11930,1,0,0.36970670594630589
9584,11930,11931,4,0,0.12867670645759585
9585,11932,11933,5,0,0.1634584833434401
9586,11933,11934,4,0,0.15135991224321571
9587,11935,11936,5,0,0.042231295097176921
9588,11936,11937,2,0,0.079940940466487947
9589,11938,11939,2,1,0.068767341151391395
9590,11939,11940,4,0,0.040527335816756098
9591,11940,11941,2,0,0
9592,11941,11942,3,0,0.16161742445705735
9593,11942,11943,1,0,0.45572514158562472
9594,11943,11944,2,0,0.20332085734139013
9595,11944,11945,1,0,0.036818538201613148
9596,11947,11948,5,0,0.074945606839305567
9597,11948,11949,1,0,0.04050012385200269
9598,11949,11950,2,0,0.084937471451951824
9599,11950,11951,5,0,0.07184013154592038
9600,11951,11952,1,0,0
9601,11952,11953,4,1,0.27844985167592678
9602,11953,11954,4,0,0.27781581807901717
9603,11954,11955,4,1,0.19111115505233123
9604,11956,11957,2,0,0.11891506023838559
9605,11958,11959,5,0,0.035681496018847292
9606,11959,11960,5,1,0.78492863488815701
9607,11960,11961,3,0,0.078388921303519571
9608,11962,11963,1,1,0.35515085022591925
9609,11963,11964,2,1,0.25867407047144791
9610,11964,11965,2,1,0.041323900335371151
9611,11965,11966,3,0,0
9612,11966,11967,4,0,0.19498969671067498
9613,11968,11969,1,1,0.51492382718822594
9614,11969,11970,2,0,0.036504534504001873
9615,11970,11971,5,1,0.22999062116056371
9616,11972,11973,2,0,0.03988451201763972
9617,11973,11974,3,0,0.22482608592218967
9618,11974,11975,2,0,0.26690616214877161
9619,11976,11977,4,0,0
9620,11977,11978,5,0,0.72710387574696111
9621,11978,11979,4,0,0
9622,11979,11980,1,0,0.1060162863666073
9623,11980,11981,4,1,0.084661963879059499
9624,11981,11982,3,1,0
9625,11982,11983,4,0,0.15729531474181896
9626,11983,11984,4,0,0.3444104630265391
9627,11984,11985,5,1,0.16347039820261253
9628,11985,11986,2,0,0.18259037907216985
9629,11986,11987,2,0,0.097432440119822078
9630,11987,11988,2,1,0.800762984996091
9631,11988,11989,1,0,0.051432574205323128
9632,11989,11990,5,0,0.078231336429009507
9633,11990,11991,1,0,0.037361614671736848
9634,11991,11992,1,0,0.45086777477571033
9635,11992,11993,1,0,0.051443662279477866
9636,11994,11995,3,0,0.21387215013840427
9637,11995,11996,3,1,0.071366487860066191
9638,11996,11997,3,0,0.20513338415193527
9639,11997,11998,1,0,0.29177229574001856
9640,11999,12000,1,1,0.28510055270002388
9641,12000,12001,5,0,0.039161854087584026
9642,12001,12002,1,0,0
9643,12002,12003,1,1,0.19820996381739456
9644,12003,12004,1,0,0.40794998997005694
9645,12005,12006,2,1,0.50164606474360884
9646,12006,12007,4,1,0.24379449852431348
9647,12007,12008,1,0,0.11681646650686021
9648,12009,12010,5,1,0.18029058077944743
9649,12010,12011,1,0,0.6978416554867064
9650,12011,12012,2,0,0.31278387094118842
9651,12012,12013,1,0,0.21338434555675834
9652,12013,12014,2,0,0.078319305918740798
9653,12014,12015,1,0,0.0370115413369667
9654,12015,12016,2,1,0.51803931605204856
9655,12016,12017,4,0,0.11208817175157693
9656,12017,12018,5,1,0.77160368104371957
9657,12018,12019,4,1,0.92879865544369844
9658,12019,12020,5,0,0.16602360523104809
9659,12020,12021,1,0,0.19879978001780887
9660,12022,12023,3,0,0.26716863780204492
9661,12023,12024,2,0,0.13984416843896619
9662,12026,12027,1,1,0.069473320850324788
9663,12028,12029,5,0,0.52153887271284438
9664,12029,12030,2,1,0.49324370735822887
9665,12030,12031,2,1,0.070800281715299826
9666,12031,12032,5,0,0.52483653531544383
9667,12032,12033,2,0,0.091632088336887615
9668,12033,12034,3,0,0.039543032552364805
9669,12034,12035,5,0,0.15098083736983742
9670,12035,12036,2,0,0.9101246731628424
9671,12036,12037,1,0,0.038541629389000895
9672,12037,12038,4,0,0.11973728254538496
9673,12040,12041,4,0,0
9674,12041,12042,3,0,0.52008077169015965
9675,12042,12043,1,0,0.034093905159569338
9676,12044,12045,5,0,0
9677,12046,12047,4,0,0.15831449939592968
9678,12047,12048,4,0,0.18192212751671993
9679,12049,12050,3,0,0.074089476714277888
9680,12050,12051,5,0,0
9681,12051,12052,4,0,0.60304336630043864
9682,12053,12054,1,1,0.56894006562406485
9683,12055,12056,4,0,0.15487521832122395
9684,12057,12058,4,0,0.052517957102492262
9685,12058,12059,5,0,0.11362541133824264
9686,12059,12060,1,0,0.12230275788021605
9687,12060,12061,5,0,0.10225240840764685
9688,12061,12062,5,0,0
9689,12062,12063,5,0,0.26095692778657908
9690,12063,12064,3,0,0.04421403157743261
9691,12064,12065,5,0,0.34366136877926923
9692,12065,12066,3,0,0.19994033841491038
9693,12067,12068,4,1,0.2385974496902892
9694,12068,12069,3,1,0.15544203903393763
9695,12069,12070,1,0,0.10080536542523887
9696,12070,12071,3,1,0.082136194008996855
9697,12072,12073,2,1,0.80280361761757069
9698,12073,12074,3,0,0.075318571383426139
9699,12074,12075,1,0,0.13357502263578494
9700,12075,12076,2,0,0.24053565563105242
9701,12076,12077,3,0,0.08110753417923082
9702,12077,12078,3,0,0.23159038848246136
9703,12078,12079,3,0,0.66509370312989935
9704,12079,12080,1,0,0.043104439309463477
9705,12080,12081,2,0,0.036203310478482853
9706,12081,12082,3,0,0
9707,12083,12084,3,1,0.64696041402361881
9708,12084,12085,3,1,0.1771375972941838
9709,12085,12086,5,1,0.082041550850354542
9710,12087,12088,3,0,0.4160930258907834
9711,12088,12089,4,0,0.10926121114014646
9712,12089,12090,4,0,0.43543190958294031
9713,12091,12092,3,0,0.15740096160535713
9714,12092,12093,3,0,0.071630240693340202
9715,12093,12094,4,0,0.79109450196036757
9716,12094,12095,1,0,0.11558772552209436
9717,12095,12096,4,0,0.068230396106522775
9718,12096,12097,3,0,0.53104823981950533
9719,12097,12098,2,0,0.067315123879556099
9720,12098,12099,5,0,0.48683857379736301
9721,12099,12100,4,0,0
9722,12100,12101,5,0,0.69880172812687003
9723,12101,12102,3,0,0.29932895053932307
9724,12102,12103,1,0,0.21117492628589921
9725,12103,12104,5,0,0.15462639600354994
9726,12105,12106,5,0,0.20446619705752325
9727,12106,12107,3,0,0.095092954607998451
9728,12107,12108,3,1,0.090517081581918624
9729,12108,12109,5,0,0.25136309789281186
9730,12109,12110,2,0,0.11970592255441373
9731,12110,12111,2,0,0.076650396503556137
9732,12111,12112,3,0,0.083434693434995252
9733,12112,12113,5,0,0.039027819180473926
9734,12113,12114,1,0,0.038712764219380233
9735,12114,12115,1,0,0
9736,12115,12116,2,0,0.073119131245981336
9737,12116,12117,2,0,0.092486786438629232
9738,12117,12118,2,0,0.23983741018800803
9739,12118,12119,5,0,0.043710393920614959
9740,12119,12120,1,0,0.62408618124348003
9741,12120,12121,1,0,0.36190862750403241
9742,12121,12122,5,1,0.66920436670706729
9743,12122,12123,3,0,0.035220147019722044
9744,12123,12124,3,1,0.56225429816080863
9745,12124,12125,4,0,0.035181185610310292
9746,12125,12126,1,0,0.50856998446759527
9747,12126,12127,4,0,0.065052576518675617
9748,12127,12128,1,0,0
9749,12129,12130,3,0,0.04515524962735442
9750,12130,12131,4,0,0.16067068642016075
9751,12132,12133,4,0,0
9752,12133,12134,3,0,0
9753,12134,12135,4,0,0.040213097437691074
9754,12135,12136,3,0,0.2579742872050812
9755,12136,12137,4,0,0.073509766832918016
9756,12137,12138,4,0,0.1129435204726071
9757,12139,12140,5,0,0.061469521463711797
9758,12140,12141,1,0,0.25237481755243579
9759,12141,12142,4,0,0.20569019741465289
9760,12142,12143,4,1,0.7106556900904698
9761,12143,12144,3,0,0.042701347345217786
9762,12144,12145,4,0,0.62112317086935298
9763,12145,12146,3,0,0.21752055867642595
9764,12146,12147,4,0,0.074254543610370385
9765,12147,12148,5,0,0.033321759596474737
9766,12148,12149,2,0,0.074170446307382121
9767,12149,12150,1,0,0.69982423944940397
9768,12150,12151,1,0,0.11494743862318516
9769,12151,12152,4,1,0.28895809542005896
9770,12152,12153,2,1,0.21721191599553494
9771,12155,12156,1,1,0.68836624676018954
9772,12156,12157,3,0,0.10974232320665421
9773,12157,12158,2,0,0.4578634841360103
9774,12158,12159,5,0,0.23381147230697144
9775,12159,12160,4,1,0.29090420855007409
9776,12160,12161,5,0,0.22346607859889339
9777,12161,12162,2,0,0.11047217123321579
9778,12162,12163,5,1,0.55658198719914009
9779,12164,12165,3,0,0.17288410687644665
9780,12165,12166,5,0,0.033995877950982301
9781,12166,12167,5,0,0.12724140692539224
9782,12168,12169,1,0,0.15278535818373037
9783,12170,12171,2,0,0.14807846101848615
9784,12171,12172,5,1,0.080719303561682484
9785,12172,12173,4,0,0.12326914342878634
9786,12173,12174,1,0,0
9787,12174,12175,5,1,0.10951564980134865
9788,12175,12176,3,0,0.076941783691991561
9789,12176,12177,2,1,0.6381895782877538
9790,12177,12178,3,0,0.081292772972038047
9791,12180,12181,5,0,0.21195626194659939
9792,12181,12182,1,0,0.10704163266394846
9793,12182,12183,3,0,0.24561544083760883
9794,12183,12184,5,0,0.11852481983717407
9795,12184,12185,3,0,0.09235554260606145
9796,12185,12186,1,0,0.087437063493166087
9797,12186,12187,4,0,0.34539719744868552
9798,12187,12188,5,0,0.14000967219549185
9799,12188,12189,3,1,0.2155303414487717
9800,12189,12190,1,0,0.11761920450304049
9801,12190,12191,2,0,0.2015796802128377
9802,12191,12192,2,1,0.64317712316988518
9803,12192,12193,2,0,0.43466380061642695
9804,12193,12194,4,0,0.075603816347022235
9805,12195,12196,1,0,0.50442969995384868
9806,12196,12197,3,1,0.78492941017689755
9807,12197,12198,5,1,0.31332750683821614
9808,12199,12200,1,0,0.11680059499775283
9809,12200,12201,4,0,0.14926394165761001
9810,12201,12202,4,1,0.57410657755228012
9811,12202,12203,4,0,0.20100419323641705
9812,12203,12204,1,0,0.077755397387349739
9813,12204,12205,5,0,0.11005450136408436
9814,12205,12206,1,1,0.28729333490654541
9815,12206,12207,3,0,0.75777185250434942
9816,12207,12208,1,0,0.21876293075873121
9817,12208,12209,5,0,0.27917323477011652
9818,12209,12210,3,0,0.08454036023539041
9819,12211,12212,3,1,0.10610425742505802
9820,12213,12214,4,0,0.075846334494213768
9821,12215,12216,1,0,0.042991434248876796
9822,12217,12218,3,0,0.17947079307647787
9823,12218,12219,4,0,0
9824,12219,12220,5,0,0.11871565398111678
9825,12220,12221,2,0,0.15383864978067108
9826,12221,12222,4,0,0.077471767958241178
9827,12223,12224,2,1,0.12939322148214763
9828,12224,12225,4,1,0.54879572068936255
9829,12225,12226,4,0,0.086593831548623282
9830,12226,12227,3,0,0
9831,12227,12228,5,0,0
9832,12228,12229,4,0,0.10836624061402267
9833,12229,12230,4,0,0.038895484932550954
9834,12231,12232,4,0,0.28203975790118591
9835,12232,12233,3,0,0.10724758882574294
9836,12233,12234,1,0,0.12118610903773003
9837,12234,12235,3,1,0.1107222559382002
9838,12235,12236,5,1,0.60107859434930522
9839,12236,12237,1,1,0.67780395010183925
9840,12237,12238,5,0,0.89647053092273754
9841,12238,12239,4,1,0.22291882708333544
9842,12240,12241,3,0,0.08330507959355854
9843,12241,12242,2,0,0
9844,12243,12244,3,1,0
9845,12244,12245,4,0,0.11815745798421927
9846,12245,12246,1,0,0.19061850589802565
9847,12247,12248,1,0,0.038777726413276842
9848,12248,12249,3,0,0.072000464934125083
9849,12249,12250,2,1,0.1594631155923899
9850,12251,12252,4,0,0.28305681334270338
9851,12252,12253,3,0,0.16494633097134659
9852,12253,12254,3,0,0
9853,12256,12257,5,0,0.037329795467292988
9854,12257,12258,3,0,0.1490226506439169
9855,12258,12259,3,0,0.11794869134179981
9856,12259,12260,5,0,0.085056837354402726
9857,12260,12261,1,0,0.63781331579002321
9858,12261,12262,2,0,0
9859,12263,12264,3,0,0.70540369339005171
9860,12264,12265,1,0,0.22217008406831171
9861,12265,12266,4,0,0
9862,12266,12267,1,0,0
9863,12267,12268,2,0,0.2286542243712236
9864,12268,12269,3,1,0.62622087625850908
9865,12270,12271,5,0,0.29033604930918383
9866,12273,12274,2,0,0.12304451671020634
9867,12276,12277,5,0,0.072285431337654818
9868,12278,12279,5,1,0.47545547330743926
9869,12280,12281,2,0,0.59406652329485332
9870,12282,12283,5,0,0.088884629259624953
9871,12283,12284,1,1,0.070006735478455817
9872,12284,12285,4,0,0.085687260528896414
9873,12286,12287,1,0,0.71118967486499962
9874,12287,12288,2,0,0.2436879372675371
9875,12288,12289,4,0,0.39325668209385684
9876,12289,12290,1,0,0.08172239887740429
9877,12290,12291,3,0,0.28782677551055075
9878,12291,12292,4,0,0.11181467193007599
9879,12292,12293,2,1,0.12180529099526556
9880,12293,12294,4,0,0.038445513227733624
9881,12294,12295,5,0,0.085720707847063482
9882,12295,12296,2,0,0.071945413392392327
9883,12297,12298,5,1,0.69333288405640436
9884,12298,12299,1,0,0.022361335510192211
9885,12299,12300,3,0,0.15221765974724866
9886,12301,12302,4,0,0.65491897194109039
9887,12302,12303,2,1,0.38168910603249828
9888,12303,12304,2,0,0.11897486264672354
9889,12304,12305,3,0,0.16408797182027673
9890,12305,12306,4,0,0.15488211474597949
9891,12306,12307,3,0,0.11319788280430586
9892,12307,12308,4,1,0.33963264687765998
9893,12308,12309,4,0,0.21099360478252141
9894,12309,12310,4,1,0.086500334303313803
9895,12310,12311,3,0,0.078350166159130763
9896,12311,12312,1,0,0.081630361238645033
9897,12312,12313,2,0,0.039597086855727472
9898,12314,12315,1,0,0.066301399160915889
9899,12315,12316,2,0,0.26700224557410313
9900,12316,12317,2,0,0.16253763057083603
9901,12317,12318,5,0,0.037750522575527315
9902,12319,12320,4,0,0.14679288990587547
9903,12322,12323,3,1,0.29782789590132647
9904,12323,12324,1,0,0.14140235650515898
9905,12324,12325,3,0,0.13129885536166627
9906,12325,12326,5,0,0.039503504357936203
9907,12326,12327,4,0,0
9908,12327,12328,3,0,0.39414436523110469
9909,12328,12329,5,0,0.085306352853388195
9910,12330,12331,3,0,0
9911,12331,12332,5,0,0.11894704323345684
9912,12332,12333,2,0,0.24815157088991469
9913,12333,12334,5,1,0.28978659026621173
9914,12334,12335,2,0,0.17660094693225376
9915,12335,12336,4,0,0.03431073472279389
9916,12337,12338,4,0,0.042402977733318747
9917,12338,12339,2,0,0
9918,12339,12340,1,0,0.072733452613518518
9919,12340,12341,2,0,0.076332753319644633
9920,12341,12342,2,0,0.078532627357213197
9921,12342,12343,4,0,0.12978229215716461
9922,12344,12345,3,1,0.49325068576554465
9923,12345,12346,3,1,0.56691489807085016
9924,12347,12348,2,0,0.1573797851039197
9925,12348,12349,3,0,0.14964239324961662
9926,12349,12350,4,0,0.21422037601551913
9927,12351,12352,2,0,0.071681970292061484
9928,12352,12353,3,1,0
9929,12353,12354,1,0,0.65186107425392792
9930,12355,12356,2,0,0.11560263634264475
9931,12356,12357,5,0,0.12455917062970361
9932,12357,12358,3,0,0.035091021315625692
9933,12360,12361,3,0,0.15203172279633537
9934,12361,12362,3,0,0.59410193701326497
9935,12362,12363,4,1,0.40155519302714948
9936,12364,12365,5,0,0.21951336538945662
9937,12365,12366,1,0,0.076685080152905219
9938,12366,12367,1,0,0.15959481220902591
9939,12367,12368,5,1,0.72042751114938641
9940,12368,12369,4,0,0.11840683426366648
9941,12369,12370,1,1,0.7658716809330578
9942,12372,12373,5,0,0.12183374383169468
9943,12373,12374,2,0,0.12042279584586635
9944,12374,12375,2,1,0.71867510655587108
9945,12375,12376,2,1,0.028115462574856045
9946,12376,12377,4,0,0.085717340406416778
9947,12378,12379,3,0,0.54513916608623059
9948,12379,12380,3,0,0.23427136533561235
9949,12380,12381,5,0,0.078852799137852009
9950,12381,12382,3,1,0
9951,12382,12383,4,0,0.24884170164390049
9952,12383,12384,3,0,0.1921158670381998
9953,12384,12385,4,1,0.27961536312344526
9954,12385,12386,1,0,0.23270508600257736
9955,12387,12388,4,0,0.36545247812113363
9956,12388,12389,3,1,0.040414017115172902
9957,12389,12390,2,0,0.24844486911804217
9958,12390,12391,2,0,0.65083020362836419
9959,12391,12392,4,1,0.62335417617553612
9960,12392,12393,1,1,0.76997534567743631
9961,12393,12394,4,0,0.087612520783905606
9962,12394,12395,4,1,0.57860628587378227
9963,12395,12396,4,0,0.12478094156936932
9964,12396,12397,1,0,0.11577221702642077
9965,12397,12398,2,0,0.11570767109745801
9966,12398,12399,1,0,0.038568761111167624
9967,12399,12400,2,0,0.0606571937343372
9968,12400,12401,3,0,0.42589689129277641
9969,12401,12402,3,0,0.034911524434250718
9970,12403,12404,4,1,0.12061363657510472
9971,12404,12405,4,0,0.046509678880738765
9972,12405,12406,2,0,0.087674420747928125
9973,12406,12407,4,1,0.61379113331635515
9974,12407,12408,4,0,0.28592209567101767
9975,12408,12409,2,1,0.68559158786904995
9976,12409,12410,3,0,0.045047376961847158
9977,12410,12411,1,0,0.044122693516126479
9978,12411,12412,4,0,0.37695230887820202
9979,12412,12413,2,0,0.4741514209872652
9980,12413,12414,2,0,0.2647742830194017
9981,12414,12415,4,0,0.23954921006409263
9982,12415,12416,4,0,0.14382718327704877
9983,12416,12417,5,1,0.61930446007052764
9984,12417,12418,5,0,0.069837378694995414
9985,12418,12419,2,0,0.11965224850650379
9986,12419,12420,2,0,0.069359165423040228
9987,12420,12421,2,0,0.036365131548928502
9988,12421,12422,1,0,0.274329152243172
9989,12422,12423,3,0,0.10537716017818187
9990,12423,12424,5,0,0.7510111732076119
9991,12424,12425,2,0,0.24042956757426454
9992,12425,12426,3,0,0.11920506533635031
9993,12427,12428,1,0,0.24808534702807841
9994,12428,12429,2,0,0.034895105051389805
9995,12429,12430,4,0,0.18738453052255419
9996,12430,12431,4,1,1
9997,12432,12433,4,0,1
9998,12433,12434,4,0,0.13492321970822987
9999,12434,12435,4,0,0.072030745608914662
10000,12436,12437,2,0,0.033752874450371215
10001,12437,12438,4,0,0.027833174352664372
10002,12438,12439,5,0,0.24248952637886095
10003,12439,12440,5,0,0.083012954845788536
10004,12442,12443,5,0,0.11754389318519079
10005,12443,12444,2,0,0.032898243127178969
10006,12444,12445,3,1,0.42674001363348929
10007,12445,12446,2,0,0
10008,12447,12448,1,0,0.73746508795284704
10009,12448,12449,4,0,0.14861427415181019
10010,12449,12450,2,0,0.10738363432011307
10011,12450,12451,1,1,0.37651317184467548
10012,12451,12452,2,1,0.078972320558279976
10013,12452,12453,5,0,0.1828394299571568
10014,12453,12454,4,1,0.49535221145775565
10015,12454,12455,1,0,0.16789330122285817
10016,12455,12456,4,0,0.21451291046852489
10017,12456,12457,3,1,0.13368849166731708
10018,12457,12458,2,0,0.10470045304365191
10019,12459,12460,2,0,0.12233838205352759
10020,12460,12461,3,0,0.27174896627225298
10021,12461,12462,4,0,0.1543746053291272
10022,12462,12463,1,0,0.36233368485008194
10023,12464,12465,1,0,0.080245234726130155
10024,12465,12466,5,1,0.343973442261372
10025,12466,12467,1,0,0.14045841547475887
10026,12467,12468,2,0,0.10197957927561123
10027,12468,12469,1,0,0.58928941306764682
10028,12469,12470,2,0,0.039546517261807454
10029,12470,12471,2,0,0.62086299606108697
10030,12471,12472,1,0,0.2692524002681283
10031,12472,12473,3,0,0.079383091544261097
10032,12473,12474,3,0,0.10658564099710695
10033,12474,12475,3,0,0
10034,12475,12476,5,0,0.03515934621812758
10035,12476,12477,3,0,0.11272596320038128
10036,12477,12478,3,0,0.037551277073625072
10037,12478,12479,4,0,0.16916246974546514
10038,12479,12480,1,0,0.14357146004702537
10039,12480,12481,1,0,0.10690917141909206
10040,12481,12482,2,1,0.75277831534056816
10041,12482,12483,4,0,0.18017432814197265
10042,12483,12484,3,0,0.15080267407604458
10043,12485,12486,2,0,0.13438100778538867
10044,12486,12487,2,0,0.14900293324644723
10045,12488,12489,3,0,0.64640176818607997
10046,12489,12490,5,1,0.16882872270219762
10047,12490,12491,1,1,0.23649430427809448
10048,12491,12492,1,0,0.3036373603465255
10049,12493,12494,3,1,0.53900402668288616
10050,12494,12495,3,1,0.092789628379599948
10051,12495,12496,2,1,0.45422024889458701
10052,12496,12497,1,0,0.49065674297554407
10053,12497,12498,2,1,0.28613333770997129
10054,12498,12499,4,0,0.16323345197793176
10055,12499,12500,2,0,0
10056,12500,12501,2,0,0.7308912607185124
10057,12501,12502,1,0,0.16312408330910422
10058,12502,12503,1,0,0.52418006500120384
10059,12504,12505,1,0,0.077822797838786484
10060,12506,12507,2,0,0.036470844758132503
10061,12507,12508,1,0,0.18507938583204958
10062,12508,12509,5,1,0.28663563309250273
10063,12509,12510,2,0,0.17271041595930708
10064,12510,12511,1,0,0.17045999094234998
10065,12511,12512,3,0,0.33514620236543474
10066,12512,12513,5,0,0.17577349381721022
10067,12513,12514,4,0,0.079398966841762425
10068,12514,12515,5,0,0.11814402560721801
10069,12515,12516,5,1,0.12790955661507386
10070,12516,12517,2,1,0.14980059880343718
10071,12517,12518,4,0,0.11683469128609447
10072,12518,12519,2,1,0.21180884755280516
10073,12519,12520,1,1,0.72784652042323705
10074,12520,12521,2,1,0.11566662700887288
10075,12521,12522,2,0,0.066587178570513009
10076,12522,12523,3,0,0.61074319268779631
10077,12523,12524,3,0,0.20745167435673512
10078,12524,12525,4,0,0.68709983496557203
10079,12526,12527,1,1,0.11783231165184202
10080,12529,12530,1,0,0
10081,12530,12531,5,0,0
10082,12531,12532,4,0,0.15845024462335247
10083,12532,12533,4,0,0.71731927224928549
10084,12533,12534,3,0,0.23252612670431322
10085,12534,12535,5,0,0.040134211147226956
10086,12535,12536,3,0,0.55791628747325006
10087,12536,12537,2,1,0.13771928803175629
10088,12537,12538,2,0,0.33752043813248944
10089,12538,12539,3,0,0.07447120961129268
10090,12540,12541,3,0,0.13106302243093487
10091,12541,12542,2,1,0.31284295299040044
10092,12542,12543,4,0,0.0920081093937309
10093,12543,12544,1,0,0.048906231254687363
10094,12544,12545,5,0,0.12772411358744834
10095,12545,12546,3,0,0.31965087157143057
10096,12546,12547,2,0,0.35229115898944846
10097,12547,12548,2,0,0.30810984120123908
10098,12549,12550,4,0,0.53354425234503222
10099,12550,12551,4,1,0.5725768668654142
10100,12551,12552,3,0,0.15211569215758558
10101,12553,12554,5,1,0.13963329773354058
10102,12554,12555,5,0,0.1548421984672276
10103,12555,12556,2,1,0.066520459114751157
10104,12556,12557,1,1,0.44998491357624015
10105,12557,12558,1,0,0.090185817161429094
10106,12558,12559,4,0,0.25814440735674754
10107,12560,12561,3,0,0.038431159776239655
10108,12561,12562,1,0,0.038635885516966173
10109,12562,12563,1,1,0.039846758478084117
10110,12564,12565,5,1,0.029790529746155894
10111,12565,12566,2,0,0.16794464774767159
10112,12566,12567,1,0,0.12047106129860062
10113,12569,12570,2,0,0.14518329953137735
10114,12570,12571,2,0,0.16772099743503735
10115,12571,12572,4,0,0.071141842386621634
10116,12572,12573,5,0,0.28315706223988901
10117,12573,12574,3,1,0.2452091866382192
10118,12574,12575,1,0,0.19815846285256469
10119,12575,12576,5,0,0.080010561942790451
10120,12576,12577,3,1,0.69197581763836757
10121,12577,12578,3,0,0.032530530862984061
10122,12579,12580,5,0,0.072988152015389066
10123,12580,12581,5,0,0.28649131935966454
10124,12581,12582,5,0,0.033428082879254514
10125,12582,12583,5,0,0.081726743235415317
10126,12583,12584,1,0,0.078087944755613661
10127,12584,12585,3,0,0.13804900840449894
10128,12585,12586,5,0,0.13446825306679738
10129,12586,12587,2,0,0.038295382529371619
10130,12587,12588,3,1,0.68064295160852062
10131,12588,12589,3,1,0.44187051106271724
10132,12589,12590,4,0,0.16142303265560756
10133,12591,12592,4,0,0
10134,12592,12593,2,1,0.6392076601285831
10135,12593,12594,1,1,0.40204529179196352
10136,12598,12599,4,0,0.44707999269059356
10137,12600,12601,2,0,0.34019784512530693
10138,12601,12602,4,0,0.31165188589105652
10139,12602,12603,5,0,0.12154677263945625
10140,12603,12604,2,1,0.66642074255086559
10141,12604,12605,4,0,0.51479595382345344
10142,12605,12606,5,0,0.037190879870510098
10143,12606,12607,4,1,0.068775364792038635
10144,12607,12608,4,0,0.04355389685833224
10145,12608,12609,3,1,0.209987503067461
10146,12610,12611,4,0,0.14915318798025956
10147,12611,12612,4,0,0.098857479121826561
10148,12612,12613,3,0,0.24276561720207052
10149,12613,12614,4,0,0.043738650120670457
10150,12614,12615,1,0,0.25500048963744654
10151,12615,12616,4,1,0.077054069123442939
10152,12616,12617,4,0,0.11290588110784311
10153,12617,12618,1,0,0.096146020128820939
10154,12618,12619,1,0,0.15397910883455712
10155,12619,12620,1,1,0.35437451771217965
10156,12622,12623,5,1,0.50652932379110427
10157,12623,12624,2,0,0
10158,12624,12625,5,0,0
10159,12625,12626,4,0,0.0353803006802016
10160,12629,12630,5,0,0.32927417218229588
10161,12630,12631,4,0,0.032996918420064164
10162,12631,12632,2,0,0.19716415544368546
10163,12632,12633,2,0,0.10765611878620987
10164,12635,12636,4,0,0.26606235598964345
10165,12637,12638,1,1,0.28526267791253435
10166,12638,12639,4,1,0.037712948864139242
10167,12639,12640,5,0,0.11829008414800438
10168,12640,12641,5,0,0.26241756820236345
10169,12641,12642,4,0,0.079552828112885679
10170,12642,12643,5,0,0.086347496300564139
10171,12644,12645,1,1,0.74087710006059171
10172,12645,12646,2,0,0.069026939725606071
10173,12646,12647,2,0,0.073676060398948653
10174,12647,12648,4,0,0.033385289903126281
10175,12648,12649,3,0,0.27878604592599648
10176,12649,12650,4,0,0.037139104746349891
10177,12650,12651,5,0,0
10178,12651,12652,2,0,0.073563581243847501
10179,12652,12653,4,0,0.23385212660375271
10180,12653,12654,2,0,0
10181,12654,12655,3,0,0.051065938341092548
10182,12655,12656,3,1,0.12883234985358619
10183,12657,12658,2,0,0.066116877119119927
10184,12658,12659,4,0,0.040459882118844957
10185,12659,12660,2,0,0.24157990313999783
10186,12661,12662,3,0,0.29882622690503569
10187,12662,12663,4,0,0.039750145577197124
10188,12663,12664,4,1,0.56411266796281045
10189,12664,12665,1,0,0
10190,12666,12667,5,0,0
10191,12667,12668,2,1,0.16292295303079229
10192,12668,12669,3,1,0.38184336791372303
10193,12670,12671,3,0,0.037355443673032854
10194,12671,12672,4,0,0.20832759377365134
10195,12672,12673,1,0,0.075350017391379753
10196,12673,12674,4,1,0.55262514397013818
10197,12674,12675,1,0,0.12661406480580822
10198,12675,12676,3,0,0.029438758597267987
10199,12676,12677,2,1,0.36754694799644227
10200,12677,12678,5,0,0.18875905404566529
10201,12678,12679,2,0,0.65123282574185726
10202,12679,12680,4,0,0.080400185522169265
10203,12681,12682,4,1,0.13087397670007006
10204,12683,12684,3,0,0.080660535773878217
10205,12684,12685,3,0,0.076556774870060407
10206,12686,12687,1,0,0.083011579469564015
10207,12687,12688,3,0,0.07365137340140275
10208,12688,12689,1,0,0.43498863733733273
10209,12689,12690,5,0,0.16778561734874653
10210,12690,12691,3,0,0.3392328746454838
10211,12691,12692,4,0,0.18483542690430285
10212,12692,12693,1,0,0.077423875032081743
10213,12693,12694,5,0,0.32720661047115196
10214,12694,12695,1,0,0.41760010347890175
10215,12695,12696,5,0,0.28524993093853607
10216,12697,12698,3,0,0.19025585753130478
10217,12698,12699,2,0,0.12451530229086513
10218,12699,12700,3,0,0.11274153391858115
10219,12700,12701,3,0,0.07762342966688468
10220,12702,12703,2,0,0.08830223949070154
10221,12703,12704,5,1,0.51899525584537598
10222,12704,12705,2,0,0.07781860222418982
10223,12706,12707,5,0,0.038007182870296412
10224,12707,12708,2,0,0.03695650736001347
10225,12708,12709,5,0,0.079471724791890699
10226,12709,12710,4,0,0.1725352657028966
10227,12710,12711,2,0,0.22573121395893703
10228,12712,12713,2,0,0.038637617952105088
10229,12713,12714,1,0,0.24434639074975995
10230,12714,12715,3,0,0.19459880250095929
10231,12715,12716,2,0,0.71819247339596115
10232,12717,12718,1,1,0.32987245968883777
10233,12718,12719,2,1,0.036902740715497789
10234,12721,12722,3,0,0.11426071907744781
10235,12722,12723,3,0,0
10236,12723,12724,1,0,0.65531296912632853
10237,12724,12725,3,0,0.077401575640552001
10238,12725,12726,1,0,0
10239,12728,12729,5,0,0.11873125898076468
10240,12729,12730,3,1,0.07104461256471048
10241,12730,12731,1,0,0.079990767726785705
10242,12731,12732,3,1,0.66539486763999656
10243,12732,12733,3,0,0.63842242554111883
10244,12733,12734,3,0,0.15452605174329204
10245,12736,12737,4,0,0.10691303152566679
10246,12737,12738,2,0,0.090414806951468543
10247,12739,12740,2,0,0.1395507711365086
10248,12742,12743,3,0,0.16523968073333933
10249,12743,12744,1,0,0.08170779451401565
10250,12744,12745,3,0,0.076842384058105714
10251,12745,12746,3,0,0.71133708131619156
10252,12746,12747,5,0,0.13325571611419676
10253,12747,12748,4,0,0.12684541944944236
10254,12748,12749,4,1,0.27933336855093244
10255,12749,12750,3,0,0.24218676084095841
10256,12751,12752,5,0,0.11167587330459956
10257,12752,12753,4,0,0
10258,12753,12754,2,0,0.20627154523338104
10259,12754,12755,2,0,0.07043954065315898
10260,12755,12756,4,1,0.092970215413857915
10261,12756,12757,1,0,0.098240473845722598
10262,12757,12758,3,0,0.12096629107990764
10263,12758,12759,1,0,0.31611478410825922
10264,12760,12761,4,0,0.35220993836446757
10265,12762,12763,1,0,0.11105813477111004
10266,12764,12765,1,0,0.35166238797461419
10267,12765,12766,5,1,0.080176093547935146
10268,12766,12767,5,0,0.16566940837892905
10269,12767,12768,3,1,0.68714868782530236
10270,12768,12769,2,0,0.090730028382594058
10271,12771,12772,2,0,0.035568559952695276
10272,12775,12776,1,0,0.26848061893562469
10273,12777,12778,5,0,0.21042258185696475
10274,12778,12779,4,1,0.36717140271339993
10275,12779,12780,4,1,0.40064287377638524
10276,12780,12781,2,1,0.68351230954298436
10277,12781,12782,4,0,0.11439042537077952
10278,12784,12785,4,1,0.15227112406951579
10279,12787,12788,5,0,0.23086752717978101
10280,12788,12789,1,0,0.22083150597141302
10281,12789,12790,3,0,0
10282,12790,12791,3,0,0.22373591351685992
10283,12791,12792,2,0,0.26414295637937701
10284,12792,12793,2,0,0.28750288919356809
10285,12793,12794,1,0,0.035367144498290065
10286,12795,12796,4,0,0.16564403789949472
10287,12797,12798,3,0,0.078567152648753275
10288,12798,12799,2,0,0.34468291248184996
10289,12799,12800,3,0,0.1091696346348001
10290,12801,12802,4,0,0.16967169672357313
10291,12802,12803,2,1,0.64197513776148496
10292,12803,12804,4,1,0
10293,12804,12805,3,0,0.080822401600750826
10294,12805,12806,3,0,0.18322178960280133
10295,12806,12807,2,0,0.099549138919329913
10296,12807,12808,5,0,0
10297,12808,12809,4,0,0.43206232682847479
10298,12809,12810,4,1,0.11628139515314269
10299,12811,12812,4,0,0.52134705779909674
10300,12812,12813,1,1,0.60595184536987412
10301,12813,12814,5,0,0.13991578916984246
10302,12814,12815,1,0,0.1158496459623784
10303,12815,12816,4,0,0.12690711617915901
10304,12816,12817,3,1,0.14560577844348835
10305,12817,12818,2,0,0.20188594502815072
10306,12820,12821,3,0,0.24047622970994204
10307,12821,12822,4,0,0.039418984205330389
10308,12823,12824,4,0,0.077687936317762135
10309,12824,12825,4,1,0.86483294289014923
10310,12825,12826,1,0,0.27190672733979782
10311,12826,12827,1,0,0.34224708733639864
10312,12827,12828,1,0,0.23518716945555695
10313,12829,12830,3,1,0.08198030515249273
10314,12830,12831,1,0,0.16124732752562465
10315,12831,12832,4,1,0.77780830341903273
10316,12833,12834,5,0,0.16305090829358349
10317,12834,12835,1,1,0.65061181924746847
10318,12836,12837,3,0,0.2070231910656124
10319,12837,12838,2,0,0.071756406373218923
10320,12838,12839,5,0,0.10519556119041788
10321,12840,12841,2,1,0.72353429027273908
10322,12841,12842,1,0,0
10323,12842,12843,1,0,0.15897315931500797
10324,12844,12845,2,0,0.23951774713845214
10325,12845,12846,2,0,0.77014625246669954
10326,12846,12847,3,0,0.46590407897913327
10327,12847,12848,3,0,0.1182670235140568
10328,12848,12849,4,0,0.096637233265641387
10329,12849,12850,1,0,0.20993760002030781
10330,12850,12851,1,0,0.12173270316590334
10331,12851,12852,2,0,0.19995101053808231
10332,12853,12854,4,0,0.11927471092895967
10333,12854,12855,1,0,0.13412722402678687
10334,12855,12856,1,0,0
10335,12856,12857,1,0,0.53931589992893447
10336,12857,12858,2,0,0.18293524276604561
10337,12858,12859,4,0,0
10338,12859,12860,3,0,0
10339,12860,12861,3,0,0.16737350078106028
10340,12861,12862,4,1,0.15864620229083953
10341,12862,12863,1,0,0.10013094579472243
10342,12863,12864,4,0,0.21522053649616968
10343,12864,12865,3,0,0.073288315901462522
10344,12865,12866,2,0,0.11361755340781124
10345,12866,12867,1,0,0.18360859982841521
10346,12867,12868,5,1,0.39518962498777033
10347,12868,12869,4,0,0.15451420340274877
10348,12869,12870,3,0,0.21706141873062684
10349,12872,12873,5,0,0.043595402163240621
10350,12874,12875,3,0,0.041588163156005969
10351,12875,12876,3,1,0.26188733256965685
10352,12876,12877,3,1,0.53785643358258228
10353,12877,12878,5,0,0.30792558707655121
10354,12878,12879,3,0,0.118042410742526
10355,12879,12880,5,0,0.037198157514667519
10356,12880,12881,1,0,0.079209850345348276
10357,12882,12883,3,0,0.058177937172350369
10358,12883,12884,5,1,0.13931174435443477
10359,12884,12885,5,0,0.15575320694957934
10360,12885,12886,5,0,0.38528174904025536
10361,12886,12887,5,1,0.2400404032160893
10362,12887,12888,2,0,0.03827537249688661
10363,12888,12889,4,1,0.12222038914680312
10364,12890,12891,3,0,0.081054116539600304
10365,12891,12892,2,0,0.069890131054018909
10366,12892,12893,2,0,0.47198382261626987
10367,12893,12894,1,0,0.029751857744783464
10368,12894,12895,2,1,0.32143832121598204
10369,12895,12896,1,0,0.19294908160816354
10370,12896,12897,1,0,0.095651549726024923
10371,12897,12898,1,1,0.67207222170266578
10372,12898,12899,4,0,0.51162470745546962
10373,12899,12900,5,0,0.16292475624541666
10374,12900,12901,5,1,0.19518686491551188
10375,12901,12902,5,1,0.15757617034176191
10376,12902,12903,4,0,0.07792878287991184
10377,12904,12905,4,1,0.56744855543440709
10378,12905,12906,4,0,0.34169198945043111
10379,12906,12907,5,0,0.087069177408379952
10380,12907,12908,2,0,0.24354706596616699
10381,12908,12909,2,1,0.49731680914543896
10382,12909,12910,3,0,0
10383,12910,12911,3,0,0.079851540514060834
10384,12911,12912,4,0,0.29765931813495722
10385,12912,12913,2,1,0.40176885558598491
10386,12913,12914,3,1,0.44371369315070419
10387,12914,12915,2,0,0.21971189046131376
10388,12917,12918,1,1,0
10389,12918,12919,2,1,0.15689836162898221
10390,12919,12920,5,0,0.096633985299959674
10391,12920,12921,4,0,0.075995368835891974
10392,12921,12922,4,0,0.47794342535748996
10393,12922,12923,3,1,0.65063402001053994
10394,12923,12924,3,0,0.43258624052166861
10395,12924,12925,1,1,0.52060454085796803
10396,12926,12927,5,0,0.076485636223541889
10397,12927,12928,2,0,0.15593027922731756
10398,12928,12929,3,0,0.19686214005851618
10399,12929,12930,1,0,0.084192618089575011
10400,12930,12931,3,1,0.37777825100934165
10401,12931,12932,5,0,0.21174734448281141
10402,12932,12933,1,0,0.12924364014177972
10403,12933,12934,3,0,0.075761294061559334
10404,12935,12936,3,1,0.32594476281944612
10405,12936,12937,5,0,0.63288696900996977
10406,12937,12938,2,0,0.13381442375615588
10407,12938,12939,4,0,0.09387440495393215
10408,12939,12940,1,0,0.035370030806017479
10409,12940,12941,4,0,0.18655150534365056
10410,12941,12942,2,0,0.071934233484847024
10411,12942,12943,5,0,0.48059858039384312
10412,12943,12944,2,0,0.073808054247249746
10413,12944,12945,2,0,0.037524076583674598
10414,12945,12946,2,0,0.074559280064779618
10415,12946,12947,4,1,0.63111768373266997
10416,12947,12948,4,1,0.083242990131916578
10417,12949,12950,3,0,0.078081963955749456
10418,12951,12952,3,0,0.54443811013575494
10419,12952,12953,3,0,0.79656531226308525
10420,12953,12954,3,0,0.054626531063898295
10421,12954,12955,5,0,0.048731886624104506
10422,12956,12957,2,0,0.16033731379883517
10423,12957,12958,4,1,0.6280293649640345
10424,12959,12960,3,0,0.15353378658903416
10425,12961,12962,4,0,0.23421693331607113
10426,12962,12963,1,1,0.034201180204686557
10427,12963,12964,5,1,0.74650347650794668
10428,12964,12965,3,0,0.12117682011971102
10429,12965,12966,5,0,0.080526321090995889
10430,12966,12967,2,1,0.70791026379920774
10431,12967,12968,1,0,0.4405542806153821
10432,12968,12969,4,0,0.28754297127985573
10433,12970,12971,3,0,0.13084358499152635
10434,12972,12973,5,1,0.54433161926458506
10435,12974,12975,2,0,0.20782402071645212
10436,12975,12976,5,0,0.21950816392102032
10437,12977,12978,4,0,0.039249068389946719
10438,12979,12980,4,0,0.14480295365636647
10439,12980,12981,5,0,0.22456599673787189
10440,12981,12982,1,0,0.20018087531321987
10441,12982,12983,2,0,0.65421079204616395
10442,12983,12984,3,0,0.035987624657366921
10443,12985,12986,5,0,0.1420093154101581
10444,12986,12987,4,1,0.51407599949257443
10445,12987,12988,1,0,0.16320653972926946
10446,12988,12989,5,0,0.23290109643535017
10447,12991,12992,3,0,0.10566120498267775
10448,12992,12993,5,1,0.61340077170855034
10449,12993,12994,2,0,0.32966788954464304
10450,12994,12995,1,0,0.1671554414911752
10451,12995,12996,2,0,0.22901615744356357
10452,12998,12999,2,0,0.076102351554766565
10453,12999,13000,2,1,0.11624100024270499
10454,13000,13001,5,1,0.34765907466681584
10455,13001,13002,5,0,0.056084991030279543
10456,13003,13004,3,0,0
10457,13004,13005,4,0,0.086688006674998971
10458,13005,13006,1,0,0.11076217914751092
10459,13007,13008,5,0,0.033814500175033242
10460,13008,13009,5,0,0.25226847322986135
10461,13009,13010,3,0,0.038218701290561902
10462,13010,13011,1,0,0.31893247554748549
10463,13011,13012,4,0,0.25885307827173576
10464,13012,13013,1,0,0.43465996941375135
10465,13014,13015,2,0,0.29069977698498223
10466,13015,13016,1,0,0.17630840606100021
10467,13016,13017,2,0,0.12339462251332919
10468,13017,13018,1,0,0.128697311087283
10469,13019,13020,4,0,0.10611806994938484
10470,13020,13021,1,1,0.85217558890070533
10471,13021,13022,1,1,0.32460876296706204
10472,13022,13023,1,1,0.16738855350364945
10473,13023,13024,1,0,0.19531565427039674
10474,13024,13025,2,1,0.14516337774868446
10475,13026,13027,3,0,0.30250748273690126
10476,13027,13028,5,1,0.24691285269524535
10477,13028,13029,4,0,0.30283134417124991
10478,13030,13031,1,0,0.086472228416335728
10479,13031,13032,2,0,0.35225851528788887
10480,13032,13033,3,0,0.10590834883653437
10481,13035,13036,3,1,0.17575790720675372
10482,13036,13037,5,0,0.083887246355376532
10483,13037,13038,4,1,0
10484,13038,13039,5,0,0.10437911675818282
10485,13040,13041,3,0,0.35944634166748646
10486,13041,13042,2,0,0.026055128416470417
10487,13042,13043,2,0,0
10488,13043,13044,4,0,0.11399147717613446
10489,13044,13045,2,1,0.20390318424570963
10490,13045,13046,5,1,0.48164251607980907
10491,13046,13047,3,0,0
10492,13048,13049,5,1,0.64518408363278246
10493,13049,13050,2,1,0.36083586449910948
10494,13051,13052,5,0,0.2038892189672942
10495,13052,13053,5,0,0.15912015334337462
10496,13053,13054,3,0,0.11726959974053501
10497,13054,13055,5,0,0.21642829562001717
10498,13055,13056,1,0,0.62401798064143255
10499,13056,13057,2,0,0.55721744911307369
10500,13057,13058,3,0,0.14046593405639371
10501,13058,13059,3,1,0.8429657655861662
10502,13059,13060,2,0,0.50564134799317906
10503,13060,13061,3,0,0.082085353782383103
10504,13061,13062,3,0,0.38106829015587068
10505,13064,13065,3,0,0.12832595310721864
10506,13065,13066,5,0,0.077093510803116758
10507,13066,13067,1,0,0.37085272714633521
10508,13067,13068,4,0,0.27586232287495677
10509,13068,13069,4,0,0.1125790243360148
10510,13069,13070,5,0,0.15284411216174684
10511,13070,13071,1,0,0.23986146522864571
10512,13071,13072,1,1,0.33707795586391281
10513,13072,13073,5,1,0.60663543868333358
10514,13073,13074,3,0,0.038475852098676794
10515,13074,13075,2,0,0.041802153293132686
10516,13075,13076,5,0,0.073888058342461344
10517,13076,13077,4,0,0.076447667281785189
10518,13077,13078,2,1,0.1672183038501365
10519,13079,13080,1,1,0.65619977727344392
10520,13081,13082,3,1,0.11976987983002316
10521,13084,13085,1,0,0.14879699905062824
10522,13085,13086,4,0,0.037632585637561534
10523,13086,13087,5,1,0.10742170622824106
10524,13087,13088,4,0,0
10525,13088,13089,2,0,0.068134960257168295
10526,13089,13090,3,0,0.14886915236047921
10527,13091,13092,5,0,0.21183120689210846
10528,13093,13094,5,0,0.10790584329447321
10529,13095,13096,3,0,0.091915701626295671
10530,13097,13098,5,0,0.18317515560711928
10531,13098,13099,5,0,0.26357940115417372
10532,13100,13101,2,0,0.62845569984832816
10533,13101,13102,5,0,0
10534,13102,13103,1,1,0.080027393992827295
10535,13103,13104,5,0,0.25134706502298521
10536,13104,13105,5,0,0.12763063920910497
10537,13105,13106,5,1,0.19754762753365779
10538,13106,13107,5,0,0
10539,13107,13108,3,0,0
10540,13108,13109,4,0,0
10541,13109,13110,5,0,0.11801651601453071
10542,13110,13111,2,1,0.12252809192565836
10543,13111,13112,1,0,0.11576428414383173
10544,13114,13115,4,0,0.084546474766466373
10545,13115,13116,4,0,0
10546,13116,13117,1,0,0.1640561180224675
10547,13118,13119,4,0,0.061928832717019537
10548,13120,13121,4,0,0.18567042337014422
10549,13121,13122,1,0,0.063929239141883573
10550,13122,13123,4,0,0.044397021652274569
10551,13123,13124,4,0,0.19363298844722554
10552,13124,13125,2,0,0.20340914410112496
10553,13126,13127,4,0,0.031722706742425881
10554,13127,13128,5,1,0.20192107045525509
10555,13128,13129,4,0,0.13149183269866263
10556,13133,13134,5,1,0.12773728616702051
10557,13134,13135,4,1,0.13797572141940839
10558,13135,13136,2,0,0.17530885992409834
10559,13137,13138,4,0,0.033380839619579709
10560,13139,13140,2,1,0.32899175153307836
10561,13140,13141,3,0,0.14463750578080756
10562,13141,13142,4,0,0.12120095674074442
10563,13142,13143,1,0,0.1942924686302504
10564,13143,13144,1,0,0.084969017600198968
10565,13144,13145,3,1,0.26875031176056868
10566,13146,13147,1,1,0.12127481464885689
10567,13147,13148,2,0,0
10568,13148,13149,2,0,0.19547923187831881
10569,13149,13150,4,0,0.07547720538743749
10570,13150,13151,5,0,0.12045621473041186
10571,13151,13152,5,1,0.53014236834723616
10572,13152,13153,2,0,0.10663296607844415
10573,13153,13154,1,1,0.5987143184489454
10574,13154,13155,1,0,0.078426721655575099
10575,13156,13157,4,0,0.18494112146168731
10576,13158,13159,4,0,0.0724573904976865
10577,13159,13160,5,1,0.24637525463387175
10578,13160,13161,1,0,0.18958545204964442
10579,13161,13162,4,0,0.10985659549054212
10580,13162,13163,3,0,0.37523347227909321
10581,13163,13164,4,1,0.23440750006360264
10582,13164,13165,2,0,0.037338669304341321
10583,13165,13166,2,0,0.1798025575029768
10584,13166,13167,4,0,0.12102775738571302
10585,13167,13168,3,0,0.46206909338178304
10586,13168,13169,2,0,0.08877053812960102
10587,13170,13171,5,0,0.19844974955401365
10588,13172,13173,2,1,0.53524181908057034
10589,13173,13174,2,0,0.23955231094651033
10590,13175,13176,2,0,0.11554976904239686
10591,13178,13179,1,0,0.43029691536163689
10592,13179,13180,3,0,0.035996165480124194
10593,13180,13181,3,0,0.095037741985933802
10594,13181,13182,1,0,0.18529562292498949
10595,13182,13183,3,0,0.11797818065159839
10596,13183,13184,5,0,0.13531331092033907
10597,13184,13185,3,1,0.52273136632274031
10598,13186,13187,3,0,0.20552847341584432
10599,13187,13188,1,0,0.15794520611662519
10600,13188,13189,5,1,0.78357882453652583
10601,13190,13191,4,0,0.20758874705908562
10602,13191,13192,5,0,0.064859339185384043
10603,13193,13194,5,1,0.25045872184717544
10604,13194,13195,2,0,0.13722588583602691
10605,13196,13197,1,1,0.46606055934680651
10606,13197,13198,3,0,0.074064670202456898
10607,13198,13199,1,0,0.038007651670690985
10608,13199,13200,5,0,0.036265998316860545
10609,13201,13202,4,0,0.11378308744556678
10610,13202,13203,5,0,0.14696623630088609
10611,13204,13205,1,0,0.037253268797058939
10612,13205,13206,5,0,0.17874188419942824
10613,13206,13207,5,0,0.14033742163016918
10614,13207,13208,2,0,0.13533409129064544
10615,13210,13211,4,0,0.23433123293787333
10616,13211,13212,4,0,0.42541256067442074
10617,13212,13213,5,0,0.23359565492685616
10618,13213,13214,1,0,0.048566362006618229
10619,13214,13215,5,0,0.1145861104372064
10620,13215,13216,2,0,0.040279875101967962
10621,13216,13217,4,0,0.28637293432939009
10622,13217,13218,4,0,0.24865120428038889
10623,13218,13219,3,1,0.69411527764133463
10624,13219,13220,3,0,0.37116892441666288
10625,13221,13222,2,0,0.68146547223038012
10626,13222,13223,2,0,0.30950625967613571
10627,13223,13224,2,0,0.23087385184477929
10628,13224,13225,2,0,0.035384079649783434
10629,13226,13227,1,0,0.1156792017946635
10630,13227,13228,2,0,0.19197403865481771
10631,13228,13229,3,0,0.083691793017649965
10632,13229,13230,5,0,0.26872360847112331
10633,13230,13231,5,1,0.14447458646540579
10634,13231,13232,4,1,0.84325879247496716
10635,13232,13233,2,1,0.20797852681461984
10636,13235,13236,3,1,0.29874313178655931
10637,13236,13237,2,0,0.032609207559841341
10638,13237,13238,3,0,0.12805466787148498
10639,13240,13241,2,0,0.11957409600159442
10640,13241,13242,3,0,0.032432491955991911
10641,13242,13243,2,0,0.033463958413725722
10642,13243,13244,5,0,0.35344341009648095
10643,13244,13245,2,0,0.25142652198356485
10644,13245,13246,5,0,0.037275378558158052
10645,13247,13248,4,0,0.44581215922382583
10646,13248,13249,3,0,0.11284223309223647
10647,13249,13250,1,0,0.20145675371922167
10648,13251,13252,5,0,0.036232463154232585
10649,13252,13253,1,0,0.11419989825318913
10650,13253,13254,3,1,0.51260998370862532
10651,13254,13255,3,0,0.79807015890916544
10652,13255,13256,1,0,0.06531786576252005
10653,13256,13257,5,0,0.070830135987575607
10654,13257,13258,5,0,0.29673278935055891
10655,13258,13259,5,1,0.64145663181528201
10656,13259,13260,1,1,0
10657,13261,13262,2,0,0.48844118717036833
10658,13262,13263,1,1,0.80244773383989765
10659,13263,13264,5,0,0.16376015387713505
10660,13264,13265,4,0,0.24598153144246293
10661,13265,13266,1,0,0.12603844474090703
10662,13267,13268,4,0,0.068829707958877454
10663,13268,13269,4,0,0.23267795862432764
10664,13269,13270,1,0,0.15686751160624993
10665,13270,13271,1,0,0.14964726937246708
10666,13271,13272,2,0,0.039547982226882376
10667,13273,13274,1,0,0.20479457891638139
10668,13274,13275,3,1,0.17169934132659581
10669,13275,13276,2,0,0.12413658037212706
10670,13276,13277,4,0,0
10671,13277,13278,5,0,0.19938249630654495
10672,13279,13280,3,1,0.1170642551175225
10673,13280,13281,4,0,0.20078407860512612
10674,13283,13284,1,0,0.046613776327366914
10675,13284,13285,1,0,0.41298606662015475
10676,13285,13286,3,0,0.071580238283046466
10677,13286,13287,2,0,0.28240680773317989
10678,13287,13288,3,1,0.45685504092851925
10679,13288,13289,2,0,0.076422121702814955
10680,13289,13290,4,0,0.79116195105875653
10681,13290,13291,2,0,0.41858350144352757
10682,13292,13293,5,0,0.093370811456551225
10683,13293,13294,4,0,0
10684,13294,13295,1,0,0.07729512910611068
10685,13295,13296,2,0,0.13429048959551279
10686,13296,13297,2,0,0.11633486432324124
10687,13297,13298,2,0,0.45549663326521872
10688,13298,13299,1,0,0.079272348356759698
10689,13299,13300,2,0,0.10343581890707275
10690,13300,13301,5,1,0.71959885376205235
10691,13301,13302,1,0,0.086749402922845956
10692,13302,13303,3,0,0.070494824533924555
10693,13303,13304,3,0,0.10113206666545593
10694,13306,13307,3,0,0.1560293929583591
10695,13307,13308,2,0,0.56806383861277598
10696,13308,13309,1,0,0.18971342759285262
10697,13309,13310,5,0,0.086540033973007038
10698,13310,13311,2,0,0.20334435445947147
10699,13312,13313,1,0,0.16276884234550049
10700,13313,13314,5,1,0.76277081935078894
10701,13314,13315,4,0,0.21777054958910616
10702,13315,13316,5,1,0.099979929667778245
10703,13316,13317,4,0,0.076864327953243688
10704,13317,13318,1,0,0
10705,13318,13319,1,0,0.075848328371955279
10706,13320,13321,1,0,0.038622231115402104
10707,13321,13322,2,0,0.12431943477841323
10708,13322,13323,4,1,0.36292206832929452
10709,13323,13324,1,1,0.17441638681070937
10710,13324,13325,4,0,0.077808827228035532
10711,13325,13326,1,0,0.10716192973023847
10712,13327,13328,2,0,0.13681121281172626
10713,13328,13329,3,1,0
10714,13329,13330,5,1,0.1308345918973266
10715,13330,13331,5,1,0.31604205497338267
10716,13331,13332,2,1,0.15149736744228259
10717,13333,13334,3,0,0.29400945070083329
10718,13334,13335,4,0,0.18286478266874065
10719,13335,13336,5,1,0.038228779360910292
10720,13337,13338,2,0,0.15612309942071947
10721,13338,13339,4,0,0.16963243332596223
10722,13339,13340,5,0,0.039858049886472
10723,13340,13341,4,1,0.41065883933062708
10724,13341,13342,3,0,0
10725,13343,13344,3,0,0.076168828527798951
10726,13345,13346,2,0,0.027608777444799591
10727,13346,13347,3,1,0.15517707013860338
10728,13348,13349,3,1,0.13659861830314377
10729,13351,13352,5,0,0.061486742608566895
10730,13352,13353,4,0,0.18838530963833125
10731,13353,13354,3,0,0.51413019572406393
10732,13354,13355,1,0,0.035831755980587271
10733,13356,13357,2,0,0.11902820658977295
10734,13357,13358,3,0,0.069960199606246776
10735,13358,13359,2,0,0.078576451101182831
10736,13359,13360,5,0,0.08845593653128575
10737,13360,13361,4,0,0.12824261255281671
10738,13361,13362,2,0,0.20345403406625776
10739,13363,13364,4,0,0.048273748586055321
10740,13364,13365,4,0,0.33465999083170367
10741,13365,13366,4,0,0.23967557075373577
10742,13367,13368,2,0,0.039135964016417127
10743,13368,13369,4,0,0.22975736803762714
10744,13369,13370,4,1,0.57424360075536451
10745,13370,13371,1,1,0.18348307503877082
10746,13371,13372,3,0,0.17031259823490838
10747,13372,13373,4,0,0
10748,13373,13374,5,0,0.093182235165895619
10749,13374,13375,2,0,0.40737095048944777
10750,13375,13376,4,0,0.057425404820333058
10751,13376,13377,4,0,0.16629796000046565
10752,13377,13378,5,0,0.4885529483465928
10753,13378,13379,5,0,0.12138194559083292
10754,13379,13380,4,0,0.034592926273050134
10755,13380,13381,3,1,0
10756,13381,13382,2,0,0.034379270991188385
10757,13382,13383,4,0,0.27313221456775855
10758,13383,13384,5,0,0.092284952612034898
10759,13384,13385,2,0,0.12034155166368381
10760,13385,13386,5,0,0.10255137668608415
10761,13386,13387,4,0,0.11034405867540599
10762,13387,13388,3,1,0.15989148474146511
10763,13388,13389,5,0,0.45236118768986811
10764,13391,13392,1,0,0.14123536211719528
10765,13393,13394,2,0,0.062130070567477443
10766,13394,13395,1,0,0.079176829090763637
10767,13395,13396,5,0,0.044325728353801531
10768,13396,13397,5,0,0.12704810500141295
10769,13397,13398,1,0,0.14987607068270936
10770,13398,13399,5,0,0.076697037182448358
10771,13400,13401,3,1,0.72112205275187524
10772,13402,13403,5,0,0.037240436708583832
10773,13403,13404,2,0,0.081258637181847088
10774,13404,13405,5,1,0.039274829835847798
10775,13405,13406,1,1,0.54451538476444095
10776,13406,13407,3,1,0.86432928763458605
10777,13407,13408,4,0,0.082378488520475343
10778,13408,13409,4,0,0.19173134518695883
10779,13409,13410,3,0,0.68794004314015977
10780,13410,13411,3,0,0.12030595524552881
10781,13413,13414,3,1,0.22669500966356779
10782,13415,13416,5,0,0.11873999056810129
10783,13416,13417,1,0,0.038776628995195038
10784,13417,13418,4,1,0.5607299220600015
10785,13418,13419,5,0,0.11970063340012563
10786,13419,13420,4,1,0.21816984665485811
10787,13420,13421,4,0,0
10788,13421,13422,5,0,0.80282692826422453
10789,13422,13423,5,1,0.21186123348452593
10790,13424,13425,4,0,0.30784715292480808
10791,13426,13427,3,0,0.13483354482118584
10792,13427,13428,4,0,0.11876729218261793
10793,13428,13429,4,0,0.69281860672960527
10794,13429,13430,2,0,0.15488563766122834
10795,13430,13431,3,1,0.53634961141335136
10796,13431,13432,2,0,0.21138687568108366
10797,13432,13433,4,1,0.35137430158735772
10798,13435,13436,5,0,0.037245794303299759
10799,13437,13438,4,0,0
10800,13438,13439,3,0,0.47882553527802285
10801,13439,13440,3,0,0.11899844743924556
10802,13440,13441,2,1,0.67698597650676362
10803,13441,13442,1,0,0.16169825421582845
10804,13442,13443,2,0,0.27665051220871878
10805,13443,13444,5,0,0.20255526643225008
10806,13444,13445,2,1,0.72937793967991837
10807,13445,13446,2,0,0.045093093605334721
10808,13446,13447,4,0,0.19342515626363443
10809,13447,13448,5,0,0
10810,13448,13449,4,0,0.21465581231945421
10811,13449,13450,5,0,0.039691552467973602
10812,13450,13451,1,0,0.6469992917692523
10813,13451,13452,5,0,0.22881226171145236
10814,13452,13453,1,1,0.69830070282530077
10815,13454,13455,2,0,0.51717917283341008
10816,13455,13456,3,0,0.61247433125317952
10817,13456,13457,4,0,0.064665181877758104
10818,13457,13458,5,0,0.20670201840227123
10819,13458,13459,3,1,0.11864448724749781
10820,13459,13460,1,0,0
10821,13460,13461,2,0,0.11533573975242113
10822,13462,13463,2,0,0.068703391365651387
10823,13463,13464,2,0,0.30906572790227582
10824,13464,13465,1,1,0.3271911638467056
10825,13465,13466,1,0,0.15051412195941888
10826,13466,13467,5,0,0.35573069158639253
10827,13467,13468,3,0,0.26882017851569345
10828,13468,13469,4,1,0.78182736672693343
10829,13469,13470,2,0,0.4302555656994661
10830,13470,13471,3,1,0.16958047873865664
10831,13471,13472,2,0,0.12693295842093164
10832,13472,13473,5,0,0.12749239989238811
10833,13474,13475,4,0,0.041709544018393323
10834,13475,13476,2,0,0.36634987265480851
10835,13476,13477,5,0,0
10836,13477,13478,4,1,0
10837,13480,13481,3,0,0.029833746666292738
10838,13481,13482,5,0,0.23302282174531158
10839,13482,13483,1,0,0.10107895574213649
10840,13484,13485,1,0,0.3345227754058519
10841,13486,13487,3,0,0.50248708568506384
10842,13488,13489,3,1,0.81621885229688063
10843,13489,13490,5,0,0.28457014983997997
10844,13490,13491,2,0,0.27095253059150004
10845,13491,13492,5,0,0.16568541747892052
10846,13493,13494,4,0,0.038953824270719521
10847,13494,13495,1,0,0
10848,13495,13496,1,0,0.16680109038138871
10849,13496,13497,1,0,0.080063267887291928
10850,13498,13499,3,1,0.74201189827003322
10851,13499,13500,3,0,0.072220449081819835
10852,13500,13501,1,1,0.71355135755903287
10853,13501,13502,4,0,0.16314519333434963
10854,13502,13503,3,0,0.24409414477502425
10855,13505,13506,1,0,0.22835619793321682
10856,13506,13507,3,0,0
10857,13507,13508,5,0,0.37278290615607496
10858,13508,13509,4,0,0.36784604337828253
10859,13509,13510,5,0,0.19859227011241462
10860,13510,13511,4,1,0.22886764519575226
10861,13511,13512,1,0,0.267718950945043
10862,13512,13513,2,1,0.1240538865363971
10863,13513,13514,5,1,0.13695227735733748
10864,13514,13515,2,0,0.35712024066861653
10865,13515,13516,5,1,0.31962979558001214
10866,13516,13517,5,0,0.41665854631847216
10867,13518,13519,5,0,0.042831167960056996
10868,13519,13520,2,0,0.095585151647881034
10869,13520,13521,5,0,0
10870,13521,13522,5,0,0.045778064096194324
10871,13523,13524,4,0,0.14502580319248953
10872,13524,13525,3,0,0.1559422052479793
10873,13525,13526,5,0,0.15571525735895311
10874,13526,13527,1,1,0.4500052454271633
10875,13527,13528,3,0,0.19790654446361028
10876,13528,13529,4,0,0.5976773904344409
10877,13529,13530,5,0,0.17842797527851764
10878,13531,13532,3,1,0.52452157147336376
10879,13532,13533,5,0,0.04321381264128972
10880,13535,13536,2,0,0.12347560748426706
10881,13536,13537,4,0,0.037375271611311524
10882,13537,13538,3,0,0.11859154332114361
10883,13539,13540,1,1,0.11316974801125923
10884,13540,13541,5,0,0.2717582432304545
10885,13541,13542,1,1,0.14882983073106915
10886,13542,13543,5,0,0
10887,13543,13544,2,0,0.11687961988533765
10888,13544,13545,2,0,0.28199375524140252
10889,13545,13546,1,0,0.3940872841293408
10890,13546,13547,5,0,0.16126711090489279
10891,13547,13548,3,0,0.17488239177646697
10892,13548,13549,5,1,0.1269045175739501
10893,13549,13550,3,0,0.21185172961235788
10894,13550,13551,1,0,0.048184476580365308
10895,13551,13552,5,0,0.17821196335338599
10896,13552,13553,2,1,0.16055245033686222
10897,13554,13555,2,0,0.20305885291690723
10898,13555,13556,5,1,0.041943002030681659
10899,13556,13557,5,0,0
10900,13557,13558,2,1,0.073992974815426341
10901,13558,13559,5,1,0.19430376978845665
10902,13559,13560,4,0,0.16195573738831276
10903,13560,13561,4,1,0.12137650716924246
10904,13561,13562,5,1,0.54840329788788844
10905,13562,13563,4,0,0.15476289333696688
10906,13563,13564,2,1,0.18374425874452061
10907,13564,13565,1,0,0.4871659109904472
10908,13565,13566,2,0,0.092390123997041732
10909,13566,13567,1,0,0.16019555719681552
10910,13567,13568,5,0,0.081678369994960837
10911,13568,13569,5,0,0.20048330211270196
10912,13569,13570,5,0,0.48317017040814347
10913,13570,13571,3,1,0.41693452368865802
10914,13571,13572,4,0,0.11273378913254935
10915,13572,13573,5,0,0.033741197211994131
10916,13575,13576,3,1,0.65594703928903164
10917,13577,13578,5,1,0.29871987624874952
10918,13578,13579,4,1,0.36177966788600591
10919,13579,13580,1,0,0.16072374914458687
10920,13580,13581,2,0,0.16733415277405045
10921,13582,13583,1,0,0
10922,13583,13584,1,0,0.43995250457661389
10923,13584,13585,1,0,0.60168009923856491
10924,13585,13586,5,0,0.077717476870453356
10925,13587,13588,1,0,0.07415024656466418
10926,13588,13589,3,0,0.057662179913307
10927,13589,13590,4,0,0
10928,13590,13591,2,0,0.26849499844924329
10929,13592,13593,3,0,0.16009974381383418
10930,13593,13594,3,0,0.12245496450893037
10931,13594,13595,3,0,0.14981269489897223
10932,13596,13597,5,0,0.077770601025811278
10933,13597,13598,2,1,0.10522108682303941
10934,13598,13599,3,0,0.22927788604865332
10935,13599,13600,3,0,0.11164827194477479
10936,13601,13602,5,0,0.082135053366437047
10937,13604,13605,1,1,0.26298778953654672
10938,13605,13606,3,1,0.83666374855870829
10939,13606,13607,3,0,0.12791631657670774
10940,13607,13608,5,0,0
10941,13608,13609,1,0,0.079070554186347702
10942,13609,13610,1,0,0.036754714549822556
10943,13610,13611,4,0,0.032492567433609058
10944,13611,13612,1,0,0.076687810089825739
10945,13612,13613,2,0,0.10258175753777712
10946,13613,13614,3,1,0.075164740026851945
10947,13614,13615,3,0,0.07658004983092051
10948,13615,13616,5,0,0.076099541533174608
10949,13616,13617,5,0,0.19441585347791498
10950,13618,13619,3,0,0.29005850834929692
10951,13622,13623,5,0,0.20068783958069114
10952,13623,13624,4,1,0.48490768516292954
10953,13624,13625,5,0,0.041138695567609858
10954,13626,13627,2,0,0.17613880870074963
10955,13627,13628,1,0,0.50673644336651913
10956,13629,13630,2,0,0.18124162654224762
10957,13630,13631,3,0,0.073926526491130518
10958,13631,13632,4,0,0.26350643038551058
10959,13632,13633,2,0,0.065497626928148048
10960,13633,13634,5,0,0.1248258558073083
10961,13634,13635,2,1,0.067524247184432853
10962,13635,13636,2,1,0.49319633208836278
10963,13636,13637,5,1,0.1245000353137741
10964,13637,13638,4,0,0.082210952674741003
10965,13639,13640,1,1,0.62973129621940316
10966,13640,13641,4,1,0.58586688553084743
10967,13641,13642,5,0,0.029756660873664884
10968,13642,13643,4,0,0.031050334065056185
10969,13643,13644,5,0,0.1812364851925459
10970,13644,13645,3,0,0.20782872362220262
10971,13645,13646,2,0,0.11682069068620365
10972,13646,13647,1,0,0.28646089829238586
10973,13648,13649,4,0,0.045240203496939017
10974,13650,13651,1,0,0.21170039228499651
10975,13652,13653,3,0,0.037676420242873036
10976,13653,13654,1,0,0.58175742801227726
10977,13654,13655,4,0,0.1160436502836788
10978,13655,13656,1,1,0.5952299353421977
10979,13657,13658,2,0,0.10904322978924658
10980,13658,13659,2,0,0.066499215448113519
10981,13659,13660,2,0,0.081529372104833867
10982,13660,13661,3,0,0.072034701271963042
10983,13662,13663,1,0,0.12478031298118658
10984,13663,13664,4,1,0.16474032448883619
10985,13665,13666,4,0,0.38663740615511721
10986,13666,13667,1,0,0.11857024842715579
10987,13669,13670,2,0,0.119363064101278
10988,13671,13672,4,0,0.090266191987687483
10989,13672,13673,4,0,0.12980359991471324
10990,13673,13674,5,1,0.19317546490135382
10991,13674,13675,2,1,0.56973909417948521
10992,13675,13676,3,0,0.1905902870064671
10993,13676,13677,2,0,0.72167618649484211
10994,13677,13678,3,0,0.17691741871469993
10995,13679,13680,2,1,0.45033604271878691
10996,13681,13682,2,0,0.15412586539566803
10997,13682,13683,3,0,0.040060636131987411
10998,13683,13684,1,0,0.14957196457735192
10999,13684,13685,2,0,0.12424349923975414
11000,13685,13686,3,0,0.17428103593219549
11001,13686,13687,1,0,0.073593375690009677
11002,13687,13688,5,0,0.080105996525116324
11003,13688,13689,3,0,0.031647347906931009
11004,13689,13690,5,1,0.63545025256559895
11005,13690,13691,4,0,0.14581125479396026
11006,13691,13692,2,0,0.038160966606991552
11007,13692,13693,1,0,0.04083788701727753
11008,13693,13694,4,0,0.18664804486513889
11009,13694,13695,3,0,0.039275160437714327
11010,13697,13698,2,0,0.12066422531517439
11011,13698,13699,1,0,0.079941670235025367
11012,13699,13700,3,0,0.11850459279471585
11013,13700,13701,5,0,0.14029299382231894
11014,13701,13702,4,0,0.031741280715720951
11015,13703,13704,5,0,0.32639388258008867
11016,13707,13708,1,0,0.035510496515708374
11017,13708,13709,1,0,0.079312309347123133
11018,13709,13710,2,0,0.064958312446954811
11019,13710,13711,4,0,0.033516052873686808
11020,13711,13712,2,1,0.88845111043818004
11021,13712,13713,1,1,0.41488628964900792
11022,13713,13714,1,1,0.12359876271759894
11023,13714,13715,2,0,0.40763604170054885
11024,13715,13716,1,0,0.069847754885458274
11025,13718,13719,2,0,0.2703637146696119
11026,13721,13722,4,0,0.16771842327930114
11027,13722,13723,4,0,0.12661487020986947
11028,13723,13724,3,0,0.25809904283534979
11029,13725,13726,3,0,0.20986006826495535
11030,13727,13728,3,0,0.032401680188213586
11031,13728,13729,1,0,0.035670732159180076
11032,13729,13730,4,0,0.27387805193332837
11033,13731,13732,3,0,0.32552033990846446
11034,13733,13734,2,0,0.18466844406273067
11035,13734,13735,1,0,0.16909852956104998
11036,13735,13736,1,1,0.35908406509045399
11037,13736,13737,5,0,0.5648554264325778
11038,13738,13739,4,0,0.69664968394477822
11039,13740,13741,3,0,0.039378390732650002
11040,13742,13743,5,0,0.041151030350245643
11041,13743,13744,3,1,0.89789311899258928
11042,13744,13745,2,1,0.81248565082451185
11043,13746,13747,5,0,0.31191129553941094
11044,13747,13748,3,0,0.03356833776719928
11045,13748,13749,1,0,0.16111723199944233
11046,13750,13751,5,0,0.12131376687321999
11047,13751,13752,1,0,0.060813679402507148
11048,13752,13753,4,0,0.036841450234603147
11049,13753,13754,3,1,0.37249792025921835
11050,13754,13755,2,0,0.14443911470838808
11051,13755,13756,1,0,0.032172194819431565
11052,13756,13757,5,0,0.076389225703149807
11053,13757,13758,1,1,0.11417056561440288
11054,13758,13759,3,0,0.14524432583833871
11055,13759,13760,4,0,0.59717319227517185
11056,13760,13761,1,0,0.25089493020445375
11057,13761,13762,1,0,0
11058,13762,13763,4,0,0
11059,13763,13764,5,0,0.12057145517674697
11060,13764,13765,3,1,0.26585706875740311
11061,13765,13766,5,0,0.2429360357238057
11062,13766,13767,4,0,0.10657416461310264
11063,13768,13769,1,0,0
11064,13769,13770,3,0,0.17650469331799337
11065,13771,13772,4,1,0.20212179604046812
11066,13772,13773,4,1,0.86825680197915844
11067,13773,13774,4,0,0.1933653761458087
11068,13774,13775,1,0,0.12739665342698139
11069,13775,13776,2,0,0.037447833541541811
11070,13776,13777,2,1,0.40088804585772009
11071,13777,13778,4,0,0
11072,13778,13779,2,1,0.67357689762246697
11073,13780,13781,3,1,0.4009174100852701
11074,13781,13782,2,0,0.10479379450829766
11075,13782,13783,2,1,0.35916634242216272
11076,13783,13784,1,1,0.67461693975887149
11077,13784,13785,5,0,0.078678581058028524
11078,13785,13786,3,1,0.64768505115081798
11079,13787,13788,5,0,0.19556594408251873
11080,13788,13789,4,0,0.04003364801727425
11081,13789,13790,2,0,0.24760998331554465
11082,13790,13791,5,0,0.12070833207134647
11083,13791,13792,3,0,0.62917166293432913
11084,13792,13793,5,0,0.2492057779346844
11085,13795,13796,3,0,0.12041717975938809
11086,13796,13797,1,1,0.040258408168310673
11087,13798,13799,3,0,0.1734398144209198
11088,13799,13800,1,0,0.26905743557392581
11089,13802,13803,4,1,0.35436359612255985
11090,13803,13804,5,1,0.66546510656545932
11091,13804,13805,2,0,0.07916769554637082
11092,13806,13807,2,1,0.62069996529140892
11093,13807,13808,5,0,0.47046367660012972
11094,13808,13809,5,0,0.076309989663345859
11095,13810,13811,3,0,0.75244150633732099
11096,13812,13813,3,0,0.12476651755540349
11097,13813,13814,2,0,0.31398909556920224
11098,13814,13815,3,0,0.037409896376761453
11099,13815,13816,5,0,0.12184437827620867
11100,13816,13817,3,0,0.38624634936725827
11101,13817,13818,1,0,0.22013853808500125
11102,13818,13819,5,0,0.069931600825829346
11103,13819,13820,2,1,0.21493225806698607
11104,13820,13821,2,0,0.2185265420622004
11105,13821,13822,3,0,0.10596395731258729
11106,13822,13823,2,1,0.03982040314564704
11107,13824,13825,5,1,0.40456113210529998
11108,13826,13827,1,0,0.03455257963633783
11109,13827,13828,3,0,0.036746755910554908
11110,13829,13830,1,1,0.45449106960641567
11111,13830,13831,4,0,0.10012750902054698
11112,13831,13832,4,0,0
11113,13832,13833,2,0,0.15536632456919389
11114,13834,13835,3,0,0.17317818239700425
11115,13835,13836,2,0,0.12345458428802854
11116,13836,13837,4,0,0.22683011711342985
11117,13838,13839,1,1,0.43948100129634254
11118,13839,13840,5,1,0.43677292503517084
11119,13840,13841,1,1,0.28571352806995443
11120,13842,13843,2,1,0.31832656671438148
11121,13843,13844,1,0,0.19674786827963972
11122,13844,13845,3,0,0.33716880314807535
11123,13845,13846,3,0,0.082155173375379073
11124,13846,13847,5,0,0.15030108216511645
11125,13847,13848,5,0,0.75303621367694862
11126,13848,13849,2,0,0.60862428950237191
11127,13850,13851,5,0,0.071901700416182213
11128,13851,13852,4,1,0.37451282064074531
11129,13853,13854,2,0,0.032775925241761254
11130,13854,13855,4,1,0.32252918594151875
11131,13855,13856,5,0,0.18493722875592419
11132,13856,13857,3,1,0.26008309305539923
11133,13857,13858,4,0,0.31793106022348655
11134,13858,13859,1,0,0.24689204341801232
11135,13859,13860,4,0,0.17001402507988017
11136,13863,13864,4,0,0.1900080975698753
11137,13864,13865,5,1,0.76306057521199755
11138,13865,13866,3,0,0.21081903730899587
11139,13868,13869,1,0,0.26153862216602208
11140,13870,13871,3,0,0.065732658446449821
11141,13871,13872,3,0,0.23716677819235574
11142,13873,13874,5,0,0.039384583980727583
11143,13875,13876,5,1,0.067590544442601347
11144,13878,13879,1,1,0.52684849760170693
11145,13880,13881,3,1,0.11948702956521971
11146,13882,13883,1,0,0.17976016704919598
11147,13883,13884,2,1,0.16252065144401742
11148,13884,13885,4,1,0.43810579392496474
11149,13885,13886,1,0,0.093306757425582657
11150,13886,13887,4,0,0.077849573006438438
11151,13887,13888,1,0,0.177146838442898
11152,13888,13889,5,0,0.083737099695133127
11153,13889,13890,5,0,0.16026704993546273
11154,13890,13891,2,0,0.11936152419701836
11155,13891,13892,1,0,0.24602354733008094
11156,13892,13893,4,1,0.65897255052672454
11157,13893,13894,3,0,0.10382813282530159
11158,13894,13895,2,0,0.032239524215669779
11159,13895,13896,1,1,0.36948728738977599
11160,13896,13897,3,1,0.037995139006725659
11161,13897,13898,5,0,0.73734643943895539
11162,13898,13899,1,0,0.033371236823874925
11163,13899,13900,5,0,0.15909845803499839
11164,13901,13902,5,0,0.39583454027495557
11165,13902,13903,3,1,0.12196580367752118
11166,13904,13905,5,1,0.72011681487628831
11167,13906,13907,4,0,0.077735462054516813
11168,13907,13908,2,0,0.10682840605256164
11169,13908,13909,1,0,0.75879317617984487
11170,13909,13910,2,0,0.15369401827548645
11171,13910,13911,4,1,0.029638084619820058
11172,13911,13912,1,0,0.12584135195314805
11173,13912,13913,3,0,2.7241226487085734e-06
11174,13913,13914,5,0,0.084624501081884268
11175,13914,13915,4,0,0.30437957193847254
11176,13916,13917,5,1,0.16555504155823875
11177,13917,13918,1,0,0.038544606893036008
11178,13919,13920,4,0,0.1036626686486882
11179,13921,13922,4,0,0.12729035296819061
11180,13923,13924,3,0,0.038912485005040992
11181,13924,13925,3,0,0.072824545590523038
11182,13925,13926,3,1,0.42823834154353019
11183,13927,13928,5,0,0.083734868055571593
11184,13928,13929,1,0,0.18809869261554255
11185,13929,13930,3,0,0.11684134543402099
11186,13930,13931,1,0,0.3055381155094582
11187,13931,13932,3,0,0.10692844226688909
11188,13934,13935,4,0,0.20693335041004929
11189,13935,13936,2,0,0.42134004739187203
11190,13936,13937,2,0,0.16757776907634897
11191,13937,13938,2,0,0.86247367361528593
11192,13939,13940,5,0,0.26456633295490206
11193,13940,13941,1,0,0.036941842431563607
11194,13944,13945,3,0,0.51575281645091553
11195,13945,13946,3,0,0.15003780308760931
11196,13946,13947,2,0,0.38136697311827766
11197,13947,13948,3,0,0.15609552979186442
11198,13948,13949,2,1,0.0830557569360654
11199,13949,13950,5,0,0.56030931284368723
11200,13950,13951,4,0,0
11201,13951,13952,1,1,0.56081140524567119
11202,13952,13953,2,0,0.23733611288665341
11203,13955,13956,5,0,0.17824206683889426
11204,13957,13958,4,0,0.63328079818770611
11205,13958,13959,4,0,0.036061179627102001
11206,13959,13960,2,0,0.16475988497412919
11207,13961,13962,1,0,0.037714227207833059
11208,13962,13963,1,1,0.58873003113258804
11209,13963,13964,3,0,0.04170170334565531
11210,13965,13966,1,0,0.03574819212713231
11211,13967,13968,4,0,0.24842597490145513
11212,13970,13971,2,0,0.27843960182099514
11213,13971,13972,1,0,0
11214,13972,13973,5,1,0.21376570809021839
11215,13974,13975,2,0,0.023090416716856473
11216,13975,13976,2,0,0.077955213418175823
11217,13976,13977,3,0,0.068307485522447309
11218,13977,13978,1,0,0.030366286184057397
11219,13978,13979,2,0,0.087615789168577748
11220,13981,13982,5,0,0.064141900138688007
11221,13982,13983,3,0,0.067073585921121434
11222,13983,13984,3,0,0.12237549147870622
11223,13984,13985,3,0,0.038944221084699707
11224,13985,13986,4,0,0.20597772903926395
11225,13986,13987,2,0,0.10835915791543249
11226,13987,13988,1,0,0.55766219267762429
11227,13988,13989,2,0,0.17862120360210781
11228,13989,13990,3,0,0
11229,13991,13992,4,1,0.71165429276869363
11230,13992,13993,1,1,0.37830861919473724
11231,13993,13994,3,0,0.094872947265781077
11232,13994,13995,4,1,0.38713334128187304
11233,13996,13997,4,0,0
11234,13999,14000,5,0,0.13688926822937789
11235,14000,14001,5,0,0.26206209926567398
11236,14001,14002,1,0,0
11237,14002,14003,3,0,0.22740151940293959
11238,14003,14004,3,0,0.11282362255693934
11239,14004,14005,1,0,0.11350084001445977
11240,14006,14007,1,0,0.041771048325120338
11241,14009,14010,5,0,0.1423439996524074
11242,14010,14011,3,0,0.20767798929421633
11243,14011,14012,5,0,0.081288414806819295
11244,14012,14013,1,0,0.16967308787834828
11245,14013,14014,4,1,0.034798537792208303
11246,14014,14015,1,0,0.046566098471773773
11247,14015,14016,5,0,0
11248,14016,14017,3,0,0.34162519950549025
11249,14017,14018,1,1,0.70988439725572028
11250,14018,14019,4,0,0.26028167819369336
11251,14019,14020,2,0,0
11252,14020,14021,2,1,0
11253,14021,14022,4,0,0.17317637879894326
11254,14022,14023,4,0,0.59142898656179754
11255,14023,14024,3,0,0.11269635496402074
11256,14024,14025,5,0,0.29107851979479105
11257,14025,14026,1,1,0.51144615320695952
11258,14027,14028,5,0,0.2849869287169125
11259,14028,14029,1,0,0.083739375583646927
11260,14029,14030,2,0,0.20130229116645937
11261,14032,14033,3,0,0.075173999470293087
11262,14033,14034,5,0,0.22305101513374742
11263,14034,14035,3,1,0.07364291996326823
11264,14035,14036,3,0,0.037893582277891559
11265,14036,14037,2,1,0.52075877256420422
11266,14037,14038,3,0,0.033071554129355418
11267,14038,14039,2,0,0.17087456598062561
11268,14039,14040,5,0,0.26716949703951526
11269,14040,14041,3,0,0.07360217038055844
11270,14042,14043,2,1,0.27881697304894265
11271,14043,14044,3,0,0
11272,14044,14045,4,1,0.424771880738681
11273,14045,14046,2,0,0.22542548207862836
11274,14046,14047,2,0,0.13505063400264333
11275,14047,14048,4,0,0.15054131188504075
11276,14048,14049,3,0,0.3205515213121794
11277,14050,14051,3,0,0.073395725711116105
11278,14052,14053,5,0,0.25948782171570134
11279,14053,14054,5,0,0.26087884914685128
11280,14055,14056,3,0,0.18738255722983746
11281,14056,14057,2,0,0.040790060666164495
11282,14057,14058,1,0,0
11283,14059,14060,4,0,0.18996529778010282
11284,14060,14061,3,0,0.38651573422264129
11285,14061,14062,3,0,0.15771060810817347
11286,14062,14063,3,1,0.79614823072052543
11287,14063,14064,2,1,0.17259926509979798
11288,14064,14065,1,1,0.2643010906370632
11289,14065,14066,3,0,0.12790635900492761
11290,14066,14067,3,0,0.61858786249007891
11291,14067,14068,5,0,0.12222999547832732
11292,14068,14069,3,0,0.07223723003426516
11293,14069,14070,3,0,0.22632075350446113
11294,14070,14071,2,0,0.080213435203783628
11295,14072,14073,5,1,0.1585064239806741
11296,14073,14074,1,0,0.12422410355496953
11297,14075,14076,3,0,0.13703247115439743
11298,14076,14077,1,0,0.11100983507412834
11299,14078,14079,3,0,0.083145927272910244
11300,14079,14080,3,0,0.062259231810226273
11301,14081,14082,1,1,0.72200262878350141
11302,14082,14083,3,0,0.16343114712174409
11303,14083,14084,1,1,0.03448915772201095
11304,14084,14085,3,1,0.6175059486476665
11305,14085,14086,3,0,0.2548021817791033
11306,14086,14087,4,0,0.36602284660363132
11307,14087,14088,2,0,0.20188926753190953
11308,14090,14091,4,0,0
11309,14091,14092,5,0,0.44180821762541084
11310,14092,14093,4,0,0.035670571454470994
11311,14093,14094,2,0,0.077134549183285647
11312,14094,14095,1,0,0.1167237430074418
11313,14095,14096,2,0,0.034377558591427521
11314,14096,14097,4,1,0.84624036887029652
11315,14097,14098,4,0,0.41360881987359649
11316,14098,14099,3,1,0.39136006174548116
11317,14099,14100,5,0,0.041255119639146638
11318,14100,14101,1,0,0.094388381664793644
11319,14101,14102,3,0,0.12209979996636024
11320,14102,14103,1,0,0.068539786866929006
11321,14103,14104,4,0,0.11737015954901857
11322,14104,14105,3,0,0.22138886316468009
11323,14105,14106,5,0,0.036973137875324628
11324,14106,14107,3,0,0.07941095527451171
11325,14108,14109,2,0,0.28424714796704553
11326,14109,14110,4,0,0.1653887642832543
11327,14110,14111,2,0,0.16078424133295766
11328,14111,14112,1,0,0.11852373466604217
11329,14112,14113,2,0,0.076564353444015743
11330,14113,14114,5,1,0.48527226856545824
11331,14114,14115,3,0,0.198612898000537
11332,14115,14116,1,1,0.19295843357090359
11333,14116,14117,2,0,0.1400191200260287
11334,14117,14118,5,0,0.60026803831910658
11335,14118,14119,4,0,0
11336,14119,14120,4,0,0.090497471192140438
11337,14120,14121,3,0,0.12286512244797812
11338,14121,14122,5,0,0.09267032868269548
11339,14122,14123,5,0,0.21110862955878001
11340,14123,14124,1,0,0.060044637730481694
11341,14124,14125,5,0,0.26400566750440452
11342,14126,14127,4,0,0.042472230029751694
11343,14127,14128,3,1,0.15904377928955363
11344,14128,14129,1,0,0.25327928493516638
11345,14129,14130,2,0,0.20277560338544232
11346,14130,14131,5,0,0
11347,14131,14132,5,0,0.27741388751409907
11348,14132,14133,4,1,0.41453568764716858
11349,14133,14134,5,0,0.11639284640063849
11350,14134,14135,5,0,0.16857203044661795
11351,14135,14136,3,0,0.038085478656480036
11352,14136,14137,4,0,0.39867244849318206
11353,14139,14140,5,1,0.48326253366022975
11354,14141,14142,3,1,0.17873220510616494
11355,14142,14143,1,0,0.088427131650578236
11356,14143,14144,3,1,0.67013052045513166
11357,14144,14145,4,1,0.21170157541898968
11358,14145,14146,4,0,0
11359,14146,14147,3,0,0.22758687316568937
11360,14147,14148,4,0,0.069308143597534566
11361,14148,14149,1,0,0.52017849291631058
11362,14149,14150,5,0,0.03841059789209153
11363,14150,14151,5,1,0.47721968080324434
11364,14152,14153,4,0,0.22230679830722741
11365,14154,14155,4,0,0
11366,14155,14156,4,0,0.18225772051002073
11367,14156,14157,2,0,0.11651815124483039
11368,14157,14158,2,0,0.23326470116174308
11369,14158,14159,3,1,0.3614598408483824
11370,14160,14161,3,1,0.18846373535483502
11371,14162,14163,1,0,0.26893801129292233
11372,14163,14164,2,0,0.1156671102120499
11373,14164,14165,4,0,0
11374,14166,14167,1,0,0.28374480232058258
11375,14169,14170,2,0,0.27347822200273852
11376,14170,14171,2,0,0
11377,14171,14172,3,1,0.16837843146654444
11378,14172,14173,4,0,0.042660983635202362
11379,14173,14174,4,0,0.28795951786151203
11380,14174,14175,3,1,0.68912567215669462
11381,14175,14176,3,0,0.076326077098902045
11382,14177,14178,1,0,0.1869174650550546
11383,14178,14179,1,1,0.37904043976619345
11384,14179,14180,1,1,0.18236091900814685
11385,14180,14181,5,0,0.24158649114236935
11386,14181,14182,2,1,0.13221498969782405
11387,14182,14183,3,0,0.14946838707110582
11388,14183,14184,2,0,0.0514164176653399
11389,14184,14185,5,0,0.15634817811455323
11390,14186,14187,1,1,0.28192984180867003
11391,14189,14190,2,0,0.15742732027714626
11392,14190,14191,5,0,0.30991443558338477
11393,14191,14192,3,1,0.56041702935780813
11394,14194,14195,4,1,0.21775995540804507
11395,14195,14196,5,1,0.25003011241370493
11396,14197,14198,4,0,0.039792182075751317
11397,14199,14200,2,0,0.038605460300815402
11398,14200,14201,2,0,0.45530202583542378
11399,14201,14202,2,1,0.24403499931839676
11400,14202,14203,3,0,0.11149720591842319
11401,14203,14204,3,1,0.042539904764233097
11402,14205,14206,2,0,0.064008588657847698
11403,14206,14207,3,0,0.22243741244138387
11404,14207,14208,3,0,0.20447218874905573
11405,14208,14209,2,0,0.040024806843817547
11406,14209,14210,3,0,0.11855181696777063
11407,14210,14211,5,0,0.16735631888546007
11408,14211,14212,3,1,0.11415917125917921
11409,14212,14213,2,0,0.19969246675888297
11410,14215,14216,3,0,0.28226539796745698
11411,14216,14217,5,1,0.28119445577256563
11412,14217,14218,3,0,0
11413,14218,14219,3,0,0.30720917473874859
11414,14219,14220,2,1,0.094616328085049356
11415,14221,14222,1,0,0.13964080670152532
11416,14222,14223,1,0,0.28526375360192757
11417,14226,14227,3,1,0.45612154080144213
11418,14227,14228,4,0,0.14404465067418942
11419,14228,14229,3,0,0.31024552128032579
11420,14229,14230,1,0,0.034109812589559807
11421,14230,14231,5,1,0.055327682377432498
11422,14231,14232,5,0,0.32002281013529937
11423,14232,14233,4,0,0.16987668274225201
11424,14233,14234,5,0,0.31670112685587476
11425,14235,14236,5,0,0.080186591847365707
11426,14236,14237,4,0,0
11427,14237,14238,5,1,0.1107548213189808
11428,14239,14240,2,0,0.081502349224269202
11429,14241,14242,3,0,0.12116348181375669
11430,14242,14243,4,0,0.068800745020092077
11431,14243,14244,2,0,0
11432,14244,14245,3,1,0.84521848917810394
11433,14245,14246,1,0,0
11434,14246,14247,3,0,0.14719672550055529
11435,14247,14248,5,1,0.12023614910564712
11436,14248,14249,2,0,0.1275616426067433
11437,14249,14250,3,0,0
11438,14250,14251,1,0,0.16716710766228002
11439,14252,14253,3,0,0.16742196607866011
11440,14253,14254,4,0,0.073750803009651089
11441,14255,14256,1,0,0
11442,14256,14257,1,0,0.11277794407943265
11443,14257,14258,2,0,0.11989120537030371
11444,14258,14259,4,1,0.76037706878420352
11445,14259,14260,1,0,0.39534683497698375
11446,14260,14261,4,0,0.13243206156173162
11447,14262,14263,5,0,0.31883361546214856
11448,14264,14265,4,0,0.1556676520072999
11449,14265,14266,1,0,0.033010272565699009
11450,14266,14267,5,0,0.076990364329865973
11451,14267,14268,3,0,0.1816583943588799
11452,14268,14269,4,0,0.27176564806145492
11453,14269,14270,3,0,0
11454,14270,14271,5,1,0.15872892937255723
11455,14271,14272,1,0,0.032732471817267766
11456,14272,14273,2,1,0.21413605356284154
11457,14273,14274,5,0,0.20678950826847833
11458,14274,14275,3,0,0.12250149354112785
11459,14275,14276,2,0,0.15857017930018427
11460,14276,14277,5,1,0.24036080335441953
11461,14278,14279,5,1,0.55492972391266193
11462,14280,14281,2,1,0.60637667765532655
11463,14282,14283,2,0,0.04377956379954312
11464,14283,14284,2,0,0.080868328800551614
11465,14284,14285,4,0,0.26905027303486556
11466,14286,14287,1,0,0.16829825232860662
11467,14287,14288,2,0,0.10599804947060842
11468,14288,14289,3,1,0.68903205596007633
11469,14289,14290,2,0,0.070705872709538348
11470,14290,14291,4,0,0.31680375175538672
11471,14291,14292,2,0,0.072670343313056426
11472,14292,14293,3,1,0.2153547256719372
11473,14293,14294,5,1,0.29633138856366964
11474,14294,14295,2,1,0.50000035717973146
11475,14295,14296,4,0,0.23237518472336352
11476,14296,14297,1,0,0.14957276787047694
11477,14297,14298,2,0,0.30258620940275538
11478,14298,14299,2,0,0.38441681684105683
11479,14299,14300,3,0,0.040360558160024415
11480,14300,14301,2,0,0.11932534833395886
11481,14301,14302,2,0,0.23610191127728744
11482,14302,14303,4,0,0.19692310115985801
11483,14305,14306,1,0,0.26848242819169138
11484,14306,14307,3,0,0
11485,14309,14310,1,1,0.04813086847906619
11486,14310,14311,5,0,0.077372042422921353
11487,14311,14312,3,1,0.37500124408082058
11488,14312,14313,5,1,0.33874900478494741
11489,14313,14314,5,1,0.19942060808212514
11490,14314,14315,2,1,0.93275332551614343
11491,14315,14316,5,0,0.15853125220709802
11492,14316,14317,3,0,0.034252705281726782
11493,14317,14318,2,0,0.13667417946499183
11494,14320,14321,4,0,0.070485411109187407
11495,14321,14322,3,0,0.081514056967606288
11496,14322,14323,2,0,0.078360687249672878
11497,14323,14324,3,0,0
11498,14324,14325,5,0,0.095371549482256651
11499,14325,14326,4,0,0
11500,14327,14328,1,0,0.63194499183865549
11501,14328,14329,3,1,0.43144521058304874
11502,14329,14330,1,0,0.69180012896645116
11503,14332,14333,5,0,0.08597894527336819
11504,14333,14334,1,1,0.61606958338515794
11505,14334,14335,4,0,0.12955990225720179
11506,14335,14336,2,0,0.032453169877599608
11507,14337,14338,2,0,0.069996554832020844
11508,14338,14339,3,0,0.07960038258205368
11509,14339,14340,4,1,0.18869965641778141
11510,14341,14342,4,0,0.25612424042174609
11511,14342,14343,5,0,0
11512,14343,14344,4,0,0.080759214312497926
11513,14344,14345,1,0,0
11514,14345,14346,1,1,0.65059496588879573
11515,14347,14348,1,1,0.68836672161926549
11516,14348,14349,5,0,0.25223379334623841
11517,14349,14350,2,1,0.43544993069736926
11518,14350,14351,4,0,0.27518529961951094
11519,14351,14352,2,1,0.11117221418638724
11520,14352,14353,4,0,0.32310117089968771
11521,14355,14356,2,0,0.12268695368749692
11522,14357,14358,1,0,0.15814332185383836
11523,14358,14359,1,0,0.080342665484074594
11524,14359,14360,3,0,0.11893755849263012
11525,14360,14361,2,0,0.17677217430753103
11526,14361,14362,1,0,0.48815078743246065
11527,14362,14363,1,1,0.10735390362166843
11528,14363,14364,1,1,0.17720238100957131
11529,14365,14366,4,1,0.65558217645690431
11530,14366,14367,2,1,0.2254228698852033
11531,14367,14368,1,1,0.61830760177446475
11532,14368,14369,2,0,0.23488478749064962
11533,14370,14371,5,0,0.11618500982074066
11534,14371,14372,2,0,0.35392575011440236
11535,14372,14373,2,0,0.053602569808996053
11536,14374,14375,4,0,0.29516378998365855
11537,14375,14376,2,0,0.074189451709899781
11538,14376,14377,1,0,0.789173652517972
11539,14377,14378,4,0,0.083703541635685094
11540,14378,14379,4,1,0.6402783607888054
11541,14380,14381,3,0,0.18319905032072259
11542,14381,14382,1,0,0.03996251628672412
11543,14382,14383,5,0,0.23331498175455295
11544,14383,14384,5,0,0.11735030524501253
11545,14384,14385,3,0,0.15916593979925062
11546,14385,14386,2,0,0.25737291257046929
11547,14386,14387,3,0,0.10982819182806663
11548,14387,14388,3,0,0.31534002549846202
11549,14388,14389,3,0,0.23936299986194121
11550,14389,14390,5,0,0.11878739483450441
11551,14390,14391,5,0,0.036569842662060099
11552,14391,14392,1,0,0.24448656807501337
11553,14392,14393,4,1,0.65888896142314868
11554,14393,14394,5,1,0.3964653376800229
11555,14395,14396,2,0,0.10299936598353109
11556,14396,14397,1,0,0
11557,14397,14398,4,1,0.53372979676684928
11558,14399,14400,2,0,0.077117857031249154
11559,14402,14403,1,1,0.03867956076032493
11560,14403,14404,1,0,0.079151898785042557
11561,14404,14405,4,0,0.11457503839457985
11562,14405,14406,4,0,0.16434748998370557
11563,14406,14407,4,0,0.086323701797042962
11564,14407,14408,1,1,0.78831599360583171
11565,14408,14409,1,0,0
11566,14409,14410,2,1,0.07778245061901902
11567,14410,14411,1,1,0.59544975566656766
11568,14411,14412,1,0,0.32369156884808331
11569,14413,14414,2,0,0.29482379640219591
11570,14414,14415,5,1,0.45394794502793739
11571,14416,14417,2,0,0.19852515131620213
11572,14419,14420,5,1,0.18454278678994013
11573,14420,14421,5,0,0.090065563600617932
11574,14425,14426,2,0,0.037201878798695673
11575,14426,14427,3,0,0.095756529880560937
11576,14427,14428,2,0,0.15648904197923497
11577,14428,14429,5,1,0.50434810304975664
11578,14429,14430,4,0,0.032422480464921313
11579,14430,14431,3,0,0.062072398613845489
11580,14431,14432,5,0,0.11653226813388505
11581,14435,14436,3,0,0
11582,14436,14437,5,0,0.06347928645579004
11583,14437,14438,5,1,0.11225691057241592
11584,14441,14442,4,0,0.12597605352380067
11585,14442,14443,3,0,0.29994363425849013
11586,14443,14444,2,0,0.12995499433984375
11587,14445,14446,4,1,0.51185024177166583
11588,14447,14448,5,0,0.072498888828844102
11589,14448,14449,3,0,0.034973474313349136
11590,14449,14450,1,0,0.1399195722056755
11591,14450,14451,5,0,0.11602053818412986
11592,14451,14452,1,0,0.39763166007327583
11593,14452,14453,3,1,0.21166476681456875
11594,14453,14454,4,0,0.56009179827383915
11595,14454,14455,5,1,0.078004080654503455
11596,14455,14456,3,0,0.21445688382247546
11597,14456,14457,1,0,0.1589820471330694
11598,14457,14458,2,1,0.31248188866328969
11599,14458,14459,2,0,0.037965623767064353
11600,14459,14460,2,0,0.03768369604339069
11601,14460,14461,5,0,0.50056824398465261
11602,14461,14462,4,0,0.19614069134273773
11603,14462,14463,2,0,0.13225031011684146
11604,14463,14464,1,0,0.073390250677254534
11605,14465,14466,3,0,0.076017519117395155
11606,14467,14468,1,1,0.57718350523742257
11607,14468,14469,2,0,0.33994912203080968
11608,14469,14470,4,0,0
11609,14472,14473,2,0,0.064737051576215079
11610,14473,14474,5,0,0.73342007249072694
11611,14474,14475,1,0,0.04467518305333322
11612,14475,14476,4,0,0.1622983655372984
11613,14476,14477,5,0,0.035577439580711988
11614,14477,14478,4,0,0.042621790389321484
11615,14478,14479,4,0,0.31594347332171013
11616,14479,14480,1,0,0.43171824430280031
11617,14481,14482,2,0,0.31149108467599412
11618,14482,14483,5,0,0.18855556201289098
11619,14483,14484,4,1,0.37720501246210175
11620,14484,14485,2,0,0.038630885223912032
11621,14485,14486,5,0,0.59230763817671628
11622,14486,14487,5,0,0.15260814703361533
11623,14487,14488,2,0,0.028681927323717202
11624,14488,14489,5,0,0.077338620429252755
11625,14489,14490,5,0,0.48619695747945796
11626,14490,14491,4,0,0.44097664606425568
11627,14491,14492,3,0,0
11628,14492,14493,4,0,0.071619251166465059
11629,14493,14494,4,0,0.1061281421989651
11630,14494,14495,4,0,0.17607306912638823
11631,14495,14496,3,0,0.039244567350565349
11632,14497,14498,3,0,0.10758252686637389
11633,14498,14499,3,0,0.12132605103995692
11634,14500,14501,1,1,0.20976131097997733
11635,14501,14502,3,0,0.22518108201621656
11636,14502,14503,3,0,0.10601605505404504
11637,14503,14504,5,1,0.30842372238116439
11638,14504,14505,3,0,0.032544690341691641
11639,14505,14506,1,0,0.69251528927985329
11640,14506,14507,2,0,0.11702424839592249
11641,14508,14509,4,0,0.11381364063137564
11642,14509,14510,5,0,0.32828467535188632
11643,14510,14511,1,0,0.36887333467023431
11644,14511,14512,1,0,0.19634776025222506
11645,14512,14513,5,0,0.31109939068184433
11646,14514,14515,1,0,0.082712440794601758
11647,14515,14516,1,0,0
11648,14516,14517,4,0,0.15252464775173583
11649,14517,14518,1,0,0.17299567099559138
11650,14518,14519,4,1,0.43088564452995298
11651,14519,14520,3,1,0.039583292709636696
11652,14520,14521,2,0,0.15836388916527483
11653,14521,14522,4,1,0.29227871023291507
11654,14523,14524,3,0,0.037428866295176375
11655,14525,14526,4,0,0.20635928501379072
11656,14526,14527,2,0,0.035213590610264078
11657,14527,14528,5,0,0.37746836121763983
11658,14528,14529,3,0,0.1455561563606414
11659,14529,14530,1,0,0.1216337521481442
11660,14530,14531,2,1,0.18447375554270923
11661,14533,14534,4,0,0.12112583640459529
11662,14534,14535,5,1,0.19315279857282627
11663,14535,14536,2,0,0.26831072099243852
11664,14536,14537,3,0,0.23674028419373241
11665,14538,14539,4,0,0.18460293585937543
11666,14539,14540,1,0,0.26106768257935792
11667,14540,14541,3,0,0.19220152098470566
11668,14543,14544,4,0,0.044702286458468
11669,14544,14545,4,1,0.22349616236007513
11670,14545,14546,2,0,0.11611161096747243
11671,14546,14547,2,1,0.77244904994067021
11672,14547,14548,2,0,0.23956038467128751
11673,14549,14550,4,1,0.29569207114299134
11674,14550,14551,4,0,0.22425246762134943
11675,14551,14552,2,0,0.56988600345732543
11676,14552,14553,1,0,0.32994274117688283
11677,14553,14554,1,1,0.11088421856111794
11678,14554,14555,1,0,0.19381808288259733
11679,14555,14556,1,0,0.046017244139392351
11680,14556,14557,5,0,0.13844489271034036
11681,14557,14558,4,0,0.20471545156055965
11682,14558,14559,2,0,0.070467787010163666
11683,14560,14561,1,1,0.20603135233978809
11684,14563,14564,2,1,0.41943367076191002
11685,14564,14565,4,0,0.23352584959389175
11686,14565,14566,5,0,0.076455026864035019
11687,14566,14567,3,1,0.77070096058271398
11688,14568,14569,2,1,0.074985510772612979
11689,14569,14570,2,1,0.60727975823748459
11690,14570,14571,2,0,0.040414579109612811
11691,14571,14572,4,0,0.25442111103266041
11692,14572,14573,3,1,0.07500190073350671
11693,14573,14574,4,0,0.24220105566256284
11694,14574,14575,3,0,0.3444067863021204
11695,14575,14576,4,0,0.11661410083753716
11696,14576,14577,4,0,0.46846075997524339
11697,14577,14578,1,0,0.067026075490609113
11698,14578,14579,2,0,0.10156177678957785
11699,14579,14580,5,0,0.081533511631595459
11700,14580,14581,5,0,0.040810869083913327
11701,14581,14582,2,1,0.88900078848319553
11702,14582,14583,3,0,0.17302042245223989
11703,14585,14586,2,1,0.14399918872279682
11704,14586,14587,4,1,0.33125573662595265
11705,14587,14588,3,0,0.60633432697571432
11706,14588,14589,5,0,0.59594542153332464
11707,14589,14590,1,0,0.12271384025941552
11708,14590,14591,3,0,0.25546218625106015
11709,14591,14592,2,0,0.075955481596567065
11710,14594,14595,4,0,0.28136602900521024
11711,14595,14596,5,0,0.20473369764421775
11712,14596,14597,3,0,0.14522750668940196
11713,14597,14598,5,0,0.081680225854503977
11714,14598,14599,5,1,0.54234138831269407
11715,14600,14601,5,0,0.59301012048790647
11716,14602,14603,2,0,0.14296325491971471
11717,14604,14605,4,0,0.15700684234087856
11718,14606,14607,5,0,0.037893705273380617
11719,14607,14608,2,0,0.13740805005895559
11720,14608,14609,5,0,0
11721,14609,14610,2,1,0.11894865969528019
11722,14610,14611,5,0,0.11247720642708389
11723,14611,14612,4,0,0.15158152394888166
11724,14612,14613,2,0,0.12258661437701676
11725,14613,14614,5,0,0.024869846078653661
11726,14614,14615,5,1,0.81625449361335767
11727,14615,14616,1,0,0.048500702955286613
11728,14616,14617,5,0,0.18930214880278678
11729,14617,14618,5,0,0.044520918558947457
11730,14618,14619,2,0,0.24185285972433088
11731,14619,14620,3,0,0.45248930805894633
11732,14620,14621,2,0,0.12008919366277959
11733,14623,14624,4,1,0.60707683876409646
11734,14624,14625,2,0,0.15146710002217942
11735,14625,14626,3,0,0.19399328331277477
11736,14626,14627,1,0,0.29915565409066031
11737,14627,14628,5,0,0.31931525057548743
11738,14628,14629,5,1,0.22201540480308293
11739,14629,14630,5,0,0
11740,14630,14631,5,1,0.83327086294230002
11741,14631,14632,3,0,0.11664111719867787
11742,14633,14634,4,0,0.49051272329934703
11743,14635,14636,1,0,0.15650526773257728
11744,14636,14637,2,0,0.14682110457270378
11745,14637,14638,1,1,0.6874613031662441
11746,14638,14639,1,0,0.23633957748140796
11747,14639,14640,2,0,0.19911838534148599
11748,14640,14641,5,0,0.134427014822012
11749,14642,14643,2,0,0.30725570372939787
11750,14643,14644,5,0,0.22503819165164166
11751,14644,14645,3,0,0.16777482960771126
11752,14645,14646,2,0,0.25887502194556039
11753,14647,14648,3,0,0.054822517642947835
11754,14648,14649,2,0,0.038045965375446973
11755,14649,14650,1,1,0.69870743109575273
11756,14650,14651,4,0,0.31447219713170704
11757,14651,14652,4,0,0.13681568700882299
11758,14652,14653,3,1,0.61272950892079281
11759,14653,14654,1,0,0.124511871567516
11760,14654,14655,4,0,0.15143220351609488
11761,14655,14656,2,0,0.33681560365380214
11762,14656,14657,3,0,0.23991805115662895
11763,14657,14658,4,0,0.14624149934161848
11764,14658,14659,2,0,0.13954499904103587
11765,14659,14660,2,0,0.15332351312624679
11766,14660,14661,3,0,0.1875794624998105
11767,14663,14664,5,0,0.28929502903500887
11768,14664,14665,5,0,0.20436718665901213
11769,14665,14666,4,1,0.16638806032915993
11770,14666,14667,5,0,0.037220576391788197
11771,14667,14668,5,0,0.044360860002833978
11772,14668,14669,5,0,0.11847477456385774
11773,14669,14670,5,0,0.18441414227192202
11774,14670,14671,2,0,0.078574883853966118
11775,14671,14672,4,1,0.40618951041631574
11776,14674,14675,1,0,0.23192022529971859
11777,14675,14676,5,0,0.07218019221528503
11778,14676,14677,5,0,0.061403503175922407
11779,14677,14678,5,0,0.24894367153830263
11780,14678,14679,5,0,0.1963712583322168
11781,14679,14680,2,0,0.119354591899579
11782,14680,14681,4,0,0.095811758222344195
11783,14681,14682,2,0,0
11784,14685,14686,3,0,0.095773221683174925
11785,14686,14687,2,0,0.22735177374815599
11786,14687,14688,2,0,0.0764011014943142
11787,14688,14689,1,0,0.0735483437120526
11788,14689,14690,4,0,0.23273256447081409
11789,14692,14693,5,1,0.44799669378816298
11790,14693,14694,4,0,0.091382975481374237
11791,14694,14695,2,1,0.12760992771249777
11792,14695,14696,5,1,0.63168421985149914
11793,14697,14698,3,1,0.49089104315210602
11794,14698,14699,3,0,0.11616804158016562
11795,14699,14700,1,0,0.24970460497368152
11796,14700,14701,4,0,0.078240419995838376
11797,14702,14703,3,0,0.32917600899756061
11798,14703,14704,3,0,0.037385410197719342
11799,14705,14706,5,1,0.27193103291610743
11800,14706,14707,2,1,0.8296014476002932
11801,14708,14709,3,0,0.79077358333473269
11802,14709,14710,3,0,0.050851917770227503
11803,14710,14711,2,0,0.23594891897077036
11804,14711,14712,3,0,0.35224081307325023
11805,14712,14713,1,0,0.081503029557481524
11806,14713,14714,1,0,0.077647766483747868
11807,14714,14715,2,0,0.063989958371218875
11808,14715,14716,1,0,0.10701465747719333
11809,14716,14717,3,0,0.02972887795804624
11810,14718,14719,4,0,0.66299212649277672
11811,14719,14720,1,0,0.080812008042565678
11812,14720,14721,2,1,0.11871815822591648
11813,14721,14722,5,0,0
11814,14724,14725,3,0,0.07727406108393102
11815,14726,14727,2,0,0.11451878885054254
11816,14728,14729,5,1,0.31802698473126884
11817,14729,14730,5,0,0.073417370886772401
11818,14730,14731,3,0,0.26923196929514798
11819,14731,14732,2,0,0.034285575109412325
11820,14732,14733,1,0,0.038569380103486095
11821,14733,14734,2,1,0.65291495754699014
11822,14734,14735,2,0,0.27008776612353902
11823,14735,14736,5,0,0.15018955672095713
11824,14737,14738,3,0,0.043566998517958651
11825,14738,14739,3,0,0.039151155956306423
11826,14739,14740,5,0,0.034922230954492969
11827,14741,14742,4,1,0.23199264518632515
11828,14742,14743,3,0,0.15740295634026183
11829,14743,14744,2,0,0
11830,14744,14745,2,0,0
11831,14745,14746,2,0,0.25290349412032748
11832,14746,14747,4,1,0.17826235573816396
11833,14747,14748,4,0,0.096504266136938188
11834,14749,14750,3,0,0.24558531971469119
11835,14750,14751,5,0,0.1515741934933236
11836,14751,14752,5,0,0.60603903557710692
11837,14753,14754,3,0,0.14922339013245889
11838,14754,14755,5,0,0.060981423365702961
11839,14755,14756,5,1,0.12043501794138381
11840,14756,14757,1,0,0.042417786628498988
11841,14758,14759,3,0,0.073742129026455994
11842,14759,14760,3,0,0.15100198299712272
11843,14760,14761,2,1,0.66912906771697755
11844,14762,14763,2,0,0.086427206677459886
11845,14764,14765,4,0,0.15627057426323607
11846,14765,14766,1,0,0.045147305620820533
11847,14767,14768,4,0,0.10909916005179765
11848,14769,14770,1,0,0.03001243172548743
11849,14770,14771,5,1,0.099529315999015391
11850,14771,14772,3,0,0.22362668215190737
11851,14772,14773,3,0,0.12864880590048974
11852,14773,14774,1,0,0.20711215923396092
11853,14774,14775,5,0,0.032681662027970459
11854,14775,14776,3,0,0.40203979472607126
11855,14776,14777,2,0,0.036736467005812345
11856,14777,14778,1,0,0.14556152709239653
11857,14778,14779,1,1,0.66477573800354028
11858,14779,14780,4,1,0.15512629623219562
11859,14780,14781,3,0,0.23687753225518726
11860,14781,14782,2,0,0.12916148246499401
11861,14782,14783,2,0,0.13909704122351163
11862,14783,14784,2,1,0.1164559864625441
11863,14784,14785,5,0,0.22161187767521329
11864,14785,14786,1,1,0.071282890701775917
11865,14787,14788,5,0,0.036286618133801102
11866,14788,14789,2,0,0.58494163006817979
11867,14789,14790,4,0,0.21521072824558932
11868,14790,14791,1,0,0.14248906838184888
11869,14791,14792,4,1,0.25719830921862946
11870,14792,14793,3,0,0.19541562848997632
11871,14794,14795,1,0,0.090274487205982384
11872,14795,14796,2,0,0.2878557772572945
11873,14796,14797,2,1,0.86788584222188092
11874,14797,14798,1,0,0
11875,14798,14799,5,0,0.088367742851879413
11876,14799,14800,4,0,0.11936934825012786
11877,14802,14803,3,0,0.23924706529889128
11878,14803,14804,3,0,0.19966957246471095
11879,14804,14805,5,1,0.19465179316914119
11880,14806,14807,4,0,0.23426512004499839
11881,14808,14809,5,1,0.25070786759426578
11882,14809,14810,3,1,0.65790936283769619
11883,14810,14811,3,0,0.35063676442001446
11884,14812,14813,3,1,0.13053147970932491
11885,14813,14814,2,0,0.24239061677822965
11886,14815,14816,4,0,0.071851027203106071
11887,14816,14817,1,0,0.039353224592360514
11888,14817,14818,2,0,0.16979095059741528
11889,14819,14820,3,0,0.23822926206562642
11890,14820,14821,4,1,0.64865315649079403
11891,14824,14825,4,1,0.73634685708975434
11892,14825,14826,2,1,0.20255148745546589
11893,14826,14827,1,0,0.067542295702883517
11894,14827,14828,1,0,0.12851569085661083
11895,14828,14829,5,0,0.04703365124521891
11896,14829,14830,4,0,0.074024777740688413
11897,14830,14831,4,0,0.19837233596888798
11898,14831,14832,3,0,0.1635857447553237
11899,14832,14833,1,1,0.51065742082755916
11900,14833,14834,4,1,0.4567522475773852
11901,14836,14837,4,1,0.24507780717495434
11902,14837,14838,3,0,0.14776591301519798
11903,14838,14839,5,0,0.17914677041198449
11904,14839,14840,4,0,0.16769338741517592
11905,14840,14841,3,0,0.03678522694847064
11906,14841,14842,1,0,0.1939068642690952
11907,14842,14843,1,1,0.62115670521178346
11908,14843,14844,2,1,0.10918214370225718
11909,14844,14845,1,0,0.1568108901761166
11910,14845,14846,1,0,0.040856944948501277
11911,14846,14847,1,1,0.22469483263213208
11912,14847,14848,3,0,0
11913,14848,14849,4,0,0.07314217101447168
11914,14849,14850,3,0,0.043161179033823424
11915,14850,14851,1,0,0.16836583312396242
11916,14851,14852,3,0,0.17779425401299156
11917,14852,14853,2,0,0.11003461044059364
11918,14853,14854,2,0,0.10446041170243975
11919,14854,14855,4,0,0.33077058892719702
11920,14856,14857,3,0,0.24052510992944823
11921,14857,14858,1,0,0.11844996624495735
11922,14858,14859,5,0,0.30003909780845445
11923,14859,14860,2,0,0.072247282618925643
11924,14861,14862,2,1,0.93720304270773847
11925,14863,14864,4,0,0.031119554558892558
11926,14865,14866,1,1,0.24014448767904886
11927,14866,14867,2,0,0.16520510301968658
11928,14867,14868,2,1,0.061768109730025923
11929,14868,14869,4,0,0.064978370842050145
11930,14869,14870,3,0,0.2315972324333139
11931,14870,14871,5,0,0.077836396882052475
11932,14871,14872,5,0,0.08320958753264128
11933,14872,14873,2,1,0.25891479788201399
11934,14874,14875,5,0,0.19607754193138119
11935,14875,14876,5,0,0.084278470548006468
11936,14876,14877,3,0,0.03625430983461609
11937,14877,14878,4,0,0.1567560585643574
11938,14878,14879,2,0,0.14087751426474979
11939,14880,14881,5,0,0.6158307069666713
11940,14885,14886,1,0,0.15864195673481948
11941,14886,14887,5,0,0.034597610127897617
11942,14887,14888,5,1,0.26564625524571767
11943,14889,14890,5,0,0.050582614231775132
11944,14891,14892,5,1,0.85876238394132454
11945,14892,14893,4,0,0.03522599794434908
11946,14893,14894,4,0,0.63830957777914898
11947,14894,14895,1,0,0.082140986434462979
11948,14895,14896,4,0,0
11949,14896,14897,4,0,0.054119312303663375
11950,14897,14898,3,1,0.60277487368491878
11951,14898,14899,4,0,0.10846627900283271
11952,14900,14901,1,0,0.43003426862779515
11953,14901,14902,3,0,0.065757549246778138
11954,14903,14904,5,0,0.15613975939991576
11955,14904,14905,5,0,0
11956,14905,14906,3,0,0.079354826401591402
11957,14906,14907,5,0,0.28484129770619199
11958,14907,14908,5,0,0.04073020363516909
11959,14908,14909,5,0,0.21163264376296612
11960,14909,14910,3,0,0.070107044034418572
11961,14910,14911,4,0,0.040743809888906676
11962,14912,14913,5,1,0.27904154521250635
11963,14913,14914,1,1,0
11964,14916,14917,2,0,0.076837668885425661
11965,14917,14918,3,0,0.28729236614999198
11966,14918,14919,4,1,0.12102987061116008
11967,14920,14921,2,1,0.20896824320945892
11968,14921,14922,2,0,0.066657109154678804
11969,14923,14924,2,0,0.30009551059747525
11970,14925,14926,4,0,0.036482288405308441
11971,14928,14929,5,0,0
11972,14929,14930,5,0,0.11560898126967109
11973,14930,14931,5,0,0.22010129274902224
11974,14931,14932,2,0,0.1271579298826119
11975,14932,14933,5,0,0.62163657091916857
11976,14933,14934,5,0,0.03280023636656923
11977,14934,14935,4,0,0
11978,14935,14936,4,0,0.12547651206679136
11979,14937,14938,5,0,0.74279164324972469
11980,14938,14939,4,0,0.072331483532015198
11981,14939,14940,1,0,0.096788144711021054
11982,14941,14942,4,1,0.59956357858886489
11983,14942,14943,4,0,0.13588214253826084
11984,14943,14944,1,0,0.27270081869422957
11985,14946,14947,2,0,0.14851382335840982
11986,14947,14948,3,0,0.07630222125488717
11987,14948,14949,4,0,0.039896608881592299
11988,14949,14950,1,0,0.098877474006008104
11989,14950,14951,5,1,0.83547869095321881
11990,14951,14952,4,0,0.40022879708405712
11991,14952,14953,5,0,0.25816081868729857
11992,14953,14954,3,0,0.2944598679928333
11993,14954,14955,4,0,0.67032584307488785
11994,14957,14958,5,0,0.15344123123775077
11995,14958,14959,1,0,0
11996,14960,14961,3,0,0
11997,14962,14963,4,0,0.16568905356232133
11998,14963,14964,4,0,0.032041647933137088
11999,14964,14965,2,0,0.17098946855901395
12000,14966,14967,1,0,0.062241707045662495
12001,14968,14969,1,0,0.15987748682111649
12002,14970,14971,1,0,0.035302720468584375
12003,14972,14973,1,0,0.4118384739704084
12004,14974,14975,5,0,0.13805846267313074
12005,14976,14977,3,1,0.78977397461068743
12006,14977,14978,4,0,0.1718592891120671
12007,14978,14979,3,1,0.11879993845551502
12008,14979,14980,2,1,0.44234808970845729
12009,14981,14982,4,1,0.11890627965820524
12010,14982,14983,4,0,0.036227298439028596
12011,14983,14984,3,0,0.074175173186806789
12012,14984,14985,5,0,0.23560696730193223
12013,14985,14986,4,0,0.17185123942425554
12014,14986,14987,1,0,0.44252360107128513
12015,14987,14988,2,0,0.11741982044862678
12016,14988,14989,4,1,0.20314493297535383
12017,14990,14991,5,1,0.14912219095424217
12018,14991,14992,3,0,0.16296350247632177
12019,14992,14993,2,0,0.24151314921590353
12020,14993,14994,3,0,0.12395666606016145
12021,14994,14995,4,0,0.16812881026068785
12022,14996,14997,3,0,0.043611623657832652
12023,14997,14998,3,0,0.10599713338363642
12024,14998,14999,4,0,0.11343440896507374
12025,14999,15000,1,0,0.077702112205813592
12026,15000,15001,3,1,0.236637773863381
12027,15001,15002,2,0,0.040843720459005035
12028,15002,15003,2,0,0.15058694197541403
12029,15003,15004,5,0,0.1619897431342372
12030,15004,15005,3,0,0.077549837634263527
12031,15005,15006,1,0,0.45206526399499186
12032,15006,15007,2,0,0.13787256449091689
12033,15007,15008,1,0,0.040485474404157992
12034,15008,15009,3,1,0.67141342626264111
12035,15009,15010,1,0,0.35323322079144104
12036,15010,15011,1,0,0.16573326751549608
12037,15011,15012,1,0,0.4750694795217893
12038,15012,15013,2,0,0.15992625526115295
12039,15013,15014,4,0,0.56344921301746653
12040,15014,15015,2,0,0.19628839776246559
12041,15015,15016,3,0,0.058387845217562358
12042,15017,15018,2,0,0.34567851988389653
12043,15019,15020,5,0,0.23620093445374199
12044,15021,15022,3,0,0.049938598003612701
12045,15022,15023,2,0,0.30546503733592456
12046,15023,15024,4,0,0.1106033880986572
12047,15025,15026,3,0,0.24015231363500519
12048,15026,15027,5,0,0.19831108050159393
12049,15027,15028,1,0,0.03637425880947643
12050,15029,15030,1,0,0.13523989286483001
12051,15031,15032,3,0,0.19566508554713016
12052,15032,15033,1,1,0.36339709338565479
12053,15034,15035,2,1,0
12054,15035,15036,1,1,0.12953017363322983
12055,15036,15037,4,0,0.07862901564393783
12056,15038,15039,1,0,0.23704244675158809
12057,15039,15040,3,0,0.11984729271153048
12058,15040,15041,1,0,0.11527394476838049
12059,15042,15043,2,0,0.22303464399484263
12060,15043,15044,2,0,0.13790363022512916
12061,15044,15045,3,0,0
12062,15045,15046,2,0,0.10301221599544243
12063,15046,15047,1,0,0.15308566216344338
12064,15047,15048,3,0,0.095853212977853722
12065,15049,15050,5,0,0.094113487010207997
12066,15050,15051,1,0,0.11106610253466431
12067,15052,15053,3,1,0.15306094813278287
12068,15053,15054,1,0,0.21270082609660834
12069,15054,15055,2,1,0.0893587669603879
12070,15055,15056,3,1,0.093697835749863123
12071,15057,15058,5,0,0.23874490816462951
12072,15058,15059,3,1,0
12073,15059,15060,3,0,0.098984970943803097
12074,15060,15061,5,1,0.52740703737121897
12075,15061,15062,4,0,0.22165822673173949
12076,15062,15063,2,1,0.72127284315180507
12077,15063,15064,2,0,0.21139948198626624
12078,15064,15065,1,0,0.082962309966040731
12079,15065,15066,4,0,0
12080,15067,15068,3,0,0
12081,15068,15069,4,0,0.075169740942833449
12082,15069,15070,1,0,0.080594014849923845
12083,15070,15071,2,0,0.11507156293555076
12084,15071,15072,3,1,0.28369992005016137
12085,15072,15073,3,0,0.39429632129381514
12086,15073,15074,3,0,0.15126704351410888
12087,15076,15077,2,1,0.47327588660704056
12088,15077,15078,1,0,0.28218469081595432
12089,15078,15079,3,0,0.076078431172069985
12090,15079,15080,1,0,0.20555638944489807
12091,15080,15081,4,0,0.20025997313975283
12092,15081,15082,4,0,0.16342887656102392
12093,15082,15083,2,0,0.084651552015451242
12094,15086,15087,4,1,0.66525289291187784
12095,15087,15088,4,0,0.29485664739744927
12096,15090,15091,3,0,0.15337574506095955
12097,15091,15092,1,0,0
12098,15092,15093,2,0,0.43369676541532082
12099,15093,15094,3,0,0.11964467693280102
12100,15094,15095,1,1,0.13200379290551645
12101,15095,15096,4,1,0.23917627710377262
12102,15097,15098,1,0,0.08939240991102243
12103,15098,15099,4,0,0.16767102405063691
12104,15099,15100,5,0,0.077823374553636082
12105,15100,15101,3,1,0.73203326792539836
12106,15103,15104,5,0,0.036188547940347801
12107,15105,15106,2,0,0.12195030690281353
12108,15106,15107,1,0,0.20061578572110905
12109,15107,15108,3,0,0.20295200121034523
12110,15108,15109,4,0,0.15231036691738495
12111,15109,15110,2,0,0.25328568458785139
12112,15111,15112,2,1,0.75137283651070685
12113,15113,15114,4,0,0.41486008750260556
12114,15114,15115,2,0,0.23238777335993935
12115,15115,15116,4,1,0.12886599498981144
12116,15116,15117,1,0,0.07719781724632685
12117,15118,15119,5,0,0.16837080074556945
12118,15120,15121,2,0,0.18327401405103741
12119,15121,15122,4,0,0.20266075563161323
12120,15123,15124,5,1,0.10605858215344192
12121,15124,15125,4,0,0.098863009254687106
12122,15125,15126,4,0,0.16277171942216911
12123,15126,15127,2,1,0.47131643262689682
12124,15127,15128,2,0,0.11926329050459039
12125,15128,15129,3,0,0.45970710869723153
12126,15129,15130,4,0,0
12127,15130,15131,1,0,0.066273784433780764
12128,15131,15132,2,0,0.27757608131885642
12129,15132,15133,3,0,0.041541393838928381
12130,15133,15134,5,0,0
12131,15134,15135,2,0,0.35099413824254305
12132,15135,15136,1,0,0.11647319888848921
12133,15136,15137,4,0,0.28917899686553383
12134,15137,15138,5,0,0.23968630859456264
12135,15138,15139,3,1,0.89273543593798799
12136,15140,15141,1,1,0.1606124087002766
12137,15141,15142,1,0,0.11616408339171055
12138,15145,15146,4,0,0.19893781419610199
12139,15146,15147,2,1,0.71235418472810363
12140,15147,15148,5,0,0.15575794592994438
12141,15148,15149,5,1,0.12374041855048055
12142,15149,15150,5,0,0.15547582573982097
12143,15150,15151,4,0,0.12078142815734852
12144,15152,15153,2,0,0.44856399495666643
12145,15153,15154,4,1,0.35438924062380867
12146,15154,15155,2,1,0.6211775621602621
12147,15155,15156,3,1,0.12694853799114425
12148,15157,15158,5,0,0.096201745221687077
12149,15158,15159,3,0,0.11724932853957948
12150,15162,15163,4,0,0.11382480770346713
12151,15163,15164,5,0,0.076279838559506291
12152,15164,15165,3,0,0.18034542497745909
12153,15165,15166,5,0,0.17318321262178879
12154,15168,15169,3,0,0.23192640609219167
12155,15169,15170,5,1,0.64272062704817989
12156,15171,15172,4,0,0.11175422379468365
12157,15172,15173,1,1,0.15501622686779384
12158,15173,15174,5,0,0.23027447990210792
12159,15174,15175,2,0,0.27440743829241399
12160,15175,15176,1,0,0.072856592667163975
12161,15176,15177,2,0,0
12162,15178,15179,3,0,0
12163,15179,15180,5,1,0.54305402926296975
12164,15181,15182,1,0,0.2820490414021441
12165,15182,15183,4,0,0.18442368100259013
12166,15184,15185,2,0,0.65083787071196264
12167,15185,15186,4,0,0.77442446315194191
12168,15186,15187,4,0,0.16305847141336738
12169,15187,15188,4,0,0.20383623308966578
12170,15188,15189,1,0,0.12008130280954203
12171,15189,15190,3,1,0.43382363531168705
12172,15190,15191,3,0,0.83677831124640412
12173,15192,15193,1,0,0.23228978954717983
12174,15193,15194,5,1,0.64433684468012209
12175,15194,15195,4,0,0.19970276275106719
12176,15196,15197,1,0,0.048943129717746787
12177,15198,15199,3,0,0
12178,15199,15200,5,0,0.12301073701630293
12179,15202,15203,4,0,0.16021066434638787
12180,15203,15204,1,0,0.17953157460722335
12181,15204,15205,5,0,0.1264379169199373
12182,15205,15206,2,0,0.10986953221478071
12183,15206,15207,2,0,0.15514202623773826
12184,15207,15208,1,1,0.1398750608192732
12185,15209,15210,4,0,0.3547850331300047
12186,15210,15211,1,0,0.15688961752288952
12187,15211,15212,4,0,0.17427492010758208
12188,15213,15214,5,0,0.081869569441787221
12189,15214,15215,5,0,0.16129258315620174
12190,15215,15216,5,0,0.14083544535576958
12191,15216,15217,5,0,0.085315507478725738
12192,15217,15218,1,0,0.11472050748859926
12193,15218,15219,2,0,0.42064441674889863
12194,15219,15220,3,0,0.10951102149541714
12195,15220,15221,5,0,0.3811938522434678
12196,15221,15222,1,0,0.12054595903705197
12197,15222,15223,2,0,0
12198,15226,15227,3,1,0.77340893665280686
12199,15227,15228,1,0,0
12200,15229,15230,3,0,0.07644054317952062
12201,15230,15231,1,0,0.12661437835864028
12202,15231,15232,3,1,0.58193619544383779
12203,15232,15233,1,0,0.22072451068584242
12204,15233,15234,1,0,0.20543734152196041
12205,15234,15235,3,1,0.32188345466726564
12206,15235,15236,4,0,0.075788055566214207
12207,15236,15237,3,1,0.60001969379497255
12208,15237,15238,2,0,0
12209,15238,15239,2,0,0.052002676047770369
12210,15239,15240,5,0,0.18249204273802908
12211,15240,15241,3,0,0.3290034483362525
12212,15241,15242,2,0,0.17341338938169432
12213,15243,15244,2,0,0.034601356345520667
12214,15244,15245,1,0,0.40909666955102297
12215,15245,15246,2,0,0.053284191996719119
12216,15246,15247,5,0,0.037441279043655774
12217,15247,15248,3,0,0.12695365899989525
12218,15248,15249,5,0,0.084729300252046183
12219,15250,15251,4,0,0.81524638559200724
12220,15251,15252,4,0,0.55759946945310535
12221,15252,15253,2,1,0.11961161928798499
12222,15254,15255,5,0,0.066657848980728671
12223,15256,15257,3,0,0.15770079593836273
12224,15257,15258,4,0,0.17999118818150447
12225,15259,15260,2,0,0.29009882602043524
12226,15260,15261,4,0,0.038210460960375017
12227,15261,15262,5,0,0.037019042410041003
12228,15262,15263,2,0,0.084812806144209454
12229,15264,15265,1,1,0.19780097558834203
12230,15266,15267,3,0,0.1226058572166836
12231,15268,15269,1,0,0.098702502811777476
12232,15269,15270,3,0,0.056721298070342922
12233,15271,15272,4,0,0.31362346786515688
12234,15272,15273,1,0,0.075124073799554741
12235,15273,15274,2,0,0.080433286899952369
12236,15274,15275,3,1,0.082530818837718317
12237,15275,15276,5,0,0.34317100547209861
12238,15276,15277,1,0,0.034824787789297262
12239,15277,15278,3,0,0.063358801972697415
12240,15278,15279,2,0,0.12410718046745267
12241,15280,15281,1,0,0.041897557182308476
12242,15281,15282,3,0,0.067966259918195854
12243,15283,15284,4,0,0.038898536152840592
12244,15285,15286,4,0,0.072653490819216113
12245,15286,15287,3,0,0
12246,15287,15288,4,0,0.3952799803684714
12247,15289,15290,5,1,0.10838251334927199
12248,15290,15291,4,0,0
12249,15291,15292,3,0,0.099791280250636494
12250,15292,15293,3,0,0.2508814647335052
12251,15293,15294,5,0,0.36456572135921739
12252,15294,15295,4,0,0.083477530832094998
12253,15295,15296,2,1,0.64584086765366222
12254,15297,15298,3,0,0.15274504047225704
12255,15298,15299,3,0,0.039310095934203308
12256,15299,15300,1,0,0.071475478642661419
12257,15301,15302,2,0,0.098909973807303264
12258,15302,15303,4,1,0.12321591639053089
12259,15305,15306,5,0,0.29324473612956203
12260,15306,15307,4,1,0.33298193478840588
12261,15307,15308,2,0,0.037829822493529314
12262,15310,15311,1,0,0.46357800396574805
12263,15313,15314,5,0,0.17796943781110272
12264,15314,15315,1,0,0.12132518894985604
12265,15315,15316,5,0,0
12266,15317,15318,3,0,0.31015522352493463
12267,15318,15319,1,0,0.08151201550825557
12268,15319,15320,3,0,0.078233616319991664
12269,15320,15321,3,1,0
12270,15321,15322,4,0,0.038941355356350356
12271,15322,15323,5,0,0.2412234521876844
12272,15323,15324,2,0,0.19296470254132017
12273,15324,15325,3,1,0.23273081123782371
12274,15325,15326,2,0,0.069417691120264455
12275,15326,15327,4,0,0.075415759026221496
12276,15327,15328,5,0,0.099434235571912749
12277,15328,15329,4,0,0.055406862708862664
12278,15329,15330,5,0,0.23930915429406779
12279,15331,15332,4,1,0.29661350198788755
12280,15332,15333,4,0,0
12281,15333,15334,3,0,0.033692612865774137
12282,15334,15335,3,0,0
12283,15335,15336,2,0,0.15843296073981791
12284,15337,15338,2,0,0
12285,15338,15339,5,0,0.091504546581105392
12286,15339,15340,4,1,0.63476290172884842
12287,15340,15341,1,0,0.039165077308733684
12288,15341,15342,1,0,0.036945198127948747
12289,15342,15343,4,0,0.4002839036654981
12290,15343,15344,1,0,0.25972612072490492
12291,15344,15345,5,0,0.26117739770688103
12292,15345,15346,4,0,0.037650805925078634
12293,15346,15347,2,0,0.15384135039515667
12294,15347,15348,5,0,0.21767721481523644
12295,15349,15350,1,0,0.11849234378504307
12296,15350,15351,4,1,0.80723886514755605
12297,15351,15352,5,0,0.41737480724941695
12298,15353,15354,1,0,0.27969088515612806
12299,15354,15355,1,0,0.15131080766601637
12300,15355,15356,2,0,0.043618921202453642
12301,15356,15357,3,0,0.30438643724643649
12302,15357,15358,1,0,0.43695722801029335
12303,15358,15359,4,0,0.072747437549305058
12304,15359,15360,2,0,0.23408872933424643
12305,15361,15362,1,0,0.14690136164040343
12306,15363,15364,5,0,0.20989617152376278
12307,15364,15365,3,0,0.22788948972466003
12308,15365,15366,2,1,0.44966816037662577
12309,15366,15367,1,0,0
12310,15368,15369,2,1,0.57064652876923838
12311,15369,15370,2,0,0.29726405254486643
12312,15370,15371,1,0,0.10362999526327828
12313,15371,15372,1,0,0.15903651144667377
12314,15372,15373,2,0,0
12315,15374,15375,2,0,0.04051233591816647
12316,15376,15377,2,0,0
12317,15377,15378,3,0,0
12318,15378,15379,2,0,0.070981716117571758
12319,15379,15380,3,0,0
12320,15380,15381,5,0,0.030821421840840375
12321,15381,15382,3,0,0.10781462817756386
12322,15382,15383,4,0,0.32054256699244177
12323,15383,15384,1,1,0.75544064586350324
12324,15384,15385,3,0,0.098559198614227905
12325,15388,15389,1,0,0.034500591713406477
12326,15389,15390,2,0,0.071077504701145766
12327,15390,15391,1,0,0.3919621691605813
12328,15391,15392,3,0,0
12329,15392,15393,3,1,0.030280049344399842
12330,15394,15395,4,0,0.19969747874733507
12331,15395,15396,3,0,0.030018136014977641
12332,15396,15397,2,0,0.11447926884200652
12333,15398,15399,3,1,0.093170822114665583
12334,15401,15402,5,1,0.1158434558040541
12335,15403,15404,4,0,0.07097252777118819
12336,15404,15405,5,0,0.074477443970376908
12337,15406,15407,5,0,0.57522290993496339
12338,15408,15409,3,0,0.097695117528939224
12339,15409,15410,4,0,0.14010086680412503
12340,15410,15411,1,0,0.13889739780873367
12341,15411,15412,1,0,0.25752211723308993
12342,15412,15413,1,0,0.1198882592904611
12343,15413,15414,4,0,0.23936427020029596
12344,15414,15415,4,1,0.29416528543368348
12345,15415,15416,5,0,0.32196435418072356
12346,15417,15418,5,0,0.039513619181336793
12347,15418,15419,2,0,0.080115942078469615
12348,15419,15420,2,0,0.51745853210964732
12349,15420,15421,1,0,0.27890301159662989
12350,15426,15427,1,1,0.24452444067679815
12351,15427,15428,3,1,0.85613460191517787
12352,15428,15429,3,0,0.036905675265125011
12353,15429,15430,1,0,0.15889326794426398
12354,15430,15431,2,0,0.12139891099825105
12355,15431,15432,5,0,0.086429344776366782
12356,15432,15433,2,0,0.11762648833422684
12357,15433,15434,3,0,0
12358,15434,15435,1,0,0.12385773829228353
12359,15435,15436,5,0,0.2228891996814899
12360,15436,15437,4,0,0.19396574368375338
12361,15437,15438,5,0,0.15716708362510123
12362,15438,15439,5,0,0.34594924772503549
12363,15439,15440,2,1,0.29595890186864093
12364,15440,15441,5,0,0.066004703836018072
12365,15441,15442,5,1,0.26747976230018977
12366,15442,15443,1,0,0.23413319906322369
12367,15443,15444,3,1,0.61497608753491162
12368,15444,15445,4,0,0.28010842462096364
12369,15445,15446,3,0,0.49539475077241929
12370,15446,15447,3,0,0.15231371902337029
12371,15447,15448,2,1,0.37527481891807862
12372,15448,15449,2,0,0.15395176848829306
12373,15450,15451,3,0,0.12100085999350364
12374,15451,15452,2,0,0
12375,15453,15454,3,0,0.16676130707556786
12376,15455,15456,3,0,0.41865611126706137
12377,15456,15457,5,0,0.037796622361088904
12378,15458,15459,1,0,6.5801153405741476e-07
12379,15459,15460,3,0,0.44175949168417528
12380,15461,15462,5,0,0.21515331686792924
12381,15463,15464,4,0,0
12382,15465,15466,2,0,0.068630238609540262
12383,15466,15467,2,0,0.58176462173697596
12384,15467,15468,4,0,0.061010035865503263
12385,15470,15471,3,0,0
12386,15471,15472,1,1,0.06954127609301361
12387,15472,15473,4,0,0.04328477676830262
12388,15473,15474,4,0,0.18420208579876199
12389,15474,15475,4,0,0.13254830210911284
12390,15475,15476,3,1,0.5552447548672983
12391,15476,15477,3,0,0.2099095293159414
12392,15477,15478,2,0,0.16323617893102566
12393,15479,15480,3,0,0.16648054974937793
12394,15480,15481,1,1,0.55792515007548826
12395,15481,15482,2,1,0.076928573321440721
12396,15483,15484,3,0,0.29439187917542686
12397,15484,15485,3,0,0.46494827601905486
12398,15485,15486,1,0,0.067207994360688653
12399,15486,15487,4,0,0.12319355851890547
12400,15487,15488,2,1,0.19160983895914419
12401,15488,15489,3,1,0.15112962731093299
12402,15489,15490,5,0,0.15584185280543394
12403,15490,15491,5,1,0.20198827954999637
12404,15492,15493,3,1,0.15961142585486118
12405,15493,15494,4,0,0.06922477678391814
12406,15494,15495,3,1,0.13447551351723089
12407,15495,15496,3,0,0.55488375610943919
12408,15496,15497,3,0,0.22318983969489872
12409,15498,15499,2,0,0.17218912711604684
12410,15499,15500,4,0,0.23348049541557864
12411,15500,15501,5,1,0.64865724884416431
12412,15501,15502,3,0,0.31237423462408243
12413,15502,15503,4,0,0.20177465963465113
12414,15503,15504,3,1,0.034399983526016184
12415,15504,15505,2,0,0.12040349878726432
12416,15505,15506,1,0,0.71803529502223873
12417,15507,15508,2,0,0.12282837725628359
12418,15508,15509,3,0,0.12981730205721775
12419,15509,15510,1,0,0.074436112807501731
12420,15510,15511,1,0,0
12421,15511,15512,5,0,0.1593826696855864
12422,15512,15513,3,1,0.71158871605005303
12423,15514,15515,4,0,0.077371344319425356
12424,15515,15516,1,1,0.12921333568377147
12425,15516,15517,2,1,0.1247858848849389
12426,15517,15518,1,1,0.59463780815864131
12427,15518,15519,5,0,0.23189322407243962
12428,15521,15522,2,0,0.17735235289966136
12429,15522,15523,4,0,0.42863092680105658
12430,15524,15525,2,0,0.33363225499616844
12431,15526,15527,2,1,0.32868220682249366
12432,15528,15529,3,0,0.13189151526924991
12433,15530,15531,3,0,0.076940412018389193
12434,15532,15533,5,1,0.49075036083505946
12435,15533,15534,5,0,0.15557176104348702
12436,15534,15535,4,0,0.046971026762021049
12437,15535,15536,4,0,0.22253605437291679
12438,15536,15537,1,1,0.74609155344991918
12439,15537,15538,2,0,0.28984033643628893
12440,15538,15539,5,0,0.076692128103942533
12441,15539,15540,2,0,0.28030173506892575
12442,15540,15541,1,0,0.21711157976762219
12443,15542,15543,3,1,0.3455153524085946
12444,15543,15544,3,0,0.50920649288715358
12445,15544,15545,1,1,0.63060166057884126
12446,15546,15547,4,0,0.039975352518357349
12447,15547,15548,2,0,0.2752143054267252
12448,15549,15550,1,0,0.15544276486322278
12449,15550,15551,3,0,0.78962145421129748
12450,15551,15552,1,1,0.22475052029933304
12451,15552,15553,3,0,0.043510811006303558
12452,15553,15554,4,0,0.054114268893750178
12453,15554,15555,1,0,0.15683432619134477
12454,15555,15556,3,1,0.72677527749622417
12455,15556,15557,5,0,0.086753420986956833
12456,15558,15559,3,1,0.84137332167080081
12457,15559,15560,1,0,0.17256277597851663
12458,15560,15561,1,0,0.041838265833673678
12459,15561,15562,5,0,0.24712571888943569
12460,15562,15563,3,0,0.031314847095907358
12461,15563,15564,3,1,0.73245682625412623
12462,15564,15565,4,0,0.1459660470516731
12463,15565,15566,5,0,0.11013504034169776
12464,15566,15567,2,1,0.14029536806489024
12465,15567,15568,3,0,0.18892921542815369
12466,15569,15570,5,0,0.036106456741141622
12467,15570,15571,2,0,0.796343332998103
12468,15571,15572,4,0,0.13465256007523435
12469,15572,15573,1,0,0.23748637222792826
12470,15574,15575,1,1,0.20496071682456521
12471,15575,15576,3,1,0.15314129855266201
12472,15576,15577,1,0,0.1928182363460309
12473,15577,15578,1,0,0.25475333679697076
12474,15578,15579,2,0,0.079168567381820751
12475,15579,15580,1,1,0.15848090144391724
12476,15580,15581,5,1,0.73441162330505916
12477,15581,15582,1,0,0.19670322158183687
12478,15582,15583,4,0,0.076942165753972905
12479,15583,15584,3,1,0.42405335199559568
12480,15584,15585,3,0,0.26530437971483561
12481,15585,15586,5,1,0.77396886677514987
12482,15587,15588,3,0,0.19661055040356715
12483,15589,15590,1,0,0.036873526652575296
12484,15591,15592,3,0,0.077657310305507724
12485,15592,15593,1,0,0.24487725931726606
12486,15594,15595,2,0,0.15073341419313177
12487,15595,15596,3,0,0.11082794891378887
12488,15597,15598,3,1,0.6711512965438674
12489,15598,15599,1,0,0.79497559191678757
12490,15600,15601,4,0,0.2132036729192196
12491,15601,15602,3,0,0.11203862070299968
12492,15602,15603,1,1,0.27502552524997137
12493,15604,15605,2,0,0.1159590888822811
12494,15605,15606,4,0,0.17976164797534885
12495,15606,15607,5,1,0.071157312387784152
12496,15607,15608,2,0,0.087206415177573451
12497,15608,15609,1,0,0.16213917383424245
12498,15609,15610,4,0,0.14776680203620954
12499,15610,15611,2,0,0.22701097323909514
12500,15611,15612,1,0,0.19496154867681056
12501,15612,15613,5,0,0.049324098814625648
12502,15614,15615,1,0,0.74243591462909575
12503,15616,15617,2,0,0.19168183307568906
12504,15619,15620,3,0,0.045658126472465151
12505,15620,15621,2,0,0.15949897571706287
12506,15622,15623,2,0,0.24287997836686068
12507,15623,15624,3,0,0.28056923694629798
12508,15624,15625,3,1,0.055789378347885381
12509,15625,15626,5,0,0.12070303045828841
12510,15626,15627,1,0,0.37079326619598074
12511,15627,15628,2,0,0.19571772838330878
12512,15628,15629,5,0,0.19814254061716832
12513,15629,15630,4,0,0.14865286077469003
12514,15630,15631,3,0,0.083981471233267865
12515,15631,15632,4,0,0.071140349654902194
12516,15632,15633,5,1,0.24083094065322319
12517,15633,15634,1,0,0
12518,15634,15635,5,0,0
12519,15636,15637,2,0,0.034944375330905234
12520,15637,15638,3,0,0.10182729770108676
12521,15638,15639,4,1,0.28659680693980838
12522,15640,15641,4,0,0.094269224457544987
12523,15642,15643,2,0,0.07780830961629355
12524,15643,15644,5,0,0.036883969843363187
12525,15644,15645,1,0,0.080081149168417104
12526,15645,15646,2,0,0.40198238747200754
12527,15646,15647,5,0,0.15516783386533189
12528,15647,15648,2,0,0.029581580205914188
12529,15648,15649,3,0,0.032233010315532197
12530,15649,15650,3,0,0.15876286004196447
12531,15650,15651,4,0,0.080117639263884724
12532,15651,15652,3,0,0.63080862218114842
12533,15652,15653,3,0,0.12205568609226446
12534,15655,15656,4,1,0.2434832120278968
12535,15656,15657,3,0,0.073491935833757183
12536,15657,15658,5,0,0.045929506866631352
12537,15658,15659,5,0,0.035094406977663216
12538,15661,15662,5,0,0.18064233833229942
12539,15662,15663,3,0,0
12540,15663,15664,3,1,0.3456144630936227
12541,15664,15665,5,0,0.041264671230793325
12542,15665,15666,2,0,0.23502408106587158
12543,15667,15668,5,0,0.080691297407538831
12544,15668,15669,1,0,0
12545,15670,15671,4,0,0
12546,15671,15672,4,1,0.64150024321266386
12547,15672,15673,1,1,0.68434622277046619
12548,15673,15674,1,0,0.083874280810906018
12549,15675,15676,3,1,0.31233481708548022
12550,15676,15677,4,0,0.11765153744468647
12551,15677,15678,2,0,0.49607752809539624
12552,15678,15679,4,0,0.033851441264423097
12553,15679,15680,2,0,0.072089605882116353
12554,15680,15681,4,0,0.041227272523376539
12555,15682,15683,2,0,0.083398451781318536
12556,15684,15685,2,0,0.089113831220872214
12557,15685,15686,2,0,0
12558,15686,15687,3,0,0
12559,15687,15688,5,0,0.35024732559028088
12560,15688,15689,4,1,0
12561,15689,15690,4,1,0.16421057070421363
12562,15691,15692,5,1,0.028438213820771822
12563,15694,15695,5,0,0.11254256098420919
12564,15695,15696,5,0,0.14898645969377758
12565,15696,15697,4,1,0
12566,15698,15699,2,0,0.069306429135686243
12567,15700,15701,5,1,0.15135744694615946
12568,15701,15702,5,0,0.29803256677943984
12569,15704,15705,2,0,0
12570,15706,15707,4,0,0.13687002676305143
12571,15707,15708,2,0,0.12128192272715908
12572,15708,15709,2,0,0
12573,15709,15710,3,0,0.095414323597753245
12574,15710,15711,5,0,0.30915655024928551
12575,15711,15712,3,0,0.11644204776128828
12576,15713,15714,3,0,0.15937177020312593
12577,15714,15715,1,0,0.11473876258765331
12578,15715,15716,3,0,0.035525647092935715
12579,15716,15717,4,0,0.21108589298197095
12580,15718,15719,1,1,0.62377610148481721
12581,15719,15720,4,0,0.076535540579856468
12582,15721,15722,5,0,0.3993764362218139
12583,15723,15724,3,0,0
12584,15724,15725,2,0,0.20561700372008623
12585,15725,15726,4,0,0.24023590033455544
12586,15726,15727,5,1,0.53806002090279426
12587,15727,15728,5,0,0.19825265295630548
12588,15729,15730,3,1,0.22938907366047659
12589,15732,15733,1,0,0.48302366755554849
12590,15733,15734,2,0,0.18515936171325217
12591,15734,15735,1,0,0.16300173990654121
12592,15735,15736,4,1,0.34530335523434097
12593,15736,15737,4,0,0.06778630421882588
12594,15737,15738,1,0,0.075617010157196893
12595,15738,15739,3,0,0.11209122642204351
12596,15739,15740,2,0,0.1851246176286041
12597,15740,15741,3,0,0.5787809496505496
12598,15741,15742,1,0,0.036281953826626009
12599,15742,15743,5,0,0.033073640265705098
12600,15744,15745,3,1,0.52168160565349175
12601,15745,15746,2,0,0.16077210413911358
12602,15746,15747,2,0,0.51798203505203955
12603,15747,15748,4,0,0.55552631365400007
12604,15748,15749,4,0,0.57543880149810334
12605,15749,15750,3,0,0.21727161254591926
12606,15750,15751,2,0,0.20741689389826853
12607,15751,15752,5,1,0.68937984045488698
12608,15753,15754,1,0,0.19747462141592034
12609,15754,15755,4,0,0.11415623823934978
12610,15755,15756,5,0,0.21563545500750125
12611,15756,15757,3,0,0.28992301557342348
12612,15758,15759,2,1,0.72601283726129695
12613,15759,15760,1,0,0.59836820291572124
12614,15760,15761,1,1,0.74333099240818101
12615,15762,15763,2,1,0.5246578717685445
12616,15763,15764,1,0,0.67179773573476642
12617,15765,15766,3,1,0.77321542884622185
12618,15766,15767,2,0,0.36093171663042212
12619,15768,15769,4,1,0.15506726448073885
12620,15770,15771,3,1,0.40636636639461809
12621,15771,15772,1,0,0.042970564196329906
12622,15772,15773,1,1,0.62580354960607742
12623,15773,15774,1,0,0
12624,15775,15776,2,0,0.21391319136519318
12625,15776,15777,3,0,0.080300618935506052
12626,15778,15779,1,1,0.70608540118151486
12627,15779,15780,4,0,0.088054913009987787
12628,15780,15781,5,0,0.079669999416195042
12629,15781,15782,2,0,0.078925892162227132
12630,15782,15783,2,0,0.17516491120356434
12631,15783,15784,1,0,0.13716878057415705
12632,15785,15786,5,0,0.083792772329324916
12633,15786,15787,3,0,0.18749575742428462
12634,15788,15789,1,1,0.63803517334189219
12635,15789,15790,5,0,0.12752147529365737
12636,15791,15792,1,0,0.13056597027830139
12637,15792,15793,4,1,0.18639311857826388
12638,15795,15796,5,1,0.15083700654164142
12639,15796,15797,2,0,0.038098286977661842
12640,15797,15798,1,0,0.11548317330081634
12641,15798,15799,3,0,0.51729362541512691
12642,15800,15801,4,0,0.45930176887685392
12643,15802,15803,4,0,0.55480988255027408
12644,15803,15804,2,0,0.080066788465901664
12645,15804,15805,2,0,0.098457303309836375
12646,15805,15806,2,0,0.23733578897726842
12647,15807,15808,4,0,0.11037663701986149
12648,15808,15809,5,0,0.62898656073922621
12649,15809,15810,1,0,0.075721369114928244
12650,15811,15812,3,0,0.1616547564790608
12651,15812,15813,4,0,0.038685931550728685
12652,15813,15814,3,1,0.18027911627945692
12653,15814,15815,4,0,0.23297033998848696
12654,15815,15816,2,0,0.40399777128263992
12655,15816,15817,1,0,0.19228614500729849
12656,15817,15818,2,0,0.16477442312266649
12657,15819,15820,2,0,0.34809545480930365
12658,15820,15821,4,0,0.85433343963534547
12659,15822,15823,3,1,0.33078234917938393
12660,15823,15824,5,0,0.43768140607095801
12661,15824,15825,4,0,0.39512498155842951
12662,15825,15826,1,0,0.18657240821715607
12663,15826,15827,4,1,0.67528209327770139
12664,15827,15828,2,0,0
12665,15828,15829,5,0,0.036583803564106898
12666,15829,15830,5,0,0.13745869245112302
12667,15830,15831,2,0,0.037506515875501488
12668,15831,15832,4,1,0.25974940651745743
12669,15832,15833,2,0,0.32720480733760826
12670,15833,15834,5,0,0.079710072803039378
12671,15834,15835,5,1,0.57460297179070796
12672,15835,15836,4,0,0.43843968420275325
12673,15837,15838,5,0,0.078218508003504925
12674,15838,15839,3,0,0
12675,15839,15840,2,0,0.27236723045012673
12676,15840,15841,2,0,0.034446658563194246
12677,15841,15842,4,0,0.10081914623528511
12678,15842,15843,5,1,0.62992295217240935
12679,15843,15844,2,1,0.56909366128839345
12680,15844,15845,4,0,0.1791824297137363
12681,15845,15846,3,0,0.23772647229357144
12682,15846,15847,2,1,0.040230135163211375
12683,15849,15850,1,0,0.24484970342626627
12684,15850,15851,1,1,0.66517235279789211
12685,15851,15852,3,0,0.3430834213287946
12686,15852,15853,2,0,0.3444458983828918
12687,15853,15854,3,1,0.80359027752632828
12688,15854,15855,1,0,0.03627254113257803
12689,15855,15856,5,1,0.6454297486196664
12690,15856,15857,4,0,0.51183262526294615
12691,15857,15858,4,0,0.077882438952242602
12692,15858,15859,5,0,0.16899262001635085
12693,15860,15861,4,0,0.039348031091131871
12694,15862,15863,1,1,0.14189130055217022
12695,15863,15864,3,0,0.32737485602082372
12696,15864,15865,4,0,0.23150768764551383
12697,15865,15866,2,0,0.15832765977593227
12698,15866,15867,5,0,0.31072924788190481
12699,15867,15868,5,1,0.62201789531577889
12700,15869,15870,3,0,0
12701,15870,15871,5,0,0.082026622970204369
12702,15871,15872,4,0,0.77648778391654183
12703,15873,15874,1,0,0.078348169393896619
12704,15874,15875,3,0,0.14518197120128673
12705,15875,15876,3,1,0.41968630802798373
12706,15876,15877,2,0,0.084293144242305176
12707,15878,15879,1,1,0.063184261082862611
12708,15879,15880,2,0,0.098259542256827273
12709,15880,15881,3,0,0.03691632774829396
12710,15881,15882,1,0,0.11607607086089518
12711,15883,15884,4,0,0.38178061093235643
12712,15884,15885,1,0,0.18430593950715546
12713,15885,15886,5,0,0.59758543205343573
12714,15891,15892,3,0,0.031293508549988136
12715,15892,15893,3,0,0.27848639174845785
12716,15893,15894,4,0,0.12053381603258877
12717,15894,15895,2,0,0.11620612763924477
12718,15895,15896,4,0,0.36555650203299561
12719,15896,15897,4,1,0.21372884740258843
12720,15898,15899,4,1,0.43605414789648222
12721,15901,15902,5,0,0.039115683458927977
12722,15902,15903,3,1,0.29001741584680613
12723,15903,15904,5,1,0.75595652208869279
12724,15904,15905,2,0,0.11508082263805236
12725,15905,15906,4,0,0.1572740970516385
12726,15907,15908,3,0,0.83614254489073758
12727,15908,15909,1,0,0.16783386202065945
12728,15910,15911,5,0,0.072976082734274861
12729,15911,15912,1,0,0.04160090552943297
12730,15912,15913,5,0,0.1592441857776222
12731,15913,15914,2,1,0.25008067625315283
12732,15914,15915,4,1,0.18357407294084158
12733,15915,15916,1,0,0.23176219366801204
12734,15916,15917,1,1,0.2884838020629335
12735,15917,15918,4,0,0.078852463321354413
12736,15918,15919,2,0,0.037899184091321439
12737,15919,15920,2,0,0.66761396423158703
12738,15920,15921,3,0,0.088858291535458475
12739,15921,15922,1,0,0.10131439118711141
12740,15922,15923,3,1,0.6669459076113039
12741,15924,15925,4,1,0.54509673836852823
12742,15926,15927,3,0,0
12743,15927,15928,4,0,0.20031750953312308
12744,15928,15929,4,0,0.18409180990063734
12745,15929,15930,3,1,0.60985876570802411
12746,15931,15932,2,0,0.19686763099908672
12747,15932,15933,2,0,0.11865882433067568
12748,15933,15934,5,0,0.069187279008822197
12749,15934,15935,4,0,0.11673949929287707
12750,15936,15937,2,0,0.11094826374187911
12751,15937,15938,5,0,0.55071350016370102
12752,15938,15939,2,0,0.075034791851698909
12753,15939,15940,4,1,0.61439768288044028
12754,15940,15941,1,0,0.098958698460823627
12755,15941,15942,3,0,0.82754779295461711
12756,15942,15943,4,0,0.035319308020824107
12757,15943,15944,5,0,0
12758,15944,15945,5,0,0.0986859592998868
12759,15946,15947,4,0,0.25750122072405213
12760,15947,15948,4,1,0.8446717238548398
12761,15948,15949,5,0,0.063229028956017397
12762,15949,15950,4,0,0
12763,15951,15952,3,0,0.11331503053976331
12764,15952,15953,5,0,0
12765,15953,15954,2,0,0.22373493980534251
12766,15954,15955,3,1,0.67934858945398047
12767,15956,15957,2,0,0.23299619324117482
12768,15957,15958,5,1,0.64647161363371286
12769,15958,15959,3,0,0.080424635232239791
12770,15959,15960,5,1,0.75844520881735233
12771,15961,15962,1,0,0.3647156084220109
12772,15962,15963,3,0,0.13221377783229935
12773,15963,15964,1,0,0.14398373725017755
12774,15965,15966,2,0,0.20156193767857786
12775,15966,15967,4,0,0.11654785096352953
12776,15967,15968,3,1,0.20185354594347313
12777,15968,15969,5,0,0.23468478730790351
12778,15969,15970,3,1,0.5055925436704376
12779,15970,15971,3,1,0.26147814406466036
12780,15971,15972,1,0,0.040784064405647039
12781,15973,15974,2,1,0.27733794049520638
12782,15975,15976,5,1,0.38551328862922107
12783,15977,15978,5,0,0.14034301003763719
12784,15978,15979,1,1,0.25766635555202777
12785,15979,15980,5,0,0.072455975221820235
12786,15981,15982,1,0,0.2617728065008923
12787,15982,15983,3,0,0.44082504622175089
12788,15983,15984,2,1,0.52343199085713876
12789,15984,15985,5,1,0.17840474824370639
12790,15985,15986,1,0,0.32622345233119998
12791,15986,15987,5,0,0
12792,15987,15988,5,1,0.65653280807288039
12793,15989,15990,3,0,0.20276572087981379
12794,15990,15991,3,0,0.16358325139738361
12795,15991,15992,4,0,0.60170293384641582
12796,15992,15993,1,0,0.30109034435598531
12797,15993,15994,4,0,0.038416841741843233
12798,15994,15995,2,0,0.096284290665297506
12799,15995,15996,5,0,0.034939049405572638
12800,15997,15998,2,0,0.23949041620736575
12801,15998,15999,3,1,0.27541194974106703
12802,15999,16000,3,0,0.072076427266394724
12803,16000,16001,5,1,0.78836721233787277
12804,16001,16002,3,0,0.16795871982593297
12805,16002,16003,2,1,0.4075654350475964
12806,16003,16004,4,0,0
12807,16004,16005,4,0,0
12808,16006,16007,2,0,0.11693817396556548
12809,16008,16009,2,0,0.033911298774447915
12810,16010,16011,4,0,0.16302329860956052
12811,16011,16012,1,0,0.19825095584661884
12812,16013,16014,2,0,0.037448391540224495
12813,16014,16015,2,0,0.28997663580122707
12814,16015,16016,4,0,0.13196043286139267
12815,16016,16017,5,0,0.57906489489940227
12816,16017,16018,4,0,0.24964358944161968
12817,16019,16020,2,0,0.22275647848103611
12818,16020,16021,4,0,0.36679746705387056
12819,16021,16022,5,0,0.14548037594293695
12820,16022,16023,4,0,0.038654139545761822
12821,16023,16024,5,0,0.17122903621041216
12822,16024,16025,1,0,0.038451450929689587
12823,16025,16026,2,1,0.68060985798363494
12824,16026,16027,3,1,0.53603047029613082
12825,16027,16028,1,0,0.50453754810836138
12826,16028,16029,1,1,0.52804845824304369
12827,16029,16030,2,1,0.48850542458522334
12828,16030,16031,5,0,0.038869584930785815
12829,16031,16032,4,0,0.44563099089216873
12830,16032,16033,3,0,0.21455596676711194
12831,16033,16034,1,1,0.24580149606305174
12832,16034,16035,2,0,0.036736012730456451
12833,16035,16036,5,0,0.43142539532771035
12834,16036,16037,2,0,0.17073786326136725
12835,16037,16038,4,0,0.096785470614272173
12836,16038,16039,1,0,0.39279484959307631
12837,16039,16040,3,1,0.67612287935865323
12838,16040,16041,2,0,0.22254141453438944
12839,16041,16042,2,0,0.12292894576418653
12840,16042,16043,1,0,0.37420082540497779
12841,16043,16044,1,1,0.21540386282981891
12842,16044,16045,4,0,0.40281834662299165
12843,16045,16046,5,0,0.11455274809773068
12844,16046,16047,5,1,0.20022992281612437
12845,16047,16048,2,0,0.57918954485120622
12846,16048,16049,4,0,0.07689817914445278
12847,16049,16050,3,0,0.6435812904528958
12848,16052,16053,1,1,0.75991606825538216
12849,16053,16054,2,0,0.1224269115385815
12850,16054,16055,2,0,0.038584669900698226
12851,16057,16058,1,0,0.13385857592009201
12852,16058,16059,5,0,0.090928276768544092
12853,16059,16060,5,1,0.18946555256723635
12854,16060,16061,1,0,0.50036274208254261
12855,16061,16062,2,0,0.094476518391709396
12856,16062,16063,5,0,0.087555413700513327
12857,16063,16064,5,0,0.36685536478654218
12858,16064,16065,4,0,0.36137065645609928
12859,16065,16066,1,0,0.039682248571954314
12860,16066,16067,4,1,0.55267408085763947
12861,16067,16068,3,0,0.17452462761335344
12862,16068,16069,3,0,0.28988799051135122
12863,16070,16071,1,0,0.081409023836262168
12864,16072,16073,3,0,0.19481839648601904
12865,16074,16075,5,0,0.35341672373188665
12866,16075,16076,1,1,0.78174702927850115
12867,16076,16077,5,0,0.16499406636170552
12868,16077,16078,3,0,0.22521925691967354
12869,16078,16079,2,1,0.10198533959004963
12870,16079,16080,2,0,0.16826177462933078
12871,16082,16083,1,0,0.54864480487124412
12872,16083,16084,3,0,0.4702721848648076
12873,16084,16085,2,0,0.037047687778197606
12874,16085,16086,1,1,0.10261758963304993
12875,16086,16087,4,0,0.11598510105868254
12876,16089,16090,1,1,0.4438396659751756
12877,16090,16091,3,0,0.1515542259683276
12878,16091,16092,1,1,0.54144580485813887
12879,16092,16093,3,1,0.7023700926783798
12880,16093,16094,5,0,0.043338876572189183
12881,16094,16095,4,1,0.52876371447902293
12882,16095,16096,2,0,0.30693588748734729
12883,16096,16097,1,0,0.071746490328569543
12884,16097,16098,3,1,0.74208659553699063
12885,16098,16099,4,1,0.82091861773687969
12886,16101,16102,1,0,0.11736372140945373
12887,16102,16103,2,0,0
12888,16105,16106,3,1,0.23164249586567068
12889,16106,16107,4,1,0.046130372991770544
12890,16107,16108,1,1,0.24367874286628224
12891,16108,16109,5,0,0.064848151036758797
12892,16109,16110,5,0,0
12893,16110,16111,1,1,0.07437312070674372
12894,16111,16112,4,0,0.15776727475651497
12895,16112,16113,3,0,0.077621742013142522
12896,16113,16114,3,0,0.1536060313944268
12897,16114,16115,4,0,0.036939161030169809
12898,16115,16116,3,1,0.20087514497771691
12899,16116,16117,4,1,0.075150414325582796
12900,16117,16118,4,0,0.038503825271779028
12901,16118,16119,1,0,0.22176088447828177
12902,16119,16120,2,0,0.038181922828729092
12903,16120,16121,1,0,0.15695315731344606
12904,16122,16123,3,0,0.075982705420888391
12905,16124,16125,5,1,0.67315375265121047
12906,16126,16127,3,0,0.62147333009224259
12907,16127,16128,5,0,0.21645040822307754
12908,16130,16131,3,0,0.19687711052817511
12909,16133,16134,5,1,0.058632234208201447
12910,16134,16135,1,1,0.27006832357627064
12911,16135,16136,5,1,0.076296827363002778
12912,16136,16137,5,0,0.65196601529040765
12913,16137,16138,5,1,0.15008453691174486
12914,16138,16139,3,1,0.22568669861338142
12915,16140,16141,5,0,0.61368055464355242
12916,16141,16142,4,0,0.77146971213332505
12917,16142,16143,3,0,0.040702366765238453
12918,16144,16145,1,0,0
12919,16145,16146,4,0,0.11481343622890022
12920,16146,16147,5,0,0.12103184013114662
12921,16148,16149,5,1,0.08167718692310047
12922,16149,16150,4,0,0.10382773920167609
12923,16150,16151,2,0,0.36448651786297426
12924,16151,16152,5,0,0.076058297618545143
12925,16152,16153,3,0,0.21536364303708525
12926,16153,16154,5,0,0.15716387414871605
12927,16154,16155,5,1,0.61714139781652211
12928,16155,16156,4,1,0.18000889293573233
12929,16156,16157,4,1,0.12155856704429506
12930,16157,16158,3,1,0.64218881117170445
12931,16158,16159,5,0,0.080361198544437393
12932,16159,16160,4,0,0.026653950591329453
12933,16160,16161,2,0,0.035173934321272943
12934,16161,16162,5,0,0.043869505993196584
12935,16162,16163,1,1,0.54456023126821118
12936,16163,16164,2,0,0.27347833721202697
12937,16164,16165,1,0,0.14141796423708752
12938,16165,16166,1,0,0.25970226584096634
12939,16166,16167,1,0,0.1821155300806066
12940,16167,16168,4,0,0.2483247956630926
12941,16168,16169,1,0,0.14394540805396058
12942,16169,16170,1,1,0.052193151861449877
12943,16170,16171,5,0,0.26890313031270502
12944,16171,16172,5,0,0.12166141499392048
12945,16172,16173,4,0,0.10700399249201351
12946,16173,16174,4,0,0.037493589162162534
12947,16174,16175,5,1,0.040460823210105711
12948,16175,16176,2,0,0.06313072961369301
12949,16177,16178,4,1,0.68224323373501095
12950,16178,16179,3,0,0.17914968919535651
12951,16179,16180,1,1,0.24060243791475538
12952,16180,16181,2,0,0.076997553902586849
12953,16181,16182,3,1,0.15150016337887168
12954,16182,16183,4,0,0.039136565524471215
12955,16183,16184,5,1,0.25411686419340118
12956,16184,16185,5,1,0.14672885784334461
12957,16185,16186,1,0,0.13638858572041127
12958,16186,16187,2,0,0.18977079201382721
12959,16187,16188,5,0,0.67160098345731778
12960,16188,16189,4,1,0.59605361373501087
12961,16189,16190,3,0,0
12962,16190,16191,4,1,0.25742086057770763
12963,16191,16192,2,1,0.7016940335747508
12964,16193,16194,2,0,0.1050784465197806
12965,16194,16195,2,0,0.10913976393872463
12966,16196,16197,1,0,0.03373673565379684
12967,16197,16198,2,0,0.22739587363991201
12968,16198,16199,5,0,0.030498411565446151
12969,16199,16200,3,0,0.12142031854263231
12970,16200,16201,1,0,0.5
12971,16201,16202,4,0,0.03693724535364349
12972,16202,16203,5,0,0.08198000273317943
12973,16203,16204,1,0,0.15817709030172897
12974,16204,16205,2,0,0.28324994620042437
12975,16205,16206,4,0,0.12150168994574194
12976,16206,16207,5,0,0
12977,16207,16208,1,0,0.085400086741439146
12978,16208,16209,2,1,0
12979,16209,16210,4,1,0.77980890500453981
12980,16210,16211,2,0,0.23644444264166181
12981,16211,16212,3,0,0.57747817327719642
12982,16212,16213,4,0,0.1202922215245569
12983,16213,16214,3,0,0.12148885986498789
12984,16214,16215,2,0,0.1643578716849726
12985,16215,16216,3,0,0
12986,16216,16217,2,0,0.036592174815325541
12987,16217,16218,5,0,0.082614836282187673
12988,16218,16219,4,0,0.15014276129513804
12989,16220,16221,1,0,0.073345916955038157
12990,16221,16222,5,0,0.10444947190917354
12991,16222,16223,3,1,0.80658004126508231
12992,16223,16224,5,1,0.72447876518081689
12993,16224,16225,5,1,0.33696652570079633
12994,16225,16226,2,1,0.097720617996976358
12995,16226,16227,4,1,0.73300439556433561
12996,16227,16228,4,0,0.36062544254991052
12997,16228,16229,2,1,0.64069942215379461
12998,16229,16230,4,0,0.07913788916413364
12999,16230,16231,1,0,0.13980828922319657
13000,16231,16232,5,1,0.24902425488109917
13001,16232,16233,1,0,0
13002,16233,16234,5,0,0
13003,16234,16235,2,0,0.16516732208826129
13004,16235,16236,4,1,0.72850588237974412
13005,16236,16237,3,0,0.61628311665458979
13006,16237,16238,1,1,0.63236035702964666
13007,16238,16239,1,0,0.11522506460289025
13008,16239,16240,1,0,0.076319176049398002
13009,16241,16242,4,0,0.035353689717371288
13010,16242,16243,4,0,0.44090048298402046
13011,16243,16244,2,1,0.16962814806092422
13012,16244,16245,4,0,0.20854541575085639
13013,16245,16246,2,0,0.074421532610792457
13014,16246,16247,3,1,0.62767059030236017
13015,16247,16248,2,1,0.71905683729141401
13016,16248,16249,1,0,0.20412993362625037
13017,16251,16252,5,0,0.4869827632019631
13018,16252,16253,3,0,0.077684542603543502
13019,16253,16254,4,0,0
13020,16255,16256,2,0,0.2992453798357918
13021,16257,16258,1,1,0.11565292596513287
13022,16258,16259,1,0,0.17813658834593443
13023,16259,16260,3,1,0.60757472912809718
13024,16260,16261,2,0,0.42582481528092492
13025,16261,16262,1,0,0.027777083890349479
13026,16263,16264,3,0,0.078949156345861429
13027,16264,16265,5,1,0.58906763217662161
13028,16265,16266,5,0,0.081957547506458492
13029,16267,16268,3,0,0.12717634288202009
13030,16268,16269,2,0,0.077876393472823963
13031,16269,16270,4,0,0.03718379820522065
13032,16270,16271,2,0,0.076494903160362032
13033,16272,16273,1,0,0.36651282755495734
13034,16274,16275,3,0,0.35209081968194861
13035,16275,16276,2,0,0.12848041277699412
13036,16278,16279,1,0,0.12556062886083891
13037,16280,16281,1,0,0.12751927173146732
13038,16281,16282,4,0,0.25700986377994889
13039,16282,16283,4,0,0.090149585443056013
13040,16284,16285,1,0,0.65446137283362982
13041,16285,16286,3,0,0.22656815918088935
13042,16286,16287,2,0,0.67262668288391436
13043,16287,16288,4,0,0.28858430647161365
13044,16288,16289,1,1,0.1665502352545073
13045,16289,16290,1,1,0.76822796897080903
13046,16290,16291,3,1,0.28926161606516848
13047,16291,16292,3,0,0.14655720910606165
13048,16292,16293,5,1,0.24786499805841769
13049,16293,16294,1,0,0.18480885937922575
13050,16295,16296,4,0,0.29997288857076287
13051,16296,16297,2,0,0.19300406932090577
13052,16297,16298,1,1,0.85804371162466309
13053,16298,16299,3,0,0.11772570753889482
13054,16299,16300,4,1,0.43545766479217279
13055,16300,16301,4,0,0.036284580645571538
13056,16301,16302,3,0,0.21136299847021348
13057,16302,16303,5,1,0.78667456856209061
13058,16303,16304,2,0,0.037898599317928959
13059,16304,16305,3,1,0.63903588860262517
13060,16305,16306,4,1,0.26526076989134573
13061,16306,16307,2,0,0.19346362618573915
13062,16307,16308,4,1,0.59512431968372703
13063,16309,16310,4,0,0.79020830041355861
13064,16310,16311,2,0,0.037149148342604729
13065,16311,16312,1,0,0.033952167870653971
13066,16313,16314,5,0,0.1134315741579042
13067,16314,16315,4,0,0.099929087568468911
13068,16315,16316,2,0,0.42346670785058815
13069,16316,16317,3,0,0.27387590950309126
13070,16317,16318,4,0,0.11583367412919529
13071,16318,16319,1,0,0.19899989351071048
13072,16319,16320,2,0,0.13152794931966774
13073,16320,16321,4,0,0.22043595686630657
13074,16322,16323,3,1,0.14705481602638007
13075,16323,16324,1,0,0.12680726517906227
13076,16324,16325,2,1,0.11303985792602643
13077,16326,16327,1,1,0.038579338758377477
13078,16328,16329,1,0,0.36200601645078934
13079,16329,16330,3,0,0.12287607952940809
13080,16330,16331,2,1,0.87723976322718977
13081,16331,16332,5,0,0.1735451435988733
13082,16332,16333,5,0,0.23830948415549094
13083,16333,16334,4,1,0.079719029694644034
13084,16334,16335,4,0,0.12436984813550436
13085,16336,16337,2,0,0.13567196028503756
13086,16337,16338,3,1,0.076863197020596255
13087,16338,16339,4,1,0.11817336337149267
13088,16339,16340,1,1,0.82605442978727617
13089,16340,16341,2,0,0.20287805825561087
13090,16341,16342,4,0,0.27276178993619038
13091,16343,16344,3,1,0.28207607665142531
13092,16345,16346,5,0,0
13093,16346,16347,3,1,0.36264503270120624
13094,16347,16348,2,0,0.59755559078644771
13095,16348,16349,3,0,0.26690470723495335
13096,16349,16350,3,1,0.070672013678983972
13097,16350,16351,2,0,0.67067654588024894
13098,16351,16352,5,0,0.078979794095221281
13099,16352,16353,5,1,0.077192690539949718
13100,16353,16354,2,1,0.22453609170040786
13101,16354,16355,2,0,0.038641550770279726
13102,16355,16356,2,0,0.29765230298232537
13103,16356,16357,5,0,0.081702511735616268
13104,16357,16358,4,0,0.42157899091555573
13105,16358,16359,1,0,0.23500571086318264
13106,16359,16360,5,0,0.40080745876130147
13107,16360,16361,1,0,0.073485858963861117
13108,16361,16362,2,0,0.19801042189544343
13109,16363,16364,5,0,0.059341988665833255
13110,16364,16365,3,0,0.20007356483595184
13111,16365,16366,5,0,0.25098230421905759
13112,16366,16367,2,0,0.3105727259747203
13113,16368,16369,5,0,0.078411520336436169
13114,16369,16370,4,0,0
13115,16370,16371,2,0,0.1161342235647865
13116,16371,16372,4,0,0
13117,16372,16373,2,0,0.11189688859449459
13118,16374,16375,1,1,0.85305831360795714
13119,16375,16376,5,1,0.63796307506226224
13120,16376,16377,5,1,0.84819469979084883
13121,16378,16379,1,0,0.039194175537845925
13122,16379,16380,3,1,0.62131104898847112
13123,16381,16382,4,1,0.078033071689149788
13124,16382,16383,2,1,0.28265155319462226
13125,16383,16384,4,0,0.35464548324633
13126,16384,16385,2,0,0.17295774248254692
13127,16385,16386,5,0,0.14744744338652124
13128,16386,16387,4,1,0.18636950165675761
13129,16388,16389,2,0,0.17023476792544839
13130,16389,16390,1,0,0.50036505868433612
13131,16390,16391,3,1,0.19760629945495667
13132,16391,16392,3,1,0.15343246167218794
13133,16394,16395,5,0,0.12341894742009138
13134,16396,16397,2,0,0.58368977297204738
13135,16397,16398,2,0,0.15030675122884718
13136,16398,16399,1,0,0.025366506900691921
13137,16399,16400,2,0,0.1163995919767455
13138,16400,16401,5,1,0.72369958748527774
13139,16402,16403,1,0,0.13114951446085929
13140,16403,16404,2,0,0.10643435790582008
13141,16404,16405,1,0,0.34347207454568546
13142,16405,16406,2,1,0.085267285430668208
13143,16407,16408,3,0,0.17391225135804481
13144,16408,16409,4,0,0.13948741505697854
13145,16409,16410,5,0,0.077908721737844161
13146,16410,16411,2,0,0.36078242226384999
13147,16411,16412,5,0,0.083705326255342369
13148,16412,16413,3,0,0.32923636159268205
13149,16413,16414,4,0,0.18340477570728592
13150,16414,16415,5,0,0.11172580570087048
13151,16415,16416,3,0,0.6186749158029401
13152,16416,16417,2,0,0.27530423161135348
13153,16418,16419,4,0,0.049618616347292283
13154,16419,16420,5,0,0.06739644631453319
13155,16420,16421,2,0,0.040082328633388786
13156,16421,16422,2,0,0.2384533990803922
13157,16422,16423,4,0,0.03090029852373893
13158,16423,16424,1,1,0.074223857404936811
13159,16425,16426,4,0,0.31081259852697191
13160,16426,16427,2,0,0.44145306574603405
13161,16427,16428,4,0,0.32381375775536986
13162,16428,16429,2,0,0.17364227755672695
13163,16430,16431,1,0,0.03907103864718605
13164,16431,16432,5,0,0.55732960231613504
13165,16432,16433,5,1,0.087863676633475926
13166,16433,16434,2,1,0.027995240641286809
13167,16434,16435,1,1,0.20743577451173217
13168,16437,16438,2,0,0.11017081167372292
13169,16438,16439,1,1,0.35373050977040077
13170,16439,16440,5,1,0.30477845558497385
13171,16440,16441,4,1,0.27146589128411397
13172,16441,16442,2,0,0.40193605670549465
13173,16442,16443,5,0,0.11935226712882151
13174,16443,16444,1,0,0.27917616118542676
13175,16444,16445,1,0,0.13128074855389066
13176,16447,16448,4,0,0.11475427161727067
13177,16448,16449,1,1,0.13467899696491131
13178,16449,16450,5,0,0.1976091377050824
13179,16450,16451,1,0,0.19579958915120119
13180,16451,16452,2,1,0.81003296311789319
13181,16453,16454,3,0,0.2710713676792762
13182,16454,16455,2,1,0.79891775106020657
13183,16455,16456,4,0,0.76516171087429252
13184,16457,16458,3,0,0.13488908475325453
13185,16458,16459,3,0,0.51140916382058632
13186,16461,16462,3,1,0.50597708116953088
13187,16462,16463,2,0,0.15768891959363288
13188,16464,16465,5,0,0.10133819703850719
13189,16465,16466,2,0,0.03472111115086976
13190,16466,16467,5,0,0.14723688278902122
13191,16467,16468,5,1,0.378890309746587
13192,16469,16470,2,1,0.74522925070548363
13193,16471,16472,5,0,0.13106424619734536
13194,16472,16473,1,0,0
13195,16473,16474,1,0,0.1811667870108554
13196,16474,16475,2,0,0.21468443616574723
13197,16475,16476,2,1,0.40579716989022013
13198,16476,16477,1,0,0.10779196664595933
13199,16477,16478,2,1,0.81773069833322054
13200,16478,16479,5,1,0.67276610893435085
13201,16479,16480,5,1,0.48316878698543125
13202,16480,16481,1,1,0.15713854121871274
13203,16481,16482,5,0,0.20418181151109754
13204,16482,16483,3,1,0.46080655175238244
13205,16483,16484,5,0,0.076856234280557073
13206,16484,16485,1,1,0.25323303041177786
13207,16485,16486,3,0,0.21029137903440967
13208,16486,16487,1,0,0.033190999717954806
13209,16487,16488,5,1,0.67131382867328004
13210,16488,16489,3,0,0.25319888465607376
13211,16489,16490,4,1,0.87445680638121925
13212,16491,16492,2,0,0.18071028142199394
13213,16492,16493,5,0,0.14058385275043062
13214,16493,16494,4,0,0.10217765454080012
13215,16495,16496,2,1,0.40303957785016281
13216,16496,16497,3,0,0.25578941801944283
13217,16497,16498,3,0,0.7577125044589802
13218,16498,16499,4,0,0.25761936812735931
13219,16499,16500,5,0,0.11058334574553377
13220,16500,16501,3,1,0.052052851567077583
13221,16501,16502,5,0,0.18848865160108616
13222,16502,16503,5,1,0.66701184253297074
13223,16504,16505,5,0,0.11801405326798962
13224,16505,16506,3,1,0.58659922806061626
13225,16506,16507,1,1,0.12189767618676532
13226,16507,16508,1,1,0.77492457251382241
13227,16509,16510,5,1,0.15459278820625358
13228,16510,16511,1,0,0.11796609504664268
13229,16511,16512,2,1,0.76746285180426999
13230,16512,16513,2,1,0.59899903111038821
13231,16513,16514,5,0,0.15640732966035392
13232,16514,16515,5,1,0.67978199135859518
13233,16515,16516,1,1,0.57347163398652801
13234,16517,16518,3,1,0.84216125783626228
13235,16518,16519,4,0,0.20332920548245242
13236,16520,16521,4,0,0.77033919365255821
13237,16521,16522,1,1,0.49120388105387347
13238,16525,16526,4,0,0.14296762581783998
13239,16527,16528,5,0,0.039793716271501897
13240,16528,16529,5,0,0.16780408422997672
13241,16529,16530,2,0,0.15037411650354024
13242,16530,16531,1,0,0.12610069870259571
13243,16531,16532,5,0,0.18681008121734763
13244,16532,16533,3,0,0.15023543246598547
13245,16534,16535,1,0,0.19577481694133186
13246,16535,16536,3,1,0.60067245622800336
13247,16536,16537,5,0,0
13248,16537,16538,5,0,0.27351912670316786
13249,16538,16539,3,0,0.40212719226868354
13250,16539,16540,3,0,0.089261108668620193
13251,16540,16541,5,0,0.57861332780388641
13252,16541,16542,3,1,0.43852124977992968
13253,16543,16544,2,1,0.60883302439532005
13254,16544,16545,4,0,0.029482552554844395
13255,16546,16547,3,1,0.074437081701206206
13256,16547,16548,1,0,0.078288866975120927
13257,16548,16549,3,0,0.77730270121200096
13258,16549,16550,1,0,0.58107201442274792
13259,16550,16551,1,0,0.079388140138849178
13260,16551,16552,1,0,0.15107549648985746
13261,16552,16553,5,1,0.16630476002157904
13262,16553,16554,3,0,0.38938740572248409
13263,16555,16556,5,0,0.31570836194391377
13264,16556,16557,3,0,0.11580121008067293
13265,16557,16558,5,0,0.11454678054481265
13266,16558,16559,4,1,0.76944402265729306
13267,16559,16560,3,1,0.27272726193379837
13268,16560,16561,5,0,0.038913442020093336
13269,16561,16562,4,1,0.20841692538197945
13270,16562,16563,3,0,0.18293115046891392
13271,16563,16564,2,0,0.079988057204253532
13272,16565,16566,5,0,0.035085037350588252
13273,16566,16567,5,1,0.63701053408735686
13274,16567,16568,3,0,0.54088771376430866
13275,16568,16569,4,0,0.35405259126758226
13276,16569,16570,3,0,0.045520381447314746
13277,16570,16571,4,1,0.19092770469775222
13278,16572,16573,1,0,0.18880081854267963
13279,16573,16574,4,0,0.30929964756796846
13280,16574,16575,4,0,0.40907781408868682
13281,16576,16577,5,0,0.57302378545115773
13282,16577,16578,2,0,0.035595465754621337
13283,16578,16579,2,1,0.68787402852793167
13284,16579,16580,1,0,0.038101651915634721
13285,16581,16582,2,0,0.79004686825169446
13286,16583,16584,3,0,0.037068443506566455
13287,16584,16585,5,1,0.14178797084084341
13288,16587,16588,1,0,0.041577209700902687
13289,16588,16589,1,0,0.041889232343500754
13290,16589,16590,5,0,0.21451847822628542
13291,16590,16591,1,0,0.5551039667583878
13292,16591,16592,5,0,0.35461195608403839
13293,16592,16593,1,1,0.75652666075394126
13294,16593,16594,5,0,0.55956122708482958
13295,16595,16596,3,1,0.04125490301016748
13296,16596,16597,5,0,0.097404897031835747
13297,16598,16599,4,1,0.395719958338277
13298,16599,16600,1,0,0.4380403529879705
13299,16600,16601,1,0,0.79990059394029278
13300,16601,16602,2,0,0.13029313199773784
13301,16602,16603,4,1,0.72147204064518022
13302,16603,16604,1,0,0.077477396896033571
13303,16604,16605,4,0,0.049616340477023971
13304,16605,16606,3,0,0.17169151140119809
13305,16607,16608,1,0,0.17794843332242288
13306,16608,16609,1,1,0.2837870475407045
13307,16609,16610,1,0,0.28165055531953553
13308,16610,16611,2,0,0.15213397984106611
13309,16613,16614,2,0,0.16653549862524464
13310,16614,16615,1,1,0.15424219144700238
13311,16615,16616,5,0,0.48869583272473005
13312,16616,16617,1,0,0.15459317428317224
13313,16617,16618,5,0,0.12102115215380403
13314,16618,16619,2,0,0.071757059289770289
13315,16619,16620,3,0,0.30465549010694087
13316,16620,16621,5,0,0.66876830029228429
13317,16621,16622,2,0,0.13331916087750695
13318,16623,16624,3,0,0.040393436650802202
13319,16624,16625,4,0,0
13320,16626,16627,1,1,0.075127449171073099
13321,16627,16628,5,1,0
13322,16628,16629,4,0,0.40711760581740797
13323,16631,16632,2,1,0.66246217241152094
13324,16632,16633,5,0,0.20353345238184181
13325,16633,16634,4,1,0.58523797839959146
13326,16634,16635,5,1,0.6368765395928806
13327,16635,16636,2,0,0
13328,16636,16637,4,1,0.18829637661877194
13329,16637,16638,3,1,0.307985471686607
13330,16639,16640,3,1,0.37775345583370273
13331,16640,16641,2,1,0.48837904422688261
13332,16641,16642,2,0,0.10769072303261056
13333,16643,16644,1,0,0.20859387894413134
13334,16644,16645,1,1,0.41411047845556181
13335,16645,16646,1,0,0.074145737033313883
13336,16646,16647,4,0,0.25197885608441828
13337,16647,16648,3,0,0.12827345191181386
13338,16648,16649,5,0,0.19352009453514832
13339,16649,16650,3,1,0.7522470129231329
13340,16650,16651,3,0,0.22455351648851254
13341,16651,16652,2,1,0.55241902958837741
13342,16652,16653,5,0,0.22657128607413349
13343,16653,16654,4,0,0.11590653315259497
13344,16654,16655,3,1,0.10977698500511852
13345,16657,16658,5,0,0.1133625637661524
13346,16659,16660,4,0,0.10127928951504109
13347,16661,16662,2,0,0.066137636462149846
13348,16662,16663,5,1,0.49220543725641502
13349,16663,16664,2,0,0.071956827625908021
13350,16666,16667,3,1,0
13351,16667,16668,1,1,0.50821572373126878
13352,16668,16669,5,0,0.14684747626877093
13353,16669,16670,2,0,0.11833989710468337
13354,16670,16671,4,0,0.25186521103923754
13355,16671,16672,5,0,0.039384043860857983
13356,16673,16674,5,0,0.1540894895733918
13357,16674,16675,3,0,0.38831131144685971
13358,16675,16676,3,0,0.085667280974529192
13359,16676,16677,5,0,0.060978124221154006
13360,16677,16678,3,0,0.18859394946963187
13361,16678,16679,4,0,0.60062647189516105
13362,16679,16680,4,1,0.66494078392876232
13363,16680,16681,5,0,0.13047079878704917
13364,16681,16682,3,0,0.53567528625254046
13365,16683,16684,4,1,0.72647178482575481
13366,16684,16685,2,0,0.15710158309674344
13367,16687,16688,3,0,0.13565741572054982
13368,16688,16689,2,1,0.28423571615765175
13369,16690,16691,3,1,0.51952324630903046
13370,16691,16692,2,0,0.12976463436122276
13371,16692,16693,4,0,0.11819539878844211
13372,16693,16694,2,1,0.68837276747437759
13373,16694,16695,1,0,0.037948922175047944
13374,16695,16696,5,0,0.1550749036106881
13375,16696,16697,1,0,0.75637638202958124
13376,16697,16698,2,0,0.62686707690741639
13377,16698,16699,4,0,0.17304374571564751
13378,16699,16700,5,1,0.7685109392843541
13379,16700,16701,1,1,0.31817170563488634
13380,16701,16702,1,0,0.079260811606371495
13381,16703,16704,1,0,0.33792561779308833
13382,16705,16706,4,0,0.11598938523411001
13383,16707,16708,3,0,0.11092875223021961
13384,16708,16709,2,0,0.19934645891307104
13385,16709,16710,2,0,0.1506887232748817
13386,16710,16711,5,0,0.56243978599035727
13387,16711,16712,4,1,0.44169307385898765
13388,16713,16714,5,1,0.56784087080202694
13389,16714,16715,1,0,0.21312206420465651
13390,16715,16716,5,0,0.079762114599607095
13391,16717,16718,5,1,0.35005458237383563
13392,16718,16719,2,0,0.21849029476270451
13393,16719,16720,1,0,0.11525840109156545
13394,16720,16721,5,1,0.19211323237768646
13395,16721,16722,3,0,0.19351308616823956
13396,16722,16723,5,1,0.71839196693045626
13397,16723,16724,5,0,0.17759396739446068
13398,16724,16725,5,0,0.046379630204587886
13399,16725,16726,4,0,0.048208209336215675
13400,16726,16727,5,0,0.34653475681610069
13401,16727,16728,4,1,0.51576070236835114
13402,16728,16729,3,0,0.20194091116806551
13403,16730,16731,2,0,0.035410636116544554
13404,16731,16732,1,1,0.18974805561970362
13405,16732,16733,4,0,0.72717161346648918
13406,16733,16734,2,1,0.14141652937395963
13407,16735,16736,1,0,0.088757482851265682
13408,16736,16737,1,0,0.12806243626562808
13409,16737,16738,1,0,0.14969366043243706
13410,16738,16739,2,1,0.40973335318328419
13411,16739,16740,5,0,0.075794959193027173
13412,16740,16741,3,1,0.32393718022715851
13413,16741,16742,2,0,0.37493296160289535
13414,16742,16743,5,0,0.28513414213726607
13415,16743,16744,3,0,0.78433488244846172
13416,16744,16745,4,1,0.22984593203022541
13417,16745,16746,5,0,0.1640173302441546
13418,16746,16747,3,0,0.038018034531157867
13419,16747,16748,4,0,0.096516427621129122
13420,16749,16750,1,0,0.11331428542833834
13421,16750,16751,5,0,0.15088802822407285
13422,16751,16752,2,0,0.52652392206285559
13423,16752,16753,1,0,0.072353064551829951
13424,16753,16754,3,1,0.57090216803760063
13425,16754,16755,3,0,0.32283665370995168
13426,16755,16756,4,1,0.30341998643172358
13427,16757,16758,2,0,0.34598529705277747
13428,16758,16759,2,0,0.19404407826175057
13429,16759,16760,5,0,0.11954120666696845
13430,16762,16763,2,1,0.7709119198219202
13431,16763,16764,1,0,0.11755306875586635
13432,16764,16765,2,0,0.60202876435221786
13433,16765,16766,4,0,0.25171554324644241
13434,16766,16767,2,0,0.078801211445303804
13435,16767,16768,4,1,0.20202249863626831
13436,16769,16770,4,0,0.29361725949322198
13437,16770,16771,5,1,0.63473948668816027
13438,16771,16772,4,1,0.70530071852321963
13439,16772,16773,5,1,0.30499867286966897
13440,16773,16774,5,0,0.17716282917493892
13441,16774,16775,2,0,0.13149634598677407
13442,16775,16776,4,0,0.13665096643506353
13443,16776,16777,1,0,0.10131308575443955
13444,16777,16778,4,0,0.12765038417816557
13445,16778,16779,2,0,0.15885464901939383
13446,16779,16780,5,1,0.22922058330197034
13447,16780,16781,3,1,0.33894726979336764
13448,16781,16782,2,0,0.43455636871961734
13449,16783,16784,2,1,0.15840195079061833
13450,16784,16785,1,1,0.21921502255562014
13451,16786,16787,5,0,0.058271967801702573
13452,16787,16788,3,1,0.35006461646655179
13453,16789,16790,1,1,0.58630253122780163
13454,16790,16791,2,0,0.18039134855327388
13455,16791,16792,1,0,0.13599638222988489
13456,16792,16793,3,0,0.83815204602182614
13457,16793,16794,2,0,0.076969771825713171
13458,16794,16795,2,0,0.1237053992748927
13459,16796,16797,4,0,0.35226314695694638
13460,16797,16798,3,0,0.11567614385308467
13461,16798,16799,3,0,0.51739781554931352
13462,16799,16800,1,1,0.59150736623711442
13463,16800,16801,1,0,0.10462000990174448
13464,16801,16802,4,1,0.67935362544961397
13465,16802,16803,5,0,0.23053512173077059
13466,16804,16805,1,0,0.28534935606678974
13467,16805,16806,2,0,0.35273184390029499
13468,16806,16807,4,1,0.41940711888636312
13469,16807,16808,1,1,0.16621072468017228
13470,16809,16810,2,0,0.1179559114126407
13471,16811,16812,4,0,0.26564098623040849
13472,16812,16813,2,1,0.82566527674581625
13473,16813,16814,3,1,0.042258893147966346
13474,16814,16815,4,1,0.03182448079961718
13475,16815,16816,1,0,0.1673106488945138
13476,16816,16817,4,0,0.10469450182204253
13477,16817,16818,1,0,0.23844110753788669
13478,16819,16820,3,0,0.042611874119891674
13479,16821,16822,4,0,0.15184639006955969
13480,16822,16823,3,0,0.73606502426466336
13481,16824,16825,1,1,0.18369050895695682
13482,16825,16826,2,1,0.11681222572136418
13483,16826,16827,1,1,0.31512297330907763
13484,16827,16828,4,0,0.23444789819831066
13485,16828,16829,3,0,0.12371337206941528
13486,16829,16830,5,1,0.069090003085189422
13487,16831,16832,2,1,0.15465745006751852
13488,16832,16833,2,1,0.68565640198592392
13489,16834,16835,2,1,0.67586360852368554
13490,16835,16836,1,0,0.18786582268602126
13491,16836,16837,3,0,0.039815910139384278
13492,16837,16838,4,0,0.35728084826576972
13493,16838,16839,1,1,0.6421098168170728
13494,16839,16840,2,1,0.26582645873325789
13495,16840,16841,1,0,0.23046321776799719
13496,16843,16844,1,0,0.32666410778969546
13497,16844,16845,3,1,0.46103783189924374
13498,16845,16846,3,1,0.41689776053061461
13499,16847,16848,4,1,0.76605954976831392
13500,16848,16849,4,0,0.17470795939897188
13501,16849,16850,2,1,0.88234146896548882
13502,16850,16851,1,0,0.039357065603086765
13503,16851,16852,2,0,0.27664948766688968
13504,16852,16853,2,0,0.08247131210247223
13505,16854,16855,2,0,0.34396315414865342
13506,16855,16856,5,0,0.11002275999973697
13507,16857,16858,2,0,0.17470716090676541
13508,16858,16859,3,1,0.62058240430155931
13509,16859,16860,1,0,0.28341822585328069
13510,16860,16861,5,0,0.03789458107477324
13511,16861,16862,4,0,0.087506303111753531
13512,16862,16863,1,1,0.23550004539969355
13513,16863,16864,4,1,0.21420960517079746
13514,16864,16865,4,0,0.24050326524679941
13515,16865,16866,2,0,0
13516,16867,16868,1,0,0.16815800374186571
13517,16868,16869,2,0,0.12172657597513431
13518,16869,16870,2,1,0.50642911193068085
13519,16870,16871,1,0,0.45895594503871501
13520,16871,16872,3,1,0.58197562110152168
13521,16872,16873,4,1,0.28889998131307471
13522,16873,16874,1,0,0.13009898322561639
13523,16874,16875,4,0,0.31571750670867371
13524,16875,16876,2,0,0.15625495458421923
13525,16876,16877,5,0,0.06974511071879165
13526,16877,16878,5,1,0.079366525440583938
13527,16878,16879,3,0,0.036608553872963641
13528,16879,16880,3,0,0.13902385389670366
13529,16880,16881,4,0,0.60040358008151429
13530,16881,16882,1,0,0.088162398923836052
13531,16883,16884,2,0,0.15885578972511791
13532,16885,16886,4,0,0.14755851964798403
13533,16886,16887,1,0,0.10104627966937857
13534,16887,16888,5,0,0.099156669313254023
13535,16888,16889,1,0,0.04428592829363933
13536,16889,16890,1,1,0.72896049033796706
13537,16892,16893,3,0,0.29274117580839715
13538,16893,16894,1,0,0.11989773924452747
13539,16894,16895,5,1,0.22405038136125757
13540,16895,16896,5,1,0.51485541838065407
13541,16896,16897,5,0,0.1193609444309216
13542,16897,16898,5,0,0.11223217250768781
13543,16898,16899,2,0,0.15115565327548947
13544,16899,16900,3,0,0.087789462657037784
13545,16900,16901,3,0,0.5052836410165934
13546,16901,16902,3,0,0.11467695080877298
13547,16902,16903,4,0,0.18034776038434996
13548,16903,16904,1,0,0.089729067435705342
13549,16904,16905,5,0,0.1491998050203793
13550,16905,16906,1,0,0.16061015498012202
13551,16907,16908,2,1,0.27383839765609025
13552,16908,16909,4,1,0.54059874842189082
13553,16910,16911,5,0,0.070397042401539045
13554,16911,16912,1,0,0.16889321203926178
13555,16912,16913,5,0,0.36977333500302884
13556,16914,16915,5,1,0.74876428708911824
13557,16916,16917,4,0,0.034070146931808445
13558,16917,16918,3,0,0.089463370733497374
13559,16918,16919,4,0,0.1579669105285374
13560,16919,16920,3,0,0.68540156351738357
13561,16920,16921,4,0,0.11082636853343285
13562,16922,16923,5,1,0.16166227297041483
13563,16923,16924,3,0,0.29770767004453952
13564,16924,16925,4,0,0.26556373640744479
13565,16925,16926,5,1,0.7119322964635344
13566,16926,16927,5,0,0.10391704386601358
13567,16927,16928,1,0,0.072303717421660266
13568,16928,16929,1,0,0
13569,16929,16930,2,0,0.20655891102117632
13570,16930,16931,5,0,0.22885085566386179
13571,16932,16933,1,1,0.88763219573303198
13572,16933,16934,3,0,0.38610959332234623
13573,16935,16936,4,0,0.13102440965164966
13574,16936,16937,3,0,0.25643618445287131
13575,16937,16938,2,1,0.70346246391884459
13576,16939,16940,4,0,0.038166797353494653
13577,16941,16942,5,1,0.4236415743971621
13578,16942,16943,4,1,0.64957519030462563
13579,16943,16944,1,0,0.1650508175370102
13580,16944,16945,5,0,0.088136762133964638
13581,16946,16947,4,0,0.54545637003575076
13582,16948,16949,4,0,0.19248359332695983
13583,16949,16950,3,1,0.71066072415816439
13584,16950,16951,1,0,0.45738312447315183
13585,16951,16952,5,0,0.12626633253955938
13586,16952,16953,4,1,0.29104048147017941
13587,16953,16954,4,0,0.68898669280842073
13588,16955,16956,4,0,0.035819201871678967
13589,16956,16957,5,0,0.68849896436428304
13590,16957,16958,3,0,0.036507120001572968
13591,16958,16959,3,0,0
13592,16959,16960,4,1,0.24518059793220542
13593,16960,16961,5,1,0.93775495344742699
13594,16961,16962,5,1,0.036438799064272671
13595,16962,16963,3,0,0.073954549280466575
13596,16963,16964,1,1,0.85587260992402858
13597,16965,16966,1,0,0.25520439249870658
13598,16966,16967,2,0,0
13599,16967,16968,2,0,0.31951698807213835
13600,16968,16969,4,0,0.28249618214610867
13601,16970,16971,2,1,0.67607529224198148
13602,16971,16972,1,0,0.26161785553564182
13603,16972,16973,4,1,0.29448447385438598
13604,16973,16974,1,0,0.078849108968685105
13605,16974,16975,5,1,0.69672091611453957
13606,16975,16976,3,0,0.28351152142074693
13607,16976,16977,3,0,0.14678506108486139
13608,16977,16978,2,0,0.59639490919867333
13609,16978,16979,4,1,0.15609257618771305
13610,16979,16980,5,0,0.44478974327304821
13611,16980,16981,3,0,0.037406269818955354
13612,16981,16982,4,0,0.074782531397212082
13613,16982,16983,2,0,0.13165314858888663
13614,16983,16984,3,0,0.20832555458477217
13615,16984,16985,2,0,0.1952343837020655
13616,16985,16986,4,0,0.06160869645728978
13617,16986,16987,5,1,0.038111594241781142
13618,16987,16988,1,1,0.77770521725762065
13619,16988,16989,4,0,0.19398530886009976
13620,16989,16990,3,0,0
13621,16990,16991,3,0,0.54227233924406371
13622,16992,16993,5,1,0.11991915309026308
13623,16993,16994,5,0,0.14872137127915055
13624,16995,16996,4,0,0.72698221000854724
13625,16997,16998,2,0,0.12072025110272017
13626,16998,16999,4,0,0.16406123432652797
13627,16999,17000,3,0,0.16388308377915642
13628,17000,17001,1,0,0.24240014147723088
13629,17001,17002,5,1,0.63838972124447435
13630,17002,17003,2,0,0.15850942021571435
13631,17003,17004,1,0,0.034590783046231532
13632,17006,17007,3,1,0.29881702376104657
13633,17007,17008,3,1,0.038679941728701615
13634,17008,17009,2,0,0.64070137370136238
13635,17009,17010,3,0,0
13636,17010,17011,1,0,0.276049365226682
13637,17012,17013,1,0,0.083078891932692092
13638,17013,17014,1,0,0.079599828235588935
13639,17014,17015,2,0,0.12113470071483944
13640,17015,17016,5,1,0.52333817243637204
13641,17017,17018,2,1,0.3189166997156711
13642,17018,17019,2,0,0.32042373560625603
13643,17019,17020,1,1,0.31183964334634157
13644,17020,17021,4,1,0.74558866602535523
13645,17022,17023,1,0,0.069996679398902834
13646,17024,17025,1,0,0.11620957539651838
13647,17025,17026,5,1,0.55674747027636584
13648,17026,17027,2,1,0.27219168538757632
13649,17027,17028,1,1,0.17602315067437946
13650,17028,17029,5,0,0.26187887970786972
13651,17030,17031,3,0,0.58383895590165535
13652,17031,17032,4,1,0.76155368158447689
13653,17032,17033,3,0,1.0344788605609787e-06
13654,17033,17034,3,1,0.81867490471261573
13655,17034,17035,3,1,0.10181977440712295
13656,17035,17036,2,0,0.085545594289885632
13657,17036,17037,5,0,0.035151408554223142
13658,17037,17038,5,0,0.080775173178670084
13659,17038,17039,1,0,0.067234948091542138
13660,17039,17040,5,1,0.59213405801099861
13661,17040,17041,1,0,0.10796628879838464
13662,17041,17042,5,0,0.084404793208527673
13663,17044,17045,4,0,0.20724195577326926
13664,17045,17046,4,1,0.1245877658043093
13665,17046,17047,4,1,0.035298827435540615
13666,17047,17048,1,0,0.14062063814867756
13667,17048,17049,4,1,0.70711273630487781
13668,17049,17050,5,1,0.47133398090630713
13669,17050,17051,3,1,0.5321697093710257
13670,17051,17052,2,1,0.082310626590786459
13671,17052,17053,4,1,0.62681962187050044
13672,17053,17054,1,1,0.037593969827465427
13673,17054,17055,3,0,0.091279345030152101
13674,17055,17056,3,0,0.67897373582780052
13675,17057,17058,2,1,0.35613709651714043
13676,17058,17059,2,1,0.19026831226933252
13677,17059,17060,3,1,0.72762630365371439
13678,17062,17063,2,0,0.050175559885520665
13679,17063,17064,2,1,0.37766176079295866
13680,17064,17065,1,0,0.51613905884258804
13681,17066,17067,3,0,0.077878365923582632
13682,17067,17068,3,0,0.19132341377591028
13683,17068,17069,1,0,0
13684,17069,17070,3,1,0.76755956558445404
13685,17070,17071,4,0,0.23299807339573261
13686,17071,17072,3,1,0.15069266297890535
13687,17072,17073,3,0,0.048527281206074503
13688,17073,17074,1,0,0.064345471785569486
13689,17075,17076,2,0,0.13347122396408576
13690,17077,17078,3,0,0.27481917775590858
13691,17078,17079,1,0,0.32791287999120566
13692,17079,17080,3,0,0.047292796567497394
13693,17080,17081,3,0,0.069742054962683292
13694,17081,17082,5,0,0.20309888899066367
13695,17082,17083,3,0,0.072967660896415862
13696,17083,17084,1,0,0.41906285250037167
13697,17084,17085,5,0,0.074812339867394995
13698,17086,17087,1,0,0.62845991021424941
13699,17087,17088,5,1,0.46280611741614891
13700,17088,17089,4,0,0.13953330412672035
13701,17090,17091,3,0,0.13085071636940751
13702,17091,17092,5,0,0.53281421521027472
13703,17092,17093,5,1,0.033041087227113998
13704,17094,17095,2,0,0.046132762066492486
13705,17095,17096,1,0,0.035709238031668811
13706,17096,17097,4,0,0.091121736850688945
13707,17097,17098,3,0,0.039071116020518944
13708,17098,17099,2,0,0.17088470662521113
13709,17099,17100,3,0,0.079133026529048564
13710,17100,17101,2,1,0.44379846671035877
13711,17101,17102,4,1,0.36383636365827376
13712,17103,17104,2,0,0.20463115340226834
13713,17104,17105,1,0,0.050999136678226809
13714,17105,17106,1,1,0.10532002709514637
13715,17106,17107,5,1,0.20897313575065846
13716,17107,17108,5,0,0.26317081694524808
13717,17108,17109,1,0,0
13718,17109,17110,4,1,0.04219920676984884
13719,17112,17113,5,0,0.036745913494515413
13720,17113,17114,1,0,0.32363035387630001
13721,17114,17115,5,0,0.16863683887061895
13722,17115,17116,2,0,0.11905456986500483
13723,17116,17117,1,0,0.18020674253338786
13724,17117,17118,5,0,0.036191127389252162
13725,17118,17119,2,0,0.1568211367893311
13726,17122,17123,1,0,0.071641356639999515
13727,17123,17124,2,0,0.031154153635971574
13728,17124,17125,2,0,0.1271451028246931
13729,17125,17126,5,0,0.17474577885980627
13730,17126,17127,3,0,0.21571553311616612
13731,17127,17128,4,0,0.0305232619128167
13732,17129,17130,5,1,0.67525613773006532
13733,17130,17131,4,0,0.11227036605507031
13734,17131,17132,2,0,0.070900877695682984
13735,17132,17133,5,1,0.31659679108211813
13736,17134,17135,2,0,0.096305349448534167
13737,17135,17136,3,0,0.1428008636827906
13738,17136,17137,2,1,0.11855902988914648
13739,17138,17139,3,1,0.089091485106904275
13740,17139,17140,3,1,0.41575583055520665
13741,17140,17141,4,1,0.69462766368896567
13742,17141,17142,3,0,0.084346391324152184
13743,17143,17144,5,0,0.1218861749633401
13744,17144,17145,3,0,0.040080226948032607
13745,17145,17146,3,0,0.070206745335559456
13746,17146,17147,3,1,0.14325541510908385
13747,17147,17148,1,0,0.19897802530130981
13748,17148,17149,1,0,0.68015935274837092
13749,17149,17150,1,0,0.15909296578321344
13750,17150,17151,4,0,0.14213175729138108
13751,17151,17152,4,0,0.036449004551518005
13752,17152,17153,4,0,0
13753,17153,17154,3,1,0.60409980444965072
13754,17154,17155,5,1,0.61571768818635619
13755,17155,17156,4,1,0.76245719676300117
13756,17156,17157,5,0,0.076318785293362779
13757,17158,17159,1,0,0.20308635874229555
13758,17159,17160,3,1,0.51107059388608167
13759,17160,17161,5,0,0.040922552339679834
13760,17161,17162,5,0,0
13761,17162,17163,1,0,0.23754061447842723
13762,17164,17165,1,0,0.12378929264600438
13763,17167,17168,3,0,0.33672263905792149
13764,17169,17170,3,0,0.22824557471953549
13765,17170,17171,2,0,0.12223127091200836
13766,17171,17172,4,0,0.28630161072612981
13767,17173,17174,1,0,0.22064477423143614
13768,17178,17179,5,0,0.039686267027086435
13769,17179,17180,4,1,0.075055765865648008
13770,17180,17181,1,1,0.4385562645604042
13771,17181,17182,5,0,0.14718776131319145
13772,17183,17184,4,0,0.11945887362100556
13773,17185,17186,2,0,0.035487726243185552
13774,17186,17187,3,0,0.070160213307331798
13775,17187,17188,4,0,0.28397300272825843
13776,17188,17189,3,1,0.3727097609905845
13777,17189,17190,5,1,0.49260936936571698
13778,17190,17191,1,0,0.68846445483967245
13779,17191,17192,5,0,0.42967580867024391
13780,17193,17194,2,1,0.11734756250933999
13781,17194,17195,3,0,0.042149824009972865
13782,17195,17196,1,0,0.1634146993613538
13783,17196,17197,2,0,0.21152530578225076
13784,17197,17198,2,0,0.1161456796598309
13785,17198,17199,5,0,0.20588466544794959
13786,17199,17200,1,0,0.093473715449828562
13787,17200,17201,1,0,0.17327740188072907
13788,17201,17202,4,1,0.19513554066883446
13789,17202,17203,5,0,0.078185188467559605
13790,17203,17204,2,1,0.66243733802980231
13791,17204,17205,5,0,0.12997144717028009
13792,17205,17206,1,0,0.14214495177638375
13793,17206,17207,5,0,0.036724340581317329
13794,17208,17209,3,0,0.4367440619171053
13795,17210,17211,4,0,0.046652950132835165
13796,17211,17212,2,0,0.18434215152472908
13797,17214,17215,1,0,0.19998270444246186
13798,17215,17216,2,0,0.25235974598239341
13799,17216,17217,4,0,0.20415398567898996
13800,17217,17218,4,0,0.14392355411964414
13801,17218,17219,5,0,0.50907096395740403
13802,17219,17220,5,1,0.33544403573234322
13803,17220,17221,2,0,0.12277112448018204
13804,17221,17222,2,0,0.11168142668908858
13805,17223,17224,4,0,0.48530732600690435
13806,17224,17225,3,0,0.32329985232633462
13807,17225,17226,1,0,0.140049199636058
13808,17226,17227,3,0,0.094069756694001153
13809,17227,17228,3,0,0.030109352118831277
13810,17228,17229,5,0,0
13811,17229,17230,3,0,0.16412872549287746
13812,17231,17232,5,0,0.1987546974526298
13813,17232,17233,1,1,0.84295275315135132
13814,17233,17234,3,0,0.18731451664388427
13815,17234,17235,2,1,0.51237054583232033
13816,17235,17236,4,1,0.72661446022797804
13817,17236,17237,2,1,0.63579655071003394
13818,17238,17239,1,0,0.11159779683006074
13819,17239,17240,1,1,0.83069226463402324
13820,17241,17242,2,0,0.09463907290544854
13821,17244,17245,4,1,0.79244857081316744
13822,17245,17246,4,0,0.19409371916304261
13823,17246,17247,5,0,0.37655004640166007
13824,17247,17248,1,1,0.92759903438213154
13825,17249,17250,3,1,0
13826,17250,17251,2,0,0.043052988693895622
13827,17251,17252,2,1,0.38575678083836495
13828,17253,17254,2,0,0.063007626150809515
13829,17254,17255,4,1,0.49709339159830768
13830,17255,17256,3,1,0.66339529627103089
13831,17256,17257,2,1,0.7629024075619435
13832,17258,17259,5,0,0.48344977222763069
13833,17259,17260,3,0,0.10822612295684621
13834,17260,17261,3,0,0.034650671943694172
13835,17261,17262,5,0,0.079885286549067555
13836,17262,17263,2,0,0.15106781554088242
13837,17263,17264,4,0,0.11361818667547553
13838,17264,17265,2,1,0.12706109467725452
13839,17265,17266,4,1,0.69270674782055353
13840,17267,17268,1,0,0.17752661868102962
13841,17268,17269,5,0,0.57024268422002589
13842,17270,17271,2,0,0
13843,17271,17272,2,0,0.040684509541265033
13844,17272,17273,1,0,0
13845,17273,17274,2,0,0.16499516414707263
13846,17274,17275,5,1,0.15269358766084562
13847,17276,17277,5,0,0.29262652716705112
13848,17277,17278,4,0,0.11397854873359273
13849,17278,17279,1,0,0.67382487081090636
13850,17279,17280,1,0,0.074255946773982798
13851,17280,17281,5,0,0.087287409860735785
13852,17281,17282,4,1,0.34986090104387607
13853,17283,17284,4,0,0.076433766549515308
13854,17284,17285,1,1,0.99999748495102903
13855,17285,17286,1,0,0.31708592972841221
13856,17286,17287,1,0,0
13857,17287,17288,5,0,0.079834001813162442
13858,17288,17289,5,0,0.092266606714188695
13859,17289,17290,4,1,0.36514801288517601
13860,17290,17291,4,0,0.13141020363575567
13861,17291,17292,3,1,0.077161282219628896
13862,17292,17293,1,0,0.040102531377493436
13863,17293,17294,2,0,0.41332404595252709
13864,17296,17297,2,1,0.068632319492412067
13865,17297,17298,1,0,0.074332175490917834
13866,17298,17299,1,0,0.036507672286836323
13867,17299,17300,4,0,0.031757452052633521
13868,17302,17303,3,0,0.15846784305639711
13869,17303,17304,5,1,0.61312069759308563
13870,17305,17306,2,0,0.21884966416112114
13871,17306,17307,2,0,0.26207401704214511
13872,17307,17308,2,1,0.16697482256103247
13873,17308,17309,4,0,0.15206266339765936
13874,17309,17310,5,1,0.60570942934661476
13875,17310,17311,2,0,0.044751467751126851
13876,17311,17312,5,1,0.28534330365870492
13877,17312,17313,4,1,0.13077352296979031
13878,17313,17314,3,0,0.029129157215810633
13879,17315,17316,1,1,0.48655018245405168
13880,17316,17317,5,1,0.52948183552388883
13881,17317,17318,4,0,0.075556822143847888
13882,17320,17321,1,0,0.25130163950368456
13883,17321,17322,1,0,0
13884,17322,17323,2,0,0
13885,17324,17325,2,0,0.64048365352794423
13886,17325,17326,5,0,0.16200046729475148
13887,17326,17327,1,0,0.078020784847054575
13888,17327,17328,1,0,0.037609770671896241
13889,17329,17330,4,0,0.0649797035545812
13890,17330,17331,5,0,0.11332204539214245
13891,17331,17332,2,1,0.34571449087038642
13892,17332,17333,3,0,0.092770014929269645
13893,17333,17334,3,0,0
13894,17334,17335,4,0,0.075020981287679256
13895,17335,17336,1,0,0.1356800535962194
13896,17336,17337,2,0,0.17231298501208778
13897,17337,17338,5,0,0
13898,17339,17340,3,0,0.3185317102337541
13899,17340,17341,5,0,0.2464132281271422
13900,17341,17342,3,0,0.1044573328252015
13901,17342,17343,4,0,0.087641832830371871
13902,17343,17344,2,0,0
13903,17344,17345,4,0,0.1107658543034906
13904,17345,17346,1,0,0.11003552463171286
13905,17346,17347,1,0,0.031027164532144044
13906,17347,17348,3,0,0.039416995378703787
13907,17348,17349,3,0,0.086454582999104509
13908,17350,17351,5,0,0.18362683613625858
13909,17351,17352,3,1,0.68410121182473493
13910,17352,17353,2,0,0.19215603080608501
13911,17353,17354,2,0,0.034544259358076083
13912,17355,17356,4,1,0.029681786841372983
13913,17356,17357,3,0,0.041522995657184668
13914,17357,17358,2,0,0.26382345448653843
13915,17358,17359,1,1,0.84140600980810298
13916,17359,17360,2,0,0.19718554385094961
13917,17360,17361,2,1,0.40665006223121059
13918,17362,17363,1,0,0.25323197557972044
13919,17363,17364,4,1,0.75723921415587558
13920,17364,17365,4,1,0.20899853451669997
13921,17365,17366,2,0,0.11482720162224826
13922,17366,17367,3,0,0.31998146125040733
13923,17367,17368,3,0,0.038652134348891358
13924,17368,17369,4,0,0.17194280005010792
13925,17369,17370,4,0,0.084876176119289465
13926,17370,17371,2,0,0.033379723378150601
13927,17371,17372,4,0,0.16281611077268901
13928,17372,17373,4,0,0.19498943781099914
13929,17373,17374,4,0,0.120021048184277
13930,17374,17375,4,1,0.54121122666837651
13931,17377,17378,3,0,0.2306529265244287
13932,17378,17379,4,0,0.045596638825700253
13933,17380,17381,4,0,0.1696024394186568
13934,17381,17382,2,0,0.039595538822264159
13935,17383,17384,2,0,0.055329661694512935
13936,17384,17385,5,1,0.15288090265750057
13937,17385,17386,2,0,0.037628939528420502
13938,17386,17387,4,1,0.67746697566650238
13939,17387,17388,2,0,0.055656141155554964
13940,17388,17389,1,1,0.64468307178900319
13941,17389,17390,4,0,0.03832584148302514
13942,17390,17391,4,0,0.30062488960846767
13943,17392,17393,3,0,0.036084208468909633
13944,17394,17395,2,0,0.029702778851980305
13945,17396,17397,3,0,0.037416410536116412
13946,17397,17398,2,0,0.083513804395351027
13947,17398,17399,4,0,0.087919637235418416
13948,17400,17401,1,0,0.46154829810541187
13949,17402,17403,1,1,0.60039181816097897
13950,17403,17404,4,0,0.20971903340012021
13951,17406,17407,1,0,0.034321690101779594
13952,17407,17408,1,0,0.079298436485511645
13953,17409,17410,4,0,0.2400124765821938
13954,17411,17412,5,0,0.20571255176502731
13955,17414,17415,3,0,0.25024992680851932
13956,17415,17416,2,1,0.16678135908571362
13957,17416,17417,2,0,0.17529273953549065
13958,17418,17419,2,0,0.11912857339921577
13959,17419,17420,4,0,0.071367939475181205
13960,17421,17422,5,0,0.19060118748017083
13961,17422,17423,1,0,0.078907901008396897
13962,17424,17425,4,0,0.090779636180383733
13963,17425,17426,1,0,0.1413800189860179
13964,17427,17428,2,0,0.14734755744859232
13965,17428,17429,2,0,0.031670199249061184
13966,17429,17430,4,1,0.038988284454441878
13967,17430,17431,4,0,0.25339803743689476
13968,17431,17432,1,1,0.6894522484888651
13969,17432,17433,1,0,0.38460192988205416
13970,17433,17434,3,0,0.48362354584891232
13971,17436,17437,1,0,0.10750999601334978
13972,17437,17438,2,0,0.18743901149626707
13973,17438,17439,2,0,0.080535656894892185
13974,17439,17440,4,0,0.073035391733968114
13975,17440,17441,2,1,0.23948462604776943
13976,17441,17442,5,1,0.36626668172559029
13977,17442,17443,5,0,0.059057897400455313
13978,17443,17444,5,0,0.17992303498453871
13979,17444,17445,4,0,0.36312380477825124
13980,17445,17446,5,1,0.31645191297139458
13981,17446,17447,4,1,0.89436620958344093
13982,17447,17448,2,0,0
13983,17449,17450,5,0,0.42246634500382002
13984,17450,17451,2,1,0.079284176787723787
13985,17451,17452,3,1,0.03639527942522388
13986,17452,17453,5,1,0.30800425797480807
13987,17453,17454,3,0,0.20016617268834869
13988,17455,17456,3,0,0.086223328399097382
13989,17456,17457,2,0,0.26378121507935715
13990,17457,17458,3,0,0.078140046195703999
13991,17458,17459,3,0,0.12093333056140786
13992,17459,17460,3,0,0.037143523758773764
13993,17460,17461,4,1,0.5646684670437826
13994,17463,17464,5,1,0.22829373135866488
13995,17464,17465,3,0,0.20664681023473183
13996,17465,17466,4,0,0.035996147691078478
13997,17466,17467,2,0,0.086058727287342873
13998,17468,17469,2,0,0.078016565363005608
13999,17470,17471,4,0,0.26099984528586351
14000,17471,17472,4,0,0
14001,17473,17474,3,1,0.47662893795202127
14002,17475,17476,5,0,0.1521935609102566
14003,17476,17477,5,0,0.27785613711671758
14004,17477,17478,3,1,0.3800637757673378
14005,17478,17479,4,0,0.079196721049946683
14006,17479,17480,4,0,0.074811988674340288
14007,17480,17481,5,0,0.037973316399939727
14008,17481,17482,3,0,0.2943683900772523
14009,17483,17484,1,0,0.53556576381386178
14010,17484,17485,4,1,0.67961050582943261
14011,17486,17487,4,0,0.070592717419165785
14012,17487,17488,2,0,0.096625328495391252
14013,17488,17489,1,1,0.19238363343504009
14014,17489,17490,4,0,0.26918322624091745
14015,17491,17492,4,0,0.037406147369318125
14016,17492,17493,2,0,0.10316317234516061
14017,17493,17494,2,0,0
14018,17494,17495,3,0,0.22805910340298455
14019,17496,17497,5,1,0.75860615379258856
14020,17497,17498,4,0,0.17906692183525166
14021,17498,17499,1,0,0.56532838033158883
14022,17499,17500,3,0,0.11477563965672284
14023,17500,17501,1,0,0.22059929817472371
14024,17501,17502,5,0,0.035326139440238762
14025,17502,17503,3,0,0
14026,17504,17505,2,0,0.11958052888489136
14027,17506,17507,4,0,0.12882539988340772
14028,17507,17508,5,1,0.17175263479429828
14029,17509,17510,3,0,0.065713140689556346
14030,17511,17512,5,0,0.15890956011708568
14031,17512,17513,1,1,0.53552353379698847
14032,17513,17514,2,0,0.1977939111548937
14033,17514,17515,5,0,0.034745993601393667
14034,17515,17516,4,0,0.1632604696296113
14035,17516,17517,2,1,0.7132287360337638
14036,17517,17518,5,0,0
14037,17520,17521,3,0,0.12314258821996088
14038,17521,17522,3,0,0.039278229895318227
14039,17523,17524,2,0,0.26359207147692337
14040,17524,17525,1,1,0.21766426734988054
14041,17525,17526,4,1,0.74182754301668186
14042,17526,17527,3,0,0.15048745999812616
14043,17527,17528,1,0,0.040565070430966688
14044,17528,17529,1,0,0.08789713782829145
14045,17529,17530,5,0,0.078180576320607542
14046,17530,17531,2,0,0
14047,17532,17533,3,0,0.034893252969789679
14048,17533,17534,3,1,0.47481685595106304
14049,17534,17535,3,0,0
14050,17536,17537,2,0,0.03814817331071392
14051,17537,17538,1,0,0
14052,17538,17539,3,0,0.11023427675977057
14053,17540,17541,5,1,0.7120634943017683
14054,17542,17543,2,0,0.23745559709527736
14055,17543,17544,1,0,0.072613519384832251
14056,17544,17545,2,1,0.74104920086681547
14057,17545,17546,3,0,0.21302775268059915
14058,17546,17547,2,1,0.63654868939231934
14059,17548,17549,3,1,0.030856910762223997
14060,17549,17550,3,0,0.43438027264905543
14061,17550,17551,4,1,0.49396174590131364
14062,17551,17552,4,0,0.35039569565382195
14063,17552,17553,1,0,0.11233627301915519
14064,17553,17554,3,0,0.11657739285325321
14065,17554,17555,1,0,0.07631746196481709
14066,17556,17557,4,0,0.090604523175014037
14067,17559,17560,5,0,0.27299180107316834
14068,17560,17561,5,1,0.19944412947818249
14069,17561,17562,5,1,0.49169220431948485
14070,17562,17563,4,1,0.22891106976570555
14071,17563,17564,3,1,0.2891935413159118
14072,17565,17566,1,0,0.27355985961473733
14073,17566,17567,1,0,0.23255569589042244
14074,17567,17568,5,0,0.04646343884809391
14075,17568,17569,2,0,0.26278106266391177
14076,17570,17571,1,0,0.034627328688585507
14077,17572,17573,2,0,0.038239482056419853
14078,17573,17574,4,0,0.19500071049111084
14079,17574,17575,3,0,0.11888512822071298
14080,17576,17577,1,0,0.038583053723224542
14081,17577,17578,4,0,0.21914868684013386
14082,17578,17579,3,0,0.073786214726745861
14083,17579,17580,5,0,0.088537313028749245
14084,17580,17581,5,1,0.50469114139949134
14085,17581,17582,4,1,0.47957376716164474
14086,17582,17583,5,1,0.30300302552076713
14087,17584,17585,4,0,0.032870139957239371
14088,17586,17587,4,1,0.47578303495018759
14089,17587,17588,1,0,0.59758499616369765
14090,17589,17590,3,0,0.32025367436541607
14091,17590,17591,1,0,0.14481440879242141
14092,17591,17592,5,0,0.63375771605709785
14093,17592,17593,3,0,0.060144799032117849
14094,17593,17594,2,0,0.039870235640561524
14095,17594,17595,3,0,0.35136381156083912
14096,17595,17596,3,1,0.075799307217055259
14097,17596,17597,3,0,0.11657060518243079
14098,17599,17600,4,0,0.31855568913015464
14099,17601,17602,5,0,0.10397197828416122
14100,17602,17603,3,0,0
14101,17604,17605,1,0,0.045758982578397021
14102,17605,17606,4,0,0.21540435030392655
14103,17606,17607,5,0,0.081071978755886356
14104,17607,17608,4,0,0.19615276266082313
14105,17608,17609,2,0,0.27795508315915213
14106,17609,17610,3,0,0.076234257823332957
14107,17610,17611,2,0,0.16504199079849244
14108,17611,17612,3,0,0.12144361717077119
14109,17612,17613,3,0,0.56887648596976115
14110,17613,17614,1,0,0.070387739558562271
14111,17614,17615,5,1,0.69663731563730569
14112,17615,17616,3,0,0.078337635317237267
14113,17616,17617,2,0,0.13685769267500433
14114,17617,17618,1,0,0.073581792669919377
14115,17622,17623,5,1,0.72536746195770285
14116,17623,17624,3,0,0.1294396225306168
14117,17624,17625,3,1,0.20202776436380795
14118,17625,17626,5,0,0.4934500357431022
14119,17627,17628,1,0,0
14120,17628,17629,2,1,0.46117918739888863
14121,17629,17630,3,0,0.11190933577808425
14122,17630,17631,4,0,0
14123,17631,17632,1,0,0.094248368910374969
14124,17632,17633,5,0,0.11159858814449336
14125,17633,17634,5,0,0.14153632552484421
14126,17634,17635,4,1,0.6612570005412437
14127,17636,17637,5,0,0.035297982559886393
14128,17637,17638,3,0,0.031691052762847276
14129,17638,17639,5,0,0.26798640825011294
14130,17639,17640,1,0,0.052423784156017499
14131,17640,17641,2,1,0.11131956531138185
14132,17641,17642,3,0,0
14133,17642,17643,2,0,0
14134,17643,17644,3,0,0.034407712362852817
14135,17644,17645,2,1,0.14533235951440482
14136,17645,17646,2,0,0.15378015417992291
14137,17648,17649,4,0,0.15649858963073549
14138,17650,17651,2,1,0.23132027350648501
14139,17651,17652,2,0,0.078019039563152426
14140,17652,17653,1,0,0.039868741829138354
14141,17653,17654,2,1,0.78822754835364628
14142,17654,17655,1,0,0.15102688887909432
14143,17655,17656,1,0,0.17145634647817445
14144,17656,17657,5,0,0.46456352521485617
14145,17657,17658,4,0,0
14146,17658,17659,3,0,0.043067043570957655
14147,17659,17660,2,0,0.75164200616788057
14148,17660,17661,3,0,0
14149,17661,17662,5,0,0.18275217946139974
14150,17663,17664,5,0,0.35698139100738796
14151,17665,17666,2,0,0.12503946924380102
14152,17666,17667,3,0,0
14153,17667,17668,2,1,0.50831956661996869
14154,17668,17669,1,0,0.36899333442327648
14155,17669,17670,5,0,0.039057269134264008
14156,17670,17671,5,0,0.072165336006722175
14157,17671,17672,3,0,0.030688294049077202
14158,17673,17674,5,0,0.038117938110399645
14159,17674,17675,5,0,0.081998630651121035
14160,17675,17676,4,0,0
14161,17676,17677,5,0,0.085776481425131709
14162,17677,17678,3,0,0.10748459427822181
14163,17678,17679,5,0,0.078616586654252738
14164,17680,17681,4,0,0.12465549674625485
14165,17682,17683,3,0,0.22981630738031475
14166,17684,17685,3,0,0.13695278298812169
14167,17686,17687,4,0,0.029245851760086799
14168,17687,17688,2,1,0.81711461291013321
14169,17688,17689,5,0,0.2033702531623712
14170,17689,17690,3,0,0
14171,17690,17691,4,0,0
14172,17692,17693,5,1,0.28991068318810131
14173,17695,17696,1,0,0.28459539186997462
14174,17696,17697,4,0,0.069945735497189465
14175,17697,17698,1,1,0.59238400376290723
14176,17698,17699,3,0,0
14177,17699,17700,2,0,0.12820161658178716
14178,17700,17701,2,0,0.12363035746968147
14179,17702,17703,2,0,0.69252856020814835
14180,17703,17704,3,0,0
14181,17704,17705,5,0,0
14182,17705,17706,3,0,0.19493004299881789
14183,17706,17707,3,0,0.18654715155487345
14184,17708,17709,3,0,0.035170990659620774
14185,17709,17710,2,0,0.37187917921993252
14186,17710,17711,1,0,0.33109958702157954
14187,17711,17712,2,0,0.12676979723964432
14188,17712,17713,4,1,0.88615721072479769
14189,17713,17714,1,0,0.048693493349341886
14190,17714,17715,3,1,0.87323261543072295
14191,17715,17716,3,0,0.23347762935918712
14192,17716,17717,1,0,0.15544235512758697
14193,17717,17718,5,0,0.21323845021966617
14194,17718,17719,4,1,0.1814699104057971
14195,17719,17720,4,0,0.17768913772611328
14196,17721,17722,5,0,0.079043386064374652
14197,17722,17723,2,0,0.077760535816415954
14198,17723,17724,1,0,0.12226397103971116
14199,17724,17725,3,1,0.55615405646102245
14200,17725,17726,3,0,0.076438049411956074
14201,17726,17727,5,0,0.3393522716914591
14202,17727,17728,4,0,0.16147377929781587
14203,17729,17730,4,0,0
14204,17731,17732,5,0,0.12329812894054322
14205,17732,17733,3,1,0.3409709279192597
14206,17733,17734,5,0,0.19201789719940085
14207,17734,17735,2,0,0.552588106207475
14208,17736,17737,5,0,0.36316943570017907
14209,17740,17741,3,0,0.37232624396036668
14210,17741,17742,3,1,0.19802637655445229
14211,17742,17743,2,0,0.17451419191405257
14212,17743,17744,4,1,0.62107508641369746
14213,17744,17745,3,0,0.19304944354752537
14214,17745,17746,5,1,0.26711699833554425
14215,17746,17747,3,1,0.74066318293703748
14216,17747,17748,3,0,0.73321894795161913
14217,17748,17749,5,0,0.07653008134891269
14218,17749,17750,2,0,0.63680254230089461
14219,17750,17751,1,0,0.072490612451085928
14220,17751,17752,4,0,0.19417701379390345
14221,17752,17753,3,0,0.080310610663589549
14222,17754,17755,2,0,0
14223,17755,17756,2,0,0.079894612237781243
14224,17756,17757,2,1,0.91517069660709816
14225,17757,17758,4,0,0.1549401035089637
14226,17760,17761,3,0,0.039302871308833656
14227,17761,17762,1,1,0.68206635031955021
14228,17763,17764,2,0,0.77591082790494803
14229,17764,17765,5,0,0.069394636345294747
14230,17765,17766,1,0,0.18906724429840624
14231,17766,17767,2,0,0.03392202790205448
14232,17768,17769,3,0,0.29793413694801396
14233,17770,17771,3,0,0.065816264736718283
14234,17771,17772,2,0,0.16855732637317394
14235,17772,17773,2,0,0.14933284978175237
14236,17775,17776,3,1,0.81010070363362374
14237,17776,17777,1,0,0.4092449368524802
14238,17777,17778,5,0,0.073074839062943861
14239,17779,17780,4,0,0.14997824474178301
14240,17780,17781,4,0,0.35900370583237651
14241,17781,17782,3,1,0.52648678815442651
14242,17782,17783,3,0,0.11639588092521873
14243,17783,17784,1,0,0.23052957625212092
14244,17784,17785,4,1,0.16758855680648294
14245,17785,17786,1,0,0.54391459532794606
14246,17786,17787,3,0,0.22248469180972336
14247,17787,17788,4,0,0.77406607439886244
14248,17788,17789,1,0,0.62418906862877299
14249,17789,17790,5,0,0.42502631304006344
14250,17790,17791,4,0,0.11787062667075783
14251,17791,17792,3,0,0.092270773337619169
14252,17792,17793,4,0,0.15319263223849841
14253,17793,17794,4,1,0.53100465294395538
14254,17794,17795,4,0,0.38269210972090728
14255,17796,17797,1,0,0.25994681179856272
14256,17797,17798,2,1,0.45007154406169642
14257,17798,17799,5,1,0.56166399322832383
14258,17800,17801,2,0,0.14081079787282644
14259,17801,17802,2,1,0.59220485624045804
14260,17802,17803,5,0,0.075887937273002207
14261,17803,17804,5,0,0.18273647163482751
14262,17804,17805,2,0,0.07199393719322153
14263,17805,17806,2,0,0
14264,17808,17809,4,1,0.84137669612789412
14265,17810,17811,4,0,0.68668093078319714
14266,17811,17812,1,0,0.23000482577639003
14267,17812,17813,4,1,0.68106082636140008
14268,17813,17814,1,0,0.067272055017945129
14269,17814,17815,4,0,0.22874194755322
14270,17816,17817,3,0,0.16833834961743005
14271,17817,17818,2,1,0.15898729023502406
14272,17819,17820,2,0,0.099948959249988256
14273,17820,17821,2,0,0.16276915333183539
14274,17821,17822,4,1,0.43919685326963115
14275,17822,17823,4,0,0.03610947480951994
14276,17824,17825,2,1,0.11884685400372969
14277,17825,17826,3,1,0.093877878299658171
14278,17826,17827,2,0,0.10411549104991792
14279,17827,17828,2,0,0.03722142245312219
14280,17828,17829,5,0,0.072588298079487565
14281,17829,17830,2,0,0.12993419487256733
14282,17830,17831,4,0,0.14486993005575777
14283,17831,17832,2,1,0.54487067704392445
14284,17832,17833,4,0,0.61347394871931238
14285,17833,17834,4,0,0.10861019914394221
14286,17834,17835,5,0,0.06909557228572126
14287,17835,17836,4,1,0.11009980082805751
14288,17837,17838,3,0,0.16158628241593223
14289,17838,17839,1,1,0.20106771370001916
14290,17839,17840,1,0,0.1650778141132071
14291,17840,17841,3,1,0.35927978862680759
14292,17841,17842,4,0,0.26689005122147608
14293,17842,17843,4,0,0.78111244024701809
14294,17843,17844,5,0,0.10690973851352853
14295,17844,17845,4,1,0.58985330461126462
14296,17845,17846,1,0,0.038512393734201233
14297,17847,17848,4,0,0.060483734109848919
14298,17849,17850,1,0,0.037628824523038631
14299,17850,17851,4,0,0.15087601225176173
14300,17851,17852,1,0,0.53175177236413929
14301,17852,17853,5,0,0.033356115742398385
14302,17853,17854,1,0,0.078817813867796752
14303,17854,17855,1,0,0
14304,17855,17856,2,0,0.047210721371215826
14305,17856,17857,1,0,0.099905523237442673
14306,17858,17859,2,0,0.15176239872323669
14307,17859,17860,2,1,0.12217788871500039
14308,17860,17861,5,0,0.41389835983014456
14309,17862,17863,2,1,0.87609450924967669
14310,17863,17864,2,1,0.56714333514868931
14311,17864,17865,3,0,0
14312,17865,17866,4,0,0.11822811417206223
14313,17866,17867,1,1,0.039494658845008412
14314,17868,17869,1,1,0.15324244265064083
14315,17869,17870,3,0,0.036531297212646273
14316,17870,17871,2,0,0.1864157485439259
14317,17871,17872,1,1,0.6576644286537674
14318,17872,17873,1,0,0.0866860006213441
14319,17873,17874,3,0,0
14320,17874,17875,1,1,0.81882111147116587
14321,17876,17877,5,0,0.12121551153086629
14322,17877,17878,4,0,0.20246648313496124
14323,17879,17880,1,1,0.22566591104002512
14324,17880,17881,4,0,0.14767454624876064
14325,17881,17882,2,0,0.20175739869007528
14326,17882,17883,4,0,0.15965983416652674
14327,17883,17884,1,0,0.17994051221014612
14328,17884,17885,4,0,0.79807491752450932
14329,17885,17886,4,0,0.12683326181739557
14330,17887,17888,3,0,0.3932287875878856
14331,17888,17889,3,0,0.1606862843605438
14332,17889,17890,1,0,0.038900256298744024
14333,17890,17891,5,0,0.038046733713722053
14334,17894,17895,1,1,0.080156518803063362
14335,17896,17897,1,1,0.53328614529983209
14336,17897,17898,1,0,0.13808844059800413
14337,17898,17899,4,0,0.19324324392701295
14338,17899,17900,5,0,0.10574646450974171
14339,17901,17902,5,0,0.35176933120541837
14340,17902,17903,3,0,0.34762972932264335
14341,17903,17904,5,0,0.74049947867904287
14342,17904,17905,5,1,0.21288886630171461
14343,17905,17906,3,0,0.16036531145841804
14344,17906,17907,3,1,0.58766298842084608
14345,17907,17908,3,1,0.36270893915977465
14346,17908,17909,5,1,0.7776884938965255
14347,17909,17910,4,1,0.41950848972089649
14348,17910,17911,5,1,0.5998491747644572
14349,17912,17913,3,0,0.039268198231265025
14350,17913,17914,5,0,0.1322025281829666
14351,17914,17915,5,0,0
14352,17915,17916,5,1,0.60177920572199894
14353,17916,17917,4,1,0.23060729871622695
14354,17917,17918,4,0,0.15893737152002163
14355,17918,17919,3,1,0.70883837318438359
14356,17919,17920,1,0,0.11399203997218944
14357,17920,17921,1,1,0.073136456143892831
14358,17921,17922,4,1,0.88492214207895359
14359,17922,17923,3,0,0.096305029753387644
14360,17924,17925,1,1,0.72200992144110165
14361,17925,17926,3,0,0.091569658882675403
14362,17926,17927,4,1,0.76023728428386861
14363,17928,17929,4,0,0.11081371964800742
14364,17929,17930,1,0,0
14365,17930,17931,1,0,0.17562861687512185
14366,17933,17934,1,0,0.067110249463249741
14367,17934,17935,1,0,0.042812687227438237
14368,17935,17936,5,0,0.15471815261677013
14369,17936,17937,2,0,0.17825531250469548
14370,17937,17938,2,0,0.071649518037055285
14371,17938,17939,2,0,0.27515526569188181
14372,17939,17940,5,0,0.084947592817979783
14373,17940,17941,1,1,0.83894047436318198
14374,17941,17942,4,0,0.1043415644669053
14375,17943,17944,2,0,0.38527612412632084
14376,17944,17945,3,1,0.40100031026885635
14377,17945,17946,2,0,0.39351131432307718
14378,17946,17947,4,0,0.2646714026155022
14379,17949,17950,2,0,0.16007631736356184
14380,17950,17951,3,1,0.68173569078878282
14381,17951,17952,5,0,0.29155806334202528
14382,17952,17953,2,0,0.24491128905503753
14383,17953,17954,5,0,0.10133196417250707
14384,17954,17955,5,0,0.16422486016405349
14385,17955,17956,2,0,0.11340507500564762
14386,17956,17957,3,0,0.11203012076054863
14387,17957,17958,4,0,0.069505268031490652
14388,17958,17959,4,0,0.15861382548109276
14389,17959,17960,4,1,0.81794371370481023
14390,17960,17961,3,0,0.15770646582966341
14391,17961,17962,3,1,0.19751624053473285
14392,17962,17963,1,0,0.042536376218442848
14393,17963,17964,5,1,0.1799801043992742
14394,17964,17965,1,0,0.31003185359582242
14395,17965,17966,5,0,0.33397544255805983
14396,17966,17967,1,1,0.47206375079172924
14397,17967,17968,3,0,0
14398,17968,17969,2,0,0.15649341946197018
14399,17969,17970,2,0,0.18118315111838482
14400,17970,17971,4,0,0.19808809253569279
14401,17971,17972,3,1,0.21668974948697517
14402,17972,17973,3,0,0.091389620184523054
14403,17973,17974,4,1,0.75196483739307973
14404,17974,17975,5,0,0.47617256823247239
14405,17976,17977,2,0,0.16425044935389901
14406,17977,17978,5,0,0.080605547492010737
14407,17978,17979,2,0,0.24027236890211517
14408,17980,17981,3,0,0.1849279245167488
14409,17981,17982,2,0,0.0776381988713961
14410,17982,17983,1,0,0.31497373018072161
14411,17983,17984,2,0,0.24730146838314832
14412,17984,17985,3,0,0.11743691110084691
14413,17985,17986,3,1,0.21057971050486887
14414,17986,17987,1,0,0.33285648680087843
14415,17988,17989,1,1,0.58120279913377848
14416,17989,17990,3,0,0.18766181307533367
14417,17990,17991,5,0,0.08984144579298517
14418,17991,17992,5,0,0.073251532099225705
14419,17993,17994,2,0,0.044468181779096297
14420,17994,17995,3,0,0.038564936474502889
14421,17995,17996,2,0,0.16403061350475298
14422,17996,17997,4,0,0.042971802099047315
14423,17997,17998,4,0,0.12174578021010357
14424,17999,18000,5,1,0.50200240920892558
14425,18000,18001,1,1,0.47297876292597313
14426,18001,18002,1,1,0.37455571293957818
14427,18002,18003,3,0,0.13828697543717253
14428,18004,18005,5,0,0.19966527176602161
14429,18006,18007,3,0,0.11932005636584649
14430,18007,18008,1,0,0.038699727561619247
14431,18008,18009,2,1,0.48269501669316806
14432,18009,18010,4,1,0.28323889096227933
14433,18010,18011,3,1,0.40568496519229763
14434,18011,18012,1,0,0.096314119275028157
14435,18012,18013,2,1,0.67415931375005489
14436,18013,18014,5,0,0.11823299913593475
14437,18014,18015,4,0,0.18479768312589581
14438,18015,18016,1,0,0.18318079745561405
14439,18018,18019,3,0,0.44016911605574716
14440,18019,18020,3,1,0.63764149169030604
14441,18020,18021,5,0,0.10369594772118659
14442,18021,18022,1,0,0.063014869571947588
14443,18023,18024,1,0,0.10643631832002984
14444,18024,18025,2,1,0.32424023614030517
14445,18026,18027,4,1,0.59316243167390847
14446,18027,18028,2,0,0.61200679485688503
14447,18028,18029,2,0,0.14603902251478679
14448,18029,18030,1,0,0.11589953762955572
14449,18031,18032,5,0,0.16511019209874195
14450,18032,18033,2,0,0.08336999165743017
14451,18033,18034,4,1,0.72243153681740557
14452,18034,18035,1,0,0.040930588350517008
14453,18035,18036,3,1,0.48823980183907595
14454,18036,18037,1,0,0.03851218591974568
14455,18037,18038,1,0,0.36218950497736424
14456,18038,18039,1,0,0.92448653411376802
14457,18039,18040,3,0,0.7365323472141182
14458,18042,18043,2,0,0.61478573462335639
14459,18043,18044,1,0,0.20463655734067124
14460,18044,18045,2,0,0.26338398971915983
14461,18045,18046,4,0,0.035848308578401572
14462,18046,18047,3,0,0.38332402935877558
14463,18047,18048,1,1,0.40602130776184203
14464,18048,18049,3,1,0.20037887657817288
14465,18049,18050,4,0,0.18228549527979293
14466,18050,18051,4,0,0.07107786945352558
14467,18051,18052,3,0,0.15450335393382567
14468,18052,18053,1,0,0.18458738511339184
14469,18053,18054,4,0,0.062996224623465963
14470,18054,18055,5,0,0.074300715993183761
14471,18055,18056,5,0,0.31425907363387529
14472,18057,18058,1,1,0.44467347443584831
14473,18058,18059,1,0,0.62610002584316959
14474,18060,18061,3,0,0.1606483345632326
14475,18061,18062,2,0,0.039074220590826922
14476,18062,18063,3,1,0.66979478530060743
14477,18063,18064,2,0,0.27174221788533864
14478,18064,18065,3,1,0.255559880394092
14479,18065,18066,4,0,0.08632183313785341
14480,18066,18067,3,1,0.74923086396321681
14481,18067,18068,2,0,0.42675530747707335
14482,18068,18069,5,0,0.15239651313264674
14483,18070,18071,1,0,0.30048928829159494
14484,18072,18073,4,0,0.48897570995757889
14485,18073,18074,5,1,0.69143041918898851
14486,18074,18075,2,1,0.13106411555188774
14487,18075,18076,3,1,0.53214145145129899
14488,18076,18077,4,0,0.17096553332520159
14489,18077,18078,4,1,0.1131130076125731
14490,18078,18079,4,0,0.11579250407458047
14491,18079,18080,5,0,0.43687980489362926
14492,18080,18081,4,0,0.10278582574372586
14493,18082,18083,5,0,0.032570216368021182
14494,18083,18084,2,0,0.38826326978094911
14495,18085,18086,5,0,0.76967240957975658
14496,18087,18088,5,0,0.03941831872290031
14497,18089,18090,1,0,0.24952097992384673
14498,18090,18091,4,0,0.033057085294009365
14499,18091,18092,4,0,0.080684406905807984
14500,18096,18097,3,1,0.29625578666161978
14501,18097,18098,1,1,0.040686849401099741
14502,18099,18100,1,1,0.51926090108511902
14503,18100,18101,2,1,0.57201412474509195
14504,18101,18102,2,1,0.43174018307092604
14505,18102,18103,4,0,0.079568520250489813
14506,18103,18104,3,0,0.28038415021850732
14507,18104,18105,2,0,0.52842252832279246
14508,18106,18107,3,0,0.19338623132419133
14509,18107,18108,5,0,0.040420419651541584
14510,18109,18110,3,1,0.66025955694239447
14511,18110,18111,3,1,0.70210160292902435
14512,18111,18112,2,0,0.35584861339218937
14513,18112,18113,4,0,0.036161211093075823
14514,18113,18114,1,1,0.06878329521798858
14515,18114,18115,3,0,0.081352721753475493
14516,18116,18117,5,1,0.59232133074378368
14517,18118,18119,2,0,0.26340948260798391
14518,18119,18120,4,0,0.082808180065292961
14519,18120,18121,2,0,0.034762817763155422
14520,18121,18122,4,0,0.077797743060073629
14521,18122,18123,3,0,0.40685521842706118
14522,18124,18125,5,0,0.039096833347020167
14523,18125,18126,2,0,0.13936193660518956
14524,18126,18127,4,0,0.19820200202100829
14525,18127,18128,1,0,0.041855734875974569
14526,18128,18129,5,0,0.35351959949440892
14527,18129,18130,1,1,0.066431404124217122
14528,18130,18131,5,0,0.079610024482215144
14529,18132,18133,4,0,0.11351304185367647
14530,18135,18136,5,1,0.77323817248998405
14531,18137,18138,3,0,0.43859359469463094
14532,18138,18139,5,1,0.032579102367679198
14533,18140,18141,1,0,0.24992221116105739
14534,18141,18142,4,0,0.037612277983973506
14535,18142,18143,3,1,0.078045327458462155
14536,18143,18144,2,0,0
14537,18144,18145,2,0,0.074974307254093875
14538,18145,18146,5,0,0.067663121104690263
14539,18146,18147,2,0,0.11772928392395335
14540,18147,18148,4,0,0
14541,18148,18149,2,0,0.032314185499025018
14542,18149,18150,3,0,0.24174227607895274
14543,18150,18151,3,0,0
14544,18151,18152,2,1,0.72508452565872439
14545,18152,18153,5,0,0.23747072726356483
14546,18153,18154,3,0,0.16196116868745686
14547,18154,18155,5,0,0.16160578820652211
14548,18155,18156,4,0,0.26442314881882123
14549,18157,18158,4,1,0.51691598783124315
14550,18158,18159,1,1,0.77390275595886249
14551,18160,18161,4,0,0.1134884441049749
14552,18161,18162,5,0,0.27395521834253472
14553,18162,18163,3,0,0.2936590000048373
14554,18166,18167,1,0,0.19365759200421731
14555,18167,18168,1,0,0.11614712871650501
14556,18168,18169,2,0,0.15492605620675828
14557,18169,18170,4,1,0.7159841410868677
14558,18170,18171,2,0,0.13051330698043948
14559,18172,18173,1,0,0.23976990629781406
14560,18173,18174,5,0,0.40505846618217806
14561,18174,18175,1,0,0.13204564766414661
14562,18176,18177,2,0,0.50081480823446867
14563,18177,18178,4,0,0.24702377517996188
14564,18178,18179,5,0,0
14565,18179,18180,4,0,0.31599224404108706
14566,18180,18181,3,0,0.15666801304944861
14567,18181,18182,1,0,0
14568,18183,18184,5,0,0.14019489643473498
14569,18184,18185,1,0,0.15798005622271344
14570,18185,18186,2,1,0.036364599878862536
14571,18186,18187,5,1,0.076304694732735351
14572,18187,18188,2,0,0.21367136151573266
14573,18189,18190,3,0,0.15044839043311414
14574,18190,18191,3,0,0.37337486282507798
14575,18192,18193,1,1,0.69812107362117437
14576,18193,18194,3,0,0.64734660864321092
14577,18195,18196,3,0,0.11170852090722752
14578,18196,18197,4,0,0.15505057311102963
14579,18198,18199,4,1,0.6705876682779236
14580,18200,18201,4,0,0
14581,18201,18202,1,0,0.14262425638066953
14582,18202,18203,5,0,0.15814684656941222
14583,18203,18204,4,0,0
14584,18204,18205,1,0,0.18252348914785299
14585,18205,18206,4,0,0.13037083836237479
14586,18207,18208,3,0,0.32179489774039644
14587,18208,18209,2,0,0.31990101551750916
14588,18209,18210,2,0,0.13297046427849341
14589,18210,18211,5,0,0.2173614664621342
14590,18212,18213,1,1,0.3039453169114929
14591,18214,18215,2,0,0.24320317316400969
14592,18215,18216,5,0,0.48200650089784813
14593,18216,18217,4,1,0.34259048919271545
14594,18217,18218,2,0,0.2430650830790142
14595,18218,18219,2,0,0
14596,18219,18220,1,1,0.39514398000094136
14597,18220,18221,1,0,0.50539208272965508
14598,18221,18222,2,1,0.63967201973873733
14599,18222,18223,2,0,0.067133284045974809
14600,18223,18224,2,0,0.12061250824843127
14601,18224,18225,2,0,0.035156022276418848
14602,18225,18226,2,1,0.64675550116402303
14603,18226,18227,1,0,0.27505314841423861
14604,18227,18228,1,0,0.81099656960948607
14605,18228,18229,4,0,0.84472521967969494
14606,18229,18230,1,1,0.92901075270656153
14607,18230,18231,2,0,0.081462931970086722
14608,18231,18232,5,0,0.072230236914772025
14609,18232,18233,4,0,0.11334223440157638
14610,18236,18237,2,0,0.20637948775247544
14611,18237,18238,1,0,0
14612,18238,18239,5,0,0.43367351057620052
14613,18240,18241,4,0,0.26593420610209434
14614,18241,18242,3,1,0.73185851711828209
14615,18242,18243,1,0,0.28508811706469639
14616,18243,18244,1,0,0.82597635489200494
14617,18244,18245,1,0,0.14995354936645131
14618,18246,18247,2,0,0.38203770517432534
14619,18247,18248,1,0,0.07852877298608725
14620,18249,18250,2,1,0.70085736656962971
14621,18250,18251,3,1,0.44715967683845453
14622,18251,18252,5,0,0.24341262174544095
14623,18253,18254,3,0,0.11810159417322399
14624,18257,18258,4,1,0.16145402133220457
14625,18258,18259,1,0,0.44932187683395686
14626,18259,18260,4,1,0.92011316608076499
14627,18260,18261,4,0,0.19320692690914373
14628,18261,18262,3,0,0.19419570200903993
14629,18262,18263,2,0,0.30021080118256188
14630,18264,18265,5,0,0.11205662828385231
14631,18265,18266,2,0,0.11238095272719179
14632,18266,18267,4,1,0.22576853783458292
14633,18267,18268,5,0,0.084754876102514032
14634,18270,18271,4,0,0.31876539068505899
14635,18271,18272,2,0,0.35509665008741909
14636,18272,18273,1,0,0.16508888207578137
14637,18273,18274,4,1,0.35195888573058515
14638,18275,18276,2,0,0.036209739711559226
14639,18276,18277,2,0,0.19931256194576003
14640,18278,18279,4,1,0.90830532268837216
14641,18279,18280,2,0,0.1136316293404534
14642,18281,18282,1,1,0.28085721960589727
14643,18282,18283,3,0,0.080398690097067807
14644,18284,18285,1,0,0.29456632677491762
14645,18285,18286,4,0,0.16021833698748147
14646,18286,18287,1,0,0.19952160228174184
14647,18287,18288,4,0,0.1949738755053918
14648,18288,18289,3,0,0.15359583136474098
14649,18289,18290,3,0,0.32989807086227935
14650,18292,18293,2,1,0.16349083164571138
14651,18293,18294,2,0,0.22069857042583887
14652,18294,18295,4,0,0.19717015725980103
14653,18298,18299,3,0,0.2066738165869961
14654,18299,18300,1,0,0
14655,18301,18302,4,0,0.34656694946575856
14656,18302,18303,5,0,0.52775436131777576
14657,18303,18304,4,1,0.084755186846124722
14658,18304,18305,1,0,0.032501063275070498
14659,18306,18307,1,0,0.33219789116299203
14660,18307,18308,5,0,0.19264332192303629
14661,18310,18311,1,0,0.23470535807542861
14662,18311,18312,2,1,0.1668165931370692
14663,18312,18313,1,0,0.35456993953356336
14664,18313,18314,5,1,0.15677208080755106
14665,18314,18315,4,0,0.81690210202427815
14666,18316,18317,4,1,0.14053851614833462
14667,18317,18318,1,1,0.077749924956240724
14668,18318,18319,2,0,0.035717506886675549
14669,18320,18321,1,0,0.12453472550773718
14670,18321,18322,3,0,0.074465609089764115
14671,18322,18323,4,0,0.12624959941544731
14672,18323,18324,5,0,0.25658359594517732
14673,18324,18325,4,0,0.10997283048299661
14674,18325,18326,3,0,0
14675,18326,18327,4,1,0.080260201567985606
14676,18327,18328,5,0,0.16967649239390711
14677,18328,18329,1,0,0.19213365866851081
14678,18329,18330,3,1,0.2142244057916467
14679,18331,18332,4,0,0.26534735709115298
14680,18332,18333,2,0,0.035206951339179789
14681,18333,18334,4,0,0.25624316948088066
14682,18334,18335,4,0,0.11074239976317056
14683,18335,18336,2,1,0.54626892408917638
14684,18336,18337,2,1,0.27673340182743678
14685,18337,18338,5,0,0.064984416633862535
14686,18338,18339,1,0,0.19834611318593651
14687,18339,18340,5,1,0
14688,18340,18341,3,0,0.15158894197631984
14689,18341,18342,2,0,0.24086842998222546
14690,18342,18343,1,0,0.70034289830380592
14691,18343,18344,5,0,0
14692,18345,18346,1,0,0.23791452747346672
14693,18346,18347,5,0,0.5913950362201017
14694,18347,18348,2,0,0.46522905498316619
14695,18349,18350,2,1,0.040990821635025348
14696,18350,18351,2,1,0.26636718617348454
14697,18351,18352,2,1,0.53456406584372229
14698,18353,18354,5,0,0.17896451085667056
14699,18354,18355,1,0,0.28433447641995208
14700,18355,18356,5,0,0.11630828433565783
14701,18356,18357,1,0,0.12113075932377648
14702,18358,18359,4,1,0.36165153707911496
14703,18359,18360,4,1,0.3171062944292326
14704,18360,18361,2,0,0.23915312244772041
14705,18361,18362,1,0,0.11947441724298077
14706,18364,18365,5,0,0.038165721293053873
14707,18367,18368,2,0,0.13112400246943084
14708,18368,18369,4,1,0.31023566965992688
14709,18369,18370,4,0,0.46269283489359614
14710,18370,18371,2,1,0.68510009771731362
14711,18371,18372,2,0,0.076888395305242982
14712,18372,18373,5,1,0.12179869525439332
14713,18373,18374,4,0,0.03659546645779297
14714,18374,18375,1,1,0.097914398619239174
14715,18375,18376,5,1,0.73257106179704867
14716,18376,18377,3,0,0.16272393189514683
14717,18377,18378,1,0,0.072126403217979182
14718,18378,18379,3,0,0.12149940888558987
14719,18379,18380,5,0,0.15401681354945077
14720,18380,18381,4,0,0.73693979211105254
14721,18381,18382,1,1,0.5675334163354081
14722,18382,18383,1,1,0.59577008414214239
14723,18383,18384,3,1,0.63212733144629762
14724,18385,18386,5,1,0.14450320061341998
14725,18386,18387,3,0,0.067467820147239732
14726,18387,18388,2,0,0.034585613980291488
14727,18390,18391,4,1,0.34674388305546727
14728,18392,18393,5,1,0.23569101129952624
14729,18394,18395,4,1,0.0383683053450335
14730,18395,18396,3,0,0.34818085866305137
14731,18396,18397,4,1,0.38103271295073077
14732,18397,18398,3,0,0.1349664448644827
14733,18398,18399,2,0,0.074171272013087569
14734,18399,18400,4,0,0.079578870587500614
14735,18400,18401,5,0,0.067046146498377215
14736,18401,18402,5,0,0.066711694051387382
14737,18402,18403,2,0,0.376985381251707
14738,18403,18404,1,0,0.15607836191390451
14739,18404,18405,3,0,0.036050852572817732
14740,18405,18406,4,0,0.046904778141995576
14741,18406,18407,4,0,0.15968115763615859
14742,18407,18408,3,0,0.049209695726868827
14743,18411,18412,1,0,0
14744,18412,18413,5,0,0.16366648464146524
14745,18413,18414,5,0,0.16188506566004543
14746,18414,18415,5,0,0.37948033076812804
14747,18415,18416,3,0,0.13841483376402139
14748,18416,18417,2,0,0.3577226183219463
14749,18417,18418,5,0,0.092774339577820761
14750,18419,18420,4,1,0.57490798111681451
14751,18420,18421,2,1,0.60119212449313808
14752,18422,18423,3,1,0.68968424435808329
14753,18424,18425,1,0,0.14338697259437724
14754,18425,18426,5,0,0.6572559123506998
14755,18426,18427,1,0,0.2784646544781838
14756,18427,18428,1,0,0.074319985616927015
14757,18428,18429,4,0,0.11063851373808757
14758,18429,18430,4,1,0.73827562747964981
14759,18430,18431,3,0,0.21859802959096247
14760,18431,18432,2,0,0.13801061894265348
14761,18432,18433,2,0,0.50923965085272505
14762,18433,18434,1,0,0.28081102637875305
14763,18435,18436,5,0,0
14764,18436,18437,2,0,0.040026047121607344
14765,18437,18438,2,1,0.58072690518597636
14766,18438,18439,5,0,0.13535072603106652
14767,18439,18440,3,0,0.3031619479515878
14768,18440,18441,3,0,0.13918215587754476
14769,18441,18442,1,1,0.087935976902885571
14770,18442,18443,2,1,0.37760015019282045
14771,18443,18444,1,1,0.4779185800805027
14772,18444,18445,2,1,0.58524912009878571
14773,18446,18447,1,0,0.16558670603814493
14774,18447,18448,3,1,0.043837395276339085
14775,18448,18449,4,1,0.59702163188633761
14776,18449,18450,2,0,0.38269034998491186
14777,18450,18451,1,0,0.36706040782032956
14778,18451,18452,2,0,0.041048499564605628
14779,18452,18453,1,0,0
14780,18453,18454,1,1,0.15827454347224054
14781,18455,18456,5,0,0.028887455829771626
14782,18456,18457,4,0,0.11246981781235524
14783,18457,18458,1,0,0.037441061514450119
14784,18458,18459,5,0,0.20242380051364078
14785,18460,18461,5,0,0.033480369835262272
14786,18461,18462,1,0,0.071203457890328947
14787,18463,18464,3,0,0
14788,18464,18465,3,0,0.15210181246244578
14789,18465,18466,1,1,0.091519095213271992
14790,18466,18467,2,0,0.24927274164247828
14791,18467,18468,3,0,0.666877102353582
14792,18468,18469,3,0,0.037407084056431394
14793,18469,18470,4,0,0.18665788781859446
14794,18470,18471,2,0,0.031281048233411088
14795,18472,18473,5,0,0.14233946976793113
14796,18473,18474,2,0,0.097792825229154806
14797,18474,18475,2,1,0.28843857543831286
14798,18475,18476,2,0,0.17742970921295126
14799,18477,18478,3,0,0.25219878993483558
14800,18478,18479,4,0,0.54841337862258266
14801,18479,18480,4,0,0.47355877158198462
14802,18481,18482,4,1,0.085282882071189364
14803,18483,18484,4,0,0.14678407114349545
14804,18487,18488,4,0,0.22733394930179529
14805,18488,18489,5,0,0.179241559300893
14806,18490,18491,5,1,0.10381597485923785
14807,18492,18493,3,0,0.28421958589389534
14808,18493,18494,1,0,0.078390299719353421
14809,18494,18495,5,0,0.11739087657501154
14810,18495,18496,2,0,0.33225723579598476
14811,18496,18497,4,0,0.058401761573445059
14812,18497,18498,5,0,0.070849292129878769
14813,18498,18499,5,0,0.14432568238471824
14814,18499,18500,1,0,0.14479742916663771
14815,18500,18501,2,0,0
14816,18501,18502,1,0,0.25028423145142725
14817,18503,18504,5,0,0.16895747455224985
14818,18504,18505,3,0,0.037313762801584723
14819,18505,18506,3,0,0.075071295351481562
14820,18506,18507,2,0,0.035662774340121967
14821,18507,18508,4,1,0.10130754495289462
14822,18508,18509,1,1,0.17543544640574177
14823,18512,18513,5,0,0.49461089494113936
14824,18513,18514,3,1,0.52525471299200222
14825,18514,18515,3,0,0.65218632372421159
14826,18515,18516,5,1,0.62944043119960702
14827,18516,18517,1,0,0.036289787473298654
14828,18517,18518,4,0,0.040418800702284902
14829,18519,18520,3,0,0.03663735286550137
14830,18520,18521,5,0,0.132935468418407
14831,18521,18522,2,0,0.11807564347401393
14832,18522,18523,2,1,0.19939568009238814
14833,18523,18524,1,1,0
14834,18524,18525,2,0,0.1262809608079597
14835,18525,18526,2,0,0.39285195695895031
14836,18526,18527,5,0,0.26322677503646508
14837,18528,18529,3,0,0
14838,18529,18530,1,0,0.28241250543882057
14839,18530,18531,3,0,0.21955892575435704
14840,18531,18532,5,0,0.18865606990952669
14841,18532,18533,4,0,0.44724488498346709
14842,18533,18534,5,0,0.33942401428291658
14843,18534,18535,4,0,0.075157909867669292
14844,18535,18536,5,0,0
14845,18536,18537,4,0,0.70761599007667086
14846,18537,18538,5,0,0
14847,18538,18539,3,0,0.15622997005125344
14848,18540,18541,2,0,0.11622219845443493
14849,18543,18544,2,0,0.07739496390192098
14850,18544,18545,3,0,0.16736449057981853
14851,18545,18546,2,0,0.10287948576811823
14852,18546,18547,4,0,0.11462995132912256
14853,18548,18549,4,0,0.19710130832247549
14854,18549,18550,2,0,0.18728440620226217
14855,18550,18551,2,1,0.11205069161364689
14856,18551,18552,2,0,0.19813097380159816
14857,18552,18553,3,1,0.16226601984299793
14858,18553,18554,5,1,0.37208930093594628
14859,18554,18555,2,1,0.34462540308339462
14860,18555,18556,5,0,0.19884533925322359
14861,18556,18557,2,0,0.096427896512846611
14862,18557,18558,4,0,0.10385152069490648
14863,18560,18561,3,0,0
14864,18561,18562,1,0,0.083888926659846597
14865,18562,18563,2,0,0.14404458525254665
14866,18563,18564,2,0,0.032810804395825718
14867,18564,18565,3,0,0.036374685594315781
14868,18565,18566,3,0,0.074818018639000505
14869,18567,18568,2,0,0.051757178508090758
14870,18568,18569,4,0,0.078734172856089898
14871,18569,18570,5,0,0.10022718718823331
14872,18570,18571,3,0,0.15169429314468566
14873,18572,18573,2,0,0.20943678023716925
14874,18574,18575,4,0,0.15712980341193244
14875,18575,18576,5,0,0.12763845166873275
14876,18580,18581,3,0,0.48136504828868482
14877,18582,18583,4,0,0.39622557761513333
14878,18583,18584,4,0,0.07505839751398441
14879,18584,18585,3,0,0.12383447509099819
14880,18587,18588,4,0,0.033079402068964842
14881,18588,18589,4,0,0
14882,18589,18590,3,0,0.20546539314748966
14883,18591,18592,5,1,0.25954592991183267
14884,18592,18593,4,0,0.14905217685350966
14885,18593,18594,5,0,0.25336023766783999
14886,18594,18595,4,0,0.10658246645192905
14887,18595,18596,3,0,0.1855602608732268
14888,18596,18597,5,0,0.20208970320109962
14889,18597,18598,5,0,0.079800697065813705
14890,18598,18599,4,0,0.075432504131650202
14891,18601,18602,1,0,0.15921378992795487
14892,18602,18603,3,0,0
14893,18603,18604,1,0,0.038400594187558382
14894,18604,18605,3,0,0.16748425672245118
14895,18605,18606,2,0,0.10728809857632052
14896,18607,18608,3,0,0.069975401894321276
14897,18608,18609,5,0,0.084207595038588004
14898,18609,18610,4,1,0.80393429384302695
14899,18611,18612,5,0,0
14900,18613,18614,3,0,0.28874955977444544
14901,18615,18616,3,0,0.21762515204537597
14902,18616,18617,3,0,0.19596097222041958
14903,18617,18618,5,0,0.029023047426018789
14904,18618,18619,3,1,0.78619755141461356
14905,18619,18620,2,0,0.064519672478749276
14906,18620,18621,4,0,0.063483205660054387
14907,18622,18623,3,1,0.69011895872781071
14908,18623,18624,5,0,0.11695376202759462
14909,18624,18625,1,0,0.040667442964520233
14910,18625,18626,5,1,0.62264747891277938
14911,18626,18627,3,0,0.16767723297090256
14912,18627,18628,5,0,0.1657218036766866
14913,18628,18629,5,0,0.51564446918999352
14914,18629,18630,2,0,0.11827628718546143
14915,18630,18631,2,0,0.11445555725905611
14916,18631,18632,2,1,0.080180453438489022
14917,18632,18633,5,0,0.22340902873008608
14918,18634,18635,5,1,0.3230857986341919
14919,18635,18636,3,0,0.039966815326860236
14920,18636,18637,3,0,0.065904845987957816
14921,18637,18638,2,0,0.073429260088920825
14922,18638,18639,4,0,0.14473067734914519
14923,18639,18640,2,1,0.41103783806409344
14924,18640,18641,4,0,0.048491705904592675
14925,18641,18642,2,0,0.07284118586095123
14926,18642,18643,4,0,0.25349027645799965
14927,18643,18644,2,0,0.38871176725476597
14928,18644,18645,4,0,0.11699035195356471
14929,18645,18646,1,0,0.15860000009667419
14930,18646,18647,2,0,0.21512634757690435
14931,18647,18648,2,0,0.029009272806254035
14932,18648,18649,1,0,0.11636950105837199
14933,18649,18650,2,0,0.040342675333427676
14934,18650,18651,4,0,0.19006965082530836
14935,18652,18653,5,0,0.082554666543603744
14936,18653,18654,2,0,0
14937,18654,18655,4,1,0.23490405677836398
14938,18655,18656,1,0,0.61560730184933854
14939,18656,18657,5,0,0.45444398834706851
14940,18657,18658,4,0,0.45706151213245844
14941,18658,18659,3,0,0.61584492448693362
14942,18660,18661,5,0,0.22001531038013092
14943,18661,18662,2,0,0.075746533650122128
14944,18662,18663,5,0,0.12244553425632795
14945,18663,18664,5,0,0.12261370722159842
14946,18664,18665,2,0,0.15641896272687805
14947,18665,18666,5,0,0.32122530042029829
14948,18666,18667,2,0,0.10027592134134727
14949,18667,18668,3,0,0.035306769566680045
14950,18668,18669,1,1,0.17551521508891821
14951,18669,18670,4,0,0.037601446254074924
14952,18670,18671,5,1,0.11931011771128876
14953,18672,18673,4,1,0.15596966473378485
14954,18673,18674,5,0,0.034776670480982833
14955,18675,18676,2,0,0.071778925680066719
14956,18676,18677,1,0,0.073412144768461349
14957,18677,18678,1,0,0.042311934292977242
14958,18679,18680,1,0,0.52586635385321423
14959,18680,18681,5,0,0.19833007730369812
14960,18681,18682,2,1,0.20563151178072447
14961,18684,18685,4,0,0.16955336382575859
14962,18685,18686,3,0,0.039140406459573902
14963,18686,18687,3,0,0.43515897695852923
14964,18687,18688,3,0,0.62506050591031714
14965,18689,18690,5,0,0
14966,18691,18692,3,0,0.63783470542016951
14967,18692,18693,3,1,0.32106474673989194
14968,18693,18694,4,0,0.081337282924088886
14969,18694,18695,3,1,0.81452579521294421
14970,18695,18696,1,1,0.071344534354126077
14971,18697,18698,3,0,0.16042181913981407
14972,18700,18701,1,1,0.36307260977453387
14973,18701,18702,3,0,0.31911667461823301
14974,18702,18703,5,0,0
14975,18703,18704,5,0,0.54070178375456412
14976,18704,18705,4,0,0.069207556612005589
14977,18705,18706,1,1,0.20208914406655079
14978,18706,18707,3,0,0.60763715404464147
14979,18708,18709,2,0,0.087886479327847072
14980,18710,18711,1,0,0.13836428631825876
14981,18712,18713,4,0,0.058089639172274048
14982,18713,18714,3,0,0.034000872479993234
14983,18714,18715,5,0,0.064565280122036134
14984,18715,18716,5,0,0.079314684769478963
14985,18716,18717,2,0,0.19869248386963312
14986,18717,18718,4,0,0.038535383564663614
14987,18718,18719,2,1,0.78274963357719396
14988,18719,18720,5,1,0.43318840443241285
14989,18720,18721,3,0,0.5993130340540751
14990,18721,18722,3,0,0.085032317241092378
14991,18722,18723,5,0,0.040130983008952431
14992,18723,18724,1,0,0.14913203094548202
14993,18724,18725,1,0,0.15807961453763536
14994,18725,18726,1,1,0.653263555977598
14995,18726,18727,4,0,0.27215695227703179
14996,18727,18728,3,0,0.11766347802058517
14997,18728,18729,5,0,0.068350629944720367
14998,18729,18730,5,0,0
14999,18731,18732,5,1,0.49701887580855675
15000,18732,18733,4,0,0.23172976053391076
15001,18734,18735,4,0,0.23377203952633779
15002,18735,18736,2,0,0.7758298864092773
15003,18736,18737,5,1,0.53787547435031435
15004,18737,18738,5,1,0.20269472139851719
15005,18738,18739,3,1,0.24677408309463239
15006,18739,18740,4,0,0.027445932295984379
15007,18740,18741,1,0,0.18176946099671912
15008,18741,18742,3,0,0.083635797319874625
15009,18742,18743,3,0,0.14017552432044725
15010,18743,18744,1,0,0.1336499119201299
15011,18747,18748,3,0,0.49035770755119956
15012,18748,18749,5,1,0.62267085793209831
15013,18749,18750,5,0,0.049479912215739559
15014,18751,18752,3,0,0.063271094272904393
15015,18752,18753,2,0,0.1549243515478918
15016,18754,18755,4,0,0.087641430576295878
15017,18755,18756,1,0,0
15018,18756,18757,3,0,0.15953367937609308
15019,18758,18759,1,0,0.36215956694211932
15020,18759,18760,1,1,0.57557014276824503
15021,18760,18761,5,0,0.12902948083874713
15022,18762,18763,2,0,0.080484376473830152
15023,18763,18764,3,0,0.24624344494253816
15024,18764,18765,2,0,0.032319119406227392
15025,18765,18766,3,0,0.14171598219560694
15026,18766,18767,2,0,0.30081125758318855
15027,18767,18768,4,0,0.035452732853191629
15028,18768,18769,4,0,0.18232554710385149
15029,18769,18770,1,0,0.11954396498578798
15030,18771,18772,3,1,0.42581310800284822
15031,18772,18773,5,1,0.12876370545618998
15032,18774,18775,1,0,0.1099720424312511
15033,18775,18776,3,0,0.082807022557668752
15034,18776,18777,5,0,0.11168971856431639
15035,18777,18778,3,0,0.36996701560722145
15036,18778,18779,4,0,0.042185229749459714
15037,18780,18781,3,0,0.11648631442662939
15038,18782,18783,3,0,0.19815390942873851
15039,18783,18784,1,0,0.084628549857747953
15040,18784,18785,2,0,0.078398992244168686
15041,18785,18786,1,0,0.060128065727599038
15042,18786,18787,2,0,0.16704872161781614
15043,18787,18788,2,0,0.10342056546634613
15044,18788,18789,2,0,0.034236919037198235
15045,18789,18790,2,0,0.033365269755476185
15046,18790,18791,1,0,0.17445922492393945
15047,18791,18792,4,1,0.63432419739167722
15048,18792,18793,5,0,0.24828994610317737
15049,18793,18794,1,0,0.39113076345992603
15050,18794,18795,2,0,0.037580396879668285
15051,18795,18796,1,1,0.2341416066517282
15052,18796,18797,5,0,0.29216348437994949
15053,18797,18798,4,0,0.11713761291600143
15054,18798,18799,2,0,0.032250230968394307
15055,18799,18800,1,0,0.31482097641808926
15056,18800,18801,2,0,0.17618412313435292
15057,18801,18802,4,0,0.27032354901535505
15058,18804,18805,4,0,0.11621580035774559
15059,18805,18806,4,0,0.15315072234152702
15060,18806,18807,2,0,0.29274747440360921
15061,18807,18808,5,0,0.16078725943030872
15062,18809,18810,2,0,0.10958746905347048
15063,18810,18811,1,0,0.42911985093272603
15064,18811,18812,2,0,0.086088799533075036
15065,18812,18813,4,1,0.20187904302234425
15066,18814,18815,4,0,0.03311367157974679
15067,18815,18816,2,1,0.20881569787014423
15068,18817,18818,5,0,0.034140765286089406
15069,18818,18819,5,1,0.33167376619250943
15070,18820,18821,4,0,0.19058228470567382
15071,18821,18822,1,1,0.06316273199454972
15072,18822,18823,4,0,0.19378884088502576
15073,18823,18824,4,1,0.11591324421806209
15074,18825,18826,2,1,0.67152280246301699
15075,18826,18827,1,0,0.6533353802207138
15076,18827,18828,3,0,0.037829357358676263
15077,18828,18829,4,0,0
15078,18829,18830,3,0,0.082614494803609453
15079,18830,18831,1,0,0.068547714485745037
15080,18831,18832,3,0,0.040625867453317463
15081,18832,18833,1,0,0.20597730626654859
15082,18833,18834,5,0,0.074782027450523425
15083,18834,18835,2,0,0.08312650157607121
15084,18835,18836,5,0,0.15873504595853954
15085,18836,18837,5,1,0.45393326007792723
15086,18837,18838,5,0,0.07725367722445263
15087,18840,18841,4,1,0.55483652959660024
15088,18841,18842,5,0,0.26072663294530563
15089,18842,18843,1,0,0.18273638005735149
15090,18843,18844,3,0,0.2395818540197038
15091,18844,18845,1,1,0.033905453738436023
15092,18845,18846,4,1,0.27358031844867831
15093,18846,18847,4,0,0.12439339947203981
15094,18847,18848,5,0,0.12223281031970608
15095,18848,18849,2,0,0.30845266326414716
15096,18849,18850,5,0,0.043251808825587656
15097,18850,18851,3,0,0.10760855304566444
15098,18851,18852,2,1,0.59190810871639421
15099,18852,18853,1,0,0.11582975804709625
15100,18854,18855,4,0,0.10016622515839373
15101,18855,18856,4,0,0.13100188735300533
15102,18856,18857,2,1,0.057680744363226878
15103,18857,18858,3,0,0.36047407896676392
15104,18858,18859,5,0,0.080951758014630157
15105,18859,18860,2,0,0.08803438770322139
15106,18860,18861,1,0,0.16866941084153247
15107,18861,18862,2,0,0.1403778723228167
15108,18862,18863,5,1,0.11073002168068899
15109,18864,18865,3,0,0.39812997312938364
15110,18865,18866,4,0,0.63142226059312878
15111,18867,18868,2,1,0.57062729904200216
15112,18868,18869,2,1,0.41294092285812461
15113,18869,18870,1,0,0.39781144421702752
15114,18870,18871,5,0,0.12506952998696719
15115,18871,18872,5,0,0.11951478316717366
15116,18873,18874,3,0,0.10026409493416659
15117,18874,18875,4,0,0.569333898487412
15118,18875,18876,1,0,0.035131990693954084
15119,18876,18877,2,1,0
15120,18878,18879,5,0,0.12232920976519797
15121,18879,18880,5,0,0.26893069905457223
15122,18881,18882,2,0,0.19373506797665219
15123,18884,18885,4,0,0.078393095976195037
15124,18885,18886,5,0,0.081518823318798367
15125,18886,18887,1,0,0.066070060797089589
15126,18888,18889,3,0,0.11495323318252562
15127,18889,18890,1,0,0.2050139402671525
15128,18890,18891,3,1,0.12970549899156161
15129,18891,18892,2,0,0.038376845784962491
15130,18892,18893,3,1,0.7116580753993893
15131,18893,18894,3,0,0.18493929531635298
15132,18894,18895,4,0,0.038855120498273436
15133,18895,18896,1,0,0.28396884209208861
15134,18896,18897,3,0,0.3121839214704798
15135,18897,18898,3,0,0.12010634845319927
15136,18899,18900,4,1,0.4028464121647925
15137,18900,18901,1,0,0.2195100855951386
15138,18903,18904,2,0,0.039207874307795071
15139,18904,18905,1,0,0
15140,18906,18907,4,0,0.07515125837902141
15141,18907,18908,2,0,0.098191642760943151
15142,18908,18909,4,0,0.15047433586696118
15143,18910,18911,2,1,0.71793047082402095
15144,18911,18912,2,0,0.076634223601781459
15145,18913,18914,5,1,0.55706719267843663
15146,18914,18915,2,1,0.58438420600131502
15147,18916,18917,4,0,0.038758599636802525
15148,18917,18918,4,1,0.62313608076891469
15149,18919,18920,4,1,0.83087286339153055
15150,18920,18921,1,0,0.1269788539918619
15151,18924,18925,3,0,0
15152,18925,18926,4,0,0.79726565542926997
15153,18926,18927,3,0,0.038076578002075409
15154,18927,18928,2,1,0.27986155404826574
15155,18928,18929,2,1,0.7568663084423104
15156,18930,18931,3,0,0.37894814615584532
15157,18931,18932,4,0,0.088541884239206087
15158,18932,18933,3,0,0.21008554618480141
15159,18933,18934,5,0,0
15160,18934,18935,5,0,0.45526505025490166
15161,18935,18936,5,0,0.25570723353824398
15162,18936,18937,5,0,0.47415842588972823
15163,18937,18938,4,0,0
15164,18938,18939,3,0,0.32580805793058337
15165,18939,18940,5,1,0.08517866116770674
15166,18940,18941,4,0,0.15858485472876874
15167,18941,18942,5,0,0.07781434967587901
15168,18942,18943,2,0,0.2672781807321597
15169,18943,18944,4,0,0
15170,18944,18945,1,0,0.046482849470771206
15171,18945,18946,3,0,0.12223479314015499
15172,18946,18947,1,1,0.080083596976952137
15173,18947,18948,5,0,0.24877631296862282
15174,18948,18949,3,0,0.24505667459766237
15175,18951,18952,3,1,0.68367503729961665
15176,18952,18953,4,0,0.12466480615894372
15177,18953,18954,5,0,0.039511638691271792
15178,18954,18955,3,0,0.06000089922044697
15179,18956,18957,5,0,0.27717387362592621
15180,18957,18958,5,1,0.6625202738560223
15181,18959,18960,1,0,0.19306690821654068
15182,18962,18963,3,0,0.14703545826304562
15183,18964,18965,5,0,0.036738558138766093
15184,18966,18967,1,0,0.24716217778500266
15185,18967,18968,5,1,0.07182775722590351
15186,18968,18969,2,0,0.081115357451972708
15187,18969,18970,3,0,0.091902594527062245
15188,18970,18971,5,0,0
15189,18971,18972,4,0,0.080926101436232967
15190,18972,18973,1,0,0.72215669056872589
15191,18973,18974,1,0,0.12405856786209993
15192,18975,18976,4,0,0.15658489278539869
15193,18977,18978,4,0,0.060370542954665873
15194,18978,18979,5,0,0.18755332917781861
15195,18979,18980,4,0,0.1839723258098383
15196,18980,18981,4,0,0.22395034038254602
15197,18981,18982,4,0,0.043034548488505291
15198,18982,18983,2,1,0.21353785013284945
15199,18983,18984,2,0,0.030964200611047887
15200,18984,18985,2,0,0.0449021237301898
15201,18985,18986,3,0,0.036878481435293112
15202,18986,18987,5,0,0.2273715662042585
15203,18987,18988,3,0,0.20464099305623326
15204,18988,18989,1,0,0.76433185891024402
15205,18989,18990,3,0,0.1575962380622106
15206,18990,18991,2,0,0.19830492330980001
15207,18991,18992,4,0,0.80026079256591898
15208,18992,18993,3,0,0.055160147298195218
15209,18993,18994,2,0,0.36712901065091219
15210,18994,18995,2,0,0
15211,18995,18996,4,0,0.16480729586836071
15212,18996,18997,4,0,0.12987411847894964
15213,18997,18998,1,0,0.082108066649335718
15214,18998,18999,2,1,0.16118199659631202
15215,18999,19000,4,1,0.36860748747147315
15216,19000,19001,5,0,0.26368214023676689
15217,19002,19003,5,0,0.16365691283324493
15218,19003,19004,2,0,0.040729560843074268
15219,19004,19005,3,0,0.083573389069575788
15220,19005,19006,5,0,0.064949909280119358
15221,19006,19007,1,0,0.19920975765622512
15222,19007,19008,1,0,0.085264357392279666
15223,19009,19010,5,0,0.049531837782211499
15224,19010,19011,2,0,0.15810583396334341
15225,19011,19012,4,1,0.35527944598108635
15226,19012,19013,4,0,0.20777821037365901
15227,19014,19015,1,0,0.079757181983353728
15228,19015,19016,3,0,0.19357213047282751
15229,19016,19017,3,0,0.066706014826167739
15230,19017,19018,2,0,0.34986505311493876
15231,19019,19020,4,0,0.041723912609795098
15232,19020,19021,2,0,0.10094610085312163
15233,19021,19022,2,1,0.78656736375281333
15234,19022,19023,3,0,0.083064496120798387
15235,19023,19024,5,1,0.49693790279595607
15236,19024,19025,1,0,0.2184720948758534
15237,19025,19026,1,1,0.32240830391022307
15238,19027,19028,2,0,0.12725481041280198
15239,19028,19029,1,0,0.10584191902013679
15240,19030,19031,2,0,0.16122025732481965
15241,19031,19032,3,0,0.21920580872159179
15242,19032,19033,5,0,0.42931102941551885
15243,19033,19034,5,1,0.050463931943356036
15244,19034,19035,1,0,0.16080072750330726
15245,19035,19036,2,1,0.81446365465522208
15246,19036,19037,5,0,0.041928806137196836
15247,19037,19038,2,0,0.1043500168635675
15248,19038,19039,2,0,0.15200430074620652
15249,19039,19040,2,1,0.33231765242321326
15250,19040,19041,1,0,0
15251,19041,19042,1,0,0.20535825205186409
15252,19042,19043,2,1,0.47376631297821825
15253,19043,19044,3,0,0.154943589941966
15254,19045,19046,4,0,0.059946398734130747
15255,19047,19048,3,0,0
15256,19048,19049,4,0,0.068526948977900431
15257,19049,19050,3,1,0.59668636567261379
15258,19050,19051,1,1,0.60653069971345364
15259,19051,19052,5,0,0.18824707819694206
15260,19052,19053,1,1,0.48095818692618825
15261,19053,19054,3,1,0.036077091086132662
15262,19054,19055,3,0,0.1023502043530132
15263,19055,19056,4,1,0.75254349848819613
15264,19056,19057,2,0,0.47553790121739459
15265,19057,19058,3,1,0.50295593997659749
15266,19059,19060,5,1,0.7462452216280665
15267,19061,19062,3,0,0.19425106614650586
15268,19062,19063,5,0,0.077672016122979359
15269,19063,19064,3,0,0.13740794822308094
15270,19064,19065,1,0,0.55861922837701694
15271,19065,19066,3,1,0.59638178252663188
15272,19066,19067,5,0,0.17819246871276845
15273,19067,19068,1,0,0.19402229595453399
15274,19068,19069,3,0,0.16649065724705625
15275,19069,19070,1,1,0.71760396445579022
15276,19070,19071,4,0,0.10077962475543302
15277,19072,19073,2,0,0.10873439413620603
15278,19073,19074,1,0,0.035653495227395166
15279,19075,19076,4,0,0.41293125069298903
15280,19076,19077,1,0,0.037893153738028346
15281,19078,19079,4,0,0.16183000958861973
15282,19080,19081,2,0,0.044647991025369101
15283,19081,19082,3,0,0.21937678788484968
15284,19082,19083,1,1,0.15784078065380633
15285,19083,19084,2,1,0.69837386021861303
15286,19084,19085,4,0,0.08010830026088453
15287,19085,19086,1,0,0.18591865131226626
15288,19086,19087,3,0,0.074520385090689978
15289,19087,19088,2,1,0.5769570507916536
15290,19088,19089,1,0,0.28477640415582178
15291,19089,19090,2,0,0.045541308972330483
15292,19091,19092,2,1,0.63140816472657391
15293,19092,19093,4,0,0
15294,19093,19094,3,0,0.095282745061662108
15295,19094,19095,4,0,0.033330505670581684
15296,19095,19096,5,0,0.14807331368111062
15297,19096,19097,5,0,0.26557818217782597
15298,19097,19098,1,0,0.10313398392039769
15299,19098,19099,5,1,0.68161107118540576
15300,19099,19100,4,0,0.13808231307650548
15301,19100,19101,4,1,0.51936544269801288
15302,19102,19103,1,0,0.20216480120977606
15303,19103,19104,4,1,0.53538615144916624
15304,19104,19105,2,1,0.78524689325612418
15305,19105,19106,1,1,0.24319819530303349
15306,19106,19107,2,1,0.11179873197447808
15307,19107,19108,1,0,0.12712400657780246
15308,19108,19109,5,1,0.19758438765517203
15309,19109,19110,4,0,0
15310,19110,19111,2,0,0.20106263247771153
15311,19111,19112,3,0,0.059802762921329765
15312,19112,19113,4,0,0.071593738519373576
15313,19113,19114,5,0,0.15912357301003124
15314,19114,19115,4,0,0
15315,19115,19116,4,0,0.48769527859775963
15316,19116,19117,5,0,0.080848129453507181
15317,19117,19118,5,0,0.36652937682090442
15318,19120,19121,5,0,0.19981248644983254
15319,19121,19122,1,0,0.10359042865217806
15320,19122,19123,2,0,0.028465300128211093
15321,19123,19124,4,0,0.28013172132839886
15322,19125,19126,3,0,0.33759073065519846
15323,19126,19127,4,1,0.66712490419316217
15324,19127,19128,1,0,0.054266864102643773
15325,19128,19129,4,0,0.11693592023685577
15326,19129,19130,4,0,0.35861086884076587
15327,19130,19131,1,1,0.76204176539981294
15328,19131,19132,4,0,0.052658971221262472
15329,19132,19133,1,0,0.20115800753624066
15330,19133,19134,3,0,0.58415337095819997
15331,19134,19135,5,0,0.035033050986830114
15332,19136,19137,1,0,0.24973910065002017
15333,19137,19138,2,0,0.089685380135631973
15334,19138,19139,2,0,0.2031760190284562
15335,19139,19140,1,0,0.3162821543058259
15336,19140,19141,1,0,0.12298088612921046
15337,19141,19142,5,0,0
15338,19142,19143,1,0,0.074987617659541858
15339,19143,19144,1,0,0.045767831346605108
15340,19144,19145,1,0,0.10879185368849091
15341,19145,19146,1,1,0.86075055695802949
15342,19146,19147,4,0,0.036497737935458595
15343,19147,19148,1,0,0.037763371422267294
15344,19148,19149,5,0,0.088034485598038142
15345,19149,19150,4,1,0.64792515072171386
15346,19151,19152,5,0,0.093558925621398406
15347,19152,19153,1,0,0
15348,19153,19154,2,0,0.15654304291511376
15349,19154,19155,2,0,0.13999367072925695
15350,19155,19156,1,0,0.11882215049862423
15351,19157,19158,5,0,0.12288865351787974
15352,19158,19159,5,0,0.15842398529431609
15353,19159,19160,5,0,0.19635541711424009
15354,19160,19161,5,0,0.23628748913758141
15355,19161,19162,3,0,0.15720954021434094
15356,19163,19164,2,0,0.11537046365156763
15357,19164,19165,1,0,0.14932608389321383
15358,19165,19166,1,0,0.12017505551167973
15359,19166,19167,2,1,0.17915047611568941
15360,19167,19168,5,1,0.59257009338533984
15361,19168,19169,3,0,0.15653383234605334
15362,19169,19170,5,0,0.027140288758620821
15363,19170,19171,2,0,0.1865438339871647
15364,19171,19172,4,0,0.092875668159251509
15365,19172,19173,4,0,0.11828155723781394
15366,19173,19174,3,0,0.2458304358311115
15367,19174,19175,4,0,0.078431087651205877
15368,19175,19176,2,0,0.33849558173409211
15369,19176,19177,5,0,0.27890444524921842
15370,19177,19178,4,0,0.067862317577337711
15371,19178,19179,1,1,0.74583972290912548
15372,19179,19180,2,0,0.037941290841674163
15373,19180,19181,1,0,0.037865396461440347
15374,19181,19182,1,0,0
15375,19182,19183,1,0,0.071342721101993453
15376,19183,19184,4,1,0.23001530922130459
15377,19184,19185,3,0,0.078261594745227231
15378,19185,19186,1,0,0.19890252253950116
15379,19186,19187,5,0,0.11486309890010736
15380,19187,19188,1,0,0.17968378857160333
15381,19188,19189,5,0,0.1445613185340858
15382,19190,19191,2,0,0.16893281985876638
15383,19191,19192,4,0,0.091358627036016979
15384,19192,19193,2,0,0.03227439376009536
15385,19193,19194,5,0,0.028246186854085597
15386,19194,19195,3,0,0.43276231870757648
15387,19195,19196,1,0,0.11992027548872826
15388,19196,19197,4,0,0.084865661651522289
15389,19197,19198,4,0,0.10891041264576357
15390,19198,19199,5,0,0.16326238883710037
15391,19199,19200,5,1,0.12116746928664433
15392,19200,19201,1,1,0.75802977957726547
15393,19201,19202,1,0,0.24525679120561855
15394,19203,19204,5,0,0.12286848686932197
15395,19204,19205,2,0,0.36091955286420108
15396,19205,19206,4,0,0.076029776852159864
15397,19206,19207,2,1,0.6214482815647947
15398,19207,19208,4,0,0
15399,19208,19209,5,0,0.033470380115015269
15400,19210,19211,3,0,0.030304750796237019
15401,19211,19212,3,0,0.056525338366253078
15402,19212,19213,2,1,0.61991714575555423
15403,19213,19214,4,0,0.066812530776957285
15404,19214,19215,2,0,0.64534198352683192
15405,19215,19216,4,0,0.040223545557385866
15406,19216,19217,1,0,0.11600647637276092
15407,19217,19218,4,0,0.076087890501568042
15408,19218,19219,5,0,0
15409,19219,19220,4,0,0.17140445581399288
15410,19221,19222,4,0,0
15411,19222,19223,2,0,0.031202440941617764
15412,19223,19224,3,1,0.28293664701819554
15413,19225,19226,3,0,0.31269594722022198
15414,19226,19227,2,0,0.30812642492804526
15415,19227,19228,4,0,0.076306577457545391
15416,19228,19229,3,0,0.25165305926300946
15417,19229,19230,5,0,0.29804180022387472
15418,19230,19231,2,0,0.025015946278758579
15419,19231,19232,3,0,0.25539145855864381
15420,19232,19233,4,1,0.15098001037705375
15421,19233,19234,3,1,0.54691906834223802
15422,19234,19235,3,0,0.17028931709439474
15423,19235,19236,1,0,0.040050705749964249
15424,19236,19237,2,0,0.39414629277584545
15425,19237,19238,3,0,0.17042069595088727
15426,19239,19240,4,0,0.077874434813094126
15427,19241,19242,3,1,0.49375475558711091
15428,19243,19244,3,1,0.32075970480880112
15429,19244,19245,2,0,0.27108485301821877
15430,19247,19248,3,0,0.090597078313423826
15431,19248,19249,1,1,0.47642376169779233
15432,19249,19250,5,0,0.4666791197285961
15433,19251,19252,4,1,0.078165610300860444
15434,19252,19253,1,0,0.03877358211590641
15435,19254,19255,3,1,0.12152548732483726
15436,19255,19256,3,0,0.2324790790589579
15437,19256,19257,4,0,0.1573783626262571
15438,19257,19258,4,0,0.037985531507417222
15439,19259,19260,3,0,0.27916824668790508
15440,19260,19261,5,1,0.53846925048145344
15441,19261,19262,4,0,0.040137888093071852
15442,19262,19263,4,0,0.1927562775814167
15443,19263,19264,5,0,0.1849485354601855
15444,19264,19265,2,0,0.7439603810811164
15445,19265,19266,1,1,0.077728810680345983
15446,19267,19268,5,0,0.1999043778545849
15447,19269,19270,5,1,0.073406212817066815
15448,19270,19271,5,1,0.52530772319326946
15449,19271,19272,4,0,0.12873378477032804
15450,19272,19273,3,0,0.11888934456861906
15451,19273,19274,2,0,0.032879119029736073
15452,19274,19275,5,0,0.31635894803981135
15453,19275,19276,4,0,0.11163527744719365
15454,19276,19277,3,0,0
15455,19278,19279,3,0,0.27748794606883337
15456,19279,19280,2,0,0.10947592092859157
15457,19281,19282,3,0,0.11538842827299355
15458,19282,19283,5,0,0.23602671355459148
15459,19283,19284,5,1,0.036974254696118238
15460,19287,19288,4,0,0.15585153261180104
15461,19288,19289,4,0,0.12440125358570067
15462,19289,19290,1,0,0.090366089669098079
15463,19290,19291,4,0,0.23614256597294891
15464,19291,19292,3,1,0.039164591176254322
15465,19292,19293,4,0,0.17766589009893513
15466,19293,19294,1,0,0.32981528348931427
15467,19295,19296,3,0,0.11713465704630972
15468,19296,19297,3,0,0
15469,19298,19299,3,0,0.071683796658241955
15470,19299,19300,5,0,0.15890995196062746
15471,19300,19301,5,0,0.20197276534525083
15472,19301,19302,2,0,0.2011887538381105
15473,19302,19303,3,0,0.37691896528762775
15474,19303,19304,5,0,0.2196131806532127
15475,19305,19306,2,0,0.038336232728363444
15476,19308,19309,3,0,0.16431995738328078
15477,19309,19310,5,0,0.034292007043708668
15478,19310,19311,3,1,0.33688659698905282
15479,19311,19312,2,0,0
15480,19312,19313,5,1,0.30591244228306402
15481,19313,19314,3,0,0
15482,19314,19315,5,0,0.31863238945194899
15483,19315,19316,2,0,0.88072686606275885
15484,19316,19317,5,0,0.098856386274526142
15485,19317,19318,5,1,0.68443950990202607
15486,19318,19319,4,0,0
15487,19319,19320,5,1,0.15109251053460318
15488,19320,19321,5,0,0.23700466537043413
15489,19321,19322,2,0,0.19822331563279835
15490,19322,19323,4,0,0.48854050942241345
15491,19323,19324,5,0,0.21981061426065443
15492,19324,19325,3,0,0
15493,19325,19326,4,0,0.11718664000075439
15494,19326,19327,2,0,0.18832091177552676
15495,19327,19328,2,0,0.07278147791924891
15496,19328,19329,2,1,0.55859971634829275
15497,19329,19330,3,0,0.32281661640416454
15498,19332,19333,3,0,0.20393247971972842
15499,19333,19334,1,0,0.24611084601255659
15500,19334,19335,3,0,0.074284006347849027
15501,19335,19336,4,0,0.037465530853233828
15502,19336,19337,3,0,0
15503,19337,19338,1,1,0.078179011177653385
15504,19339,19340,5,0,0.12435369931653215
15505,19340,19341,4,0,0.063158631641035995
15506,19342,19343,2,0,0.43833977734978263
15507,19345,19346,2,0,0.11411648060093638
15508,19346,19347,4,1,0.28641063112521281
15509,19347,19348,4,0,0.25217209547122482
15510,19348,19349,2,0,0.022962026056667861
15511,19349,19350,3,0,0.13348967178027901
15512,19351,19352,5,1,0.5811252356563934
15513,19352,19353,5,0,0.085331253921191369
15514,19353,19354,1,0,0.061620915056131383
15515,19356,19357,3,0,0.17871593372471667
15516,19357,19358,3,0,0.4002980823937386
15517,19358,19359,3,0,0.61767806525581814
15518,19359,19360,1,0,0.16402907824429003
15519,19360,19361,1,1,0.23363349968860375
15520,19361,19362,4,0,0.19991354336399694
15521,19362,19363,1,0,0.0678254435586267
15522,19363,19364,1,0,0.11975744010520289
15523,19365,19366,3,0,0.16118165064561846
15524,19366,19367,3,0,0.044124135465447772
15525,19367,19368,1,0,0.11113992791733142
15526,19368,19369,5,0,0.46350488555964026
15527,19369,19370,2,0,0.042234344434207122
15528,19370,19371,2,0,0.15114326337886999
15529,19371,19372,4,0,0.11617290360386733
15530,19373,19374,1,0,0.12087692966603213
15531,19374,19375,3,0,0.090705017203989158
15532,19375,19376,5,0,0.048714818926670365
15533,19376,19377,4,0,0.12286557540666732
15534,19377,19378,2,1,0.25577765657437873
15535,19378,19379,3,0,0.13633374317873373
15536,19379,19380,4,0,0
15537,19380,19381,5,0,0
15538,19381,19382,4,0,0.50466189226351765
15539,19383,19384,5,0,0.39683777872428222
15540,19384,19385,3,0,0
15541,19385,19386,1,0,0.52713640751530588
15542,19386,19387,1,0,0.28495855053413599
15543,19387,19388,1,1,0.17280257426122311
15544,19388,19389,5,0,0.53822848105559873
15545,19389,19390,2,1,0.26456491505611074
15546,19391,19392,2,0,0
15547,19392,19393,4,0,0.25004248264336504
15548,19393,19394,3,0,0.16308438734069272
15549,19394,19395,3,0,0.11217568618794956
15550,19395,19396,2,0,0.11797296224701899
15551,19396,19397,5,0,0.078757168525662447
15552,19397,19398,1,0,0.034077348686480727
15553,19398,19399,2,0,0.20713994074924533
15554,19401,19402,5,0,0.038332748157501831
15555,19402,19403,5,0,0.10037422656418125
15556,19403,19404,5,0,0.21115921709662147
15557,19404,19405,3,0,0.06280698234196698
15558,19405,19406,3,0,0.11664948712550917
15559,19407,19408,3,0,0.074578353834848801
15560,19408,19409,5,1,0.35074990940835837
15561,19409,19410,2,0,0.029478081878101227
15562,19410,19411,5,0,0.048650823440207921
15563,19411,19412,5,0,0.26951054587801881
15564,19412,19413,2,0,0.16086958240493548
15565,19413,19414,2,0,0.19572012425590143
15566,19414,19415,3,0,0.10961722636757357
15567,19417,19418,4,0,0.16148068432410687
15568,19418,19419,1,0,0.12609044287316037
15569,19419,19420,3,0,0.1137125184460895
15570,19420,19421,3,0,0.13178841891784615
15571,19422,19423,1,0,0.1284020336396399
15572,19423,19424,3,0,0.11848306046416135
15573,19424,19425,3,0,0.2285192194982778
15574,19425,19426,2,0,0.15134649814244114
15575,19426,19427,2,0,0.11852044182488125
15576,19427,19428,5,0,0.036287834672620423
15577,19429,19430,4,0,0.16821359797588678
15578,19430,19431,2,0,0.11095845756230119
15579,19431,19432,3,0,0.31197073820629084
15580,19432,19433,4,0,0.15455753847643119
15581,19434,19435,3,0,0.41016380019703536
15582,19435,19436,2,0,0.22136132202748737
15583,19436,19437,5,0,0.039316586263983523
15584,19437,19438,5,0,0.039441797002269817
15585,19438,19439,3,0,0.079222034300086883
15586,19439,19440,4,0,0.040183076333353017
15587,19440,19441,4,0,0.34081759998757066
15588,19441,19442,5,0,0.35555603131092367
15589,19442,19443,4,1,0.14009567173830306
15590,19443,19444,5,0,0.04424154000084201
15591,19444,19445,2,0,0.35796397426340393
15592,19445,19446,4,0,0.039912003517681524
15593,19446,19447,4,0,0.28128617634002767
15594,19447,19448,5,0,0.35870621899716149
15595,19448,19449,3,0,0
15596,19449,19450,4,0,0.048731549596081551
15597,19450,19451,3,0,0.0766960987237498
15598,19451,19452,3,0,0.1273462183499999
15599,19452,19453,2,1,0.725385307740809
15600,19456,19457,5,0,0.1888457180139877
15601,19457,19458,3,0,0.083678489962986727
15602,19458,19459,2,0,0.11103468088082118
15603,19459,19460,4,0,0.23825445856382702
15604,19460,19461,5,0,0.46016761720526322
15605,19461,19462,4,0,0.19883180686408747
15606,19463,19464,3,0,0.083012363027697073
15607,19464,19465,4,0,0.26551757312507029
15608,19465,19466,3,1,0.42420610783168405
15609,19466,19467,1,0,0
15610,19467,19468,5,0,0.1492746196380777
15611,19469,19470,3,0,0.10626772232731127
15612,19470,19471,2,0,0.45923913235621128
15613,19471,19472,2,1,0.6304234779017206
15614,19472,19473,4,0,0.18316519070486392
15615,19473,19474,2,0,0.034802138004511894
15616,19474,19475,4,1,0.11411504956927303
15617,19475,19476,3,0,0.11469169491029055
15618,19476,19477,3,0,0.1413892980439429
15619,19477,19478,2,0,0.14383974154564785
15620,19478,19479,3,0,0
15621,19479,19480,2,0,0.15123523514003367
15622,19480,19481,3,0,0.19493692965112705
15623,19481,19482,3,0,0.24260318536332151
15624,19482,19483,3,0,0.28922649349842067
15625,19484,19485,5,0,0.66936672435025657
15626,19486,19487,2,0,0.058092891650526425
15627,19488,19489,3,0,0.68720555471911893
15628,19489,19490,5,1,0.61138995503212801
15629,19490,19491,5,0,0.17187611234933495
15630,19491,19492,3,0,0.14278181880613613
15631,19492,19493,3,0,0.090904275219050701
15632,19493,19494,5,0,0.10128612376541418
15633,19494,19495,3,0,0.18659737727255385
15634,19495,19496,2,1,0.19308340407985458
15635,19496,19497,3,0,0.15584627481018373
15636,19497,19498,2,0,0.19190584396343974
15637,19498,19499,5,1,0.19636993958782906
15638,19499,19500,1,0,9.121619304867802e-07
15639,19500,19501,5,0,0.044336611563950822
15640,19502,19503,3,0,0.1117624175046994
15641,19506,19507,4,0,0.53532780376978584
15642,19507,19508,2,0,0.089104522289887522
15643,19508,19509,2,0,0
15644,19510,19511,4,1,0.23165747480065543
15645,19511,19512,4,0,0.036518813065907756
15646,19512,19513,4,0,0.040543905387281781
15647,19513,19514,2,0,0.14425659875838184
15648,19514,19515,1,0,0.23079621921867521
15649,19515,19516,4,0,0.42743775901680114
15650,19517,19518,4,0,0.052683865893324827
15651,19518,19519,1,0,0.16914622468362986
15652,19519,19520,2,1,0.14662163459197378
15653,19520,19521,3,1,0.7484401136626343
15654,19521,19522,1,1,0.2000836486047271
15655,19523,19524,2,0,0.037275606776996664
15656,19524,19525,4,0,0.03427440721759812
15657,19525,19526,3,0,0.16836571131460298
15658,19526,19527,5,0,0.083466773012180306
15659,19528,19529,5,0,0.45742643826012869
15660,19529,19530,4,1,0
15661,19530,19531,2,0,0.26023682548553906
15662,19531,19532,5,0,0.25110483698533065
15663,19532,19533,2,1,0.4446281133556842
15664,19533,19534,4,0,0.64255001926475874
15665,19534,19535,4,0,0.25691694016785255
15666,19535,19536,5,0,0.037596518344299994
15667,19536,19537,3,1,0.66912382546101168
15668,19538,19539,4,0,0
15669,19539,19540,5,0,0.035408726020539981
15670,19541,19542,5,0,0.18845358561874836
15671,19542,19543,2,0,0
15672,19543,19544,1,0,0.11169903035179114
15673,19544,19545,5,0,0.27371849279105365
15674,19547,19548,1,1,0.035324886619336193
15675,19548,19549,3,1,0.69451699176502191
15676,19549,19550,4,1,0.04061230142786329
15677,19550,19551,4,0,0.16433418592346655
15678,19553,19554,3,0,0.11920834537745272
15679,19554,19555,4,0,0.11197430997729343
15680,19555,19556,2,0,0.11472476415306006
15681,19556,19557,5,1,0.68089660893931758
15682,19557,19558,1,0,0.091620594736566946
15683,19558,19559,3,0,0.12437457293287994
15684,19560,19561,4,0,0.045028879428498481
15685,19561,19562,5,0,0.038341058227875473
15686,19562,19563,3,0,0.039505760915255587
15687,19563,19564,5,1,0.20989939655905804
15688,19565,19566,5,0,0.34718973650890345
15689,19567,19568,5,0,0.039441259849242565
15690,19568,19569,3,0,0.023703365367519012
15691,19570,19571,4,0,0.16731364743586663
15692,19572,19573,4,1,0.1684082079855494
15693,19575,19576,1,0,0.043069170087117158
15694,19576,19577,2,0,0.15401365830120395
15695,19577,19578,3,1,0.776802097914437
15696,19578,19579,5,0,0.12352688640910821
15697,19580,19581,5,0,0
15698,19581,19582,4,0,0.077355632092843532
15699,19583,19584,4,0,0
15700,19584,19585,1,1,0.10822379459133731
15701,19585,19586,1,0,0.033734052379964845
15702,19586,19587,3,0,0.034017274864505245
15703,19587,19588,2,1,0.68403789553885286
15704,19588,19589,3,0,0.036347405425493702
15705,19589,19590,4,0,0.059394544199740863
15706,19590,19591,4,0,0.076235540003721194
15707,19591,19592,5,0,0.15510866604290269
15708,19592,19593,2,0,0.074266274328037313
15709,19593,19594,3,0,0.17685178079434799
15710,19596,19597,4,0,0.21349357831673332
15711,19597,19598,1,0,0.15935996288162707
15712,19598,19599,2,0,0.078077907835294502
15713,19599,19600,1,0,0
15714,19600,19601,1,0,0.038178857942502621
15715,19601,19602,4,0,0.2025995364919061
15716,19602,19603,3,0,0.084650453735288497
15717,19605,19606,1,0,0.40468016790205696
15718,19606,19607,5,0,0.053360306939214557
15719,19607,19608,1,0,0.029451948398821742
15720,19608,19609,1,0,0
15721,19609,19610,1,0,0.075067373227580114
15722,19610,19611,4,0,0
15723,19611,19612,2,0,0.18179914524845797
15724,19612,19613,5,0,0.14826555118486828
15725,19613,19614,2,0,0.26728456153056157
15726,19614,19615,2,0,0.11188499646437507
15727,19616,19617,5,1,0.56763965616816736
15728,19617,19618,3,0,0.11286912696155339
15729,19618,19619,3,0,0.12280483207712713
15730,19619,19620,4,0,0.13300267414737746
15731,19621,19622,2,1,0.74887869230263104
15732,19622,19623,1,1,0.089134976888100612
15733,19623,19624,2,0,0.11631730448066005
15734,19624,19625,1,0,0.26218572537002255
15735,19625,19626,4,0,0.15421947408277317
15736,19626,19627,3,0,0.16165280932833584
15737,19627,19628,2,0,0.19919071359982199
15738,19628,19629,3,0,0.1628059062080017
15739,19629,19630,1,0,0.2988258181032169
15740,19630,19631,2,0,0.15833622303441355
15741,19631,19632,3,0,0
15742,19632,19633,2,0,0.10424093879461073
15743,19633,19634,2,1,0.11231733300756705
15744,19635,19636,3,0,0.22973828191841342
15745,19636,19637,3,0,0.36401087455335496
15746,19637,19638,3,1,0.37080085705984905
15747,19638,19639,4,0,0.11773538195963633
15748,19639,19640,1,0,0.76685427763974934
15749,19640,19641,4,1,0.43684317176038284
15750,19641,19642,3,0,0
15751,19642,19643,2,0,0.13758995887699285
15752,19644,19645,5,0,0.32085702953414419
15753,19646,19647,2,0,0.22026084879642466
15754,19648,19649,1,1,0
15755,19649,19650,1,1,0.73078325820762369
15756,19651,19652,5,0,0.06474374361686501
15757,19652,19653,1,0,0.038756926530652692
15758,19653,19654,1,0,0
15759,19654,19655,2,1,0.32480845710867184
15760,19656,19657,4,0,0.31572065790727427
15761,19658,19659,2,0,0
15762,19659,19660,5,1,0.22987428324240369
15763,19660,19661,3,1,0.25258835890313741
15764,19662,19663,3,0,0.038067605894102352
15765,19663,19664,3,0,0
15766,19664,19665,1,0,0
15767,19665,19666,4,0,0.11767207260213043
15768,19666,19667,3,0,0.037707321589630874
15769,19668,19669,1,0,0.082586231635046303
15770,19669,19670,5,0,0.036710178130677174
15771,19671,19672,1,0,0
15772,19672,19673,2,0,0.16006362000621574
15773,19673,19674,5,0,0.10639266703650431
15774,19674,19675,4,0,0.20744731507992037
15775,19675,19676,2,0,0.1862662465036288
15776,19676,19677,1,1,0.3524533377260724
15777,19677,19678,4,0,0.032820407432375666
15778,19678,19679,3,0,0.041434151276558001
15779,19680,19681,3,0,0.23838036462080087
15780,19681,19682,2,0,0.15311487862050296
15781,19682,19683,5,0,0.071641668628027191
15782,19683,19684,5,1,0.24652013966599504
15783,19684,19685,5,0,0
15784,19685,19686,1,1,0.11664364480864184
15785,19687,19688,5,0,0.077757620967342636
15786,19689,19690,5,0,0.33596193052092471
15787,19690,19691,4,0,0
15788,19691,19692,4,0,0.19533427346253784
15789,19692,19693,3,0,0.29195391808119331
15790,19693,19694,2,1,0.031120410986853295
15791,19694,19695,1,0,0.20454508994032447
15792,19695,19696,4,0,0.030916651441228883
15793,19696,19697,1,0,0
15794,19698,19699,2,0,0.079526701405116237
15795,19699,19700,3,1,0.39468870302898879
15796,19700,19701,5,0,0.14353177879109083
15797,19702,19703,5,0,0.040415245905644173
15798,19704,19705,2,0,0.29067442038656838
15799,19705,19706,5,1,0.24169709961858646
15800,19706,19707,3,0,0.13298619297693548
15801,19707,19708,3,1,0.56892383766991228
15802,19709,19710,4,0,0.12048368337112966
15803,19711,19712,1,1,0.7562349975202719
15804,19712,19713,2,0,0.050632019904554508
15805,19714,19715,5,0,0.14545455402132981
15806,19715,19716,5,0,0.035675101181217944
15807,19716,19717,5,0,0.11169795407511537
15808,19718,19719,4,0,0.037160660145361006
15809,19719,19720,3,0,0.037036899952621896
15810,19720,19721,2,0,0.18499479662530077
15811,19721,19722,5,0,0.082197616397105669
15812,19722,19723,2,0,0.041402809189429637
15813,19723,19724,4,0,0.11882912942042671
15814,19724,19725,2,0,0.042560691116466529
15815,19725,19726,5,0,0.11460715183428995
15816,19726,19727,1,0,0.68252564839483409
15817,19728,19729,1,0,0.24512454408433068
15818,19729,19730,4,0,0.032609827652469475
15819,19730,19731,4,0,0.21370317154493881
15820,19731,19732,5,0,0.10467438763114641
15821,19732,19733,5,0,0.10209995312119731
15822,19733,19734,3,0,0.15448462304356769
15823,19736,19737,5,0,0.16072013306300659
15824,19737,19738,1,0,0.61397898112905469
15825,19739,19740,4,1,0.63174368659030722
15826,19740,19741,5,0,0.07887505634054584
15827,19742,19743,1,1,0.19869711923507463
15828,19744,19745,4,0,0.1038941720481574
15829,19745,19746,2,0,0.39873276973133154
15830,19746,19747,4,0,0.22043576264248396
15831,19748,19749,1,0,0.16128590884009764
15832,19749,19750,1,0,0.062691753573925049
15833,19750,19751,1,1,0.19308459435283251
15834,19751,19752,3,0,0.26542038370564908
15835,19752,19753,5,1,0.51699996672517579
15836,19753,19754,1,0,0
15837,19754,19755,3,0,0.30540207190678631
15838,19755,19756,2,1,0.70068326111228096
15839,19756,19757,1,0,0.16447795874936447
15840,19758,19759,2,0,0
15841,19759,19760,5,0,0.04024350938499003
15842,19760,19761,1,0,0.2777138231399065
15843,19761,19762,1,1,0.40870501524007002
15844,19762,19763,1,0,0.12467956984516655
15845,19763,19764,5,0,0
15846,19765,19766,4,0,0.34584081598203392
15847,19766,19767,5,0,0.077029300179005902
15848,19767,19768,3,1,0.13719642128109755
15849,19768,19769,2,0,0.60229783228572487
15850,19769,19770,3,0,0.080948399164341031
15851,19770,19771,1,1,0.69460651811294638
15852,19772,19773,2,0,0.22967597266213344
15853,19775,19776,1,0,0.2284711366186464
15854,19776,19777,5,0,0.12017543347074797
15855,19777,19778,3,0,0.070876747703146808
15856,19778,19779,3,0,0.19042973888873008
15857,19779,19780,2,0,0.073193968082297639
15858,19780,19781,1,0,0.11838657827047112
15859,19782,19783,3,1,0.40567841085642659
15860,19783,19784,1,0,0.03777641496182458
15861,19784,19785,2,1,0
15862,19785,19786,1,0,0.046413740718376208
15863,19786,19787,5,0,0
15864,19788,19789,2,0,0.24098230144079277
15865,19789,19790,2,0,0.078360246798713326
15866,19790,19791,1,0,0.064444082621634952
15867,19791,19792,1,1,0.083825193082945101
15868,19792,19793,4,0,0.14747191411893759
15869,19793,19794,3,0,0.40913831464766498
15870,19795,19796,2,0,0
15871,19796,19797,3,0,0
15872,19797,19798,3,0,0.2350009729655668
15873,19798,19799,4,1,0.61665171998860013
15874,19800,19801,3,0,0.16407899063802481
15875,19801,19802,1,1,0.53806260277248463
15876,19802,19803,4,0,0.17601221645861487
15877,19803,19804,5,0,0.079969832255171791
15878,19804,19805,2,0,0.10693487282483624
15879,19805,19806,5,1,0.31115078925014877
15880,19806,19807,3,0,0.037783739307651894
15881,19807,19808,4,0,0.02810193206570261
15882,19809,19810,1,0,0.56789649957502064
15883,19810,19811,3,0,0.047151345986653236
15884,19811,19812,2,0,0.20094776301474482
15885,19812,19813,1,0,0
15886,19813,19814,1,0,0.18713973842433104
15887,19815,19816,1,0,0
15888,19816,19817,2,0,0.11414458121368809
15889,19818,19819,4,1,0.29893818736626676
15890,19819,19820,5,0,0.068188299101407807
15891,19820,19821,2,1,0.37050884207684803
15892,19821,19822,2,0,0.18804834313601307
15893,19822,19823,3,0,0.1307226323051251
15894,19823,19824,1,0,0.18244011030040228
15895,19825,19826,5,0,0.14768471796453231
15896,19826,19827,1,0,0.10728738686320315
15897,19827,19828,2,0,0.11811331760713988
15898,19828,19829,3,0,0
15899,19829,19830,5,0,0.14765399435967774
15900,19830,19831,4,0,0.18922494082123717
15901,19831,19832,4,1,0.56113944969109508
15902,19832,19833,1,0,0
15903,19833,19834,1,0,0.036814379662641492
15904,19834,19835,5,0,0.79757668073031629
15905,19835,19836,4,0,0
15906,19836,19837,1,0,0.30945033258937227
15907,19838,19839,1,0,0
15908,19839,19840,3,0,0.53679215829689075
15909,19840,19841,1,0,0.082375837940057525
15910,19842,19843,4,0,0.5402529830410624
15911,19843,19844,4,1,0.68787178172776464
15912,19844,19845,3,0,0.16099026695330354
15913,19845,19846,5,1,0.27949901765922452
15914,19846,19847,3,0,0.037470530221845266
15915,19848,19849,1,0,0.11040300286058546
15916,19849,19850,1,0,0
15917,19850,19851,5,0,0.037877112652329015
15918,19852,19853,4,0,0.083487579429285072
15919,19853,19854,5,1,0.24828508945365324
15920,19854,19855,5,0,0.12467290545498862
15921,19855,19856,3,1,0.47269429404916274
15922,19856,19857,3,0,0.041655808326783457
15923,19857,19858,5,0,0.12117106741944829
15924,19858,19859,2,0,0.10938447142379726
15925,19859,19860,2,0,0.050661864940917845
15926,19860,19861,3,0,0.082631207492661021
15927,19861,19862,3,1,0.57200145641712252
15928,19862,19863,1,0,0.22479334241207913
15929,19863,19864,3,1,0.15717209847873989
15930,19864,19865,4,0,0.12639724433027871
15931,19865,19866,1,0,0.54823117922306419
15932,19867,19868,2,0,0.076538630095516702
15933,19868,19869,4,0,0
15934,19869,19870,2,0,0.27498133658210139
15935,19870,19871,2,0,0.11002012436857481
15936,19871,19872,3,0,0.052505593375063844
15937,19872,19873,3,1,0.26432830395250495
15938,19873,19874,2,0,0.040217100778566522
15939,19874,19875,2,0,0.15434227372368714
15940,19875,19876,3,0,0.049687836146175904
15941,19876,19877,1,0,0.15798583724863166
15942,19878,19879,3,0,0.07672895602544888
15943,19879,19880,4,0,0.17940496046857063
15944,19880,19881,1,1,0.023803863641750658
15945,19881,19882,1,0,0.14502059554088859
15946,19882,19883,5,0,0.10270934023775813
15947,19884,19885,3,0,0.077872483664963174
15948,19885,19886,3,0,0.15872909168784891
15949,19887,19888,1,1,0.14711187790753399
15950,19888,19889,2,0,0.14096189206311449
15951,19889,19890,1,0,0.038251341915328238
15952,19891,19892,5,0,0.028186174320842899
15953,19892,19893,2,0,0.15552298908213374
15954,19894,19895,5,0,0.26761785798471294
15955,19895,19896,1,1,0.25513271894634776
15956,19896,19897,2,0,0.078849057538243131
15957,19897,19898,4,0,0.4406047007727022
15958,19900,19901,3,0,0.34853565718040735
15959,19901,19902,1,0,0.1138728874194101
15960,19903,19904,1,0,0.077032272938318672
15961,19905,19906,2,0,0.036568312250145646
15962,19906,19907,1,1,0.51479977113243358
15963,19907,19908,1,0,0.23710671984560885
15964,19908,19909,4,1,0.23011476205944548
15965,19909,19910,2,0,0
15966,19910,19911,2,0,0
15967,19911,19912,4,0,0.1613933255469131
15968,19912,19913,1,1,0.29263769341506252
15969,19913,19914,4,0,0.1077399495399359
15970,19914,19915,4,0,0.082433197383348603
15971,19917,19918,4,0,0.22898320852381113
15972,19918,19919,5,0,0.24101177772165966
15973,19919,19920,5,1,0.12041942984562255
15974,19922,19923,1,1,0.066813882604826971
15975,19924,19925,5,0,0.031265733055440795
15976,19927,19928,3,0,0.12596699266632252
15977,19928,19929,1,0,0
15978,19929,19930,2,0,0.35853431514785072
15979,19932,19933,2,0,0
15980,19933,19934,1,0,0.28513066611888244
15981,19934,19935,1,0,0
15982,19935,19936,3,0,0.57287758375690168
15983,19937,19938,5,1,0.22530681454030543
15984,19939,19940,2,0,0.24940777089691826
15985,19940,19941,5,0,0.15737710367654714
15986,19941,19942,3,0,0.030531045961678719
15987,19942,19943,4,0,0.19805974299735379
15988,19943,19944,1,0,0.30578026326157381
15989,19944,19945,5,0,0.039308172194149123
15990,19945,19946,3,0,0.052745819258036883
15991,19946,19947,5,0,0.11746731226331564
15992,19947,19948,5,0,0.52794348080845344
15993,19948,19949,4,0,0.12771587368308093
15994,19949,19950,5,0,0.24155293078536053
15995,19950,19951,4,0,0.077365571808174161
15996,19952,19953,3,0,0.15469271887223571
15997,19953,19954,1,0,0.17735072668126481
15998,19954,19955,4,0,0.072987524341557239
15999,19955,19956,3,0,0.16198645896160785
16000,19956,19957,5,0,0.10897652483905998
16001,19957,19958,4,0,0.2850118892324765
16002,19958,19959,1,0,0.075933324990401244
16003,19959,19960,1,0,0.11434062723392045
16004,19960,19961,5,1,0.42116949734911041
16005,19963,19964,5,0,0.31899575410371017
16006,19964,19965,5,0,0.15051309706685823
16007,19965,19966,3,0,0
16008,19966,19967,2,0,0.037521807283607087
16009,19967,19968,2,0,0.2409686019496845
16010,19968,19969,4,0,0.082326835684461988
16011,19969,19970,1,0,0.073461985030506396
16012,19970,19971,1,0,0.47791697120163429
16013,19972,19973,2,0,0.073936484496088889
16014,19973,19974,4,0,0.23966304441647646
16015,19974,19975,4,0,0.12260627754318153
16016,19975,19976,4,0,0.046827404869528189
16017,19977,19978,1,0,0.17564286220263142
16018,19978,19979,5,0,0.049326233588051591
16019,19979,19980,2,0,0.037858350653333796
16020,19980,19981,1,0,0.12246959522096376
16021,19981,19982,3,0,0
16022,19982,19983,5,1,1
16023,19983,19984,5,0,0.040058384168557892
16024,19984,19985,5,1,0.11975978723965484
16025,19985,19986,2,0,0.1102955469969686
16026,19986,19987,4,0,0.081469491009992234
16027,19987,19988,1,0,0.26919778269425509
16028,19988,19989,1,1,0.7827908699102224
16029,19992,19993,4,0,0.28353102690085663
16030,19993,19994,2,0,0.3181585790339691
16031,19994,19995,4,0,0.19048765168705778
16032,19997,19998,2,0,0.037843446784136495
16033,19998,19999,2,0,0.11723931408965484
16034,20000,20001,5,1,0.31196847715013221
16035,20001,20002,2,0,0.63947379364626022
16036,20002,20003,5,0,0
16037,20004,20005,5,0,0.22708624440190911
16038,20005,20006,1,1,0.36831893746564903
16039,20006,20007,2,0,0.19316382475542807
16040,20007,20008,5,0,0.40100093103987466
16041,20008,20009,3,0,0.038291471608150315
16042,20011,20012,3,0,0.38444332009897914
16043,20012,20013,5,0,0.07390628349310556
16044,20013,20014,2,0,0.32939769936317315
16045,20014,20015,1,0,0.38527887093142621
16046,20015,20016,4,0,0.19130320256979907
16047,20016,20017,1,0,0
16048,20017,20018,3,0,0.034218629334765154
16049,20019,20020,2,0,0.063352712741581108
16050,20020,20021,3,0,0.19740795046489903
16051,20021,20022,4,0,0.41129184613777547
16052,20022,20023,1,0,0.11092017017764481
16053,20023,20024,4,0,0.045379974010042221
16054,20025,20026,5,1,0.15881858054354267
16055,20026,20027,3,1,0.11918685571757844
16056,20027,20028,2,0,0.20516739820827176
16057,20028,20029,1,1,8.9632332237456337e-07
16058,20029,20030,2,0,0.13128516571231916
16059,20030,20031,5,0,0.15828024941035174
16060,20031,20032,3,0,0.41644800465625353
16061,20032,20033,4,0,0.23023580486315523
16062,20033,20034,2,0,0.44674167160323214
16063,20034,20035,1,0,0
16064,20035,20036,4,0,0.18374139277006468
16065,20036,20037,5,0,0.21234180609375086
16066,20037,20038,5,0,0.20080027144406143
16067,20038,20039,2,0,0.17415643180744833
16068,20039,20040,4,0,0.038322659433998964
16069,20041,20042,5,0,0.10230300111936309
16070,20042,20043,2,0,0.20428958599300881
16071,20043,20044,2,0,0.16342284017403999
16072,20044,20045,4,0,0.1642402460939843
16073,20045,20046,1,1,0.19141015413783358
16074,20046,20047,1,0,0.37847756844257519
16075,20047,20048,1,0,0.045321172137594755
16076,20048,20049,3,0,0.032049390855557365
16077,20049,20050,1,0,0.27856492167647789
16078,20051,20052,1,0,0
16079,20052,20053,5,0,0.068137399261923332
16080,20053,20054,4,1,0.078454710677114028
16081,20054,20055,3,0,0.090823245840412112
16082,20055,20056,5,0,0.031723572742574327
16083,20056,20057,3,0,0.1310634737343683
16084,20057,20058,2,0,0.11666791441741449
16085,20058,20059,4,0,0.1914955706837824
16086,20060,20061,2,1,0.28194829543723127
16087,20061,20062,5,0,0
16088,20062,20063,2,0,0
16089,20063,20064,4,0,0.078572049157947632
16090,20064,20065,1,0,0.039056637785391264
16091,20065,20066,2,0,0.096382817292891929
16092,20066,20067,3,0,0.254512818293191
16093,20067,20068,4,0,0.11699734085652298
16094,20068,20069,1,0,0.18410375844971566
16095,20069,20070,5,1,0.14642157882276216
16096,20070,20071,4,0,0
16097,20071,20072,1,0,0
16098,20073,20074,2,0,0.26328605467546651
16099,20074,20075,5,0,0
16100,20076,20077,2,1,0.088133506745604814
16101,20077,20078,3,0,0
16102,20078,20079,3,0,0.27206143617296863
16103,20079,20080,5,0,0
16104,20080,20081,2,0,0.085940471436084867
16105,20082,20083,5,0,0.11782710537140741
16106,20085,20086,2,0,0.11627045943408197
16107,20087,20088,2,0,0.037058049956231645
16108,20088,20089,1,0,0
16109,20090,20091,2,1,0.16231055131214539
16110,20091,20092,3,0,0.076926809934245471
16111,20094,20095,2,1,0.58444387695442501
16112,20097,20098,3,0,0
16113,20098,20099,4,0,0.21034811748302748
16114,20099,20100,4,1,0.32310014177055346
16115,20100,20101,4,1,0.17868928889556487
16116,20101,20102,4,0,0.11161930657079347
16117,20102,20103,3,0,0.13171427524457888
16118,20103,20104,2,0,0.13741980800324566
16119,20104,20105,5,0,0.077682803129790104
16120,20105,20106,1,0,0.16547393243220329
16121,20106,20107,1,0,0.094959891197640339
16122,20108,20109,3,0,0.14609499105188578
16123,20109,20110,4,0,0.087137524589319656
16124,20110,20111,1,1,0.113116306091555
16125,20111,20112,3,0,0.060658903109839249
16126,20112,20113,3,0,0.1746423417103741
16127,20113,20114,2,1,0.26559911754792132
16128,20114,20115,1,0,0
16129,20115,20116,3,0,0.080607632849580599
16130,20116,20117,3,1,0.11357560304847313
16131,20117,20118,3,0,0.091597103806722563
16132,20118,20119,3,0,0
16133,20119,20120,2,0,0.038940139298784267
16134,20121,20122,4,0,0.09014791523431781
16135,20122,20123,5,0,0
16136,20123,20124,2,0,0
16137,20124,20125,3,0,0.11689469023829679
16138,20125,20126,4,0,0.042584935215849905
16139,20127,20128,4,1,0
16140,20128,20129,5,0,0.033592520592889571
16141,20130,20131,5,0,0.38747612035244866
16142,20132,20133,2,0,0.031799853082084197
16143,20133,20134,3,1,0.22963986342509904
16144,20134,20135,5,0,0.084613238719749656
16145,20135,20136,5,0,0.2676850523539665
16146,20136,20137,5,0,0
16147,20137,20138,1,0,0.15425056530500414
16148,20138,20139,2,0,0.043255500846486633
16149,20139,20140,5,0,0.10242828696469278
16150,20140,20141,3,1,0.52980320939547221
16151,20141,20142,2,0,0.11077167233704278
16152,20142,20143,5,0,0.074088927357369591
16153,20145,20146,2,0,0.040204669924537979
16154,20146,20147,5,1,0.76671541959526468
16155,20147,20148,5,0,0.24228656778470978
16156,20148,20149,2,1,0.64500055375873211
16157,20149,20150,5,0,0.065922469721890892
16158,20150,20151,3,0,0.026023113993279369
16159,20151,20152,1,1,0.21863034227673395
16160,20152,20153,5,0,0.15024653840009275
16161,20153,20154,5,1,0.07357934075560682
16162,20154,20155,2,0,0.088898742985128301
16163,20155,20156,1,0,0.15166290223566697
16164,20156,20157,5,0,0.077387558347470631
16165,20157,20158,2,0,0.15298385729053479
16166,20158,20159,5,0,0
16167,20159,20160,1,1,0.19211969602962978
16168,20160,20161,4,0,0.19710144344636429
16169,20161,20162,4,0,0.15117137799112185
16170,20162,20163,3,0,0.080804151018330939
16171,20163,20164,5,1,0.52560059005265769
16172,20164,20165,5,1,0.18287237845386622
16173,20166,20167,3,0,0.046519560626380366
16174,20167,20168,2,0,0.1322689644886236
16175,20168,20169,5,0,0.035023437011745956
16176,20169,20170,2,0,0
16177,20171,20172,2,1,0.15646581678654106
16178,20172,20173,3,0,0.23623172415947724
16179,20173,20174,1,0,0.1566079178219982
16180,20174,20175,2,0,0.075891039965225157
16181,20179,20180,3,0,0.073973009127721423
16182,20180,20181,4,0,0.19428881869419373
16183,20181,20182,5,0,0.047786169504958419
16184,20183,20184,4,0,0.16031285484593813
16185,20184,20185,1,0,0.12948953626534015
16186,20185,20186,5,0,0.071376564847469778
16187,20187,20188,1,0,0.19172495038903917
16188,20188,20189,4,0,0.36641775826003808
16189,20191,20192,1,1,0.11303594525826452
16190,20192,20193,1,0,0.080109266283032166
16191,20193,20194,1,0,0
16192,20194,20195,5,0,0.20622648768649091
16193,20195,20196,3,0,0.11849403383886242
16194,20196,20197,1,0,0.033007782994714095
16195,20197,20198,5,0,0.24230410664046992
16196,20198,20199,1,0,0
16197,20199,20200,1,0,0.16574251202060958
16198,20200,20201,2,0,0.16045544399276765
16199,20201,20202,5,0,0.042921568097223757
16200,20202,20203,4,0,0.12723307401812362
16201,20203,20204,3,0,0.20137264224179546
16202,20204,20205,3,0,0.24828894956411998
16203,20205,20206,5,0,0.099317080740117136
16204,20206,20207,4,1,0.39995821622905126
16205,20207,20208,1,1,0.03342714872556922
16206,20208,20209,4,0,0.03123112431736259
16207,20209,20210,1,0,0.20583207106875329
16208,20210,20211,3,1,0.60368409447653315
16209,20211,20212,5,0,0.14190380509439923
16210,20212,20213,1,1,0.40829334766743092
16211,20213,20214,3,0,0.081024705717015255
16212,20214,20215,3,1,0.50853005204026069
16213,20215,20216,1,0,0.072224801443273035
16214,20216,20217,1,0,0.3414655216942506
16215,20217,20218,1,0,0.29889359355295531
16216,20218,20219,5,0,0.20312466317705974
16217,20220,20221,4,1,0.88870067972775757
16218,20221,20222,5,0,0.1114749569376141
16219,20222,20223,1,0,0.18314222232734773
16220,20223,20224,1,0,0.4405003125601622
16221,20225,20226,4,0,0.10235725219349562
16222,20226,20227,5,0,0.27931739476634554
16223,20227,20228,1,0,0.10663137099190388
16224,20228,20229,3,0,0.20445652922469709
16225,20229,20230,1,1,0.077283345753785163
16226,20231,20232,5,0,0.075574273604697803
16227,20232,20233,3,1,0.19258014889542241
16228,20233,20234,1,0,0.11750073355820213
16229,20236,20237,4,0,0.78858205158985373
16230,20239,20240,3,0,0.073180442941989721
16231,20241,20242,2,0,0.036283851569653511
16232,20242,20243,2,0,0.20946996525443534
16233,20243,20244,1,0,0
16234,20244,20245,2,0,0.047751485022771316
16235,20246,20247,4,0,0.16075757783491482
16236,20247,20248,3,0,0.19110989620708183
16237,20250,20251,3,0,0.18300542193595951
16238,20251,20252,4,1,0.02450373011338388
16239,20252,20253,3,1,0.2991267012073795
16240,20253,20254,5,0,0.19049500182837598
16241,20255,20256,3,0,0.53839568241482783
16242,20256,20257,1,0,0.1195278101559229
16243,20257,20258,3,1,0.1290735200597424
16244,20258,20259,4,0,0.18852123443059474
16245,20259,20260,5,0,0.078378059266755687
16246,20260,20261,5,0,0.074751351931544516
16247,20261,20262,4,0,0.19935882598644025
16248,20262,20263,5,0,0.16950045013962645
16249,20263,20264,4,0,0.34944461501966839
16250,20264,20265,3,0,0.16856314550688417
16251,20265,20266,5,0,0.048206863091636298
16252,20266,20267,4,1,0.63118368433738925
16253,20267,20268,4,0,0.11893457994039118
16254,20268,20269,4,0,0.37825427236805259
16255,20269,20270,2,0,0.17637183807125337
16256,20270,20271,4,0,0.20312234031388543
16257,20271,20272,1,0,0.18695127829202729
16258,20273,20274,5,0,0.075085487680033702
16259,20274,20275,5,0,0.08264246611925033
16260,20275,20276,3,1,0.033072212428107574
16261,20276,20277,5,0,0.080475549908589544
16262,20279,20280,4,0,0.14833997455410128
16263,20280,20281,5,0,0.051779912340532391
16264,20281,20282,3,1,0.79983755446379534
16265,20282,20283,2,1,0.88910486282597867
16266,20283,20284,4,0,0.21443536334343963
16267,20285,20286,4,0,0.06119186463646039
16268,20286,20287,3,0,0.065550129121143316
16269,20287,20288,2,1,0.30394682735637163
16270,20288,20289,5,0,0.15456985700115708
16271,20289,20290,5,0,0.13033341080897176
16272,20291,20292,4,0,0.036604492988737872
16273,20292,20293,1,0,0.19908617004395998
16274,20293,20294,5,1,0.24585394244150904
16275,20294,20295,3,0,0.11835391178732721
16276,20295,20296,3,1,0.36015623310885231
16277,20296,20297,1,0,0.040833995545421137
16278,20297,20298,2,0,0.20345696774373798
16279,20298,20299,2,0,0.038759888321519477
16280,20300,20301,5,0,0.2769866282182924
16281,20302,20303,4,0,0.23861632583930381
16282,20303,20304,1,0,0.081160013305078493
16283,20304,20305,2,0,0.03720630044207112
16284,20305,20306,3,0,0.13671222961979082
16285,20307,20308,2,0,0.56979846532908529
16286,20308,20309,4,0,0.14440764826883454
16287,20309,20310,4,0,0.24551243580308874
16288,20310,20311,5,0,0.034515684465864345
16289,20311,20312,2,0,0.16701914246655641
16290,20312,20313,1,0,0.056300457051392985
16291,20313,20314,1,1,0.31158886659198948
16292,20314,20315,4,1,0.48912647581675961
16293,20315,20316,4,0,0
16294,20316,20317,3,0,0.15174674416336867
16295,20317,20318,3,0,0.12460174779483385
16296,20318,20319,5,1,0.4297107952015114
16297,20319,20320,4,0,0.2312216712400951
16298,20320,20321,2,0,0.060473255086313037
16299,20321,20322,4,0,0.11524505136922149
16300,20322,20323,2,1,0.77869102091503184
16301,20323,20324,3,0,0.2350263676260971
16302,20324,20325,1,0,0.040411697897372589
16303,20327,20328,4,0,0.081357922008126721
16304,20330,20331,2,0,0.3543904262656698
16305,20331,20332,4,0,0.13258778159456944
16306,20332,20333,1,0,0.2351474938408305
16307,20334,20335,1,0,0.044330918378531606
16308,20336,20337,1,1,0.12590865173616508
16309,20337,20338,5,1,0.53185291729144546
16310,20340,20341,5,0,0.11829325269722388
16311,20341,20342,3,0,0.12025539761755097
16312,20342,20343,3,1,0.47577933115391569
16313,20343,20344,4,0,0.27407916361466306
16314,20345,20346,5,0,0.36885246890349194
16315,20346,20347,5,0,0.60564040219036042
16316,20347,20348,3,0,0.11613794839504246
16317,20348,20349,1,0,0.17351643426657465
16318,20349,20350,1,0,0.49951766475197396
16319,20350,20351,2,0,0.076789776961267014
16320,20352,20353,1,0,0.1877826264443036
16321,20353,20354,4,0,0.1763806417643535
16322,20354,20355,2,0,0.10382664749139713
16323,20355,20356,3,0,0.15825786383528648
16324,20356,20357,5,0,0.1211644606546723
16325,20358,20359,4,1,0.49226460264311156
16326,20359,20360,2,1,0.80227630645927961
16327,20360,20361,4,0,0.11552185765746757
16328,20361,20362,4,1,0
16329,20362,20363,1,1,0.092824535556823781
16330,20363,20364,4,1,0.71528924375271841
16331,20364,20365,2,1,0.558543731838824
16332,20366,20367,4,1,0.7667374021130996
16333,20367,20368,3,1,0.66229098293904465
16334,20368,20369,5,1,0.27008217573041604
16335,20369,20370,5,0,0.093148340715537889
16336,20370,20371,4,1,0.19596015364531891
16337,20371,20372,2,1,0.13871783120523587
16338,20372,20373,5,0,0.66188911318132759
16339,20373,20374,2,1,0.46514277823813044
16340,20374,20375,4,0,0.13860156716605013
16341,20375,20376,2,0,0.078141352965182181
16342,20377,20378,1,1,0.29918518725573057
16343,20378,20379,2,0,0.31478534616554654
16344,20379,20380,5,0,0.6553763392451164
16345,20381,20382,1,1,0.63740181720329703
16346,20383,20384,2,0,0.2006434802442715
16347,20384,20385,2,1,0.47923543059786178
16348,20386,20387,3,0,0.068873729627957472
16349,20387,20388,4,1,0.3997245812234137
16350,20388,20389,1,1,0.49947694614609356
16351,20391,20392,5,0,0.41751467002483839
16352,20392,20393,4,0,0.1248606054688103
16353,20394,20395,1,0,0.097491209840510684
16354,20395,20396,4,0,0.60112661179829585
16355,20396,20397,4,0,0.07704514186298532
16356,20397,20398,4,0,0.03953322805591112
16357,20398,20399,2,1,0.60291549786329479
16358,20399,20400,2,0,0.27522289993372367
16359,20400,20401,2,0,0.10987917606016469
16360,20401,20402,1,0,0.12539198570733021
16361,20402,20403,3,0,0.51778225626451246
16362,20403,20404,4,0,0.080185301917242796
16363,20405,20406,1,0,0.21855959108771222
16364,20406,20407,3,0,0.34160337354229098
16365,20407,20408,3,0,0.26037298156090122
16366,20408,20409,3,1,0.66952076092016155
16367,20409,20410,5,0,0.030261532582378594
16368,20410,20411,4,0,0.10014693315129718
16369,20411,20412,2,0,0.114887341671624
16370,20413,20414,5,0,0.11516684562617753
16371,20415,20416,2,0,0.42647497115728328
16372,20416,20417,3,0,0.19661120016408842
16373,20417,20418,1,0,0.23164518292467126
16374,20418,20419,2,0,0.076665731397153325
16375,20420,20421,4,0,0.24184307993875778
16376,20421,20422,3,0,0.15956563830954196
16377,20422,20423,5,0,0.24182948487895503
16378,20423,20424,3,0,0.046847061104388008
16379,20424,20425,5,1,0.60251810985506582
16380,20425,20426,1,0,0.71683648645529541
16381,20427,20428,4,1,0.68918899292538316
16382,20428,20429,4,1,0.42752605965728124
16383,20430,20431,4,0,0.81061388920598421
16384,20431,20432,2,0,0.08363409528501127
16385,20432,20433,3,0,0.1165042150838321
16386,20433,20434,5,0,0.085533374424067304
16387,20434,20435,2,0,0.15494923530050025
16388,20436,20437,4,0,0
16389,20437,20438,2,1,0.79177507727692864
16390,20438,20439,4,0,0.31802055819569414
16391,20440,20441,1,1,0.60234343185549999
16392,20441,20442,2,0,0.042365758334198755
16393,20442,20443,2,0,0.15394125536864969
16394,20443,20444,3,0,0.12357505486160966
16395,20444,20445,4,0,0.14348341726398392
16396,20445,20446,3,0,0.22670628874364201
16397,20446,20447,5,1,0.50067036913601171
16398,20449,20450,2,0,0.078670915506163286
16399,20450,20451,4,0,0.52812926162578855
16400,20451,20452,1,0,0.11381930509255531
16401,20453,20454,4,0,0.14372366362810754
16402,20454,20455,5,0,0.048410460526767146
16403,20455,20456,2,0,0.078571741766291892
16404,20456,20457,3,0,0.12272068351036794
16405,20457,20458,2,0,0.1579356856976479
16406,20458,20459,5,0,0.37702775869550142
16407,20459,20460,1,0,0.12252706514268848
16408,20460,20461,5,0,0.041225074742098605
16409,20461,20462,5,0,0.50716349861849852
16410,20462,20463,2,0,0.07847438947896529
16411,20463,20464,4,1,0.032267753262443161
16412,20466,20467,2,0,0.081306133526529212
16413,20468,20469,2,0,0.067697348289688292
16414,20469,20470,3,0,0.18782613084083172
16415,20470,20471,4,0,0.25443387632977105
16416,20471,20472,2,0,0.14785741907076499
16417,20473,20474,4,0,0.12662987343106832
16418,20474,20475,4,1,0.059979401277647761
16419,20475,20476,5,1,0.087950384565259304
16420,20476,20477,3,0,0.17969103879392365
16421,20477,20478,1,0,0.11335327885555986
16422,20478,20479,5,0,0.5279724051900121
16423,20479,20480,2,0,0.12564168812703308
16424,20480,20481,2,1,0.56435135475916109
16425,20482,20483,3,0,0.088329841504130743
16426,20483,20484,2,1,0.1637270459765269
16427,20484,20485,3,0,0
16428,20485,20486,2,0,0.10501265043191502
16429,20487,20488,2,0,0.17146784782358054
16430,20488,20489,1,0,0.041799226065952808
16431,20489,20490,1,0,0.14573142731838104
16432,20491,20492,1,0,0.063448739711860255
16433,20492,20493,1,1,0
16434,20493,20494,1,1,0.20024644459163432
16435,20494,20495,5,1,0.60679945069200825
16436,20495,20496,1,0,0.11508024441949867
16437,20496,20497,2,1,0.6049180095771155
16438,20497,20498,1,1,0.56999275665310634
16439,20498,20499,4,0,0.10105846670870365
16440,20499,20500,2,0,0.062852109524592192
16441,20500,20501,4,0,0.14184660633867646
16442,20502,20503,1,0,0.070766473952399503
16443,20503,20504,3,0,0.18997461323858814
16444,20504,20505,1,1,0.39259718534594601
16445,20505,20506,2,1,0.15604951095100239
16446,20506,20507,5,0,0.14372186389008262
16447,20507,20508,4,0,0.15646454115398251
16448,20508,20509,5,0,0.037560042974957658
16449,20509,20510,1,0,0.19200680090754982
16450,20510,20511,2,0,0.18924858134504188
16451,20511,20512,5,1,0.070109752565111413
16452,20512,20513,3,0,0.18114560189146275
16453,20514,20515,4,0,0.22162062985706218
16454,20515,20516,3,0,0.1256219296355004
16455,20517,20518,1,0,0.16589015484532427
16456,20518,20519,5,1,0.60147097943465211
16457,20520,20521,3,1,0.20482414621583514
16458,20521,20522,4,0,0.68040978321250989
16459,20522,20523,4,0,0.2004382843214744
16460,20523,20524,1,1,0.67069689738546967
16461,20524,20525,4,0,0.16848996346183731
16462,20525,20526,5,1,0.57697083838320151
16463,20526,20527,4,0,0.14979042080377614
16464,20527,20528,3,1,0.40067750777373629
16465,20528,20529,5,0,0.17836939949037126
16466,20529,20530,3,0,0.20190539422604825
16467,20530,20531,2,0,0.20909793949149905
16468,20531,20532,4,0,0.1197299374536497
16469,20532,20533,2,0,0.035195036197538214
16470,20533,20534,5,0,0.076568636180795777
16471,20534,20535,2,0,0.21492584987674632
16472,20535,20536,3,0,0
16473,20536,20537,1,0,0.21600766273797714
16474,20537,20538,1,0,0.19811226034190962
16475,20538,20539,4,0,0.26749038481604775
16476,20539,20540,2,0,0.33323512905519542
16477,20540,20541,5,0,0.07340598911618651
16478,20541,20542,5,1,0.42996958449083239
16479,20542,20543,2,1,0.030195970875134256
16480,20543,20544,2,0,0.23836985078050937
16481,20544,20545,2,0,0.039629656896745434
16482,20545,20546,4,0,0.82265496823160744
16483,20546,20547,4,0,0
16484,20547,20548,1,0,0
16485,20548,20549,2,0,0.64175264709182822
16486,20549,20550,5,0,0.32451625071332285
16487,20550,20551,3,0,0.077736063273683487
16488,20552,20553,1,0,0.10888360501183687
16489,20553,20554,5,0,0.036129817698681871
16490,20554,20555,3,0,0.088587529323722256
16491,20555,20556,1,0,0.16107906725536372
16492,20556,20557,1,0,0.16463079435266392
16493,20557,20558,5,0,0.026201297166059203
16494,20559,20560,4,1,0.57360601711031345
16495,20560,20561,2,0,0.092461002569371661
16496,20561,20562,3,0,0.78876044258564915
16497,20562,20563,1,0,0.35840906632083624
16498,20564,20565,3,0,0.16250840586719395
16499,20565,20566,2,0,0.16092581840700962
16500,20566,20567,2,1,0.59969944941460651
16501,20567,20568,3,0,0.042419950776379257
16502,20568,20569,2,1,0.41811951878177572
16503,20569,20570,1,0,0.19194523286769127
16504,20571,20572,2,0,0.31366086240895652
16505,20573,20574,2,0,0.23400959278892627
16506,20574,20575,2,0,0.19798080277180546
16507,20576,20577,5,0,0.07504534779395837
16508,20577,20578,5,0,0.62867243295196618
16509,20579,20580,5,0,0.12015040008765468
16510,20581,20582,4,0,0.55538124888761009
16511,20582,20583,1,0,0.21013130143916622
16512,20583,20584,5,0,0.12806996167677864
16513,20584,20585,1,0,0.35620609055135949
16514,20586,20587,3,0,0
16515,20587,20588,2,0,0.072874854682121334
16516,20588,20589,4,0,0.23773221134245909
16517,20589,20590,3,0,0.18952692276861
16518,20590,20591,4,0,0.11641757630911798
16519,20591,20592,2,0,0.114217459128752
16520,20593,20594,4,0,0.071397658398879321
16521,20594,20595,2,1,0.28830461336299928
16522,20595,20596,3,0,0.079406478144368159
16523,20596,20597,4,1,0.74215431070688953
16524,20599,20600,5,0,0.20464210940272315
16525,20600,20601,5,1,0.036516231010415165
16526,20601,20602,4,0,0.077142898957215544
16527,20602,20603,5,0,0.34626470164203466
16528,20603,20604,3,1,0.23967395339392683
16529,20605,20606,3,1,0.62380184474539868
16530,20607,20608,5,0,0.13712150090108427
16531,20608,20609,1,0,0.11195464111753151
16532,20610,20611,5,0,0
16533,20612,20613,1,0,0.092184648809897921
16534,20614,20615,4,1,0.678110620323785
16535,20615,20616,4,0,0.037578725335112008
16536,20616,20617,1,0,0.22039323979236944
16537,20617,20618,4,0,0.12382674828390992
16538,20618,20619,2,0,0.071600874087100627
16539,20619,20620,2,0,0.14138359080602422
16540,20620,20621,1,1,0.15650613677365494
16541,20621,20622,4,0,0.15170977004339448
16542,20622,20623,5,1,0.12792766398031316
16543,20625,20626,5,0,0.068360611165111995
16544,20626,20627,4,0,0.14778577210331642
16545,20627,20628,4,0,0.16268539857696404
16546,20628,20629,4,1,0.1262137614199399
16547,20629,20630,1,0,0.030932086777857474
16548,20630,20631,1,0,0.037234439569632245
16549,20632,20633,4,0,0.22292696445959381
16550,20633,20634,1,0,0.15005993952300056
16551,20634,20635,4,0,0.039123443156676464
16552,20636,20637,3,0,0.043456637453589277
16553,20637,20638,1,0,0.29082611708357409
16554,20638,20639,1,0,0.11664801104050877
16555,20640,20641,2,0,0.041363858555058024
16556,20642,20643,1,0,0.044449861072266013
16557,20643,20644,2,0,0.22023044447791898
16558,20645,20646,3,1,0.40227825648614557
16559,20646,20647,5,0,0.50893603099841711
16560,20648,20649,3,0,0.15178277691505843
16561,20649,20650,1,0,0.19691231546686935
16562,20650,20651,3,0,0.35926725406494847
16563,20651,20652,1,1,0.64580274712597119
16564,20652,20653,2,1,0.81934706380547029
16565,20653,20654,3,0,0.20348104750079196
16566,20654,20655,1,1,0.038265177332264443
16567,20655,20656,2,0,0.078991670136902711
16568,20657,20658,4,0,0.32543460642966443
16569,20658,20659,2,1,0.18978542304946558
16570,20659,20660,2,0,0.63633829077228998
16571,20661,20662,5,0,0.4808616309591629
16572,20662,20663,2,0,0.11802601423012382
16573,20663,20664,5,1,0.55296516305267895
16574,20665,20666,4,0,0.39805754190615528
16575,20666,20667,3,0,0.11771642660365597
16576,20667,20668,2,0,0
16577,20668,20669,1,1,0.52309962395117626
16578,20669,20670,2,0,0.12981642674135574
16579,20670,20671,3,1,0.35059012068959455
16580,20671,20672,3,1,0.16235291991389697
16581,20672,20673,5,1,0.30999508633291822
16582,20674,20675,2,0,0.072118435317175392
16583,20675,20676,4,1,0.6477480332108797
16584,20676,20677,5,0,0.03998101362264183
16585,20677,20678,2,1,0.077935585071745833
16586,20678,20679,1,1,0.19952276200544028
16587,20679,20680,2,0,0.12871435470147069
16588,20680,20681,1,1,0.47381980080176939
16589,20681,20682,3,0,0.19314610040132496
16590,20682,20683,2,0,0.17687847372242518
16591,20683,20684,1,0,0
16592,20684,20685,1,1,0.5270494096006515
16593,20685,20686,3,0,0.19909542213919434
16594,20686,20687,4,1,0.55890048668826686
16595,20687,20688,2,0,0.6184653601756197
16596,20688,20689,2,0,0.038274017331580347
16597,20689,20690,4,1,0.68620475581137308
16598,20690,20691,4,0,0
16599,20691,20692,2,0,0.1144046918505871
16600,20693,20694,1,0,0.13682094850024787
16601,20694,20695,5,1,0.58460858610768185
16602,20695,20696,5,1,0.37909799256977961
16603,20696,20697,2,0,0.081145998158954499
16604,20697,20698,3,0,0.13148126633380264
16605,20699,20700,5,0,0.12991623598784102
16606,20700,20701,1,0,0.2281675474510575
16607,20701,20702,4,0,0.60107470914963135
16608,20702,20703,2,0,0.1200094510263978
16609,20703,20704,3,1,0.43929893170711137
16610,20704,20705,5,0,0.074789531414920243
16611,20706,20707,3,0,0.1879313282073134
16612,20707,20708,2,1,0.2697706959713414
16613,20709,20710,4,1,0.82281543850666417
16614,20710,20711,1,0,0.16482253950295325
16615,20711,20712,1,0,0.12590009321744966
16616,20712,20713,2,0,0.16664499726769438
16617,20713,20714,4,0,0
16618,20714,20715,5,0,0.19102294082985916
16619,20718,20719,2,0,0.27616096433654003
16620,20719,20720,4,0,0.063408257663034165
16621,20723,20724,1,0,0.088419483431500495
16622,20725,20726,4,0,0.059504222658451997
16623,20726,20727,4,1,0.31965909923673946
16624,20727,20728,3,0,0.49319873884296767
16625,20728,20729,2,0,0.077082891928895267
16626,20729,20730,3,0,0.15642282940748453
16627,20730,20731,2,0,0.32313058189707417
16628,20732,20733,3,0,0.27095675275277348
16629,20733,20734,5,1,0.5397003976275252
16630,20734,20735,5,0,0.12101593331757256
16631,20735,20736,1,0,0.21169329278085489
16632,20738,20739,5,1,0.60591081776110411
16633,20739,20740,4,0,0.067795198197220352
16634,20740,20741,5,0,0
16635,20741,20742,2,1,0.49411446197297199
16636,20742,20743,2,1,0.16470119700914382
16637,20743,20744,2,0,0.11450146499550325
16638,20744,20745,4,1,0.073982789850376651
16639,20747,20748,3,0,0.20618454515663817
16640,20749,20750,4,0,0.16132895896892846
16641,20751,20752,1,1,0.30798222961777283
16642,20752,20753,3,0,0.087105605559843438
16643,20753,20754,1,1,0.055446437564430455
16644,20754,20755,5,1,0.32087311538469321
16645,20755,20756,5,0,0.32520354167880483
16646,20757,20758,2,1,0.62253996394081457
16647,20758,20759,2,0,0.23075271116578774
16648,20759,20760,1,0,0.13646114154348071
16649,20761,20762,5,1,0.21131775895015414
16650,20763,20764,2,0,0.041241249826372429
16651,20764,20765,2,1,0.26253323897384373
16652,20765,20766,3,0,0.06640926090408121
16653,20768,20769,5,0,0.76866746971481759
16654,20770,20771,4,1,0.664583378343508
16655,20772,20773,4,1,0.11098572505174033
16656,20773,20774,4,0,0.040475917559889621
16657,20774,20775,1,1,0.60053175986867302
16658,20775,20776,2,0,0.038528219994256957
16659,20776,20777,4,1,0.60267790207857252
16660,20777,20778,3,0,0.12195242112160762
16661,20778,20779,1,0,0
16662,20779,20780,5,0,0.077771370039800586
16663,20780,20781,3,0,0.14741821054542179
16664,20781,20782,1,0,0.038772449097718639
16665,20782,20783,5,0,0.062734463428344781
16666,20784,20785,1,0,0.047991183558560621
16667,20785,20786,2,0,0.11430135257516733
16668,20786,20787,5,0,0.068843413596306496
16669,20788,20789,4,1,0.033488528022432899
16670,20789,20790,2,0,0.15048298376838731
16671,20790,20791,1,0,0.084943641439140918
16672,20791,20792,1,0,0.15050389521335278
16673,20793,20794,4,0,0.29814760921941974
16674,20794,20795,4,0,0.3190013019167719
16675,20795,20796,3,0,0.12563639750797198
16676,20796,20797,1,0,0.08149937351420225
16677,20798,20799,5,0,0.16837488694595881
16678,20799,20800,2,1,0.39619896486957717
16679,20800,20801,1,0,0.15676246371947852
16680,20801,20802,5,0,0
16681,20802,20803,2,1,0.49051853121735739
16682,20803,20804,4,1,0.73648368718604373
16683,20804,20805,5,1,0.20446589200573093
16684,20806,20807,5,1,0.18597343557571927
16685,20807,20808,1,1,0.25775361731897767
16686,20808,20809,1,1,0.37377626249492873
16687,20809,20810,2,0,0.11941412702909479
16688,20810,20811,3,1,0.61580885983311751
16689,20812,20813,1,1,0.36459357870704945
16690,20813,20814,5,0,0.6002168670519421
16691,20815,20816,4,0,0.037381987917060773
16692,20816,20817,5,0,0.15449274884299877
16693,20817,20818,1,0,0.1144404351767933
16694,20818,20819,1,0,0.16767501644468613
16695,20819,20820,4,1,0.20008522976601278
16696,20820,20821,1,0,0
16697,20821,20822,1,0,0.063182819407506433
16698,20822,20823,4,0,0.074960180213395219
16699,20824,20825,5,0,0.03442622051305929
16700,20825,20826,3,0,0.19867648356951889
16701,20826,20827,4,0,0
16702,20827,20828,1,0,0
16703,20828,20829,5,1,0.21466485187115597
16704,20829,20830,5,0,0.075334001057709585
16705,20830,20831,2,0,0.25620465882717014
16706,20832,20833,5,0,0.11948613809093979
16707,20834,20835,1,0,0.077703161643803184
16708,20835,20836,5,0,0.055180747942231226
16709,20836,20837,1,0,0.076695504036865383
16710,20838,20839,4,1,0.3821238292249306
16711,20839,20840,3,1,0.20406344329024539
16712,20840,20841,5,0,0.20003056327157248
16713,20841,20842,5,0,0.34413026063935226
16714,20843,20844,4,0,0.11050499222436266
16715,20846,20847,1,0,0.50444879574500956
16716,20847,20848,2,0,0.27369666107235457
16717,20848,20849,4,0,0.16768613395408458
16718,20849,20850,5,0,0.1197286526374694
16719,20850,20851,5,0,0.19643858201424089
16720,20851,20852,4,1,0.19555359853088503
16721,20852,20853,5,1,0.64965388692842974
16722,20855,20856,4,1,0.67061399769742547
16723,20856,20857,4,0,0.15859946996218538
16724,20857,20858,2,1,0.036816907661416653
16725,20858,20859,3,0,0.47289412886363402
16726,20859,20860,5,0,0.16375181327359611
16727,20860,20861,3,0,0.12587042869328979
16728,20861,20862,2,0,0.45364728068682075
16729,20862,20863,5,0,0.026316176013705832
16730,20864,20865,5,0,0.11926903525283238
16731,20865,20866,5,0,0.1508186691415434
16732,20867,20868,3,0,0.48710424119206963
16733,20868,20869,4,0,0.45200630267860964
16734,20870,20871,5,1,0.67307202482797168
16735,20871,20872,1,0,0.39615320727721148
16736,20872,20873,5,0,0.11700976902471909
16737,20873,20874,4,0,0.11039303164704667
16738,20874,20875,2,0,0.075816881771277572
16739,20875,20876,5,0,0.32890023464650298
16740,20876,20877,1,0,0.19090919984495888
16741,20877,20878,2,0,0.040040853205615318
16742,20878,20879,3,0,0.076000700400040977
16743,20879,20880,3,1,0.19748709534658371
16744,20880,20881,4,0,0.32354922817392329
16745,20881,20882,4,0,0.698767293463193
16746,20882,20883,5,0,0
16747,20883,20884,3,1,0.43863526874057474
16748,20884,20885,2,0,0.069707573179685317
16749,20885,20886,1,1,0.54764911751489631
16750,20886,20887,1,0,0.15824493953838928
16751,20887,20888,1,0,0
16752,20888,20889,1,0,0.1152435305222136
16753,20889,20890,2,1,0.26692116309667896
16754,20890,20891,3,0,0.13695629765210185
16755,20891,20892,5,0,0.14325435653348101
16756,20892,20893,2,0,0.36448118516939548
16757,20893,20894,5,0,0.27113340144433956
16758,20894,20895,1,0,0.036760839618916186
16759,20896,20897,4,0,0.0751808623262539
16760,20897,20898,2,0,0.040386315151076081
16761,20898,20899,5,0,0
16762,20899,20900,1,0,0.14792438488293819
16763,20900,20901,4,0,0.037765212187428301
16764,20902,20903,4,1,0.79803847529867611
16765,20903,20904,5,1,0.76747261698962799
16766,20904,20905,3,0,0.074444990031632352
16767,20905,20906,4,0,0.096377930392572794
16768,20906,20907,5,1,0.57935150469817553
16769,20907,20908,2,0,0.030346536062189691
16770,20908,20909,4,0,0.14403860692538686
16771,20909,20910,4,0,0.027682672859344833
16772,20910,20911,1,0,0
16773,20911,20912,2,1,0.27461062808587222
16774,20913,20914,5,1,0.5188349703167634
16775,20914,20915,3,1,0.22063437321396184
16776,20915,20916,1,0,0.14700859227571472
16777,20916,20917,4,0,0.19375593444885864
16778,20918,20919,4,0,0.24051639761388602
16779,20920,20921,1,1,0.04074708721078827
16780,20921,20922,3,0,0.3996934366850578
16781,20923,20924,1,0,0.19848647637792335
16782,20924,20925,3,0,0.43558264369315569
16783,20925,20926,4,0,0.20093160627192191
16784,20926,20927,3,0,0.20863028928070418
16785,20927,20928,1,0,0.18933348205691028
16786,20928,20929,5,0,0.19665426125295732
16787,20929,20930,4,0,0.13121774623055171
16788,20930,20931,5,1,0.14768897328353206
16789,20932,20933,4,1,0.69343261079576946
16790,20933,20934,5,0,0.19835112635437874
16791,20935,20936,2,0,0.12555301745312308
16792,20936,20937,4,1,0.62750419220845921
16793,20937,20938,1,0,0.11819173821691543
16794,20939,20940,5,0,0.21048055207690891
16795,20940,20941,2,0,0.13145490277125113
16796,20941,20942,3,0,0.19619131192859332
16797,20942,20943,4,0,0.45335675329004188
16798,20944,20945,2,0,0.20196884624737724
16799,20946,20947,4,0,0.1143799891238356
16800,20948,20949,1,0,0.26754955441168854
16801,20949,20950,4,0,0.15635350881094437
16802,20950,20951,3,0,0.14824296278008139
16803,20951,20952,1,0,0.072874815696270565
16804,20952,20953,5,1,0.17518628045705037
16805,20954,20955,4,0,0.11387631666444951
16806,20955,20956,5,1,0.21779158957314987
16807,20956,20957,2,0,0.094512832913397904
16808,20958,20959,4,0,0.30362878302396007
16809,20959,20960,5,0,0.13157701859964699
16810,20960,20961,5,0,0
16811,20961,20962,4,0,0.76288467541880078
16812,20963,20964,1,0,0.61418040088044656
16813,20964,20965,5,0,0.11200609131483456
16814,20965,20966,3,0,0.03402622044231797
16815,20966,20967,4,0,0.075251633507430638
16816,20968,20969,1,0,0.095028279078388275
16817,20969,20970,2,0,0.22263727188304516
16818,20971,20972,1,0,0.12239134329141474
16819,20972,20973,4,0,0.32380578668792187
16820,20973,20974,5,1,0.30866609548980006
16821,20974,20975,3,0,0.11083621025742905
16822,20975,20976,5,0,0
16823,20976,20977,2,0,0.11169084494667759
16824,20978,20979,1,0,0.19461647917127675
16825,20979,20980,1,1,0.10955880844803738
16826,20980,20981,3,0,0.21266460999402331
16827,20981,20982,5,1,0.15449654802458393
16828,20982,20983,5,0,0.078386479286834412
16829,20983,20984,1,1,0.60647499340887423
16830,20986,20987,2,1,0.64753455542601157
16831,20987,20988,4,0,0.28561732218546693
16832,20988,20989,1,0,0.10012929549300029
16833,20989,20990,1,0,0.098938812787481165
16834,20991,20992,4,1,0.67995669882936582
16835,20993,20994,4,1,0.40369195912870359
16836,20995,20996,2,1,0.38884336677874354
16837,20996,20997,3,0,0.77479868072084124
16838,20997,20998,2,0,0.099880296069687513
16839,20998,20999,4,0,0
16840,20999,21000,2,0,0.20443347377471477
16841,21000,21001,3,0,0.15292617867021036
16842,21002,21003,3,0,0.070425950857126843
16843,21003,21004,5,1,0.19707015899795882
16844,21004,21005,3,1,0.64775460869448287
16845,21005,21006,4,0,0.10687493466576585
16846,21006,21007,1,0,0.15692867730549268
16847,21007,21008,3,1,0
16848,21008,21009,1,0,0.1185407076048271
16849,21010,21011,5,0,0.23899903996629202
16850,21012,21013,3,1,0.76582370707239711
16851,21013,21014,3,1,0.40266923583953129
16852,21014,21015,4,1,0.16579412309741179
16853,21015,21016,5,1,0.53972062871849136
16854,21016,21017,1,1,0.60562685115328319
16855,21017,21018,1,1,0.49494901836634136
16856,21019,21020,5,0,0.20920728803047553
16857,21020,21021,3,0,0.073348345379782118
16858,21021,21022,1,0,0.074321154751192234
16859,21024,21025,1,0,0.09743684555932372
16860,21025,21026,4,0,0.19774044491291046
16861,21026,21027,5,0,0.3245434659514923
16862,21027,21028,1,1,0.44054150160336841
16863,21029,21030,3,1,0.037132330307216632
16864,21030,21031,2,0,0.11225960828471293
16865,21031,21032,2,0,0.68074053422619329
16866,21032,21033,2,0,0.34857005796499152
16867,21033,21034,3,1,0.71728445827212328
16868,21034,21035,1,0,0.068062440851585249
16869,21035,21036,3,0,0.13668568858308275
16870,21036,21037,4,0,0.28927950777757977
16871,21037,21038,1,0,0.15890181165563799
16872,21038,21039,2,0,0.41045994620812065
16873,21039,21040,1,1,0.17299525010139255
16874,21040,21041,3,0,0.15777041212979129
16875,21042,21043,2,0,0.11691096997639042
16876,21044,21045,2,0,0.14951352901181439
16877,21045,21046,3,0,0.15701794854429815
16878,21047,21048,5,0,0.17141155456501866
16879,21048,21049,5,1,0.39297154185059202
16880,21049,21050,1,1,0.24875608498714089
16881,21050,21051,3,0,0.57398361654113927
16882,21053,21054,5,0,0.13608221191684555
16883,21054,21055,2,0,0.17979561414144093
16884,21055,21056,5,0,0.2194427495781566
16885,21056,21057,4,1,0.42414926571807243
16886,21059,21060,1,1,0.20322488907451619
16887,21060,21061,2,0,0.32863546147752132
16888,21061,21062,4,0,0.14482974580640648
16889,21063,21064,3,0,0.12013182245238763
16890,21064,21065,3,0,0.46918854032811369
16891,21065,21066,3,0,0.13965578889753488
16892,21066,21067,1,1,0.2513462528637801
16893,21067,21068,1,0,0.28219110831446104
16894,21068,21069,1,0,0.035138373353315502
16895,21069,21070,4,0,0.11125970447943113
16896,21070,21071,1,0,0.082746403920315445
16897,21071,21072,2,0,0.038965872218711402
16898,21072,21073,1,0,0.29433106621463551
16899,21073,21074,1,1,0.23537569699495101
16900,21074,21075,4,0,0.12149347040489855
16901,21075,21076,4,0,0.11866488254268071
16902,21076,21077,1,1,0.69189681625376509
16903,21077,21078,1,0,0.24693264150674035
16904,21078,21079,2,0,0.12436068563356872
16905,21079,21080,4,1,0.15885828338962807
16906,21080,21081,5,0,0.038163279707337266
16907,21081,21082,1,0,0.11079093105912562
16908,21082,21083,4,0,0.076208087912462627
16909,21083,21084,5,0,0.041623824155514182
16910,21084,21085,5,0,0.11364301688628252
16911,21085,21086,5,0,0.080321819642003064
16912,21086,21087,2,0,0.15633858730259217
16913,21087,21088,5,0,0.31842636335181779
16914,21088,21089,5,0,0.16084318750297369
16915,21089,21090,5,0,0.22436807468997674
16916,21090,21091,3,0,0.11646046036396324
16917,21091,21092,5,0,0.046329253920274406
16918,21092,21093,1,0,0.29201839970867266
16919,21093,21094,5,0,0
16920,21094,21095,2,0,0.15633071940088403
16921,21095,21096,3,0,0.038930303186872413
16922,21096,21097,3,0,0.038798457441985117
16923,21097,21098,3,0,0.83969096442946445
16924,21098,21099,2,0,0.27415729258205285
16925,21099,21100,5,0,0.27519432450974052
16926,21100,21101,4,0,0.032480346091875098
16927,21102,21103,3,1,0.62391464972010446
16928,21105,21106,3,1,0.79536063787119837
16929,21107,21108,4,1,0.56614108544552655
16930,21109,21110,1,1,0.52766608592534081
16931,21110,21111,1,1,0.081553762356789752
16932,21111,21112,1,0,0.077431022342558387
16933,21112,21113,5,0,0.16150365882163945
16934,21114,21115,1,0,0.21329378810128938
16935,21115,21116,3,0,0.18582165487697846
16936,21117,21118,3,1,0.1913328442014704
16937,21118,21119,5,0,0.085655513432043348
16938,21119,21120,1,1,0.22821003950857902
16939,21120,21121,4,0,0.44253959715754615
16940,21121,21122,4,0,0.21960713529659115
16941,21122,21123,4,0,0.0366175651844933
16942,21123,21124,5,0,0.15930864388301066
16943,21125,21126,3,0,0.64794971255193545
16944,21126,21127,3,0,0.066146736334145473
16945,21127,21128,3,0,0.19410021497722982
16946,21128,21129,5,0,0.10414757630616157
16947,21130,21131,3,1,0.11657270421002459
16948,21131,21132,1,1,0
16949,21133,21134,3,1,0.27791942738489234
16950,21134,21135,5,0,0.075607540375599497
16951,21135,21136,1,1,0.23763137448125959
16952,21136,21137,5,0,0
16953,21137,21138,5,0,0.11040434605217905
16954,21138,21139,4,0,0.2120780303721953
16955,21139,21140,3,0,0.31948648155767484
16956,21140,21141,1,0,0.15502955915363931
16957,21141,21142,3,0,0.062019891419340951
16958,21142,21143,1,0,0.22975985884651717
16959,21144,21145,3,1,0.28217135251716957
16960,21146,21147,1,1,0.32933118609675627
16961,21148,21149,1,0,0.052004640076887744
16962,21151,21152,3,0,0.4949625287110761
16963,21153,21154,4,0,0.10586665641548909
16964,21154,21155,5,0,0.085684431702246378
16965,21155,21156,3,0,0.039461443967598847
16966,21156,21157,5,0,0.30983800480440227
16967,21157,21158,5,0,0.36571467753659104
16968,21158,21159,2,0,0.047443861610890384
16969,21159,21160,2,0,0.076533577231531355
16970,21161,21162,2,0,0.17248549920438147
16971,21162,21163,5,0,0.18868462424926155
16972,21163,21164,4,0,0.3126478919234435
16973,21164,21165,4,0,0.080223610437773818
16974,21167,21168,4,0,0.090655592693706294
16975,21168,21169,4,1,0.20238110216969846
16976,21169,21170,2,0,0.15210730209000364
16977,21170,21171,2,0,0.072912785384134038
16978,21171,21172,3,0,0.15937669246554509
16979,21172,21173,4,0,0.077951466572838635
16980,21173,21174,4,0,0.081551626986527709
16981,21174,21175,4,0,0.17943721380505273
16982,21175,21176,2,0,0.5357258294255326
16983,21178,21179,2,1,0.094344563836326362
16984,21179,21180,4,0,0.15915848600835042
16985,21180,21181,1,0,0.07705551793280406
16986,21181,21182,1,1,0.66252872970706445
16987,21182,21183,2,0,0.085977935381135698
16988,21183,21184,4,0,0.2426213981620168
16989,21184,21185,2,0,0.13299725715753732
16990,21185,21186,4,0,0.19132423912654206
16991,21186,21187,2,0,0
16992,21187,21188,4,0,0.080824098895533963
16993,21189,21190,3,0,0.21032514806535307
16994,21192,21193,3,0,0.17623317006924422
16995,21193,21194,2,0,0.19986785605070653
16996,21194,21195,4,0,0.25393663381107578
16997,21195,21196,5,1,0.32292699551501275
16998,21197,21198,5,0,0.3249225225084551
16999,21198,21199,3,1,0.77068185583217885
17000,21200,21201,3,0,0.039020163514082946
17001,21201,21202,3,0,0.80323434654722392
17002,21202,21203,5,0,0.11555814743086322
17003,21204,21205,5,0,0.10915798626102374
17004,21205,21206,2,0,0.16830360553250687
17005,21206,21207,2,1,0.52782126167950838
17006,21207,21208,1,0,0.037105296305781993
17007,21208,21209,4,0,0.08292329145312119
17008,21209,21210,3,0,0.12006256122488118
17009,21210,21211,3,0,0.16393286084912423
17010,21213,21214,1,0,0.20604663730934711
17011,21214,21215,2,0,0.041947448330934535
17012,21215,21216,4,0,0.12101814136588199
17013,21216,21217,1,1,0.077310510843915922
17014,21217,21218,1,1,0.69074537956114801
17015,21218,21219,5,0,0.20356338938927104
17016,21221,21222,2,1,0.77147376768782883
17017,21223,21224,5,0,0.15121486804969886
17018,21224,21225,5,0,0.29339470218700758
17019,21225,21226,4,0,0.58271622477423446
17020,21226,21227,2,0,0.13671324759962247
17021,21230,21231,4,0,0.081075869678528353
17022,21232,21233,2,1,0.43115147510252594
17023,21233,21234,3,0,0.23264583151243245
17024,21234,21235,4,0,0.10106842547324273
17025,21235,21236,3,1,0.42288620068739424
17026,21236,21237,1,0,0.46226982052716242
17027,21237,21238,3,0,0.12234061868731913
17028,21239,21240,1,1,0.2044744696875006
17029,21241,21242,2,1,0.16776477419722391
17030,21242,21243,4,0,0.44889246671956801
17031,21246,21247,1,1,0.6929836966972055
17032,21248,21249,4,0,0.11920906992336812
17033,21250,21251,5,0,0.16519449132446726
17034,21251,21252,4,0,0.11622809059829854
17035,21252,21253,5,0,0.073893851448557354
17036,21253,21254,3,0,0.067746120730025283
17037,21254,21255,4,0,0.14336383241102454
17038,21255,21256,3,0,0.32149942850357754
17039,21256,21257,2,0,0.22802102911954422
17040,21257,21258,4,0,0.17184996740066716
17041,21259,21260,4,0,0.43418918201464113
17042,21260,21261,2,0,0.16670747428854024
17043,21262,21263,4,1,0.53081516057480771
17044,21264,21265,4,1,0.13680455420147877
17045,21265,21266,5,0,0.27020613158478651
17046,21266,21267,1,1,0.76289237716725733
17047,21267,21268,4,1,0.15225326111214804
17048,21268,21269,3,0,0.099840801789185724
17049,21269,21270,3,0,0.12281442330687231
17050,21270,21271,1,0,0.067917599530528755
17051,21271,21272,2,0,0.15300514857213773
17052,21272,21273,1,0,0.27148970678999318
17053,21274,21275,5,1,0.47803101238128065
17054,21275,21276,3,1,0.33556967652622904
17055,21276,21277,4,0,0.16476134891618269
17056,21277,21278,1,0,0.35766836629571769
17057,21278,21279,1,0,0.26138131856490765
17058,21279,21280,3,0,0.16962592375256527
17059,21280,21281,2,1,0.20209106618520226
17060,21281,21282,1,0,0.27601672352414874
17061,21282,21283,5,0,0.078835447281102394
17062,21283,21284,1,0,0
17063,21284,21285,4,0,0.55586523731849402
17064,21285,21286,2,0,0.55584604617677646
17065,21287,21288,2,0,0.15121851628660088
17066,21288,21289,1,1,0.08258278010247444
17067,21289,21290,5,0,0.70417833447734546
17068,21290,21291,1,0,0.1566166705454673
17069,21291,21292,1,1,0.20291916205090274
17070,21292,21293,3,1,0.40919977745876063
17071,21293,21294,2,0,0.11276025115451223
17072,21294,21295,4,0,0.12010694883379781
17073,21295,21296,2,0,0.21893222005632007
17074,21296,21297,2,0,0.16881696866693505
17075,21297,21298,3,0,0.33320762949345928
17076,21298,21299,2,0,0.20143074291597809
17077,21299,21300,3,1,0.11899356054902499
17078,21300,21301,5,0,0.18789364795439692
17079,21301,21302,1,1,0.64706017438520003
17080,21303,21304,4,1,0
17081,21304,21305,1,0,0.16794441135814575
17082,21305,21306,5,0,0.35026922007688588
17083,21307,21308,3,1,0.26108197671849875
17084,21308,21309,4,1,0.16125098583881267
17085,21309,21310,1,0,0.15621182865063632
17086,21312,21313,1,1,0.27332452778187355
17087,21315,21316,1,0,0.068837808504250489
17088,21316,21317,2,0,0.12627903554995579
17089,21317,21318,2,1,0.78801775579715971
17090,21318,21319,1,0,0.038910223626280917
17091,21319,21320,5,0,0.41649039245704789
17092,21320,21321,3,0,0.051001953676806801
17093,21321,21322,5,1,0.6849883184314749
17094,21322,21323,4,0,0
17095,21323,21324,4,0,0.26613408871116478
17096,21325,21326,5,1,0.20261182705235842
17097,21327,21328,4,0,0.16235861802026968
17098,21329,21330,1,0,0.15762925310578912
17099,21330,21331,2,1,0.45779488094841925
17100,21331,21332,2,0,0.40566358958739063
17101,21332,21333,5,0,0.076911932262040739
17102,21333,21334,1,0,0.15558259903330263
17103,21334,21335,5,0,0.081314350300413341
17104,21335,21336,1,0,0.17834992467830788
17105,21336,21337,3,0,0.11785267012742012
17106,21338,21339,5,1,0.1882798331942763
17107,21339,21340,1,0,0.24492479209522225
17108,21341,21342,5,0,0
17109,21342,21343,2,1,0.89781098581007257
17110,21343,21344,4,0,0.39522835176956961
17111,21344,21345,1,0,0.20311368535331384
17112,21346,21347,1,0,0.11617781568705696
17113,21347,21348,5,0,0.14243529792378115
17114,21348,21349,4,0,0.44970252969329055
17115,21349,21350,1,0,0.076593317176664871
17116,21350,21351,2,0,0.083875392531717205
17117,21351,21352,1,0,0.19721249898088289
17118,21352,21353,2,0,0.035484911123453707
17119,21353,21354,3,0,0.14970580304326789
17120,21354,21355,2,1,0.43486997294941648
17121,21355,21356,2,0,0.042146721875417098
17122,21356,21357,3,0,0.20434126668267774
17123,21357,21358,2,0,0.099017244547780631
17124,21358,21359,5,0,0.12890354934430812
17125,21359,21360,2,0,0.049777044016836497
17126,21360,21361,3,0,0.57202892174360354
17127,21361,21362,5,0,0.072678629711059345
17128,21363,21364,3,0,0.062408774209499009
17129,21364,21365,3,0,0.19877663093790252
17130,21365,21366,5,0,0.25474082125840591
17131,21367,21368,3,0,0.19446626728606045
17132,21368,21369,1,0,0.69636051006657906
17133,21369,21370,2,0,0.2315621997357542
17134,21370,21371,2,1,0.22369451256535378
17135,21371,21372,2,0,0.48095978269783601
17136,21372,21373,3,0,0.29614177571756356
17137,21373,21374,3,0,0.10446621554232047
17138,21375,21376,4,0,0.30972891987085455
17139,21376,21377,1,1,0.77285689643025657
17140,21377,21378,2,0,0.2060655836291469
17141,21378,21379,2,0,0.20413669242285049
17142,21379,21380,5,0,0.35136851997052659
17143,21381,21382,5,0,0.27618531817774911
17144,21382,21383,1,0,0.19389446484638295
17145,21383,21384,1,0,0.16443701168542441
17146,21384,21385,5,0,0.037572520047122498
17147,21385,21386,1,0,0.19582356976785462
17148,21388,21389,1,0,0.13830939854509014
17149,21389,21390,4,0,0.12355547714744949
17150,21390,21391,3,0,0.57498882065434398
17151,21391,21392,1,0,0.17142798795203687
17152,21394,21395,1,0,0.16924722384970062
17153,21395,21396,1,0,0.11862152961360398
17154,21396,21397,2,0,0.32660724068725222
17155,21397,21398,2,0,0.24505744509281738
17156,21400,21401,3,0,0.27322416725691667
17157,21401,21402,2,1,0.71891918526312992
17158,21402,21403,2,1,0.15746913205334184
17159,21403,21404,3,0,0.2164125022186584
17160,21404,21405,1,0,0.24460277118102619
17161,21405,21406,5,0,0.15282625884367351
17162,21406,21407,1,1,0.065488105875137717
17163,21408,21409,3,0,0.11337159521612333
17164,21409,21410,3,0,0.13582021743982389
17165,21411,21412,4,0,0.075134046430023374
17166,21412,21413,2,0,0.080262839086959817
17167,21413,21414,5,0,0.037197810785479762
17168,21415,21416,1,0,0
17169,21418,21419,4,1,0.61791525580691797
17170,21419,21420,4,0,0.13066777717694675
17171,21420,21421,4,1,0.61690458736202736
17172,21422,21423,4,0,0.1648528899429143
17173,21423,21424,2,0,0.17583158909293709
17174,21424,21425,5,0,0.051689562168044732
17175,21425,21426,3,1,0.13672947338758387
17176,21427,21428,3,1,0.57416169356006341
17177,21429,21430,2,0,0.1094286230944808
17178,21430,21431,2,0,0.14086666647578158
17179,21431,21432,1,0,0.15506085690770838
17180,21432,21433,1,0,0.23129609881053623
17181,21433,21434,1,0,0.15674471049465735
17182,21434,21435,3,0,0.16776553688625762
17183,21435,21436,5,1,0.41721004671764428
17184,21437,21438,4,1,0.22864013158800861
17185,21438,21439,4,0,0.044252068094986448
17186,21440,21441,5,0,0.11460549930278111
17187,21441,21442,5,0,0.37356539032873209
17188,21443,21444,4,0,0.077142024289872727
17189,21445,21446,4,0,0.035404778551332831
17190,21446,21447,5,0,0.080639460121032153
17191,21447,21448,4,0,0.41634501741125557
17192,21448,21449,1,0,0.036462185773949461
17193,21449,21450,4,1,0.72718869349614246
17194,21450,21451,2,0,0.038937402109226547
17195,21451,21452,4,0,0.16173466781482704
17196,21452,21453,1,0,0.61198193893693908
17197,21453,21454,2,0,0.044659767266428091
17198,21454,21455,4,0,0.1208327324598896
17199,21455,21456,1,0,0.42230634879260415
17200,21456,21457,3,1,0
17201,21457,21458,3,1,0.11507108862969713
17202,21458,21459,5,1,0.50552482723388315
17203,21459,21460,2,0,0.038931311871637328
17204,21460,21461,2,0,0.044741637230164326
17205,21461,21462,1,0,0
17206,21462,21463,1,1,0.56930396440535047
17207,21463,21464,3,1,0.41688427621654639
17208,21464,21465,1,1,0.27084566943545296
17209,21465,21466,2,0,0.060463604377807532
17210,21466,21467,5,1,0.36114285208968838
17211,21467,21468,3,0,0
17212,21468,21469,5,0,0.10972185482200426
17213,21469,21470,2,0,0.13360306016156281
17214,21470,21471,5,1,0.57860055862713256
17215,21471,21472,5,0,0.079306455373712365
17216,21472,21473,1,0,0.077384603841301081
17217,21473,21474,1,0,0.19805844884906704
17218,21474,21475,1,0,0.14986250233977358
17219,21476,21477,3,0,0.035580901241324493
17220,21477,21478,2,0,0.16756998066796264
17221,21478,21479,2,0,0.13880019632726731
17222,21479,21480,5,0,0.076420310855894971
17223,21481,21482,3,0,0.037077601211734
17224,21482,21483,1,0,0
17225,21483,21484,2,0,0.30659521746892354
17226,21484,21485,1,0,0.23630743814208161
17227,21485,21486,1,1,0.48691738521956329
17228,21487,21488,4,0,0.077231079336244957
17229,21488,21489,2,0,0.11574679378125222
17230,21489,21490,2,0,0.32912916969393968
17231,21490,21491,2,0,0.080343628223374763
17232,21491,21492,2,0,0.09684790380029322
17233,21492,21493,5,0,0.34441799690747782
17234,21494,21495,5,1,0.1617794607121236
17235,21495,21496,1,0,0.1782398390985809
17236,21496,21497,4,0,0
17237,21497,21498,3,0,0.44563139813335545
17238,21499,21500,1,0,0.044545314694098073
17239,21500,21501,5,1,0.41182074517955669
17240,21501,21502,3,0,0.3401623575888143
17241,21502,21503,2,0,0
17242,21505,21506,3,0,0.071550554813428285
17243,21506,21507,1,0,0
17244,21507,21508,2,1,0.63034466177381809
17245,21508,21509,5,1,0.62637138252677793
17246,21509,21510,3,1,0.54998739563850652
17247,21510,21511,3,0,0.19224434296047263
17248,21512,21513,4,0,0.10877522182193659
17249,21513,21514,1,0,0.45008159955983673
17250,21514,21515,4,0,0.094642336120086268
17251,21515,21516,4,0,0.11714834396989553
17252,21516,21517,1,0,0.67704405447172855
17253,21517,21518,2,0,0.35977027955333013
17254,21518,21519,3,0,0.23267145079696414
17255,21519,21520,5,0,0.046081314303569244
17256,21520,21521,5,0,0.079313340632434393
17257,21521,21522,4,0,0.17683905451776033
17258,21522,21523,4,0,0.52150729583240896
17259,21523,21524,4,1,0.43811190447173598
17260,21524,21525,5,1,0.59735598771413234
17261,21525,21526,5,0,0.16441327759066879
17262,21526,21527,1,0,0.037737456683953542
17263,21527,21528,5,0,0
17264,21530,21531,1,1,0.79792686700872806
17265,21532,21533,2,1,0.49301143344986292
17266,21533,21534,2,1,0.63358464551801241
17267,21534,21535,3,0,0.40258390414813561
17268,21535,21536,4,1,0.43686090449985227
17269,21536,21537,3,1,0.4044901872449323
17270,21537,21538,1,0,0.12397202427685337
17271,21538,21539,3,0,0.13764140368793867
17272,21539,21540,5,1,0.42455821253518572
17273,21540,21541,5,0,0.11237910491569664
17274,21541,21542,1,0,0.089549614682590054
17275,21543,21544,3,0,0.44771486046244668
17276,21544,21545,5,0,0.10757509807040108
17277,21545,21546,1,0,0.12484422229386882
17278,21546,21547,5,0,0.13463266409452546
17279,21547,21548,5,0,0.11756426164622731
17280,21548,21549,1,0,0.7230992903989546
17281,21549,21550,2,0,0.11448338702745317
17282,21550,21551,4,0,0.15655086942953869
17283,21551,21552,3,1,0.69329040429182398
17284,21553,21554,2,0,0.029958905424574668
17285,21554,21555,2,0,0.19396642084503476
17286,21555,21556,2,1,0.36561093555588914
17287,21556,21557,3,0,0.68243635282733428
17288,21557,21558,2,0,0.073648580990840068
17289,21558,21559,5,0,0.19452411060408406
17290,21559,21560,2,0,0.1218208245037059
17291,21560,21561,2,0,0.077707400798157536
17292,21562,21563,5,0,0.21904971701822012
17293,21563,21564,4,0,0.63297163552332425
17294,21564,21565,5,0,0.47409499455892506
17295,21565,21566,1,0,0.27359416173757267
17296,21566,21567,5,0,0.16798491907025015
17297,21568,21569,3,1,0.64735149711615558
17298,21569,21570,4,0,0.035861130992983464
17299,21570,21571,5,0,0.039793922883572162
17300,21571,21572,2,0,0
17301,21572,21573,5,0,0.54378791650359115
17302,21573,21574,4,1,0.57370891501089671
17303,21575,21576,1,0,0
17304,21577,21578,5,0,0
17305,21579,21580,3,1,0.18868974667830199
17306,21580,21581,3,1,0.58685542931196832
17307,21581,21582,5,0,0
17308,21582,21583,3,1,0.66961429130922479
17309,21583,21584,4,0,0.2768462217776374
17310,21584,21585,5,0,0.34765661739105147
17311,21585,21586,5,0,0.081690087824985505
17312,21586,21587,4,1,0.21704030111769898
17313,21589,21590,4,0,0
17314,21590,21591,1,0,0.049013638998347403
17315,21591,21592,1,0,0.07034167416833044
17316,21592,21593,4,0,0.38696508027578375
17317,21593,21594,4,0,0.14799788044333154
17318,21594,21595,1,0,0.082921130294858952
17319,21597,21598,2,0,0.1602185184085449
17320,21598,21599,5,0,0.11020113512904016
17321,21599,21600,1,0,0.42807283768488763
17322,21601,21602,3,1,0.73113611961266811
17323,21602,21603,4,1,0
17324,21603,21604,4,0,0.079537225785707252
17325,21604,21605,1,0,0.098603603594960509
17326,21605,21606,4,0,0
17327,21607,21608,3,0,0.11743194974562829
17328,21608,21609,1,0,0.11364645482642781
17329,21609,21610,5,1,0.17432215681484844
17330,21610,21611,5,0,0.18654564851433686
17331,21612,21613,2,1,0.34660439321065706
17332,21613,21614,5,0,0.12659929886635124
17333,21614,21615,5,0,0.16119372926479469
17334,21615,21616,5,0,0.19185536619307936
17335,21616,21617,4,0,0.074679130016173295
17336,21617,21618,5,1,0.12599887607572144
17337,21619,21620,1,0,0.25395671731260189
17338,21620,21621,2,0,0.11919702104695559
17339,21621,21622,3,0,0.034561765883087271
17340,21622,21623,1,0,0.19254388055235316
17341,21623,21624,1,0,0.1353579655860046
17342,21624,21625,4,0,0.394010917071277
17343,21625,21626,2,0,0.068436136206297848
17344,21626,21627,3,0,0
17345,21627,21628,3,0,0.052104348962335081
17346,21628,21629,3,0,0.12135335564318106
17347,21629,21630,4,0,0
17348,21632,21633,4,0,0.08374629601357883
17349,21633,21634,2,1,0.074919195644537515
17350,21635,21636,5,1,0.560277146146687
17351,21636,21637,2,0,0.54334610935374716
17352,21637,21638,4,0,0.50017487211082512
17353,21638,21639,5,0,0.16370593904648162
17354,21639,21640,4,1,0.8832829883752622
17355,21640,21641,2,0,0.19691969763108128
17356,21641,21642,2,1,0.5829970034079649
17357,21642,21643,2,0,0.038635490260158133
17358,21643,21644,3,0,0.061331485377598263
17359,21644,21645,1,0,0.41704261239056578
17360,21645,21646,1,0,0.14050065020999575
17361,21646,21647,2,1,0.56207927550861447
17362,21647,21648,4,1,0.42187861505376822
17363,21649,21650,4,0,0
17364,21650,21651,1,0,0.15869904617543582
17365,21651,21652,2,1,0.51617077362594521
17366,21652,21653,2,0,0.074129854576368046
17367,21653,21654,2,0,0.04579670953337045
17368,21654,21655,3,0,0.05185728954450243
17369,21655,21656,1,0,0.099306505801873474
17370,21656,21657,2,0,0.049680603760826933
17371,21657,21658,2,0,0.082231414514010129
17372,21658,21659,4,0,0.30722294058982752
17373,21659,21660,3,0,0.63393803324338016
17374,21660,21661,1,0,0.14297564292462889
17375,21662,21663,3,0,0.18972320308037766
17376,21664,21665,1,0,0
17377,21665,21666,1,0,0.15332046379897751
17378,21666,21667,5,0,0.1723025682667971
17379,21667,21668,2,1,0.73976653631320255
17380,21668,21669,4,0,0
17381,21669,21670,4,0,0.085058712661373145
17382,21670,21671,5,0,0.23440275359952142
17383,21671,21672,5,1,0.19673730250434554
17384,21673,21674,3,0,0.26943825781350883
17385,21674,21675,1,0,0.11119397027257114
17386,21677,21678,2,0,0.066208994730930268
17387,21678,21679,5,0,0.23470915914537632
17388,21679,21680,4,0,0
17389,21681,21682,4,0,0.11797383336746477
17390,21682,21683,4,0,0.070291602883033766
17391,21684,21685,5,0,0.038658500442312123
17392,21685,21686,3,0,0.076638183428511586
17393,21686,21687,1,0,0.2353895335462067
17394,21687,21688,2,0,0.45479740972949695
17395,21688,21689,3,1,0.067085597922215592
17396,21689,21690,2,0,0.1198107066546949
17397,21690,21691,4,0,0.34597309881485888
17398,21691,21692,1,0,0.15815252988349165
17399,21692,21693,5,0,0.037856936200833732
17400,21693,21694,1,0,0.20631812426896404
17401,21694,21695,5,0,0.19954149134820401
17402,21696,21697,2,0,0
17403,21697,21698,1,0,0.027403811376087148
17404,21698,21699,4,0,0.21946609186703547
17405,21699,21700,5,0,0.253011332814776
17406,21703,21704,1,0,0
17407,21704,21705,1,0,0.036966166255863117
17408,21705,21706,2,0,0.4665669071044008
17409,21707,21708,3,1,0.83101910306554683
17410,21709,21710,1,0,0.19941202911902448
17411,21710,21711,1,0,0.21467510618922656
17412,21711,21712,1,0,0.040893444959483945
17413,21712,21713,4,0,0.12374843247959844
17414,21713,21714,5,0,0.17421431785726307
17415,21714,21715,1,0,0.15124746901767755
17416,21716,21717,3,0,0.47311413598678775
17417,21717,21718,2,0,0.057473862363950634
17418,21718,21719,4,0,0.042501396900707783
17419,21719,21720,2,0,0.15363157317589932
17420,21720,21721,2,0,0.18149026785308517
17421,21723,21724,1,1,0.077292029075289634
17422,21724,21725,5,0,0.58372796492373968
17423,21725,21726,3,0,0
17424,21726,21727,3,1,0.54353716597252721
17425,21727,21728,1,0,0.077354455523272247
17426,21728,21729,5,0,0.11627891745090743
17427,21729,21730,5,0,0.3930618992594469
17428,21730,21731,5,0,0.039840721687665344
17429,21732,21733,5,1,0.039886703739439047
17430,21733,21734,5,0,0.15414599613224206
17431,21734,21735,2,0,0.12832247997103327
17432,21735,21736,3,0,0.019839823555628723
17433,21736,21737,5,0,0.2545691390540461
17434,21738,21739,2,0,0.14148572125099107
17435,21739,21740,3,1,0.67441000002474594
17436,21740,21741,2,1,0.64924825939916408
17437,21741,21742,4,0,0
17438,21742,21743,1,1,0.25487142314812888
17439,21743,21744,3,0,0.23680650425242553
17440,21744,21745,5,0,0.26982552271279348
17441,21745,21746,4,0,0.10065301863860976
17442,21746,21747,4,0,0.33137587674324009
17443,21747,21748,3,0,0.15766333414972872
17444,21748,21749,4,0,0.14897162357823987
17445,21749,21750,1,0,0.096288386679438079
17446,21751,21752,3,0,0.30101025286860283
17447,21752,21753,3,0,0.041708880139126547
17448,21753,21754,2,0,0.1612637590929519
17449,21754,21755,4,0,0.19938817900361097
17450,21755,21756,2,0,0.69511201931907318
17451,21756,21757,3,0,0.083631110243100368
17452,21757,21758,3,0,0.084976318470325773
17453,21758,21759,4,0,0.10495347535666975
17454,21759,21760,1,1,0.10783035297337892
17455,21760,21761,1,1,0.18724629793991326
17456,21761,21762,1,0,0.14921224299790384
17457,21762,21763,4,0,0.21374806112569011
17458,21763,21764,1,0,0.11431751376322284
17459,21764,21765,1,0,0.035634531206327862
17460,21765,21766,4,0,0.056057750934412093
17461,21766,21767,4,0,0.038788809017377184
17462,21767,21768,5,0,0.18702857534030498
17463,21768,21769,2,0,0
17464,21769,21770,3,1,0.24154963466053958
17465,21770,21771,4,0,0
17466,21772,21773,2,0,0.12574770806111446
17467,21773,21774,2,0,0.10956800735924266
17468,21774,21775,2,1,0.56033836317029906
17469,21775,21776,4,0,0.19494593638988092
17470,21776,21777,1,0,0.038827181814672526
17471,21777,21778,5,0,0.11220020386810642
17472,21778,21779,4,1,0.17839073752751056
17473,21779,21780,3,0,0.09202538939114438
17474,21780,21781,4,0,0.10288075847969226
17475,21781,21782,1,1,0.036870709401925168
17476,21782,21783,2,0,0.036791029141989624
17477,21783,21784,5,0,0.081403261990615122
17478,21784,21785,2,0,0
17479,21785,21786,1,0,0.32157177984099333
17480,21786,21787,1,1,0.08234996504420064
17481,21787,21788,1,0,0.27389187952594057
17482,21788,21789,5,0,0.14549955138171167
17483,21789,21790,1,1,0.55517238109733236
17484,21790,21791,2,0,0.39263135827447937
17485,21791,21792,3,0,0.042449797804876691
17486,21792,21793,3,0,0.10677291004033113
17487,21793,21794,2,0,0.21239288111751575
17488,21794,21795,3,0,0.12011334232684838
17489,21795,21796,5,0,0.044452504299309678
17490,21796,21797,5,0,0.1428048501891466
17491,21797,21798,4,0,0.1788399565465924
17492,21798,21799,1,0,0.43999276204633886
17493,21799,21800,3,0,0.13424897824256993
17494,21800,21801,5,1,0.80483837190077001
17495,21801,21802,4,0,0.038896931838412883
17496,21803,21804,3,0,0.038537728989529514
17497,21804,21805,2,1,0.10938053277867138
17498,21805,21806,3,0,0.079275233247685165
17499,21807,21808,3,0,0
17500,21808,21809,3,0,0.13015763116277898
17501,21810,21811,4,1,0.36041303888845078
17502,21813,21814,5,0,0
17503,21814,21815,4,0,0.30746263063591411
17504,21815,21816,2,1,0.74164661034924506
17505,21816,21817,2,0,0
17506,21817,21818,1,0,0.081122634279944747
17507,21818,21819,3,1,0.037463506806243073
17508,21820,21821,1,0,0.093575195306098424
17509,21821,21822,5,0,0.15755001129847884
17510,21822,21823,3,0,0.35474479450018115
17511,21823,21824,4,0,0.073013788833922844
17512,21825,21826,2,0,0.035666299832986782
17513,21827,21828,5,0,0
17514,21828,21829,5,0,0.45437855908542379
17515,21829,21830,2,0,0.19236584341814081
17516,21830,21831,1,1,0.35505357056296133
17517,21831,21832,1,0,0.32713995214781688
17518,21832,21833,4,0,0.099962844473673734
17519,21833,21834,1,1,0.62465510678209013
17520,21834,21835,4,0,0.14738960254321837
17521,21835,21836,4,1,0.11518993313532155
17522,21836,21837,2,0,0
17523,21837,21838,5,0,0.11247521097696653
17524,21838,21839,1,1,0.06665487833195495
17525,21840,21841,2,0,0.52175178307975123
17526,21841,21842,1,0,0.082042027558503414
17527,21842,21843,4,0,0.038966641526841844
17528,21843,21844,4,1,0.12362450981290113
17529,21844,21845,1,0,0.038890083136675947
17530,21845,21846,5,1,0.037923130810245363
17531,21846,21847,3,0,0
17532,21847,21848,2,1,0.60698635864462946
17533,21848,21849,3,0,0.10404156347643241
17534,21850,21851,2,0,0.074156716592092206
17535,21851,21852,4,0,0.048710424878231649
17536,21852,21853,2,0,0.38261036019140893
17537,21853,21854,4,1,0.25188474423750457
17538,21854,21855,1,0,0.072175301271624207
17539,21855,21856,2,0,0
17540,21856,21857,3,0,0.093963610486126004
17541,21858,21859,1,0,0.19154843877605968
17542,21859,21860,1,0,0.29402161242362412
17543,21860,21861,4,0,0.029504002256432873
17544,21861,21862,1,0,0.25491588321544778
17545,21862,21863,4,0,0.040523491288362322
17546,21863,21864,3,0,0.081580207869334898
17547,21864,21865,2,1,0.065562212592371771
17548,21865,21866,4,0,0.32800630876735815
17549,21867,21868,2,0,0.3731660859442934
17550,21868,21869,1,0,0.3564811464892208
17551,21869,21870,1,0,0.15167265209541794
17552,21870,21871,5,0,0.11377134519741362
17553,21871,21872,5,0,0.152434100332556
17554,21872,21873,3,0,0
17555,21873,21874,5,0,0.3283543506177124
17556,21874,21875,3,0,0.22482985751141515
17557,21875,21876,1,0,0.080592332188078819
17558,21876,21877,5,0,0.52678978763122641
17559,21877,21878,5,0,0.11040460955999876
17560,21878,21879,4,0,0.15306828679330686
17561,21879,21880,3,0,0.1044766205707205
17562,21880,21881,4,0,0.20025489943535904
17563,21882,21883,4,0,0.13276972351361688
17564,21884,21885,5,0,0.031149126521178593
17565,21885,21886,1,1,0.47642154097783923
17566,21886,21887,2,0,0.11464480468781819
17567,21888,21889,2,1,0.076902693546461703
17568,21889,21890,3,0,0.080882507243535934
17569,21890,21891,1,1,0.038861530034228715
17570,21891,21892,1,1,0.67104072502931411
17571,21892,21893,1,0,0.10599290139438512
17572,21893,21894,1,0,0.083796098862751536
17573,21895,21896,2,0,0.11394052565922225
17574,21897,21898,2,0,0.077531324332859169
17575,21898,21899,5,0,0.19062277692809215
17576,21899,21900,2,1,0.17220565206119737
17577,21902,21903,1,0,0.2019653597848716
17578,21903,21904,3,0,0.040275503570568028
17579,21905,21906,3,0,0.24572796919798384
17580,21907,21908,1,0,0.11613094434313764
17581,21908,21909,3,0,0.20071047328133532
17582,21909,21910,3,0,0.14113465244159787
17583,21910,21911,2,0,0
17584,21913,21914,3,1,0.47929660731450319
17585,21914,21915,2,0,0
17586,21916,21917,4,1,0.63150178464562823
17587,21917,21918,5,0,0.38959136156711466
17588,21918,21919,4,0,0.1627556145635598
17589,21919,21920,5,1,0.11857718219669958
17590,21921,21922,3,0,0.074235038667139236
17591,21922,21923,5,0,0.14255103992350165
17592,21923,21924,4,0,0.13939923943537313
17593,21924,21925,1,0,0.036281269739609462
17594,21925,21926,3,0,0.18595054868963506
17595,21926,21927,2,0,0.045008724053717843
17596,21927,21928,3,0,0
17597,21928,21929,1,0,0.032690911433659202
17598,21929,21930,1,0,0.082128919902680453
17599,21930,21931,1,0,0.27053493525206762
17600,21931,21932,2,0,0.073061635362332289
17601,21932,21933,2,0,0.23933814412104673
17602,21933,21934,1,0,0.03238602712720727
17603,21934,21935,1,0,0.1739532444877698
17604,21936,21937,4,1,0.39826323435695599
17605,21937,21938,2,0,0.15217747941092929
17606,21938,21939,4,1,0.14012112962912493
17607,21939,21940,3,0,0
17608,21941,21942,5,0,0.15580747503941775
17609,21942,21943,1,1,0.092263098755264464
17610,21943,21944,2,0,0.11425969862209022
17611,21944,21945,3,1,0.3182478818284053
17612,21945,21946,2,0,0.082762927893482746
17613,21946,21947,4,0,0.054567405348789663
17614,21947,21948,5,1,0.25892815231885019
17615,21948,21949,3,0,0.056323888796483181
17616,21949,21950,3,0,0.13766197064851601
17617,21950,21951,5,1,0.3376118076470343
17618,21951,21952,2,1,0.16125945867047317
17619,21952,21953,1,0,0.26810776422015953
17620,21953,21954,3,0,0.034666840217557109
17621,21954,21955,2,0,0.2810248293243004
17622,21955,21956,5,0,0.24800436604962642
17623,21956,21957,5,0,0
17624,21958,21959,2,1,0.15986305768670711
17625,21959,21960,1,0,0.040673435806025386
17626,21960,21961,4,1,0.78872560838861461
17627,21961,21962,4,0,0.15451013861751914
17628,21964,21965,2,0,0
17629,21965,21966,3,0,0.10946575342021646
17630,21966,21967,2,0,0.11248341255194491
17631,21967,21968,2,0,0.12479362955864191
17632,21970,21971,5,0,0.16356722978151408
17633,21972,21973,2,1,0.45783323538225368
17634,21973,21974,1,0,0.29363139525941023
17635,21974,21975,2,1,0.7323810991212435
17636,21975,21976,1,0,0.068844529952658204
17637,21976,21977,1,0,0.5147251963371684
17638,21977,21978,4,0,0.038223372092009017
17639,21978,21979,2,0,0
17640,21979,21980,4,0,0.17017880978571889
17641,21980,21981,3,0,0.23299268470025186
17642,21981,21982,1,1,0.3788953524808375
17643,21982,21983,3,0,0.075624516680891318
17644,21983,21984,3,0,0.11555713729599701
17645,21985,21986,5,1,0.29759114807643422
17646,21986,21987,4,0,0.038988798149469421
17647,21987,21988,5,0,0.1345628562317816
17648,21989,21990,4,0,0.15751766442918866
17649,21990,21991,1,0,0.11397120553677666
17650,21991,21992,5,0,0.51982068602217724
17651,21993,21994,1,0,0.036624952297910435
17652,21995,21996,2,0,0.08068193418033287
17653,21996,21997,3,0,0.21171481971344108
17654,21997,21998,5,0,0.23816327818201879
17655,21999,22000,2,0,0
17656,22000,22001,1,0,0.20384686954439715
17657,22001,22002,1,0,0.040157891192007598
17658,22003,22004,2,0,0.20119409955811729
17659,22004,22005,4,0,0.045708660632107379
17660,22005,22006,3,1,0.082880777001173703
17661,22006,22007,2,0,0.21651353434216442
17662,22009,22010,1,0,0.075075716575425736
17663,22010,22011,2,1,0.50884775919806968
17664,22011,22012,1,1,0.65168186023193186
17665,22012,22013,5,0,0.24683456070619067
17666,22013,22014,5,1,0.12244518042589626
17667,22014,22015,5,0,0.26325725948668727
17668,22015,22016,2,0,0.10446709854509433
17669,22016,22017,2,0,0.43036319000571954
17670,22017,22018,1,0,0.199409774463853
17671,22018,22019,1,0,0.088394317327296357
17672,22019,22020,1,0,0
17673,22020,22021,5,0,0.078054586692701808
17674,22021,22022,1,1,0.39065080076594783
17675,22022,22023,3,0,0.21129524501218608
17676,22023,22024,1,0,0.042324664737847253
17677,22024,22025,1,0,0.11344295397257331
17678,22025,22026,5,0,0.036319367683148591
17679,22026,22027,5,0,0.037717671515146454
17680,22029,22030,5,0,0.07745535890437652
17681,22030,22031,5,0,0.19414497938733777
17682,22033,22034,2,0,0.082235754346723366
17683,22034,22035,5,0,0.090118837567967139
17684,22036,22037,1,0,0.042091464242309466
17685,22037,22038,3,0,0
17686,22038,22039,5,0,0.15358392823733513
17687,22039,22040,2,0,0.15271577582661897
17688,22040,22041,3,0,0.19392423473481152
17689,22044,22045,3,0,0.20773746321346015
17690,22045,22046,4,0,0.036972792269687631
17691,22047,22048,4,1,0.34437058048216784
17692,22048,22049,2,0,0.15092383454198957
17693,22049,22050,5,0,0.036951609454473101
17694,22050,22051,1,0,0.2171309508763424
17695,22051,22052,1,0,0.033055406233555823
17696,22052,22053,4,0,0.42729356721809003
17697,22053,22054,4,0,0.15578289745280915
17698,22054,22055,3,0,0.037564780340492251
17699,22055,22056,4,0,0.58967840435588581
17700,22059,22060,5,0,0
17701,22060,22061,2,0,0.8061235035632649
17702,22062,22063,4,0,0.1103520949233516
17703,22063,22064,3,0,0.46701917305385393
17704,22064,22065,1,1,0.13636456618809717
17705,22065,22066,1,1,0.19286769672440157
17706,22066,22067,1,0,0.04069200682630391
17707,22067,22068,3,1,0.15678609468696048
17708,22068,22069,5,0,0.042410867987525046
17709,22069,22070,1,0,0.10849282715996156
17710,22071,22072,5,0,0.086025731828244023
17711,22073,22074,4,0,0.037806745473540342
17712,22074,22075,2,0,0
17713,22076,22077,5,0,0.13153891108324273
17714,22077,22078,5,0,0.16495742869723856
17715,22078,22079,3,0,0.3999201451911395
17716,22079,22080,1,0,0.15373371716120376
17717,22082,22083,4,0,0.27595652740261095
17718,22083,22084,4,1,0.19474307698649035
17719,22084,22085,5,0,0.1546438102786564
17720,22085,22086,5,0,0
17721,22086,22087,2,0,0
17722,22087,22088,5,0,0.08086979127203868
17723,22093,22094,2,1,0.14955520868723118
17724,22094,22095,1,1,0.70092517482967875
17725,22096,22097,4,0,0.039639400956237837
17726,22097,22098,1,0,0.07606212749897398
17727,22099,22100,5,0,0
17728,22100,22101,3,0,0.25614945783528836
17729,22103,22104,3,0,0.034751968865992092
17730,22106,22107,1,0,0
17731,22107,22108,3,1,0.60869136441390481
17732,22108,22109,2,0,0.040417230150708541
17733,22109,22110,1,0,0.20126689081234617
17734,22110,22111,4,0,0.037691359247301902
17735,22113,22114,2,0,0.083106784311548762
17736,22114,22115,2,0,0.21300810078762214
17737,22115,22116,3,0,0.03622116361686939
17738,22117,22118,4,0,0.037058049364822432
17739,22118,22119,5,0,0.15505962847004648
17740,22119,22120,3,1,0.16408287008479072
17741,22120,22121,2,0,0.12484478421888068
17742,22121,22122,5,0,0.21082288537949934
17743,22122,22123,2,0,0.29634893072063767
17744,22123,22124,2,0,0
17745,22124,22125,4,1,0.70887881768217498
17746,22125,22126,2,1,0.11800696309351504
17747,22126,22127,3,0,0
17748,22127,22128,5,0,0.099049377362228852
17749,22130,22131,5,0,0.17487749326591345
17750,22131,22132,2,0,0.42909587265416405
17751,22132,22133,5,0,0.023988381835546888
17752,22133,22134,2,0,0.53818549106295033
17753,22134,22135,5,0,0.073983359103738905
17754,22135,22136,3,0,0.049216328162283274
17755,22136,22137,4,0,0.15274253587642644
17756,22137,22138,4,0,0.58716604685204465
17757,22138,22139,1,0,0.048139915533617218
17758,22140,22141,5,0,0.077596466953822635
17759,22141,22142,5,0,0.071024024214872597
17760,22142,22143,5,0,0.27973736633754753
17761,22143,22144,5,0,0.1144750327929786
17762,22144,22145,2,1,0.22170966256106081
17763,22145,22146,5,0,0.11450211359242228
17764,22146,22147,5,0,0.24828711962481648
17765,22147,22148,4,0,0.38301393032276909
17766,22148,22149,5,0,0.23147614695228666
17767,22149,22150,2,0,0.18927079680821704
17768,22150,22151,2,0,0.15787647972449312
17769,22151,22152,2,0,0.038327298864830668
17770,22152,22153,2,1,0.21548715027394971
17771,22153,22154,3,0,0.03648652529864152
17772,22154,22155,1,0,0.11706217420995671
17773,22155,22156,5,0,0.24818111089688116
17774,22156,22157,2,0,0.086005634929901389
17775,22157,22158,1,0,0.12126213475321355
17776,22158,22159,4,0,0.15683967135538282
17777,22159,22160,4,0,0.084032456592360416
17778,22160,22161,3,0,0
17779,22161,22162,1,0,0
17780,22162,22163,2,0,0
17781,22163,22164,2,1,0.73939764767519356
17782,22164,22165,2,0,0.37026175104688414
17783,22165,22166,5,0,0.11560915383891644
17784,22166,22167,1,0,0.13488097854871045
17785,22167,22168,4,0,0.1134801573007088
17786,22169,22170,2,0,0.233900555836873
17787,22170,22171,2,0,0.077920248043523571
17788,22171,22172,5,0,0.031831584323778181
17789,22172,22173,2,0,0.14302446281226958
17790,22173,22174,1,1,0.12427570286476577
17791,22174,22175,4,0,0.15732239548626661
17792,22175,22176,4,0,0.037925156267596356
17793,22177,22178,5,1,0.12539633095040925
17794,22178,22179,4,0,0.19862905469365452
17795,22180,22181,3,0,0.12898383354272908
17796,22181,22182,2,0,0.13551173828127794
17797,22182,22183,5,0,0.20988635725014804
17798,22183,22184,3,0,0.080116465031607895
17799,22184,22185,3,0,0.347276916107086
17800,22185,22186,2,0,0.15625878685524003
17801,22186,22187,2,0,0.083218507175380207
17802,22187,22188,3,0,0.11364682255926832
17803,22190,22191,3,0,0.15941212443843181
17804,22191,22192,2,0,0.12537739968602188
17805,22192,22193,2,1,0.1437908574687515
17806,22193,22194,3,0,0.18018511219938885
17807,22194,22195,1,0,0.102940079505839
17808,22197,22198,4,0,0
17809,22199,22200,2,0,0.23137203297279516
17810,22200,22201,2,0,0.12679729147260346
17811,22201,22202,2,0,0.15906890850326708
17812,22202,22203,3,1,0.69907951078987518
17813,22203,22204,5,0,0.1229496749690199
17814,22204,22205,1,1,0.11503404833771053
17815,22205,22206,3,0,0.038067300047364742
17816,22206,22207,5,0,0.28807889789550106
17817,22207,22208,4,0,0.18677252954299103
17818,22208,22209,4,0,0.088474411202957959
17819,22209,22210,1,0,0.12546399387559154
17820,22210,22211,3,0,0.082351290855836479
17821,22211,22212,2,0,0.14933602195183895
17822,22212,22213,5,1,0.23394032984922916
17823,22213,22214,5,0,0.24327049132707018
17824,22215,22216,2,0,0.10856232841140045
17825,22216,22217,1,1,0.12145927477130154
17826,22217,22218,4,0,0.18001062594968761
17827,22218,22219,2,0,0.1555472308602491
17828,22219,22220,3,0,0.036391524221308362
17829,22220,22221,4,0,0
17830,22221,22222,5,0,0.08766476502298573
17831,22222,22223,1,0,0.081997432864506684
17832,22223,22224,3,0,0
17833,22224,22225,4,0,0.20555727524032832
17834,22225,22226,5,0,0
17835,22227,22228,1,0,0
17836,22228,22229,2,1,0.3572140098542822
17837,22229,22230,2,0,0.21560498576902726
17838,22230,22231,3,0,0.4075847002860839
17839,22231,22232,3,0,0.20116732302457263
17840,22232,22233,5,0,0.035441111786820738
17841,22233,22234,2,0,0.077811008088755254
17842,22234,22235,4,0,0
17843,22235,22236,5,0,0.073591249634025704
17844,22236,22237,3,0,0.11673029252259552
17845,22237,22238,1,0,0.033209800556870929
17846,22238,22239,1,0,0.10215843247236317
17847,22239,22240,1,0,0.11912744272949234
17848,22240,22241,5,0,0.14573226152344942
17849,22242,22243,5,0,0
17850,22243,22244,2,0,0.12251983503702477
17851,22244,22245,1,0,0.17812269609222184
17852,22245,22246,4,0,0.71307851196787553
17853,22246,22247,5,0,0.075119912551819629
17854,22247,22248,4,1,0.22899211522883459
17855,22248,22249,1,0,0.2082778818722
17856,22249,22250,4,1,0.26397012731799785
17857,22251,22252,2,0,0.36030027017099658
17858,22253,22254,2,1,0.049668367607573871
17859,22255,22256,3,0,0.1517831233034512
17860,22257,22258,3,1,0.36762363694861783
17861,22258,22259,3,0,0.093770537784340136
17862,22259,22260,5,0,0.19835437045120716
17863,22260,22261,3,0,0.035166948919181686
17864,22263,22264,4,0,0.25110778583291488
17865,22265,22266,3,0,0.035623168261850538
17866,22267,22268,1,0,0
17867,22268,22269,3,1,0.2719743226045353
17868,22269,22270,5,0,0.042265553964194714
17869,22270,22271,5,0,0.18684339281310616
17870,22271,22272,2,0,0.059665861489971952
17871,22272,22273,3,0,0
17872,22273,22274,1,0,0.031411186075217958
17873,22274,22275,3,0,0.12827806535039671
17874,22275,22276,3,0,0.069560680362828309
17875,22276,22277,3,1,0.085228024932161084
17876,22277,22278,4,0,0.082296676484190381
17877,22278,22279,5,0,0.23382605847933527
17878,22279,22280,1,1,0.16713539328078925
17879,22280,22281,5,1,0
17880,22282,22283,4,0,0.070474769953381783
17881,22283,22284,2,0,0.22717358788239633
17882,22284,22285,3,0,0.34991027508712247
17883,22287,22288,5,0,0.48675668157242891
17884,22288,22289,1,1,0.64472022778004356
17885,22289,22290,5,1,0.18969904163796597
17886,22291,22292,3,0,0.33530904985613108
17887,22292,22293,3,0,0.13072615296184736
17888,22293,22294,3,0,0
17889,22294,22295,2,0,0.18554662459266769
17890,22295,22296,1,0,0.087124699026462429
17891,22296,22297,2,0,0.034176501632634193
17892,22297,22298,2,0,0.082618412734843411
17893,22298,22299,5,0,0.033193442791388257
17894,22299,22300,3,1,0.11235355994848616
17895,22300,22301,1,0,0.11803195736154967
17896,22301,22302,2,0,0.044293672075778501
17897,22302,22303,3,0,0.11735532747004628
17898,22303,22304,5,0,0.19605455178005413
17899,22304,22305,3,0,0.038295552379936544
17900,22305,22306,5,0,0
17901,22308,22309,5,0,0.1388091323331174
17902,22309,22310,3,0,0.11854088959731242
17903,22310,22311,1,0,0.7966165024330214
17904,22312,22313,5,0,0.044426849815077323
17905,22313,22314,4,0,0.16917579611339129
17906,22314,22315,4,0,0.11129031942085074
17907,22315,22316,4,1,0.37674803480623792
17908,22316,22317,3,0,0.38059766784568283
17909,22317,22318,4,0,0.035068904075487552
17910,22318,22319,2,0,0.4187982866192142
17911,22320,22321,3,0,0
17912,22322,22323,4,0,0.16276638542055127
17913,22324,22325,1,0,0.16043629204880849
17914,22325,22326,2,1,0.14378092788867411
17915,22326,22327,1,0,0.11852848693196444
17916,22327,22328,3,0,0.32376598274376123
17917,22329,22330,4,0,0.039214751472859875
17918,22330,22331,5,0,0.64710890672321042
17919,22331,22332,2,0,0.10534649346972268
17920,22332,22333,4,1,0.18820814170539291
17921,22334,22335,5,0,0.15090362980977176
17922,22335,22336,5,0,0.31336005945036011
17923,22336,22337,1,0,0.10335895259754518
17924,22337,22338,4,0,0.10873501482660725
17925,22339,22340,2,0,0.15523798109394227
17926,22340,22341,5,0,0.039510427693277055
17927,22341,22342,1,0,0.12462412358158254
17928,22342,22343,5,0,0.083517884914574209
17929,22343,22344,3,0,0.07800089304108139
17930,22344,22345,5,0,0.14769891218660847
17931,22345,22346,2,0,0.3623127261328708
17932,22346,22347,3,0,0.15363444924166869
17933,22347,22348,1,0,0.040379692028488012
17934,22348,22349,5,0,0.043137922369237483
17935,22349,22350,2,0,0.044487997973721376
17936,22350,22351,1,0,0.2404476344806015
17937,22351,22352,5,0,0.050625889869912906
17938,22353,22354,4,0,0.090363942760380303
17939,22354,22355,2,0,0.11768008286574069
17940,22355,22356,2,0,0.089845066553972286
17941,22356,22357,1,0,0
17942,22358,22359,3,0,0.18197817461694651
17943,22359,22360,1,0,0.047792319193393613
17944,22361,22362,2,0,0.11865719502091875
17945,22362,22363,3,0,0.14960395100542873
17946,22363,22364,1,0,0.07953973270344851
17947,22365,22366,5,1,0.25869756970100233
17948,22367,22368,2,0,0.22791076241204158
17949,22369,22370,1,0,0.036395580990412055
17950,22370,22371,3,0,0.082021813670718591
17951,22371,22372,3,0,0.13750711677651969
17952,22373,22374,1,0,0.16262478868828786
17953,22374,22375,1,1,0.57362352329176114
17954,22375,22376,3,0,0.27050113371459461
17955,22376,22377,4,0,0.73097453691330894
17956,22379,22380,3,0,0.092914402571597443
17957,22380,22381,3,0,0.086007906811628732
17958,22381,22382,2,0,0.10670274263551266
17959,22383,22384,4,0,0.077856038171327621
17960,22384,22385,1,0,0
17961,22386,22387,4,1,0.72514975718390673
17962,22388,22389,2,0,0.039724851455821851
17963,22389,22390,4,1,0.075781295772551618
17964,22390,22391,3,0,0.037329466423870999
17965,22391,22392,4,1,0.20455942783073305
17966,22392,22393,3,0,0.16329249119395634
17967,22393,22394,3,0,0.069803463469102947
17968,22394,22395,5,0,0.075312708622534877
17969,22395,22396,1,0,0.035343383287137368
17970,22397,22398,1,0,0
17971,22398,22399,5,0,0.079309399589941335
17972,22400,22401,4,0,0.084461795889758717
17973,22401,22402,4,1,0.69538361208207822
17974,22403,22404,5,0,0
17975,22405,22406,1,0,0.080013003911236683
17976,22406,22407,5,0,0.082157331247634649
17977,22409,22410,2,1,0.39273376904719071
17978,22410,22411,5,0,0.16229894748750504
17979,22411,22412,2,1,0.11988674057342327
17980,22413,22414,1,0,0.49313643579055838
17981,22414,22415,1,1,0.70204177751687524
17982,22415,22416,1,0,0.62214131203801548
17983,22417,22418,2,0,0.066710008268997048
17984,22418,22419,2,0,0.040411502285032395
17985,22419,22420,2,0,0
17986,22421,22422,4,0,0.43482366394473798
17987,22422,22423,4,0,0.19090256479492951
17988,22423,22424,3,1,0.12371561715414639
17989,22425,22426,3,0,0.13837284457289528
17990,22426,22427,2,0,0.1650225087500686
17991,22427,22428,1,0,0.23556649147445013
17992,22428,22429,4,0,0
17993,22429,22430,5,0,0.45393121937613151
17994,22431,22432,3,0,0.040963969724175979
17995,22432,22433,3,0,0.054279140612607905
17996,22433,22434,4,1,0.35985959419744157
17997,22435,22436,1,0,0.12889401764511058
17998,22436,22437,1,0,0.076802269034255632
17999,22437,22438,1,0,0.16893977567069504
18000,22438,22439,5,0,0.59820964938724108
18001,22440,22441,3,0,0.19303266614454606
18002,22441,22442,1,0,0.12436529933266287
18003,22443,22444,3,0,0.28693686285593595
18004,22444,22445,4,1,0.18328847332626841
18005,22446,22447,2,0,0.29334820412525298
18006,22449,22450,2,0,0.074365900542169683
18007,22454,22455,4,0,0.18369194636317188
18008,22455,22456,2,0,0.033225082737259479
18009,22456,22457,1,0,0.15251617519395622
18010,22457,22458,4,0,0.092645228030240612
18011,22458,22459,1,0,0.023871487078631511
18012,22459,22460,5,0,0.86557925156592175
18013,22460,22461,4,0,0.11373556479774956
18014,22461,22462,3,1,0
18015,22462,22463,4,0,0.50823387088283034
18016,22463,22464,4,0,0.11948747314468508
18017,22464,22465,2,1,0.68818759773897942
18018,22465,22466,3,0,0.11606089154128643
18019,22466,22467,2,1,0.46605630320367114
18020,22467,22468,2,0,0.21680046940216197
18021,22469,22470,1,1,0.31986618000548173
18022,22470,22471,5,1,0.026013498117420143
18023,22471,22472,2,0,0.14257928315516322
18024,22473,22474,4,0,0.14549768848723418
18025,22474,22475,4,0,0.32396273495293271
18026,22475,22476,4,0,0.22534681387057484
18027,22476,22477,5,0,0
18028,22477,22478,4,0,0.27637965772435741
18029,22478,22479,2,1,0.7458717586843514
18030,22479,22480,5,0,0.23307275670801936
18031,22480,22481,2,0,0.13194840064897634
18032,22482,22483,4,0,0.18638336367231745
18033,22483,22484,4,0,0.13830746149077178
18034,22484,22485,2,0,0.028665400481586292
18035,22485,22486,5,0,0.2372597974566136
18036,22486,22487,2,0,0
18037,22487,22488,4,0,0.13764131051980069
18038,22488,22489,5,0,0.18957091819146107
18039,22489,22490,5,0,0.033673965142018744
18040,22490,22491,3,0,0.2335426850345135
18041,22491,22492,4,1,0.20179130182366314
18042,22492,22493,1,0,0.10155445373447601
18043,22493,22494,4,0,0.037784879986121109
18044,22494,22495,2,1,0.60698334236137397
18045,22495,22496,1,0,0.037778462883693319
18046,22497,22498,5,0,0
18047,22498,22499,3,0,0.034648744655761343
18048,22499,22500,4,0,0.15368024962098509
18049,22503,22504,1,1,0.033255318746740793
18050,22504,22505,4,1,0.11829948959360248
18051,22506,22507,5,1,0.5786502903930052
18052,22507,22508,3,0,0.24313505053888257
18053,22508,22509,1,0,0
18054,22509,22510,4,0,0.042549710705476494
18055,22510,22511,4,0,0.098119148683502161
18056,22511,22512,4,0,0.17010622401712527
18057,22512,22513,2,0,0.043811399393433127
18058,22515,22516,2,0,0.12880461605097221
18059,22516,22517,2,0,0.036744530404597985
18060,22518,22519,5,0,0.11955395305546579
18061,22519,22520,4,0,0.038192702969643708
18062,22520,22521,4,1,0.51022657583525588
18063,22521,22522,2,0,0.11299402344102576
18064,22522,22523,5,0,0.81979894492385363
18065,22523,22524,4,1,0.37616547725069793
18066,22525,22526,5,0,0.076940451347762326
18067,22526,22527,1,0,0.17503684448105872
18068,22528,22529,5,0,0.091829100758572327
18069,22530,22531,1,0,0
18070,22531,22532,3,0,0.077483564865637081
18071,22532,22533,4,0,0.037977950404148961
18072,22534,22535,2,1,0.17120058599561905
18073,22535,22536,1,0,0.11684279972293615
18074,22536,22537,5,1,0.57023082394251756
18075,22537,22538,5,1,0.068972490668782541
18076,22538,22539,1,0,0.359197388727236
18077,22539,22540,2,0,0.03859130931232127
18078,22540,22541,5,0,0.3615343000074287
18079,22541,22542,4,0,0.031845340399972742
18080,22542,22543,3,1,0.66058734170119293
18081,22544,22545,4,1,0.34387217747600302
18082,22545,22546,4,0,0.15204061827592891
18083,22546,22547,1,0,0.080081502556737724
18084,22548,22549,1,0,0.037190793022674348
18085,22550,22551,4,0,0.77313625921199924
18086,22551,22552,1,1,0.033748677406356384
18087,22554,22555,4,1,0.29289824300359624
18088,22555,22556,2,0,0.077752560324373166
18089,22556,22557,1,0,0.19716065307893113
18090,22558,22559,4,0,0.27265978668421653
18091,22559,22560,5,0,0.042263733476243695
18092,22560,22561,4,1,0.35690601585939241
18093,22562,22563,4,0,0
18094,22563,22564,2,0,0.079371077600957365
18095,22564,22565,4,0,0.11136781916645348
18096,22565,22566,1,0,0.23483377500443336
18097,22567,22568,3,1,0.057169747001752376
18098,22568,22569,2,0,0.31745762202379868
18099,22569,22570,5,0,0.045789633434752931
18100,22570,22571,1,1,0.072634522240321048
18101,22571,22572,3,0,0.12671450980090676
18102,22572,22573,5,0,0.34561816615314783
18103,22573,22574,4,0,0.028819435333706716
18104,22574,22575,2,0,0.20336084335516286
18105,22575,22576,3,0,0
18106,22576,22577,1,0,0.059090180159974547
18107,22577,22578,1,0,0.04327380843043438
18108,22578,22579,4,0,0.063810779366819545
18109,22579,22580,2,0,0
18110,22580,22581,2,0,0.22024849851059211
18111,22581,22582,5,0,0.11087956487474976
18112,22582,22583,4,0,0.19332150576812923
18113,22583,22584,1,0,0
18114,22584,22585,5,0,0.40496085683526373
18115,22586,22587,4,0,0.11265574794425402
18116,22587,22588,2,0,0.1244240300255726
18117,22588,22589,1,0,0
18118,22590,22591,3,1,0.1199664314404149
18119,22591,22592,1,0,0.044536484096913569
18120,22593,22594,4,0,0.19675602928667954
18121,22594,22595,3,0,0.074751090290791869
18122,22595,22596,3,0,0.21988550704423215
18123,22596,22597,5,0,0
18124,22597,22598,5,1,0.20399075196318928
18125,22598,22599,2,0,0.061938194515886461
18126,22599,22600,3,0,0.074151818488846638
18127,22600,22601,4,1,0.041062374252232435
18128,22601,22602,1,0,0.24438609540681958
18129,22602,22603,5,0,0.2019609116590331
18130,22603,22604,5,0,0.34165345950388382
18131,22604,22605,1,0,0.24269459150004724
18132,22605,22606,4,0,0.20736193502430414
18133,22606,22607,2,0,0.76891995562121362
18134,22607,22608,3,0,0.038688324457211466
18135,22608,22609,4,0,0.043545986562130191
18136,22609,22610,1,0,0.16418487307922133
18137,22610,22611,4,0,0.71200524780449315
18138,22611,22612,3,0,0.13261606197623013
18139,22612,22613,3,0,0.075598172391602173
18140,22613,22614,5,0,0.1249365083450524
18141,22614,22615,3,0,0.040653076375378863
18142,22615,22616,1,0,0.22826524421542851
18143,22617,22618,3,0,0.27362773098075982
18144,22618,22619,3,1,0.64682316680537
18145,22620,22621,1,1,0.71915599512187989
18146,22621,22622,4,0,0.033469894883842582
18147,22622,22623,2,0,0.40161058083869999
18148,22623,22624,2,0,0.032784911489443555
18149,22624,22625,2,0,0
18150,22625,22626,1,0,0.60143353158110346
18151,22628,22629,1,0,0.60962187920317701
18152,22629,22630,1,0,0.096142157786925531
18153,22630,22631,4,0,0.23022178267503352
18154,22631,22632,4,0,0.041364200019023377
18155,22633,22634,1,1,0.27589622634502953
18156,22635,22636,5,0,0.096862855890365279
18157,22637,22638,1,0,0.16068092958881935
18158,22638,22639,4,0,0
18159,22639,22640,4,0,0.088659056147669904
18160,22640,22641,5,1,0.13802364064260722
18161,22641,22642,4,0,0.0777584850227937
18162,22642,22643,5,0,0.14615619932414689
18163,22643,22644,4,0,0.036180638732441019
18164,22644,22645,3,0,0.036040820091917801
18165,22645,22646,4,0,0.1693811083922602
18166,22646,22647,1,1,0.16765710086785376
18167,22647,22648,5,1,0.60319944426126715
18168,22648,22649,5,0,0.24730822917083228
18169,22650,22651,3,0,0.037770622553126056
18170,22651,22652,5,0,0.26498183038275996
18171,22652,22653,4,0,0.15569207850055042
18172,22653,22654,4,0,0.12285561319436054
18173,22654,22655,4,0,0.034593060672030385
18174,22655,22656,3,0,0.16037593336572839
18175,22657,22658,3,0,0.031178504334081428
18176,22658,22659,2,0,0.062091906999560527
18177,22659,22660,3,0,0.034035109505769844
18178,22660,22661,5,0,0.071936096441493652
18179,22662,22663,4,0,0.20084338341544264
18180,22663,22664,4,0,0.09792131461542837
18181,22664,22665,1,0,0.15745562319139456
18182,22665,22666,3,0,0.19314607460564437
18183,22666,22667,1,1,0.1904671996571608
18184,22667,22668,2,0,0.11315922642300036
18185,22668,22669,4,0,0.25673594748330236
18186,22669,22670,5,0,0.15408333683052133
18187,22670,22671,3,0,0.074678986821376039
18188,22671,22672,5,0,0.20979849870197365
18189,22672,22673,1,0,0.03794424056783112
18190,22673,22674,4,0,0.08210114095312851
18191,22674,22675,2,0,0.035252124696909005
18192,22675,22676,4,0,0.035706100368353408
18193,22676,22677,1,0,0.081524798131250825
18194,22677,22678,5,0,0.18304142705478313
18195,22678,22679,4,0,0.037166787428313017
18196,22679,22680,2,0,0.3832128755645573
18197,22680,22681,3,0,0.076162484505771857
18198,22681,22682,4,0,0.23375535369610523
18199,22683,22684,5,0,0.078256970508345278
18200,22684,22685,3,0,0.11445688135147609
18201,22685,22686,2,0,0.28021271971241729
18202,22686,22687,5,1,0.2302425837434868
18203,22687,22688,2,0,0.19343916462211602
18204,22691,22692,1,0,0.155196346575254
18205,22692,22693,2,1,0.1477717291699569
18206,22693,22694,2,0,0.040168376808764991
18207,22694,22695,1,0,0.037423136417064254
18208,22695,22696,5,0,0.042288248794932919
18209,22696,22697,3,0,0.089554390079479143
18210,22698,22699,3,0,0
18211,22699,22700,4,1,0.49015565128261246
18212,22700,22701,4,0,0
18213,22701,22702,1,0,0.15576642080650072
18214,22702,22703,5,0,0.12352441640528183
18215,22703,22704,1,0,0.18801440993502774
18216,22704,22705,3,0,0.035863701362644024
18217,22706,22707,2,0,0.14986730066450371
18218,22707,22708,1,0,0.073900611865324178
18219,22708,22709,5,1,0.24614317362012222
18220,22709,22710,1,0,0.11979628286888037
18221,22713,22714,4,0,0.13869282846930642
18222,22714,22715,5,0,0.2018126352074659
18223,22716,22717,4,0,0.069444462445582278
18224,22717,22718,5,0,0.41984357530432287
18225,22718,22719,1,0,0.079323764902180072
18226,22719,22720,5,0,0
18227,22720,22721,5,0,0.1533917191833451
18228,22721,22722,5,0,0.085823008065084541
18229,22722,22723,4,0,0.16477396968970673
18230,22723,22724,5,0,0.10895849723916078
18231,22724,22725,2,0,0.88253780359927003
18232,22725,22726,1,0,0.19346956517464764
18233,22726,22727,4,0,0
18234,22727,22728,2,1,0.047743678113246632
18235,22728,22729,4,0,0.069431134177351389
18236,22730,22731,3,0,0.23087803743548599
18237,22731,22732,4,0,0.042661565785576498
18238,22732,22733,5,0,0.036958582159121706
18239,22733,22734,4,0,0.37270508735662128
18240,22734,22735,3,0,0.03972020647208635
18241,22735,22736,4,0,0.12207274866517256
18242,22736,22737,3,0,0.16023236854920248
18243,22737,22738,1,0,0.15663704923369218
18244,22739,22740,5,0,0.038566400131372025
18245,22740,22741,4,1,0.10759603627690094
18246,22741,22742,4,0,0.10336138861508416
18247,22742,22743,5,0,0
18248,22743,22744,1,0,0.20023591978507815
18249,22744,22745,2,1,0.13420339116299762
18250,22745,22746,3,0,0
18251,22746,22747,4,0,0.24433666821839717
18252,22748,22749,3,0,0.1578583752167998
18253,22749,22750,1,0,0
18254,22750,22751,4,1,0.037819731678803988
18255,22751,22752,1,0,0.044975409910198841
18256,22754,22755,1,0,0.28503104690198244
18257,22756,22757,4,0,0.1923223682278738
18258,22758,22759,5,0,0.051203841170828497
18259,22760,22761,3,0,0.097198068311677793
18260,22761,22762,1,0,0.1560666867636927
18261,22762,22763,5,0,0.037196236903084559
18262,22764,22765,4,0,0.27473131932110884
18263,22765,22766,3,1,0.2025441230317426
18264,22766,22767,4,0,0.11576997180946148
18265,22769,22770,1,0,0.12757498506885231
18266,22770,22771,3,0,0.11746084864341384
18267,22771,22772,1,0,0.090976191297749226
18268,22772,22773,4,1,0.27964623117141746
18269,22773,22774,4,1,0.17836615846641979
18270,22774,22775,4,0,0.11318410621233001
18271,22775,22776,5,0,0.039319922435844923
18272,22777,22778,4,0,0.078950650306635964
18273,22781,22782,4,0,0.044416314948328907
18274,22782,22783,4,0,0.12180778311904708
18275,22783,22784,1,0,0.080387905372526866
18276,22784,22785,4,0,0
18277,22785,22786,3,1,0.27530177763443292
18278,22786,22787,2,1,0.44358022813397308
18279,22787,22788,2,0,0
18280,22788,22789,1,0,0.57965347709674386
18281,22791,22792,2,1,0.64924275120564323
18282,22793,22794,2,0,0.080576146135200158
18283,22794,22795,2,0,0.12452281263262083
18284,22795,22796,4,1,0
18285,22796,22797,5,0,0
18286,22797,22798,3,0,0.16088254754060211
18287,22798,22799,5,0,0.11030200382812698
18288,22799,22800,3,0,0.12603219678588037
18289,22800,22801,5,0,0.039580623852763487
18290,22802,22803,3,0,0.11811744382256452
18291,22804,22805,4,0,0.07529654722320496
18292,22805,22806,1,1,0.47592754651470542
18293,22806,22807,2,0,0
18294,22807,22808,2,0,0.11596504227413656
18295,22808,22809,4,0,0.03189509126272342
18296,22809,22810,4,0,0.15969743774592493
18297,22810,22811,4,0,0.039518335846239268
18298,22811,22812,4,0,0.39237119557723771
18299,22812,22813,3,0,0.71677626532634298
18300,22813,22814,5,0,0.07506700545877068
18301,22814,22815,3,0,0.27492712033518579
18302,22815,22816,1,1,0.19409155293071337
18303,22816,22817,3,0,0.078951727738436242
18304,22817,22818,4,0,0
18305,22818,22819,2,0,0.14584365724420473
18306,22821,22822,1,0,0.038323061407491595
18307,22823,22824,5,0,0.086149730977579164
18308,22824,22825,2,0,0
18309,22825,22826,2,1,0.1294765540548759
18310,22827,22828,2,0,0.040273059268932529
18311,22828,22829,4,0,0.14144962438175537
18312,22829,22830,1,0,0
18313,22830,22831,1,1,0.6899624624250158
18314,22831,22832,4,1,0.76241661988930098
18315,22832,22833,2,0,0.076528746293401978
18316,22834,22835,1,0,0.082806588757970714
18317,22835,22836,1,0,0.11892500920335908
18318,22836,22837,5,1,0.1569265236850067
18319,22837,22838,3,0,0.11345370214380948
18320,22838,22839,4,0,0.19996167425946548
18321,22839,22840,5,0,0.1008789754982571
18322,22840,22841,2,0,0.18682163234700386
18323,22842,22843,2,1,0.25703848476285035
18324,22843,22844,3,1,0.13208844136177902
18325,22844,22845,1,0,0.20523425014173807
18326,22845,22846,3,0,0.075110799943813339
18327,22846,22847,1,0,0.096833645810065622
18328,22847,22848,5,0,0.033633252109650076
18329,22848,22849,1,1,0.077780528272647156
18330,22849,22850,4,0,0.053255466812060719
18331,22850,22851,1,0,0.28802813860628879
18332,22852,22853,2,0,0.37834086243816839
18333,22853,22854,2,0,0.16769584888422209
18334,22854,22855,2,0,0.19470232267280782
18335,22855,22856,4,1,0.34922233640939176
18336,22856,22857,5,0,0.11415039571513377
18337,22857,22858,3,0,0.040379931803119509
18338,22858,22859,1,1,0.43453443113737106
18339,22859,22860,2,0,0.12189613182813441
18340,22860,22861,1,1,0.3398989512482028
18341,22861,22862,3,0,0.171652432383162
18342,22863,22864,4,0,0
18343,22864,22865,4,0,0.12399318384590424
18344,22865,22866,3,0,0.077024894729052273
18345,22867,22868,5,0,0.063797299173496885
18346,22868,22869,3,0,0.22694014401575444
18347,22869,22870,2,0,0.37084835156459878
18348,22870,22871,5,0,0.14773358606795148
18349,22871,22872,4,1,0.60047173588641523
18350,22872,22873,4,0,0.074935177008431747
18351,22874,22875,5,0,0.11576831054741828
18352,22876,22877,5,0,0.2155989529940508
18353,22877,22878,1,0,0.066782350011459976
18354,22878,22879,2,1,0.63900959773568289
18355,22879,22880,1,0,0.084145606932929551
18356,22883,22884,3,0,0.077150237766383994
18357,22884,22885,5,1,0.23453776078196309
18358,22885,22886,3,0,0
18359,22886,22887,3,0,0.16212761239780665
18360,22887,22888,3,0,0.080034387130405282
18361,22889,22890,2,0,0.076616764226390535
18362,22890,22891,2,0,0.22589797766909939
18363,22891,22892,1,0,0.039346317799938586
18364,22892,22893,5,0,0.036723589467715763
18365,22895,22896,1,0,0.44187319969181582
18366,22896,22897,2,0,0.079680028974535355
18367,22898,22899,5,0,0.075292380384951132
18368,22899,22900,4,0,0.33612714327700038
18369,22901,22902,1,0,0.46634714873257815
18370,22902,22903,5,0,0.087519883623523864
18371,22903,22904,1,0,0.058790429572154766
18372,22905,22906,5,0,0.074108486055280601
18373,22906,22907,2,0,0.083793074615968022
18374,22907,22908,4,0,0.036200200860834912
18375,22908,22909,2,0,0.17163917031493764
18376,22909,22910,1,0,0.033591089833108261
18377,22910,22911,4,1,0.12506800486911546
18378,22911,22912,2,0,0.076402247508249602
18379,22912,22913,3,0,0.13768149714863534
18380,22915,22916,3,0,0.10659427778692009
18381,22916,22917,1,0,0.11641243901157725
18382,22917,22918,5,0,0
18383,22918,22919,2,0,0.037797357228476387
18384,22919,22920,3,0,0.04065759072715016
18385,22920,22921,1,0,0.15527739776257179
18386,22921,22922,3,1,0.29016762660229256
18387,22922,22923,5,0,0
18388,22923,22924,4,0,0.050908228329045832
18389,22924,22925,5,0,0.086281369523673546
18390,22925,22926,3,0,0.039639472908222215
18391,22926,22927,2,0,0.12252847239161155
18392,22928,22929,3,0,0.076499399744364274
18393,22929,22930,5,0,0.11474226164323052
18394,22931,22932,1,0,0.076247880311879623
18395,22932,22933,1,0,0.18338879745717659
18396,22933,22934,4,0,0.042362797301781538
18397,22934,22935,2,0,0.15366343268157617
18398,22935,22936,5,0,0.18134097808520719
18399,22941,22942,2,0,0.040385421651896687
18400,22942,22943,2,0,0.086051284878710499
18401,22943,22944,2,0,0.036544964268752249
18402,22945,22946,1,0,0.08106895810257074
18403,22946,22947,1,1,0.12137055663810625
18404,22947,22948,2,0,0
18405,22948,22949,4,1,0.15242098904866913
18406,22949,22950,4,0,0.16749173074936857
18407,22950,22951,4,1,0.093990392828779884
18408,22951,22952,5,0,0.038529657543664018
18409,22952,22953,4,0,0
18410,22953,22954,4,0,0.43750212344285261
18411,22954,22955,1,0,0.045453248956852474
18412,22955,22956,2,0,0.081341756210835045
18413,22956,22957,4,0,0.073914259989741146
18414,22957,22958,2,0,0.14384328515854888
18415,22958,22959,1,0,0.039931242832693031
18416,22959,22960,5,0,0.067572610177399406
18417,22960,22961,4,0,0.15215007869496189
18418,22961,22962,5,0,0.24119645900231226
18419,22962,22963,3,0,0.1485645527563485
18420,22963,22964,5,0,0.35998432187095092
18421,22964,22965,3,0,0.036552098834030662
18422,22965,22966,2,0,0.11848722306512438
18423,22966,22967,2,0,0.086718701421564529
18424,22967,22968,1,1,0.091968014201443252
18425,22968,22969,5,0,0.23640273502740042
18426,22969,22970,2,0,0.03535941192609917
18427,22970,22971,4,0,0.037641779383119571
18428,22971,22972,1,0,0.069820756612014034
18429,22972,22973,3,1,0.15347962695159151
18430,22973,22974,5,1,0.29495336348014767
18431,22974,22975,5,0,0.11034621768277457
18432,22975,22976,3,0,0.17279720002136864
18433,22976,22977,2,0,0
18434,22977,22978,2,0,0.075955120715809898
18435,22978,22979,3,1,0.44576231176889075
18436,22980,22981,2,0,0.036068686857185055
18437,22981,22982,3,0,0.043220263810840084
18438,22982,22983,2,0,0.069364826218545825
18439,22983,22984,4,0,0.038344133886068929
18440,22984,22985,1,0,0.11902752520248719
18441,22985,22986,5,0,0
18442,22986,22987,5,0,0.041802899516965863
18443,22987,22988,1,0,0
18444,22989,22990,2,0,0.22116379920452445
18445,22990,22991,3,0,0.27008988416239132
18446,22991,22992,4,0,0.036879815041818496
18447,22992,22993,4,0,0.20316788150639309
18448,22993,22994,3,0,0.84288185711766161
18449,22994,22995,4,0,0.092260345032355667
18450,22995,22996,1,0,0.038627370675449586
18451,22998,22999,1,0,0.23504791642637352
18452,23000,23001,4,1,0.24796693557553401
18453,23001,23002,2,0,0.22895159118772984
18454,23002,23003,2,0,0.12498206101149185
18455,23003,23004,5,0,0.11153250714688942
18456,23004,23005,4,0,0.31303891353714497
18457,23006,23007,2,0,0.087693003542012121
18458,23008,23009,2,1,0.03879127826590234
18459,23010,23011,1,1,0.032667620357875481
18460,23011,23012,2,0,0.15173468928186273
18461,23012,23013,1,0,0.080687628114643542
18462,23013,23014,4,0,0.02928807164442989
18463,23014,23015,1,0,0.075635306530751012
18464,23015,23016,5,0,0.05138356766593577
18465,23017,23018,3,0,0.08085651644253998
18466,23018,23019,5,0,0.12502158785289738
18467,23019,23020,5,1,0.20808855061031822
18468,23020,23021,5,0,0.040055556619384307
18469,23021,23022,1,0,0.21094737794601676
18470,23023,23024,2,1,0.81125560897864513
18471,23025,23026,5,0,0.03925236453910623
18472,23026,23027,4,0,0.15584004261507844
18473,23027,23028,5,0,0.11678273178350387
18474,23028,23029,2,0,0.070524945962422744
18475,23030,23031,3,1,0.7777120135973431
18476,23031,23032,2,0,0.32615160460342085
18477,23032,23033,1,0,0.10911385043155489
18478,23033,23034,2,0,0.29907303740466346
18479,23034,23035,2,0,0.19794571646011799
18480,23035,23036,4,0,0.18061270226491649
18481,23036,23037,2,0,0.039386403195174099
18482,23037,23038,5,0,0.45251258320250942
18483,23040,23041,2,0,0
18484,23042,23043,2,0,0.042173043571816955
18485,23045,23046,2,0,0.064691243439825921
18486,23046,23047,1,0,0.08670077260354038
18487,23047,23048,4,0,0.22819063774807488
18488,23048,23049,2,0,0.20736096590997324
18489,23049,23050,1,1,0.16183925439707841
18490,23050,23051,5,0,0.046784371289306341
18491,23052,23053,3,1,0.19029228222641506
18492,23053,23054,5,0,0.035122023096415475
18493,23054,23055,3,0,0.25390638037193436
18494,23055,23056,2,0,0.11544991066305654
18495,23056,23057,5,1,0.07492503861770751
18496,23057,23058,5,0,0
18497,23058,23059,4,0,0.17008784421133538
18498,23059,23060,5,1,0.16481315495393842
18499,23060,23061,5,0,0.18073788659493997
18500,23061,23062,1,1,0.15292736807200344
18501,23062,23063,3,0,0.14419175878599982
18502,23063,23064,5,0,0.043336491255792642
18503,23064,23065,5,0,0.13928010266797844
18504,23065,23066,2,1,0.6471967571750683
18505,23066,23067,1,0,0.043529731558318616
18506,23068,23069,4,0,0.14387285246731077
18507,23071,23072,2,0,0.05633862376396731
18508,23072,23073,4,0,0.12084939051035742
18509,23073,23074,3,1,0.20031881445096225
18510,23074,23075,1,0,0.036243060299782491
18511,23075,23076,2,0,0.099454837972977328
18512,23076,23077,2,0,0
18513,23077,23078,3,0,0.13079487107911555
18514,23080,23081,2,0,0.26888966995816693
18515,23081,23082,1,0,0.035966226109504208
18516,23082,23083,1,1,0.44538678663213921
18517,23083,23084,1,0,0.032883127095165388
18518,23084,23085,5,0,0.078734235956499254
18519,23085,23086,4,0,0.03497080764345549
18520,23086,23087,4,0,0.15963172786323215
18521,23087,23088,4,1,0.67741582565286096
18522,23088,23089,1,1,0.1505170831267606
18523,23089,23090,1,0,0.30264436644950771
18524,23090,23091,5,1,0.11689971835771802
18525,23091,23092,2,0,0.19027042800510627
18526,23093,23094,4,1,0.24710204270175365
18527,23094,23095,1,1,0.043408121606183986
18528,23095,23096,2,0,0.040420004553543241
18529,23096,23097,3,0,0.14944481310697844
18530,23097,23098,5,0,0
18531,23099,23100,4,1,0.71295807812103795
18532,23100,23101,5,0,0.21288490856033376
18533,23101,23102,2,0,0.1165187424132403
18534,23102,23103,1,0,0.1356787119060289
18535,23103,23104,1,1,0.18648913539511167
18536,23105,23106,5,0,0.12151902301660819
18537,23106,23107,2,0,0.034333069857274023
18538,23110,23111,1,0,0.12498060403811424
18539,23111,23112,5,1,0.42734289764089417
18540,23113,23114,3,0,0.095204839071001912
18541,23114,23115,2,0,0.03380904278515192
18542,23116,23117,3,0,0.066656470523046102
18543,23117,23118,1,0,0.076296922081607363
18544,23118,23119,5,1,0.47627498420225228
18545,23119,23120,1,0,0
18546,23120,23121,4,0,0.082894971291031364
18547,23121,23122,1,0,0.24674423102900389
18548,23123,23124,1,0,0.10784003317132212
18549,23124,23125,4,1,0.16203405526490613
18550,23126,23127,2,0,0.036602311619654951
18551,23128,23129,5,0,0.22318172407728379
18552,23129,23130,1,0,0.19879963818072205
18553,23130,23131,3,0,0.37409868052826739
18554,23131,23132,4,0,0.20348202981364069
18555,23132,23133,3,0,0
18556,23134,23135,1,0,0.20011171232329164
18557,23135,23136,4,0,0.43401638906799095
18558,23137,23138,4,1,0.084686115203616477
18559,23138,23139,2,0,0.20172766859749697
18560,23139,23140,5,0,0.27202831439428277
18561,23140,23141,3,0,0.16410237718907908
18562,23141,23142,5,1,0.094627204649669297
18563,23142,23143,1,0,0.15287782762083715
18564,23143,23144,2,0,0.1152210624416819
18565,23144,23145,4,0,0.16866720947283226
18566,23146,23147,1,0,0.07964007302537833
18567,23147,23148,1,0,0
18568,23148,23149,3,1,0
18569,23149,23150,4,0,0.19601877254071451
18570,23150,23151,5,0,0.14967716278379653
18571,23151,23152,1,0,0.14006394906068922
18572,23152,23153,1,0,0.14558106082881617
18573,23153,23154,5,0,0.079814546585291496
18574,23154,23155,1,0,0.15283949624128457
18575,23155,23156,5,0,0.45707966185371462
18576,23156,23157,2,1,0.75049904883383323
18577,23157,23158,1,0,0.12028987705474124
18578,23158,23159,5,0,0.59511978400969745
18579,23160,23161,4,0,0.20762152005651949
18580,23161,23162,4,0,0.030212840055006608
18581,23162,23163,2,0,0.036792145134404007
18582,23165,23166,5,1,0.31601926590739821
18583,23166,23167,5,1,0.54044128171270134
18584,23167,23168,5,0,0.11238730094237782
18585,23168,23169,4,0,0.072331614530906377
18586,23170,23171,1,0,0.26667449972049256
18587,23171,23172,2,0,0.076092523192835632
18588,23173,23174,2,0,0.11728380714838164
18589,23174,23175,1,0,0.034725347698391279
18590,23175,23176,1,0,0.039779816699516447
18591,23176,23177,2,0,0.037616719566586902
18592,23177,23178,4,0,0.1550044469448085
18593,23178,23179,1,0,0.27766490558553708
18594,23179,23180,5,0,0.19287457063775915
18595,23180,23181,1,0,0.073494863166600435
18596,23181,23182,3,0,0.034215704368440063
18597,23182,23183,1,0,0.071510900308297931
18598,23184,23185,3,0,0.034273570902388743
18599,23185,23186,2,0,0
18600,23187,23188,5,0,0.15730675843053307
18601,23188,23189,5,0,0.33882379568204335
18602,23189,23190,5,0,0.033086356971023627
18603,23190,23191,2,0,0.053966042519161525
18604,23191,23192,3,0,0
18605,23192,23193,4,1,0.21912116048124164
18606,23193,23194,5,0,0.06585912453249182
18607,23194,23195,4,0,0
18608,23195,23196,4,0,0.39582411802337392
18609,23196,23197,3,0,0
18610,23197,23198,4,0,0.084994024137100901
18611,23198,23199,4,0,0
18612,23199,23200,1,0,0.21066071152865187
18613,23200,23201,5,0,0.077556364140820691
18614,23202,23203,5,0,0.06402713115884863
18615,23203,23204,4,0,0.11888071571214764
18616,23204,23205,3,0,0.07929708371410002
18617,23206,23207,3,0,0.13497125516238548
18618,23207,23208,3,0,0.038183354649979039
18619,23208,23209,4,0,0.075983539725932331
18620,23209,23210,5,0,0.20983849202106247
18621,23210,23211,4,0,0.66671675327055491
18622,23211,23212,3,0,0.19385657546490317
18623,23212,23213,2,0,0
18624,23214,23215,2,0,0.27180872807781825
18625,23215,23216,1,1,0.6865061075283122
18626,23216,23217,2,0,0.11735593342763494
18627,23217,23218,4,0,0.12342711679489859
18628,23218,23219,3,0,0.12159225175903607
18629,23219,23220,2,0,0.17211320819186965
18630,23220,23221,4,0,0.31574843714278861
18631,23221,23222,5,0,0.032980432288848414
18632,23222,23223,2,0,0.17981813578098071
18633,23223,23224,5,0,0.070995436411658286
18634,23224,23225,5,0,0.038683284082173232
18635,23225,23226,1,1,0.084393477243566481
18636,23226,23227,5,0,0.072891536539346394
18637,23227,23228,4,0,0.1320005984547562
18638,23228,23229,3,0,0.31360512049560163
18639,23229,23230,2,0,0.034943070753978282
18640,23230,23231,3,0,0.075570328188659011
18641,23231,23232,4,0,0.034528113877119737
18642,23233,23234,5,0,0.65071901606138882
18643,23234,23235,5,0,0.079857940101472291
18644,23235,23236,4,1,0
18645,23237,23238,1,0,0.11502495859285683
18646,23239,23240,2,1,0.2783288960563941
18647,23241,23242,3,0,0.24366069907134813
18648,23242,23243,1,0,0.041340245729356885
18649,23245,23246,4,0,0.069791235888719688
18650,23246,23247,2,0,0.40034784466329371
18651,23247,23248,5,0,0.036300956669618391
18652,23248,23249,2,0,0.078615988279358798
18653,23249,23250,2,0,0.076782085464745853
18654,23252,23253,5,1,0.59363414777192336
18655,23253,23254,4,1,0.22961744494319036
18656,23255,23256,5,0,0.13920741795117603
18657,23256,23257,1,0,0.12156218739055002
18658,23257,23258,4,0,0.038102252856942513
18659,23258,23259,2,0,0.42346502867562874
18660,23260,23261,4,1,0.23577290945630192
18661,23261,23262,3,0,0.27836002522619685
18662,23262,23263,2,0,0.20306928176758943
18663,23263,23264,1,1,0.61570884002158055
18664,23264,23265,1,0,0.15464048991528839
18665,23265,23266,5,0,0.037573621572318514
18666,23266,23267,4,0,0
18667,23267,23268,2,0,0.038519475234196819
18668,23268,23269,3,1,0.18041569415879857
18669,23269,23270,4,0,0.11314928224873494
18670,23271,23272,3,0,0.20013199154740635
18671,23274,23275,5,1,0.12637062065388044
18672,23275,23276,1,0,0.089285371248287573
18673,23277,23278,4,0,0.38765025525695335
18674,23279,23280,2,0,0.07845080356203607
18675,23280,23281,2,0,0.036282155730976443
18676,23281,23282,3,0,0.43766340046364444
18677,23282,23283,5,0,0.13864934654802136
18678,23283,23284,3,0,0.086601109378112009
18679,23285,23286,4,0,0.083514131063458633
18680,23287,23288,3,1,0.20104537457351115
18681,23288,23289,1,0,0.026588393660712886
18682,23290,23291,2,0,0
18683,23291,23292,5,1,0.18609874111177416
18684,23292,23293,4,0,0.16810769412826204
18685,23293,23294,3,1,0.088691580796586317
18686,23294,23295,3,0,0.10293323798927627
18687,23295,23296,1,0,0.079592880701790811
18688,23296,23297,4,1,0.35417585751190878
18689,23297,23298,3,0,0.040435317818186066
18690,23298,23299,2,0,0.1208259190272979
18691,23299,23300,1,0,0.039169931891372016
18692,23302,23303,3,0,0.03855169145451013
18693,23305,23306,4,0,0.25552818332325677
18694,23306,23307,5,0,0.72519321794193825
18695,23309,23310,2,1,0.27368444410141435
18696,23310,23311,1,1,0.41971642191442093
18697,23311,23312,2,0,0
18698,23312,23313,4,0,0.2124039359613773
18699,23313,23314,5,0,0.1888225890861577
18700,23314,23315,4,0,0
18701,23315,23316,5,1,0.76156364304365676
18702,23316,23317,4,0,0.1521183143027689
18703,23317,23318,1,0,0.38085161836378345
18704,23319,23320,4,0,0.12982564723833423
18705,23320,23321,1,0,0.22242777360412358
18706,23321,23322,1,0,0.076840493873049823
18707,23323,23324,1,0,0.39586211856522918
18708,23325,23326,2,0,0.22996333818206441
18709,23326,23327,3,0,0.19983774552187383
18710,23328,23329,5,0,0.12294064582533415
18711,23330,23331,4,0,0.12359390138090282
18712,23331,23332,1,0,0.066582263904163733
18713,23332,23333,4,1,0.0414538551884246
18714,23334,23335,5,1,0.11448587093970189
18715,23335,23336,4,0,0.077957529042252824
18716,23336,23337,2,0,0.047882931152804974
18717,23338,23339,1,0,0.66742195376364677
18718,23340,23341,2,0,0.10933471008005707
18719,23342,23343,5,1,0.42860176732004501
18720,23343,23344,1,1,0.1674992892687282
18721,23344,23345,1,0,0.12255090501529793
18722,23345,23346,4,0,0.044042255351829054
18723,23346,23347,2,0,0.068475822795820387
18724,23347,23348,5,0,0
18725,23348,23349,2,0,0.15320411171075471
18726,23349,23350,3,0,0.35397765904053952
18727,23353,23354,1,1,0.07081159682476619
18728,23354,23355,2,0,0.036604006897578187
18729,23356,23357,5,0,0.042611864073175638
18730,23357,23358,2,1,0.36190023365064833
18731,23358,23359,4,0,0.063394993516145845
18732,23359,23360,3,0,0.84664690382992547
18733,23360,23361,4,0,0.15703211577520682
18734,23361,23362,5,1,0.2752412909092416
18735,23362,23363,4,0,0.15959512532860334
18736,23363,23364,4,0,0.033141096636887593
18737,23364,23365,2,0,0.037323784602051664
18738,23366,23367,3,0,0.15751996309574837
18739,23367,23368,1,0,0.091430733402434017
18740,23368,23369,3,0,0.081707615883351278
18741,23369,23370,2,0,0
18742,23370,23371,5,0,0
18743,23371,23372,2,0,0
18744,23372,23373,2,0,0.038211587026448161
18745,23373,23374,2,1,0.30002245178495235
18746,23374,23375,1,0,0.15608335368016565
18747,23375,23376,1,0,0.068398603418701298
18748,23376,23377,4,0,0.10797167238437431
18749,23377,23378,2,1,0.28745621190575593
18750,23378,23379,3,0,0.20380778765168925
18751,23379,23380,1,0,0.1020823915849845
18752,23380,23381,1,0,0.066353950862153011
18753,23381,23382,1,0,0.074187279613520882
18754,23382,23383,2,0,0.29712748340945444
18755,23384,23385,1,1,0.78993069539661531
18756,23385,23386,1,1,0.31727541312906182
18757,23386,23387,4,0,0.21803730054169862
18758,23389,23390,4,0,0.036704505349465073
18759,23390,23391,4,1,0.26570416352604626
18760,23391,23392,1,0,0.3365737284345372
18761,23392,23393,2,0,0.078164518213039658
18762,23393,23394,3,0,0
18763,23394,23395,4,0,0.16469293797205281
18764,23396,23397,4,0,0.14499703643964021
18765,23397,23398,3,0,0.093087401862135585
18766,23398,23399,4,0,0.28790194658288687
18767,23400,23401,3,0,0.056989524653636069
18768,23401,23402,2,1,0.031602121349260284
18769,23403,23404,3,0,0.082128780002273485
18770,23404,23405,5,0,0.11616600988477319
18771,23405,23406,2,0,0.19927409608151198
18772,23406,23407,1,0,0.24563533584896369
18773,23407,23408,1,0,0.15879386460647729
18774,23408,23409,4,0,0.7176118406619606
18775,23409,23410,1,0,0
18776,23410,23411,2,0,0.18143939185304173
18777,23413,23414,1,1,0.13184963947216088
18778,23414,23415,5,0,0.31605500415386661
18779,23416,23417,4,0,0.095838728031841902
18780,23417,23418,2,1,0.64917083355967709
18781,23418,23419,3,1,0.52042562227363676
18782,23419,23420,4,0,0.078212059930044389
18783,23420,23421,5,1,0.15270951700438765
18784,23422,23423,3,0,0.20079693398331591
18785,23423,23424,1,0,0.094325945744611561
18786,23425,23426,2,0,0.083215163206775994
18787,23426,23427,2,0,0.60771384547129936
18788,23427,23428,4,0,0.27838085004944313
18789,23428,23429,2,0,0.24590014571040525
18790,23429,23430,1,0,0.1662951297704208
18791,23430,23431,5,0,0.12108245843565039
18792,23432,23433,2,0,0.068401210935489745
18793,23435,23436,3,0,0.22152629251226696
18794,23436,23437,3,0,0.24524615342073044
18795,23437,23438,4,0,0.17561804379467766
18796,23438,23439,1,0,0.083633796014491266
18797,23439,23440,2,0,0.11372374796171071
18798,23440,23441,4,0,0.11787066875404828
18799,23441,23442,2,0,0.11095497635049292
18800,23443,23444,4,0,0
18801,23444,23445,3,0,0.18537343332834497
18802,23445,23446,1,0,0.052600424841066196
18803,23446,23447,4,1,0.077472802183918887
18804,23448,23449,1,0,0.11955466488944019
18805,23449,23450,2,0,0.24687600983612101
18806,23450,23451,3,0,0.04047049208577997
18807,23452,23453,1,0,0.11649650771110433
18808,23453,23454,2,0,0.087973343955362479
18809,23454,23455,2,1,0.21372214805315493
18810,23455,23456,1,0,0.14462075292994109
18811,23456,23457,1,0,0.066372849337732173
18812,23458,23459,5,0,0.32320294133880234
18813,23459,23460,2,0,0.14934775291383007
18814,23460,23461,5,1,0.15956723411424145
18815,23462,23463,2,0,0.21429437455761963
18816,23464,23465,3,1,0.39608801554557171
18817,23466,23467,3,0,0.23948862675183635
18818,23469,23470,4,0,0.36296021587062877
18819,23470,23471,2,0,0.4635318330080429
18820,23472,23473,3,0,0
18821,23473,23474,2,0,0.20397819028210529
18822,23474,23475,3,0,0.07254641919227893
18823,23475,23476,3,0,0.098552026753166502
18824,23477,23478,1,1,0.62971331870467373
18825,23478,23479,4,0,0.11984008877116768
18826,23479,23480,2,1,0.099950755263303465
18827,23480,23481,4,0,0.071216429066267559
18828,23481,23482,3,0,0.51790930885264219
18829,23482,23483,2,1,0.087407820997317032
18830,23484,23485,3,0,0.073292413567865089
18831,23486,23487,4,0,0.20182584434731701
18832,23487,23488,1,0,0.073876683078961156
18833,23488,23489,4,0,0.11438425678481759
18834,23489,23490,5,0,0.23513878599422189
18835,23490,23491,5,1,0.24082950608197967
18836,23491,23492,5,0,0.15426921978637997
18837,23492,23493,5,0,0.13798469648790487
18838,23493,23494,2,0,0.072653559530353823
18839,23497,23498,3,0,0.11057368578062213
18840,23498,23499,1,0,0.037655778566271648
18841,23500,23501,2,0,0.32085960163119287
18842,23502,23503,1,0,0.16932612372118377
18843,23503,23504,2,0,0.1448961290392777
18844,23506,23507,1,1,0
18845,23507,23508,2,0,0.071978966680249598
18846,23508,23509,2,0,0.72908717821688096
18847,23510,23511,1,0,0.071029924494520752
18848,23511,23512,3,0,0.11324368791104548
18849,23512,23513,4,0,0.10208844861150938
18850,23514,23515,5,0,0.53848228009493693
18851,23515,23516,3,0,0
18852,23516,23517,4,1,0.1097169239248082
18853,23517,23518,4,0,0.045573325674138798
18854,23519,23520,3,0,0.39711449677461647
18855,23520,23521,2,0,0.24298043298896069
18856,23521,23522,1,0,0.033405306505553421
18857,23522,23523,5,0,0.072748362207003536
18858,23523,23524,3,0,0.28016296677041846
18859,23524,23525,3,0,0.12937456402371386
18860,23525,23526,4,1,0.43838384048936874
18861,23526,23527,3,1,0.39029690822873936
18862,23527,23528,4,0,0.046387806276122649
18863,23529,23530,4,1,0.73188989850089103
18864,23530,23531,1,0,0
18865,23531,23532,2,0,0.12984550686437232
18866,23533,23534,4,0,0.092401859279017701
18867,23534,23535,4,0,0.24237522872110806
18868,23535,23536,1,0,0.18184998996640014
18869,23536,23537,1,0,0
18870,23537,23538,5,0,0.24922555638630264
18871,23539,23540,4,0,0.069211180913118703
18872,23541,23542,3,0,0.048113343885959038
18873,23542,23543,5,0,0.15313742897360721
18874,23543,23544,5,0,0.082070520531252633
18875,23545,23546,3,0,0.11161726775506188
18876,23546,23547,3,0,0.23816073997187201
18877,23547,23548,1,0,0.14529078370722756
18878,23548,23549,4,0,0
18879,23550,23551,2,1,0.11305141297839316
18880,23551,23552,5,0,0.11427611483821251
18881,23552,23553,5,0,0.21574072986585643
18882,23554,23555,5,1,0.077109270760932616
18883,23555,23556,2,0,0.12118454380542409
18884,23556,23557,4,0,0.10895741502416406
18885,23557,23558,5,0,0
18886,23558,23559,2,0,0.038906907112927228
18887,23559,23560,2,0,0
18888,23560,23561,2,0,0.27481964752633992
18889,23561,23562,5,0,0.10945962643667534
18890,23564,23565,4,1,0.65583683454574904
18891,23565,23566,3,0,0.11556884448787909
18892,23566,23567,3,0,0.079703806623001666
18893,23567,23568,4,0,0.17908492090136838
18894,23568,23569,5,0,0.2108376081389389
18895,23570,23571,1,0,0.036909762501429098
18896,23571,23572,2,0,0.18588151305453013
18897,23573,23574,1,0,0.1903402474933143
18898,23574,23575,4,0,0.1619128799484425
18899,23576,23577,1,0,0.074058880920277848
18900,23577,23578,5,0,0.23461877821206745
18901,23578,23579,2,0,0.086519749812692073
18902,23579,23580,2,0,0.15337470053455529
18903,23580,23581,3,0,0.074936243579273004
18904,23581,23582,5,1,0.53268120393590856
18905,23582,23583,2,0,0.19056803661808724
18906,23584,23585,3,1,0.17473040387853306
18907,23585,23586,4,0,0.078400205531665199
18908,23586,23587,3,1,0.082123426194354421
18909,23587,23588,5,0,0.25651938486761361
18910,23588,23589,3,0,0.03923487258614617
18911,23589,23590,1,0,0.078354164265460047
18912,23590,23591,5,0,0.25326689365000993
18913,23591,23592,4,0,0.096624227621430886
18914,23592,23593,2,0,0.43292969715832452
18915,23593,23594,3,0,0.079686056800991001
18916,23594,23595,5,0,0.06576894560504809
18917,23595,23596,1,0,0.21862585060863046
18918,23596,23597,5,0,0.32001957127386743
18919,23598,23599,4,0,0.12159998314726145
18920,23600,23601,2,0,0.11821332247310658
18921,23603,23604,2,0,0.47786915618887255
18922,23604,23605,4,0,0.24080271695505814
18923,23605,23606,4,0,0.2902963684881506
18924,23606,23607,3,0,0.29403481665280812
18925,23608,23609,5,0,0.052554131308026782
18926,23609,23610,3,0,0.090317473445018809
18927,23610,23611,1,0,0.2083309690078898
18928,23611,23612,5,0,0.12667379167197948
18929,23613,23614,2,0,0.2997417684391871
18930,23614,23615,1,0,0.15559305186371167
18931,23615,23616,5,1,0.53805722537245859
18932,23616,23617,5,0,0.15256024800372836
18933,23617,23618,2,1,0.56665232784091069
18934,23618,23619,3,1,0.39218500602576584
18935,23619,23620,1,1,0.079536887087576835
18936,23620,23621,5,0,0.15640486277943516
18937,23621,23622,1,1,0.080110671592013141
18938,23622,23623,4,0,0.28466726194199082
18939,23623,23624,5,1,0.52918897132502485
18940,23624,23625,4,0,0
18941,23625,23626,3,0,0.12040372129260724
18942,23627,23628,3,0,0.046116185000045884
18943,23628,23629,4,0,0.070363073386331507
18944,23630,23631,2,1,0.45479967991688625
18945,23631,23632,4,0,0.14937010230492723
18946,23632,23633,3,0,0.21654601806536955
18947,23633,23634,1,0,0.034001365967111036
18948,23634,23635,3,0,0.12201509301211093
18949,23636,23637,5,0,0.078434732050416289
18950,23637,23638,1,0,0.0340407088612108
18951,23638,23639,1,0,0.15865705262626198
18952,23639,23640,4,0,0.25383440230456517
18953,23640,23641,4,0,0.077941047420611281
18954,23641,23642,4,1,0.39526173023916678
18955,23644,23645,2,0,0.28043255456066685
18956,23645,23646,5,1,0.76415932535696285
18957,23646,23647,2,0,0.22546348048187159
18958,23647,23648,4,0,0.076698472858208591
18959,23648,23649,2,1,0.20878367908103332
18960,23649,23650,3,0,0.60068053177724912
18961,23650,23651,5,0,0.28952509163878448
18962,23651,23652,3,0,0.077220151933715189
18963,23652,23653,5,1,0.23547341312314585
18964,23654,23655,1,1,0.16868073377686274
18965,23655,23656,2,1,0
18966,23657,23658,3,0,0.069408799367254026
18967,23659,23660,5,0,0.069792013824676064
18968,23660,23661,5,0,0.070689197385982616
18969,23661,23662,1,0,0.1336374918039222
18970,23662,23663,4,1,0.85009410544103436
18971,23664,23665,3,1,0.64794227214333311
18972,23665,23666,1,0,0.11680159567140984
18973,23666,23667,4,0,0.24911360198914059
18974,23668,23669,2,0,0.17963487312878945
18975,23669,23670,1,0,0.28097776480290876
18976,23670,23671,2,0,0.22989866984758361
18977,23671,23672,3,0,0.073895101142742878
18978,23672,23673,1,0,0.32941133436378095
18979,23673,23674,5,0,0
18980,23674,23675,1,1,0.31870225038894695
18981,23675,23676,1,0,0.23601594334436293
18982,23676,23677,5,0,0.16408688726077955
18983,23677,23678,3,0,0.14310443021838615
18984,23678,23679,5,0,0.15371373444261585
18985,23679,23680,2,0,0.99999733834341475
18986,23680,23681,1,0,0
18987,23681,23682,2,0,0.045096456313735656
18988,23682,23683,1,0,0.17003655457296152
18989,23684,23685,1,0,0.11168930805253471
18990,23685,23686,4,0,0.084735747307020812
18991,23687,23688,5,1,0.78043562690103996
18992,23688,23689,5,1,0.1294535938145252
18993,23689,23690,4,0,0.39732900655689435
18994,23691,23692,3,1,0.89316737141046609
18995,23693,23694,1,0,0.15350956414235542
18996,23696,23697,3,1,0.40736705318947802
18997,23697,23698,2,0,0.090187174967517991
18998,23698,23699,5,0,0.33684966053107374
18999,23699,23700,3,0,0.23313630756269438
19000,23700,23701,3,0,0.2170190568900095
19001,23701,23702,2,0,0.15994390387289353
19002,23702,23703,1,0,0.15165637427988829
19003,23703,23704,5,0,0.202734895024971
19004,23705,23706,1,0,0.04034592925616301
19005,23706,23707,5,0,0.036947413326476213
19006,23708,23709,3,0,0.22182284639493044
19007,23709,23710,3,0,0.20775041831099234
19008,23710,23711,2,1,0.81091085769303362
19009,23711,23712,3,0,0.2224514350751082
19010,23712,23713,3,0,0.081491568266927744
19011,23713,23714,1,0,0.14900146337251557
19012,23715,23716,1,1,0.72507544507266208
19013,23716,23717,3,0,0.23022081397505381
19014,23717,23718,2,1,0.086194349025362257
19015,23718,23719,3,0,0.073303997481215216
19016,23719,23720,5,0,0.14566006409662197
19017,23720,23721,2,0,0.22109808857170044
19018,23721,23722,4,0,0.19605458324190522
19019,23722,23723,1,0,0.27897384946176046
19020,23723,23724,3,1,0
19021,23724,23725,3,0,0.1476000520970803
19022,23725,23726,1,0,0.040080099786811388
19023,23726,23727,3,0,0.15769258247241777
19024,23728,23729,4,0,0.15341726988495483
19025,23729,23730,2,0,0.039118873953692443
19026,23730,23731,4,0,0.24013567377735426
19027,23731,23732,2,1,0.24262462687983338
19028,23732,23733,4,1,0.25545926128727309
19029,23733,23734,1,0,0.12293795430938187
19030,23734,23735,2,0,0.07771997956931942
19031,23737,23738,5,0,0.04061064900144544
19032,23738,23739,1,0,0.033460324415560294
19033,23739,23740,2,1,0.087159259736524053
19034,23740,23741,5,0,0.16425338691043215
19035,23741,23742,1,1,0.12146172468766653
19036,23742,23743,1,0,0.71893258883088107
19037,23743,23744,5,0,0.27318806748403396
19038,23744,23745,5,0,0.20405148491321148
19039,23745,23746,3,0,0.37014409786881858
19040,23746,23747,2,0,0.20072289351122552
19041,23747,23748,5,1,0.58251780773550321
19042,23749,23750,5,0,0.13798855250855394
19043,23751,23752,3,1,0.46003983247527774
19044,23752,23753,3,1,0.078031029343892
19045,23754,23755,2,0,0.3231275656338462
19046,23755,23756,4,0,0.2687998138695345
19047,23757,23758,4,1,0.04138610114549969
19048,23758,23759,5,0,0.041705881420652922
19049,23760,23761,2,0,0.23201258230438987
19050,23761,23762,5,0,0.070747462837151012
19051,23763,23764,1,0,0.24141451371937914
19052,23764,23765,2,0,0.1340174806631988
19053,23765,23766,5,0,0.09443618575812375
19054,23766,23767,5,0,0.36237282239077639
19055,23768,23769,4,0,0.30652438697457701
19056,23769,23770,2,0,0.12153480363761131
19057,23770,23771,3,0,0.10555452884036777
19058,23772,23773,1,0,0.1211036358868726
19059,23774,23775,3,0,0.15935401207608932
19060,23775,23776,4,0,0.17830193212749917
19061,23777,23778,4,1,0.78672583731101731
19062,23778,23779,4,1,0.54465416192386007
19063,23780,23781,2,0,0.12374634412943479
19064,23781,23782,3,1,0.64297110329932483
19065,23783,23784,3,0,0.30001570196140365
19066,23785,23786,5,0,0.28235244031809853
19067,23786,23787,4,1,0.39729446589430539
19068,23787,23788,2,0,0.31311709614874689
19069,23788,23789,3,0,0.37421331409185132
19070,23790,23791,1,0,0.17324307409537074
19071,23791,23792,2,1,0.62729098629707281
19072,23792,23793,3,0,0.22357057867951574
19073,23793,23794,2,0,0.37258158026624144
19074,23794,23795,5,0,0.24246508015237234
19075,23795,23796,1,0,0
19076,23796,23797,4,0,0.072815361097476633
19077,23797,23798,2,0,0.12336509007681933
19078,23798,23799,3,1,0.20612460280523881
19079,23799,23800,1,0,0.035949453170507857
19080,23800,23801,5,0,0.27637778867164925
19081,23801,23802,1,0,0.15615116316996308
19082,23802,23803,3,1,0.48688024185982082
19083,23803,23804,3,0,0.15828895342212346
19084,23804,23805,5,0,0.15414089912954074
19085,23805,23806,5,0,0.10517440084472018
19086,23806,23807,5,0,0.22587560578510021
19087,23807,23808,5,0,0.036475638578789119
19088,23809,23810,5,0,0.20938126039859004
19089,23810,23811,5,0,0.078356651006606881
19090,23811,23812,2,1,0.64266334418030868
19091,23812,23813,4,0,0.075452285548758893
19092,23813,23814,5,0,0.073182457809215756
19093,23814,23815,2,0,0.14092938209963488
19094,23815,23816,2,0,0.15291162501574454
19095,23816,23817,3,0,0.0376215411800132
19096,23818,23819,5,1,0.15033806742583031
19097,23819,23820,2,0,0.15190901704768842
19098,23820,23821,1,0,0.21043559140890325
19099,23821,23822,5,1,0.65051733662410582
19100,23823,23824,4,0,0.15691410433162403
19101,23825,23826,1,0,0.40833059605096544
19102,23826,23827,3,0,0.10179625286806371
19103,23828,23829,5,0,0.19313845572013438
19104,23830,23831,4,0,0.17513604333958696
19105,23831,23832,3,0,0.074298712483905446
19106,23832,23833,5,0,0.073573759245381259
19107,23833,23834,3,0,0.75325742970788867
19108,23834,23835,1,0,0.16873775407400807
19109,23835,23836,5,0,0.34969837919329394
19110,23836,23837,5,0,0.28909096510487614
19111,23837,23838,3,0,0.11544395930464914
19112,23838,23839,2,1,0.068772624402429289
19113,23839,23840,1,0,0.2248166242052751
19114,23840,23841,4,0,0.092312049806673208
19115,23841,23842,3,0,0.1763372220987823
19116,23842,23843,5,1,0.11389620942789618
19117,23843,23844,1,0,0.028427205177173814
19118,23844,23845,4,0,0.37852550661707363
19119,23845,23846,1,0,0.36297044071154616
19120,23847,23848,5,0,0.26712097207843083
19121,23848,23849,3,0,0.2686610389195172
19122,23849,23850,4,0,0.53646153883149494
19123,23850,23851,4,0,0.19990354557687173
19124,23852,23853,2,1,0.80660600884542466
19125,23853,23854,3,0,0.11199225423963184
19126,23854,23855,5,0,0.11322649762616233
19127,23855,23856,2,0,0.12751216511964639
19128,23856,23857,4,1,0.79085202714869218
19129,23857,23858,5,0,0.5213561416021959
19130,23859,23860,5,0,0
19131,23860,23861,4,0,0.072030489685249346
19132,23861,23862,5,0,0.040610154179973795
19133,23862,23863,5,0,0.33159498194924431
19134,23863,23864,5,1,0.69509686945572846
19135,23864,23865,4,0,0.5446842957020217
19136,23865,23866,4,1,0.56924874743401987
19137,23867,23868,1,0,0.077341606716357453
19138,23868,23869,4,0,0.20634092643279756
19139,23869,23870,5,0,0.29213038154534188
19140,23870,23871,3,0,0.077533231761445373
19141,23872,23873,2,0,0.03368028358247175
19142,23873,23874,1,0,0.081591709600964971
19143,23874,23875,2,1,0.17455941935073388
19144,23875,23876,2,0,0.033617882388453625
19145,23876,23877,5,0,0.30516120643426026
19146,23877,23878,3,0,1.7163964978053251e-06
19147,23878,23879,4,0,0.15400483869944903
19148,23880,23881,4,0,0.13426746239919585
19149,23881,23882,4,0,0.037721082253213377
19150,23882,23883,4,0,0.034173609050944014
19151,23883,23884,1,0,0.37666645166199775
19152,23884,23885,1,1,0.033491400318437045
19153,23885,23886,4,1,0.13851866633814314
19154,23887,23888,2,0,0.15661313817098652
19155,23888,23889,5,0,0.15109379968280201
19156,23890,23891,1,0,0.23562962840229634
19157,23891,23892,2,0,0.39344383983157361
19158,23892,23893,5,0,0.073875808210555366
19159,23897,23898,2,0,0.11482914410118293
19160,23898,23899,2,1,0.48360943739347417
19161,23899,23900,1,1,0.59946915522177258
19162,23900,23901,3,0,0.16584036252798229
19163,23901,23902,4,0,0.078823672002825002
19164,23902,23903,1,0,0.21555815202375805
19165,23903,23904,3,0,0.38039117804004785
19166,23904,23905,4,1,0.47886628135236858
19167,23905,23906,5,0,0.23901128257192963
19168,23906,23907,4,0,0.098288080211463374
19169,23908,23909,4,0,0.162437328442054
19170,23910,23911,4,1,0
19171,23912,23913,5,0,0.15326726987290765
19172,23913,23914,2,0,0.25457040570061507
19173,23914,23915,4,0,0.16284135632840901
19174,23915,23916,3,0,0.15523685361195078
19175,23916,23917,1,0,0
19176,23917,23918,3,0,0.08555212228677482
19177,23918,23919,4,1,0.50831390834113344
19178,23919,23920,5,0,0.50991651510373304
19179,23920,23921,3,1,0.16651030807855013
19180,23922,23923,4,0,0.13539411192138104
19181,23923,23924,4,0,0.41281282721186452
19182,23924,23925,4,0,0.079361307957051458
19183,23925,23926,4,0,0.085178491373581772
19184,23926,23927,3,0,0.61225568889473836
19185,23927,23928,5,0,0.1061496267849311
19186,23928,23929,3,0,0.11686744453041382
19187,23929,23930,3,0,0.20870251278686133
19188,23930,23931,4,0,0.070222027714976348
19189,23932,23933,1,0,0.27064061346919371
19190,23933,23934,3,0,0.19725973612299311
19191,23934,23935,3,1,0.57869761766318117
19192,23935,23936,3,0,0.11801567152542189
19193,23936,23937,4,0,0.79973352123730657
19194,23938,23939,1,1,0.6586623562174988
19195,23940,23941,5,0,0.11755439817389994
19196,23941,23942,4,0,0.15647538151412074
19197,23942,23943,3,0,0.18726608392126629
19198,23943,23944,5,0,0.51985732200325163
19199,23944,23945,5,0,0.088690169745012939
19200,23945,23946,5,0,0.119424972318463
19201,23946,23947,3,0,0.072940853995759114
19202,23949,23950,1,1,0.74942727920879948
19203,23951,23952,3,0,0.19324684566818998
19204,23952,23953,1,1,0.27322313065707704
19205,23953,23954,5,1,0.24001098872343893
19206,23955,23956,2,0,0.20634303465153897
19207,23956,23957,4,0,0
19208,23957,23958,2,0,0.23764894622414476
19209,23958,23959,2,0,0.36342878316313471
19210,23959,23960,5,0,0.35863264515582488
19211,23960,23961,1,0,0.35842086380200744
19212,23961,23962,1,1,0.11870607569703524
19213,23962,23963,5,0,0
19214,23963,23964,4,1,0.19139989240778416
19215,23964,23965,2,0,0.44986665779643398
19216,23965,23966,4,0,0.11270885642142253
19217,23966,23967,3,1,0.24344507103307389
19218,23968,23969,5,1,0.40307518333747988
19219,23969,23970,5,0,0.11594314299906887
19220,23970,23971,1,0,0.12839953147385552
19221,23971,23972,2,0,0.1086224223915131
19222,23972,23973,4,0,0.11395841140291467
19223,23974,23975,5,0,0.087465931846306799
19224,23975,23976,4,0,0.089874450797184605
19225,23976,23977,4,0,0.15156674591776637
19226,23977,23978,1,0,0
19227,23978,23979,4,0,0.31997851314499659
19228,23979,23980,2,1,0.62334069047827934
19229,23980,23981,2,0,0.15107257377071814
19230,23981,23982,4,0,0.18510747462101074
19231,23982,23983,4,0,0.11441977589952704
19232,23983,23984,3,0,0.21108681045859415
19233,23984,23985,5,0,0
19234,23986,23987,3,0,0.39880772464806252
19235,23987,23988,5,0,0.092163263312651247
19236,23989,23990,5,0,0.079907212194975138
19237,23990,23991,4,0,0.21203717476551948
19238,23991,23992,3,0,0.067693509104111885
19239,23992,23993,2,0,0.15101035481138317
19240,23994,23995,1,0,0.048616483513470192
19241,23996,23997,5,0,0.19527088335600437
19242,23997,23998,1,0,0.35881794518558163
19243,23998,23999,4,0,0.11147714128415037
19244,23999,24000,5,1,0.1300561451476292
19245,24000,24001,1,0,0.56486377950592392
19246,24001,24002,5,1,0.14310886414880053
19247,24003,24004,2,0,0.72154990842273559
19248,24004,24005,3,0,0.18126732435210441
19249,24005,24006,2,0,0.12757437655397838
19250,24006,24007,1,0,0.23728244457822617
19251,24007,24008,2,0,0.11879518811012474
19252,24008,24009,2,0,0.22097833866886765
19253,24009,24010,3,0,0.19050867443656722
19254,24011,24012,5,1,0.52806959679615995
19255,24013,24014,4,1,0.54152332124779567
19256,24014,24015,5,0,0.14636007202903939
19257,24015,24016,1,0,0.13823256287369115
19258,24018,24019,4,0,0
19259,24019,24020,1,0,0.16140289095344884
19260,24020,24021,4,1,0.21031450201450697
19261,24021,24022,3,0,0.43826082591541154
19262,24022,24023,4,0,0.59640269723677886
19263,24023,24024,5,0,0
19264,24024,24025,1,1,0.29681084886488113
19265,24025,24026,3,1,0.79337918938027241
19266,24027,24028,1,0,0.31680262112904811
19267,24028,24029,5,0,0.15525613522201109
19268,24029,24030,5,1,0.17470380705513103
19269,24030,24031,2,0,0.088794257844959312
19270,24031,24032,2,0,0.18500232308959694
19271,24033,24034,2,0,0.1424178388414557
19272,24034,24035,1,1,0.55094508767358075
19273,24035,24036,5,0,0.42852096987319482
19274,24036,24037,4,0,0
19275,24037,24038,2,0,0.12138624521067347
19276,24038,24039,3,1,0.79797275970157389
19277,24039,24040,4,1,0.63635503042546138
19278,24041,24042,5,1,0.64616146724227219
19279,24042,24043,1,0,0.28169778673326507
19280,24043,24044,3,0,0.11216970636648048
19281,24044,24045,3,0,0.30924001678799801
19282,24045,24046,4,0,0.22440114720862761
19283,24047,24048,5,0,0.23943153061154621
19284,24048,24049,1,0,0.18696942944297931
19285,24049,24050,4,0,0.034261872360849412
19286,24050,24051,1,0,0
19287,24051,24052,2,0,0.19020033739749329
19288,24052,24053,5,0,0.11803459270218837
19289,24053,24054,4,0,0.076892404899340974
19290,24054,24055,1,0,0.11815227428112236
19291,24055,24056,4,0,0.50602528609335162
19292,24056,24057,1,1,0.60875159543300794
19293,24057,24058,3,0,0.11847567698639713
19294,24058,24059,4,0,0.039620715120293394
19295,24059,24060,1,0,0.13374465439528327
19296,24060,24061,3,0,0.12247714495970634
19297,24063,24064,1,0,0.075379899518291757
19298,24064,24065,1,0,0.12249191980533057
19299,24066,24067,1,0,0.071867257300233314
19300,24067,24068,1,0,0.083751951239776995
19301,24068,24069,1,0,0.15905590803793154
19302,24069,24070,2,0,0.15602521898081811
19303,24070,24071,3,0,0.092801728093850136
19304,24071,24072,3,0,0.2019104926878339
19305,24072,24073,1,0,0.21504544102963882
19306,24074,24075,5,0,0.22350437867013415
19307,24076,24077,5,0,0.22559004327822682
19308,24078,24079,5,0,0.036865885694949085
19309,24079,24080,1,0,0.062462591974091007
19310,24080,24081,4,0,0.17388500439968618
19311,24081,24082,1,0,0.28901801722744147
19312,24082,24083,5,0,0.5366082691875157
19313,24083,24084,3,0,0.12280970640036033
19314,24084,24085,5,0,0.037038844780950486
19315,24085,24086,5,0,0.082785116432310429
19316,24086,24087,1,0,0.14606389277425755
19317,24087,24088,5,0,0.224631857584316
19318,24088,24089,1,0,0.18907940906615503
19319,24089,24090,4,0,0.11754036762236032
19320,24091,24092,4,0,0.076350667442354636
19321,24093,24094,4,1,0.1863730811633551
19322,24094,24095,5,0,0.10044921316356921
19323,24097,24098,3,0,0.13483644114394727
19324,24099,24100,3,0,0.076164865711263435
19325,24100,24101,4,1,0.097245588238410466
19326,24101,24102,5,0,0.1957072528667394
19327,24102,24103,2,1,0.28675142623565547
19328,24103,24104,1,0,0.1603352236025975
19329,24104,24105,5,0,0.079572643557889081
19330,24105,24106,2,0,0.2925572780551694
19331,24106,24107,3,0,0.26758101107565285
19332,24107,24108,1,0,0.16636567333122559
19333,24108,24109,4,0,0.55654296114341872
19334,24109,24110,2,1,0.1533158541657183
19335,24110,24111,3,0,0.13188707025404034
19336,24111,24112,2,0,0.078769457702609805
19337,24112,24113,1,0,0.29406585181659439
19338,24113,24114,1,0,0.2909030040396105
19339,24114,24115,2,0,0.077248569148982107
19340,24115,24116,1,0,0.23373817414038597
19341,24116,24117,2,0,0.039726005205438737
19342,24117,24118,1,0,0.11251619411321055
19343,24119,24120,4,0,0.039553813408222789
19344,24120,24121,5,0,0.1523064636382373
19345,24122,24123,4,0,0
19346,24123,24124,3,0,0.12364706905170071
19347,24124,24125,4,0,0.033693448050721615
19348,24125,24126,1,0,0.23938482156940857
19349,24127,24128,5,0,0.23056736792076044
19350,24129,24130,1,0,0.15784232580390023
19351,24130,24131,5,0,0.40456628385939525
19352,24131,24132,5,0,0.082273893044694624
19353,24132,24133,4,1,0.72121540400185935
19354,24134,24135,5,0,0.10912341103432152
19355,24135,24136,4,1,0.10927168187063667
19356,24137,24138,1,0,0.20033161487206461
19357,24138,24139,1,0,0.084291437616622639
19358,24140,24141,4,0,0.19572406023651534
19359,24141,24142,5,0,0.039223924780700914
19360,24142,24143,5,0,0.075310839315675407
19361,24143,24144,4,0,0.17377474589378183
19362,24146,24147,1,0,0.11836101939363883
19363,24149,24150,2,0,0.083340010119643593
19364,24150,24151,4,0,0
19365,24151,24152,2,0,0.085958832757267151
19366,24152,24153,5,0,0.036625315432352784
19367,24153,24154,2,0,0.15102725128639868
19368,24155,24156,1,1,0.7651990219925946
19369,24156,24157,4,0,0.14454735591500167
19370,24157,24158,1,0,0.26300987373226375
19371,24158,24159,1,0,0.19475295527879929
19372,24159,24160,4,0,0.3344450011857365
19373,24160,24161,4,0,0.03284841720062142
19374,24161,24162,1,0,0.038233652824806709
19375,24163,24164,1,0,0
19376,24164,24165,4,1,0.51895843981715672
19377,24165,24166,3,1,0.74627576224645242
19378,24166,24167,5,0,0.14430419642287393
19379,24167,24168,5,1,0.79395356610624424
19380,24168,24169,3,0,0.62585990241996858
19381,24170,24171,3,1,0.12497307272830072
19382,24171,24172,4,0,0.19825372231601512
19383,24172,24173,1,0,0.65433550816536856
19384,24173,24174,5,0,0.12006322059777205
19385,24174,24175,5,0,0.071784857801881527
19386,24175,24176,5,0,0.093942080471443895
19387,24178,24179,1,0,0.20796843735966375
19388,24179,24180,1,0,0.034847777062352356
19389,24180,24181,2,0,0.14863480984419825
19390,24181,24182,4,0,0.21689431392370778
19391,24182,24183,2,0,0.15323948667872156
19392,24183,24184,1,0,0.23863446274787156
19393,24184,24185,4,0,0.11679306603218978
19394,24185,24186,1,1,0.26676641431225395
19395,24186,24187,3,0,0.30621990867870097
19396,24188,24189,5,1,0.069517203093023533
19397,24189,24190,5,0,0.075673022074266558
19398,24190,24191,5,0,0.1356908055217175
19399,24191,24192,4,1,0.2323692325970568
19400,24193,24194,1,1,0.35858972870818723
19401,24194,24195,2,0,0.14441073992452744
19402,24195,24196,2,0,0.12687496331354761
19403,24199,24200,5,1,0.23392614719396776
19404,24200,24201,5,0,0.042511130685961566
19405,24201,24202,1,0,0.12174155596504012
19406,24202,24203,3,0,0
19407,24203,24204,2,0,0.080227959597459236
19408,24204,24205,5,1,0.15181753495143918
19409,24205,24206,1,0,0.16640297565764475
19410,24206,24207,5,0,0.079651346255185121
19411,24208,24209,5,0,0.3187658979889727
19412,24209,24210,5,0,0.11969136825865008
19413,24211,24212,4,0,0.10359569501941823
19414,24212,24213,4,0,0.24378717929024885
19415,24213,24214,4,0,0
19416,24214,24215,2,0,0.35004821966770439
19417,24215,24216,2,0,0.079803312048329675
19418,24216,24217,3,1,0.12178577666883751
19419,24217,24218,1,0,0.39166707809565421
19420,24218,24219,3,1,0.61219589629717253
19421,24220,24221,1,0,0
19422,24221,24222,3,0,0.11592817122209848
19423,24222,24223,5,0,0.14440796693202121
19424,24224,24225,4,0,0.12408607088408569
19425,24225,24226,4,0,0
19426,24226,24227,2,1,0.35998861478442706
19427,24227,24228,4,0,0.10381465124717161
19428,24228,24229,4,1,0.36579346783417871
19429,24229,24230,1,1,0.79970337409851411
19430,24230,24231,5,0,0.21253624179342093
19431,24231,24232,5,0,0.079821371952710329
19432,24232,24233,1,1,0.42278763295787286
19433,24233,24234,5,0,0
19434,24234,24235,4,0,0.10094157081789712
19435,24236,24237,5,1,0.54212236636415778
19436,24237,24238,5,0,0.22425033112281922
19437,24238,24239,2,0,0.12348507382531052
19438,24239,24240,5,0,0.35037218275210458
19439,24240,24241,5,0,0
19440,24241,24242,5,0,0.11938661665301536
19441,24242,24243,5,0,0.16952466268120298
19442,24243,24244,4,0,0.04036197295081332
19443,24244,24245,3,0,0.081241072439008577
19444,24245,24246,4,0,0.10760881294797765
19445,24246,24247,1,0,0.075128573901485168
19446,24247,24248,3,0,0.075067232419612745
19447,24248,24249,3,1,0.58432943898594825
19448,24249,24250,4,0,0.11029680028361352
19449,24250,24251,4,0,0.2840114758249162
19450,24251,24252,1,0,0.1603230785110118
19451,24252,24253,1,1,0.25670614055013979
19452,24253,24254,2,0,0.039093153011780256
19453,24254,24255,4,1,0.1529367382207189
19454,24255,24256,2,1,0.1926713577265993
19455,24256,24257,4,0,0.62512596748013216
19456,24257,24258,5,1,0.58053023138192439
19457,24258,24259,5,0,0.19789018133515834
19458,24259,24260,1,0,0.10453967664201326
19459,24260,24261,5,0,0.10611966996110012
19460,24261,24262,2,1,0.13021630277228968
19461,24262,24263,4,0,0.084028762227479056
19462,24263,24264,1,1,0.12872002408274669
19463,24264,24265,1,0,0.20307289733075937
19464,24267,24268,4,1,0.38556650752204946
19465,24268,24269,1,0,0.23008396705637216
19466,24269,24270,4,1,0.18364616333055689
19467,24270,24271,4,0,0.095840294810144208
19468,24271,24272,1,1,0.42781070461074233
19469,24272,24273,4,0,0.15781570211500826
19470,24273,24274,1,0,0.10815277591091102
19471,24275,24276,2,0,0
19472,24277,24278,3,0,0.19464524395111857
19473,24278,24279,4,1,0.04051158330384242
19474,24279,24280,1,0,0.14723210200638553
19475,24280,24281,5,0,0.15387912959732478
19476,24281,24282,1,0,0.07841119871474829
19477,24282,24283,5,0,0.18079651911881206
19478,24283,24284,4,0,0.28929766650719296
19479,24284,24285,4,0,0.11340953524031475
19480,24285,24286,3,0,0.15995067847319089
19481,24286,24287,4,0,0.68411801662805705
19482,24287,24288,5,0,0.1092649568588392
19483,24289,24290,1,0,0.18365706012239363
19484,24290,24291,4,0,0.078305921197301245
19485,24291,24292,5,0,0.22111953606635765
19486,24292,24293,5,0,0.225599434690753
19487,24293,24294,3,0,0.25131889531140528
19488,24294,24295,2,0,0.19434948395707866
19489,24295,24296,2,0,0.32693004141034132
19490,24296,24297,5,0,0.2366570581767509
19491,24297,24298,1,1,0.3988257474038111
19492,24298,24299,3,0,0.2673980548013527
19493,24299,24300,4,0,0.30114024149169172
19494,24300,24301,3,0,0.040661493199794473
19495,24301,24302,4,0,0
19496,24302,24303,5,1,0.78255382617697355
19497,24304,24305,5,0,0.19713220334401887
19498,24306,24307,2,0,0.033892083020630549
19499,24307,24308,2,0,0.34375705043282584
19500,24310,24311,3,1,0.11734440981931302
19501,24311,24312,4,0,0.072796540696929479
19502,24312,24313,3,0,0.033538947189824302
19503,24313,24314,5,0,0.12274955023601147
19504,24314,24315,3,0,0
19505,24315,24316,3,1,0.53025332346681653
19506,24316,24317,5,0,0.27979685743487959
19507,24317,24318,2,0,0.40206785022214198
19508,24319,24320,5,1,0.40730510641727019
19509,24321,24322,5,0,0.042963529672190304
19510,24322,24323,4,0,0.29686887229479936
19511,24323,24324,4,0,0.164106435992106
19512,24324,24325,4,1,0.64683197426577044
19513,24325,24326,5,0,0.21764828423446805
19514,24326,24327,3,0,0.16476368848132028
19515,24327,24328,2,1,0.6599146459920594
19516,24329,24330,4,1,0.53131089928401265
19517,24330,24331,5,1,0.23753522745570663
19518,24331,24332,5,0,0.071616706052088586
19519,24333,24334,5,0,0.15288284503236557
19520,24334,24335,5,1,0.037264077294139809
19521,24335,24336,4,0,0.28145063999118042
19522,24336,24337,5,0,0.11813963490140027
19523,24337,24338,4,0,0.3668796923768366
19524,24338,24339,3,0,0.26596195360564917
19525,24339,24340,1,0,0.074294792689731715
19526,24340,24341,1,0,0.11446876449391637
19527,24342,24343,4,1,0.61181695305584882
19528,24343,24344,1,0,0.20232539537912775
19529,24344,24345,2,0,0.12816456526472053
19530,24345,24346,5,1,0.90798280399140807
19531,24346,24347,4,0,0.037963231530902385
19532,24347,24348,4,0,0.14903040301227252
19533,24349,24350,5,0,0.28066241218359922
19534,24350,24351,5,1,0.48741001710738169
19535,24351,24352,5,1,0.11338487501418551
19536,24352,24353,3,0,0.15407821585487405
19537,24353,24354,2,0,0.11725009109448262
19538,24354,24355,5,0,0.34922675595392166
19539,24356,24357,1,0,0.19137348448845617
19540,24357,24358,2,0,0.074853106316956575
19541,24358,24359,4,0,0.085490157417828339
19542,24360,24361,2,0,0.23607705564127632
19543,24361,24362,4,0,1
19544,24363,24364,4,0,0.49684275926422533
19545,24364,24365,2,0,0.14635390727929276
19546,24366,24367,2,0,0.44196707482316161
19547,24367,24368,3,0,0.038083740921470502
19548,24369,24370,1,0,0.071081939639485253
19549,24370,24371,1,1,0.20307240164830789
19550,24371,24372,2,0,0.046622098683749266
19551,24372,24373,2,0,0.43358669803812688
19552,24373,24374,1,0,0.079011688937499075
19553,24374,24375,5,0,0.15639561568069399
19554,24376,24377,1,0,0.71267631216455607
19555,24377,24378,4,0,0.2122557930628616
19556,24378,24379,5,0,0.28960589736581904
19557,24380,24381,2,0,0.069013193850275253
19558,24381,24382,1,0,0.73926511291249142
19559,24382,24383,5,1,0.38829106975738509
19560,24383,24384,3,0,0.18367809713458569
19561,24385,24386,5,0,0.29771500779200932
19562,24386,24387,3,0,0.28033138842717531
19563,24388,24389,2,0,0.085777241369935447
19564,24390,24391,5,1,0.19545165299637371
19565,24393,24394,1,0,0.25964196931070255
19566,24394,24395,1,1,0.39384096193876017
19567,24395,24396,3,0,0.21445864267464357
19568,24396,24397,5,1,0.4455649803566214
19569,24398,24399,4,0,0.47259652086692111
19570,24403,24404,2,0,0.080220187478951238
19571,24404,24405,3,0,0.091583783114819808
19572,24405,24406,4,1,0.44104255819594584
19573,24406,24407,3,0,0.14468130008941121
19574,24408,24409,4,0,0.033250870712647373
19575,24409,24410,4,1,0.037073026059503883
19576,24410,24411,1,0,0.1577831387782633
19577,24411,24412,5,0,0.24314370315991959
19578,24413,24414,2,0,0.23307643211486576
19579,24415,24416,2,0,0.1622335935760495
19580,24416,24417,4,0,0.067443456519159284
19581,24417,24418,1,0,0.038376962199061067
19582,24419,24420,2,0,0.17974178750247718
19583,24422,24423,5,0,0.76871862048311546
19584,24423,24424,3,0,0.55323745000145363
19585,24424,24425,3,0,0.39221476669767796
19586,24425,24426,2,0,0.031104671266024161
19587,24427,24428,3,0,0.35291327761305252
19588,24428,24429,5,0,0.33256980177403833
19589,24430,24431,3,0,0.42403772890686958
19590,24431,24432,1,1,0.22860213284473058
19591,24432,24433,3,0,0.24542930139879179
19592,24434,24435,2,1,0.04098606186999644
19593,24435,24436,4,1,0.28447126457476157
19594,24438,24439,5,0,0.086268623700783212
19595,24439,24440,5,0,0
19596,24440,24441,1,0,0.58285044747945414
19597,24441,24442,1,0,0.31436530603708401
19598,24442,24443,5,0,0.082806299085642174
19599,24443,24444,2,0,0.15984442877709074
19600,24444,24445,4,0,0.07890133684098008
19601,24445,24446,3,1,0.11926140797838282
19602,24446,24447,2,0,0
19603,24447,24448,5,0,0.12596185038024213
19604,24450,24451,4,1,0.17774981363206221
19605,24451,24452,2,1,0.23106398054953742
19606,24452,24453,3,0,0.032455010060836918
19607,24455,24456,5,1,0.12793897469522558
19608,24456,24457,1,0,0.12714720975763522
19609,24457,24458,4,0,0.45406218338212545
19610,24458,24459,3,1,0.79394948467916548
19611,24460,24461,2,0,0
19612,24461,24462,2,0,0.1088278852344776
19613,24462,24463,5,0,0.031804106477124665
19614,24463,24464,2,0,0.12183409504248892
19615,24464,24465,2,0,0.14243191543970671
19616,24465,24466,3,1,0.070315670411735046
19617,24466,24467,2,1,0
19618,24467,24468,1,0,0.028507662537858615
19619,24468,24469,3,0,0.12343313925213657
19620,24469,24470,2,1,0.28174397086007624
19621,24470,24471,1,0,0.12110586615479915
19622,24471,24472,4,1,0.71956071791699505
19623,24472,24473,1,0,0.035621859793901582
19624,24473,24474,3,0,0.10193257270534581
19625,24474,24475,1,0,0.22118581961206601
19626,24475,24476,1,0,0.077111106614086308
19627,24476,24477,1,0,0.078700816512960098
19628,24478,24479,4,1,0.1533240222080576
19629,24479,24480,4,0,0.091484262064700811
19630,24480,24481,4,0,0.084017665809484249
19631,24481,24482,3,1,0.20115414118275263
19632,24482,24483,3,0,0.26468986652229215
19633,24483,24484,2,1,0.50798663211588457
19634,24484,24485,2,0,0.27334108199583496
19635,24485,24486,2,0,0.10465862070580724
19636,24486,24487,4,0,0.032415999637744587
19637,24487,24488,4,1,0.45556005125490956
19638,24489,24490,5,0,0.10948901110836093
19639,24490,24491,3,0,0.040257933890424126
19640,24493,24494,4,0,0.43892356371340008
19641,24494,24495,4,0,0.27802461867303702
19642,24495,24496,4,0,0.068421740551127569
19643,24496,24497,2,0,0.061962610985554563
19644,24497,24498,4,1,0.51235256771570503
19645,24498,24499,3,0,0.081019564587278992
19646,24499,24500,5,0,0.55474754672755755
19647,24500,24501,5,0,0.44287189768230623
19648,24501,24502,4,0,0.34782958768657823
19649,24502,24503,2,0,0.8444321910044722
19650,24504,24505,4,1,0.59936696335387141
19651,24505,24506,3,0,0.18759952682002926
19652,24506,24507,4,0,0.61575415827323254
19653,24507,24508,4,0,0.083435820851891412
19654,24509,24510,3,0,0.11755295848376866
19655,24510,24511,2,0,0.21748547505714533
19656,24511,24512,5,0,0.31611187908367766
19657,24512,24513,3,0,0.035531740147553531
19658,24513,24514,2,0,0.031559400689357982
19659,24514,24515,4,0,0.12808160745373992
19660,24515,24516,1,0,0.071476809431862354
19661,24516,24517,4,0,0.27694356391115993
19662,24517,24518,5,0,0
19663,24518,24519,1,0,0.37876138588037883
19664,24519,24520,2,0,0.075356238868203321
19665,24521,24522,4,0,0
19666,24522,24523,5,0,0.20335045924968465
19667,24523,24524,4,0,0.40386389931626349
19668,24524,24525,4,1,0.082116863455609826
19669,24526,24527,4,0,0.076762797613082481
19670,24527,24528,5,1,0.56778134173481065
19671,24528,24529,5,0,0.034399262172254287
19672,24529,24530,4,1,0.42299458392879075
19673,24530,24531,1,0,0.35615209391155139
19674,24532,24533,1,0,0.11998160931744398
19675,24533,24534,2,0,0.03149260601555072
19676,24534,24535,1,1,0.088066636312609053
19677,24535,24536,1,0,0.19375831896494225
19678,24536,24537,4,0,0.061319105371860944
19679,24538,24539,5,0,0.13405344334349314
19680,24539,24540,2,0,0.035217906866462062
19681,24541,24542,1,0,0.15759935892638285
19682,24542,24543,3,1,0.1972253243807206
19683,24543,24544,3,0,0.14337655397890475
19684,24544,24545,5,1,0.44390952986615945
19685,24545,24546,5,0,0.1180861665586192
19686,24547,24548,3,0,0.02813789447567876
19687,24549,24550,5,0,0.27599541305897973
19688,24550,24551,5,0,0.28183560510804212
19689,24552,24553,5,0,0.3209378192998153
19690,24553,24554,2,0,0.16394845329562302
19691,24554,24555,3,0,0.19858360863309271
19692,24556,24557,1,1,0.21363427566707718
19693,24557,24558,1,0,0.11752861638077719
19694,24558,24559,4,1,0.72195644253191449
19695,24559,24560,4,0,0
19696,24560,24561,5,0,0.49138259068404611
19697,24561,24562,4,0,0.16379649885261127
19698,24562,24563,4,0,0.073682661131656696
19699,24563,24564,1,0,0.035253134761453711
19700,24564,24565,2,0,0.24162818419978371
19701,24565,24566,4,0,0.22674372256708797
19702,24566,24567,3,0,0
19703,24567,24568,1,0,0.15824263650764872
19704,24568,24569,4,0,0.38506870377301111
19705,24569,24570,4,0,0.12167973842346942
19706,24570,24571,3,1,0.8854443402189397
19707,24571,24572,1,0,0.32209324158712732
19708,24572,24573,5,0,0.19124597220136097
19709,24573,24574,4,1,0.44099913925076828
19710,24576,24577,3,0,0.030563296151198866
19711,24577,24578,2,0,0.21052160809767068
19712,24578,24579,3,0,0.16157164103469798
19713,24579,24580,1,0,0.19525566894777874
19714,24580,24581,3,1,0.14843647722944112
19715,24582,24583,2,0,0.49039570441107094
19716,24583,24584,1,1,0.1526700728802616
19717,24584,24585,2,0,0.10871376826962939
19718,24585,24586,2,0,0.23253398335427372
19719,24588,24589,2,0,0.19813927961453529
19720,24589,24590,1,0,0.12874246392775934
19721,24590,24591,2,1,0.77878516522486674
19722,24591,24592,1,0,0.17171672518481837
19723,24592,24593,1,1,0.24165047614821661
19724,24593,24594,4,0,0.25235311044840542
19725,24595,24596,4,0,0
19726,24596,24597,4,1,0.13303555390548472
19727,24598,24599,5,1,0.72790593725153008
19728,24599,24600,4,0,0.1148747202355177
19729,24600,24601,3,1,0.71515111700125766
19730,24602,24603,4,0,0
19731,24603,24604,5,1,0.19875482916041753
19732,24604,24605,3,0,0.19654992479584329
19733,24606,24607,2,0,0.16040806712925781
19734,24607,24608,3,0,0.16042779047676353
19735,24608,24609,5,0,0.26213751144035463
19736,24609,24610,5,0,0.20278175571707252
19737,24610,24611,3,0,0
19738,24612,24613,4,0,0.15983334823268436
19739,24614,24615,3,0,0.086718683354740547
19740,24616,24617,3,1,0
19741,24619,24620,5,0,0.21127029895310079
19742,24621,24622,2,0,0.33596639760484143
19743,24624,24625,1,1,0.16206356642226991
19744,24626,24627,3,1,0.28023390008280247
19745,24627,24628,3,0,0.5121570985522923
19746,24628,24629,2,0,0.068742387433829544
19747,24629,24630,1,1,0.22256041670405585
19748,24633,24634,1,0,0
19749,24634,24635,1,0,0.19714385150998429
19750,24635,24636,1,1,0.039877485738010317
19751,24636,24637,4,1,0.069704604114457266
19752,24637,24638,5,0,0.06979784195675455
19753,24638,24639,3,0,0.20558778305698683
19754,24639,24640,3,0,0.049083377000233464
19755,24640,24641,5,0,0.081430503979194227
19756,24642,24643,2,0,0
19757,24644,24645,4,0,0.1450930794150749
19758,24645,24646,5,0,0.12880519102958049
19759,24646,24647,5,1,0.32331739810924831
19760,24647,24648,2,0,0.12273985941898065
19761,24648,24649,3,0,0.043268081946774506
19762,24649,24650,3,0,0.17788232640603996
19763,24650,24651,2,0,0.36622335811385981
19764,24651,24652,2,0,0.037851841672272096
19765,24653,24654,1,0,0.038681089173297482
19766,24654,24655,1,0,0.14584094002904821
19767,24656,24657,5,0,0.64764762174505597
19768,24658,24659,3,0,0.12279121079686749
19769,24661,24662,5,0,0
19770,24662,24663,2,0,0.037759855085500137
19771,24663,24664,5,1,0.21786215872404879
19772,24664,24665,4,1,0.58571328601310679
19773,24665,24666,1,0,0.59330280591334617
19774,24668,24669,4,1,0.17674796067288132
19775,24669,24670,5,0,0.11457545200449964
19776,24670,24671,2,0,0.31387940970902611
19777,24671,24672,1,0,0.20146098253213562
19778,24672,24673,2,1,0.15951677488465818
19779,24673,24674,2,0,0.10160407795647231
19780,24675,24676,1,0,0.11463526167456729
19781,24676,24677,4,0,0.56636680668195682
19782,24677,24678,2,1,0.44597240631603652
19783,24679,24680,1,1,0.6399065104568521
19784,24680,24681,4,0,0.19331302700229186
19785,24683,24684,3,0,0.2679798223172058
19786,24685,24686,5,1,0.08769586627740153
19787,24687,24688,3,1,0.11075805364744779
19788,24689,24690,1,0,0.15511494391765057
19789,24690,24691,4,0,0.035788840892012931
19790,24691,24692,5,0,0.11668285381353315
19791,24693,24694,1,0,0
19792,24695,24696,1,0,0.11779805320954924
19793,24696,24697,5,0,0.24026105137749626
19794,24697,24698,1,1,0.67597894665215774
19795,24698,24699,2,0,0.17012191490511713
19796,24699,24700,2,0,0
19797,24701,24702,2,0,0.071042370669092317
19798,24702,24703,5,0,0.19272909560506132
19799,24703,24704,4,0,0.23803081871211659
19800,24704,24705,4,1,0.39815119641308905
19801,24705,24706,2,0,0.076112322779146049
19802,24706,24707,1,0,0.28531079944802373
19803,24709,24710,5,0,0.23816350081135609
19804,24710,24711,4,1,0
19805,24712,24713,3,1,0.34289118167963434
19806,24713,24714,3,0,0.16436913788764787
19807,24714,24715,4,0,0.45426614049686348
19808,24715,24716,2,0,0.18210711894689005
19809,24716,24717,3,1,0.71997306396188476
19810,24718,24719,3,0,0.116344894935314
19811,24719,24720,3,0,0.11327258247357457
19812,24720,24721,5,0,0.037089250874717331
19813,24722,24723,3,0,0.30678194543705695
19814,24723,24724,5,1,0.49046205280566646
19815,24724,24725,3,0,0.13736386689688049
19816,24726,24727,5,1,0
19817,24727,24728,5,0,0.12736007591122345
19818,24729,24730,3,0,0.1797696659832396
19819,24730,24731,3,0,0.38977262708872379
19820,24732,24733,3,0,0.31226148606332832
19821,24734,24735,3,0,0
19822,24735,24736,4,0,0.13753916031277669
19823,24736,24737,1,0,0.20980138596581988
19824,24737,24738,3,0,0.13826583478126692
19825,24738,24739,3,0,0.18050142407374897
19826,24739,24740,2,0,0.09395532246539158
19827,24740,24741,4,1,0.17845954893513444
19828,24741,24742,5,0,0.24538795026285806
19829,24743,24744,1,0,0.13500765560698949
19830,24745,24746,3,0,0.45726773227034767
19831,24746,24747,5,0,0.08739031883225766
19832,24747,24748,3,1,0.16262100835465504
19833,24748,24749,5,0,0.10916311669557252
19834,24750,24751,3,1,0.65327407695069062
19835,24752,24753,2,1,0.67944107126303066
19836,24753,24754,4,0,0.096358872290571287
19837,24754,24755,2,1,0.2282870120711111
19838,24756,24757,4,0,0.031986703816763891
19839,24757,24758,3,0,0.084691775872339295
19840,24758,24759,2,0,0.77255328305114701
19841,24760,24761,3,1,0.51743980432741343
19842,24761,24762,3,0,0.10431604831230183
19843,24762,24763,3,0,0.038918601630935544
19844,24763,24764,1,0,0.082010758111745657
19845,24764,24765,5,0,0.22674046996632699
19846,24765,24766,3,1,0.62170157866884124
19847,24768,24769,3,1,0.59481223743462053
19848,24769,24770,4,0,0.17601311424123342
19849,24770,24771,1,0,0.037756218398760942
19850,24772,24773,2,0,0.33447890093056121
19851,24774,24775,1,1,0.10904091894598542
19852,24775,24776,2,0,0.2028094940165969
19853,24776,24777,1,0,0.070677711552187966
19854,24777,24778,3,0,0.12511617353276372
19855,24778,24779,1,0,0
19856,24779,24780,1,0,0.16430245551736666
19857,24780,24781,1,0,0.031595262652244487
19858,24781,24782,3,1,0.65895334047637899
19859,24782,24783,1,0,0.22611686036810305
19860,24783,24784,2,0,0.086575337357622267
19861,24784,24785,2,1,0.44578021280290686
19862,24785,24786,5,0,0.11656134799101869
19863,24786,24787,5,0,0.32640455719636968
19864,24787,24788,1,0,0.2853048679549518
19865,24789,24790,2,0,0.057508748335222182
19866,24790,24791,2,0,0.02766803769080687
19867,24791,24792,5,0,0.19628366266718431
19868,24792,24793,5,0,0.25615963903776545
19869,24793,24794,3,1,0.31520500562047116
19870,24794,24795,3,1,0.17061168619873962
19871,24797,24798,1,0,0.59501622109165231
19872,24798,24799,1,0,0.71595329087966642
19873,24799,24800,4,0,0.64634940682787001
19874,24800,24801,3,0,0.12242789103055605
19875,24801,24802,4,0,0.49410984719999174
19876,24803,24804,5,0,0.27723170472136388
19877,24804,24805,5,0,0.19734425475653125
19878,24805,24806,4,0,0.37449563280474107
19879,24806,24807,3,0,0.20140473261237071
19880,24807,24808,4,0,0.11557659696959978
19881,24808,24809,4,0,0.26926244487203077
19882,24809,24810,1,1,0.28825039400341862
19883,24810,24811,1,1,0.11930918917142889
19884,24811,24812,3,0,0.086517335695883532
19885,24812,24813,1,0,0.11714097965401914
19886,24813,24814,3,0,0.23407346912767349
19887,24814,24815,4,0,0.26501785217479962
19888,24815,24816,4,0,0.09459068399752657
19889,24816,24817,4,0,0.11816292603089136
19890,24817,24818,2,1,0.6050185522566105
19891,24818,24819,1,0,0.082219076744502295
19892,24819,24820,5,0,0.19845693950809404
19893,24820,24821,4,0,0.13515972485424352
19894,24821,24822,4,0,0.11250516546643625
19895,24822,24823,3,0,0.21660880282458811
19896,24824,24825,5,0,0.16225608501419844
19897,24826,24827,2,0,0.0832522242812931
19898,24827,24828,1,1,0.43770525467202326
19899,24828,24829,3,0,0.23509223216918415
19900,24829,24830,3,0,0.3251834027789739
19901,24830,24831,3,0,0.34555894667387693
19902,24831,24832,4,0,0.054401820003578266
19903,24832,24833,5,0,0.14420726358865818
19904,24833,24834,4,0,0.16353221790299083
19905,24834,24835,2,1,0.20116226747067703
19906,24835,24836,2,0,0.27637568750455288
19907,24836,24837,2,0,0.034255711707002368
19908,24837,24838,2,0,0.064783000805106919
19909,24838,24839,3,0,0.033811892316317024
19910,24839,24840,5,0,0.23972212660930844
19911,24840,24841,1,0,0.31212376217222587
19912,24842,24843,2,0,0.036968793063312855
19913,24843,24844,3,0,0
19914,24844,24845,5,0,0.51060281727749202
19915,24845,24846,2,0,0.29441994096812785
19916,24846,24847,2,1,0.315723164495334
19917,24847,24848,3,0,0.041495225148280059
19918,24849,24850,2,0,0
19919,24850,24851,4,0,0.11707037707985007
19920,24851,24852,5,0,0.2359003138652217
19921,24852,24853,5,0,0.32445034353936103
19922,24854,24855,4,0,0.30401175580202039
19923,24855,24856,3,1,0.22971455534138246
19924,24857,24858,1,0,0.37621423734180742
19925,24858,24859,4,0,0.07108983899674004
19926,24859,24860,4,0,0.24136702354125203
19927,24861,24862,5,1,0.061110534350684052
19928,24862,24863,1,0,0.35954398379498043
19929,24863,24864,2,1,0.27465610863381973
19930,24864,24865,4,0,0.082435285311522485
19931,24865,24866,3,1,0.4191097501102462
19932,24867,24868,2,0,0.07268971899543912
19933,24868,24869,1,0,0.1554700838589633
19934,24869,24870,2,0,0.1674127957539461
19935,24870,24871,4,1,0
19936,24871,24872,3,0,0.33978096738204494
19937,24872,24873,5,0,0.21493344435070522
19938,24873,24874,3,1,0.83286494091213259
19939,24874,24875,2,0,0.034590735245647486
19940,24875,24876,3,0,0.16792200715733524
19941,24876,24877,4,1,0.7164220551663053
19942,24877,24878,1,0,0.043071357529874912
19943,24878,24879,2,1,0.36144070508744652
19944,24879,24880,2,0,0.067191173289212439
19945,24880,24881,1,0,0.23273376876214402
19946,24881,24882,1,0,0.065009562628185205
19947,24882,24883,4,0,0.039238476279777272
19948,24883,24884,2,0,0
19949,24884,24885,4,0,0.68127777381451726
19950,24886,24887,4,1,0.19676265155444336
19951,24887,24888,1,0,0.15971644184569897
19952,24888,24889,3,0,0.040970424621471421
19953,24891,24892,5,0,0.068163257641521188
19954,24892,24893,5,0,0.21892138753929732
19955,24894,24895,5,0,0.11637018448897722
19956,24895,24896,4,0,0.21338936484485668
19957,24896,24897,3,0,0.052746485292519962
19958,24897,24898,4,0,0.031392926042233496
19959,24899,24900,3,1,0.60704731009944168
19960,24900,24901,2,1,0.082739658296839783
19961,24901,24902,4,0,0.11410041763928677
19962,24902,24903,5,0,0.081251568136525426
19963,24903,24904,2,0,0.034580219821363188
19964,24904,24905,1,0,0.18544362847518808
19965,24905,24906,5,0,0.11689346966304
19966,24906,24907,3,0,0.75641860058326127
19967,24908,24909,2,0,0.19882892083379053
19968,24910,24911,3,0,0.1109754637069459
19969,24911,24912,4,0,0.036816520356559378
19970,24912,24913,3,1,0.15133675231962962
19971,24914,24915,3,0,0.03706949583658916
19972,24915,24916,3,1,0.12027866459292008
19973,24916,24917,1,1,0
19974,24917,24918,3,0,0.21579954226456916
19975,24918,24919,4,0,0.077540290935172618
19976,24920,24921,2,0,0.1144733140948412
19977,24921,24922,4,0,0.18044375118450517
19978,24924,24925,2,0,0.22690944589326001
19979,24926,24927,3,1,0.33302659699871429
19980,24928,24929,2,0,0.1966972573049087
19981,24929,24930,1,0,0.2967433363207268
19982,24930,24931,5,0,0.27803500323538238
19983,24931,24932,1,0,0.2205847436712661
19984,24932,24933,1,0,0.073793069261780586
19985,24933,24934,3,0,0.55468557159442311
19986,24934,24935,5,0,0.40758064954656559
19987,24935,24936,1,0,0.040769845813348367
19988,24938,24939,4,1,0.76289163142778671
19989,24939,24940,4,0,0
19990,24941,24942,3,0,0.10902979577383846
19991,24942,24943,4,0,0.15403115697122385
19992,24943,24944,4,1,0.15611711455529748
19993,24944,24945,4,0,0.099432110042245267
19994,24945,24946,3,0,0.31076512828836067
19995,24946,24947,1,0,0.23299545024105728
19996,24947,24948,3,0,0.32676653730378091
19997,24948,24949,2,0,0.12332067840538466
19998,24949,24950,3,0,0.16157445309842586
19999,24950,24951,2,0,0.51537788196116197
20000,24951,24952,5,0,0.4075997090540871
20001,24952,24953,2,1,0.087038344369879228
20002,24953,24954,2,1,0.29164989046598411
20003,24954,24955,1,0,0.17488867552670501
20004,24955,24956,1,0,0.27900646451862615
20005,24956,24957,3,0,0.1996666280099853
20006,24957,24958,4,0,0.19059580761873698
20007,24958,24959,3,0,0.13328570667634962
20008,24959,24960,2,0,0.23454306969293354
20009,24960,24961,3,0,0.23571939821890842
20010,24962,24963,3,1,0.16987036343463349
20011,24964,24965,1,0,0.10381810349870524
20012,24965,24966,1,0,0.22879542236286535
20013,24966,24967,3,1,0.64533044760882929
20014,24967,24968,2,0,0.23925845410520635
20015,24968,24969,3,1,0.62128903465702634
20016,24969,24970,2,1,0.63728389115394646
20017,24970,24971,5,0,0.24306132003821579
20018,24971,24972,5,0,0.10389435356010852
20019,24972,24973,1,0,0.24413110144929534
20020,24973,24974,1,0,0.60771650536356447
20021,24974,24975,3,0,0.14991853818551953
20022,24976,24977,4,0,0.19289316147640742
20023,24977,24978,1,0,0
20024,24978,24979,3,0,0.18804500929741336
20025,24979,24980,3,0,0.16068817640185556
20026,24980,24981,3,0,0.078705172945098781
20027,24981,24982,2,0,0.63636794840750543
20028,24982,24983,1,0,0.078022567243990607
20029,24983,24984,3,0,0.3245094820272344
20030,24984,24985,2,0,0.11932221033586693
20031,24985,24986,3,0,0.038907254965018095
20032,24986,24987,1,0,0.041236927804289919
20033,24989,24990,4,0,0.077582972967777872
20034,24990,24991,4,0,0.11628937083693548
20035,24991,24992,4,0,0.088401520242472068
20036,24992,24993,5,1,0.27990967654660859
20037,24993,24994,2,0,0.11895799395438351
20038,24994,24995,4,1,0.3750477424367003
20039,24995,24996,4,0,0.077195125800261999
20040,24996,24997,3,1,0.70255191210508028
20041,24998,24999,5,0,0.20962536293122425
20042,24999,25000,1,1,0.034937543371695766
20043,25000,25001,3,0,0.11459719638721107
20044,25001,25002,3,1,0.17940314073639591
20045,25002,25003,2,0,0.11655779945027464
20046,25003,25004,1,0,0.11719783433268184
20047,25004,25005,5,0,0.14438257475849642
20048,25006,25007,2,1,0.45803444769863294
20049,25007,25008,5,1,0.37890022973101817
20050,25008,25009,3,0,0.68619412596807206
20051,25009,25010,3,0,0.12097027825395197
20052,25010,25011,1,0,0.26130957796768567
20053,25011,25012,4,0,0.17836573399339828
20054,25012,25013,2,0,0.097552898738266391
20055,25013,25014,4,0,0.19134185432845646
20056,25014,25015,1,1,0.27560914415966586
20057,25015,25016,3,0,0.52148468718835583
20058,25016,25017,2,0,0.06881935841247222
20059,25017,25018,4,1,0.15389830120012152
20060,25018,25019,2,0,0.10477041186332962
20061,25019,25020,5,0,0.25225395857654048
20062,25020,25021,1,0,0.30743764255622824
20063,25021,25022,3,0,0.1835487671989606
20064,25022,25023,5,1,0.1890836699029062
20065,25023,25024,4,0,0.081124031014230755
20066,25024,25025,3,1,0.77283937633757827
20067,25026,25027,4,0,0.28013020761126561
20068,25027,25028,4,0,0.16349059312604125
20069,25028,25029,5,0,0.14662702668581981
20070,25029,25030,5,0,0.19199008125690314
20071,25030,25031,2,0,0.034312561016889544
20072,25032,25033,4,1,0.79513931723538478
20073,25033,25034,3,1,0.15665216411075136
20074,25034,25035,3,0,0.36342913883261901
20075,25035,25036,5,1,0.070817332027761942
20076,25036,25037,4,0,0.11205102567155324
20077,25037,25038,5,0,0.1592482587160701
20078,25039,25040,2,0,0.15564245777282082
20079,25040,25041,5,0,0.087299824574305018
20080,25041,25042,1,0,0.19410092458128267
20081,25042,25043,1,0,0.24772299953897514
20082,25043,25044,3,1,0.71540208539171801
20083,25044,25045,2,0,0.36149765897039604
20084,25047,25048,4,1,0
20085,25048,25049,1,1,0.35467877310931389
20086,25049,25050,4,0,0.1486367369420506
20087,25050,25051,2,1,0.11530161332580624
20088,25052,25053,3,0,0.16471730601614679
20089,25053,25054,5,1,0.92494501000614771
20090,25055,25056,2,0,0.12046639295824731
20091,25056,25057,5,0,0.074614838218179588
20092,25057,25058,1,0,0.097418687661530709
20093,25058,25059,5,0,0.1866559541733174
20094,25061,25062,3,0,0.14385004360090956
20095,25062,25063,2,0,0.46843276320646166
20096,25063,25064,5,1,0.14607469585413679
20097,25064,25065,3,0,0.26234420317768925
20098,25065,25066,4,0,0.11998180931702668
20099,25066,25067,1,0,0.083707564149683958
20100,25067,25068,5,1,0.036979091614437326
20101,25068,25069,1,0,0.1037898059286223
20102,25069,25070,4,1,0.3635291310365002
20103,25070,25071,2,0,0.15322361278754801
20104,25072,25073,5,0,0.25738448506766659
20105,25073,25074,2,0,0.14063863989509784
20106,25074,25075,4,0,0.096118084456595851
20107,25076,25077,1,0,0.040480619089041756
20108,25077,25078,5,0,0.41409700487681966
20109,25078,25079,3,0,0.082617958169622821
20110,25080,25081,2,1,0.2408434134350908
20111,25081,25082,5,0,0
20112,25083,25084,2,0,0.35448518050756739
20113,25084,25085,3,0,0.15950883654515216
20114,25085,25086,2,1,0.26279611364971589
20115,25086,25087,2,0,0.11121296877586234
20116,25087,25088,1,0,0
20117,25089,25090,4,1,0.37894586267757485
20118,25090,25091,3,0,0.080232861959710022
20119,25091,25092,1,0,0.07349248140563458
20120,25092,25093,2,0,0.24356757481661848
20121,25095,25096,4,0,0.19751561660265685
20122,25096,25097,4,1,0.22472308443210842
20123,25098,25099,2,0,0.038212862791008981
20124,25099,25100,4,0,0.48428794700410754
20125,25100,25101,3,0,0.11045768655522685
20126,25101,25102,5,0,0.037023275006961683
20127,25102,25103,5,1,0.6971245592851435
20128,25103,25104,1,0,0.10082448414289541
20129,25104,25105,1,0,0.26149826491503192
20130,25108,25109,4,0,0.13407738311604667
20131,25109,25110,3,1,0.47703581451529881
20132,25110,25111,4,0,0.15179710397904728
20133,25111,25112,1,0,0.15315733145983101
20134,25112,25113,1,0,0.1163424717453883
20135,25114,25115,2,1,0.28980815206160548
20136,25115,25116,5,0,0.16452210057047789
20137,25117,25118,1,0,0.24413551930881414
20138,25118,25119,3,0,0.15890337741039426
20139,25119,25120,5,0,0.086157299069564097
20140,25120,25121,1,0,0
20141,25121,25122,5,1,0.63313037296127028
20142,25122,25123,1,0,0.27805746793755576
20143,25123,25124,3,0,0.11937550562552313
20144,25125,25126,3,0,0.46048498054082987
20145,25126,25127,4,0,0.074860671148660921
20146,25127,25128,1,0,0.3859388758747217
20147,25129,25130,5,0,0.15162046096022924
20148,25131,25132,5,0,0.16798032616975023
20149,25132,25133,2,0,0.22969600310140803
20150,25133,25134,2,0,0.18368563132752019
20151,25134,25135,4,0,0.18460139420255792
20152,25135,25136,3,0,0.12458777979564092
20153,25136,25137,5,1,0.77556865649621642
20154,25138,25139,1,0,0.10853783884773609
20155,25139,25140,2,0,0.095345065664405232
20156,25141,25142,1,0,0.16907947378088314
20157,25143,25144,3,1,0.55260009531738541
20158,25144,25145,1,0,0.17330599185812898
20159,25145,25146,2,1,0.12147125666211774
20160,25146,25147,1,1,0.26907080344985485
20161,25147,25148,3,0,0
20162,25148,25149,3,0,0.11247061030688668
20163,25149,25150,2,0,0
20164,25150,25151,2,0,0.044448217216720702
20165,25156,25157,4,0,0.074436229852835198
20166,25157,25158,1,0,0.072379771508037857
20167,25158,25159,2,1,0.5270348110480837
20168,25159,25160,1,0,0
20169,25160,25161,4,1,0.68744258715598394
20170,25161,25162,5,0,0.038787589816685827
20171,25162,25163,2,1,0.5172121411559335
20172,25164,25165,3,0,0.17188032782864582
20173,25165,25166,1,0,0.14623489102980275
20174,25166,25167,1,0,0.082811326034525817
20175,25167,25168,3,0,0.33111757557151983
20176,25168,25169,2,0,0.084330946002517629
20177,25169,25170,5,0,0.43349868532251784
20178,25170,25171,4,0,0.13392787097527545
20179,25172,25173,3,0,0.15592476523657622
20180,25173,25174,4,0,0.090980821401647399
20181,25174,25175,3,1,0.34623526346346489
20182,25178,25179,4,0,0.034003071080595838
20183,25180,25181,1,0,0.5463130257432649
20184,25183,25184,4,0,0.24437886547194682
20185,25184,25185,4,0,0.10409486995324406
20186,25185,25186,4,0,0.57217360980444421
20187,25186,25187,4,0,0.10727367594095265
20188,25187,25188,1,0,0.22066146515305954
20189,25188,25189,1,0,0.079308713010493331
20190,25189,25190,1,0,0.19789054433700207
20191,25190,25191,2,1,0.48515534664926502
20192,25191,25192,1,1,0.86411134907084197
20193,25192,25193,3,0,0.80012417929564039
20194,25194,25195,1,0,0.31166076322669567
20195,25195,25196,2,0,0.079953641935527495
20196,25197,25198,5,0,0.03595753916094023
20197,25198,25199,4,0,0.16892438733131523
20198,25200,25201,3,0,0.69678723306454049
20199,25201,25202,5,1,0.26925296364404433
20200,25202,25203,3,0,0.21087817294763425
20201,25203,25204,3,0,0.22444009531453235
20202,25204,25205,2,0,0.034522241296889772
20203,25205,25206,5,0,0.29512877478829258
20204,25207,25208,4,0,0.2628825299693735
20205,25209,25210,3,0,0.094355658856373634
20206,25210,25211,1,0,0.072834827138784863
20207,25211,25212,3,0,0.10388886029539492
20208,25212,25213,5,0,0.16247198370130639
20209,25213,25214,2,0,0.087101241832564555
20210,25214,25215,4,0,0.10584422020627027
20211,25215,25216,2,1,0.057962398650685899
20212,25216,25217,4,0,0.072525952293027218
20213,25217,25218,5,0,0.1524944637870535
20214,25218,25219,4,0,0.035036491639958013
20215,25219,25220,5,0,0.44840273966838756
20216,25221,25222,1,1,0.040526207979597412
20217,25223,25224,3,0,0.51201933842495795
20218,25224,25225,3,0,0.031459995348656983
20219,25225,25226,3,0,0.39944794042378057
20220,25227,25228,2,0,0
20221,25228,25229,3,0,0.42098615691494051
20222,25229,25230,5,0,0.1185709558855106
20223,25231,25232,4,1,0.24170983310184868
20224,25232,25233,2,0,0.16697081005661402
20225,25233,25234,2,1,0.44570470568434156
20226,25234,25235,2,0,0.1294141203440051
20227,25235,25236,4,1,0.27766547432534672
20228,25237,25238,2,0,0.19015777484663765
20229,25238,25239,5,0,0.11591756539989556
20230,25239,25240,2,0,0.25910652938940065
20231,25241,25242,3,0,0.17032320652801394
20232,25242,25243,4,0,0.1620925286233309
20233,25243,25244,2,1,0.59552090708379879
20234,25245,25246,4,0,0.033912193232617301
20235,25246,25247,1,0,0.061610750858108909
20236,25247,25248,2,0,0.46089886954628367
20237,25248,25249,1,0,0.63635216438443232
20238,25249,25250,3,0,0.11614300903579561
20239,25250,25251,3,0,0.5610060406821431
20240,25252,25253,2,1,0.61893575912812937
20241,25253,25254,1,0,0.12462132388605941
20242,25254,25255,2,1,0.083229363727372774
20243,25255,25256,5,1,0.72063177311582549
20244,25257,25258,5,1,0.54026916112266488
20245,25258,25259,1,0,0.19230871634983818
20246,25259,25260,4,1,0.60424230652834632
20247,25261,25262,1,1,0.30351447905420453
20248,25262,25263,1,1,0.80354350819011955
20249,25265,25266,1,0,0.066062499538293698
20250,25266,25267,4,0,0.20297755703017228
20251,25267,25268,5,0,0.29121012965008519
20252,25269,25270,1,0,0
20253,25270,25271,1,0,0.077164693640589005
20254,25271,25272,5,0,0.10237910235083866
20255,25272,25273,2,0,0.15734625274073127
20256,25273,25274,5,0,0.27375100647305922
20257,25274,25275,5,0,0.11435234565614323
20258,25275,25276,5,1,0.25305190766762281
20259,25276,25277,3,0,0.20055269794394981
20260,25277,25278,5,0,0.15396950261282258
20261,25279,25280,1,0,0.036623163184017857
20262,25280,25281,5,0,0.20502965399669834
20263,25281,25282,2,0,0.03940047234643785
20264,25283,25284,5,0,0.64280971068824921
20265,25284,25285,2,0,0.3176597048007439
20266,25285,25286,2,1,0.71782520464133581
20267,25286,25287,5,0,0.775902366229135
20268,25287,25288,2,0,0.16441945549241377
20269,25288,25289,1,0,0.030619793721629599
20270,25289,25290,1,0,0.076317124385578014
20271,25290,25291,5,0,0.15371881507136231
20272,25291,25292,4,0,0.04479058182454454
20273,25292,25293,3,1,0.086660505966462131
20274,25293,25294,3,0,0.14709335705707682
20275,25294,25295,5,0,0.03703947136440891
20276,25295,25296,1,0,0.14447535592111269
20277,25297,25298,2,0,0.17339186584791805
20278,25300,25301,2,0,0.083304443784000926
20279,25301,25302,1,0,0.074616390470458344
20280,25303,25304,4,0,0.29656728513976455
20281,25304,25305,4,0,0.031553926969013345
20282,25305,25306,1,1,0.47618100809021785
20283,25306,25307,4,0,0.23192514328345135
20284,25307,25308,5,1,0.21481163681830984
20285,25308,25309,3,0,0.15995698533134761
20286,25309,25310,3,1,0.17382954238853321
20287,25310,25311,3,0,0.039800255518201134
20288,25311,25312,3,0,0.66831621786983963
20289,25312,25313,3,1,0.15306680141343432
20290,25313,25314,5,0,0.16471517212997125
20291,25314,25315,5,0,0.13020812875897178
20292,25315,25316,1,0,0.082820637635174305
20293,25316,25317,1,1,0.83090467540811963
20294,25317,25318,3,0,0.12309495368554352
20295,25318,25319,1,1,0.08214580901148763
20296,25319,25320,1,0,0.040275157248573758
20297,25320,25321,1,0,0.075435601963276033
20298,25321,25322,4,0,0.13686580612645322
20299,25322,25323,3,0,0.074048556811734625
20300,25324,25325,4,0,0.16904621612842682
20301,25325,25326,2,0,0.087797197619289225
20302,25326,25327,4,0,0.14848171513030314
20303,25327,25328,3,0,0.40892218668525615
20304,25328,25329,1,0,0.024600164231967994
20305,25329,25330,1,1,0.45023805610225559
20306,25330,25331,4,0,0.035187481001158809
20307,25331,25332,4,0,0.13724674938457165
20308,25332,25333,2,0,0.086338589349120351
20309,25333,25334,5,0,0.074602130426036736
20310,25334,25335,5,0,0.12370048614330328
20311,25336,25337,2,0,0.11074739363520851
20312,25337,25338,5,0,0.036364017045886765
20313,25338,25339,4,1,0.26392533033048715
20314,25339,25340,1,0,0.040674273813050395
20315,25340,25341,1,0,0.12563696526698981
20316,25341,25342,2,0,0.12634959247616787
20317,25342,25343,2,0,0.14762579502469325
20318,25343,25344,2,0,0.43210970727633441
20319,25345,25346,3,0,0.038199304259192525
20320,25346,25347,1,0,0.08112805314273383
20321,25347,25348,5,0,0.18402301108009717
20322,25348,25349,1,1,0.11868405792020879
20323,25349,25350,3,0,0.18211277403240766
20324,25350,25351,5,0,0.03938184506119774
20325,25351,25352,1,1,0.073688901710836627
20326,25352,25353,5,0,0.072508968493562295
20327,25353,25354,1,0,0.245325382398106
20328,25354,25355,2,0,0.076880895865885382
20329,25355,25356,2,0,0.20907651242676065
20330,25356,25357,1,0,0.074665988365139366
20331,25357,25358,2,0,0.080457593628209062
20332,25358,25359,1,0,0.10978045463737876
20333,25359,25360,5,0,0.20220761785647942
20334,25361,25362,2,0,0.31069344596547177
20335,25362,25363,4,0,0.30904379209383992
20336,25364,25365,1,0,0.19554259537133234
20337,25365,25366,1,0,0
20338,25366,25367,3,0,0.1496684051367656
20339,25368,25369,1,0,0.076322547969133708
20340,25369,25370,4,0,0.25434479635138751
20341,25370,25371,1,0,0
20342,25372,25373,3,0,0.16733201089662922
20343,25373,25374,1,1,0.56468317262004974
20344,25374,25375,5,0,0.10739222047644174
20345,25375,25376,5,0,0
20346,25376,25377,2,0,0.15410959370933267
20347,25377,25378,3,1,0.32283706580122412
20348,25378,25379,5,0,0.049560422843893594
20349,25379,25380,4,0,0.12923767072631892
20350,25380,25381,3,0,0.11654726595572915
20351,25381,25382,5,1,0.57399255171660524
20352,25382,25383,5,0,0.17181525636381045
20353,25383,25384,3,0,0.48817204646616214
20354,25384,25385,2,1,0.61692066155313674
20355,25386,25387,4,0,0.15016536168125003
20356,25387,25388,3,1,0.24140872726367885
20357,25388,25389,5,0,0.14450462071619202
20358,25389,25390,1,0,0.098650205272650532
20359,25390,25391,3,0,0.14857311574598212
20360,25391,25392,1,0,0.079963458036873006
20361,25392,25393,3,0,0.076331402018471939
20362,25393,25394,3,0,0.12361552043406171
20363,25394,25395,2,0,0.071196344272007397
20364,25396,25397,3,0,0.23886187391653044
20365,25397,25398,3,0,0.57106536060927215
20366,25398,25399,5,0,0.034963682172874329
20367,25399,25400,4,0,0.091710519619756709
20368,25400,25401,1,1,0.7877902963939617
20369,25401,25402,4,0,0
20370,25402,25403,2,1,0.24159910828720474
20371,25403,25404,4,0,0.17005576292051006
20372,25404,25405,3,0,0.076194695539710935
20373,25405,25406,3,1,0.30782174810691654
20374,25406,25407,4,1,0
20375,25407,25408,1,0,0
20376,25408,25409,1,0,0.14704431980460242
20377,25409,25410,5,0,0.036499014551027754
20378,25410,25411,3,0,0.083876089305809601
20379,25411,25412,2,0,0.039597198965041089
20380,25412,25413,2,0,0.073487651521605982
20381,25414,25415,5,0,0.070685556275478248
20382,25415,25416,3,1,0.66942324089089955
20383,25416,25417,4,0,0
20384,25417,25418,5,0,0.038301569389456787
20385,25418,25419,4,1,0.084281401374521628
20386,25419,25420,3,0,0.22557807153055756
20387,25421,25422,4,0,0.23268290485355655
20388,25422,25423,5,0,0.039547578711262452
20389,25426,25427,4,1,0.62168946299488914
20390,25427,25428,1,0,0
20391,25428,25429,4,0,0.40034415495482711
20392,25429,25430,3,0,0.042741841853576566
20393,25430,25431,4,0,0.2050151513223111
20394,25432,25433,2,0,0.12437479367814833
20395,25433,25434,4,0,0.64248871760085913
20396,25434,25435,2,0,0
20397,25435,25436,3,1,0.10424085302212649
20398,25437,25438,4,0,0.1260924176875802
20399,25438,25439,1,0,0
20400,25439,25440,4,0,0.036775651726046667
20401,25440,25441,1,0,0.18090095242533255
20402,25441,25442,2,0,0.16438207276206923
20403,25442,25443,2,1,0.069878795599248797
20404,25443,25444,5,1,0.27906647165940079
20405,25444,25445,2,0,0.077889955457732279
20406,25445,25446,1,0,0.18455458026419935
20407,25446,25447,2,0,0.17344707089089825
20408,25448,25449,4,0,0.11207882056839279
20409,25449,25450,1,0,0.087624318159097117
20410,25451,25452,4,0,0.15921894882561732
20411,25452,25453,5,0,0.11861220938106197
20412,25453,25454,3,1,0.52080683057821087
20413,25454,25455,1,0,0.075727714508197583
20414,25455,25456,4,0,0.20099254803043512
20415,25456,25457,1,0,0.070999476089735294
20416,25457,25458,3,1,0.12293032875717669
20417,25458,25459,5,0,0.13997975670076093
20418,25459,25460,5,1,0.22364105399042189
20419,25460,25461,2,1,0.71627017457928543
20420,25461,25462,4,0,0.033956268100134003
20421,25462,25463,1,0,0.074233011890668332
20422,25463,25464,4,0,0.19452144398018728
20423,25464,25465,3,0,0.038973074587836026
20424,25465,25466,5,0,0.071772691935926586
20425,25466,25467,4,1,0.54565436861153438
20426,25467,25468,4,1,0.7929046733233801
20427,25468,25469,2,0,0.036090357238242707
20428,25469,25470,1,0,0.038368918394992367
20429,25470,25471,1,0,0.077725569444691098
20430,25471,25472,5,1,0.26068165389347708
20431,25472,25473,3,1,0.15532094736359606
20432,25473,25474,1,0,0.041501654306684628
20433,25474,25475,4,0,0.29204029358534428
20434,25475,25476,4,0,0
20435,25477,25478,4,0,0.12083012278965129
20436,25478,25479,2,0,0.040121942825982269
20437,25479,25480,4,0,0.20174045954090139
20438,25480,25481,2,1,0.095725984019565724
20439,25482,25483,2,0,0.11218721473795373
20440,25483,25484,4,1,0.20276497245241393
20441,25484,25485,2,1,0.824099614069839
20442,25485,25486,4,0,0.036697551397706259
20443,25486,25487,5,0,0.28379435121595042
20444,25487,25488,5,0,0.032742305842274416
20445,25488,25489,2,0,0.033794023850914276
20446,25489,25490,5,0,0.085533173588471428
20447,25492,25493,4,0,0.1227624120237797
20448,25493,25494,3,0,0
20449,25494,25495,2,0,0.10357583118751405
20450,25495,25496,1,0,0.0402672838212422
20451,25497,25498,2,0,0.19651215205833394
20452,25498,25499,2,0,0.12566016519263154
20453,25499,25500,3,0,0.076984383713655541
20454,25500,25501,3,0,0.11546383405337288
20455,25501,25502,4,0,0.25496170828734499
20456,25502,25503,2,0,0.11647195657278692
20457,25503,25504,4,0,0.15286937263668901
20458,25504,25505,3,1,0.15744241085102442
20459,25505,25506,4,0,0.081732288143210471
20460,25506,25507,1,0,0.1048222627313493
20461,25508,25509,1,0,0
20462,25509,25510,3,0,0.12870608291885058
20463,25511,25512,4,0,0.118638474049983
20464,25512,25513,5,1,0.26223905079594167
20465,25514,25515,3,1,0.11904622499632679
20466,25515,25516,2,0,0.22469492388882062
20467,25516,25517,5,0,0.1427938978663654
20468,25517,25518,2,0,0.10865127175281228
20469,25518,25519,1,0,0.15411698674941987
20470,25520,25521,2,0,0.51427659770738443
20471,25521,25522,4,0,0.22202090930755125
20472,25522,25523,5,0,0.084606821613698729
20473,25523,25524,3,0,0.093992401455681246
20474,25525,25526,3,0,0.037821190952599004
20475,25526,25527,1,0,0.11219506912504185
20476,25527,25528,1,0,0.28780948518287292
20477,25529,25530,5,0,0.069107200617965311
20478,25530,25531,4,1,0.69782570426798496
20479,25532,25533,5,0,0.72395389146933797
20480,25533,25534,4,0,0.074474279049695738
20481,25534,25535,2,1,0.28534742259090673
20482,25535,25536,4,0,0.03719278538583335
20483,25537,25538,1,0,0.25372758270756074
20484,25538,25539,1,0,0.13294638279892051
20485,25539,25540,1,0,0.12171070139294361
20486,25540,25541,4,1,0.60863113811684433
20487,25541,25542,5,0,0.20402574660791994
20488,25542,25543,3,0,0.039512019624441758
20489,25543,25544,3,1,0.19998825148239782
20490,25545,25546,1,0,0.34172100988175613
20491,25546,25547,3,0,0.41929655280672334
20492,25547,25548,4,0,0.083380967715725299
20493,25548,25549,2,1,0.85082062526120772
20494,25549,25550,1,0,0.15709939531823899
20495,25550,25551,1,0,0.077217417058955601
20496,25551,25552,2,0,0.20349027946924028
20497,25552,25553,5,1,0.36011026665778395
20498,25553,25554,5,0,0
20499,25554,25555,3,0,0.12477012258354014
20500,25555,25556,1,0,0.36395461700803466
20501,25556,25557,2,0,0.376409054457439
20502,25557,25558,1,0,0.25708350444613359
20503,25558,25559,3,0,0
20504,25561,25562,3,0,0.069922366252489709
20505,25562,25563,5,0,0.41808918812135393
20506,25564,25565,1,0,0.18433925310986857
20507,25565,25566,3,0,0.034158090298356196
20508,25566,25567,3,0,0.029650693115382449
20509,25568,25569,5,0,0.10782963460367538
20510,25570,25571,3,0,0.13964069162537554
20511,25572,25573,1,1,0.15467713308546821
20512,25573,25574,3,0,0.18897407622842954
20513,25574,25575,1,1,0.74730025869336647
20514,25575,25576,2,0,0.1103858474349189
20515,25576,25577,4,0,0.034569046107582525
20516,25577,25578,4,0,0.066493916136589531
20517,25578,25579,3,0,0.2591903022385727
20518,25579,25580,2,1,0.2298698739685146
20519,25580,25581,5,0,0.6181788245641251
20520,25581,25582,4,0,0.11845250202010324
20521,25582,25583,5,0,0.035579579393827651
20522,25583,25584,1,0,0.14376350351458467
20523,25584,25585,4,1,0.71147516471973726
20524,25585,25586,4,0,0.062791386687215511
20525,25586,25587,4,1,0.23087865088695869
20526,25587,25588,1,1,0.4193506572188801
20527,25589,25590,3,0,0.232118769967945
20528,25590,25591,2,1,0.71423831392779513
20529,25591,25592,5,0,0.03951578130924939
20530,25594,25595,2,0,0.035613521877017107
20531,25595,25596,4,0,0.15667830485536424
20532,25596,25597,1,0,0.26123872914840374
20533,25597,25598,1,0,0.030487404722208202
20534,25600,25601,2,0,0.038124773893683739
20535,25602,25603,4,0,0
20536,25604,25605,2,1,0.67366545980452908
20537,25605,25606,2,0,0.072141851955936295
20538,25606,25607,5,0,0.11225519205019645
20539,25607,25608,5,0,0.084629405195405794
20540,25608,25609,5,1,1
20541,25610,25611,3,0,0.034285148239586116
20542,25611,25612,4,0,0.029842058352991484
20543,25612,25613,1,0,0.17464066672202525
20544,25613,25614,4,0,0.035037511977302434
20545,25616,25617,5,0,0.11890677104994933
20546,25617,25618,5,0,0.1540789793625246
20547,25618,25619,2,0,0.038148243554447611
20548,25623,25624,1,0,0.085677085121100602
20549,25624,25625,5,0,0.052498438348061852
20550,25626,25627,1,0,0.079621433934029456
20551,25627,25628,5,1,0.18468778104863906
20552,25628,25629,4,0,0.12529230146477921
20553,25629,25630,2,1,0.55559113314405684
20554,25631,25632,2,0,0.45959665901120461
20555,25632,25633,5,0,0.035285598749421186
20556,25633,25634,3,1,0.8029823413664513
20557,25634,25635,3,0,0.12703329204997252
20558,25635,25636,2,0,0.067036261700475636
20559,25636,25637,4,0,0.043922818745279354
20560,25638,25639,5,0,0.28284323166203895
20561,25639,25640,4,0,0.039962661825256277
20562,25640,25641,2,0,0.11548282450378167
20563,25641,25642,3,0,0
20564,25643,25644,5,0,0.1166813053958915
20565,25644,25645,5,0,0.062039101799805235
20566,25646,25647,2,0,0.082194251084595091
20567,25647,25648,5,1,0.30796349085773639
20568,25648,25649,4,0,0
20569,25649,25650,3,0,0
20570,25650,25651,3,0,0.1424531245595661
20571,25652,25653,4,1,0.08182741418528372
20572,25653,25654,5,0,1.3443783455437584e-06
20573,25654,25655,2,0,0.064942806757984251
20574,25655,25656,1,0,0.19157510269039829
20575,25656,25657,1,0,0.1951145882143053
20576,25657,25658,3,0,0.29243468578799608
20577,25658,25659,5,0,0.081501888902823699
20578,25659,25660,1,0,0.1531255255252135
20579,25660,25661,2,0,0.11297130713623182
20580,25661,25662,5,0,0.0738143626445361
20581,25662,25663,2,0,0.16029960923852538
20582,25664,25665,5,0,0.074195164437323963
20583,25666,25667,3,0,0.12169144522589456
20584,25667,25668,5,0,0.067041655707012426
20585,25668,25669,5,1,0.1586043906460243
20586,25669,25670,5,0,0.091891446330186241
20587,25670,25671,4,0,0
20588,25672,25673,5,0,0.17945820503972584
20589,25674,25675,4,0,0.21586089937356026
20590,25675,25676,2,0,0.1183732707443995
20591,25677,25678,3,0,0.14904843627213007
20592,25678,25679,3,1,0.73740757775620502
20593,25679,25680,3,0,0.051121199397598953
20594,25680,25681,3,0,0.037966200194129926
20595,25681,25682,4,0,0.2358902521574896
20596,25682,25683,2,0,0
20597,25683,25684,3,0,0.15005398255446201
20598,25685,25686,4,0,0
20599,25686,25687,5,0,0.32245830952446014
20600,25688,25689,1,0,0.03720138400744584
20601,25689,25690,2,0,0.043446153891976605
20602,25690,25691,2,0,0.12488526418733008
20603,25691,25692,1,1,0
20604,25693,25694,1,0,0
20605,25694,25695,5,0,0.074324309508697048
20606,25695,25696,5,0,0.082741549806295778
20607,25696,25697,1,0,0.041067553919558741
20608,25699,25700,5,0,0.11315379177052663
20609,25700,25701,1,0,0
20610,25701,25702,3,0,0.16504786134239305
20611,25702,25703,3,0,0.037695354309899655
20612,25703,25704,5,0,0.088102386607767688
20613,25706,25707,3,0,0
20614,25707,25708,1,0,0.078917799367730496
20615,25708,25709,3,0,0.39079353634814468
20616,25709,25710,4,0,0.061260296199759097
20617,25710,25711,2,0,0.35530948746208812
20618,25712,25713,3,0,0.18442445238478891
20619,25714,25715,3,0,0.059496578233180115
20620,25715,25716,3,0,0.10905077828575717
20621,25716,25717,2,0,0.39187097262700515
20622,25717,25718,4,0,0
20623,25718,25719,2,0,0
20624,25719,25720,4,0,0.1963283883508106
20625,25721,25722,2,1,0.19755850223945123
20626,25722,25723,5,0,0.077717570457113472
20627,25723,25724,4,0,0.17733458933784035
20628,25724,25725,3,0,0.05721596548841703
20629,25725,25726,1,1,0.44477981367173086
20630,25726,25727,4,1,0.040414493425985971
20631,25727,25728,3,1,0.41564363516734559
20632,25728,25729,2,0,0.19362879795791443
20633,25731,25732,3,0,0.12197293774825688
20634,25732,25733,5,0,0.28918458381771728
20635,25733,25734,2,0,0.1276445854972561
20636,25735,25736,2,0,0.046420678964790171
20637,25736,25737,4,1,0.41994675954504196
20638,25738,25739,5,1,0
20639,25739,25740,1,1,0.71123785349731816
20640,25741,25742,1,1,0.70528346300839262
20641,25743,25744,1,1,0.12694999513875044
20642,25746,25747,1,0,0.070480273864558962
20643,25747,25748,3,0,0.17003186339447937
20644,25748,25749,5,0,0.039324987651308665
20645,25749,25750,1,1,0.02930773433205942
20646,25751,25752,1,0,0.03992916831453109
20647,25752,25753,1,0,0.50165336504225555
20648,25754,25755,3,0,0.11660989030981694
20649,25755,25756,1,0,0
20650,25756,25757,1,0,0.054764624929616354
20651,25757,25758,1,0,0.082858830294259223
20652,25758,25759,2,0,0.035913771947427876
20653,25759,25760,5,0,0.11156474738603901
20654,25760,25761,3,1,0.1977342434560885
20655,25761,25762,4,0,0.15636203801287005
20656,25762,25763,2,0,0.074293991892979472
20657,25763,25764,2,1,0.54959126479677933
20658,25764,25765,3,0,0.17733576567563897
20659,25765,25766,1,0,0.23070111495892887
20660,25766,25767,5,0,0.080495682216715617
20661,25767,25768,2,1,0.11342815075752916
20662,25768,25769,1,0,0.32005185707231087
20663,25769,25770,5,0,0.14031751872741161
20664,25770,25771,2,0,0.19704109107433068
20665,25771,25772,5,1,0
20666,25772,25773,3,0,0
20667,25773,25774,3,0,0.15095769178210169
20668,25774,25775,2,0,0
20669,25775,25776,1,0,0
20670,25776,25777,3,0,0.16307083048952392
20671,25777,25778,2,0,0.29436348049765509
20672,25779,25780,4,0,0.076383766719494733
20673,25780,25781,4,0,0.088796203918052916
20674,25781,25782,5,0,0.1712324210330658
20675,25782,25783,2,0,0.034290771921281028
20676,25784,25785,2,0,0.19602982852586165
20677,25786,25787,4,1,0.22899258818055426
20678,25787,25788,5,0,0.16457442199123856
20679,25790,25791,3,0,0.35701123111803851
20680,25791,25792,3,0,0.13733832175585492
20681,25792,25793,3,0,0
20682,25795,25796,3,0,0
20683,25796,25797,3,0,0
20684,25797,25798,4,1,0.76003921371279426
20685,25798,25799,3,1,0.20583510804146343
20686,25799,25800,3,0,0.075990349469571311
20687,25800,25801,5,0,0
20688,25801,25802,1,0,0
20689,25802,25803,4,0,0.32197828162782555
20690,25803,25804,3,0,0.47342222753224944
20691,25804,25805,2,0,0.15419661131503937
20692,25807,25808,3,0,0.1675324263405096
20693,25808,25809,2,0,0.52617043454053403
20694,25809,25810,4,0,0.11854252220422065
20695,25810,25811,1,0,0.087722663806821644
20696,25813,25814,2,0,0.038511614285716401
20697,25814,25815,2,0,0.093993212959551861
20698,25815,25816,4,1,0.03741415603660677
20699,25817,25818,3,1,0.20152675756673713
20700,25818,25819,3,0,0.076761606399545323
20701,25820,25821,4,0,0.11968177623149302
20702,25821,25822,3,1,0.27682529827463032
20703,25822,25823,3,0,0.071192550808185026
20704,25823,25824,1,0,0.18521187997237026
20705,25824,25825,3,0,0.18899821081030727
20706,25825,25826,4,0,0.036133092710513126
20707,25827,25828,2,0,0.11188434741749002
20708,25828,25829,3,1,0.10469254887667898
20709,25829,25830,4,0,0.27935688405562814
20710,25830,25831,2,1,0.40166533002813587
20711,25831,25832,3,0,0.11391237711351326
20712,25833,25834,4,0,0.19657241008096893
20713,25834,25835,2,1,0.92225868085268548
20714,25835,25836,4,0,0.037644185573301882
20715,25837,25838,5,1,0.58490802706050804
20716,25838,25839,3,1,0.38076085482902161
20717,25839,25840,3,1,0.12813886291625129
20718,25840,25841,4,0,0.20506044239630308
20719,25841,25842,3,0,0.079104451215046168
20720,25842,25843,3,0,0
20721,25844,25845,1,1,0.36812819474191877
20722,25845,25846,4,1,0.19426585043505523
20723,25847,25848,4,0,0
20724,25848,25849,1,0,0.041441143421317155
20725,25849,25850,3,0,0.15995726852877193
20726,25852,25853,1,0,0.1677202685383101
20727,25853,25854,2,0,0.20820866536964822
20728,25855,25856,5,0,0.075316618932787391
20729,25856,25857,1,0,0
20730,25857,25858,5,0,0.11459085597237842
20731,25858,25859,3,1,0.25592480827638198
20732,25859,25860,1,0,0.22573693965091776
20733,25861,25862,1,0,0.035755434120571396
20734,25862,25863,4,0,0.11959864028563966
20735,25864,25865,3,0,0.14231094760330246
20736,25867,25868,3,0,0.1551434012322318
20737,25868,25869,4,0,0.18141038584902031
20738,25869,25870,4,1,0.6626905676077266
20739,25870,25871,3,0,0.074400942197996076
20740,25873,25874,2,1,0.26102879379180255
20741,25874,25875,1,1,0.7577892220003708
20742,25875,25876,5,0,0.044737018044510586
20743,25876,25877,4,1,0.036603198415799981
20744,25877,25878,3,0,0.038151395969072494
20745,25878,25879,1,1,0.71976887989163996
20746,25880,25881,5,0,0
20747,25881,25882,5,0,0.24640510000454421
20748,25883,25884,3,0,0
20749,25884,25885,5,1,0.57120902403959706
20750,25885,25886,4,0,0.037750109524403608
20751,25887,25888,1,0,0.083893057057706194
20752,25888,25889,5,0,0.07849325893513813
20753,25889,25890,1,0,0.27609320956439559
20754,25890,25891,5,0,0.19137838118179087
20755,25891,25892,3,0,0
20756,25892,25893,4,0,0.27903590052925553
20757,25893,25894,3,0,0.028248738515783724
20758,25894,25895,4,0,0.11890987712987343
20759,25895,25896,2,0,0.078903024725486354
20760,25896,25897,1,0,0.15122275154421305
20761,25897,25898,2,1,0.36129474816593815
20762,25899,25900,1,0,0.26990332326048366
20763,25902,25903,4,0,0.032594587003652205
20764,25903,25904,1,0,0
20765,25904,25905,4,1,0.37103901871780737
20766,25906,25907,1,0,0.073679374241490778
20767,25907,25908,2,0,0.11468108066890972
20768,25909,25910,1,0,0.23809183981254181
20769,25910,25911,3,0,0.038597734349424727
20770,25911,25912,3,0,0.17784959131749761
20771,25913,25914,1,0,0
20772,25915,25916,4,0,0.26436293103803649
20773,25916,25917,4,0,0.12403243685583282
20774,25918,25919,1,0,0.03927363318758216
20775,25919,25920,2,0,0.046500494568350044
20776,25920,25921,5,0,0.051017545093110198
20777,25921,25922,1,1,0.22711065255251767
20778,25922,25923,2,0,0.10601586606952433
20779,25923,25924,2,1,0.36253407055148007
20780,25924,25925,3,0,0.14551986048576687
20781,25925,25926,5,0,0.19119217969046248
20782,25926,25927,4,0,0.04298608081302311
20783,25927,25928,5,0,0.039991720164327539
20784,25929,25930,2,0,0.39396023182154299
20785,25931,25932,5,0,0
20786,25932,25933,3,0,0.055623999269568541
20787,25933,25934,3,1,0.71329095620856808
20788,25934,25935,4,0,0.050129793101728173
20789,25935,25936,1,0,0.066903247469404667
20790,25936,25937,1,0,0.15281008436026175
20791,25937,25938,3,0,0
20792,25938,25939,2,0,0
20793,25941,25942,4,0,0.080283775126040124
20794,25943,25944,4,0,0.073627113816123302
20795,25944,25945,2,0,0.28869818749520715
20796,25945,25946,4,0,0.1133134655913163
20797,25946,25947,3,0,0.037040187381449367
20798,25947,25948,2,0,0.15859735394167035
20799,25948,25949,2,0,0.1147898027040095
20800,25949,25950,2,0,0.073186567437060077
20801,25950,25951,1,0,0.04069910468044978
20802,25951,25952,3,0,0.039568463494459347
20803,25952,25953,3,0,0.072578532436450752
20804,25953,25954,4,0,0
20805,25954,25955,2,0,0.27436181478123411
20806,25955,25956,2,0,0.078170866275374978
20807,25956,25957,3,0,0.18793903252440061
20808,25957,25958,5,0,0.084050554039625441
20809,25958,25959,4,0,0.11803668878830985
20810,25959,25960,5,0,0.10388486499525047
20811,25960,25961,5,1,0.25142929971145622
20812,25961,25962,1,0,0.33064635991909186
20813,25962,25963,4,0,0.10245338294316124
20814,25963,25964,4,0,0.20936939770702717
20815,25964,25965,1,1,0.22048228389433522
20816,25965,25966,2,0,0.080629060793449989
20817,25966,25967,4,0,0
20818,25967,25968,4,0,0.038693906968501841
20819,25968,25969,5,0,0.2782681785908554
20820,25969,25970,1,0,0.19809791234992008
20821,25970,25971,3,0,0.10864202613378736
20822,25971,25972,4,0,0.21743883291157096
20823,25972,25973,5,1,0.38812948476060566
20824,25975,25976,4,0,0.037479171390197713
20825,25976,25977,1,1,0.1177811152850477
20826,25977,25978,2,1,0.18268864981388375
20827,25978,25979,4,0,0.28056219682910533
20828,25980,25981,5,0,0.20495322719543213
20829,25981,25982,1,0,0.11144899150813195
20830,25983,25984,3,0,0.049591163945920683
20831,25984,25985,4,1,0.44719852044270009
20832,25985,25986,2,0,0.026646901096477268
20833,25986,25987,3,0,0.38765566117453687
20834,25987,25988,3,0,0
20835,25990,25991,1,0,0.095664069910183558
20836,25991,25992,1,0,0.030876774966135483
20837,25996,25997,5,0,0.18291342579613046
20838,25997,25998,2,0,0.069783651615133446
20839,25998,25999,1,0,0.037533814188757099
20840,25999,26000,4,0,0.092321400640327997
20841,26001,26002,4,1,0.38739487350909541
20842,26002,26003,3,0,0
20843,26003,26004,5,0,0.15371381840770967
20844,26004,26005,4,1,0.073042329524244304
20845,26005,26006,4,1,0.19497755287444044
20846,26006,26007,5,1,0
20847,26007,26008,3,0,0.22143699968484187
20848,26009,26010,3,0,0
20849,26011,26012,5,0,0.16347452197312232
20850,26012,26013,3,1,0.60853248128526094
20851,26013,26014,3,0,0.19926355637265758
20852,26014,26015,1,0,0.064039764178771566
20853,26015,26016,1,0,0
20854,26016,26017,5,0,0.074195508450143027
20855,26017,26018,2,0,0.27562023754095472
20856,26018,26019,5,0,0.079661238130158407
20857,26019,26020,4,0,0.2548989477313382
20858,26020,26021,5,0,0.23937995878382939
20859,26021,26022,2,0,0
20860,26023,26024,5,0,0.04131900421843189
20861,26024,26025,4,0,0.086658158522682466
20862,26025,26026,5,0,0.26938255892159885
20863,26026,26027,2,0,0.22066158953502465
20864,26027,26028,4,1,0.19094659499583119
20865,26029,26030,3,1,0.075376940310387011
20866,26030,26031,2,0,0.11237731087161623
20867,26032,26033,4,0,0.036244476788163581
20868,26034,26035,4,1,0.59250983119429446
20869,26035,26036,1,0,0.10598356800391275
20870,26036,26037,5,0,0.078215550459617977
20871,26037,26038,5,0,0.038074789850333669
20872,26038,26039,3,0,0.27587726369741744
20873,26039,26040,5,0,0
20874,26040,26041,2,0,0.12010351306104798
20875,26041,26042,5,0,0.28526533760803585
20876,26042,26043,2,0,0.13604330361654279
20877,26044,26045,3,0,0
20878,26045,26046,3,0,0.094255599087720784
20879,26046,26047,2,0,0.10348567435737065
20880,26047,26048,3,0,0.15650237147085161
20881,26048,26049,5,0,0.22580236025358136
20882,26049,26050,4,0,0.040989281766784798
20883,26050,26051,3,0,0.31415801395907667
20884,26051,26052,4,0,0.037239020765436746
20885,26052,26053,1,0,0
20886,26053,26054,4,0,0
20887,26054,26055,3,0,0.12059264440589895
20888,26055,26056,1,0,0.17385649205200279
20889,26058,26059,3,1,0.36996701560722145
20890,26060,26061,3,0,0.2783995079124329
20891,26061,26062,4,0,0
20892,26062,26063,3,0,0.68886295377913653
20893,26063,26064,3,0,0.047409724468335517
20894,26064,26065,5,0,0.13033457729493519
20895,26065,26066,4,0,0.1128119256515592
20896,26066,26067,4,0,0.064481534511669034
20897,26067,26068,1,0,0.0799165982282488
20898,26068,26069,2,0,0.20729984511822119
20899,26069,26070,3,0,0.18600767029285148
20900,26070,26071,3,0,0.037131304545519848
20901,26071,26072,4,1,0.27768847787244427
20902,26072,26073,2,0,0.038119829176309676
20903,26074,26075,2,0,0.20847043828395775
20904,26075,26076,1,0,0.32699679264632747
20905,26076,26077,5,0,0.6479431039242457
20906,26077,26078,2,0,0.068983613733497859
20907,26078,26079,2,0,0.17535256098653915
20908,26079,26080,4,0,0.033781160512980538
20909,26080,26081,3,0,0.17107106597887414
20910,26081,26082,3,0,0.19236107172082459
20911,26084,26085,4,0,0.14360810086143716
20912,26085,26086,1,0,0.080118233156839164
20913,26086,26087,1,1,0.20440759751576543
20914,26087,26088,5,0,0.077939189871913658
20915,26088,26089,3,0,0.25595813075138285
20916,26091,26092,3,0,0.33825683524778494
20917,26092,26093,3,0,0.081490772230726122
20918,26093,26094,4,0,0.08235395225177701
20919,26094,26095,3,1,0.46151216082329333
20920,26096,26097,3,0,0.058717108664613091
20921,26097,26098,3,0,0.086052790675303581
20922,26098,26099,4,0,0.67678861591198203
20923,26099,26100,3,0,0.16482648625999716
20924,26100,26101,5,0,0
20925,26101,26102,1,0,0.7808558856653367
20926,26102,26103,3,0,0
20927,26103,26104,1,0,0.077658779890761753
20928,26104,26105,5,0,0
20929,26106,26107,5,0,0.11149975804613854
20930,26107,26108,3,0,0.20429756845413119
20931,26108,26109,3,1,0.5102472766369589
20932,26109,26110,2,0,0.032333923469912089
20933,26110,26111,3,0,0.22642241340457206
20934,26111,26112,4,0,0.083085946274354394
20935,26112,26113,3,0,0.24730241540600997
20936,26113,26114,1,0,0.028923130373368876
20937,26114,26115,2,0,0.22361929247075527
20938,26115,26116,2,0,0.26829149985620077
20939,26117,26118,3,0,0.11833151343611918
20940,26119,26120,3,1,0.11413222799191773
20941,26121,26122,5,1,0.12423020545963596
20942,26122,26123,3,0,0.099055575329923207
20943,26123,26124,2,0,0.12055679858567536
20944,26124,26125,4,0,0.19610096515693415
20945,26125,26126,3,0,0.28396688685625993
20946,26126,26127,2,0,0.20263630614233469
20947,26127,26128,5,1,0.19858934278116896
20948,26128,26129,3,0,0.059892015054005265
20949,26129,26130,1,0,0.29231195241058744
20950,26130,26131,4,0,0.050005555722407863
20951,26131,26132,3,0,0.11008586333554336
20952,26132,26133,5,0,0.50369410606235765
20953,26133,26134,5,1,0.19321424477874527
20954,26134,26135,3,0,0.17202856515398779
20955,26135,26136,3,0,0.18794936802845438
20956,26136,26137,1,0,0.074112696275414336
20957,26137,26138,5,0,0.076101314965949948
20958,26138,26139,2,1,0.77224728094133666
20959,26139,26140,5,0,0.044935623086701515
20960,26140,26141,5,0,0.29286717026677994
20961,26142,26143,5,0,0.034995319227325294
20962,26143,26144,5,0,0.37161046246120327
20963,26144,26145,4,0,0.040990133166155435
20964,26146,26147,2,0,0.49937606787479027
20965,26147,26148,5,0,0.028430483201890771
20966,26148,26149,2,1,0.5060160030911478
20967,26149,26150,3,0,0.079939695957787854
20968,26150,26151,5,1,0.65137901513748886
20969,26152,26153,4,0,0.04177943465224792
20970,26153,26154,5,0,0.15990917435120211
20971,26154,26155,3,0,0.1999531908337927
20972,26155,26156,2,0,0.094618183784650992
20973,26157,26158,4,0,0.035512253909960198
20974,26158,26159,3,1,0.07289247291683508
20975,26159,26160,5,0,0.1132460637204904
20976,26160,26161,4,0,0.20250794929296889
20977,26161,26162,5,0,0.074480827634233651
20978,26163,26164,2,0,0.04770265485025451
20979,26164,26165,2,1,0.32623245865853201
20980,26165,26166,2,0,0.10518049118032224
20981,26166,26167,4,0,0.036879819987804353
20982,26167,26168,2,1,0.63675293465292371
20983,26168,26169,3,1,0.40500247959245211
20984,26169,26170,2,0,0.32978983391427619
20985,26170,26171,5,1,0.51199526411707419
20986,26172,26173,1,0,0.15615008718380446
20987,26173,26174,2,1,0.65219296848360386
20988,26174,26175,4,0,0.14769094531357665
20989,26175,26176,5,0,0
20990,26176,26177,4,0,0.038493251230342695
20991,26177,26178,3,0,0.1743219433293533
20992,26178,26179,5,0,0.14440625857349434
20993,26180,26181,4,0,0.19602210645998042
20994,26181,26182,3,0,0
20995,26182,26183,1,0,0.20843239343351463
20996,26183,26184,1,0,0.27446166791015991
20997,26184,26185,4,1,0.030775452819601496
20998,26185,26186,5,0,0.23041023771255434
20999,26186,26187,4,0,0.059770351143730173
21000,26187,26188,3,0,0.10011690848502321
21001,26188,26189,2,1,0.33296892651379445
21002,26189,26190,5,0,0.20103461697375191
21003,26190,26191,3,0,0
21004,26191,26192,5,0,0.10660997881002153
21005,26192,26193,4,1,0.18289702726087867
21006,26193,26194,2,0,0.075771993840537136
21007,26194,26195,5,0,0
21008,26195,26196,2,0,0.077879634103167117
21009,26196,26197,1,0,0.08403055075126277
21010,26197,26198,1,0,0
21011,26198,26199,3,0,0.2510414817729289
21012,26199,26200,2,0,0.23415307817739214
21013,26201,26202,1,0,0.15219678993387079
21014,26202,26203,5,0,0.18128738656163351
21015,26204,26205,5,0,0.092350499126702942
21016,26206,26207,4,0,0.077732732770474766
21017,26207,26208,3,0,0
21018,26208,26209,2,0,0.036721562409775241
21019,26209,26210,3,0,0.3860296916686467
21020,26210,26211,3,0,0
21021,26211,26212,5,0,0.46289608840336455
21022,26212,26213,2,0,0.19226078159637994
21023,26213,26214,1,0,0.23368198546849911
21024,26214,26215,2,0,0.078371832030461691
21025,26216,26217,4,1,0.71342986246514573
21026,26217,26218,4,0,0.15880291121436244
21027,26218,26219,3,1,0.084289636461379241
21028,26222,26223,5,0,0.13758144537676559
21029,26223,26224,3,0,0.073942813653056008
21030,26225,26226,1,0,0
21031,26226,26227,3,0,0.070095037163303647
21032,26227,26228,1,0,0.2097480132393357
21033,26228,26229,2,0,0.086620361273225768
21034,26229,26230,5,0,0.14552961353168359
21035,26230,26231,2,1,0.10704247596113067
21036,26231,26232,4,0,0.11719044509721578
21037,26232,26233,1,0,0.079705854256008929
21038,26233,26234,1,0,0.038552009416419036
21039,26234,26235,3,1,0.76858820198329247
21040,26235,26236,1,1,0
21041,26236,26237,3,0,0.046714914858056601
21042,26237,26238,5,0,0.2434153777124595
21043,26238,26239,4,0,0.21121328194664524
21044,26239,26240,2,0,0
21045,26240,26241,3,0,0.030849480989602756
21046,26241,26242,5,0,0.075455385934253744
21047,26242,26243,3,0,0.04182881498142612
21048,26243,26244,1,1,0.51061890466006588
21049,26244,26245,5,0,0.085689628494360473
21050,26245,26246,2,0,0.10157295049523113
21051,26247,26248,3,0,0.14551380728563595
21052,26249,26250,1,0,1.2131731715569791e-06
21053,26251,26252,4,0,0.036472798171797695
21054,26252,26253,5,0,0.041295116354705126
21055,26254,26255,2,0,0.071583692260238765
21056,26255,26256,1,0,0.16305915429248816
21057,26256,26257,5,0,0.040213949380997802
21058,26257,26258,3,0,0.11172241579184665
21059,26258,26259,3,0,0.11274719726610978
21060,26260,26261,2,1,0.15555763051165361
21061,26261,26262,1,0,0.081274272124287075
21062,26262,26263,3,0,0.10839589693424995
21063,26263,26264,3,0,0.077939624031446275
21064,26264,26265,1,0,0.051435165639186937
21065,26265,26266,3,0,0.36940763568475188
21066,26266,26267,3,0,0.24553348748332834
21067,26267,26268,2,0,0.036472770356104488
21068,26268,26269,1,0,0.097140476815553642
21069,26271,26272,1,0,0.29441363493638123
21070,26272,26273,1,0,0.18661926550750224
21071,26273,26274,4,0,0.13794677057149884
21072,26274,26275,2,0,0.079224083175024607
21073,26275,26276,1,0,0.073383565651509983
21074,26276,26277,1,0,0.65865308357712871
21075,26277,26278,3,0,0.20804222858747376
21076,26278,26279,2,1,0.12274127758897913
21077,26279,26280,2,0,0.20002021223834746
21078,26280,26281,4,0,0.87446851996044084
21079,26282,26283,3,0,0.034961558315215871
21080,26283,26284,3,0,0.25460631750315649
21081,26284,26285,5,1,0.15761335729212134
21082,26285,26286,2,0,0
21083,26286,26287,4,0,0
21084,26287,26288,2,0,0.085105122423662805
21085,26288,26289,4,1,0.35275539399840466
21086,26289,26290,1,0,0
21087,26290,26291,3,0,0.23208882975231948
21088,26291,26292,2,0,0.12128793073751751
21089,26292,26293,5,0,0.14710534562327404
21090,26293,26294,5,0,0.35272726492646023
21091,26294,26295,1,1,0.1843971901289338
21092,26295,26296,2,0,0.12425946432110306
21093,26297,26298,3,1,0.56172756425073567
21094,26298,26299,3,0,0.23549749195012332
21095,26299,26300,1,0,0.14397444343352039
21096,26300,26301,5,1,0.27765999473667025
21097,26301,26302,2,0,0.11480792649803363
21098,26302,26303,4,0,0.039508984132150024
21099,26303,26304,1,0,0.57927609252750356
21100,26305,26306,1,0,0.12517276646709816
21101,26306,26307,4,0,0.2005842501740881
21102,26307,26308,1,1,0.77193749236056297
21103,26308,26309,1,0,0.073683820903265765
21104,26309,26310,1,0,0.080155782948460957
21105,26310,26311,4,0,0
21106,26311,26312,1,0,0.093763322147741621
21107,26312,26313,1,1,0.36491917886878056
21108,26313,26314,2,1,0.77608148488202555
21109,26314,26315,4,1,0.70209246627540289
21110,26315,26316,2,1,0.21609714264043656
21111,26316,26317,3,0,0.15394479113714712
21112,26317,26318,5,0,0.035066575578987763
21113,26320,26321,3,0,0.11115448128401165
21114,26321,26322,2,1,0.12644267151287966
21115,26322,26323,3,0,0.17235691722033789
21116,26323,26324,5,0,0.22179989619997309
21117,26325,26326,5,0,0.20828220361449151
21118,26326,26327,5,1,0.62669025663298816
21119,26327,26328,5,1,0.50724908452126938
21120,26328,26329,1,0,0.10372873588710249
21121,26330,26331,5,0,0.39540356662407816
21122,26332,26333,5,0,0.12237350632424705
21123,26333,26334,4,0,0.19779610679637505
21124,26334,26335,3,0,0.22722857844455785
21125,26335,26336,1,1,0.11864798870390991
21126,26336,26337,2,0,0.14368152346642113
21127,26337,26338,1,0,0
21128,26338,26339,3,0,0.088429449387921688
21129,26339,26340,5,1,0.031423393460909645
21130,26340,26341,4,0,0.39411356305431006
21131,26341,26342,2,0,0.042642547151530472
21132,26342,26343,1,0,0.032764689020706249
21133,26343,26344,4,0,0.096101410795447609
21134,26345,26346,4,0,0.080850129399679352
21135,26346,26347,2,1,0.29616049587305876
21136,26347,26348,3,0,0.56475437270802065
21137,26348,26349,3,0,0.035416246591970305
21138,26349,26350,4,0,0.026306493300483413
21139,26350,26351,1,0,0.04871892458131806
21140,26351,26352,3,0,0.035773384654015139
21141,26352,26353,4,1,0.14601189312803095
21142,26355,26356,1,0,0.11522555754674021
21143,26356,26357,1,0,0.040538523222701149
21144,26358,26359,5,0,0.6858212919779938
21145,26359,26360,5,0,0.089732549457318414
21146,26360,26361,2,0,0.15627136060829969
21147,26362,26363,1,0,0.28568188922724469
21148,26363,26364,5,0,0.37135931544913164
21149,26364,26365,4,0,0.25083716693217806
21150,26365,26366,2,0,0.1945296364228892
21151,26366,26367,1,0,0.085168719507025106
21152,26368,26369,2,0,0.11251709767597182
21153,26369,26370,4,0,0.077069247196592847
21154,26370,26371,3,1,0.13072534227510516
21155,26371,26372,2,0,0.071641052878184036
21156,26372,26373,4,0,0.38898770087152651
21157,26373,26374,1,0,0.20404093570633072
21158,26374,26375,5,1,0.36778494929198563
21159,26375,26376,2,0,0.37577493928330619
21160,26376,26377,2,1,0.035947325651140595
21161,26378,26379,2,1,0.7399714923745605
21162,26380,26381,1,0,0.15429307998807765
21163,26381,26382,2,0,0.34902765401219754
21164,26382,26383,1,0,0
21165,26384,26385,5,0,0.080696697015807811
21166,26385,26386,3,0,0.11982082662598416
21167,26387,26388,3,0,0.080336661776788929
21168,26388,26389,3,0,0.12330170320510928
21169,26389,26390,2,0,0.093328496308904788
21170,26390,26391,3,1,0.39292458706549593
21171,26391,26392,2,0,0.13838661685004769
21172,26393,26394,1,0,0.081634234072823816
21173,26397,26398,4,0,0.046575426999962123
21174,26398,26399,5,0,0.078659373107272612
21175,26399,26400,4,0,0.087858060370297961
21176,26401,26402,2,0,0.18981872816241729
21177,26402,26403,1,0,0.12632522675663013
21178,26404,26405,2,1,0.11987897752766619
21179,26405,26406,1,0,0.1963624990947459
21180,26409,26410,1,0,0.16304059110040106
21181,26410,26411,4,0,0.08258867381655477
21182,26411,26412,3,0,0.17460422411321982
21183,26412,26413,2,0,0.55492333729389165
21184,26413,26414,5,0,0.072880972551325654
21185,26414,26415,3,0,0
21186,26415,26416,5,0,0.21381409861978182
21187,26417,26418,3,0,0
21188,26421,26422,2,0,0.20351940057151646
21189,26422,26423,5,0,0
21190,26424,26425,4,0,0.033616630046843218
21191,26426,26427,5,1,0
21192,26428,26429,2,0,0
21193,26429,26430,1,0,0.26898713179627048
21194,26430,26431,2,0,0.18663069384800354
21195,26433,26434,4,0,0
21196,26434,26435,2,0,0.14184628556926313
21197,26436,26437,1,0,0.23552659752728042
21198,26437,26438,4,0,0.27508861112587318
21199,26438,26439,1,0,0.16120625213627734
21200,26440,26441,4,0,0.83104013049986425
21201,26442,26443,5,1,0
21202,26444,26445,2,0,0.2536150625654443
21203,26445,26446,1,1,0.30344384204131353
21204,26446,26447,1,1,0.16651244813039812
21205,26448,26449,5,1,0.16211372382869757
21206,26450,26451,1,0,0
21207,26452,26453,3,0,0.096909622341043555
21208,26453,26454,3,1,0
21209,26457,26458,2,0,0.56513932287182234
21210,26458,26459,4,0,0.10529587287829015
21211,26460,26461,1,0,0.063246978673422993
21212,26461,26462,3,0,0
21213,26463,26464,2,1,0.045460841437398376
21214,26464,26465,4,0,0.12676911259027815
21215,26465,26466,5,1,0.11820799215102198
21216,26468,26469,3,0,0.12457211575576489
21217,26469,26470,4,0,0.097612702080410577
21218,26470,26471,1,0,0.074381867323937201
21219,26471,26472,5,0,0.24247117879707891
21220,26473,26474,2,0,0.068284699344535751
21221,26474,26475,3,0,0.090346121508141947
21222,26476,26477,4,0,0
21223,26478,26479,1,0,0.12633587195348103
21224,26479,26480,4,1,0.26027627984733354
21225,26480,26481,2,0,0.1412726142578335
21226,26481,26482,3,0,0.12223479181459962
21227,26482,26483,3,0,0.16647300030123574
21228,26483,26484,2,0,0.56759322478542584
21229,26484,26485,4,1,0.20937725973409374
21230,26485,26486,5,0,0.15683218302566412
21231,26486,26487,1,1,0.23771212032178399
21232,26488,26489,4,0,0.11808798410606931
21233,26491,26492,2,0,0.061481721237137882
21234,26493,26494,2,0,0.15997471553918954
21235,26494,26495,3,1,0.42945266168090118
21236,26495,26496,3,0,0.26331329093666456
21237,26496,26497,3,0,0.23022610548227354
21238,26497,26498,5,0,0.11686351631011525
21239,26498,26499,4,0,0.082320591557070416
21240,26500,26501,3,1,0.5190723078520818
21241,26501,26502,5,1,0.069532278021436203
21242,26502,26503,2,1,0.68607724567204864
21243,26505,26506,4,0,0.02913089316380605
21244,26506,26507,5,1,0.85349254702200328
21245,26507,26508,3,0,0
21246,26508,26509,4,0,0.17553398756126154
21247,26509,26510,3,0,0.10839723502996793
21248,26510,26511,2,0,0.34083173868233774
21249,26511,26512,3,0,0.64289092206875309
21250,26513,26514,1,1,0.19553255467434999
21251,26514,26515,5,0,0.20869570201858909
21252,26515,26516,3,0,0.18560852783094842
21253,26516,26517,5,0,0.49435687645693299
21254,26518,26519,2,0,0.68582124545858569
21255,26519,26520,4,0,0.37307263651013967
21256,26520,26521,3,1,0.20897173034722322
21257,26521,26522,2,0,0.15628637501384116
21258,26522,26523,2,0,0.090796427545780586
21259,26523,26524,3,0,0.18503149161979141
21260,26524,26525,1,1,0.60435445047307201
21261,26525,26526,5,0,0.25225564245752374
21262,26527,26528,5,0,0.080343769485820352
21263,26528,26529,2,1,0.037289918515240529
21264,26529,26530,2,0,0.035053514493932861
21265,26530,26531,2,1,0.6223193534911996
21266,26531,26532,1,0,0.076489179834094423
21267,26533,26534,1,1,0.20600286741239401
21268,26534,26535,5,1,0.081251195578257995
21269,26535,26536,5,1,0.65478507682485965
21270,26536,26537,3,0,0.15208314612094756
21271,26537,26538,3,0,0.2053765105762573
21272,26540,26541,3,0,0.40648812133972639
21273,26541,26542,2,1,0.11366858163085
21274,26542,26543,2,0,0.1662261132524589
21275,26544,26545,1,0,0
21276,26545,26546,3,0,0.20166647027763374
21277,26546,26547,2,0,0.16887581101552548
21278,26549,26550,1,0,0.046345891605337843
21279,26552,26553,5,0,0.084261001869333302
21280,26553,26554,1,0,0.20630991678713631
21281,26554,26555,3,0,0.58725162834570677
21282,26555,26556,2,0,0.2538443119686381
21283,26556,26557,3,1,0.61468008129107299
21284,26557,26558,5,0,0.12570784557532091
21285,26559,26560,4,0,0.13005176040280286
21286,26560,26561,3,0,0.66764498788770932
21287,26561,26562,1,0,0.17553813411309752
21288,26562,26563,3,0,0.1258024682834917
21289,26563,26564,2,0,0.12213683025627416
21290,26564,26565,2,0,0.70791246012794329
21291,26565,26566,1,0,0.028647352936890736
21292,26566,26567,3,0,0.160185773262673
21293,26568,26569,2,0,0.029644988260485006
21294,26569,26570,1,1,0.25126416891034636
21295,26571,26572,2,0,0.20838704338925976
21296,26573,26574,3,0,0.42327256678481573
21297,26574,26575,1,0,0.037309865015044748
21298,26575,26576,4,0,0.278558035906247
21299,26576,26577,4,0,0.13081665448199364
21300,26577,26578,5,0,0.16573180111773991
21301,26578,26579,2,0,0.19240890037344077
21302,26579,26580,3,0,0.79919491468137371
21303,26580,26581,2,0,0.16483282188836162
21304,26581,26582,1,0,0.18810879532780117
21305,26583,26584,5,0,0.074599434714861329
21306,26584,26585,5,1,0.18001157842912296
21307,26585,26586,3,1,0.080365354206171816
21308,26586,26587,4,1,0.15207112272526566
21309,26587,26588,4,1,0.56450516767362025
21310,26588,26589,3,1,0.61555744706542448
21311,26589,26590,3,0,0.12844794026669862
21312,26591,26592,5,0,0.081717396735311892
21313,26592,26593,3,0,0.037121609139791283
21314,26594,26595,2,0,0
21315,26597,26598,3,0,0.15230051004701212
21316,26598,26599,1,1,0.30661621204204331
21317,26599,26600,5,0,0.15612208583996096
21318,26600,26601,5,0,0.10937088359370052
21319,26601,26602,1,0,0.2446329136122822
21320,26602,26603,1,0,0.39507708360005306
21321,26603,26604,3,0,0.11964764797430129
21322,26604,26605,1,0,0.034733485123782111
21323,26605,26606,3,1,0.83936746200803136
21324,26606,26607,2,0,0.078074109967346927
21325,26607,26608,5,0,0.038853009475354895
21326,26608,26609,4,0,0.14715837197343312
21327,26610,26611,1,0,0.21993208035695419
21328,26611,26612,4,0,0.41195013547505027
21329,26612,26613,2,0,0.16215344386026337
21330,26613,26614,4,0,0.45847088315805684
21331,26614,26615,4,0,0.73097596807337084
21332,26615,26616,5,1,0.59618505814728784
21333,26616,26617,1,0,0.21335816403551913
21334,26617,26618,3,0,0.27105428809911952
21335,26618,26619,5,1,0.11041489032735215
21336,26619,26620,2,1,0.78928102057948701
21337,26620,26621,5,1,0.12289011409761336
21338,26622,26623,3,0,0.3059805375901743
21339,26623,26624,2,0,0.23268893757420556
21340,26624,26625,1,1,0.24552290493636084
21341,26626,26627,3,1,0.23846525389261133
21342,26627,26628,1,1,0.4296237763527202
21343,26628,26629,4,0,0.11850425254441692
21344,26629,26630,5,0,0.15411706375940534
21345,26630,26631,3,0,0.16574088019464578
21346,26632,26633,2,0,0.14862845647833292
21347,26633,26634,3,1,0.36202925845910122
21348,26634,26635,2,0,0.16599946294035478
21349,26635,26636,3,1,0.56561038048248125
21350,26636,26637,3,0,0.27216645154124391
21351,26637,26638,2,0,0
21352,26638,26639,4,0,0.066446312007804958
21353,26639,26640,3,0,0.20601143787154183
21354,26640,26641,2,1,0.85962592024640994
21355,26641,26642,5,0,0.13385454148874956
21356,26642,26643,2,0,0.15308368483551221
21357,26643,26644,1,1,0.73514415161029933
21358,26644,26645,3,1,0.13812705554337371
21359,26645,26646,4,1,0.1495335971630162
21360,26646,26647,4,0,0
21361,26648,26649,4,1,0.11802286466037344
21362,26649,26650,1,0,0.43483676265810522
21363,26651,26652,2,1,0.65894017547268391
21364,26652,26653,5,0,0.11972046205306612
21365,26653,26654,1,0,0.1923374631833932
21366,26654,26655,1,0,0.28360711934577137
21367,26656,26657,4,1,0.19203103222433943
21368,26657,26658,2,0,0.32500964087793011
21369,26658,26659,5,1,0.55591248728121412
21370,26660,26661,5,0,0.11535473535083145
21371,26661,26662,4,0,0.24784028063186156
21372,26662,26663,4,0,0.053012226021902455
21373,26663,26664,4,1,0.50581540354574217
21374,26664,26665,2,0,0.11815472837989674
21375,26665,26666,4,0,0.29110523846185388
21376,26666,26667,5,0,0.084938453805664907
21377,26668,26669,5,0,0.24373032256737664
21378,26669,26670,1,0,0
21379,26670,26671,2,0,0.1514737139003009
21380,26671,26672,3,0,0.14554798148391207
21381,26672,26673,2,0,0.24631845250536866
21382,26673,26674,2,0,0.18558819944629232
21383,26674,26675,4,0,0
21384,26676,26677,1,0,0.20121177570541984
21385,26677,26678,3,0,0.047756190742702279
21386,26678,26679,3,0,0.090346320624594786
21387,26680,26681,2,1,0.57915704001452439
21388,26682,26683,2,0,0.036370764306369763
21389,26683,26684,2,0,0.061522499829185125
21390,26684,26685,5,0,0.34337858033311791
21391,26685,26686,4,1,0.76244024886396888
21392,26686,26687,4,0,0.56179270487336397
21393,26687,26688,5,0,0.60737061824363126
21394,26688,26689,2,1,0.37984832954989461
21395,26689,26690,5,1,0.62708847463048834
21396,26691,26692,3,0,0.44698719799920755
21397,26692,26693,5,1,0.033369785620004019
21398,26693,26694,5,0,0.27568422541842391
21399,26694,26695,1,0,0.23922404553888696
21400,26695,26696,2,0,0.22077212221263148
21401,26696,26697,5,0,0.42083014254752699
21402,26697,26698,1,0,0.38569895591630804
21403,26698,26699,5,0,0.13486198307377853
21404,26699,26700,4,1,0.12244453332921171
21405,26700,26701,3,1,0.039911527966740225
21406,26701,26702,2,0,0.34140059978760945
21407,26702,26703,2,0,0.82226380502013352
21408,26703,26704,2,0,0.13920230044811538
21409,26704,26705,2,0,0
21410,26705,26706,1,0,0.15627162639381964
21411,26707,26708,3,0,0.24387424387385206
21412,26709,26710,1,0,0.1235185909243105
21413,26710,26711,4,1,0.12314541255961144
21414,26711,26712,4,0,0.11846912712759305
21415,26713,26714,1,0,0
21416,26714,26715,4,0,0.035147438430374538
21417,26715,26716,2,1,0.63578870129887421
21418,26716,26717,1,0,0.092225621324465407
21419,26717,26718,4,0,0.1397948090981096
21420,26718,26719,1,0,0.24962298232646402
21421,26721,26722,1,0,0.033422922102132623
21422,26723,26724,2,0,0.026409325038917981
21423,26724,26725,3,0,0.24733649418757378
21424,26726,26727,3,0,0.049280812089093302
21425,26728,26729,5,1,0.59584043393195218
21426,26729,26730,3,0,0.099073777062609336
21427,26730,26731,2,0,0.076464868954768381
21428,26733,26734,2,1,0.15910757360833575
21429,26734,26735,2,0,0.1311150097283334
21430,26736,26737,1,1,0.69522165240941658
21431,26737,26738,1,0,0.19948372972542863
21432,26738,26739,1,1,0.65104304275313196
21433,26739,26740,1,1,0.24078850208075073
21434,26740,26741,5,1,0.52408841894754199
21435,26741,26742,4,0,0.36338386979430609
21436,26742,26743,4,0,0.077539378180089852
21437,26743,26744,1,0,0.51688354131773551
21438,26744,26745,1,0,0.1523078462217933
21439,26745,26746,1,0,0.076439442459314513
21440,26746,26747,2,1,0.76134700514214448
21441,26747,26748,2,1,0.11224757799388989
21442,26748,26749,1,0,0.16290860264359314
21443,26750,26751,1,0,0.18271736274842834
21444,26751,26752,3,0,0.20210510562308517
21445,26753,26754,2,0,0.07608189158386941
21446,26754,26755,1,0,0.12006647733421817
21447,26755,26756,2,0,0.15560783124339114
21448,26756,26757,2,0,0.086712681813505249
21449,26757,26758,3,0,0.43644027887832071
21450,26758,26759,4,0,0.19222935469923083
21451,26759,26760,1,1,0.20981044843447599
21452,26760,26761,3,0,0
21453,26761,26762,4,0,0.39614646839267487
21454,26763,26764,2,0,0.15575980181019328
21455,26764,26765,5,1,0.63192450458043414
21456,26767,26768,5,0,0.026362857842187528
21457,26768,26769,2,1,0.11047765110570373
21458,26769,26770,4,0,0.10129164001592914
21459,26770,26771,1,0,0.1794284070827474
21460,26771,26772,4,0,0.11451211927944083
21461,26772,26773,4,0,0.12010180902309493
21462,26775,26776,5,0,0.032762984621054168
21463,26776,26777,5,0,0.11985146461896024
21464,26777,26778,3,1,0.12191758701185607
21465,26778,26779,3,0,0.15027557472374786
21466,26779,26780,4,0,0.66824080929040908
21467,26780,26781,5,0,0
21468,26781,26782,2,1,0.52089671456501818
21469,26784,26785,2,1,0.72756398255789212
21470,26785,26786,3,0,0.51098450999678668
21471,26787,26788,4,0,0.15468081969834366
21472,26788,26789,1,1,0
21473,26790,26791,2,0,0.14700468260878768
21474,26791,26792,5,0,0
21475,26792,26793,1,0,0.55772849043946249
21476,26793,26794,5,0,0.038781839983455614
21477,26794,26795,1,0,0.038082574453554903
21478,26795,26796,1,0,0.2028577219402648
21479,26796,26797,5,0,0.18479776772316778
21480,26797,26798,1,0,0.19580385914723175
21481,26798,26799,2,0,0
21482,26799,26800,2,0,0.07865592853498822
21483,26800,26801,5,0,0.054693969153763532
21484,26801,26802,1,1,0.93035092121425811
21485,26802,26803,3,0,0.27859231467749251
21486,26803,26804,5,1,0.7522839211211173
21487,26804,26805,2,0,0.040781688786581477
21488,26805,26806,5,0,0
21489,26807,26808,5,0,0
21490,26808,26809,4,1,0.081634438153349614
21491,26809,26810,2,0,0.065414782041038358
21492,26813,26814,5,1,0.059325144779346098
21493,26814,26815,3,0,0.11977250322526291
21494,26815,26816,2,0,0.33602803702445033
21495,26817,26818,3,0,0.077503285482551046
21496,26818,26819,5,1,0.29139794313141087
21497,26819,26820,4,0,0.16518461371094612
21498,26820,26821,4,0,0.035343566319131624
21499,26821,26822,2,0,0.17898763731982675
21500,26822,26823,4,0,0.36302118969634523
21501,26823,26824,3,0,0.03534842909635897
21502,26824,26825,1,0,0.078843498008085183
21503,26825,26826,4,0,0.16276818926581199
21504,26826,26827,5,1,0.61026380718063666
21505,26827,26828,1,0,0.20187531428108349
21506,26828,26829,1,0,0.098195250843387538
21507,26830,26831,4,1,0.10198463130890127
21508,26831,26832,5,0,0.068200480643356431
21509,26832,26833,5,0,0.059275397131567965
21510,26833,26834,5,0,0.07617726677131377
21511,26834,26835,4,0,0.072877269338971234
21512,26835,26836,2,0,0.043310554206684053
21513,26836,26837,4,0,0.035422164368391483
21514,26837,26838,5,0,0.42142742591101479
21515,26839,26840,5,0,0.082644443420764616
21516,26840,26841,4,0,0.2443454627045285
21517,26841,26842,3,0,0.081530606681862447
21518,26842,26843,1,0,0
21519,26843,26844,5,0,0.17848197755966638
21520,26844,26845,4,0,0.16889348800660539
21521,26845,26846,4,1,0.48115995028365388
21522,26846,26847,4,1,0.35797297104938658
21523,26847,26848,5,0,0.19890758824790866
21524,26848,26849,4,0,0.6088591364284861
21525,26850,26851,2,0,0
21526,26852,26853,1,0,0.070639330230542002
21527,26853,26854,1,1,0.26707383765273673
21528,26854,26855,2,0,0.17020307144665439
21529,26855,26856,2,0,0.088072220475325744
21530,26857,26858,3,0,0.12015423191398179
21531,26858,26859,4,1,0.48803776042167724
21532,26859,26860,1,0,0.041303602273661776
21533,26862,26863,5,0,0.045762697131100975
21534,26863,26864,3,0,0.17483453714918423
21535,26864,26865,4,0,0.12375031420528455
21536,26867,26868,2,0,0.16015963035902753
21537,26868,26869,2,0,0.25268578382337603
21538,26869,26870,2,0,0.12108978004891426
21539,26870,26871,3,1,0.50926175118398176
21540,26871,26872,2,0,0.1216135306188859
21541,26873,26874,5,0,0.17710021931210179
21542,26875,26876,4,0,0.15937264350569788
21543,26876,26877,3,0,0.0784983234985865
21544,26877,26878,4,0,0.038897182318646674
21545,26879,26880,2,0,0.53910818304172425
21546,26882,26883,5,0,0.038516446013925926
21547,26883,26884,3,1,0.082605956321508217
21548,26884,26885,2,1,0.041198034961663049
21549,26885,26886,4,0,0
21550,26886,26887,3,0,0.22970068979316235
21551,26887,26888,4,0,0.15288233089226674
21552,26888,26889,2,0,0.044692459541969862
21553,26889,26890,4,1,0.50309128142579151
21554,26890,26891,1,0,0.27892544447730927
21555,26891,26892,3,1,0.11864654431919268
21556,26894,26895,5,0,0.074704860803300882
21557,26895,26896,4,0,0.20901135870501397
21558,26896,26897,2,1,0.092737810210510224
21559,26897,26898,3,0,0.073834420890890901
21560,26898,26899,4,0,0.21286171235652865
21561,26899,26900,2,1,0.29434589736732625
21562,26900,26901,3,0,0
21563,26901,26902,5,0,0.2382225220627564
21564,26902,26903,4,0,0.23095981963069387
21565,26903,26904,1,0,0.0385688874498369
21566,26904,26905,2,0,0.040442397145238264
21567,26905,26906,2,0,0
21568,26906,26907,4,0,0.16238084099168046
21569,26907,26908,4,0,0.22739542961176248
21570,26909,26910,4,0,0.042685506392177684
21571,26910,26911,2,0,0.69235663248163171
21572,26912,26913,3,0,0.14534160799019405
21573,26913,26914,2,1,0.040265762364834555
21574,26914,26915,5,1,0.81293555011155505
21575,26915,26916,5,0,0
21576,26918,26919,3,0,0.48223379747376199
21577,26919,26920,1,1,0.20689108909828449
21578,26920,26921,3,0,0.034150095214519609
21579,26921,26922,2,1,0.042662426997614508
21580,26922,26923,1,0,0.17989316732930408
21581,26923,26924,2,0,0.084276694284927442
21582,26924,26925,4,0,0.16244381549905618
21583,26925,26926,1,1,0.68748778122467991
21584,26926,26927,1,0,0.11939902422292571
21585,26927,26928,3,0,0.14237187424427708
21586,26928,26929,1,0,0.38974994521445999
21587,26929,26930,5,1,0.58630274165320428
21588,26932,26933,2,1,0.16476448268095201
21589,26933,26934,5,0,0.051270165733827894
21590,26934,26935,2,1,0.22008626067432316
21591,26935,26936,3,0,0.18397001573741939
21592,26936,26937,4,1,0.34791155367740334
21593,26937,26938,5,0,0.34737588755165899
21594,26939,26940,1,0,0
21595,26940,26941,1,0,0.1151115381323848
21596,26941,26942,4,0,0
21597,26942,26943,3,1,0.74598412485862919
21598,26943,26944,4,1,0.29894501880660818
21599,26945,26946,1,0,0.12156535008169989
21600,26946,26947,4,0,0.26997439233641096
21601,26947,26948,2,1,0.68501987474018633
21602,26948,26949,2,0,0.17403061177463328
21603,26949,26950,4,0,0.057446894351050749
21604,26950,26951,5,0,0.18880716646065335
21605,26951,26952,5,0,0.55414082455175162
21606,26952,26953,5,0,0.23528864835043631
21607,26954,26955,1,0,0.072233539337967653
21608,26955,26956,5,0,0.12748244088483543
21609,26956,26957,1,0,0.081963999558970407
21610,26957,26958,4,0,0.040312170443734585
21611,26958,26959,5,0,0.034975629147974523
21612,26959,26960,1,0,0.034603924707202686
21613,26960,26961,5,0,0.1679172570855052
21614,26961,26962,1,0,0.089212214962785669
21615,26962,26963,3,0,0.2507177300091441
21616,26963,26964,1,0,0.036041773284031173
21617,26964,26965,1,0,0.32804862781924871
21618,26965,26966,2,1,0.15011496315887163
21619,26968,26969,4,0,0.045002349380356112
21620,26969,26970,3,0,0
21621,26970,26971,3,1,0.47474973495208422
21622,26971,26972,5,0,0.069713329796629961
21623,26972,26973,3,0,0.039622985290757737
21624,26973,26974,2,0,0
21625,26975,26976,1,0,0.23534487048763095
21626,26976,26977,3,0,0.082189550068799772
21627,26977,26978,1,0,0.069805162491065248
21628,26978,26979,4,0,0.58494497535444001
21629,26980,26981,2,0,0.03504088388320109
21630,26981,26982,5,0,0.12699471819184019
21631,26982,26983,5,0,0.12348860425646858
21632,26983,26984,2,0,0.082923623064214219
21633,26984,26985,1,0,0.1971208137404126
21634,26985,26986,4,0,0.22913679382466176
21635,26986,26987,2,0,0.16060065216840536
21636,26987,26988,4,0,0.078272597901833788
21637,26988,26989,5,0,0.12359852470782801
21638,26989,26990,5,0,0.074200315240167722
21639,26990,26991,1,0,0.21167005695692834
21640,26991,26992,4,0,0.053647787681881852
21641,26993,26994,2,0,1
21642,26994,26995,4,0,0
21643,26995,26996,2,0,0.075928645472230064
21644,26996,26997,3,1,0.90699104286202537
21645,26997,26998,5,0,0.12042944994238787
21646,26998,26999,1,0,0.11043004151295428
21647,26999,27000,5,0,0.15074696194007456
21648,27000,27001,1,0,0.19691493256616371
21649,27001,27002,4,0,0.19894382973541874
21650,27002,27003,5,0,0.23988662078862233
21651,27003,27004,1,0,0.43236196755883255
21652,27005,27006,2,1,0.54303573253244919
21653,27006,27007,1,0,0.27518781786959745
21654,27007,27008,2,0,0.15765007517162324
21655,27008,27009,1,0,0.11223698671111457
21656,27009,27010,3,0,0.19974602556501217
21657,27010,27011,1,0,0.75083429428071391
21658,27011,27012,4,0,0.037096072987742749
21659,27012,27013,3,0,0.037761472560786179
21660,27013,27014,2,1,0.4043520753483742
21661,27014,27015,1,0,0.1912816770067377
21662,27015,27016,1,0,0.14679916244325392
21663,27016,27017,2,0,0
21664,27018,27019,3,0,0.345056360408317
21665,27019,27020,4,0,0.11782848851783187
21666,27021,27022,4,0,0.24298566397046739
21667,27022,27023,1,0,0.12109098835583024
21668,27025,27026,4,0,0.078625562667486812
21669,27026,27027,3,0,0.37993603257538605
21670,27027,27028,4,1,0.7946435451506344
21671,27028,27029,4,1,0.19818844260330354
21672,27029,27030,1,0,0.10837143269472915
21673,27030,27031,2,0,0.20838715286537363
21674,27031,27032,4,0,0.16920041009330664
21675,27032,27033,1,0,0.040306772257374321
21676,27033,27034,5,0,0.03571312715099012
21677,27034,27035,3,1,0.27858545949863039
21678,27035,27036,2,0,0.1395941296987436
21679,27036,27037,3,0,0.18485146857653037
21680,27037,27038,4,0,0.19745890475626091
21681,27038,27039,3,0,0.07535592169941123
21682,27039,27040,1,1,0.18735676364233031
21683,27040,27041,4,0,0.082521363457614155
21684,27041,27042,4,0,0.28248923575496976
21685,27043,27044,5,1,0.15168962938940903
21686,27044,27045,3,0,0.19513779756358082
21687,27045,27046,2,0,0.039610168313817813
21688,27046,27047,1,0,0.11962016016770825
21689,27047,27048,1,1,0.57289525591608259
21690,27048,27049,4,0,0.67580390414309544
21691,27049,27050,2,1,0.083318670601916792
21692,27050,27051,2,0,0.2266339603384947
21693,27051,27052,3,0,0.2549360368118338
21694,27052,27053,4,0,0.26722359865317963
21695,27054,27055,2,0,0.10888285763933706
21696,27055,27056,2,0,0.16728319911159681
21697,27056,27057,3,0,0.40383843988540685
21698,27057,27058,5,1,0.149033067555711
21699,27059,27060,4,1,0.29225787831419581
21700,27060,27061,3,0,0.16298423489722419
21701,27061,27062,4,0,0.27590009792099662
21702,27062,27063,5,0,0.077946545570266937
21703,27063,27064,2,0,0.40948466718187981
21704,27064,27065,5,0,0.28807238517375755
21705,27065,27066,4,0,0
21706,27066,27067,3,1,0.21625047906854855
21707,27067,27068,1,0,0.10140161159545696
21708,27068,27069,3,1,0.64359566165365423
21709,27069,27070,5,0,0.08621709864845474
21710,27070,27071,3,0,0.066217916408763608
21711,27071,27072,2,1,0.96027065993970506
21712,27072,27073,3,0,0.14022441567028782
21713,27073,27074,2,0,0.035981937047205703
21714,27074,27075,3,1,0
21715,27075,27076,1,0,0.11449342765842632
21716,27076,27077,2,0,0.24855523893351958
21717,27077,27078,5,0,0.54454670657593818
21718,27078,27079,5,0,0
21719,27079,27080,4,0,0.12153176753380991
21720,27080,27081,3,0,0.1296758741302885
21721,27081,27082,5,0,0.072075987548385859
21722,27082,27083,2,1,0.81025636630119113
21723,27083,27084,2,0,0.040018754834194467
21724,27084,27085,4,1,0.74112820805566337
21725,27085,27086,1,0,0.081019713010575173
21726,27086,27087,1,0,0.19214751219374304
21727,27087,27088,3,0,0.44939153744935617
21728,27089,27090,2,0,0.1630708923405379
21729,27091,27092,4,1,0.5077010329844921
21730,27093,27094,2,0,0.1361706930383923
21731,27094,27095,1,0,0
21732,27096,27097,1,0,0.19429121633235064
21733,27098,27099,5,0,0.35773568663257554
21734,27099,27100,2,0,0.20068176574862501
21735,27100,27101,1,0,0.079676683476436139
21736,27101,27102,3,1,0
21737,27102,27103,2,0,0.15575187133628088
21738,27103,27104,3,0,0.17402998605475903
21739,27104,27105,3,0,0.03831244147247459
21740,27105,27106,5,1,0.27768187335858535
21741,27107,27108,1,0,0.15030252891128784
21742,27108,27109,4,0,0.069385714957967262
21743,27109,27110,4,0,0.26821011030953196
21744,27110,27111,3,1,0.51985476385997265
21745,27111,27112,1,1,0.73379741267559895
21746,27112,27113,4,1,0.1139624452149221
21747,27114,27115,3,0,0.036545038604446502
21748,27116,27117,3,0,0.074586584148850776
21749,27117,27118,5,0,0.21783806873754738
21750,27118,27119,3,0,0.20899196669466849
21751,27119,27120,3,1,0.036887612036435154
21752,27121,27122,1,1,0.31757662048122459
21753,27122,27123,2,1,0.68140801042744048
21754,27123,27124,4,0,0
21755,27124,27125,5,0,0.106204320227933
21756,27125,27126,3,0,0.34109352164881446
21757,27126,27127,4,0,0.13475534707670589
21758,27127,27128,2,0,0.19635103338445298
21759,27128,27129,1,0,0.11022514341922084
21760,27129,27130,3,1,0.24957019778582129
21761,27130,27131,1,0,0.0374368504026781
21762,27131,27132,5,1,0.18879469221417716
21763,27132,27133,5,0,0.117556345394541
21764,27134,27135,2,0,0.11663950880555206
21765,27136,27137,4,1,0.75819746650090825
21766,27137,27138,4,0,0.044132849928436559
21767,27138,27139,1,0,0.094957205513038628
21768,27139,27140,1,1,0.76099964604253223
21769,27140,27141,1,0,0.1911348156429212
21770,27141,27142,1,0,0.19115998468398673
21771,27145,27146,5,1,0
21772,27146,27147,4,0,0.078515521243790146
21773,27147,27148,5,0,0.23698778663007525
21774,27148,27149,4,0,0.071025631891385083
21775,27149,27150,5,1,0.64682413297053687
21776,27150,27151,1,0,0.38749142479737869
21777,27151,27152,3,0,0.19903748455796241
21778,27152,27153,5,0,0.071673904079756975
21779,27153,27154,3,0,0.21579741598946317
21780,27154,27155,2,1,0.6002087439754088
21781,27155,27156,1,0,0.32032894701288755
21782,27156,27157,5,1,0.51464538235930313
21783,27157,27158,1,1,0.77401065581506101
21784,27158,27159,4,1,0.23495873001519468
21785,27159,27160,3,1,0.070320724094452752
21786,27162,27163,4,0,0.19159525894420723
21787,27163,27164,1,0,0.73426469953621298
21788,27164,27165,5,0,0.30482712628002651
21789,27166,27167,1,0,0.57289279567753582
21790,27167,27168,3,1,0.20636470052648948
21791,27169,27170,1,0,0.03889234433225483
21792,27170,27171,3,0,0.25633629619852599
21793,27172,27173,3,0,0.18486616099699066
21794,27174,27175,4,0,0.24993048803380224
21795,27175,27176,5,0,0.057656016801377052
21796,27176,27177,5,0,0.35689808622848035
21797,27177,27178,2,0,0.11635926735781287
21798,27178,27179,4,1,0.53520520194731924
21799,27179,27180,2,0,0.068378333271295277
21800,27182,27183,2,0,0.036453632478386774
21801,27186,27187,4,0,0.18657576000595491
21802,27187,27188,2,0,0.24176840248276701
21803,27188,27189,3,0,0.12597857598795706
21804,27191,27192,4,0,0.32174672312098201
21805,27192,27193,4,1,0.96269374637385641
21806,27193,27194,4,1,0.36463496055676881
21807,27194,27195,5,0,0.058350447400470365
21808,27195,27196,4,1,0.57858652343579264
21809,27196,27197,5,1,0.23183786956624322
21810,27197,27198,4,0,0.14818696831648079
21811,27199,27200,5,0,0.15044523789157707
21812,27200,27201,3,0,0.15205322354363635
21813,27203,27204,4,0,0.31387892976136511
21814,27204,27205,3,0,0.21824893377040783
21815,27205,27206,4,0,0.20092738506071153
21816,27206,27207,1,0,0.09634529073980494
21817,27207,27208,3,0,0.1655649701225845
21818,27208,27209,3,0,0.11105202083859969
21819,27209,27210,3,1,0.51608262934334559
21820,27210,27211,1,0,0.16575065348312565
21821,27211,27212,2,1,0.50033648977021472
21822,27212,27213,4,0,0.037943039150421673
21823,27213,27214,4,1,0.61800446503153439
21824,27214,27215,5,0,0.76140878687827163
21825,27215,27216,1,0,0.11966758221848608
21826,27216,27217,2,1,0.85154903658080716
21827,27217,27218,3,1,0.6114215105936327
21828,27218,27219,1,0,0.24435680629770151
21829,27219,27220,3,0,0.077629353347270127
21830,27220,27221,2,0,0.063964552942205738
21831,27222,27223,3,1,0.24885022438212523
21832,27223,27224,1,0,0.048216122019890971
21833,27224,27225,3,1,0.11972580188372182
21834,27225,27226,2,0,0.3172822233266494
21835,27227,27228,2,0,0.036578492367168716
21836,27229,27230,1,0,0.1204303542472248
21837,27231,27232,3,0,0.11615352051525225
21838,27233,27234,2,0,0.041675889518941293
21839,27234,27235,1,0,0.12462411921640415
21840,27236,27237,4,1,0.21668566999937242
21841,27237,27238,4,0,0.086507399822211312
21842,27239,27240,4,0,0.15117957961188747
21843,27240,27241,4,0,0
21844,27241,27242,5,0,0.82290828558745288
21845,27242,27243,1,1,0.16574169279581491
21846,27244,27245,2,0,0.053264953230285496
21847,27245,27246,2,0,0.11317715113160134
21848,27246,27247,2,0,0.34998386127604464
21849,27247,27248,5,0,0
21850,27248,27249,2,0,0
21851,27249,27250,4,0,0.1196952273269581
21852,27251,27252,5,0,0.035202544455649687
21853,27252,27253,2,0,0.19045723829112066
21854,27253,27254,3,1,0.38342644760231176
21855,27254,27255,4,0,0.68633567458897027
21856,27255,27256,1,0,0.11791972947219297
21857,27256,27257,2,0,0.098516445828894489
21858,27258,27259,4,0,0.068843240517685284
21859,27259,27260,4,1,0.58264121732401308
21860,27260,27261,3,0,0.070180739526208957
21861,27261,27262,2,0,0.55522195014033338
21862,27262,27263,1,1,0.79626698203907564
21863,27263,27264,1,1,0.26473834901793925
21864,27265,27266,4,0,0.18630913798175341
21865,27266,27267,1,0,0.11795595123393904
21866,27267,27268,3,1,0.55919754587124504
21867,27268,27269,2,0,0.045412104942789487
21868,27270,27271,3,0,0.11974741488905678
21869,27271,27272,2,0,0.12571812134107813
21870,27272,27273,1,0,0.11477472055778386
21871,27273,27274,2,1,0.1310724596952425
21872,27274,27275,4,0,0.10255253307039187
21873,27276,27277,1,1,0.79322460031095732
21874,27279,27280,5,0,0.20628342838752628
21875,27280,27281,3,0,0.09916792968537827
21876,27281,27282,1,0,0.38119966888370543
21877,27282,27283,2,0,0.18693879375634598
21878,27283,27284,4,0,0.067307786386678142
21879,27284,27285,4,1,0.12676006908814785
21880,27285,27286,5,0,0.056513139282920281
21881,27286,27287,5,0,0.079319268894578604
21882,27287,27288,1,0,0.14767250568286006
21883,27288,27289,4,1,0.15185982374142606
21884,27291,27292,1,0,0.17978953067387757
21885,27292,27293,1,0,0.039267256452607278
21886,27293,27294,5,0,0.10340906716917174
21887,27294,27295,2,0,0.21909639384587989
21888,27295,27296,1,1,1.2525766411739854e-06
21889,27297,27298,1,1,0.19140212026859996
21890,27298,27299,1,1,0.31124996014348688
21891,27299,27300,2,0,0.037570363071726974
21892,27300,27301,5,0,0.19456558268538846
21893,27301,27302,3,0,0.22647554949460658
21894,27303,27304,1,0,0
21895,27304,27305,4,0,0
21896,27305,27306,1,0,0.042517889346216309
21897,27306,27307,1,0,0.27518068428949083
21898,27307,27308,2,0,0.07010427754884177
21899,27308,27309,4,0,0.54098406844618352
21900,27310,27311,3,0,0.2822809202700266
21901,27311,27312,1,0,0.38704403618882499
21902,27312,27313,5,0,0
21903,27313,27314,1,0,0.080085573557413012
21904,27315,27316,3,0,0.10517853673420761
21905,27316,27317,4,0,0.2700971809083087
21906,27317,27318,3,0,0.20803843247363185
21907,27318,27319,5,0,0.25683209185119499
21908,27319,27320,2,0,0.12965753617735662
21909,27321,27322,3,1,0.079173347260174873
21910,27322,27323,3,0,0.037959982897873723
21911,27324,27325,4,0,0
21912,27325,27326,2,0,0.28543350181793209
21913,27326,27327,3,0,0.082395541837958566
21914,27327,27328,4,0,0.15546854437917862
21915,27328,27329,2,1,0.034261814419560888
21916,27329,27330,5,0,0.24118233629720781
21917,27331,27332,5,0,0.19833406687880839
21918,27332,27333,2,0,0.086834642862650427
21919,27333,27334,4,0,0.24350606667361996
21920,27334,27335,2,0,0.1035080031664198
21921,27335,27336,2,0,0.31645526974754923
21922,27336,27337,5,1,0.684555236766481
21923,27337,27338,3,0,0.11410111004361839
21924,27338,27339,4,0,0.042913618839509365
21925,27339,27340,1,0,0.47890631292943564
21926,27340,27341,3,0,0.1706318343350201
21927,27341,27342,2,0,0.25352659746351219
21928,27344,27345,1,0,0.10568779498434215
21929,27345,27346,4,1,0.16023698700872324
21930,27346,27347,5,0,0.16728883305997308
21931,27347,27348,3,1,0.21145944276457176
21932,27350,27351,5,1,0.21252588502929379
21933,27353,27354,2,1,0.59687266659971916
21934,27354,27355,1,1,0.31994298208754879
21935,27355,27356,5,0,0.24496737643201724
21936,27357,27358,3,0,0
21937,27358,27359,3,0,0.057541363013868842
21938,27359,27360,3,0,0.15923689437387531
21939,27360,27361,3,0,0.7099707409078021
21940,27361,27362,3,1,0.2691862684438841
21941,27363,27364,3,0,0.069229512734039697
21942,27365,27366,1,0,0.30855655838543711
21943,27366,27367,5,0,0
21944,27367,27368,2,0,0.59784593800966723
21945,27369,27370,2,0,0.074485104456381318
21946,27371,27372,4,0,0.037140303105454422
21947,27372,27373,4,1,0.63883975806437931
21948,27373,27374,2,0,0.072730022194708921
21949,27374,27375,4,1,0.11774488177815925
21950,27375,27376,4,1,0
21951,27376,27377,4,0,0
21952,27377,27378,1,0,0.040613295981318853
21953,27378,27379,4,0,0.16692633365370763
21954,27379,27380,4,0,0.1996558092288743
21955,27380,27381,5,0,0
21956,27381,27382,2,0,0.18911698627004805
21957,27382,27383,4,0,0.090641912024174487
21958,27383,27384,3,0,0
21959,27384,27385,3,1,0.69526099611478698
21960,27385,27386,1,0,0.29500753322404466
21961,27386,27387,5,1,0.3314904845010781
21962,27388,27389,2,0,0.10897146672311984
21963,27389,27390,2,1,0.19371047587112739
21964,27390,27391,4,0,0.071079926587210074
21965,27391,27392,4,0,0.083770006447850889
21966,27392,27393,4,0,0.11676793202921899
21967,27393,27394,4,1,0.68533664946848982
21968,27394,27395,4,0,0.056065412728039318
21969,27395,27396,4,0,0.04252652910041059
21970,27396,27397,3,0,0.23869660031272708
21971,27398,27399,1,0,0.086997641752342633
21972,27399,27400,3,0,0.13285818916218853
21973,27400,27401,1,0,0.19989462991393378
21974,27401,27402,3,0,0.1481535046204191
21975,27403,27404,2,0,0.042434366258588797
21976,27404,27405,4,0,0.093051562988334308
21977,27405,27406,3,0,0.43477685204112826
21978,27406,27407,2,0,0.36403574692137119
21979,27407,27408,4,0,0.14906298296174553
21980,27408,27409,5,0,0.078189187856765333
21981,27409,27410,4,0,0.099176993395022797
21982,27410,27411,5,0,0.17817171830960307
21983,27411,27412,2,0,0.14170193130139916
21984,27412,27413,2,0,0.036308802594784043
21985,27413,27414,1,0,0.22304877121469227
21986,27414,27415,5,0,0.16018386803789372
21987,27415,27416,4,1,0.10312998614332626
21988,27416,27417,3,1,0.20384403431102344
21989,27417,27418,5,0,0.16281061327491031
21990,27418,27419,2,0,0.15972000784714133
21991,27420,27421,2,0,0.12289458518051899
21992,27421,27422,4,0,0.11683617546854663
21993,27423,27424,5,0,0.12486322530493728
21994,27425,27426,4,1,0
21995,27426,27427,1,0,0.14873111500914496
21996,27427,27428,2,1,0.59854410020337023
21997,27429,27430,3,0,0.12808455170428421
21998,27430,27431,3,1,0.078733846607482519
21999,27431,27432,4,1,0.14816652691514057
22000,27432,27433,1,0,0.39040489313765936
22001,27434,27435,5,1,0.29473633356322171
22002,27435,27436,3,0,0.11559449355492511
22003,27436,27437,1,0,0.29767558069027655
22004,27437,27438,5,0,0.075124518783111785
22005,27438,27439,5,0,0.040046797063454605
22006,27439,27440,4,0,0.65353088072856835
22007,27440,27441,2,1,0.24168992671681316
22008,27441,27442,1,1,0.19556420985205883
22009,27442,27443,1,0,0.41646399261594541
22010,27444,27445,5,0,0
22011,27445,27446,3,0,0.11934602454605753
22012,27446,27447,1,0,0.11909166666933342
22013,27448,27449,4,1,0.29464791088823555
22014,27451,27452,4,0,0.07844896291428502
22015,27452,27453,1,1,0.3194150698354451
22016,27453,27454,5,1,0.82489713327947034
22017,27455,27456,4,0,0.27925311680603654
22018,27456,27457,1,0,0.21557211536750548
22019,27457,27458,1,1,0.20621911434105969
22020,27458,27459,3,0,0.68285576912009538
22021,27459,27460,1,0,0.14993234525945098
22022,27461,27462,4,0,0.041288030034095126
22023,27462,27463,4,0,0.079208220281623304
22024,27463,27464,5,0,0.47053594221511352
22025,27465,27466,4,0,0.17392568025823199
22026,27466,27467,2,0,0.15167730877763272
22027,27467,27468,3,1,0.3021568772445577
22028,27468,27469,4,0,0
22029,27469,27470,2,0,0.72477500396971273
22030,27470,27471,3,1,0.74080332403231808
22031,27471,27472,2,0,0.037723853033723685
22032,27473,27474,5,1,0.64606996365295277
22033,27474,27475,4,0,0.068280368464772034
22034,27476,27477,5,0,0.77308109558539773
22035,27477,27478,2,0,0.23896490276773222
22036,27478,27479,5,0,0.14938060209227935
22037,27479,27480,1,0,0.20456992372561628
22038,27480,27481,3,0,0.046228666320039059
22039,27482,27483,5,0,0.47245619949701911
22040,27483,27484,4,0,0.31245243408989853
22041,27484,27485,2,1,0.71956617981782001
22042,27485,27486,1,1,0.69539474329934436
22043,27487,27488,1,0,0.1103976641329811
22044,27488,27489,5,0,0.16482945960976744
22045,27490,27491,3,0,0.12011369486854226
22046,27491,27492,1,0,0.11726172450650416
22047,27492,27493,2,0,0.27056020334189024
22048,27494,27495,1,0,0.20660707098760928
22049,27496,27497,5,0,0.11683397504383222
22050,27497,27498,2,0,0.16841148699238256
22051,27499,27500,3,1,0.96219371631083339
22052,27500,27501,5,0,0.22107544926815273
22053,27501,27502,2,1,0.16147910375697258
22054,27502,27503,4,0,0.038125857499546938
22055,27503,27504,3,0,0.25086291069317052
22056,27504,27505,4,0,0.088810065311569084
22057,27505,27506,4,0,0.14062876459434739
22058,27507,27508,3,1,0.11024067990703885
22059,27508,27509,1,0,0.11514783655656749
22060,27509,27510,4,1,0.42875997032016044
22061,27510,27511,4,0,0.59297822129408551
22062,27511,27512,4,1,0.30963775821263573
22063,27512,27513,3,0,0.079412855886949393
22064,27515,27516,4,0,0.3052815058996679
22065,27517,27518,2,0,0.28748323708434326
22066,27518,27519,2,0,0.26795675764575672
22067,27519,27520,2,0,0.070519147138320012
22068,27520,27521,5,1,0.036827059064363746
22069,27521,27522,2,0,0.43105946398705675
22070,27522,27523,2,1,0.19451387569193987
22071,27523,27524,5,1,0.29533295299184481
22072,27524,27525,5,0,0.1875697984840716
22073,27525,27526,1,0,0.22339961314121434
22074,27526,27527,5,1,0.28016362753838953
22075,27529,27530,1,0,0.50550078732369697
22076,27530,27531,5,0,0.11054612002988316
22077,27533,27534,2,1,0.49444041309381542
22078,27534,27535,2,0,0.2394124184527936
22079,27535,27536,5,1,0.71422901467662536
22080,27537,27538,4,0,0.2633798310624072
22081,27538,27539,5,0,0.17923006327761359
22082,27540,27541,3,1,0
22083,27541,27542,3,0,0.070429781059501179
22084,27542,27543,2,0,0.29314821310292838
22085,27543,27544,3,1,0.20939427303355948
22086,27544,27545,2,0,0.30717237381539741
22087,27545,27546,3,1,0.039329131399797775
22088,27546,27547,1,0,0.27962983388468604
22089,27547,27548,5,1,0.16148966956821723
22090,27548,27549,3,1,0.29060769599772962
22091,27549,27550,3,1,0.70711728469957447
22092,27550,27551,3,1,0.33203021090778845
22093,27551,27552,2,0,0.04348703879397213
22094,27552,27553,4,0,0.11709516514249373
22095,27553,27554,5,1,0.40081588660466794
22096,27555,27556,2,0,0.074427184879156685
22097,27556,27557,4,1,0.70647235720054713
22098,27557,27558,5,0,0.15436528627527105
22099,27558,27559,1,0,0.20738761078700457
22100,27559,27560,4,0,0
22101,27560,27561,3,0,0.31552995372089748
22102,27562,27563,3,0,0.08702520653244368
22103,27564,27565,4,1,0.11573672408422085
22104,27565,27566,1,0,0.34210518529846706
22105,27567,27568,5,0,0.040831834277440283
22106,27568,27569,2,0,0.32925585835540705
22107,27569,27570,3,1,0.11071156331823676
22108,27570,27571,5,0,0.20737487919128261
22109,27571,27572,4,0,0.074057565659831709
22110,27573,27574,1,0,0.19287762178759874
22111,27574,27575,4,0,0.04269485094254008
22112,27575,27576,4,0,0
22113,27576,27577,3,0,0.12456699077565617
22114,27577,27578,4,1,0.25848039188880478
22115,27578,27579,1,0,0.20296753302530185
22116,27579,27580,2,1,0.76001348225347243
22117,27581,27582,5,0,0.44357536325510855
22118,27582,27583,3,0,0.27742949963182534
22119,27583,27584,5,0,0.08324901928650949
22120,27584,27585,5,1,0.20372870929527775
22121,27586,27587,3,0,0.48467585437356464
22122,27587,27588,3,1,0.2394267476007316
22123,27588,27589,2,0,0.18094686182040845
22124,27589,27590,3,1,0.41689984118749951
22125,27590,27591,5,0,0.18524931737090583
22126,27591,27592,5,0,0.32223093076371218
22127,27592,27593,1,1,0.079733978820965709
22128,27593,27594,1,0,0.12607097152267219
22129,27594,27595,5,0,0.21948867388192325
22130,27597,27598,3,0,0.15420853941942467
22131,27599,27600,2,1,0.54987072834882222
22132,27600,27601,2,0,0.15815748897933965
22133,27601,27602,1,0,0.037669439023166461
22134,27603,27604,5,0,0.11778117749411714
22135,27604,27605,5,0,0.062975246554149295
22136,27606,27607,5,1,0.14722709944978499
22137,27608,27609,3,0,0.075497253346179183
22138,27609,27610,1,0,0.11707423979072328
22139,27610,27611,3,0,0.13974953527846859
22140,27612,27613,4,1,0.69107779844765671
22141,27614,27615,4,0,0
22142,27615,27616,4,1,0.67049053649237067
22143,27617,27618,2,0,0.26848593991862418
22144,27618,27619,5,1,0.69776645314016217
22145,27619,27620,4,1,0.19332199434743849
22146,27620,27621,2,0,0.11481379397291964
22147,27621,27622,2,0,0.19624833004769521
22148,27622,27623,2,0,0.1715062252042085
22149,27624,27625,3,0,0
22150,27626,27627,5,0,0.2252981673301257
22151,27628,27629,1,0,0.15756448496679998
22152,27629,27630,2,0,0.1147947589241671
22153,27630,27631,1,1,0.63554698627069728
22154,27632,27633,5,0,0.44667429261649738
22155,27634,27635,4,0,0.2040265517351974
22156,27637,27638,2,0,0.14454005745665496
22157,27638,27639,5,0,0.30500343353751208
22158,27639,27640,3,0,0.5118798794731596
22159,27642,27643,5,0,0
22160,27644,27645,2,0,0.093093124482295689
22161,27645,27646,1,0,0.036408621167892452
22162,27646,27647,3,0,0.031736472513533683
22163,27647,27648,5,0,0.15799313505241563
22164,27648,27649,2,0,0.16076064140604623
22165,27651,27652,4,0,0.30606994192677445
22166,27653,27654,3,1,0.4579316334647357
22167,27654,27655,1,1,0.44909583833391137
22168,27655,27656,5,0,0.17610747660550988
22169,27656,27657,5,1,0.15184031380113758
22170,27657,27658,4,0,0.77828396177731851
22171,27658,27659,5,0,0.53074221502983043
22172,27659,27660,2,1,0.66080314672003759
22173,27660,27661,1,0,0.25878265585710347
22174,27661,27662,2,1,0.23737484513742299
22175,27663,27664,1,1,0.19883784224226975
22176,27664,27665,2,1,0.64350000299487531
22177,27665,27666,2,1,0.15708115308088405
22178,27666,27667,1,0,0.19753159759862648
22179,27667,27668,3,0,0.036486177032520183
22180,27670,27671,3,1,0.389126767032971
22181,27671,27672,3,0,0.041597323687801585
22182,27673,27674,1,1,0.17945600809771758
22183,27674,27675,2,0,0.23958112238563781
22184,27677,27678,1,0,0.10710074805785938
22185,27678,27679,5,0,0.20003302856569979
22186,27680,27681,1,0,0.11587761803134923
22187,27681,27682,5,0,0.30354748129456038
22188,27682,27683,2,0,0.46211341135920314
22189,27684,27685,4,0,0.14700321737393268
22190,27686,27687,2,0,0.055939056837733495
22191,27687,27688,1,1,0.11373892080944571
22192,27688,27689,5,1,0.1117049172469974
22193,27691,27692,3,0,0
22194,27692,27693,3,0,0.072044867454505127
22195,27693,27694,1,0,0.51140313144097349
22196,27694,27695,3,0,0.23938655414216742
22197,27695,27696,4,0,0.065877417443060762
22198,27697,27698,4,0,0.061582989989300507
22199,27698,27699,2,0,0.18750244036966215
22200,27699,27700,2,0,0.32440215557976776
22201,27700,27701,5,0,0.187111121544729
22202,27702,27703,4,0,0.3319931283732025
22203,27706,27707,4,1,0.18892433126229649
22204,27707,27708,1,0,0.11615493035024854
22205,27709,27710,1,0,0.14586094101682001
22206,27710,27711,3,0,0.11797299550200392
22207,27711,27712,5,0,0.086517239767381848
22208,27712,27713,3,0,0.071924317959882036
22209,27713,27714,3,0,0.2129536355835199
22210,27714,27715,5,0,0
22211,27715,27716,2,0,0.066413539618781908
22212,27716,27717,3,0,0.1576852245224
22213,27718,27719,1,1,0.61684405977926571
22214,27719,27720,5,0,0.19225631652545219
22215,27720,27721,1,1,0.042018942931215664
22216,27722,27723,2,0,0.65186098396218495
22217,27723,27724,1,0,0.69262610882445208
22218,27724,27725,5,0,0.1110441147054381
22219,27725,27726,1,0,0.083608499642892783
22220,27726,27727,2,0,0.19591510905308998
22221,27727,27728,5,1,0.18424664134130714
22222,27729,27730,1,0,0.088622023953204315
22223,27731,27732,5,0,0.24720735878288344
22224,27734,27735,4,0,0.12411380655308042
22225,27735,27736,2,0,0.18514792420881279
22226,27736,27737,5,1,0.53391701972987249
22227,27737,27738,3,0,0.16623425032124375
22228,27738,27739,1,0,0.23090317111671818
22229,27739,27740,5,1,0.19599033266732227
22230,27741,27742,3,0,0.19448472135789507
22231,27742,27743,3,0,0.67502197995128266
22232,27746,27747,4,0,0.16666962294264404
22233,27747,27748,1,1,0.71808898936460852
22234,27749,27750,2,0,0.027861922219834218
22235,27750,27751,4,0,0.12159925471873788
22236,27751,27752,4,0,0
22237,27752,27753,2,0,0.09283427530565487
22238,27753,27754,2,0,0.076408463112818389
22239,27754,27755,5,1,0.405430458152295
22240,27755,27756,4,0,0.12826034144313594
22241,27756,27757,3,0,0.28055385995013454
22242,27757,27758,5,1,0.068822094561667921
22243,27758,27759,4,0,0.23171880880458481
22244,27759,27760,4,1,0.55847756207620181
22245,27761,27762,5,0,0.15984377022708585
22246,27762,27763,3,0,0.22448153480836169
22247,27763,27764,2,0,0.17309473277517079
22248,27765,27766,1,0,4.6835707497482769e-07
22249,27767,27768,1,0,0.082449068608725001
22250,27768,27769,3,0,0.061383758727151079
22251,27769,27770,5,0,0.12662210821787073
22252,27770,27771,1,0,0.15094946181862268
22253,27771,27772,5,0,0.038685455605592826
22254,27772,27773,1,1,0.11629162945491307
22255,27773,27774,1,1,0.38264972764404576
22256,27774,27775,4,0,0.0801290867395857
22257,27775,27776,5,0,0.36921057443502725
22258,27777,27778,1,0,0.062091990371988648
22259,27778,27779,4,0,0.22191856872140658
22260,27779,27780,4,0,0.085370639934647552
22261,27780,27781,1,0,0.077003257330149899
22262,27781,27782,1,0,0.014470288287455916
22263,27783,27784,4,0,0
22264,27786,27787,3,0,0.058035675568629597
22265,27787,27788,5,0,0.11861235087648234
22266,27788,27789,2,0,0.18137302669074043
22267,27789,27790,3,0,0.055072926298161469
22268,27790,27791,5,1,0.7113020266237402
22269,27791,27792,5,0,0.010208723405489149
22270,27792,27793,2,0,0.051923452699336473
22271,27794,27795,1,0,0.1561300595581526
22272,27795,27796,4,0,0.27782130319768583
22273,27797,27798,5,0,0.11359838863131132
22274,27798,27799,5,0,0.12278892723440216
22275,27799,27800,1,1,0.75322469485454813
22276,27800,27801,3,1,0.7090374266356323
22277,27801,27802,5,0,0.11637551332156858
22278,27802,27803,3,0,0
22279,27803,27804,3,0,0.1538280433996716
22280,27804,27805,3,1,0.16072761118600051
22281,27805,27806,5,0,0.16355748215456592
22282,27806,27807,4,0,0.11171902971931467
22283,27807,27808,3,1,0.18528976670517225
22284,27808,27809,2,0,0.071880603472347135
22285,27809,27810,5,0,0.44084196716815827
22286,27810,27811,2,0,0.24247693104064835
22287,27811,27812,4,0,0.051184671001895471
22288,27812,27813,3,1,0.3595188705417196
22289,27813,27814,5,0,0.37950884548659775
22290,27814,27815,3,0,0.15437701174788565
22291,27816,27817,1,0,0.15976846428674368
22292,27817,27818,3,0,0
22293,27818,27819,5,0,0.040306467633009962
22294,27819,27820,3,0,0.03948090268962387
22295,27820,27821,5,0,0.33499420416419351
22296,27821,27822,1,0,0.031521282572977226
22297,27823,27824,4,1,0.49938768067775102
22298,27824,27825,5,0,0.081541330066468451
22299,27825,27826,4,0,0.15783514636832488
22300,27826,27827,5,1,0.67159471378546576
22301,27827,27828,4,0,0.16181062196225099
22302,27828,27829,4,0,0.11268639135988692
22303,27829,27830,4,0,0.15331639143862086
22304,27830,27831,2,0,0.14864699050704039
22305,27831,27832,3,0,0.080639706661787394
22306,27832,27833,3,0,0.074266679627557536
22307,27833,27834,5,1,0.37927441839336667
22308,27835,27836,2,0,0.090432981645455116
22309,27837,27838,2,1,0.035575300124526955
22310,27838,27839,1,0,0.37584794487719414
22311,27839,27840,2,1,0.5653715246111507
22312,27840,27841,1,0,0.26411093729014917
22313,27841,27842,5,0,0.53617434844360601
22314,27842,27843,5,0,0.36847166709918738
22315,27844,27845,1,0,0.037486434950486376
22316,27845,27846,4,1,0.76474466740617286
22317,27846,27847,3,0,0.030920725163929998
22318,27847,27848,2,0,0.15539683797079748
22319,27848,27849,5,0,0
22320,27850,27851,3,0,0.10563322064247979
22321,27852,27853,1,1,0.73834271368854776
22322,27853,27854,4,1,0.41988812417482718
22323,27855,27856,5,0,0.1101638807022735
22324,27856,27857,5,0,0.22591415523609396
22325,27857,27858,4,1,0.8315442343714623
22326,27858,27859,4,1,0.68597049213530548
22327,27859,27860,2,0,0.13795903579817725
22328,27860,27861,3,0,0.1759634520755165
22329,27861,27862,5,0,0.14274490036510162
22330,27862,27863,3,0,0.040401347799629193
22331,27863,27864,3,0,0.15188161462632732
22332,27865,27866,3,0,0.15612675417016492
22333,27867,27868,3,0,0
22334,27869,27870,5,0,0.033779481383633299
22335,27871,27872,2,0,0.03788815176307541
22336,27872,27873,4,0,0.280333747230472
22337,27874,27875,3,0,0.067033732477811678
22338,27875,27876,1,1,0.57721717739950007
22339,27876,27877,1,0,0.085338041535173548
22340,27877,27878,4,0,0.077711263059747848
22341,27878,27879,4,0,0.34468560563744738
22342,27879,27880,4,0,0.034683370029860446
22343,27880,27881,2,0,0.28608879986332109
22344,27881,27882,4,0,0.037526547376904237
22345,27882,27883,3,0,0.039027405641601613
22346,27884,27885,3,0,0.077314982781093611
22347,27886,27887,3,0,0.043897538696015835
22348,27887,27888,4,0,0.23179932538386178
22349,27888,27889,3,0,0.44329918852172973
22350,27889,27890,3,0,0.034654493458060286
22351,27890,27891,2,0,0.043586993896891947
22352,27891,27892,3,0,0.066406503267444711
22353,27892,27893,1,0,0.1718225352096415
22354,27895,27896,1,0,0.078673468604965185
22355,27896,27897,4,0,0.037867618616564701
22356,27897,27898,3,0,0
22357,27898,27899,1,0,0.11655851266046373
22358,27899,27900,5,0,0.1405452094319799
22359,27901,27902,1,0,0.11426944910824172
22360,27903,27904,2,0,0.039041517147934059
22361,27904,27905,2,0,0.42731018899498224
22362,27905,27906,2,0,0.096715711525942966
22363,27906,27907,1,0,0.11975318355453983
22364,27907,27908,5,0,0.15968635496514075
22365,27908,27909,3,0,0.097071188052667595
22366,27909,27910,2,1,0.55800545341107088
22367,27910,27911,1,0,0.37423971465705486
22368,27911,27912,5,0,0.12027876039818015
22369,27912,27913,3,1,0.079999171858898752
22370,27913,27914,1,0,0.67538659216153585
22371,27914,27915,1,0,0.091960222625434213
22372,27917,27918,5,1,0
22373,27918,27919,1,0,0.073320587796789585
22374,27919,27920,2,0,0.41428583539763159
22375,27920,27921,2,0,0.36498742521682442
22376,27921,27922,4,0,0.039197182829897613
22377,27923,27924,2,0,0.08842272365698732
22378,27924,27925,1,0,0.0668872371589464
22379,27926,27927,4,0,0.079818185860056512
22380,27928,27929,3,0,0
22381,27929,27930,2,1,0.6625942321291467
22382,27930,27931,4,0,0.65030323010498781
22383,27931,27932,1,0,0.11975898952512677
22384,27932,27933,1,1,0.7215728683836734
22385,27933,27934,4,0,0.076913488733786353
22386,27936,27937,2,0,0.29526617303195524
22387,27937,27938,3,1,0.23616778060696761
22388,27938,27939,1,0,0
22389,27940,27941,5,0,0.048790147543162937
22390,27941,27942,1,0,0.11598856563368194
22391,27942,27943,3,0,0.039716384115199309
22392,27944,27945,1,0,0.035353624595580176
22393,27946,27947,3,0,0.1014164927993479
22394,27947,27948,4,0,0.56915557318907573
22395,27949,27950,2,0,0.076654758787270988
22396,27950,27951,5,1,0.52739171200722634
22397,27951,27952,3,0,0.22911100789653094
22398,27952,27953,5,0,0.08311580911264177
22399,27954,27955,4,1,0.16041826174037968
22400,27955,27956,1,0,0.27276530102663504
22401,27957,27958,3,0,0.86222898181205265
22402,27958,27959,3,1,0.75028962266672905
22403,27959,27960,1,0,0.16941938867474846
22404,27961,27962,2,0,0.24575170950733141
22405,27963,27964,4,1,0.039300944270802746
22406,27964,27965,4,0,0.041130814711215095
22407,27965,27966,1,0,0.068615796131359305
22408,27966,27967,5,0,0
22409,27967,27968,1,0,0.0590889701687475
22410,27968,27969,5,0,0.17678711880505102
22411,27969,27970,4,0,0.070807255809338748
22412,27970,27971,1,0,0.10378617015118732
22413,27971,27972,5,1,0.53541351934944525
22414,27972,27973,4,0,0.082569064625341138
22415,27973,27974,5,0,0.26948008236490079
22416,27974,27975,2,0,0.038081791638882027
22417,27975,27976,4,0,0.12501567003071359
22418,27976,27977,5,0,0.038346960788668366
22419,27977,27978,4,0,0.0820489069720651
22420,27978,27979,1,0,0.19131092229558014
22421,27980,27981,1,0,0.043703505237608818
22422,27983,27984,4,1,0.32313584986948996
22423,27984,27985,5,0,0.21004991556458955
22424,27987,27988,3,1,0.13501780404708699
22425,27988,27989,3,0,0.035281495371542682
22426,27989,27990,2,0,0.076715745337755492
22427,27990,27991,2,0,0.043657467038868088
22428,27992,27993,3,0,0.080796441371733987
22429,27994,27995,5,0,0.077626707094291647
22430,27996,27997,4,0,0.038551042580835283
22431,27997,27998,1,0,0.061757579534616656
22432,27998,27999,1,0,0.033542733343696729
22433,27999,28000,5,0,0.27804246262144255
22434,28000,28001,1,1,0.37450156972272319
22435,28001,28002,4,0,0.031681505514403047
22436,28002,28003,1,0,0.18624227642965119
22437,28004,28005,3,1,0.28055939815408321
22438,28005,28006,4,0,0
22439,28006,28007,4,0,0.070322654885288258
22440,28007,28008,1,0,0
22441,28008,28009,3,0,0.2840083839466867
22442,28009,28010,3,0,0.16609769704286192
22443,28010,28011,5,0,0.19788491781313941
22444,28012,28013,2,0,0.11279065929875647
22445,28013,28014,2,0,0.25845163850927361
22446,28015,28016,2,1,0.43264599807433529
22447,28016,28017,1,1,0.19890657504689707
22448,28017,28018,1,0,0.036858637842078032
22449,28018,28019,3,1,0.072379400679194031
22450,28019,28020,5,1,0.36917410691172703
22451,28020,28021,2,0,0.66578735932382649
22452,28021,28022,2,0,0.12712197890772142
22453,28022,28023,2,0,0.051876336701708416
22454,28023,28024,5,0,0.054500205819902808
22455,28024,28025,5,0,0.075925859812939353
22456,28025,28026,3,1,0.11813172673269028
22457,28026,28027,3,0,0.23781181595662143
22458,28027,28028,2,0,0.23758923429732007
22459,28028,28029,1,1,0.11970479914266861
22460,28029,28030,3,0,0.11368370792271398
22461,28030,28031,4,1,0.14663845905849585
22462,28031,28032,5,0,0.20626954525911831
22463,28033,28034,5,0,0.087980625935378032
22464,28034,28035,3,0,0.077010762183670367
22465,28035,28036,2,0,0.15492310287499639
22466,28036,28037,4,0,0
22467,28037,28038,5,0,0.098297954814326308
22468,28039,28040,1,0,0.16721534554278561
22469,28041,28042,4,0,0.064616164089561334
22470,28042,28043,1,0,0.2391662339001899
22471,28044,28045,2,0,0.044071652973615275
22472,28045,28046,1,0,0.073257561009965375
22473,28046,28047,5,0,0.078675367260024637
22474,28047,28048,5,0,0.34050995048474847
22475,28048,28049,2,0,0.21670680428770431
22476,28049,28050,2,1,0.13407601008920023
22477,28050,28051,4,0,0
22478,28051,28052,2,0,0.12889748774605073
22479,28052,28053,3,1,0.2406047098335484
22480,28053,28054,5,0,0.040119223002504478
22481,28055,28056,3,0,0.31910182070847548
22482,28057,28058,1,1,0.718240275947025
22483,28059,28060,3,1,0.68782732281664616
22484,28060,28061,4,0,0.060116092903894199
22485,28061,28062,2,1,0.87130498510553189
22486,28062,28063,4,0,0.089052309266751964
22487,28063,28064,2,0,0.16975538958449701
22488,28065,28066,3,1,0.28551861530989298
22489,28066,28067,2,0,0.25700292614378606
22490,28067,28068,4,0,0.036753009021657478
22491,28071,28072,4,0,0.27193372536536803
22492,28072,28073,2,0,0.038345865098236669
22493,28073,28074,5,1,0.20308610645957198
22494,28074,28075,1,0,0.11025116324113653
22495,28076,28077,5,1,0.50333485952356405
22496,28078,28079,4,1,0.33571499432010143
22497,28080,28081,2,0,0.21416533918897682
22498,28082,28083,3,0,0.065556158781026955
22499,28084,28085,1,0,0.10288960886124644
22500,28085,28086,5,0,0.26783626608324207
22501,28086,28087,2,0,0.078138755113655659
22502,28087,28088,3,0,0.31318560481812718
22503,28088,28089,4,0,0.042210952300117066
22504,28090,28091,1,0,0.033878091794873555
22505,28091,28092,3,1,0.090015387254812743
22506,28092,28093,5,0,0
22507,28093,28094,3,0,0.042839311892886971
22508,28094,28095,4,0,0
22509,28097,28098,2,0,0.074579172420999484
22510,28098,28099,2,0,0.15798384174348878
22511,28099,28100,2,1,0.58445872539402988
22512,28100,28101,2,0,0.27278709079824826
22513,28101,28102,4,0,0.1234636295333154
22514,28102,28103,1,1,0.69694371641326502
22515,28103,28104,2,1,0.43089238733197488
22516,28105,28106,5,0,0.15733655032327862
22517,28107,28108,1,0,0.20506677970687118
22518,28108,28109,2,1,0.8276613562367281
22519,28110,28111,3,0,0.083986375473987407
22520,28111,28112,4,0,0.1047522004146733
22521,28113,28114,5,0,0.034562034949018348
22522,28115,28116,1,1,0.53927739637596206
22523,28117,28118,5,0,0.15800481501298028
22524,28118,28119,4,1,0.10257755767552176
22525,28119,28120,4,0,0.19247936218678616
22526,28120,28121,3,0,0.061563560169035733
22527,28121,28122,1,0,0.19589705855952333
22528,28122,28123,3,0,0.16899132633782749
22529,28124,28125,4,0,0.26670352657914331
22530,28125,28126,4,0,0.26178136275268338
22531,28126,28127,4,1,0.20301446161605161
22532,28127,28128,4,0,0.045313005303249949
22533,28128,28129,2,0,0.039022908710780846
22534,28130,28131,5,0,0.031684698819113281
22535,28131,28132,5,0,0.16708821516925387
22536,28132,28133,3,0,0.31554896460607268
22537,28133,28134,1,0,0.036068348730377918
22538,28134,28135,4,0,0.038579154306285314
22539,28135,28136,5,0,0.032646408459791873
22540,28136,28137,3,0,0.11789113138909078
22541,28137,28138,2,0,0.28367232078714072
22542,28138,28139,3,0,0.069759028043225119
22543,28139,28140,1,0,0.19370195565227963
22544,28141,28142,1,0,0
22545,28142,28143,1,0,0.21031912628795552
22546,28143,28144,4,0,0.63853679076360026
22547,28144,28145,1,0,0.11638035845758417
22548,28145,28146,1,0,0.037934334292889567
22549,28146,28147,4,0,0.084230018125845185
22550,28147,28148,1,0,0.088203870768100781
22551,28148,28149,4,0,0.18531759424063296
22552,28149,28150,1,0,0.59585063084157852
22553,28150,28151,5,1,0.48444115583790909
22554,28151,28152,5,0,0.042485135376721689
22555,28152,28153,1,0,0.26471683555612574
22556,28153,28154,5,0,0.047786318908622942
22557,28154,28155,4,0,0.20952187868303862
22558,28155,28156,1,0,0.28941788557334858
22559,28156,28157,1,0,0.10467530845959941
22560,28157,28158,3,1,0.15349826959382643
22561,28158,28159,5,0,0.036746285312651748
22562,28159,28160,1,0,0.19571772374983271
22563,28160,28161,2,0,0.040103598458786964
22564,28161,28162,3,0,0
22565,28164,28165,5,0,0.076709888192233525
22566,28165,28166,2,0,0.29196421359281827
22567,28167,28168,2,0,0.16452699030985768
22568,28168,28169,2,0,0
22569,28169,28170,5,0,0.16340739429219883
22570,28170,28171,1,1,0.68064212310612071
22571,28172,28173,4,0,0
22572,28174,28175,5,0,0.12940513469587622
22573,28175,28176,3,1,0.067753375359906845
22574,28176,28177,2,0,0.78439395878468632
22575,28177,28178,4,0,0.073113894905796228
22576,28178,28179,1,0,0.19166808660681622
22577,28179,28180,2,0,0.085204125218397306
22578,28180,28181,1,0,0.12372535240192387
22579,28181,28182,4,0,0.18618575723200753
22580,28182,28183,1,1,0
22581,28183,28184,5,0,0.079773976049117096
22582,28185,28186,2,1,0.31474402720190026
22583,28186,28187,5,0,0.15720249755083143
22584,28188,28189,5,0,0.15759100687258426
22585,28189,28190,5,0,0.15777868849008653
22586,28190,28191,2,0,0.075988394037360379
22587,28191,28192,3,0,0.096481462127167392
22588,28192,28193,1,0,0.1351295584647034
22589,28193,28194,2,0,0.11130673474686695
22590,28194,28195,5,0,0.10617004621650679
22591,28196,28197,1,0,0.077956802903712305
22592,28197,28198,4,0,0
22593,28198,28199,3,0,0.075957333506204289
22594,28199,28200,2,0,0.12005428360870556
22595,28200,28201,1,1,0.13387168046498035
22596,28205,28206,5,1,0.18701440584041931
22597,28208,28209,5,0,0.11344695725546039
22598,28209,28210,4,0,0.11308614296752324
22599,28210,28211,4,0,0.03450791148058293
22600,28211,28212,2,0,0.083881738911321654
22601,28212,28213,4,0,0.024747595871474255
22602,28213,28214,3,0,0.16304299034674199
22603,28214,28215,5,0,0.3223383815222769
22604,28216,28217,5,0,0.19501412598630818
22605,28217,28218,4,0,0.23104153746736544
22606,28220,28221,1,1,0.84099978172008027
22607,28221,28222,2,0,0.12117809066447592
22608,28222,28223,1,0,0.19544497412088666
22609,28223,28224,1,0,0.14455869857976217
22610,28225,28226,1,0,0
22611,28227,28228,1,0,0.11704562211917725
22612,28228,28229,3,0,0
22613,28229,28230,5,1,0.046236787359637821
22614,28233,28234,5,0,0.037085635230879772
22615,28235,28236,1,1,0.25286439709349579
22616,28238,28239,5,0,0.25611736202736024
22617,28239,28240,4,1,0.19364850230343361
22618,28240,28241,5,0,0.20374681625468288
22619,28243,28244,1,0,0.044499324370713585
22620,28244,28245,3,0,0.15862688328820099
22621,28245,28246,5,1,0.40357515113547959
22622,28246,28247,3,0,0.10081273253648856
22623,28248,28249,4,0,0.033025936468693957
22624,28249,28250,5,0,0.18727345598286518
22625,28250,28251,1,0,0.22614714916608489
22626,28251,28252,4,0,0.12102416687930859
22627,28252,28253,4,0,0.085763574203873177
22628,28254,28255,1,0,0.1163278969309602
22629,28255,28256,3,0,0.1656638199273546
22630,28256,28257,3,0,0.030278468912837898
22631,28257,28258,3,0,0.079105080707188788
22632,28259,28260,4,0,0.23111750874928952
22633,28260,28261,1,1,0.16874160481494996
22634,28261,28262,3,1,0.76297190343580401
22635,28262,28263,2,0,0.10819879519621826
22636,28263,28264,3,0,0.11583684681468741
22637,28264,28265,4,0,0.20479382971913701
22638,28265,28266,5,1,0.14313794879254529
22639,28269,28270,2,1,0.45702568939695148
22640,28270,28271,3,1,0.23985044422438015
22641,28272,28273,5,0,0.038268145666024392
22642,28273,28274,3,0,0.044481408910693715
22643,28275,28276,1,0,0.11298702504632939
22644,28276,28277,3,1,0.10535515659853842
22645,28277,28278,4,0,0.071635268976601774
22646,28280,28281,2,0,0.21726642682358602
22647,28281,28282,5,0,0.26885445165384275
22648,28283,28284,5,0,0.17927404594949328
22649,28285,28286,2,1,0.083610222189743816
22650,28286,28287,1,1,0.47311262179170055
22651,28287,28288,3,1,0.62600390617948176
22652,28288,28289,2,0,0.11844043419499201
22653,28289,28290,5,1,0.76632040912891997
22654,28290,28291,2,0,0.11936437825519962
22655,28291,28292,5,0,0.15759086090132959
22656,28292,28293,5,0,0.036251061571455398
22657,28293,28294,2,0,0.12651432020939313
22658,28294,28295,2,0,0.14164499077992981
22659,28295,28296,2,0,0.13206225504779773
22660,28296,28297,4,0,0.21034466849512715
22661,28297,28298,5,1,0.65391449837298032
22662,28299,28300,4,0,0.053057856737330322
22663,28300,28301,5,0,0.037044594886558861
22664,28301,28302,1,0,0.71705794109475285
22665,28302,28303,3,0,0.038693451880967199
22666,28303,28304,5,0,0.10886580891275646
22667,28304,28305,3,0,0.52650941327390977
22668,28305,28306,5,0,0.19428239347879506
22669,28306,28307,3,0,0.046350953593266915
22670,28307,28308,1,1,0.73603782641950177
22671,28308,28309,2,0,0.072037666207426132
22672,28309,28310,1,0,0
22673,28310,28311,3,0,0.13142782247897702
22674,28311,28312,4,0,0.076031548891099379
22675,28312,28313,5,0,0.078789081298097433
22676,28314,28315,3,1,0.10811904405846066
22677,28315,28316,3,0,0.10300427416131927
22678,28317,28318,1,0,0.2937900971536086
22679,28318,28319,1,0,0.12027422777864845
22680,28319,28320,4,0,0.72820600607991959
22681,28320,28321,3,0,0.15056950228205143
22682,28322,28323,3,0,0.17347485602542501
22683,28323,28324,5,1,0.70529463889831023
22684,28324,28325,2,0,0.11976409848633229
22685,28325,28326,1,1,0
22686,28326,28327,1,0,0.030281217392387504
22687,28327,28328,2,0,0.26952170856630692
22688,28328,28329,1,0,0.1139319593871518
22689,28329,28330,4,0,0.07463083111214118
22690,28330,28331,2,0,0.038794899512036962
22691,28331,28332,5,0,0.12940664537024094
22692,28332,28333,4,0,0
22693,28333,28334,4,0,0.076700923701605514
22694,28334,28335,5,0,0.19560445377178934
22695,28335,28336,1,0,0.084238144441534782
22696,28336,28337,5,0,0.22729334279204294
22697,28337,28338,1,0,0.11616045554825928
22698,28338,28339,3,0,0.073967801810400663
22699,28339,28340,3,0,0
22700,28340,28341,5,1,0.33013974900484866
22701,28341,28342,4,0,0.34939411447723157
22702,28342,28343,5,0,0.072786480601770218
22703,28343,28344,3,0,0.15849792569667573
22704,28344,28345,5,0,0.35694458958784492
22705,28345,28346,2,0,0.20335999214011174
22706,28346,28347,1,0,0.22733679548596727
22707,28347,28348,3,0,0.038355491009886881
22708,28348,28349,4,0,0
22709,28349,28350,1,1,0.60675182421042606
22710,28350,28351,1,0,0
22711,28352,28353,5,0,0
22712,28353,28354,5,0,0.052507777265081011
22713,28354,28355,5,0,0.18471188752225484
22714,28355,28356,1,0,0.036224828835973312
22715,28356,28357,4,0,0.052349456118973223
22716,28358,28359,1,0,0.081186579807846784
22717,28359,28360,2,0,0.14931222794400056
22718,28360,28361,3,0,0.039949713412448677
22719,28362,28363,5,0,0.11689923119223558
22720,28364,28365,4,1,0.63065425439300571
22721,28365,28366,4,0,0.19345156842476435
22722,28366,28367,3,1,0.48533321340592189
22723,28368,28369,2,0,0.081173719883158343
22724,28370,28371,1,0,0.49252082188232071
22725,28371,28372,2,0,0.25235053837947363
22726,28372,28373,1,1,0.8665510323781086
22727,28373,28374,4,0,0.087288535576538803
22728,28374,28375,4,1,0.35890829710809891
22729,28375,28376,4,0,0.060065466377454586
22730,28376,28377,4,0,0.79847587326684322
22731,28377,28378,3,0,0
22732,28378,28379,3,0,0
22733,28379,28380,2,0,0.15861470505958314
22734,28380,28381,2,0,0.088898469355146059
22735,28381,28382,4,0,0.032326862905510262
22736,28382,28383,3,0,0.1230068039953153
22737,28383,28384,2,0,0.26846521466532314
22738,28384,28385,2,1,0.3544418885599282
22739,28385,28386,1,0,0.11183171888951829
22740,28386,28387,1,1,0.11643121007825162
22741,28387,28388,5,0,0.084767701058815995
22742,28388,28389,5,0,0
22743,28389,28390,4,0,0.038291018325882518
22744,28390,28391,5,0,0.043520031881009009
22745,28391,28392,4,0,0.1743993238418525
22746,28392,28393,2,0,0.23986880310426331
22747,28393,28394,1,0,0.039829014651828129
22748,28394,28395,5,0,0
22749,28395,28396,1,0,0.050065482808095876
22750,28396,28397,1,0,0.14970358376696249
22751,28397,28398,1,0,0.49932274338999405
22752,28398,28399,3,0,0
22753,28399,28400,2,0,0.041850418125558633
22754,28401,28402,5,0,0.2223505294309619
22755,28402,28403,4,1,0.068601998948360665
22756,28403,28404,2,0,0
22757,28404,28405,5,1,0.031451285597715851
22758,28405,28406,4,0,0.1251039936201927
22759,28407,28408,4,0,0.26663373967026543
22760,28409,28410,1,0,0.030648808792551534
22761,28410,28411,2,0,0.19086872190512114
22762,28411,28412,1,0,0.14314525769391598
22763,28414,28415,3,0,0.040957748800083578
22764,28415,28416,2,0,0
22765,28417,28418,3,0,0.22378677361511043
22766,28418,28419,2,0,0.64554927560841857
22767,28420,28421,1,0,0.035491454676930261
22768,28421,28422,1,0,0.082883588502004696
22769,28422,28423,4,0,0.1151003731351755
22770,28425,28426,1,1,0.12309374271247521
22771,28427,28428,1,0,0.13078824326340321
22772,28428,28429,4,0,0
22773,28430,28431,4,0,0.053565501351862818
22774,28431,28432,2,0,0.16440131899255819
22775,28432,28433,5,0,0.038832131749742926
22776,28433,28434,5,1,0.48431936755594618
22777,28434,28435,1,0,0.15746070310587523
22778,28435,28436,2,0,0.091472376871065422
22779,28436,28437,1,0,0.16847683896745436
22780,28437,28438,4,0,0.1313074872554596
22781,28438,28439,4,0,0.14036619493509794
22782,28439,28440,4,0,0.1246449867454226
22783,28441,28442,3,0,0
22784,28444,28445,2,0,0.16563447869994377
22785,28446,28447,3,0,0
22786,28447,28448,2,0,0
22787,28448,28449,2,0,0.031803060744887597
22788,28449,28450,2,0,0.10167322937336989
22789,28451,28452,3,0,0
22790,28454,28455,3,1,0.18587676409733936
22791,28455,28456,1,0,0.18608683757852143
22792,28456,28457,3,0,0.25368017330078002
22793,28458,28459,3,0,0.034497457322741912
22794,28459,28460,5,1,0.63703856631538835
22795,28460,28461,5,1,0.13467777788948188
22796,28461,28462,1,0,0.40026756453469076
22797,28462,28463,3,0,0.38895085466013019
22798,28463,28464,1,0,0.084514601703901571
22799,28464,28465,1,0,0.15236552842825779
22800,28465,28466,5,1,0
22801,28466,28467,3,0,0.098238636225109713
22802,28467,28468,4,0,0.081219551563485065
22803,28468,28469,2,0,0
22804,28469,28470,1,0,0.24443450082741888
22805,28470,28471,5,0,0.037725819618088505
22806,28471,28472,2,0,0.14498711920598431
22807,28472,28473,3,0,0.06969004258878686
22808,28474,28475,1,0,0.22732260368776591
22809,28475,28476,3,0,0.075490348588418604
22810,28476,28477,2,1,0.30888206448818473
22811,28477,28478,3,0,0.065936014114097788
22812,28478,28479,2,1,0.11980794349642851
22813,28479,28480,4,0,0.13115029656747437
22814,28480,28481,1,0,0.097325034958332002
22815,28481,28482,4,1,0.57809657391478775
22816,28482,28483,3,0,0.28109717942326046
22817,28485,28486,1,0,0
22818,28486,28487,1,0,0.57712120377742948
22819,28488,28489,5,1,0.37387672445075687
22820,28490,28491,2,1,0.12932385995974316
22821,28491,28492,2,0,0.3568432905091613
22822,28492,28493,5,1,0.60051694321890403
22823,28493,28494,4,0,0.11754263434714878
22824,28495,28496,5,0,0.29706501172499344
22825,28496,28497,1,0,0.18183494551013898
22826,28497,28498,4,0,0
22827,28498,28499,5,0,0.042401820202874058
22828,28500,28501,3,0,0
22829,28502,28503,5,0,0.034069040021442169
22830,28503,28504,1,1,0.75096241403965514
22831,28505,28506,3,0,0.19544276082815609
22832,28506,28507,1,0,0.077081680703194974
22833,28507,28508,2,0,0.038098037814695264
22834,28508,28509,5,0,0.078102448149596757
22835,28509,28510,2,0,0
22836,28510,28511,3,0,0.11673264514951827
22837,28511,28512,3,0,0.030387768492338027
22838,28512,28513,2,0,0.045769911450972291
22839,28513,28514,1,0,0
22840,28514,28515,4,1,0.12593452535979635
22841,28515,28516,2,0,0.082472584198491641
22842,28516,28517,1,1,0.24757999017855081
22843,28517,28518,3,0,0.1592072405580289
22844,28518,28519,4,0,0.16150261866651089
22845,28521,28522,4,1,0.86280772379494564
22846,28522,28523,5,0,0.12359003760211774
22847,28523,28524,5,0,0
22848,28524,28525,2,0,0.13056411377180352
22849,28525,28526,4,0,0.076174623559922078
22850,28526,28527,5,0,0.35418964272268483
22851,28527,28528,4,0,0
22852,28529,28530,4,1,0.31997923943430412
22853,28530,28531,4,0,0.20576483031010459
22854,28533,28534,3,1,0.43586172556355995
22855,28534,28535,4,1,0.33849311770767143
22856,28535,28536,5,0,0.074393402666085517
22857,28536,28537,2,0,0.24142222603298585
22858,28537,28538,5,0,0.4565186356236523
22859,28540,28541,2,0,0.03385835371761272
22860,28542,28543,1,0,0.20564230394876612
22861,28543,28544,3,0,0
22862,28544,28545,5,0,0
22863,28545,28546,2,0,0.040778603825399939
22864,28546,28547,5,1,0.45204273875313622
22865,28547,28548,4,0,0.15140732873281779
22866,28548,28549,3,0,0
22867,28549,28550,3,0,0.033417635936585754
22868,28552,28553,5,1,0.20865572611422512
22869,28554,28555,5,0,0.59252025127755059
22870,28555,28556,5,0,0.079361087511479841
22871,28556,28557,3,0,0.42719949497547383
22872,28557,28558,3,0,0.075115508796625027
22873,28558,28559,3,0,0.2309616421811517
22874,28560,28561,3,1,0.11997126196562534
22875,28562,28563,1,0,0.10891835125614181
22876,28563,28564,3,0,0.14787412011200426
22877,28564,28565,2,0,0.074335945819468313
22878,28566,28567,4,0,0.033014204400070045
22879,28568,28569,3,0,0.21915492246322538
22880,28569,28570,2,0,0.2380842455245463
22881,28570,28571,2,0,0.15652743692011431
22882,28572,28573,5,0,0.14445550131722923
22883,28573,28574,1,0,0.099368751423100851
22884,28575,28576,3,1,0.30416983412547355
22885,28576,28577,2,0,0.66461803316516388
22886,28577,28578,5,0,0.071557824000627684
22887,28579,28580,3,0,0.26359918680220484
22888,28580,28581,2,0,0.28699221711884909
22889,28582,28583,5,0,0.15494248306117056
22890,28583,28584,4,0,0.16004042082438177
22891,28584,28585,5,0,0.036284926721141517
22892,28585,28586,5,0,0.67194512409367979
22893,28586,28587,4,0,0.039152089808591868
22894,28587,28588,1,0,0.28728743983541039
22895,28588,28589,1,0,0.24691487219044239
22896,28591,28592,1,1,0.59215553081676098
22897,28593,28594,2,0,0.18691396601086077
22898,28594,28595,5,0,0.19611708872381944
22899,28595,28596,3,0,0.25702781540049163
22900,28596,28597,2,0,0.1602200514529622
22901,28597,28598,3,1,0.84252066216086752
22902,28598,28599,1,0,0.47716428351988599
22903,28599,28600,2,0,0.12505263163997471
22904,28600,28601,4,0,0.17606062885239404
22905,28602,28603,3,0,0.11936052780905336
22906,28603,28604,3,1,0.80346122480840743
22907,28604,28605,1,1,0.76703340066963166
22908,28605,28606,5,0,0.078377817784262102
22909,28606,28607,5,0,0.19556977774023462
22910,28607,28608,5,0,0.22352557880429527
22911,28609,28610,1,0,0.12614426710130031
22912,28610,28611,2,0,0.065626669901151943
22913,28611,28612,3,0,0.46362875461842057
22914,28612,28613,2,0,0.43640261867867114
22915,28613,28614,2,0,0.31602448592606014
22916,28614,28615,4,0,0.083042023238413712
22917,28615,28616,1,0,0.14555698810507159
22918,28616,28617,3,0,0.2038970394537454
22919,28619,28620,1,0,0.076318939078543591
22920,28620,28621,1,0,0.2753628543022979
22921,28621,28622,4,1,0.06021887664832138
22922,28624,28625,4,1,0.36171394636191584
22923,28625,28626,2,0,0.27549521230532076
22924,28631,28632,5,0,0.11921199556377275
22925,28632,28633,4,0,0.067104998999503104
22926,28636,28637,4,0,0.079766739974854048
22927,28637,28638,2,1,0.48009085260729673
22928,28638,28639,3,0,0
22929,28639,28640,5,0,0
22930,28640,28641,4,0,0.27988512880382271
22931,28644,28645,2,1,0.45462470214825329
22932,28645,28646,5,0,0
22933,28646,28647,5,1,0.57038500784521418
22934,28647,28648,1,0,0.022115169773303998
22935,28648,28649,2,0,0.066993765115034673
22936,28650,28651,5,0,0.13139387003260808
22937,28651,28652,2,0,0.32814840535579437
22938,28652,28653,3,0,0.12569063589477464
22939,28654,28655,4,0,0.3586264525129319
22940,28655,28656,5,1,0.11303321945823297
22941,28656,28657,5,0,0.077728732643101997
22942,28657,28658,2,0,0.23457175005602943
22943,28658,28659,4,0,0.085261908310922202
22944,28659,28660,5,0,0
22945,28660,28661,3,0,0.1289024017745275
22946,28662,28663,4,1,0.83084551426138364
22947,28663,28664,2,1,0.36792723744194783
22948,28664,28665,2,0,0.42299087885245384
22949,28665,28666,4,1,0.19511235454872175
22950,28667,28668,4,0,0.10849616270314109
22951,28669,28670,3,0,0.23529456390246947
22952,28670,28671,5,1,0.27416868743777534
22953,28671,28672,2,0,0
22954,28672,28673,5,0,0.10378549138919642
22955,28673,28674,4,0,0.076508701766812903
22956,28674,28675,5,0,0.11861687730048545
22957,28675,28676,2,1,0.74118056537862398
22958,28676,28677,3,0,0.0396257395363485
22959,28678,28679,5,0,0.22794558125169795
22960,28679,28680,5,0,0.091743113081670241
22961,28680,28681,2,0,0.068650281197775692
22962,28681,28682,3,1,0.15266835743232779
22963,28682,28683,5,0,0.12801936615125273
22964,28683,28684,2,1,0.66829582091704576
22965,28684,28685,2,0,0.072658185082114718
22966,28686,28687,3,0,0
22967,28687,28688,5,0,0.33456724508086327
22968,28688,28689,1,0,0
22969,28692,28693,3,0,0.03782330212144755
22970,28693,28694,3,1,0.079901847526702624
22971,28694,28695,3,0,0.038288700299412795
22972,28695,28696,1,0,0
22973,28696,28697,5,0,0.14888448281998271
22974,28698,28699,3,0,0.03561825688562556
22975,28699,28700,2,0,0.35423254604205079
22976,28700,28701,2,1,0.11729454509543609
22977,28701,28702,5,0,0.068049942541979658
22978,28702,28703,5,0,0.60565945087415596
22979,28703,28704,1,0,0.030237364893147732
22980,28705,28706,2,0,0.11182537299318594
22981,28706,28707,4,0,0.1571806069449293
22982,28707,28708,2,0,0.034225521794329208
22983,28708,28709,5,0,0
22984,28709,28710,1,0,0.19484840298680076
22985,28711,28712,4,1,0.46012339685293197
22986,28712,28713,1,0,0.048669611840632045
22987,28714,28715,1,0,0.16621660662365478
22988,28715,28716,2,0,0.042346019154542315
22989,28716,28717,1,0,0
22990,28717,28718,1,0,0.039637822437731104
22991,28718,28719,5,0,0.18506843508591103
22992,28719,28720,3,1,0.16085018363486886
22993,28722,28723,2,0,0
22994,28723,28724,4,0,0.072813699284907343
22995,28724,28725,2,0,0
22996,28726,28727,5,1,0.26988464117326422
22997,28727,28728,5,0,0.077046521344161539
22998,28728,28729,1,0,0.15220452255326697
22999,28730,28731,4,0,0.23946619071903849
23000,28731,28732,4,1,0.3114074836882057
23001,28732,28733,3,0,0.10855618452539616
23002,28734,28735,4,0,0.080306775547572498
23003,28735,28736,1,0,0.033507831395858605
23004,28736,28737,2,1,0.12522191091727572
23005,28737,28738,1,0,0
23006,28740,28741,1,0,0.45883944865366527
23007,28741,28742,3,0,0.071176321779464868
23008,28742,28743,1,0,0.078386584595575778
23009,28743,28744,2,0,0.26724148568806932
23010,28744,28745,2,0,0.26454340312623531
23011,28745,28746,5,1,0.25737432970427354
23012,28748,28749,4,1,0.65342822366457876
23013,28750,28751,4,0,0.03697831882874654
23014,28751,28752,5,1,0.035495282116147983
23015,28752,28753,1,0,0.078843784285495169
23016,28753,28754,3,0,0.27075517444757957
23017,28756,28757,1,0,0
23018,28757,28758,5,0,0.038175996072761877
23019,28758,28759,1,0,0.069844422484466206
23020,28761,28762,1,1,0.28571654315593142
23021,28762,28763,4,0,0.10665999082566109
23022,28764,28765,5,0,0.31853467100667182
23023,28766,28767,4,0,0.55505578221576002
23024,28769,28770,3,0,0
23025,28771,28772,5,0,0.20013436171938181
23026,28772,28773,5,0,0.27241837370505667
23027,28773,28774,1,0,0.48518718918598286
23028,28774,28775,4,0,0.03610679597023269
23029,28775,28776,1,1,0.22961200921937186
23030,28776,28777,5,0,0.27731777878078467
23031,28777,28778,4,0,0.07933935073298129
23032,28778,28779,5,0,0.30483454127820503
23033,28779,28780,4,0,0
23034,28781,28782,3,0,0.23998531036486592
23035,28782,28783,5,0,0.029950934822696399
23036,28783,28784,5,0,0.18277268598643698
23037,28784,28785,4,0,0.20747560655626607
23038,28785,28786,2,0,0.17778233919818559
23039,28786,28787,5,0,0.12064231470333163
23040,28787,28788,3,0,0.074026835552402137
23041,28788,28789,5,0,0.043184432136202079
23042,28789,28790,5,0,0.077139405596771335
23043,28790,28791,1,0,0
23044,28791,28792,2,0,0.58275435185873137
23045,28792,28793,4,0,0.12794545066085597
23046,28793,28794,5,0,0.039738223690525487
23047,28794,28795,3,0,0.16406393632989669
23048,28795,28796,2,0,0.088418714422877659
23049,28797,28798,2,0,0.20109278280733411
23050,28798,28799,1,0,0.034877653393466337
23051,28800,28801,4,1,0.78247571356615886
23052,28801,28802,1,0,0.20394744575174176
23053,28803,28804,5,0,0.037860485239737014
23054,28804,28805,3,0,0.23425583933500765
23055,28805,28806,2,0,0.12303066665445529
23056,28807,28808,1,0,0.11707744965067024
23057,28808,28809,1,0,0.19789076386568527
23058,28809,28810,3,0,0.25302985780067799
23059,28810,28811,2,0,0
23060,28811,28812,3,0,0.072349923611696551
23061,28815,28816,4,1,0.41648941342175477
23062,28817,28818,5,0,0.0356987838994954
23063,28818,28819,2,1,0.043634621738375456
23064,28819,28820,2,0,0.14917773004754986
23065,28820,28821,4,0,0.20265321097673125
23066,28821,28822,3,0,0
23067,28822,28823,1,0,0.045822840897064947
23068,28823,28824,4,0,0.076028912520772915
23069,28824,28825,1,0,0.038684992753291715
23070,28825,28826,5,0,0.18832252395912949
23071,28826,28827,2,0,0.13235618859286272
23072,28827,28828,3,0,0.04131764765242682
23073,28828,28829,5,0,0.041297686452671928
23074,28829,28830,5,0,0.039349917411642628
23075,28830,28831,1,0,0.20022668726221401
23076,28831,28832,4,0,0.0730431770213298
23077,28833,28834,5,0,0.43372247771092537
23078,28835,28836,2,0,0.077136210154902476
23079,28836,28837,4,0,0.077976798228786309
23080,28837,28838,2,0,0.068108970194904639
23081,28838,28839,2,0,0.26993808885321058
23082,28839,28840,5,1,0.4498314929087272
23083,28840,28841,5,1,0.22411282640924637
23084,28841,28842,1,0,0.13304691263647961
23085,28842,28843,3,0,0.11874922845915611
23086,28843,28844,3,0,0.036644674494913432
23087,28844,28845,5,0,0
23088,28845,28846,5,0,0.17472784863069257
23089,28846,28847,1,0,0.034289849727172327
23090,28847,28848,5,0,0.082197800066110313
23091,28848,28849,2,0,0.26411032429056969
23092,28849,28850,3,0,0.086921037673102608
23093,28851,28852,3,1,0.96160744806357279
23094,28852,28853,2,0,0.36656894876882951
23095,28853,28854,2,1,0.12159502631543226
23096,28854,28855,2,0,0.040533806631409229
23097,28855,28856,2,0,0.037290420721882427
23098,28856,28857,5,0,0.16200696217266866
23099,28857,28858,1,0,0.069992562311612133
23100,28858,28859,4,0,0.20292800988748963
23101,28859,28860,5,0,0.082592694610445064
23102,28860,28861,2,0,0.1547027437408309
23103,28861,28862,5,0,0
23104,28862,28863,2,0,0.1863984771831905
23105,28863,28864,2,0,0.29483886176121799
23106,28864,28865,3,0,0
23107,28865,28866,4,0,0
23108,28868,28869,2,0,0.20242311366075849
23109,28869,28870,5,0,0.038182738579457608
23110,28870,28871,3,1,0.21595115856049343
23111,28871,28872,1,0,0.16877046388221678
23112,28872,28873,2,0,0.15618569265947879
23113,28873,28874,4,0,0.11813938248791006
23114,28874,28875,1,0,0.14957935048467713
23115,28875,28876,5,0,0.16309706622686215
23116,28876,28877,1,0,0.19166800931420694
23117,28877,28878,2,0,0.16373358742206548
23118,28878,28879,4,0,0.27067131299765668
23119,28879,28880,1,1,0.67653386328958565
23120,28880,28881,2,1,0.065341043767468215
23121,28881,28882,1,0,0.47591357539886231
23122,28882,28883,2,1,0.077104658077672722
23123,28883,28884,3,0,0.27106074859679569
23124,28887,28888,3,0,0.034820359650701758
23125,28888,28889,3,0,0.17506462544521098
23126,28889,28890,4,0,0.4036153478740766
23127,28890,28891,1,0,0.51284404161940911
23128,28891,28892,2,0,0.24465311478693244
23129,28892,28893,3,1,0.23665264564089789
23130,28894,28895,4,0,0
23131,28895,28896,4,0,0.10109371644972666
23132,28896,28897,4,0,0.26369343473324347
23133,28897,28898,4,0,0.15202608465393572
23134,28898,28899,4,0,0.032997827047057171
23135,28899,28900,4,1,0.6761605724423202
23136,28900,28901,5,0,0.034464022871221384
23137,28904,28905,1,0,0.17621489622673164
23138,28905,28906,2,0,0.15763094224180013
23139,28909,28910,1,0,0.13936508343341969
23140,28910,28911,1,1,0.19797715499699817
23141,28911,28912,3,0,0.14980365591487271
23142,28912,28913,5,0,0.033181130147289038
23143,28913,28914,1,0,0.074756771528284707
23144,28915,28916,2,0,0.17629327819512292
23145,28916,28917,3,0,0.16227859730841857
23146,28917,28918,1,0,0.080569794298842007
23147,28918,28919,4,0,0.31741675289485521
23148,28919,28920,1,0,0.10615415940167157
23149,28921,28922,5,0,0.035823946391519625
23150,28922,28923,2,0,0.21156533489416021
23151,28923,28924,1,0,0.12999573622409069
23152,28924,28925,2,0,0.73767720042621188
23153,28925,28926,2,1,0.11796016178913894
23154,28927,28928,1,0,0.10228500773780017
23155,28928,28929,1,0,0.15288626769687344
23156,28929,28930,2,1,0.033742067326477859
23157,28930,28931,2,0,0.16527694792967698
23158,28931,28932,1,0,0
23159,28933,28934,1,0,0.26463853253553737
23160,28935,28936,1,0,0.051128918748240507
23161,28936,28937,1,0,0.10449666678868888
23162,28938,28939,2,0,0.11620636791646129
23163,28939,28940,5,0,0
23164,28940,28941,5,0,0.38220512017102587
23165,28941,28942,2,0,0.024651788327040278
23166,28942,28943,3,0,0.041925608105566274
23167,28943,28944,2,0,0.0651729674009109
23168,28944,28945,1,0,0.26782066889148598
23169,28946,28947,3,1,0
23170,28947,28948,2,0,0.12054252656839151
23171,28949,28950,2,0,0.25018223498138514
23172,28951,28952,3,0,0.20005998120149607
23173,28952,28953,1,0,0.041686678262554892
23174,28953,28954,3,0,0.028116896115773907
23175,28954,28955,4,0,0.10341887794559493
23176,28955,28956,2,0,0
23177,28957,28958,5,0,0.21927974114922147
23178,28958,28959,1,1,0.54615794303341747
23179,28959,28960,3,0,0
23180,28960,28961,5,0,0.055283679622663159
23181,28961,28962,5,0,0.27794091296907542
23182,28963,28964,2,1,0.10799372622602013
23183,28964,28965,4,0,0.191547339719217
23184,28965,28966,3,1,0.10240835104733087
23185,28966,28967,5,0,0.10007789663684391
23186,28967,28968,2,0,0.036531909267006682
23187,28968,28969,1,0,0.15815766839017439
23188,28970,28971,4,0,0.23474126732695391
23189,28971,28972,2,0,0.45586430445144288
23190,28973,28974,4,1,0.11010844361385448
23191,28974,28975,5,1,0.84373695305227503
23192,28975,28976,4,0,0
23193,28976,28977,2,0,0.24909569730265946
23194,28977,28978,4,0,0.11767216993033461
23195,28978,28979,2,1,0.3474582020025927
23196,28979,28980,4,1,0.58865828032188805
23197,28980,28981,4,0,0.036274899479588514
23198,28981,28982,1,0,0.072024207348251434
23199,28982,28983,5,0,0.058389436068784724
23200,28983,28984,3,0,0
23201,28984,28985,1,1,0.13078554578612822
23202,28985,28986,3,0,0.26461118239503928
23203,28986,28987,4,0,0.12008040586263438
23204,28989,28990,3,0,0.038255386635828871
23205,28991,28992,2,0,0
23206,28994,28995,3,0,0.033391681214820348
23207,28995,28996,4,1,0.78599317045623829
23208,28996,28997,4,0,0.062498310709758254
23209,28997,28998,3,0,0
23210,28998,28999,3,0,0.13940264596682364
23211,28999,29000,3,0,0.073812753029200637
23212,29000,29001,4,0,0.13078891760612404
23213,29001,29002,2,1,0.30990183403598992
23214,29002,29003,1,1,0.53957044138304566
23215,29003,29004,4,0,0.034632229414814669
23216,29004,29005,2,0,0.4203572885062079
23217,29005,29006,2,0,0.21589490190355057
23218,29006,29007,2,0,0.23219357404083515
23219,29009,29010,3,0,0
23220,29010,29011,2,0,0.16260995630949523
23221,29011,29012,3,1,0.20416585714488997
23222,29012,29013,1,0,0.033837895598130621
23223,29014,29015,2,0,0
23224,29016,29017,5,0,0.30711159189840465
23225,29017,29018,3,1,0.3602223871580737
23226,29019,29020,5,1,0.2327329687556593
23227,29020,29021,2,0,0.11559773315507046
23228,29021,29022,1,1,0.070762120135943338
23229,29022,29023,3,0,0.50064333061713473
23230,29023,29024,5,0,0.049755042358673784
23231,29024,29025,5,1,0
23232,29025,29026,4,1,0.67841231364396148
23233,29026,29027,1,0,0.27281297898094897
23234,29028,29029,4,1,0.75574265930987528
23235,29030,29031,3,0,0.060186322677434186
23236,29031,29032,1,0,0.1327720012609912
23237,29032,29033,4,0,0.19380347850057211
23238,29033,29034,1,1,0.069256695179718511
23239,29034,29035,5,0,0.25286058197445804
23240,29035,29036,4,1,0.19365871022601755
23241,29036,29037,3,0,0.089652716650283792
23242,29037,29038,1,0,0.37708939953635834
23243,29038,29039,4,0,0.20267512185608916
23244,29039,29040,2,0,0.2205814084898067
23245,29040,29041,4,0,0.077833018074727367
23246,29042,29043,5,0,0.22346860592757703
23247,29043,29044,3,0,0.11410561879189719
23248,29044,29045,5,1,0.13067654856525285
23249,29045,29046,1,0,0.038859783771876488
23250,29046,29047,5,0,0.053602622037104385
23251,29047,29048,2,0,0.080207301831014294
23252,29048,29049,4,0,0.25082797688474456
23253,29049,29050,2,1,0.30018015820401028
23254,29050,29051,5,0,0.081310005089592532
23255,29051,29052,4,0,0.34334258049843719
23256,29052,29053,3,1,0.59819111223824528
23257,29053,29054,1,0,0.15520128174766662
23258,29054,29055,2,1,0.12629016911851285
23259,29055,29056,5,0,0.063138406286685697
23260,29056,29057,2,0,0.47175362674128496
23261,29057,29058,5,0,0.035823803159308436
23262,29058,29059,4,1,0.33117054840223459
23263,29061,29062,5,0,0.12252455435130249
23264,29062,29063,2,0,0.2972428842754003
23265,29063,29064,5,0,0.15834168099674836
23266,29064,29065,4,0,0.44792283362554974
23267,29065,29066,4,0,0.080265463504120158
23268,29067,29068,2,0,0.037945215581492012
23269,29068,29069,1,0,0.2810348880570715
23270,29069,29070,2,0,0.076340049990580028
23271,29070,29071,1,0,0.16546978600435164
23272,29071,29072,4,0,0.099717407916180542
23273,29073,29074,1,0,0.45037600812871331
23274,29075,29076,2,0,0.11205550987116063
23275,29076,29077,2,0,0.19419687372686431
23276,29077,29078,3,0,0.24401466064165322
23277,29078,29079,5,0,0.53669715898698234
23278,29079,29080,3,0,0.1681197679307187
23279,29082,29083,1,0,0.3027672675157671
23280,29083,29084,4,0,0.069954227976343153
23281,29088,29089,5,0,0.083247652963402571
23282,29089,29090,1,0,0.12820423053332516
23283,29090,29091,3,0,0.22194476809713098
23284,29091,29092,1,1,0.29236551036506903
23285,29093,29094,1,0,0.037694145865037672
23286,29095,29096,5,1,0.10264586040747185
23287,29096,29097,2,0,0.15614853089185798
23288,29097,29098,5,0,0.039945807265091678
23289,29098,29099,2,0,0.16356473512321903
23290,29101,29102,2,0,0.079835363428208822
23291,29102,29103,4,0,0.21485363455817416
23292,29104,29105,5,0,0.12538723002446647
23293,29105,29106,4,1,0.5030065700475379
23294,29106,29107,3,0,0.20478280647712818
23295,29107,29108,2,0,0.47059434784930176
23296,29108,29109,3,1,0.37144121202075625
23297,29109,29110,1,1,0.78001920150294735
23298,29110,29111,3,0,0.11708156562235106
23299,29111,29112,3,0,0.20613463681206179
23300,29112,29113,3,0,0.045208797294990805
23301,29113,29114,5,1,0.21987569843610161
23302,29114,29115,3,1,0.15231805829594744
23303,29115,29116,4,1,0.88827310369088086
23304,29117,29118,4,0,0.12264740252264125
23305,29119,29120,5,0,0.32534364707565033
23306,29121,29122,1,0,0.57491258531598
23307,29122,29123,2,0,0.12259781793358955
23308,29124,29125,4,0,0.24684351934179843
23309,29125,29126,3,0,0.18990701577045935
23310,29126,29127,2,1,0.66211442410457888
23311,29127,29128,5,0,0.60567571275272158
23312,29128,29129,1,0,0.20640117562517549
23313,29130,29131,5,0,0
23314,29131,29132,2,0,0.23680550934323169
23315,29132,29133,4,1,0.20624789852877415
23316,29133,29134,1,0,0.076695457260649205
23317,29135,29136,3,0,0
23318,29136,29137,4,0,0.11352897049879143
23319,29137,29138,5,0,0.084800351955265349
23320,29138,29139,4,1,0.40225737599604944
23321,29140,29141,4,0,0.1448692587874007
23322,29143,29144,3,0,0.31597211430061439
23323,29147,29148,1,0,0.10389654871932472
23324,29148,29149,3,0,0.12191616728254301
23325,29149,29150,2,0,0.53526526746271885
23326,29152,29153,2,1,0.25712853051453949
23327,29153,29154,2,0,0.030030558737493711
23328,29154,29155,5,1,0.79779381665882088
23329,29155,29156,2,1,0.45127851219545806
23330,29157,29158,3,0,0.32899757392163287
23331,29158,29159,4,0,0.16382552749736518
23332,29160,29161,3,0,0.65306665230409711
23333,29161,29162,4,1,0.46900611718861529
23334,29162,29163,4,0,0.41803681475788207
23335,29163,29164,4,1,0.22684850379439811
23336,29164,29165,3,0,0.06734513127600808
23337,29165,29166,3,0,0.031458244159675589
23338,29166,29167,2,0,0.03756854472024692
23339,29167,29168,5,1,0.12425195246630279
23340,29168,29169,2,0,0.16617102031358666
23341,29169,29170,4,1,0.5156806124957477
23342,29172,29173,3,0,0.27202743092672876
23343,29174,29175,4,0,0.15552420512333084
23344,29175,29176,5,0,0.07665521394813872
23345,29177,29178,2,0,0.37341502927610093
23346,29178,29179,2,0,0.082888381236497666
23347,29179,29180,4,1,0.19161692160929331
23348,29180,29181,2,1,0.64601577128685106
23349,29181,29182,4,0,0.16096791877984321
23350,29182,29183,3,0,0.20732562757172948
23351,29183,29184,5,0,0.099103729855550521
23352,29185,29186,5,0,0.41408546225658921
23353,29188,29189,5,0,0.038472802765406919
23354,29189,29190,1,1,0.39809454845155601
23355,29192,29193,5,1,0.07704122548211155
23356,29193,29194,4,1,0.18405168172085903
23357,29194,29195,5,0,0.081147509800444897
23358,29195,29196,2,0,0.50892625303424865
23359,29196,29197,1,0,0.12075912819427094
23360,29197,29198,5,0,0.098431293139620707
23361,29198,29199,5,0,0.04220910611417434
23362,29199,29200,2,0,0.41289494325800224
23363,29200,29201,2,0,0.3302535271188311
23364,29201,29202,5,1,0.63322197107881084
23365,29202,29203,5,1,0.15290914537759689
23366,29204,29205,4,0,0.16109714267176989
23367,29205,29206,4,0,0.39434173070897155
23368,29207,29208,1,0,0
23369,29208,29209,1,0,0.071298654843571202
23370,29209,29210,3,0,0.084939458946130281
23371,29210,29211,1,1,0.57302733633915914
23372,29212,29213,5,0,0.15502235688896221
23373,29213,29214,2,1,0.52734372918870398
23374,29215,29216,5,0,0.12541181082379382
23375,29216,29217,1,0,0.20463706380738336
23376,29217,29218,3,0,0.12375433537859727
23377,29218,29219,5,0,0.13757382041358318
23378,29219,29220,3,0,0.29655897438856482
23379,29220,29221,2,0,0.62506289787760172
23380,29222,29223,1,0,0.48175937532325824
23381,29223,29224,3,0,0.36119363297623386
23382,29224,29225,4,0,0.61831934862189564
23383,29225,29226,2,0,0.1196781329289041
23384,29227,29228,3,0,0.15416458222397761
23385,29228,29229,3,0,0.36199432613769683
23386,29229,29230,4,0,0.12215703491344354
23387,29230,29231,3,0,0.18202286759777478
23388,29231,29232,4,0,0.26183267742507599
23389,29232,29233,3,0,0.19434210873622038
23390,29233,29234,5,1,0.31195918830312397
23391,29234,29235,3,1,0.28163038814612146
23392,29235,29236,2,0,0.24548229485978706
23393,29236,29237,4,1,0.11505776254413366
23394,29237,29238,2,0,0.15480058461768637
23395,29238,29239,2,0,0.44365780954571765
23396,29239,29240,1,0,0.13196293495860725
23397,29240,29241,2,1,0.10863475731686592
23398,29241,29242,3,0,0.43024489667817845
23399,29243,29244,5,0,0.11749672413025819
23400,29244,29245,3,0,0.13265012060345158
23401,29247,29248,3,1,0.29307579526821154
23402,29249,29250,4,1,0.76935841892036616
23403,29250,29251,2,1,0.49749301695343673
23404,29251,29252,3,0,0.43944511164311162
23405,29252,29253,2,0,0.12236419877758102
23406,29254,29255,2,1,0.080426155814148928
23407,29256,29257,1,0,0.18379622058983427
23408,29257,29258,2,1,0.31701437056329068
23409,29258,29259,1,0,0.31656642815460029
23410,29261,29262,5,1,0.04320960126124869
23411,29263,29264,5,0,0.4517333541402388
23412,29264,29265,2,0,0.0767821222867556
23413,29265,29266,2,0,0
23414,29266,29267,2,0,0.081304645857060834
23415,29267,29268,1,0,0.25337247294607435
23416,29268,29269,5,1,0.76136054234053452
23417,29269,29270,3,0,0.10490963656772598
23418,29270,29271,4,1,0.16666067207193003
23419,29271,29272,4,0,0.077717844604464015
23420,29272,29273,1,0,0.14668240430286467
23421,29273,29274,5,0,0.42482725147886025
23422,29274,29275,2,0,0.12120658470335087
23423,29275,29276,2,0,0.31647757636038681
23424,29277,29278,4,0,0.073017723493895598
23425,29278,29279,5,1,0.076789310447832992
23426,29279,29280,4,0,0.19712554486998926
23427,29280,29281,2,0,0
23428,29281,29282,5,1,0.49243514194368382
23429,29282,29283,5,0,0.15885436780286294
23430,29283,29284,3,0,0.050074865141622259
23431,29284,29285,5,0,0.048290745201649311
23432,29285,29286,1,0,0.075912462727247915
23433,29286,29287,3,1,0.71812522658678057
23434,29288,29289,1,0,0.13379973649565555
23435,29290,29291,3,1,0.63990972650595401
23436,29292,29293,2,1,0.5575796198957087
23437,29293,29294,3,1,0.073368388286114875
23438,29294,29295,5,0,0.15351837215972883
23439,29296,29297,2,0,0.1291571134189187
23440,29297,29298,2,0,0.077950142203573131
23441,29298,29299,4,0,0.28537564206581761
23442,29299,29300,3,0,0.035370626958193804
23443,29301,29302,4,0,0.32471987044287948
23444,29302,29303,4,0,0.12453195204653467
23445,29304,29305,5,0,0.04520807022517636
23446,29305,29306,2,0,0.064262007393514592
23447,29306,29307,4,0,0.16307476968622808
23448,29307,29308,3,0,0
23449,29308,29309,5,0,0.12183662403089802
23450,29310,29311,3,0,0.16692601415098798
23451,29311,29312,3,1,0.30565000692028804
23452,29312,29313,3,1,0.82997392593372876
23453,29313,29314,3,0,0.33921798207004294
23454,29314,29315,5,0,0.22459087923770271
23455,29317,29318,1,0,0.23125796720049599
23456,29320,29321,3,0,0.077699643239545466
23457,29321,29322,1,0,0.22444697826980126
23458,29322,29323,5,0,0.64401277263238288
23459,29323,29324,2,0,0.051541169026857181
23460,29324,29325,1,0,0.072401809085666749
23461,29325,29326,4,0,0.19912659438821009
23462,29326,29327,4,0,0.035417810338756503
23463,29328,29329,4,0,0.083364254974647861
23464,29329,29330,4,1,0.19351565135075613
23465,29330,29331,4,0,0.052322819026109593
23466,29332,29333,1,0,0
23467,29333,29334,5,0,0.18962187029010599
23468,29334,29335,5,0,0.041690347032143069
23469,29335,29336,3,0,0
23470,29336,29337,1,0,0.24313295588233758
23471,29337,29338,4,0,0.14177365020277757
23472,29338,29339,2,1,0.76921395315625873
23473,29339,29340,3,0,0.53698200182526235
23474,29340,29341,2,0,0.16023628055023376
23475,29341,29342,5,0,0.44385910337703999
23476,29342,29343,1,1,0.59923652749590639
23477,29343,29344,5,0,0.12292752718842069
23478,29344,29345,4,0,0.15560178668237162
23479,29345,29346,5,1,0.33226012050379111
23480,29347,29348,1,0,0.539571753275641
23481,29348,29349,5,0,0.032037376873731191
23482,29349,29350,4,0,0.089259253512287015
23483,29350,29351,4,0,0.037252963997846111
23484,29351,29352,1,0,0.089106440424788352
23485,29352,29353,4,1,0.21065911805731724
23486,29353,29354,1,0,0.14561389174760825
23487,29354,29355,2,1,0.22061693321863107
23488,29355,29356,2,1,0.27403076800877046
23489,29356,29357,4,1,0.60996876448515791
23490,29357,29358,5,0,0.43371310488514886
23491,29358,29359,4,0,0.036959446377463206
23492,29359,29360,1,0,0.24714305599688355
23493,29360,29361,5,1,0.34755569569751327
23494,29361,29362,1,0,0.15429400119526154
23495,29362,29363,5,0,0.064672744887442776
23496,29365,29366,2,0,0.19208547011848703
23497,29366,29367,1,1,0.82058971248664381
23498,29367,29368,4,0,0.15583959397115493
23499,29368,29369,3,0,0.27229515017416028
23500,29369,29370,5,0,0.081974443677496442
23501,29370,29371,2,0,0.12408423729292473
23502,29372,29373,5,0,0.15910616565466174
23503,29373,29374,3,0,0
23504,29374,29375,3,0,0.29070717950898356
23505,29375,29376,2,0,0.31035035714635251
23506,29376,29377,3,1,0.051600666398317799
23507,29378,29379,1,1,0.34325166629820147
23508,29379,29380,4,0,0.14041720671603261
23509,29380,29381,3,0,0.41186140568544388
23510,29381,29382,4,0,0.12796900307178213
23511,29384,29385,4,0,0
23512,29385,29386,2,0,0.12740843717285161
23513,29386,29387,3,0,0.22797062536824991
23514,29387,29388,5,0,0.10727865132753914
23515,29388,29389,3,0,0.058583919694628075
23516,29389,29390,1,0,0.35604743408151057
23517,29392,29393,3,0,0.078552005367987981
23518,29393,29394,5,0,0.03725619167045769
23519,29394,29395,1,0,0.03645855230189407
23520,29395,29396,1,0,0.033400453262616557
23521,29396,29397,4,0,0.15729213497907391
23522,29397,29398,3,0,0.24099776515262319
23523,29398,29399,1,0,0.31548736148728779
23524,29400,29401,3,0,0.15076357138772936
23525,29401,29402,3,0,0.078567847551516842
23526,29402,29403,4,0,0.12661360967330917
23527,29403,29404,1,0,0.14358354240026561
23528,29404,29405,1,0,0.072972346599758417
23529,29405,29406,1,0,0.21251678681461392
23530,29406,29407,4,0,0.11290971873615409
23531,29407,29408,4,0,0.0989499786398986
23532,29408,29409,2,1,0.52489789946634213
23533,29409,29410,5,0,0.20743733618690607
23534,29410,29411,2,0,0.03669421962097822
23535,29411,29412,5,0,0.28374165254540562
23536,29412,29413,4,0,0.47834401567464879
23537,29414,29415,2,0,0.12830483422483618
23538,29415,29416,1,0,0.16064906485493163
23539,29416,29417,1,0,0.25773204444566039
23540,29417,29418,3,0,0.25121230806030925
23541,29418,29419,5,1,0.792845580122155
23542,29419,29420,5,0,0.16704025222727123
23543,29420,29421,4,0,0.061460800471647807
23544,29421,29422,3,0,0.081236517331303007
23545,29422,29423,5,0,0.077353088467450024
23546,29423,29424,4,0,0.040855669368194909
23547,29424,29425,2,0,0.14482528894483315
23548,29425,29426,2,0,0.20378307633672879
23549,29426,29427,4,0,0.096492502003559105
23550,29427,29428,1,1,0.55469529375137672
23551,29430,29431,1,0,0.07574158999844878
23552,29431,29432,1,0,0.21191087609582157
23553,29432,29433,4,0,0.45055786025709066
23554,29433,29434,5,0,0.077625841147367577
23555,29435,29436,3,0,0.14683072273126677
23556,29436,29437,5,1,0.49202905642237305
23557,29438,29439,4,0,0.11997379683429985
23558,29439,29440,1,0,0.11123328696854587
23559,29440,29441,3,0,0.075311305886593696
23560,29442,29443,3,0,0.11035902076152058
23561,29443,29444,3,0,0.078051832037885294
23562,29444,29445,1,1,0.19215213016543867
23563,29445,29446,5,0,0.067332501824356558
23564,29446,29447,4,0,0.16752556016225806
23565,29447,29448,5,1,0.29414391810935125
23566,29449,29450,2,0,0.19649284132096448
23567,29451,29452,1,1,0.64792691185273343
23568,29452,29453,1,1,0.21980498607450896
23569,29453,29454,4,0,0.13768413723613515
23570,29456,29457,3,0,0.15229721429107612
23571,29457,29458,2,0,0.116772756723021
23572,29458,29459,2,0,0.11202740481339653
23573,29459,29460,2,0,0.40176209438256838
23574,29460,29461,3,0,0.1521443112599169
23575,29461,29462,5,0,0.11004825096245043
23576,29462,29463,4,0,0.073786683944848191
23577,29463,29464,4,0,0.25174948767898064
23578,29464,29465,4,1,0.14853223299185192
23579,29465,29466,1,0,0.14100640991542268
23580,29469,29470,5,0,0.08141240351553812
23581,29470,29471,4,0,0.32606427537070026
23582,29471,29472,2,0,0
23583,29472,29473,3,0,0.037076287722890441
23584,29473,29474,2,0,0.45283433510263965
23585,29474,29475,4,0,0.046560382127232049
23586,29475,29476,4,0,0.13732670124449489
23587,29476,29477,2,0,0.14674379309496458
23588,29477,29478,3,1,0.76298295104408487
23589,29478,29479,1,0,0.39784364290559215
23590,29479,29480,1,0,0.15361790614140708
23591,29481,29482,2,0,0.18825153486310098
23592,29482,29483,3,0,0.16508267639842183
23593,29484,29485,2,0,0.1140700133016862
23594,29485,29486,5,1,0.25003724249445963
23595,29486,29487,5,0,0.11204191950216676
23596,29487,29488,1,0,0.24334413958867354
23597,29488,29489,5,0,0.2099143335920689
23598,29490,29491,2,0,0.12304616156105203
23599,29492,29493,1,0,0.18702669301247393
23600,29493,29494,4,0,0.83106842242128875
23601,29494,29495,5,0,0
23602,29496,29497,2,0,0.12109529315002082
23603,29497,29498,2,1,0.60148491168418439
23604,29498,29499,5,0,0.29720826152001301
23605,29499,29500,4,0,0.043094914383908521
23606,29500,29501,3,1,0.85992848571919889
23607,29501,29502,2,0,0.19539573624529916
23608,29502,29503,4,0,0.063086986944279097
23609,29503,29504,3,1,0.54590818083136605
23610,29504,29505,3,0,0.67964859380189924
23611,29505,29506,4,0,0.25693245405486659
23612,29506,29507,3,0,0.21107053565103523
23613,29507,29508,5,0,0.29472097439460287
23614,29508,29509,2,0,0.16082285705976282
23615,29509,29510,4,0,0.28126830836229333
23616,29510,29511,1,0,0.2071404890894305
23617,29511,29512,1,1,0.32905320763696061
23618,29515,29516,4,1,0.20356192943350052
23619,29516,29517,3,1,0.28221720879555467
23620,29517,29518,3,0,0.135258624446912
23621,29518,29519,5,1,0.15082509731625884
23622,29519,29520,3,0,0.077117782067225929
23623,29521,29522,5,0,0.32060837741702503
23624,29522,29523,5,0,0.10137123577196938
23625,29523,29524,3,1,0.82288646939263832
23626,29525,29526,5,0,0.083098943961397748
23627,29528,29529,3,0,0.23982746369766939
23628,29529,29530,4,0,0.15594514739819046
23629,29531,29532,5,1,0.57010220379584176
23630,29533,29534,1,0,0.15772487017717468
23631,29534,29535,2,0,0.16967210702861285
23632,29535,29536,5,0,0.69150948462383655
23633,29536,29537,2,0,0.11393768786622195
23634,29537,29538,1,1,0.25880116685189419
23635,29538,29539,4,0,0.74528230073157375
23636,29539,29540,4,0,0.12807952628376434
23637,29541,29542,2,0,0.44143224266697306
23638,29542,29543,1,0,0.16225349726014043
23639,29543,29544,1,0,0.034342354784156932
23640,29544,29545,4,0,0.3318317598607301
23641,29547,29548,2,0,0.17635015725956862
23642,29548,29549,3,1,0.4108586534847733
23643,29550,29551,1,0,0.69064336236312696
23644,29551,29552,5,0,0.18855848487240737
23645,29552,29553,5,0,0
23646,29553,29554,2,0,0.12570276439914788
23647,29554,29555,3,1,0.18819071174647445
23648,29555,29556,3,0,0.074596785311218383
23649,29556,29557,4,1,0.82573513754810013
23650,29557,29558,5,1,0.15745700170636634
23651,29558,29559,3,0,0.16434563789883685
23652,29559,29560,1,0,0.10213053989010595
23653,29560,29561,2,0,0.38293698116778563
23654,29561,29562,2,0,0.56950373692598899
23655,29563,29564,5,0,0.20507576921520765
23656,29564,29565,2,0,0.25014631252581698
23657,29565,29566,4,0,0.10525962062599657
23658,29566,29567,2,0,0.10009464431097705
23659,29567,29568,4,0,0.17355093945539157
23660,29569,29570,5,1,0.44188077449413571
23661,29571,29572,3,0,0.15478717062346597
23662,29572,29573,1,1,0.29795117167558999
23663,29573,29574,4,0,0.52681310809979154
23664,29574,29575,1,0,0.17938223417288091
23665,29575,29576,2,1,0.67378266524746178
23666,29578,29579,2,0,0.039191725173581833
23667,29579,29580,3,1,0.82810235363432605
23668,29582,29583,3,0,0.29229030381597115
23669,29584,29585,2,1,0.040405738571925094
23670,29585,29586,3,1,0.2519123841932065
23671,29586,29587,2,0,0.046814388986086641
23672,29587,29588,5,0,0.24070364850792217
23673,29588,29589,3,0,0.11957791257717526
23674,29589,29590,3,0,0.13658505733072313
23675,29590,29591,1,1,0.58317321622855278
23676,29591,29592,5,0,0.3030104546670726
23677,29592,29593,3,0,0.24260756619648141
23678,29593,29594,4,0,0.22942370146942975
23679,29594,29595,4,1,0.080871361303869252
23680,29595,29596,3,0,0.034654667127566707
23681,29600,29601,3,0,0.0744111705273061
23682,29601,29602,1,0,0.046996562928920529
23683,29602,29603,4,0,0.12650602708021419
23684,29603,29604,3,0,0.70147780110385416
23685,29604,29605,3,0,0.15761917865565797
23686,29605,29606,4,0,0.16365951081760499
23687,29606,29607,2,1,0.42700172799038683
23688,29607,29608,2,0,0.29477719740254371
23689,29608,29609,1,1,0.44382363777254219
23690,29609,29610,1,1,0.27398507186610549
23691,29610,29611,4,0,0.23983764509449748
23692,29611,29612,5,1,0.15598874127637913
23693,29612,29613,4,1,0.6091831419066368
23694,29613,29614,2,0,0.19271227895638574
23695,29614,29615,5,1,0.76007955853078646
23696,29617,29618,2,0,0.31554795129280327
23697,29619,29620,2,1,0.46917347415896649
23698,29620,29621,3,0,0.35470865908203209
23699,29621,29622,2,0,0.29753983975814491
23700,29622,29623,1,1,0.73544993823668148
23701,29623,29624,2,0,0.12442988356201329
23702,29624,29625,3,0,0.23514036910913891
23703,29625,29626,5,0,0.26534130305578751
23704,29626,29627,4,0,0.16723753400651639
23705,29627,29628,1,0,0.13778386436163351
23706,29629,29630,4,0,0.116778089432213
23707,29630,29631,3,0,0.087899557136078998
23708,29632,29633,2,0,0.12227655781908264
23709,29633,29634,5,0,0.26581722501713867
23710,29636,29637,2,0,0.37473756451078166
23711,29637,29638,5,0,0.28683381035310296
23712,29638,29639,1,1,0.057017356139690251
23713,29639,29640,4,0,0.28765226455756454
23714,29640,29641,1,1,0.27095998586241993
23715,29642,29643,2,1,0.7083267924370874
23716,29643,29644,4,1,0.72708633637436704
23717,29644,29645,4,0,0.31021289613361025
23718,29645,29646,5,0,0.1090959674140133
23719,29646,29647,5,0,0.1592324341288836
23720,29647,29648,4,0,0.043497632933755533
23721,29648,29649,2,0,0.25168357217184656
23722,29650,29651,5,1,0.40869667164399248
23723,29653,29654,2,0,0.1376802930879458
23724,29654,29655,4,1,0.14648679643482415
23725,29655,29656,3,0,0.037534206111785554
23726,29656,29657,3,0,0.29024027288444748
23727,29657,29658,5,1,0.25607600613361547
23728,29658,29659,4,0,0.16606415288645845
23729,29659,29660,5,0,0.24372177506986703
23730,29660,29661,2,0,0.12895699655701545
23731,29661,29662,5,0,0.049136431066102632
23732,29662,29663,4,0,0.025815832329777612
23733,29663,29664,5,0,0.095432597574397537
23734,29665,29666,3,0,0.72836472542161179
23735,29666,29667,5,0,0
23736,29667,29668,1,1,0.59908937133311435
23737,29668,29669,2,1,0.64277441619755638
23738,29671,29672,1,0,0.14599104884848121
23739,29672,29673,5,0,0.26216805419800926
23740,29673,29674,3,0,0.036645474836578741
23741,29674,29675,1,0,0.12620065483517207
23742,29676,29677,1,0,0.12075520602499962
23743,29677,29678,3,0,0.15725055772440424
23744,29678,29679,5,1,0.57612374878124895
23745,29679,29680,4,0,0.11347656426954927
23746,29682,29683,1,0,0.10232182745524611
23747,29683,29684,3,0,0.15794498712350086
23748,29684,29685,2,0,0.22183851795148252
23749,29685,29686,1,1,0.23561401850004865
23750,29686,29687,5,0,0.091694032085481159
23751,29687,29688,5,1,0.65632532757302642
23752,29688,29689,2,0,0.79741316491086156
23753,29691,29692,4,0,0.10964062661002449
23754,29692,29693,1,0,0.11226096366725395
23755,29693,29694,5,0,0.092529845569901431
23756,29694,29695,5,0,0.064110293705302704
23757,29696,29697,4,0,0.071226011107086776
23758,29697,29698,1,0,0.27231805608524162
23759,29698,29699,5,0,0.17849040036224825
23760,29699,29700,1,0,0.1656608050311702
23761,29700,29701,2,1,0.53818246367351008
23762,29701,29702,4,1,0.71921540550019114
23763,29702,29703,5,0,0.1159595023267153
23764,29703,29704,5,0,0.075422669873492248
23765,29705,29706,2,0,0.4431020377787202
23766,29706,29707,2,0,0.036769211355880217
23767,29707,29708,3,0,0.44066497749124822
23768,29708,29709,4,0,0.50770836925250407
23769,29709,29710,5,1,0.35467861786137211
23770,29710,29711,3,0,0
23771,29711,29712,4,0,0.47555558185906377
23772,29712,29713,2,0,0.079657800989996252
23773,29713,29714,3,0,0.11434193912276253
23774,29714,29715,5,0,0.20578436943551229
23775,29715,29716,3,1,0.46805848016854318
23776,29716,29717,4,1,0.45384637212138229
23777,29719,29720,2,0,0.15837586011977636
23778,29721,29722,1,0,0.13965657916547011
23779,29722,29723,2,0,0.10245057502233443
23780,29723,29724,1,1,0.81521332043606232
23781,29724,29725,5,0,0.039747545625375261
23782,29725,29726,4,0,0.046980811024440738
23783,29727,29728,1,0,0.25234055146905859
23784,29728,29729,3,1,0.10711492230142111
23785,29729,29730,4,0,0.042045611356757592
23786,29730,29731,4,0,0.077272358011445497
23787,29731,29732,4,1,0.2235135097779947
23788,29732,29733,1,0,0.50913538397455882
23789,29733,29734,2,0,0.13159776407485613
23790,29734,29735,2,1,0.07995109500069851
23791,29735,29736,2,1,0.70478162369831554
23792,29738,29739,1,0,0.19000476373991851
23793,29739,29740,1,0,0.14875945833192239
23794,29740,29741,5,0,0.036071969579344595
23795,29741,29742,1,0,0.17374472015869097
23796,29742,29743,4,0,0.18136315997538985
23797,29743,29744,3,0,0.086681923271708761
23798,29744,29745,3,1,0.71309674712848481
23799,29745,29746,5,0,0.20000454115370472
23800,29746,29747,1,1,0.1580745561740306
23801,29747,29748,4,1,0.76240771485237047
23802,29748,29749,2,0,0.12034675807468143
23803,29749,29750,1,0,0.098902399727144374
23804,29750,29751,5,0,0.24382838335990165
23805,29751,29752,1,0,0.19914655826101707
23806,29752,29753,5,0,0.30908060572535273
23807,29753,29754,1,0,0.080218883722673814
23808,29755,29756,4,0,0.57412603933122996
23809,29758,29759,1,0,0.35451478258200053
23810,29759,29760,3,0,0.48767076816892407
23811,29760,29761,1,1,0.048793750777630276
23812,29761,29762,3,0,0
23813,29762,29763,4,0,0.14574357443922623
23814,29763,29764,3,0,0.33056326688452209
23815,29764,29765,3,0,0.17675384066513042
23816,29765,29766,1,0,0.3199109467192417
23817,29767,29768,2,0,0.11202296011209929
23818,29768,29769,3,0,0.23410014815692362
23819,29769,29770,4,0,0.20977625397594768
23820,29771,29772,3,1,0.51294357336413487
23821,29773,29774,2,0,0.11803278028148105
23822,29774,29775,2,1,0.09222741207890775
23823,29775,29776,4,0,0.30462467116944814
23824,29776,29777,5,0,0.14543120265464071
23825,29777,29778,2,1,0.084870384462111204
23826,29778,29779,3,1,0.36723622628467317
23827,29779,29780,1,0,0.11715699394769623
23828,29781,29782,2,0,0.19804747048002286
23829,29782,29783,5,0,0.2322703086827764
23830,29783,29784,5,0,0.390100195830548
23831,29784,29785,1,0,0.069069838188998187
23832,29785,29786,3,1,0.59444377317843133
23833,29786,29787,3,0,0.19443391884697525
23834,29787,29788,5,0,0.45666763322629733
23835,29789,29790,5,0,0.12264083186427321
23836,29791,29792,3,0,0.050972622778673551
23837,29792,29793,1,0,0.034577462019111806
23838,29793,29794,2,1,0.24533822843938793
23839,29794,29795,5,0,0.070634138577494163
23840,29795,29796,4,0,0.17060924621923629
23841,29796,29797,4,0,0.15575240983150143
23842,29797,29798,4,0,0.17816468883636755
23843,29798,29799,1,0,0.0740787945111544
23844,29799,29800,1,1,0.85420924507805207
23845,29800,29801,1,0,0.078556701170809318
23846,29801,29802,1,0,0.6911444817072836
23847,29802,29803,2,0,0.18453886528861091
23848,29803,29804,5,0,0.065013450945907672
23849,29804,29805,2,1,0.53959011522279887
23850,29805,29806,3,0,0.24840362390451379
23851,29806,29807,3,0,0.21732266554518986
23852,29807,29808,1,0,0.18277136226535029
23853,29808,29809,3,1,0
23854,29809,29810,1,1,0.51591576028100583
23855,29810,29811,5,0,0.17167118690529415
23856,29811,29812,3,0,0.19228234535178304
23857,29812,29813,2,0,0.078583973240867841
23858,29814,29815,3,0,0.62740823010141611
23859,29816,29817,2,0,0.59859472084039156
23860,29817,29818,3,1,0.72745786460287332
23861,29818,29819,1,0,0.27042823779617142
23862,29819,29820,3,1,0.18467922348499735
23863,29820,29821,2,0,0.16026724078162816
23864,29821,29822,2,0,0
23865,29823,29824,1,1,0.99999772734520176
23866,29824,29825,4,1,0.57588303124069651
23867,29825,29826,2,0,0.22152794026020356
23868,29826,29827,4,0,0.077331094280095436
23869,29827,29828,4,1,0.40695467189446377
23870,29828,29829,4,1,0.47077630788626607
23871,29829,29830,4,0,0.19200167193138568
23872,29830,29831,2,1,0.43192796472980327
23873,29831,29832,1,0,0.14968768430854171
23874,29832,29833,4,0,0.23457456797864065
23875,29833,29834,2,1,0.19653006023790134
23876,29834,29835,5,0,0.23057848694205837
23877,29835,29836,5,0,0.14957840552106683
23878,29836,29837,4,0,0.12252112721097078
23879,29839,29840,2,0,0.040873466583700821
23880,29843,29844,2,1,0.59387425427395524
23881,29845,29846,5,1,0.5244655923455348
23882,29846,29847,1,0,0.15068988547225493
23883,29847,29848,2,0,0.080630646374222861
23884,29848,29849,3,1,0.84058469190506357
23885,29849,29850,1,0,0.12427702847701308
23886,29851,29852,5,0,0.038094762850919436
23887,29852,29853,5,0,0.070311862712849157
23888,29853,29854,3,1,0.20051335499810238
23889,29854,29855,1,0,0.07557371322079974
23890,29855,29856,2,0,0.43339842732698031
23891,29856,29857,5,0,0
23892,29857,29858,2,0,0.23085930416171618
23893,29859,29860,1,1,0.16031818358262845
23894,29860,29861,5,0,0.033946009205282762
23895,29861,29862,5,0,0.33401325877497207
23896,29862,29863,2,1,0.15510621088108095
23897,29863,29864,4,0,0.10885012361063415
23898,29864,29865,1,0,0.17403237474405139
23899,29865,29866,1,1,0.37396775706483909
23900,29866,29867,3,1,0.60250807930285777
23901,29868,29869,5,0,0
23902,29869,29870,5,0,0.24573746206738267
23903,29870,29871,2,1,0.24176915171261554
23904,29871,29872,5,0,0.19764664479685706
23905,29872,29873,4,0,0.048864665154873047
23906,29873,29874,4,0,0.25775323664389471
23907,29874,29875,3,1,0.071409984354385281
23908,29875,29876,5,0,0.074910129106031842
23909,29876,29877,4,0,0.15083792497407181
23910,29877,29878,2,0,0.035692819894118356
23911,29878,29879,2,1,0.074495523787129814
23912,29880,29881,1,1,0.20389756456416075
23913,29881,29882,2,0,0.11745527322976407
23914,29882,29883,5,0,0.15922926444997668
23915,29883,29884,2,0,0.23780197111194021
23916,29884,29885,2,0,0.082009718399266976
23917,29885,29886,3,1,0.056520811952226399
23918,29886,29887,3,0,0
23919,29887,29888,5,0,0.083351957145890374
23920,29888,29889,1,0,0.072284857629629801
23921,29889,29890,3,0,0.082565569668111918
23922,29890,29891,2,0,0.21167261751069549
23923,29891,29892,4,0,0.15986341845915936
23924,29892,29893,4,0,0.26597903625885183
23925,29893,29894,2,0,0.11683766607781375
23926,29894,29895,5,1,0.11688225650147215
23927,29896,29897,4,1,0.67966302815936808
23928,29897,29898,4,1,0.065889942000111335
23929,29898,29899,1,0,0.3532906311713303
23930,29901,29902,3,0,0.40661357248771357
23931,29902,29903,5,0,0.058517773389104896
23932,29904,29905,5,1,0.089818574350251895
23933,29906,29907,5,0,0.11832808106043369
23934,29907,29908,2,1,0.43812067588128201
23935,29908,29909,5,1,0.21564469097885364
23936,29909,29910,2,0,0.22256311020288574
23937,29910,29911,2,0,0.26500719457262362
23938,29911,29912,3,1,0.10757480470677538
23939,29913,29914,4,0,0
23940,29914,29915,4,0,0
23941,29917,29918,3,1,0.57533380284447599
23942,29919,29920,1,1,0.30896652760363624
23943,29920,29921,2,1,0.75211692670988739
23944,29921,29922,1,1,0.10683226546648848
23945,29922,29923,5,0,0.22432166525816921
23946,29923,29924,2,0,0.14945944928941302
23947,29924,29925,2,0,0.24373458594059796
23948,29925,29926,1,0,0
23949,29926,29927,2,0,0.51981361319403674
23950,29927,29928,2,0,0.15610194746488157
23951,29928,29929,5,0,0.38024577632806061
23952,29929,29930,3,1,0.13880511097046072
23953,29930,29931,4,0,0.59373481238926451
23954,29932,29933,3,1,0.29684707431280349
23955,29934,29935,2,0,0.12003110890056748
23956,29936,29937,3,0,0.11378200371543352
23957,29937,29938,3,0,0.14961795178163342
23958,29938,29939,3,0,0.56509436525861556
23959,29940,29941,3,0,0.40977972576253341
23960,29941,29942,4,0,0.31587352667725926
23961,29942,29943,4,1,0.14013307733985805
23962,29943,29944,1,0,0.037796895014690308
23963,29947,29948,2,0,0.32817280945181493
23964,29948,29949,4,0,0.085629336959260713
23965,29949,29950,1,0,0
23966,29950,29951,1,0,0.27920290242299567
23967,29951,29952,1,0,0.13394536112034461
23968,29952,29953,1,0,0.20016827806804252
23969,29953,29954,1,0,0.10668878716019352
23970,29954,29955,4,0,0.076716342630028481
23971,29955,29956,4,0,0.16298148811701471
23972,29956,29957,4,0,0.15764745325814114
23973,29957,29958,1,0,0.12777291357634063
23974,29960,29961,5,0,0.24823261845239999
23975,29961,29962,4,0,0.17184187000911541
23976,29962,29963,5,0,0.54381142647181202
23977,29964,29965,5,0,0.079115548294535418
23978,29965,29966,4,0,0.11724218795917414
23979,29966,29967,5,1,0.15583711370236961
23980,29971,29972,1,0,0.14391219363696731
23981,29973,29974,1,1,0.21593086168323233
23982,29974,29975,3,1,0.43595333178772044
23983,29975,29976,4,0,0.20099844258114707
23984,29978,29979,4,0,0.042890773072869683
23985,29979,29980,5,0,0.17143056329902076
23986,29980,29981,4,0,0.13371769631430946
23987,29981,29982,1,0,0.64108991484052946
23988,29983,29984,4,0,0.14926183693199924
23989,29984,29985,5,0,0.13275754405283344
23990,29986,29987,4,0,0.29698068140310968
23991,29987,29988,5,0,0
23992,29989,29990,5,0,0.18918983059659525
23993,29990,29991,3,0,0.12783821970772394
23994,29991,29992,4,1,0.80809144540480737
23995,29992,29993,3,0,0.31235581599589363
23996,29995,29996,5,0,0.24414844147767142
23997,29997,29998,5,1,0.6441756977008477
23998,29998,29999,5,1,0.1960268875634463
23999,29999,30000,1,1,0.1232376203958072
